Batch Id,batch_num_tokens,batch_num_prefill_tokens,batch_num_decode_tokens,batch_size,batch_num_completed_prefills,batch_execution_time,kv_free_blocks_before,kv_free_blocks_after,batch_request_ids,num_requests_not_selected,num_requests_initiated_not_completed,num_decode_phase_total,num_prefill_queue_total,num_not_initiated_in_queue,total_requests_batch_start,replica
82,2,0,2,2,0,0.007717,29287,29287,0;1,0,2,2,0,0,2,1
84,2,0,2,2,0,0.007717,29287,29287,0;1,0,2,2,0,0,2,1
85,2,0,2,2,0,0.007717,29287,29287,0;1,0,2,2,0,0,2,1
86,2,0,2,2,0,0.007717,29287,29287,0;1,0,2,2,0,0,2,1
87,2,0,2,2,0,0.007717,29287,29287,0;1,0,2,2,0,0,2,1
88,2,0,2,2,0,0.007717,29287,29287,0;1,0,2,2,0,0,2,1
89,2,0,2,2,0,0.007717,29282,29282,0;1,0,2,2,0,0,2,1
90,2,0,2,2,0,0.007717,29282,29282,0;1,0,2,2,0,0,2,1
91,2,0,2,2,0,0.007717,29282,29282,0;1,0,2,2,0,0,2,1
92,2,0,2,2,0,0.007717,29282,29282,0;1,0,2,2,0,0,2,1
93,2,0,2,2,0,0.007717,29282,29282,0;1,0,2,2,0,0,2,1
94,2,0,2,2,0,0.007717,29282,29282,0;1,0,2,2,0,0,2,1
95,2,0,2,2,0,0.007717,29282,29282,0;1,0,2,2,0,0,2,1
96,2,0,2,2,0,0.007717,29282,29282,0;1,0,2,2,0,0,2,1
97,2,0,2,2,0,0.007717,29282,29282,0;1,0,2,2,0,0,2,1
98,2,0,2,2,0,0.007717,29282,29282,0;1,0,2,2,0,0,2,1
99,2,0,2,2,0,0.007717,29277,29277,0;1,0,2,2,0,0,2,1
100,2,0,2,2,0,0.007717,29277,29277,0;1,0,2,2,0,0,2,1
101,512,510,2,3,0,0.022823,29241,29241,0;1;2,0,3,2,1,0,3,1
102,512,510,2,3,0,0.023321,29209,29209,0;1;2,0,3,2,1,0,3,1
103,512,510,2,3,0,0.023765,29177,29177,0;1;2,0,3,2,1,0,3,1
104,512,510,2,3,0,0.024244,29145,29145,0;1;2,0,3,2,1,0,3,1
105,512,510,2,3,0,0.024756,29113,29113,0;1;2,0,3,2,1,0,3,1
106,512,510,2,3,0,0.025179,29081,29081,0;1;2,0,3,2,1,0,3,1
107,512,510,2,3,0,0.025734,29049,29049,0;1;2,0,3,2,1,0,3,1
108,512,510,2,3,0,0.026197,29018,29018,0;1;2,0,3,2,1,0,3,1
109,512,510,2,3,0,0.026591,28986,28986,0;1;2,0,3,2,1,0,3,1
110,512,510,2,3,0,0.027096,28954,28954,0;1;2,0,3,2,1,0,3,1
111,512,510,2,3,0,0.027538,28922,28922,0;1;2,0,3,2,1,0,3,1
112,512,510,2,3,0,0.027858,28890,28890,0;1;2,0,3,2,1,0,3,1
113,512,510,2,3,0,0.028380,28858,28858,0;1;2,0,3,2,1,0,3,1
114,512,510,2,3,0,0.028763,28826,28826,0;1;2,0,3,2,1,0,3,1
115,98,96,2,3,1,0.010499,28820,28820,0;1;2,0,3,2,1,0,3,1
116,3,0,3,3,0,0.007769,28820,28820,0;1;2,0,3,3,0,0,3,1
117,3,0,3,3,0,0.007728,28820,28820,0;1;2,0,3,3,0,0,3,1
118,3,0,3,3,0,0.007728,28820,28820,0;1;2,0,3,3,0,0,3,1
119,3,0,3,3,0,0.007728,28820,28820,0;1;2,0,3,3,0,0,3,1
120,3,0,3,3,0,0.007728,28820,28820,0;1;2,0,3,3,0,0,3,1
121,3,0,3,3,0,0.007728,28820,28820,0;1;2,0,3,3,0,0,3,1
122,3,0,3,3,0,0.007728,28820,28820,0;1;2,0,3,3,0,0,3,1
123,3,0,3,3,0,0.007728,28820,28820,0;1;2,0,3,3,0,0,3,1
124,3,0,3,3,0,0.007728,28820,28820,0;1;2,0,3,3,0,0,3,1
125,3,0,3,3,0,0.007728,28820,28820,0;1;2,0,3,3,0,0,3,1
126,3,0,3,3,0,0.007728,28820,28820,0;1;2,0,3,3,0,0,3,1
127,3,0,3,3,0,0.007728,28820,28820,0;1;2,0,3,3,0,0,3,1
128,3,0,3,3,0,0.007728,28820,28820,0;1;2,0,3,3,0,0,3,1
129,3,0,3,3,0,0.007728,28820,28820,0;1;2,0,3,3,0,0,3,1
130,3,0,3,3,0,0.007728,28820,28820,0;1;2,0,3,3,0,0,3,1
131,3,0,3,3,0,0.007728,28820,28820,0;1;2,0,3,3,0,0,3,1
132,3,0,3,3,0,0.007728,28820,28820,0;1;2,0,3,3,0,0,3,1
133,3,0,3,3,0,0.007728,28820,28820,0;1;2,0,3,3,0,0,3,1
134,3,0,3,3,0,0.007728,28820,28820,0;1;2,0,3,3,0,0,3,1
135,3,0,3,3,0,0.007728,28820,28820,0;1;2,0,3,3,0,0,3,1
136,3,0,3,3,0,0.007728,28820,28820,0;1;2,0,3,3,0,0,3,1
137,3,0,3,3,0,0.007728,28820,28820,0;1;2,0,3,3,0,0,3,1
138,3,0,3,3,0,0.007728,28820,28820,0;1;2,0,3,3,0,0,3,1
139,3,0,3,3,0,0.007728,28820,28820,0;1;2,0,3,3,0,0,3,1
140,3,0,3,3,0,0.007728,28820,28820,0;1;2,0,3,3,0,0,3,1
141,3,0,3,3,0,0.007728,28820,28820,0;1;2,0,3,3,0,0,3,1
142,3,0,3,3,0,0.007728,28820,28820,0;1;2,0,3,3,0,0,3,1
143,3,0,3,3,0,0.007728,28820,28820,0;1;2,0,3,3,0,0,3,1
144,3,0,3,3,0,0.007728,28820,28820,0;1;2,0,3,3,0,0,3,1
145,3,0,3,3,0,0.007728,28820,28820,0;1;2,0,3,3,0,0,3,1
146,512,509,3,4,0,0.022879,28784,28784,0;1;2;3,0,4,3,1,0,4,1
147,512,509,3,4,0,0.023377,28752,28752,0;1;2;3,0,4,3,1,0,4,1
148,512,509,3,4,0,0.023821,28720,28720,0;1;2;3,1,4,3,2,0,5,1
149,512,509,3,4,0,0.024300,28688,28688,0;1;2;3,1,4,3,2,0,5,1
150,512,509,3,5,1,0.025009,28652,28652,0;1;2;3;4,0,5,3,2,0,5,1
151,512,508,4,5,0,0.023034,28620,28620,0;1;2;3;4,0,5,4,1,0,5,1
152,512,508,4,5,0,0.023442,28588,28588,0;1;2;3;4,0,5,4,1,0,5,1
153,512,508,4,5,0,0.024006,28556,28556,0;1;2;3;4,0,5,4,1,0,5,1
154,512,508,4,5,0,0.024463,28525,28525,0;1;2;3;4,0,5,4,1,0,5,1
155,512,508,4,5,0,0.024905,28493,28493,0;1;2;3;4,0,5,4,1,0,5,1
156,512,508,4,5,0,0.025415,28461,28461,0;1;2;3;4,0,5,4,1,0,5,1
157,512,508,4,5,0,0.025950,28429,28429,0;1;2;3;4,0,5,4,1,0,5,1
158,512,508,4,5,0,0.026349,28398,28398,0;1;2;3;4,0,5,4,1,0,5,1
159,512,508,4,5,0,0.026808,28366,28366,0;1;2;3;4,0,5,4,1,0,5,1
160,512,508,4,5,0,0.027236,28334,28334,0;1;2;3;4,0,5,4,1,0,5,1
161,512,508,4,5,0,0.027687,28302,28302,0;1;2;3;4,0,5,4,1,0,5,1
162,512,508,4,5,0,0.028053,28271,28271,0;1;2;3;4,0,5,4,1,0,5,1
163,413,409,4,5,1,0.022470,28245,28245,0;1;2;3;4,0,5,4,1,0,5,1
164,5,0,5,5,0,0.007817,28245,28245,0;1;2;3;4,0,5,5,0,0,5,1
165,5,0,5,5,0,0.007817,28245,28245,0;1;2;3;4,0,5,5,0,0,5,1
166,4,0,4,4,0,0.007770,28672,28672,0;1;2;3,0,4,4,0,0,4,1
167,4,0,4,4,0,0.007770,28672,28672,0;1;2;3,0,4,4,0,0,4,1
168,4,0,4,4,0,0.007770,28672,28672,0;1;2;3,0,4,4,0,0,4,1
169,4,0,4,4,0,0.007770,28667,28667,0;1;2;3,0,4,4,0,0,4,1
170,4,0,4,4,0,0.007770,28667,28667,0;1;2;3,0,4,4,0,0,4,1
171,4,0,4,4,0,0.007770,28667,28667,0;1;2;3,0,4,4,0,0,4,1
172,4,0,4,4,0,0.007770,28667,28667,0;1;2;3,0,4,4,0,0,4,1
173,4,0,4,4,0,0.007770,28667,28667,0;1;2;3,0,4,4,0,0,4,1
174,4,0,4,4,0,0.007770,28667,28667,0;1;2;3,0,4,4,0,0,4,1
175,4,0,4,4,0,0.007770,28667,28667,0;1;2;3,0,4,4,0,0,4,1
176,4,0,4,4,0,0.007770,28667,28667,0;1;2;3,0,4,4,0,0,4,1
177,4,0,4,4,0,0.007770,28667,28667,0;1;2;3,0,4,4,0,0,4,1
178,4,0,4,4,0,0.007770,28667,28667,0;1;2;3,0,4,4,0,0,4,1
179,4,0,4,4,0,0.007770,28662,28662,0;1;2;3,0,4,4,0,0,4,1
180,4,0,4,4,0,0.007770,28662,28662,0;1;2;3,0,4,4,0,0,4,1
181,4,0,4,4,0,0.007770,28662,28662,0;1;2;3,0,4,4,0,0,4,1
182,4,0,4,4,0,0.007770,28662,28662,0;1;2;3,0,4,4,0,0,4,1
183,4,0,4,4,0,0.007770,28662,28662,0;1;2;3,0,4,4,0,0,4,1
184,4,0,4,4,0,0.007770,28662,28662,0;1;2;3,0,4,4,0,0,4,1
185,4,0,4,4,0,0.007770,28662,28662,0;1;2;3,0,4,4,0,0,4,1
186,4,0,4,4,0,0.007770,28662,28662,0;1;2;3,0,4,4,0,0,4,1
187,4,0,4,4,0,0.007770,28662,28662,0;1;2;3,0,4,4,0,0,4,1
188,4,0,4,4,0,0.007770,28662,28662,0;1;2;3,0,4,4,0,0,4,1
189,4,0,4,4,0,0.007770,28662,28662,0;1;2;3,0,4,4,0,0,4,1
190,4,0,4,4,0,0.007770,28662,28662,0;1;2;3,0,4,4,0,0,4,1
191,4,0,4,4,0,0.007770,28657,28657,0;1;2;3,0,4,4,0,0,4,1
192,4,0,4,4,0,0.007770,28657,28657,0;1;2;3,0,4,4,0,0,4,1
193,4,0,4,4,0,0.007743,28657,28657,0;1;2;3,0,4,4,0,0,4,1
194,4,0,4,4,0,0.007743,28657,28657,0;1;2;3,0,4,4,0,0,4,1
195,4,0,4,4,0,0.007743,28657,28657,0;1;2;3,0,4,4,0,0,4,1
196,4,0,4,4,0,0.007743,28657,28657,0;1;2;3,0,4,4,0,0,4,1
197,4,0,4,4,0,0.007743,28657,28657,0;1;2;3,0,4,4,0,0,4,1
198,4,0,4,4,0,0.007743,28657,28657,0;1;2;3,0,4,4,0,0,4,1
199,4,0,4,4,0,0.007743,28657,28657,0;1;2;3,0,4,4,0,0,4,1
200,4,0,4,4,0,0.007743,28657,28657,0;1;2;3,0,4,4,0,0,4,1
201,4,0,4,4,0,0.007743,28657,28657,0;1;2;3,0,4,4,0,0,4,1
202,4,0,4,4,0,0.007743,28657,28657,0;1;2;3,0,4,4,0,0,4,1
203,4,0,4,4,0,0.007743,28657,28657,0;1;2;3,0,4,4,0,0,4,1
204,4,0,4,4,0,0.007743,28657,28657,0;1;2;3,0,4,4,0,0,4,1
205,4,0,4,4,0,0.007743,28657,28657,0;1;2;3,0,4,4,0,0,4,1
206,4,0,4,4,0,0.007743,28657,28657,0;1;2;3,0,4,4,0,0,4,1
207,4,0,4,4,0,0.007743,28657,28657,0;1;2;3,0,4,4,0,0,4,1
208,4,0,4,4,0,0.007743,28657,28657,0;1;2;3,0,4,4,0,0,4,1
209,4,0,4,4,0,0.007743,28657,28657,0;1;2;3,0,4,4,0,0,4,1
210,4,0,4,4,0,0.007743,28657,28657,0;1;2;3,0,4,4,0,0,4,1
211,4,0,4,4,0,0.007743,28657,28657,0;1;2;3,0,4,4,0,0,4,1
212,4,0,4,4,0,0.007743,28657,28657,0;1;2;3,0,4,4,0,0,4,1
213,4,0,4,4,0,0.007743,28657,28657,0;1;2;3,0,4,4,0,0,4,1
214,4,0,4,4,0,0.007743,28657,28657,0;1;2;3,0,4,4,0,0,4,1
215,4,0,4,4,0,0.007743,28657,28657,0;1;2;3,0,4,4,0,0,4,1
216,4,0,4,4,0,0.007743,28657,28657,0;1;2;3,0,4,4,0,0,4,1
217,4,0,4,4,0,0.007743,28657,28657,0;1;2;3,0,4,4,0,0,4,1
218,4,0,4,4,0,0.007743,28657,28657,0;1;2;3,0,4,4,0,0,4,1
219,4,0,4,4,0,0.007743,28657,28657,0;1;2;3,0,4,4,0,0,4,1
220,4,0,4,4,0,0.007743,28657,28657,0;1;2;3,0,4,4,0,0,4,1
221,4,0,4,4,0,0.007743,28657,28657,0;1;2;3,0,4,4,0,0,4,1
222,4,0,4,4,0,0.007743,28657,28657,0;1;2;3,0,4,4,0,0,4,1
223,4,0,4,4,0,0.007743,28657,28657,0;1;2;3,0,4,4,0,0,4,1
224,4,0,4,4,0,0.007743,28657,28657,0;1;2;3,0,4,4,0,0,4,1
225,4,0,4,4,0,0.007743,28657,28657,0;1;2;3,0,4,4,0,0,4,1
226,4,0,4,4,0,0.007743,28657,28657,0;1;2;3,0,4,4,0,0,4,1
227,4,0,4,4,0,0.007743,28657,28657,0;1;2;3,0,4,4,0,0,4,1
228,4,0,4,4,0,0.007743,28652,28652,0;1;2;3,0,4,4,0,0,4,1
229,4,0,4,4,0,0.007743,28652,28652,0;1;2;3,0,4,4,0,0,4,1
230,4,0,4,4,0,0.007743,28652,28652,0;1;2;3,0,4,4,0,0,4,1
231,4,0,4,4,0,0.007743,28652,28652,0;1;2;3,0,4,4,0,0,4,1
232,4,0,4,4,0,0.007743,28652,28652,0;1;2;3,0,4,4,0,0,4,1
233,4,0,4,4,0,0.007743,28652,28652,0;1;2;3,0,4,4,0,0,4,1
234,4,0,4,4,0,0.007743,28652,28652,0;1;2;3,0,4,4,0,0,4,1
235,4,0,4,4,0,0.007743,28652,28652,0;1;2;3,0,4,4,0,0,4,1
236,4,0,4,4,0,0.007743,28652,28652,0;1;2;3,0,4,4,0,0,4,1
237,4,0,4,4,0,0.007743,28652,28652,0;1;2;3,0,4,4,0,0,4,1
238,4,0,4,4,0,0.007743,28652,28652,0;1;2;3,0,4,4,0,0,4,1
239,4,0,4,4,0,0.007743,28652,28652,0;1;2;3,0,4,4,0,0,4,1
240,4,0,4,4,0,0.007743,28652,28652,0;1;2;3,0,4,4,0,0,4,1
241,4,0,4,4,0,0.007743,28652,28652,0;1;2;3,0,4,4,0,0,4,1
242,4,0,4,4,0,0.007743,28652,28652,0;1;2;3,0,4,4,0,0,4,1
243,4,0,4,4,0,0.007743,28652,28652,0;1;2;3,0,4,4,0,0,4,1
244,4,0,4,4,0,0.007743,28652,28652,0;1;2;3,0,4,4,0,0,4,1
245,4,0,4,4,0,0.007743,28652,28652,0;1;2;3,0,4,4,0,0,4,1
246,4,0,4,4,0,0.007743,28652,28652,0;1;2;3,0,4,4,0,0,4,1
247,4,0,4,4,0,0.007743,28652,28652,0;1;2;3,0,4,4,0,0,4,1
248,4,0,4,4,0,0.007743,28652,28652,0;1;2;3,0,4,4,0,0,4,1
249,4,0,4,4,0,0.007743,28647,28647,0;1;2;3,0,4,4,0,0,4,1
250,4,0,4,4,0,0.007743,28647,28647,0;1;2;3,0,4,4,0,0,4,1
251,4,0,4,4,0,0.007743,28647,28647,0;1;2;3,0,4,4,0,0,4,1
252,4,0,4,4,0,0.007743,28647,28647,0;1;2;3,0,4,4,0,0,4,1
253,4,0,4,4,0,0.007743,28647,28647,0;1;2;3,0,4,4,0,0,4,1
254,4,0,4,4,0,0.007743,28647,28647,0;1;2;3,0,4,4,0,0,4,1
255,4,0,4,4,0,0.007743,28647,28647,0;1;2;3,0,4,4,0,0,4,1
256,4,0,4,4,0,0.007743,28647,28647,0;1;2;3,0,4,4,0,0,4,1
257,4,0,4,4,0,0.007743,28647,28647,0;1;2;3,0,4,4,0,0,4,1
258,4,0,4,4,0,0.007743,28647,28647,0;1;2;3,0,4,4,0,0,4,1
259,4,0,4,4,0,0.007743,28642,28642,0;1;2;3,0,4,4,0,0,4,1
260,4,0,4,4,0,0.007743,28642,28642,0;1;2;3,0,4,4,0,0,4,1
261,4,0,4,4,0,0.007743,28642,28642,0;1;2;3,0,4,4,0,0,4,1
262,4,0,4,4,0,0.007743,28642,28642,0;1;2;3,0,4,4,0,0,4,1
263,4,0,4,4,0,0.007743,28642,28642,0;1;2;3,0,4,4,0,0,4,1
264,4,0,4,4,0,0.007743,28642,28642,0;1;2;3,0,4,4,0,0,4,1
265,4,0,4,4,0,0.007743,28642,28642,0;1;2;3,0,4,4,0,0,4,1
266,4,0,4,4,0,0.007743,28642,28642,0;1;2;3,0,4,4,0,0,4,1
267,4,0,4,4,0,0.007743,28642,28642,0;1;2;3,0,4,4,0,0,4,1
268,4,0,4,4,0,0.007743,28642,28642,0;1;2;3,0,4,4,0,0,4,1
269,4,0,4,4,0,0.007743,28642,28642,0;1;2;3,0,4,4,0,0,4,1
270,4,0,4,4,0,0.007743,28642,28642,0;1;2;3,0,4,4,0,0,4,1
271,4,0,4,4,0,0.007743,28637,28637,0;1;2;3,0,4,4,0,0,4,1
272,4,0,4,4,0,0.007743,28637,28637,0;1;2;3,0,4,4,0,0,4,1
273,4,0,4,4,0,0.007743,28637,28637,0;1;2;3,0,4,4,0,0,4,1
274,4,0,4,4,0,0.007743,28637,28637,0;1;2;3,0,4,4,0,0,4,1
275,4,0,4,4,0,0.007743,28637,28637,0;1;2;3,0,4,4,0,0,4,1
276,4,0,4,4,0,0.007743,28637,28637,0;1;2;3,0,4,4,0,0,4,1
277,4,0,4,4,0,0.007743,28637,28637,0;1;2;3,0,4,4,0,0,4,1
278,4,0,4,4,0,0.007743,28637,28637,0;1;2;3,0,4,4,0,0,4,1
279,4,0,4,4,0,0.007743,28637,28637,0;1;2;3,0,4,4,0,0,4,1
280,4,0,4,4,0,0.007743,28637,28637,0;1;2;3,0,4,4,0,0,4,1
281,4,0,4,4,0,0.007743,28637,28637,0;1;2;3,0,4,4,0,0,4,1
282,4,0,4,4,0,0.007743,28637,28637,0;1;2;3,0,4,4,0,0,4,1
283,4,0,4,4,0,0.007743,28637,28637,0;1;2;3,0,4,4,0,0,4,1
284,4,0,4,4,0,0.007743,28637,28637,0;1;2;3,0,4,4,0,0,4,1
285,4,0,4,4,0,0.007743,28637,28637,0;1;2;3,0,4,4,0,0,4,1
286,4,0,4,4,0,0.007743,28637,28637,0;1;2;3,0,4,4,0,0,4,1
287,4,0,4,4,0,0.007743,28637,28637,0;1;2;3,0,4,4,0,0,4,1
288,4,0,4,4,0,0.007743,28637,28637,0;1;2;3,0,4,4,0,0,4,1
289,4,0,4,4,0,0.007743,28637,28637,0;1;2;3,0,4,4,0,0,4,1
290,4,0,4,4,0,0.007743,28637,28637,0;1;2;3,0,4,4,0,0,4,1
291,4,0,4,4,0,0.007743,28637,28637,0;1;2;3,0,4,4,0,0,4,1
292,4,0,4,4,0,0.007743,28637,28637,0;1;2;3,0,4,4,0,0,4,1
293,4,0,4,4,0,0.007743,28637,28637,0;1;2;3,0,4,4,0,0,4,1
294,4,0,4,4,0,0.007743,28637,28637,0;1;2;3,0,4,4,0,0,4,1
295,4,0,4,4,0,0.007743,28637,28637,0;1;2;3,0,4,4,0,0,4,1
296,4,0,4,4,0,0.007743,28637,28637,0;1;2;3,0,4,4,0,0,4,1
297,4,0,4,4,0,0.007743,28637,28637,0;1;2;3,0,4,4,0,0,4,1
298,4,0,4,4,0,0.007743,28637,28637,0;1;2;3,0,4,4,0,0,4,1
299,4,0,4,4,0,0.007743,28637,28637,0;1;2;3,0,4,4,0,0,4,1
300,4,0,4,4,0,0.007743,28637,28637,0;1;2;3,0,4,4,0,0,4,1
301,4,0,4,4,0,0.007743,28637,28637,0;1;2;3,0,4,4,0,0,4,1
302,4,0,4,4,0,0.007743,28637,28637,0;1;2;3,0,4,4,0,0,4,1
303,4,0,4,4,0,0.007743,28637,28637,0;1;2;3,0,4,4,0,0,4,1
304,4,0,4,4,0,0.007743,28637,28637,0;1;2;3,0,4,4,0,0,4,1
305,4,0,4,4,0,0.007743,28637,28637,0;1;2;3,0,4,4,0,0,4,1
306,512,508,4,5,0,0.022914,28601,28601,0;1;2;3;5,0,5,4,1,0,5,1
307,512,508,4,5,0,0.023412,28569,28569,0;1;2;3;5,0,5,4,1,0,5,1
308,512,508,4,5,0,0.023856,28532,28532,0;1;2;3;5,0,5,4,1,0,5,1
309,512,508,4,5,0,0.024335,28501,28501,0;1;2;3;5,0,5,4,1,0,5,1
310,512,508,4,5,0,0.024847,28469,28469,0;1;2;3;5,0,5,4,1,0,5,1
311,512,508,4,5,0,0.025270,28437,28437,0;1;2;3;5,0,5,4,1,0,5,1
312,512,508,4,5,0,0.025825,28405,28405,0;1;2;3;5,0,5,4,1,0,5,1
313,512,508,4,5,0,0.026288,28374,28374,0;1;2;3;5,0,5,4,1,0,5,1
314,512,508,4,5,0,0.026682,28342,28342,0;1;2;3;5,0,5,4,1,0,5,1
315,266,262,4,5,1,0.016304,28325,28325,0;1;2;3;5,0,5,4,1,0,5,1
316,5,0,5,5,0,0.007775,28325,28325,0;1;2;3;5,0,5,5,0,0,5,1
317,5,0,5,5,0,0.007775,28325,28325,0;1;2;3;5,0,5,5,0,0,5,1
318,5,0,5,5,0,0.007775,28325,28325,0;1;2;3;5,0,5,5,0,0,5,1
319,5,0,5,5,0,0.007775,28325,28325,0;1;2;3;5,0,5,5,0,0,5,1
320,5,0,5,5,0,0.007775,28325,28325,0;1;2;3;5,0,5,5,0,0,5,1
321,5,0,5,5,0,0.007775,28325,28325,0;1;2;3;5,0,5,5,0,0,5,1
322,5,0,5,5,0,0.007775,28325,28325,0;1;2;3;5,0,5,5,0,0,5,1
323,5,0,5,5,0,0.007775,28325,28325,0;1;2;3;5,0,5,5,0,0,5,1
324,5,0,5,5,0,0.007775,28325,28325,0;1;2;3;5,0,5,5,0,0,5,1
325,5,0,5,5,0,0.007775,28325,28325,0;1;2;3;5,0,5,5,0,0,5,1
326,5,0,5,5,0,0.007781,28325,28325,0;1;2;3;5,0,5,5,0,0,5,1
327,5,0,5,5,0,0.007781,28325,28325,0;1;2;3;5,0,5,5,0,0,5,1
328,5,0,5,5,0,0.007781,28325,28325,0;1;2;3;5,0,5,5,0,0,5,1
329,5,0,5,5,0,0.007781,28320,28320,0;1;2;3;5,0,5,5,0,0,5,1
330,5,0,5,5,0,0.007781,28320,28320,0;1;2;3;5,0,5,5,0,0,5,1
331,5,0,5,5,0,0.007781,28320,28320,0;1;2;3;5,0,5,5,0,0,5,1
332,5,0,5,5,0,0.007781,28320,28320,0;1;2;3;5,0,5,5,0,0,5,1
333,5,0,5,5,0,0.007781,28320,28320,0;1;2;3;5,0,5,5,0,0,5,1
334,5,0,5,5,0,0.007781,28320,28320,0;1;2;3;5,0,5,5,0,0,5,1
335,5,0,5,5,0,0.007781,28320,28320,0;1;2;3;5,0,5,5,0,0,5,1
336,5,0,5,5,0,0.007781,28320,28320,0;1;2;3;5,0,5,5,0,0,5,1
337,5,0,5,5,0,0.007781,28320,28320,0;1;2;3;5,0,5,5,0,0,5,1
338,5,0,5,5,0,0.007781,28320,28320,0;1;2;3;5,0,5,5,0,0,5,1
339,5,0,5,5,0,0.007781,28315,28315,0;1;2;3;5,0,5,5,0,0,5,1
340,5,0,5,5,0,0.007781,28315,28315,0;1;2;3;5,0,5,5,0,0,5,1
341,5,0,5,5,0,0.007781,28315,28315,0;1;2;3;5,0,5,5,0,0,5,1
342,5,0,5,5,0,0.007781,28315,28315,0;1;2;3;5,0,5,5,0,0,5,1
343,5,0,5,5,0,0.007781,28315,28315,0;1;2;3;5,0,5,5,0,0,5,1
344,5,0,5,5,0,0.007781,28315,28315,0;1;2;3;5,0,5,5,0,0,5,1
345,5,0,5,5,0,0.007781,28315,28315,0;1;2;3;5,0,5,5,0,0,5,1
346,5,0,5,5,0,0.007781,28315,28315,0;1;2;3;5,0,5,5,0,0,5,1
347,5,0,5,5,0,0.007781,28315,28315,0;1;2;3;5,0,5,5,0,0,5,1
348,5,0,5,5,0,0.007781,28315,28315,0;1;2;3;5,0,5,5,0,0,5,1
349,5,0,5,5,0,0.007781,28315,28315,0;1;2;3;5,0,5,5,0,0,5,1
350,5,0,5,5,0,0.007781,28315,28315,0;1;2;3;5,0,5,5,0,0,5,1
351,5,0,5,5,0,0.007781,28310,28310,0;1;2;3;5,0,5,5,0,0,5,1
352,5,0,5,5,0,0.007781,28310,28310,0;1;2;3;5,0,5,5,0,0,5,1
353,5,0,5,5,0,0.007781,28310,28310,0;1;2;3;5,0,5,5,0,0,5,1
354,5,0,5,5,0,0.007781,28310,28310,0;1;2;3;5,0,5,5,0,0,5,1
355,5,0,5,5,0,0.007781,28310,28310,0;1;2;3;5,0,5,5,0,0,5,1
356,5,0,5,5,0,0.007781,28310,28310,0;1;2;3;5,0,5,5,0,0,5,1
357,5,0,5,5,0,0.007781,28310,28310,0;1;2;3;5,0,5,5,0,0,5,1
358,5,0,5,5,0,0.007781,28310,28310,0;1;2;3;5,0,5,5,0,0,5,1
359,5,0,5,5,0,0.007781,28310,28310,0;1;2;3;5,0,5,5,0,0,5,1
360,5,0,5,5,0,0.007781,28310,28310,0;1;2;3;5,0,5,5,0,0,5,1
361,5,0,5,5,0,0.007781,28310,28310,0;1;2;3;5,0,5,5,0,0,5,1
362,5,0,5,5,0,0.007781,28310,28310,0;1;2;3;5,0,5,5,0,0,5,1
363,5,0,5,5,0,0.007781,28310,28310,0;1;2;3;5,0,5,5,0,0,5,1
364,5,0,5,5,0,0.007781,28310,28310,0;1;2;3;5,0,5,5,0,0,5,1
365,5,0,5,5,0,0.007781,28310,28310,0;1;2;3;5,0,5,5,0,0,5,1
366,5,0,5,5,0,0.007781,28310,28310,0;1;2;3;5,0,5,5,0,0,5,1
367,5,0,5,5,0,0.007781,28310,28310,0;1;2;3;5,0,5,5,0,0,5,1
368,5,0,5,5,0,0.007781,28310,28310,0;1;2;3;5,0,5,5,0,0,5,1
369,5,0,5,5,0,0.007781,28310,28310,0;1;2;3;5,0,5,5,0,0,5,1
370,5,0,5,5,0,0.007781,28310,28310,0;1;2;3;5,0,5,5,0,0,5,1
371,5,0,5,5,0,0.007781,28310,28310,0;1;2;3;5,0,5,5,0,0,5,1
372,5,0,5,5,0,0.007781,28310,28310,0;1;2;3;5,0,5,5,0,0,5,1
373,5,0,5,5,0,0.007781,28310,28310,0;1;2;3;5,0,5,5,0,0,5,1
374,5,0,5,5,0,0.007781,28310,28310,0;1;2;3;5,0,5,5,0,0,5,1
375,5,0,5,5,0,0.007781,28310,28310,0;1;2;3;5,0,5,5,0,0,5,1
376,5,0,5,5,0,0.007781,28310,28310,0;1;2;3;5,0,5,5,0,0,5,1
377,512,507,5,6,0,0.022979,28274,28274,0;1;2;3;5;6,0,6,5,1,0,6,1
378,512,507,5,6,0,0.023478,28242,28242,0;1;2;3;5;6,0,6,5,1,0,6,1
379,512,507,5,6,0,0.023921,28210,28210,0;1;2;3;5;6,0,6,5,1,0,6,1
380,512,507,5,6,0,0.024400,28179,28179,0;1;2;3;5;6,0,6,5,1,0,6,1
381,512,507,5,6,0,0.024912,28147,28147,0;1;2;3;5;6,0,6,5,1,0,6,1
382,512,507,5,6,0,0.025336,28115,28115,0;1;2;3;5;6,0,6,5,1,0,6,1
383,512,507,5,6,0,0.025890,28084,28084,0;1;2;3;5;6,0,6,5,1,0,6,1
384,512,507,5,6,0,0.026353,28052,28052,0;1;2;3;5;6,0,6,5,1,0,6,1
385,512,507,5,6,0,0.026747,28020,28020,0;1;2;3;5;6,0,6,5,1,0,6,1
386,512,507,5,6,0,0.027252,27989,27989,0;1;2;3;5;6,0,6,5,1,0,6,1
387,512,507,5,6,0,0.027695,27957,27957,0;1;2;3;5;6,0,6,5,1,0,6,1
388,512,507,5,6,0,0.028015,27920,27920,0;1;2;3;5;6,0,6,5,1,0,6,1
389,512,507,5,6,0,0.028537,27889,27889,0;1;2;3;5;6,0,6,5,1,0,6,1
390,512,507,5,6,0,0.028879,27857,27857,0;1;2;3;5;6,0,6,5,1,0,6,1
391,512,507,5,6,0,0.029236,27825,27825,0;1;2;3;5;6,0,6,5,1,0,6,1
392,512,507,5,6,0,0.029524,27794,27794,0;1;2;3;5;6,0,6,5,1,0,6,1
393,512,507,5,6,0,0.030028,27757,27757,0;1;2;3;5;6,0,6,5,1,0,6,1
394,512,507,5,6,0,0.030424,27725,27725,0;1;2;3;5;6,0,6,5,1,0,6,1
395,512,507,5,6,0,0.030668,27693,27693,0;1;2;3;5;6,0,6,5,1,0,6,1
396,512,507,5,6,0,0.031097,27662,27662,0;1;2;3;5;6,0,6,5,1,0,6,1
397,512,507,5,6,0,0.031501,27630,27630,0;1;2;3;5;6,0,6,5,1,0,6,1
398,512,507,5,6,0,0.031711,27598,27598,0;1;2;3;5;6,0,6,5,1,0,6,1
399,512,507,5,6,0,0.032324,27567,27567,0;1;2;3;5;6,0,6,5,1,0,6,1
400,512,507,5,6,0,0.032792,27535,27535,0;1;2;3;5;6,0,6,5,1,0,6,1
401,512,507,5,6,0,0.032991,27503,27503,0;1;2;3;5;6,0,6,5,1,0,6,1
402,512,507,5,6,0,0.033429,27472,27472,0;1;2;3;5;6,0,6,5,1,0,6,1
403,512,507,5,6,0,0.033871,27440,27440,0;1;2;3;5;6,0,6,5,1,0,6,1
404,512,507,5,6,0,0.034114,27408,27408,0;1;2;3;5;6,1,6,5,2,0,7,1
405,512,507,5,6,0,0.034375,27377,27377,0;1;2;3;5;6,1,6,5,2,0,7,1
406,512,507,5,6,0,0.034949,27345,27345,0;1;2;3;5;6,2,6,5,3,0,8,1
407,512,507,5,6,0,0.035206,27313,27313,0;1;2;3;5;6,2,6,5,3,0,8,1
408,512,507,5,6,0,0.035681,27282,27282,0;1;2;3;5;6,2,6,5,3,0,8,1
409,512,507,5,6,0,0.036117,27245,27245,0;1;2;3;5;6,2,6,5,3,0,8,1
410,512,507,5,6,0,0.036381,27213,27213,0;1;2;3;5;6,2,6,5,3,0,8,1
411,512,507,5,6,0,0.036698,27181,27181,0;1;2;3;5;6,2,6,5,3,0,8,1
412,512,507,5,6,0,0.037189,27150,27150,0;1;2;3;5;6,2,6,5,3,0,8,1
413,512,507,5,6,0,0.037485,27118,27118,0;1;2;3;5;6,2,6,5,3,0,8,1
414,512,507,5,6,0,0.037799,27086,27086,0;1;2;3;5;6,2,6,5,3,0,8,1
415,512,507,5,6,0,0.038514,27055,27055,0;1;2;3;5;6,3,6,5,4,0,9,1
416,512,507,5,6,0,0.038747,27023,27023,0;1;2;3;5;6,3,6,5,4,0,9,1
417,512,507,5,6,0,0.039048,26991,26991,0;1;2;3;5;6,3,6,5,4,0,9,1
418,512,507,5,6,0,0.039353,26960,26960,0;1;2;3;5;6,3,6,5,4,0,9,1
419,512,507,5,6,0,0.039670,26923,26923,0;1;2;3;5;6,3,6,5,4,0,9,1
420,512,507,5,6,0,0.040054,26891,26891,0;1;2;3;5;6,4,6,5,5,0,10,1
421,512,507,5,6,0,0.040438,26860,26860,0;1;2;3;5;6,4,6,5,5,0,10,1
422,512,507,5,7,1,0.040954,26823,26823,0;1;2;3;5;6;7,3,7,5,5,0,10,1
423,512,506,6,7,0,0.023439,26792,26792,0;1;2;3;5;6;7,3,7,6,4,0,10,1
424,512,506,6,7,0,0.023879,26760,26760,0;1;2;3;5;6;7,3,7,6,4,0,10,1
425,512,506,6,7,0,0.024385,26728,26728,0;1;2;3;5;6;7,3,7,6,4,0,10,1
426,512,506,6,7,0,0.024854,26697,26697,0;1;2;3;5;6;7,3,7,6,4,0,10,1
427,512,506,6,7,0,0.025342,26665,26665,0;1;2;3;5;6;7,3,7,6,4,0,10,1
428,512,506,6,7,0,0.025791,26633,26633,0;1;2;3;5;6;7,3,7,6,4,0,10,1
429,512,506,6,7,0,0.026328,26602,26602,0;1;2;3;5;6;7,3,7,6,4,0,10,1
430,512,506,6,7,0,0.026787,26570,26570,0;1;2;3;5;6;7,3,7,6,4,0,10,1
431,512,506,6,7,0,0.027205,26534,26534,0;1;2;3;5;6;7,3,7,6,4,0,10,1
432,512,506,6,7,0,0.027686,26502,26502,0;1;2;3;5;6;7,3,7,6,4,0,10,1
433,512,506,6,7,0,0.028064,26470,26470,0;1;2;3;5;6;7,3,7,6,4,0,10,1
434,512,506,6,7,0,0.028464,26439,26439,0;1;2;3;5;6;7,3,7,6,4,0,10,1
435,512,506,6,7,0,0.028987,26407,26407,0;1;2;3;5;6;7,3,7,6,4,0,10,1
436,512,506,6,7,0,0.029280,26375,26375,0;1;2;3;5;6;7,3,7,6,4,0,10,1
437,512,506,6,7,0,0.029698,26344,26344,0;1;2;3;5;6;7,3,7,6,4,0,10,1
438,512,506,6,7,0,0.030181,26312,26312,0;1;2;3;5;6;7,3,7,6,4,0,10,1
439,512,506,6,7,0,0.030438,26281,26281,0;1;2;3;5;6;7,3,7,6,4,0,10,1
440,512,506,6,7,0,0.030870,26249,26249,0;1;2;3;5;6;7,3,7,6,4,0,10,1
441,512,506,6,7,0,0.031301,26217,26217,0;1;2;3;5;6;7,3,7,6,4,0,10,1
442,512,506,6,7,0,0.031475,26186,26186,0;1;2;3;5;6;7,3,7,6,4,0,10,1
443,512,506,6,7,0,0.031933,26154,26154,0;1;2;3;5;6;7,3,7,6,4,0,10,1
444,512,506,6,7,0,0.032291,26122,26122,0;1;2;3;5;6;7,3,7,6,4,0,10,1
445,512,506,6,7,0,0.032817,26091,26091,0;1;2;3;5;6;7,3,7,6,4,0,10,1
446,512,506,6,7,0,0.033215,26059,26059,0;1;2;3;5;6;7,3,7,6,4,0,10,1
447,512,506,6,7,0,0.033567,26028,26028,0;1;2;3;5;6;7,3,7,6,4,0,10,1
448,512,506,6,7,0,0.033887,25996,25996,0;1;2;3;5;6;7,3,7,6,4,0,10,1
449,512,506,6,7,0,0.034322,25964,25964,0;1;2;3;5;6;7,3,7,6,4,0,10,1
450,512,506,6,7,0,0.034660,25933,25933,0;1;2;3;5;6;7,3,7,6,4,0,10,1
451,512,506,6,7,0,0.035087,25901,25901,0;1;2;3;5;6;7,3,7,6,4,0,10,1
452,512,506,6,7,0,0.035397,25869,25869,0;1;2;3;5;6;7,3,7,6,4,0,10,1
453,512,506,6,7,0,0.035915,25838,25838,0;1;2;3;5;6;7,3,7,6,4,0,10,1
454,512,506,6,7,0,0.036323,25806,25806,0;1;2;3;5;6;7,3,7,6,4,0,10,1
455,512,506,6,7,0,0.036524,25775,25775,0;1;2;3;5;6;7,3,7,6,4,0,10,1
456,512,506,6,7,0,0.036933,25743,25743,0;1;2;3;5;6;7,3,7,6,4,0,10,1
457,512,506,6,7,0,0.037405,25711,25711,0;1;2;3;5;6;7,3,7,6,4,0,10,1
458,512,506,6,7,0,0.037590,25680,25680,0;1;2;3;5;6;7,3,7,6,4,0,10,1
459,512,506,6,7,0,0.038094,25648,25648,0;1;2;3;5;6;7,3,7,6,4,0,10,1
460,512,506,6,7,0,0.038435,25616,25616,0;1;2;3;5;6;7,3,7,6,4,0,10,1
461,512,506,6,7,0,0.038924,25585,25585,0;1;2;3;5;6;7,4,7,6,5,0,11,1
462,512,506,6,7,0,0.039379,25553,25553,0;1;2;3;5;6;7,4,7,6,5,0,11,1
463,512,506,6,7,0,0.039623,25522,25522,0;1;2;3;5;6;7,4,7,6,5,0,11,1
464,512,506,6,7,0,0.039869,25490,25490,0;1;2;3;5;6;7,4,7,6,5,0,11,1
465,512,506,6,7,0,0.040081,25458,25458,0;1;2;3;5;6;7,4,7,6,5,0,11,1
466,512,507,5,6,0,0.040602,25590,25590,0;1;2;5;6;7,4,6,5,5,0,10,1
467,512,507,5,6,0,0.041146,25558,25558,0;1;2;5;6;7,4,6,5,5,0,10,1
468,512,507,5,6,0,0.041433,25526,25526,0;1;2;5;6;7,4,6,5,5,0,10,1
469,512,507,5,6,0,0.041947,25495,25495,0;1;2;5;6;7,4,6,5,5,0,10,1
470,512,507,5,6,0,0.042416,25463,25463,0;1;2;5;6;7,4,6,5,5,0,10,1
471,512,507,5,6,0,0.042513,25431,25431,0;1;2;5;6;7,4,6,5,5,0,10,1
472,512,507,5,6,0,0.042914,25400,25400,0;1;2;5;6;7,4,6,5,5,0,10,1
473,512,507,5,6,0,0.043368,25363,25363,0;1;2;5;6;7,4,6,5,5,0,10,1
474,512,507,5,6,0,0.043595,25331,25331,0;1;2;5;6;7,5,6,5,6,0,11,1
475,512,507,5,7,1,0.044199,25295,25295,0;1;2;5;6;7;8,4,7,5,6,0,11,1
476,512,506,6,7,0,0.023925,25263,25263,0;1;2;5;6;7;8,4,7,6,5,0,11,1
477,512,506,6,7,0,0.024290,25232,25232,0;1;2;5;6;7;8,4,7,6,5,0,11,1
478,512,506,6,7,0,0.024858,25200,25200,0;1;2;5;6;7;8,4,7,6,5,0,11,1
479,512,506,6,7,0,0.025351,25168,25168,0;1;2;5;6;7;8,4,7,6,5,0,11,1
480,512,506,6,7,0,0.025728,25137,25137,0;1;2;5;6;7;8,4,7,6,5,0,11,1
481,512,506,6,7,0,0.026261,25105,25105,0;1;2;5;6;7;8,4,7,6,5,0,11,1
482,512,506,6,7,0,0.026836,25074,25074,0;1;2;5;6;7;8,4,7,6,5,0,11,1
483,512,506,6,7,0,0.027199,25042,25042,0;1;2;5;6;7;8,4,7,6,5,0,11,1
484,512,506,6,7,0,0.027676,25010,25010,0;1;2;5;6;7;8,4,7,6,5,0,11,1
485,512,506,6,7,0,0.028157,24979,24979,0;1;2;5;6;7;8,4,7,6,5,0,11,1
486,512,506,6,7,0,0.028587,24947,24947,0;1;2;5;6;7;8,4,7,6,5,0,11,1
487,512,506,6,7,0,0.028908,24915,24915,0;1;2;5;6;7;8,4,7,6,5,0,11,1
488,512,507,5,6,0,0.029357,25201,25201,0;1;2;6;7;8,4,6,5,5,0,10,1
489,512,507,5,6,0,0.029725,25164,25164,0;1;2;6;7;8,4,6,5,5,0,10,1
490,512,507,5,6,0,0.030059,25132,25132,0;1;2;6;7;8,4,6,5,5,0,10,1
491,512,507,5,6,0,0.030562,25101,25101,0;1;2;6;7;8,4,6,5,5,0,10,1
492,512,507,5,6,0,0.030887,25069,25069,0;1;2;6;7;8,4,6,5,5,0,10,1
493,512,507,5,6,0,0.031251,25037,25037,0;1;2;6;7;8,4,6,5,5,0,10,1
494,512,507,5,6,0,0.031678,25006,25006,0;1;2;6;7;8,4,6,5,5,0,10,1
495,512,507,5,6,0,0.031936,24974,24974,0;1;2;6;7;8,4,6,5,5,0,10,1
496,512,507,5,7,1,0.032448,24937,24937,0;1;2;6;7;8;9,3,7,5,5,0,10,1
497,512,506,6,7,0,0.024095,24901,24901,0;1;2;6;7;8;9,3,7,6,4,0,10,1
498,512,506,6,7,0,0.024361,24869,24869,0;1;2;6;7;8;9,3,7,6,4,0,10,1
499,512,506,6,7,0,0.024926,24833,24833,0;1;2;6;7;8;9,3,7,6,4,0,10,1
500,512,506,6,7,0,0.025383,24801,24801,0;1;2;6;7;8;9,3,7,6,4,0,10,1
501,512,506,6,7,0,0.025824,24769,24769,0;1;2;6;7;8;9,3,7,6,4,0,10,1
502,512,506,6,7,0,0.026335,24738,24738,0;1;2;6;7;8;9,3,7,6,4,0,10,1
503,512,506,6,7,0,0.026870,24706,24706,0;1;2;6;7;8;9,3,7,6,4,0,10,1
504,512,506,6,7,0,0.027269,24674,24674,0;1;2;6;7;8;9,4,7,6,5,0,11,1
505,512,506,6,7,0,0.027728,24643,24643,0;1;2;6;7;8;9,4,7,6,5,0,11,1
506,512,506,6,7,0,0.028156,24611,24611,0;1;2;6;7;8;9,4,7,6,5,0,11,1
507,512,506,6,7,0,0.028606,24580,24580,0;1;2;6;7;8;9,4,7,6,5,0,11,1
508,512,506,6,7,0,0.028946,24548,24548,0;1;2;6;7;8;9,4,7,6,5,0,11,1
509,512,506,6,7,0,0.029443,24516,24516,0;1;2;6;7;8;9,4,7,6,5,0,11,1
510,512,506,6,7,0,0.029794,24485,24485,0;1;2;6;7;8;9,4,7,6,5,0,11,1
511,512,506,6,7,0,0.030180,24448,24448,0;1;2;6;7;8;9,4,7,6,5,0,11,1
512,512,506,6,7,0,0.030588,24416,24416,0;1;2;6;7;8;9,4,7,6,5,0,11,1
513,512,506,6,7,0,0.030953,24385,24385,0;1;2;6;7;8;9,4,7,6,5,0,11,1
514,512,506,6,7,0,0.031352,24353,24353,0;1;2;6;7;8;9,5,7,6,6,0,12,1
515,512,507,5,6,0,0.031650,24778,24778,1;2;6;7;8;9,5,6,5,6,0,11,1
516,512,507,5,6,0,0.031930,24747,24747,1;2;6;7;8;9,5,6,5,6,0,11,1
517,512,507,5,6,0,0.032352,24715,24715,1;2;6;7;8;9,5,6,5,6,0,11,1
518,512,507,5,6,0,0.032676,24683,24683,1;2;6;7;8;9,6,6,5,7,0,12,1
519,512,508,4,5,0,0.033117,25144,25144,2;6;7;8;9,6,5,4,7,0,11,1
520,512,508,4,5,0,0.033554,25112,25112,2;6;7;8;9,6,5,4,7,0,11,1
521,512,508,4,5,0,0.033893,25080,25080,2;6;7;8;9,6,5,4,7,0,11,1
522,512,508,4,5,0,0.034136,25048,25048,2;6;7;8;9,6,5,4,7,0,11,1
523,512,508,4,5,0,0.034659,25017,25017,2;6;7;8;9,6,5,4,7,0,11,1
524,512,508,4,5,0,0.034986,24985,24985,2;6;7;8;9,6,5,4,7,0,11,1
525,512,508,4,5,0,0.035345,24953,24953,2;6;7;8;9,6,5,4,7,0,11,1
526,512,508,4,5,0,0.035722,24921,24921,2;6;7;8;9,6,5,4,7,0,11,1
527,512,508,4,5,0,0.036258,24890,24890,2;6;7;8;9,6,5,4,7,0,11,1
528,512,508,4,5,0,0.036601,24858,24858,2;6;7;8;9,6,5,4,7,0,11,1
529,512,508,4,5,0,0.036896,24826,24826,2;6;7;8;9,6,5,4,7,0,11,1
530,512,508,4,6,1,0.037655,24790,24790,2;6;7;8;9;10,6,6,4,8,0,12,1
531,512,507,5,6,0,0.024007,24758,24758,2;6;7;8;9;10,7,6,5,8,0,13,1
532,512,507,5,6,0,0.024491,24727,24727,2;6;7;8;9;10,7,6,5,8,0,13,1
533,512,507,5,6,0,0.024965,24695,24695,2;6;7;8;9;10,7,6,5,8,0,13,1
534,512,507,5,6,0,0.025422,24663,24663,2;6;7;8;9;10,7,6,5,8,0,13,1
535,512,507,5,6,0,0.025916,24632,24632,2;6;7;8;9;10,7,6,5,8,0,13,1
536,512,507,5,6,0,0.026371,24600,24600,2;6;7;8;9;10,7,6,5,8,0,13,1
537,512,507,5,6,0,0.026909,24568,24568,2;6;7;8;9;10,7,6,5,8,0,13,1
538,512,507,5,6,0,0.027370,24537,24537,2;6;7;8;9;10,7,6,5,8,0,13,1
539,512,507,5,6,0,0.027742,24505,24505,2;6;7;8;9;10,7,6,5,8,0,13,1
540,512,507,5,6,0,0.028247,24473,24473,2;6;7;8;9;10,7,6,5,8,0,13,1
541,512,507,5,6,0,0.028689,24441,24441,2;6;7;8;9;10,7,6,5,8,0,13,1
542,512,507,5,6,0,0.029009,24410,24410,2;6;7;8;9;10,7,6,5,8,0,13,1
543,512,507,5,6,0,0.029531,24378,24378,2;6;7;8;9;10,7,6,5,8,0,13,1
544,512,507,5,6,0,0.029914,24346,24346,2;6;7;8;9;10,7,6,5,8,0,13,1
545,512,507,5,6,0,0.030230,24315,24315,2;6;7;8;9;10,7,6,5,8,0,13,1
546,512,507,5,6,0,0.030735,24283,24283,2;6;7;8;9;10,7,6,5,8,0,13,1
547,512,507,5,6,0,0.031060,24246,24246,2;6;7;8;9;10,7,6,5,8,0,13,1
548,512,507,5,6,0,0.031418,24215,24215,2;6;7;8;9;10,7,6,5,8,0,13,1
549,512,507,5,6,0,0.031871,24183,24183,2;6;7;8;9;10,7,6,5,8,0,13,1
550,512,507,5,6,0,0.032111,24151,24151,2;6;7;8;9;10,7,6,5,8,0,13,1
551,512,507,5,6,0,0.032496,24120,24120,2;6;7;8;9;10,7,6,5,8,0,13,1
552,512,507,5,6,0,0.032705,24088,24088,2;6;7;8;9;10,7,6,5,8,0,13,1
553,512,507,5,6,0,0.033319,24056,24056,2;6;7;8;9;10,7,6,5,8,0,13,1
554,512,507,5,6,0,0.033786,24025,24025,2;6;7;8;9;10,7,6,5,8,0,13,1
555,512,507,5,6,0,0.033986,23993,23993,2;6;7;8;9;10,7,6,5,8,0,13,1
556,512,507,5,6,0,0.034424,23961,23961,2;6;7;8;9;10,7,6,5,8,0,13,1
557,512,507,5,7,1,0.034773,23925,23925,2;6;7;8;9;10;11,6,7,5,8,0,13,1
558,512,506,6,7,0,0.024235,23893,23893,2;6;7;8;9;10;11,6,7,6,7,0,13,1
559,512,506,6,7,0,0.024676,23862,23862,2;6;7;8;9;10;11,6,7,6,7,0,13,1
560,512,506,6,7,0,0.025182,23830,23830,2;6;7;8;9;10;11,7,7,6,8,0,14,1
561,512,506,6,7,0,0.025651,23798,23798,2;6;7;8;9;10;11,7,7,6,8,0,14,1
562,512,506,6,7,0,0.026139,23767,23767,2;6;7;8;9;10;11,7,7,6,8,0,14,1
563,512,506,6,7,0,0.026587,23735,23735,2;6;7;8;9;10;11,7,7,6,8,0,14,1
564,512,506,6,7,0,0.027124,23704,23704,2;6;7;8;9;10;11,7,7,6,8,0,14,1
565,512,506,6,7,0,0.027583,23672,23672,2;6;7;8;9;10;11,7,7,6,8,0,14,1
566,512,506,6,7,0,0.028001,23640,23640,2;6;7;8;9;10;11,7,7,6,8,0,14,1
567,512,506,6,7,0,0.028430,23609,23609,2;6;7;8;9;10;11,7,7,6,8,0,14,1
568,512,506,6,7,0,0.028860,23577,23577,2;6;7;8;9;10;11,7,7,6,8,0,14,1
569,512,506,6,7,0,0.029260,23545,23545,2;6;7;8;9;10;11,7,7,6,8,0,14,1
570,512,506,6,7,0,0.029783,23514,23514,2;6;7;8;9;10;11,7,7,6,8,0,14,1
571,512,506,6,7,0,0.030076,23482,23482,2;6;7;8;9;10;11,7,7,6,8,0,14,1
572,512,506,6,7,0,0.030494,23451,23451,2;6;7;8;9;10;11,7,7,6,8,0,14,1
573,512,506,6,7,0,0.030977,23419,23419,2;6;7;8;9;10;11,7,7,6,8,0,14,1
574,512,506,6,7,0,0.031235,23382,23382,2;6;7;8;9;10;11,7,7,6,8,0,14,1
575,512,506,6,7,0,0.031667,23351,23351,2;6;7;8;9;10;11,7,7,6,8,0,14,1
576,512,506,6,7,0,0.032097,23319,23319,2;6;7;8;9;10;11,7,7,6,8,0,14,1
577,512,506,6,7,0,0.032271,23282,23282,2;6;7;8;9;10;11,7,7,6,8,0,14,1
578,512,506,6,7,0,0.032748,23251,23251,2;6;7;8;9;10;11,8,7,6,9,0,15,1
579,512,506,6,7,0,0.033087,23219,23219,2;6;7;8;9;10;11,8,7,6,9,0,15,1
580,512,506,6,7,0,0.033613,23188,23188,2;6;7;8;9;10;11,8,7,6,9,0,15,1
581,512,506,6,7,0,0.034012,23156,23156,2;6;7;8;9;10;11,8,7,6,9,0,15,1
582,512,506,6,7,0,0.034363,23124,23124,2;6;7;8;9;10;11,8,7,6,9,0,15,1
583,512,506,6,7,0,0.034683,23093,23093,2;6;7;8;9;10;11,8,7,6,9,0,15,1
584,512,506,6,7,0,0.035119,23061,23061,2;6;7;8;9;10;11,8,7,6,9,0,15,1
585,512,506,6,7,0,0.035457,23029,23029,2;6;7;8;9;10;11,8,7,6,9,0,15,1
586,512,506,6,7,0,0.035884,22998,22998,2;6;7;8;9;10;11,8,7,6,9,0,15,1
587,512,506,6,7,0,0.036193,22966,22966,2;6;7;8;9;10;11,8,7,6,9,0,15,1
588,512,506,6,7,0,0.036712,22935,22935,2;6;7;8;9;10;11,8,7,6,9,0,15,1
589,512,506,6,7,0,0.037119,22903,22903,2;6;7;8;9;10;11,8,7,6,9,0,15,1
590,512,506,6,7,0,0.037320,22871,22871,2;6;7;8;9;10;11,8,7,6,9,0,15,1
591,512,506,6,7,0,0.037729,22835,22835,2;6;7;8;9;10;11,8,7,6,9,0,15,1
592,512,506,6,7,0,0.038201,22803,22803,2;6;7;8;9;10;11,8,7,6,9,0,15,1
593,512,506,6,7,0,0.038386,22771,22771,2;6;7;8;9;10;11,8,7,6,9,0,15,1
594,512,506,6,7,0,0.038890,22740,22740,2;6;7;8;9;10;11,8,7,6,9,0,15,1
595,512,506,6,7,0,0.039231,22708,22708,2;6;7;8;9;10;11,8,7,6,9,0,15,1
596,512,506,6,7,0,0.039720,22677,22677,2;6;7;8;9;10;11,8,7,6,9,0,15,1
597,512,506,6,7,0,0.040175,22645,22645,2;6;7;8;9;10;11,9,7,6,10,0,16,1
598,512,506,6,7,0,0.040420,22613,22613,2;6;7;8;9;10;11,9,7,6,10,0,16,1
599,512,506,6,7,0,0.040665,22582,22582,2;6;7;8;9;10;11,9,7,6,10,0,16,1
600,512,506,6,7,0,0.040877,22545,22545,2;6;7;8;9;10;11,9,7,6,10,0,16,1
601,512,506,6,7,0,0.041414,22513,22513,2;6;7;8;9;10;11,9,7,6,10,0,16,1
602,512,506,6,7,0,0.041958,22482,22482,2;6;7;8;9;10;11,9,7,6,10,0,16,1
603,512,506,6,7,0,0.042245,22450,22450,2;6;7;8;9;10;11,10,7,6,11,0,17,1
604,512,506,6,7,0,0.042759,22419,22419,2;6;7;8;9;10;11,10,7,6,11,0,17,1
605,512,506,6,7,0,0.043228,22387,22387,2;6;7;8;9;10;11,10,7,6,11,0,17,1
606,512,506,6,7,0,0.043325,22355,22355,2;6;7;8;9;10;11,10,7,6,11,0,17,1
607,512,506,6,7,0,0.043726,22324,22324,2;6;7;8;9;10;11,10,7,6,11,0,17,1
608,512,506,6,7,0,0.044180,22292,22292,2;6;7;8;9;10;11,10,7,6,11,0,17,1
609,512,506,6,7,0,0.044407,22260,22260,2;6;7;8;9;10;11,10,7,6,11,0,17,1
610,512,506,6,7,0,0.044994,22229,22229,2;6;7;8;9;10;11,10,7,6,11,0,17,1
611,512,506,6,7,0,0.045401,22197,22197,2;6;7;8;9;10;11,10,7,6,11,0,17,1
612,512,506,6,7,0,0.045603,22166,22166,2;6;7;8;9;10;11,10,7,6,11,0,17,1
613,512,506,6,7,0,0.045962,22134,22134,2;6;7;8;9;10;11,10,7,6,11,0,17,1
614,512,506,6,7,0,0.046489,22102,22102,2;6;7;8;9;10;11,10,7,6,11,0,17,1
615,512,506,6,7,0,0.046693,22071,22071,2;6;7;8;9;10;11,10,7,6,11,0,17,1
616,512,506,6,7,0,0.046925,22039,22039,2;6;7;8;9;10;11,10,7,6,11,0,17,1
617,512,506,6,7,0,0.047480,22007,22007,2;6;7;8;9;10;11,10,7,6,11,0,17,1
618,512,506,6,7,0,0.047714,21976,21976,2;6;7;8;9;10;11,10,7,6,11,0,17,1
619,512,506,6,7,0,0.048126,21944,21944,2;6;7;8;9;10;11,10,7,6,11,0,17,1
620,512,506,6,7,0,0.048835,21913,21913,2;6;7;8;9;10;11,10,7,6,11,0,17,1
621,512,506,6,7,0,0.049064,21881,21881,2;6;7;8;9;10;11,10,7,6,11,0,17,1
622,512,506,6,7,0,0.049253,21849,21849,2;6;7;8;9;10;11,10,7,6,11,0,17,1
623,512,506,6,7,0,0.049694,21818,21818,2;6;7;8;9;10;11,10,7,6,11,0,17,1
624,512,506,6,7,0,0.050119,21786,21786,2;6;7;8;9;10;11,10,7,6,11,0,17,1
625,512,506,6,7,0,0.050391,21754,21754,2;6;7;8;9;10;11,10,7,6,11,0,17,1
626,512,506,6,7,0,0.050687,21723,21723,2;6;7;8;9;10;11,10,7,6,11,0,17,1
627,512,506,6,7,0,0.051304,21686,21686,2;6;7;8;9;10;11,10,7,6,11,0,17,1
628,512,507,5,6,0,0.051354,22506,22506,2;6;7;8;9;11,10,6,5,11,0,16,1
629,512,507,5,6,0,0.051789,22474,22474,2;6;7;8;9;11,10,6,5,11,0,16,1
630,512,507,5,6,0,0.052091,22442,22442,2;6;7;8;9;11,10,6,5,11,0,16,1
631,512,507,5,6,0,0.052436,22410,22410,2;6;7;8;9;11,10,6,5,11,0,16,1
632,512,507,5,6,0,0.052777,22379,22379,2;6;7;8;9;11,10,6,5,11,0,16,1
633,512,507,5,6,0,0.053325,22347,22347,2;6;7;8;9;11,10,6,5,11,0,16,1
634,512,507,5,6,0,0.053536,22315,22315,2;6;7;8;9;11,11,6,5,12,0,17,1
635,512,507,5,6,0,0.054033,22284,22284,2;6;7;8;9;11,11,6,5,12,0,17,1
636,512,507,5,6,0,0.054300,22252,22252,2;6;7;8;9;11,11,6,5,12,0,17,1
637,512,507,5,6,0,0.054607,22220,22220,2;6;7;8;9;11,11,6,5,12,0,17,1
638,512,507,5,6,0,0.054929,22189,22189,2;6;7;8;9;11,11,6,5,12,0,17,1
639,512,507,5,6,0,0.055457,22157,22157,2;6;7;8;9;11,11,6,5,12,0,17,1
640,512,507,5,6,0,0.055767,22125,22125,2;6;7;8;9;11,11,6,5,12,0,17,1
641,512,507,5,6,0,0.056405,22094,22094,2;6;7;8;9;11,11,6,5,12,0,17,1
642,512,507,5,6,0,0.056624,22062,22062,2;6;7;8;9;11,11,6,5,12,0,17,1
643,512,507,5,6,0,0.057066,22030,22030,2;6;7;8;9;11,11,6,5,12,0,17,1
644,512,507,5,6,0,0.057220,21999,21999,2;6;7;8;9;11,11,6,5,12,0,17,1
645,512,507,5,6,0,0.057577,21967,21967,2;6;7;8;9;11,11,6,5,12,0,17,1
646,512,507,5,6,0,0.057968,21935,21935,2;6;7;8;9;11,11,6,5,12,0,17,1
647,512,507,5,6,0,0.058542,21903,21903,2;6;7;8;9;11,11,6,5,12,0,17,1
648,512,507,5,6,0,0.059024,21872,21872,2;6;7;8;9;11,11,6,5,12,0,17,1
649,512,507,5,6,0,0.059404,21840,21840,2;6;7;8;9;11,11,6,5,12,0,17,1
650,512,507,5,6,0,0.059714,21808,21808,2;6;7;8;9;11,11,6,5,12,0,17,1
651,512,507,5,6,0,0.060118,21777,21777,2;6;7;8;9;11,11,6,5,12,0,17,1
652,512,507,5,6,0,0.060321,21745,21745,2;6;7;8;9;11,11,6,5,12,0,17,1
653,512,507,5,6,0,0.060695,21713,21713,2;6;7;8;9;11,11,6,5,12,0,17,1
654,512,507,5,6,0,0.061080,21677,21677,2;6;7;8;9;11,12,6,5,13,0,18,1
655,512,507,5,6,0,0.061419,21645,21645,2;6;7;8;9;11,12,6,5,13,0,18,1
656,512,507,5,6,0,0.061847,21613,21613,2;6;7;8;9;11,12,6,5,13,0,18,1
657,512,507,5,6,0,0.062449,21577,21577,2;6;7;8;9;11,12,6,5,13,0,18,1
658,512,507,5,6,0,0.062693,21545,21545,2;6;7;8;9;11,12,6,5,13,0,18,1
659,512,507,5,6,0,0.063165,21513,21513,2;6;7;8;9;11,12,6,5,13,0,18,1
660,512,507,5,6,0,0.063366,21482,21482,2;6;7;8;9;11,12,6,5,13,0,18,1
661,512,507,5,6,0,0.063707,21450,21450,2;6;7;8;9;11,12,6,5,13,0,18,1
662,512,507,5,6,0,0.064001,21418,21418,2;6;7;8;9;11,12,6,5,13,0,18,1
663,512,507,5,6,0,0.064398,21386,21386,2;6;7;8;9;11,12,6,5,13,0,18,1
664,512,507,5,6,0,0.064798,21355,21355,2;6;7;8;9;11,12,6,5,13,0,18,1
665,512,507,5,6,0,0.065456,21323,21323,2;6;7;8;9;11,12,6,5,13,0,18,1
666,512,507,5,6,0,0.065757,21291,21291,2;6;7;8;9;11,13,6,5,14,0,19,1
667,512,507,5,6,0,0.066190,21260,21260,2;6;7;8;9;11,14,6,5,15,0,20,1
668,512,507,5,6,0,0.066380,21228,21228,2;6;7;8;9;11,14,6,5,15,0,20,1
669,512,507,5,6,0,0.066700,21196,21196,2;6;7;8;9;11,14,6,5,15,0,20,1
670,512,507,5,6,0,0.067067,21165,21165,2;6;7;8;9;11,14,6,5,15,0,20,1
671,512,507,5,6,0,0.067508,21128,21128,2;6;7;8;9;11,14,6,5,15,0,20,1
672,512,507,5,6,0,0.067858,21096,21096,2;6;7;8;9;11,15,6,5,16,0,21,1
673,512,507,5,6,0,0.068439,21065,21065,2;6;7;8;9;11,16,6,5,17,0,22,1
674,512,507,5,6,0,0.068680,21033,21033,2;6;7;8;9;11,17,6,5,18,0,23,1
675,512,507,5,6,0,0.069172,21001,21001,2;6;7;8;9;11,17,6,5,18,0,23,1
676,512,507,5,6,0,0.069440,20970,20970,2;6;7;8;9;11,17,6,5,18,0,23,1
677,512,507,5,6,0,0.069824,20938,20938,2;6;7;8;9;11,17,6,5,18,0,23,1
678,512,507,5,6,0,0.070114,20906,20906,2;6;7;8;9;11,17,6,5,18,0,23,1
679,512,507,5,6,0,0.070436,20874,20874,2;6;7;8;9;11,17,6,5,18,0,23,1
680,512,507,5,6,0,0.070909,20838,20838,2;6;7;8;9;11,17,6,5,18,0,23,1
681,512,507,5,6,0,0.071667,20806,20806,2;6;7;8;9;11,17,6,5,18,0,23,1
682,512,507,5,6,0,0.071760,20774,20774,2;6;7;8;9;11,18,6,5,19,0,24,1
683,512,507,5,6,0,0.072390,20743,20743,2;6;7;8;9;11,18,6,5,19,0,24,1
684,512,507,5,6,0,0.072424,20711,20711,2;6;7;8;9;11,18,6,5,19,0,24,1
685,512,507,5,6,0,0.072779,20679,20679,2;6;7;8;9;11,18,6,5,19,0,24,1
686,512,507,5,6,0,0.073097,20648,20648,2;6;7;8;9;11,18,6,5,19,0,24,1
687,512,507,5,6,0,0.073407,20616,20616,2;6;7;8;9;11,18,6,5,19,0,24,1
688,512,507,5,6,0,0.073978,20584,20584,2;6;7;8;9;11,18,6,5,19,0,24,1
689,512,507,5,6,0,0.074779,20553,20553,2;6;7;8;9;11,18,6,5,19,0,24,1
690,512,507,5,6,0,0.074708,20521,20521,2;6;7;8;9;11,18,6,5,19,0,24,1
691,512,507,5,6,0,0.075224,20489,20489,2;6;7;8;9;11,19,6,5,20,0,25,1
692,512,507,5,6,0,0.075470,20458,20458,2;6;7;8;9;11,19,6,5,20,0,25,1
693,512,507,5,6,0,0.075736,20426,20426,2;6;7;8;9;11,19,6,5,20,0,25,1
694,512,507,5,6,0,0.076166,20394,20394,2;6;7;8;9;11,19,6,5,20,0,25,1
695,512,507,5,6,0,0.076564,20362,20362,2;6;7;8;9;11,19,6,5,20,0,25,1
696,512,507,5,6,0,0.077056,20331,20331,2;6;7;8;9;11,19,6,5,20,0,25,1
697,512,507,5,6,0,0.077304,20299,20299,2;6;7;8;9;11,19,6,5,20,0,25,1
698,512,507,5,6,0,0.077641,20267,20267,2;6;7;8;9;11,19,6,5,20,0,25,1
699,512,507,5,6,0,0.078460,20236,20236,2;6;7;8;9;11,19,6,5,20,0,25,1
700,512,507,5,6,0,0.078626,20204,20204,2;6;7;8;9;11,19,6,5,20,0,25,1
701,512,507,5,6,0,0.078851,20172,20172,2;6;7;8;9;11,19,6,5,20,0,25,1
702,512,507,5,6,0,0.079276,20141,20141,2;6;7;8;9;11,19,6,5,20,0,25,1
703,512,507,5,6,0,0.079317,20109,20109,2;6;7;8;9;11,19,6,5,20,0,25,1
704,512,507,5,6,0,0.079853,20077,20077,2;6;7;8;9;11,19,6,5,20,0,25,1
705,512,507,5,6,0,0.080560,20046,20046,2;6;7;8;9;11,19,6,5,20,0,25,1
706,512,507,5,6,0,0.080768,20014,20014,2;6;7;8;9;11,19,6,5,20,0,25,1
707,512,507,5,6,0,0.081410,19977,19977,2;6;7;8;9;11,19,6,5,20,0,25,1
708,512,507,5,6,0,0.081587,19946,19946,2;6;7;8;9;11,19,6,5,20,0,25,1
709,512,507,5,6,0,0.081666,19914,19914,2;6;7;8;9;11,19,6,5,20,0,25,1
710,512,507,5,6,0,0.082063,19882,19882,2;6;7;8;9;11,20,6,5,21,0,26,1
711,512,507,5,6,0,0.082469,19850,19850,2;6;7;8;9;11,20,6,5,21,0,26,1
712,512,507,5,6,0,0.082931,19819,19819,2;6;7;8;9;11,20,6,5,21,0,26,1
713,512,507,5,6,0,0.083141,19787,19787,2;6;7;8;9;11,21,6,5,22,0,27,1
714,512,507,5,6,0,0.083876,19755,19755,2;6;7;8;9;11,21,6,5,22,0,27,1
715,512,507,5,6,0,0.084149,19724,19724,2;6;7;8;9;11,21,6,5,22,0,27,1
716,512,507,5,6,0,0.084518,19692,19692,2;6;7;8;9;11,22,6,5,23,0,28,1
717,512,507,5,6,0,0.084899,19660,19660,2;6;7;8;9;11,22,6,5,23,0,28,1
718,512,507,5,6,0,0.085225,19629,19629,2;6;7;8;9;11,22,6,5,23,0,28,1
719,512,507,5,6,0,0.085233,19597,19597,2;6;7;8;9;11,23,6,5,24,0,29,1
720,512,507,5,6,0,0.086127,19565,19565,2;6;7;8;9;11,23,6,5,24,0,29,1
721,512,507,5,6,0,0.086232,19534,19534,2;6;7;8;9;11,25,6,5,26,0,31,1
722,512,507,5,6,0,0.086678,19502,19502,2;6;7;8;9;11,25,6,5,26,0,31,1
723,512,507,5,6,0,0.087271,19470,19470,2;6;7;8;9;11,25,6,5,26,0,31,1
724,512,507,5,6,0,0.087713,19439,19439,2;6;7;8;9;11,25,6,5,26,0,31,1
725,512,507,5,6,0,0.087751,19407,19407,2;6;7;8;9;11,26,6,5,27,0,32,1
726,512,507,5,6,0,0.088175,19375,19375,2;6;7;8;9;11,26,6,5,27,0,32,1
727,512,507,5,6,0,0.088446,19343,19343,2;6;7;8;9;11,27,6,5,28,0,33,1
728,512,507,5,6,0,0.088732,19312,19312,2;6;7;8;9;11,27,6,5,28,0,33,1
729,512,507,5,7,1,0.089590,19275,19275,2;6;7;8;9;11;12,26,7,5,28,0,33,1
730,512,506,6,7,0,0.025401,19244,19244,2;6;7;8;9;11;12,26,7,6,27,0,33,1
731,512,506,6,7,0,0.025841,19212,19212,2;6;7;8;9;11;12,26,7,6,27,0,33,1
732,512,506,6,7,0,0.026347,19180,19180,2;6;7;8;9;11;12,26,7,6,27,0,33,1
733,512,506,6,7,0,0.026816,19149,19149,2;6;7;8;9;11;12,26,7,6,27,0,33,1
734,512,506,6,7,0,0.027218,19112,19112,2;6;7;8;9;11;12,26,7,6,27,0,33,1
735,512,506,6,7,0,0.027751,19080,19080,2;6;7;8;9;11;12,26,7,6,27,0,33,1
736,512,506,6,7,0,0.028326,19049,19049,2;6;7;8;9;11;12,26,7,6,27,0,33,1
737,512,506,6,7,0,0.028690,19012,19012,2;6;7;8;9;11;12,26,7,6,27,0,33,1
738,512,506,6,7,0,0.029167,18981,18981,2;6;7;8;9;11;12,27,7,6,28,0,34,1
739,512,506,6,7,0,0.029647,18949,18949,2;6;7;8;9;11;12,27,7,6,28,0,34,1
740,512,506,6,7,0,0.030026,18917,18917,2;6;7;8;9;11;12,27,7,6,28,0,34,1
741,512,506,6,7,0,0.030425,18886,18886,2;6;7;8;9;11;12,27,7,6,28,0,34,1
742,512,506,6,8,1,0.030833,18849,18849,2;6;7;8;9;11;12;13,26,8,6,28,0,34,1
743,512,505,7,8,0,0.025742,18818,18818,2;6;7;8;9;11;12;13,26,8,7,27,0,34,1
744,512,505,7,8,0,0.026234,18786,18786,2;6;7;8;9;11;12;13,26,8,7,27,0,34,1
745,512,505,7,8,0,0.026542,18755,18755,2;6;7;8;9;11;12;13,26,8,7,27,0,34,1
746,512,505,7,9,1,0.027365,18719,18719,2;6;7;8;9;11;12;13;14,25,9,7,27,0,34,1
747,512,504,8,9,0,0.025519,18687,18687,2;6;7;8;9;11;12;13;14,25,9,8,26,0,34,1
748,512,504,8,9,0,0.026011,18656,18656,2;6;7;8;9;11;12;13;14,26,9,8,27,0,35,1
749,512,504,8,9,0,0.026319,18624,18624,2;6;7;8;9;11;12;13;14,26,9,8,27,0,35,1
750,512,504,8,9,0,0.026954,18593,18593,2;6;7;8;9;11;12;13;14,26,9,8,27,0,35,1
751,512,504,8,9,0,0.027356,18556,18556,2;6;7;8;9;11;12;13;14,26,9,8,27,0,35,1
752,512,504,8,9,0,0.027686,18525,18525,2;6;7;8;9;11;12;13;14,26,9,8,27,0,35,1
753,512,504,8,9,0,0.028150,18493,18493,2;6;7;8;9;11;12;13;14,26,9,8,27,0,35,1
754,512,504,8,9,0,0.028797,18462,18462,2;6;7;8;9;11;12;13;14,26,9,8,27,0,35,1
755,512,504,8,9,0,0.029110,18430,18430,2;6;7;8;9;11;12;13;14,26,9,8,27,0,35,1
756,512,504,8,9,0,0.029490,18399,18399,2;6;7;8;9;11;12;13;14,26,9,8,27,0,35,1
757,512,504,8,9,0,0.030081,18367,18367,2;6;7;8;9;11;12;13;14,26,9,8,27,0,35,1
758,512,504,8,9,0,0.030346,18336,18336,2;6;7;8;9;11;12;13;14,26,9,8,27,0,35,1
759,512,504,8,9,0,0.030803,18304,18304,2;6;7;8;9;11;12;13;14,26,9,8,27,0,35,1
760,512,504,8,10,1,0.031223,18264,18264,2;6;7;8;9;11;12;13;14;15,25,10,8,27,0,35,1
761,512,503,9,10,0,0.025404,18232,18232,2;6;7;8;9;11;12;13;14;15,25,10,9,26,0,35,1
762,512,503,9,10,0,0.025844,18201,18201,2;6;7;8;9;11;12;13;14;15,25,10,9,26,0,35,1
763,512,503,9,10,0,0.026352,18169,18169,2;6;7;8;9;11;12;13;14;15,25,10,9,26,0,35,1
764,512,503,9,10,0,0.026845,18138,18138,2;6;7;8;9;11;12;13;14;15,25,10,9,26,0,35,1
765,512,503,9,10,0,0.027222,18106,18106,2;6;7;8;9;11;12;13;14;15,25,10,9,26,0,35,1
766,512,503,9,10,0,0.027755,18075,18075,2;6;7;8;9;11;12;13;14;15,25,10,9,26,0,35,1
767,512,503,9,10,0,0.028330,18043,18043,2;6;7;8;9;11;12;13;14;15,25,10,9,26,0,35,1
768,512,503,9,10,0,0.028693,18012,18012,2;6;7;8;9;11;12;13;14;15,25,10,9,26,0,35,1
769,512,503,9,10,0,0.029170,17981,17981,2;6;7;8;9;11;12;13;14;15,25,10,9,26,0,35,1
770,512,503,9,10,0,0.029630,17949,17949,2;6;7;8;9;11;12;13;14;15,25,10,9,26,0,35,1
771,512,503,9,10,0,0.030080,17918,17918,2;6;7;8;9;11;12;13;14;15,25,10,9,26,0,35,1
772,512,503,9,10,0,0.030402,17886,17886,2;6;7;8;9;11;12;13;14;15,25,10,9,26,0,35,1
773,512,503,9,10,0,0.030929,17855,17855,2;6;7;8;9;11;12;13;14;15,25,10,9,26,0,35,1
774,512,504,8,9,0,0.031025,18285,18285,2;6;7;8;9;11;12;13;15,25,9,8,26,0,34,1
775,512,504,8,9,0,0.031359,18254,18254,2;6;7;8;9;11;12;13;15,25,9,8,26,0,34,1
776,512,504,8,9,0,0.031862,18222,18222,2;6;7;8;9;11;12;13;15,25,9,8,26,0,34,1
777,512,504,8,9,0,0.032187,18191,18191,2;6;7;8;9;11;12;13;15,25,9,8,26,0,34,1
778,512,504,8,9,0,0.032516,18159,18159,2;6;7;8;9;11;12;13;15,25,9,8,26,0,34,1
779,512,504,8,10,1,0.032925,18123,18123,2;6;7;8;9;11;12;13;15;16,25,10,8,27,0,35,1
780,512,503,9,10,0,0.025658,18092,18092,2;6;7;8;9;11;12;13;15;16,25,10,9,26,0,35,1
781,512,503,9,11,1,0.026406,18056,18056,2;6;7;8;9;11;12;13;15;16;17,24,11,9,26,0,35,1
782,512,502,10,11,0,0.025370,18024,18024,2;6;7;8;9;11;12;13;15;16;17,24,11,10,25,0,35,1
783,512,502,10,11,0,0.026007,17993,17993,2;6;7;8;9;11;12;13;15;16;17,24,11,10,25,0,35,1
784,512,502,10,11,0,0.026334,17962,17962,2;6;7;8;9;11;12;13;15;16;17,24,11,10,25,0,35,1
785,512,502,10,11,0,0.026743,17930,17930,2;6;7;8;9;11;12;13;15;16;17,24,11,10,25,0,35,1
786,512,502,10,11,0,0.027413,17899,17899,2;6;7;8;9;11;12;13;15;16;17,24,11,10,25,0,35,1
787,512,502,10,11,0,0.027743,17863,17863,2;6;7;8;9;11;12;13;15;16;17,24,11,10,25,0,35,1
788,512,502,10,11,0,0.028206,17831,17831,2;6;7;8;9;11;12;13;15;16;17,24,11,10,25,0,35,1
789,512,502,10,11,0,0.028623,17800,17800,2;6;7;8;9;11;12;13;15;16;17,24,11,10,25,0,35,1
790,512,502,10,11,0,0.029131,17768,17768,2;6;7;8;9;11;12;13;15;16;17,24,11,10,25,0,35,1
791,512,502,10,11,0,0.029552,17737,17737,2;6;7;8;9;11;12;13;15;16;17,24,11,10,25,0,35,1
792,512,502,10,11,0,0.029952,17706,17706,2;6;7;8;9;11;12;13;15;16;17,24,11,10,25,0,35,1
793,512,502,10,11,0,0.030392,17674,17674,2;6;7;8;9;11;12;13;15;16;17,24,11,10,25,0,35,1
794,512,502,10,11,0,0.030860,17643,17643,2;6;7;8;9;11;12;13;15;16;17,24,11,10,25,0,35,1
795,512,502,10,11,0,0.031067,17612,17612,2;6;7;8;9;11;12;13;15;16;17,24,11,10,25,0,35,1
796,512,502,10,11,0,0.031491,17580,17580,2;6;7;8;9;11;12;13;15;16;17,24,11,10,25,0,35,1
797,512,502,10,11,0,0.031898,17549,17549,2;6;7;8;9;11;12;13;15;16;17,24,11,10,25,0,35,1
798,512,502,10,11,0,0.032222,17517,17517,2;6;7;8;9;11;12;13;15;16;17,24,11,10,25,0,35,1
799,512,502,10,11,0,0.032640,17486,17486,2;6;7;8;9;11;12;13;15;16;17,24,11,10,25,0,35,1
800,512,502,10,11,0,0.033044,17455,17455,2;6;7;8;9;11;12;13;15;16;17,25,11,10,26,0,36,1
801,512,502,10,11,0,0.033280,17423,17423,2;6;7;8;9;11;12;13;15;16;17,25,11,10,26,0,36,1
802,512,502,10,11,0,0.033702,17392,17392,2;6;7;8;9;11;12;13;15;16;17,25,11,10,26,0,36,1
803,512,502,10,11,0,0.034026,17361,17361,2;6;7;8;9;11;12;13;15;16;17,25,11,10,26,0,36,1
804,512,502,10,11,0,0.034558,17329,17329,2;6;7;8;9;11;12;13;15;16;17,25,11,10,26,0,36,1
805,512,502,10,11,0,0.034995,17298,17298,2;6;7;8;9;11;12;13;15;16;17,25,11,10,26,0,36,1
806,512,502,10,12,1,0.035549,17262,17262,2;6;7;8;9;11;12;13;15;16;17;18,25,12,10,27,0,37,1
807,512,501,11,12,0,0.025267,17231,17231,2;6;7;8;9;11;12;13;15;16;17;18,25,12,11,26,0,37,1
808,512,501,11,12,0,0.025632,17195,17195,2;6;7;8;9;11;12;13;15;16;17;18,25,12,11,26,0,37,1
809,512,501,11,12,0,0.026183,17163,17163,2;6;7;8;9;11;12;13;15;16;17;18,25,12,11,26,0,37,1
810,512,501,11,12,0,0.026640,17132,17132,2;6;7;8;9;11;12;13;15;16;17;18,25,12,11,26,0,37,1
811,512,501,11,12,0,0.027133,17101,17101,2;6;7;8;9;11;12;13;15;16;17;18,25,12,11,26,0,37,1
812,512,501,11,12,0,0.027588,17069,17069,2;6;7;8;9;11;12;13;15;16;17;18,25,12,11,26,0,37,1
813,512,501,11,12,0,0.028127,17038,17038,2;6;7;8;9;11;12;13;15;16;17;18,25,12,11,26,0,37,1
814,512,501,11,12,0,0.028587,16997,16997,2;6;7;8;9;11;12;13;15;16;17;18,25,12,11,26,0,37,1
815,512,501,11,12,0,0.028959,16965,16965,2;6;7;8;9;11;12;13;15;16;17;18,25,12,11,26,0,37,1
816,512,501,11,12,0,0.029464,16934,16934,2;6;7;8;9;11;12;13;15;16;17;18,25,12,11,26,0,37,1
817,512,501,11,12,0,0.029907,16898,16898,2;6;7;8;9;11;12;13;15;16;17;18,25,12,11,26,0,37,1
818,512,501,11,12,0,0.030227,16862,16862,2;6;7;8;9;11;12;13;15;16;17;18,25,12,11,26,0,37,1
819,512,501,11,12,0,0.030749,16830,16830,2;6;7;8;9;11;12;13;15;16;17;18,25,12,11,26,0,37,1
820,512,501,11,12,0,0.031132,16799,16799,2;6;7;8;9;11;12;13;15;16;17;18,25,12,11,26,0,37,1
821,512,501,11,12,0,0.031448,16768,16768,2;6;7;8;9;11;12;13;15;16;17;18,25,12,11,26,0,37,1
822,512,501,11,12,0,0.031736,16736,16736,2;6;7;8;9;11;12;13;15;16;17;18,25,12,11,26,0,37,1
823,512,501,11,12,0,0.032240,16705,16705,2;6;7;8;9;11;12;13;15;16;17;18,25,12,11,26,0,37,1
824,512,501,11,12,0,0.032636,16674,16674,2;6;7;8;9;11;12;13;15;16;17;18,25,12,11,26,0,37,1
825,512,501,11,12,0,0.032881,16642,16642,2;6;7;8;9;11;12;13;15;16;17;18,25,12,11,26,0,37,1
826,512,501,11,12,0,0.033309,16611,16611,2;6;7;8;9;11;12;13;15;16;17;18,25,12,11,26,0,37,1
827,512,501,11,12,0,0.033697,16580,16580,2;6;7;8;9;11;12;13;15;16;17;18,25,12,11,26,0,37,1
828,512,501,11,12,0,0.033903,16548,16548,2;6;7;8;9;11;12;13;15;16;17;18,25,12,11,26,0,37,1
829,512,501,11,12,0,0.034276,16517,16517,2;6;7;8;9;11;12;13;15;16;17;18,25,12,11,26,0,37,1
830,512,501,11,12,0,0.034988,16486,16486,2;6;7;8;9;11;12;13;15;16;17;18,25,12,11,26,0,37,1
831,512,501,11,12,0,0.035196,16449,16449,2;6;7;8;9;11;12;13;15;16;17;18,25,12,11,26,0,37,1
832,512,501,11,12,0,0.035509,16418,16418,2;6;7;8;9;11;12;13;15;16;17;18,25,12,11,26,0,37,1
833,512,501,11,12,0,0.035818,16387,16387,2;6;7;8;9;11;12;13;15;16;17;18,25,12,11,26,0,37,1
834,512,501,11,12,0,0.036311,16356,16356,2;6;7;8;9;11;12;13;15;16;17;18,26,12,11,27,0,38,1
835,512,501,11,12,0,0.036592,16324,16324,2;6;7;8;9;11;12;13;15;16;17;18,26,12,11,27,0,38,1
836,512,501,11,12,0,0.036984,16293,16293,2;6;7;8;9;11;12;13;15;16;17;18,26,12,11,27,0,38,1
837,512,501,11,12,0,0.037406,16262,16262,2;6;7;8;9;11;12;13;15;16;17;18,26,12,11,27,0,38,1
838,512,501,11,12,0,0.037761,16230,16230,2;6;7;8;9;11;12;13;15;16;17;18,26,12,11,27,0,38,1
839,512,501,11,12,0,0.038142,16199,16199,2;6;7;8;9;11;12;13;15;16;17;18,26,12,11,27,0,38,1
840,512,501,11,12,0,0.038426,16163,16163,2;6;7;8;9;11;12;13;15;16;17;18,26,12,11,27,0,38,1
841,512,501,11,12,0,0.038798,16131,16131,2;6;7;8;9;11;12;13;15;16;17;18,26,12,11,27,0,38,1
842,512,501,11,12,0,0.039214,16100,16100,2;6;7;8;9;11;12;13;15;16;17;18,26,12,11,27,0,38,1
843,512,501,11,12,0,0.039518,16069,16069,2;6;7;8;9;11;12;13;15;16;17;18,26,12,11,27,0,38,1
844,512,501,11,12,0,0.039884,16037,16037,2;6;7;8;9;11;12;13;15;16;17;18,26,12,11,27,0,38,1
845,512,501,11,12,0,0.040305,16006,16006,2;6;7;8;9;11;12;13;15;16;17;18,26,12,11,27,0,38,1
846,512,501,11,12,0,0.040782,15975,15975,2;6;7;8;9;11;12;13;15;16;17;18,26,12,11,27,0,38,1
847,512,501,11,13,1,0.041149,15939,15939,2;6;7;8;9;11;12;13;15;16;17;18;19,25,13,11,27,0,38,1
848,512,500,12,13,0,0.026421,15908,15908,2;6;7;8;9;11;12;13;15;16;17;18;19,25,13,12,26,0,38,1
849,512,500,12,13,0,0.026786,15872,15872,2;6;7;8;9;11;12;13;15;16;17;18;19,25,13,12,26,0,38,1
850,512,500,12,13,0,0.027353,15840,15840,2;6;7;8;9;11;12;13;15;16;17;18;19,25,13,12,26,0,38,1
851,512,500,12,13,0,0.027847,15809,15809,2;6;7;8;9;11;12;13;15;16;17;18;19,25,13,12,26,0,38,1
852,512,500,12,13,0,0.028224,15778,15778,2;6;7;8;9;11;12;13;15;16;17;18;19,25,13,12,26,0,38,1
853,512,500,12,13,0,0.028742,15747,15747,2;6;7;8;9;11;12;13;15;16;17;18;19,25,13,12,26,0,38,1
854,512,500,12,13,0,0.029281,15715,15715,2;6;7;8;9;11;12;13;15;16;17;18;19,25,13,12,26,0,38,1
855,512,500,12,13,0,0.029741,15684,15684,2;6;7;8;9;11;12;13;15;16;17;18;19,25,13,12,26,0,38,1
856,512,500,12,13,0,0.030153,15653,15653,2;6;7;8;9;11;12;13;15;16;17;18;19,25,13,12,26,0,38,1
857,512,500,12,13,0,0.030632,15622,15622,2;6;7;8;9;11;12;13;15;16;17;18;19,25,13,12,26,0,38,1
858,512,500,12,13,0,0.031061,15585,15585,2;6;7;8;9;11;12;13;15;16;17;18;19,26,13,12,27,0,39,1
859,512,500,12,13,0,0.031381,15554,15554,2;6;7;8;9;11;12;13;15;16;17;18;19,26,13,12,27,0,39,1
860,512,500,12,13,0,0.031903,15523,15523,2;6;7;8;9;11;12;13;15;16;17;18;19,26,13,12,27,0,39,1
861,512,500,12,13,0,0.032286,15492,15492,2;6;7;8;9;11;12;13;15;16;17;18;19,26,13,12,27,0,39,1
862,512,500,12,13,0,0.032602,15460,15460,2;6;7;8;9;11;12;13;15;16;17;18;19,26,13,12,27,0,39,1
863,512,500,12,13,0,0.033107,15429,15429,2;6;7;8;9;11;12;13;15;16;17;18;19,26,13,12,27,0,39,1
864,512,500,12,13,0,0.033394,15398,15398,2;6;7;8;9;11;12;13;15;16;17;18;19,26,13,12,27,0,39,1
865,512,500,12,13,0,0.033790,15367,15367,2;6;7;8;9;11;12;13;15;16;17;18;19,27,13,12,28,0,40,1
866,512,500,12,13,0,0.034034,15335,15335,2;6;7;8;9;11;12;13;15;16;17;18;19,27,13,12,28,0,40,1
867,512,500,12,13,0,0.034463,15299,15299,2;6;7;8;9;11;12;13;15;16;17;18;19,27,13,12,28,0,40,1
868,512,500,12,13,0,0.034870,15268,15268,2;6;7;8;9;11;12;13;15;16;17;18;19,27,13,12,28,0,40,1
869,512,500,12,13,0,0.035060,15237,15237,2;6;7;8;9;11;12;13;15;16;17;18;19,27,13,12,28,0,40,1
870,512,500,12,13,0,0.035433,15205,15205,2;6;7;8;9;11;12;13;15;16;17;18;19,28,13,12,29,0,41,1
871,512,500,12,13,0,0.036145,15174,15174,2;6;7;8;9;11;12;13;15;16;17;18;19,28,13,12,29,0,41,1
872,512,500,12,13,0,0.036353,15138,15138,2;6;7;8;9;11;12;13;15;16;17;18;19,28,13,12,29,0,41,1
873,512,500,12,13,0,0.036666,15107,15107,2;6;7;8;9;11;12;13;15;16;17;18;19,28,13,12,29,0,41,1
874,512,500,12,13,0,0.036975,15075,15075,2;6;7;8;9;11;12;13;15;16;17;18;19,28,13,12,29,0,41,1
875,512,501,11,12,0,0.036351,16520,16520,2;7;8;9;11;12;13;15;16;17;18;19,28,12,11,29,0,40,1
876,512,501,11,12,0,0.036632,16489,16489,2;7;8;9;11;12;13;15;16;17;18;19,28,12,11,29,0,40,1
877,512,501,11,12,0,0.037024,16457,16457,2;7;8;9;11;12;13;15;16;17;18;19,28,12,11,29,0,40,1
878,512,501,11,12,0,0.037447,16426,16426,2;7;8;9;11;12;13;15;16;17;18;19,28,12,11,29,0,40,1
879,512,501,11,12,0,0.037942,16395,16395,2;7;8;9;11;12;13;15;16;17;18;19,28,12,11,29,0,40,1
880,512,501,11,13,1,0.038466,16359,16359,2;7;8;9;11;12;13;15;16;17;18;19;20,27,13,11,29,0,40,1
881,512,500,12,13,0,0.026275,16327,16327,2;7;8;9;11;12;13;15;16;17;18;19;20,27,13,12,28,0,40,1
882,512,500,12,13,0,0.026759,16296,16296,2;7;8;9;11;12;13;15;16;17;18;19;20,27,13,12,28,0,40,1
883,512,500,12,13,0,0.027183,16265,16265,2;7;8;9;11;12;13;15;16;17;18;19;20,27,13,12,28,0,40,1
884,512,500,12,13,0,0.027662,16234,16234,2;7;8;9;11;12;13;15;16;17;18;19;20,27,13,12,28,0,40,1
885,512,500,12,13,0,0.028174,16202,16202,2;7;8;9;11;12;13;15;16;17;18;19;20,27,13,12,28,0,40,1
886,512,500,12,13,0,0.028598,16171,16171,2;7;8;9;11;12;13;15;16;17;18;19;20,27,13,12,28,0,40,1
887,512,500,12,13,0,0.029152,16140,16140,2;7;8;9;11;12;13;15;16;17;18;19;20,27,13,12,28,0,40,1
888,512,500,12,13,0,0.029576,16104,16104,2;7;8;9;11;12;13;15;16;17;18;19;20,28,13,12,29,0,41,1
889,512,500,12,13,0,0.030005,16072,16072,2;7;8;9;11;12;13;15;16;17;18;19;20,28,13,12,29,0,41,1
890,512,500,12,13,0,0.030314,16041,16041,2;7;8;9;11;12;13;15;16;17;18;19;20,29,13,12,30,0,42,1
891,512,500,12,13,0,0.030926,16010,16010,2;7;8;9;11;12;13;15;16;17;18;19;20,29,13,12,30,0,42,1
892,512,500,12,13,0,0.031277,15979,15979,2;7;8;9;11;12;13;15;16;17;18;19;20,29,13,12,30,0,42,1
893,512,500,12,13,0,0.031516,15947,15947,2;7;8;9;11;12;13;15;16;17;18;19;20,29,13,12,30,0,42,1
894,512,500,12,13,0,0.031965,15906,15906,2;7;8;9;11;12;13;15;16;17;18;19;20,31,13,12,32,0,44,1
895,512,500,12,13,0,0.032456,15875,15875,2;7;8;9;11;12;13;15;16;17;18;19;20,31,13,12,32,0,44,1
896,512,500,12,13,0,0.032776,15844,15844,2;7;8;9;11;12;13;15;16;17;18;19;20,31,13,12,32,0,44,1
897,512,500,12,13,0,0.033099,15812,15812,2;7;8;9;11;12;13;15;16;17;18;19;20,31,13,12,32,0,44,1
898,512,501,11,12,0,0.032540,16462,16462,2;7;9;11;12;13;15;16;17;18;19;20,31,12,11,32,0,43,1
899,512,501,11,12,0,0.032783,16431,16431,2;7;9;11;12;13;15;16;17;18;19;20,31,12,11,32,0,43,1
900,512,501,11,12,0,0.033110,16399,16399,2;7;9;11;12;13;15;16;17;18;19;20,31,12,11,32,0,43,1
901,512,501,11,12,0,0.033384,16368,16368,2;7;9;11;12;13;15;16;17;18;19;20,31,12,11,32,0,43,1
902,512,501,11,12,0,0.033824,16337,16337,2;7;9;11;12;13;15;16;17;18;19;20,31,12,11,32,0,43,1
903,512,501,11,12,0,0.034211,16305,16305,2;7;9;11;12;13;15;16;17;18;19;20,31,12,11,32,0,43,1
904,512,501,11,12,0,0.034674,16274,16274,2;7;9;11;12;13;15;16;17;18;19;20,31,12,11,32,0,43,1
905,512,501,11,12,0,0.035010,16243,16243,2;7;9;11;12;13;15;16;17;18;19;20,31,12,11,32,0,43,1
906,512,501,11,12,0,0.035346,16211,16211,2;7;9;11;12;13;15;16;17;18;19;20,31,12,11,32,0,43,1
907,512,501,11,12,0,0.035644,16180,16180,2;7;9;11;12;13;15;16;17;18;19;20,31,12,11,32,0,43,1
908,512,501,11,12,0,0.036131,16149,16149,2;7;9;11;12;13;15;16;17;18;19;20,31,12,11,32,0,43,1
909,512,502,10,11,0,0.036640,16619,16619,7;9;11;12;13;15;16;17;18;19;20,31,11,10,32,0,42,1
910,512,502,10,11,0,0.037079,16588,16588,7;9;11;12;13;15;16;17;18;19;20,31,11,10,32,0,42,1
911,512,502,10,11,0,0.037389,16557,16557,7;9;11;12;13;15;16;17;18;19;20,31,11,10,32,0,42,1
912,512,502,10,11,0,0.037866,16525,16525,7;9;11;12;13;15;16;17;18;19;20,31,11,10,32,0,42,1
913,512,502,10,11,0,0.038302,16494,16494,7;9;11;12;13;15;16;17;18;19;20,31,11,10,32,0,42,1
914,512,502,10,11,0,0.038563,16463,16463,7;9;11;12;13;15;16;17;18;19;20,31,11,10,32,0,42,1
915,512,502,10,11,0,0.038910,16431,16431,7;9;11;12;13;15;16;17;18;19;20,31,11,10,32,0,42,1
916,512,502,10,11,0,0.039378,16400,16400,7;9;11;12;13;15;16;17;18;19;20,32,11,10,33,0,43,1
917,512,502,10,11,0,0.039626,16363,16363,7;9;11;12;13;15;16;17;18;19;20,32,11,10,33,0,43,1
918,512,502,10,11,0,0.040109,16332,16332,7;9;11;12;13;15;16;17;18;19;20,32,11,10,33,0,43,1
919,512,502,10,11,0,0.040384,16301,16301,7;9;11;12;13;15;16;17;18;19;20,32,11,10,33,0,43,1
920,512,502,10,11,0,0.040945,16264,16264,7;9;11;12;13;15;16;17;18;19;20,32,11,10,33,0,43,1
921,512,502,10,11,0,0.041399,16233,16233,7;9;11;12;13;15;16;17;18;19;20,32,11,10,33,0,43,1
922,512,502,10,11,0,0.041576,16202,16202,7;9;11;12;13;15;16;17;18;19;20,32,11,10,33,0,43,1
923,512,502,10,11,0,0.041864,16170,16170,7;9;11;12;13;15;16;17;18;19;20,32,11,10,33,0,43,1
924,512,503,9,10,0,0.042440,16737,16737,7;9;11;12;13;16;17;18;19;20,32,10,9,33,0,42,1
925,512,503,9,10,0,0.042727,16705,16705,7;9;11;12;13;16;17;18;19;20,32,10,9,33,0,42,1
926,512,503,9,10,0,0.043247,16674,16674,7;9;11;12;13;16;17;18;19;20,32,10,9,33,0,42,1
927,512,503,9,10,0,0.043711,16642,16642,7;9;11;12;13;16;17;18;19;20,32,10,9,33,0,42,1
928,512,503,9,10,0,0.044084,16611,16611,7;9;11;12;13;16;17;18;19;20,32,10,9,33,0,42,1
929,512,503,9,10,0,0.044494,16580,16580,7;9;11;12;13;16;17;18;19;20,33,10,9,34,0,43,1
930,512,503,9,10,0,0.044651,16548,16548,7;9;11;12;13;16;17;18;19;20,33,10,9,34,0,43,1
931,512,503,9,10,0,0.044994,16517,16517,7;9;11;12;13;16;17;18;19;20,33,10,9,34,0,43,1
932,512,503,9,10,0,0.045429,16485,16485,7;9;11;12;13;16;17;18;19;20,33,10,9,34,0,43,1
933,512,504,8,10,1,0.045717,18159,18159,9;11;12;13;16;17;18;19;20;21,32,10,8,34,0,42,1
934,512,503,9,10,0,0.025517,18127,18127,9;11;12;13;16;17;18;19;20;21,32,10,9,33,0,42,1
935,512,503,9,10,0,0.025925,18096,18096,9;11;12;13;16;17;18;19;20;21,32,10,9,33,0,42,1
936,512,503,9,10,0,0.026489,18065,18065,9;11;12;13;16;17;18;19;20;21,32,10,9,33,0,42,1
937,512,503,9,10,0,0.026946,18033,18033,9;11;12;13;16;17;18;19;20;21,32,10,9,33,0,42,1
938,512,503,9,10,0,0.027388,17997,17997,9;11;12;13;16;17;18;19;20;21,32,10,9,33,0,42,1
939,512,503,9,10,0,0.027836,17965,17965,9;11;12;13;16;17;18;19;20;21,32,10,9,33,0,42,1
940,512,503,9,10,0,0.028373,17934,17934,9;11;12;13;16;17;18;19;20;21,32,10,9,33,0,42,1
941,512,503,9,10,0,0.028832,17902,17902,9;11;12;13;16;17;18;19;20;21,32,10,9,33,0,42,1
942,512,503,9,10,0,0.029250,17871,17871,9;11;12;13;16;17;18;19;20;21,32,10,9,33,0,42,1
943,512,503,9,10,0,0.029679,17839,17839,9;11;12;13;16;17;18;19;20;21,32,10,9,33,0,42,1
944,512,503,9,10,0,0.030169,17808,17808,9;11;12;13;16;17;18;19;20;21,32,10,9,33,0,42,1
945,512,503,9,11,1,0.030680,17772,17772,9;11;12;13;16;17;18;19;20;21;22,31,11,9,33,0,42,1
946,512,502,10,11,0,0.025244,17741,17741,9;11;12;13;16;17;18;19;20;21;22,31,11,10,32,0,42,1
947,512,502,10,11,0,0.025651,17710,17710,9;11;12;13;16;17;18;19;20;21;22,31,11,10,32,0,42,1
948,512,502,10,11,0,0.026158,17678,17678,9;11;12;13;16;17;18;19;20;21;22,32,11,10,33,0,43,1
949,512,502,10,11,0,0.026627,17647,17647,9;11;12;13;16;17;18;19;20;21;22,32,11,10,33,0,43,1
950,512,502,10,11,0,0.027115,17615,17615,9;11;12;13;16;17;18;19;20;21;22,32,11,10,33,0,43,1
951,512,502,10,11,0,0.027563,17584,17584,9;11;12;13;16;17;18;19;20;21;22,32,11,10,33,0,43,1
952,512,502,10,11,0,0.028100,17548,17548,9;11;12;13;16;17;18;19;20;21;22,32,11,10,33,0,43,1
953,512,502,10,11,0,0.028559,17516,17516,9;11;12;13;16;17;18;19;20;21;22,32,11,10,33,0,43,1
954,512,502,10,11,0,0.028977,17485,17485,9;11;12;13;16;17;18;19;20;21;22,32,11,10,33,0,43,1
955,512,502,10,11,0,0.029458,17454,17454,9;11;12;13;16;17;18;19;20;21;22,32,11,10,33,0,43,1
956,512,502,10,11,0,0.029836,17422,17422,9;11;12;13;16;17;18;19;20;21;22,32,11,10,33,0,43,1
957,512,502,10,12,1,0.030441,17386,17386,9;11;12;13;16;17;18;19;20;21;22;23,31,12,10,33,0,43,1
958,512,501,11,12,0,0.025466,17355,17355,9;11;12;13;16;17;18;19;20;21;22;23,31,12,11,32,0,43,1
959,512,501,11,12,0,0.025816,17318,17318,9;11;12;13;16;17;18;19;20;21;22;23,31,12,11,32,0,43,1
960,512,501,11,12,0,0.026397,17287,17287,9;11;12;13;16;17;18;19;20;21;22;23,31,12,11,32,0,43,1
961,512,501,11,12,0,0.026754,17256,17256,9;11;12;13;16;17;18;19;20;21;22;23,31,12,11,32,0,43,1
962,512,501,11,12,0,0.027196,17224,17224,9;11;12;13;16;17;18;19;20;21;22;23,31,12,11,32,0,43,1
963,512,501,11,12,0,0.027706,17193,17193,9;11;12;13;16;17;18;19;20;21;22;23,31,12,11,32,0,43,1
964,512,501,11,12,0,0.028241,17162,17162,9;11;12;13;16;17;18;19;20;21;22;23,31,12,11,32,0,43,1
965,512,501,11,12,0,0.028640,17130,17130,9;11;12;13;16;17;18;19;20;21;22;23,31,12,11,32,0,43,1
966,512,501,11,12,0,0.029099,17099,17099,9;11;12;13;16;17;18;19;20;21;22;23,31,12,11,32,0,43,1
967,512,501,11,12,0,0.029487,17068,17068,9;11;12;13;16;17;18;19;20;21;22;23,31,12,11,32,0,43,1
968,512,501,11,12,0,0.029977,17031,17031,9;11;12;13;16;17;18;19;20;21;22;23,31,12,11,32,0,43,1
969,512,501,11,12,0,0.030317,17000,17000,9;11;12;13;16;17;18;19;20;21;22;23,31,12,11,32,0,43,1
970,512,501,11,12,0,0.030814,16969,16969,9;11;12;13;16;17;18;19;20;21;22;23,31,12,11,32,0,43,1
971,512,501,11,12,0,0.031166,16938,16938,9;11;12;13;16;17;18;19;20;21;22;23,31,12,11,32,0,43,1
972,512,501,11,12,0,0.031551,16906,16906,9;11;12;13;16;17;18;19;20;21;22;23,31,12,11,32,0,43,1
973,512,501,11,12,0,0.032034,16875,16875,9;11;12;13;16;17;18;19;20;21;22;23,31,12,11,32,0,43,1
974,512,501,11,12,0,0.032292,16839,16839,9;11;12;13;16;17;18;19;20;21;22;23,32,12,11,33,0,44,1
975,512,501,11,12,0,0.032724,16807,16807,9;11;12;13;16;17;18;19;20;21;22;23,32,12,11,33,0,44,1
976,512,501,11,12,0,0.033155,16776,16776,9;11;12;13;16;17;18;19;20;21;22;23,32,12,11,33,0,44,1
977,512,501,11,12,0,0.033328,16745,16745,9;11;12;13;16;17;18;19;20;21;22;23,32,12,11,33,0,44,1
978,512,501,11,12,0,0.033786,16708,16708,9;11;12;13;16;17;18;19;20;21;22;23,32,12,11,33,0,44,1
979,512,501,11,12,0,0.034144,16677,16677,9;11;12;13;16;17;18;19;20;21;22;23,32,12,11,33,0,44,1
980,512,501,11,13,1,0.035069,16643,16643,9;11;12;13;16;17;18;19;20;21;22;23;24,31,13,11,33,0,44,1
981,512,500,12,13,0,0.026626,16612,16612,9;11;12;13;16;17;18;19;20;21;22;23;24,31,13,12,32,0,44,1
982,512,500,12,13,0,0.027070,16581,16581,9;11;12;13;16;17;18;19;20;21;22;23;24,31,13,12,32,0,44,1
983,512,500,12,13,0,0.027375,16550,16550,9;11;12;13;16;17;18;19;20;21;22;23;24,31,13,12,32,0,44,1
984,512,500,12,13,0,0.028010,16518,16518,9;11;12;13;16;17;18;19;20;21;22;23;24,32,13,12,33,0,45,1
985,512,500,12,13,0,0.028480,16487,16487,9;11;12;13;16;17;18;19;20;21;22;23;24,32,13,12,33,0,45,1
986,512,500,12,13,0,0.028785,16456,16456,9;11;12;13;16;17;18;19;20;21;22;23;24,32,13,12,33,0,45,1
987,512,500,12,13,0,0.029462,16425,16425,9;11;12;13;16;17;18;19;20;21;22;23;24,32,13,12,33,0,45,1
988,512,500,12,13,0,0.029853,16393,16393,9;11;12;13;16;17;18;19;20;21;22;23;24,32,13,12,33,0,45,1
989,512,500,12,13,0,0.030166,16362,16362,9;11;12;13;16;17;18;19;20;21;22;23;24,32,13,12,33,0,45,1
990,512,500,12,13,0,0.030546,16331,16331,9;11;12;13;16;17;18;19;20;21;22;23;24,32,13,12,33,0,45,1
991,512,500,12,13,0,0.031137,16300,16300,9;11;12;13;16;17;18;19;20;21;22;23;24,32,13,12,33,0,45,1
992,512,500,12,13,0,0.031403,16268,16268,9;11;12;13;16;17;18;19;20;21;22;23;24,32,13,12,33,0,45,1
993,512,500,12,13,0,0.031852,16237,16237,9;11;12;13;16;17;18;19;20;21;22;23;24,32,13,12,33,0,45,1
994,512,500,12,13,0,0.032158,16206,16206,9;11;12;13;16;17;18;19;20;21;22;23;24,32,13,12,33,0,45,1
995,512,500,12,13,0,0.032626,16175,16175,9;11;12;13;16;17;18;19;20;21;22;23;24,32,13,12,33,0,45,1
996,512,500,12,13,0,0.032991,16143,16143,9;11;12;13;16;17;18;19;20;21;22;23;24,32,13,12,33,0,45,1
997,512,500,12,13,0,0.033329,16107,16107,9;11;12;13;16;17;18;19;20;21;22;23;24,32,13,12,33,0,45,1
998,512,500,12,13,0,0.033785,16076,16076,9;11;12;13;16;17;18;19;20;21;22;23;24,33,13,12,34,0,46,1
999,512,500,12,13,0,0.034043,16045,16045,9;11;12;13;16;17;18;19;20;21;22;23;24,33,13,12,34,0,46,1
1000,512,500,12,13,0,0.034280,16008,16008,9;11;12;13;16;17;18;19;20;21;22;23;24,34,13,12,35,0,47,1
1001,512,500,12,13,0,0.034714,15977,15977,9;11;12;13;16;17;18;19;20;21;22;23;24,34,13,12,35,0,47,1
1002,512,500,12,13,0,0.035068,15946,15946,9;11;12;13;16;17;18;19;20;21;22;23;24,35,13,12,36,0,48,1
1003,512,500,12,13,0,0.035557,15915,15915,9;11;12;13;16;17;18;19;20;21;22;23;24,35,13,12,36,0,48,1
1004,512,500,12,13,0,0.035994,15883,15883,9;11;12;13;16;17;18;19;20;21;22;23;24,35,13,12,36,0,48,1
1005,512,500,12,13,0,0.036294,15852,15852,9;11;12;13;16;17;18;19;20;21;22;23;24,35,13,12,36,0,48,1
1006,512,500,12,13,0,0.036646,15821,15821,9;11;12;13;16;17;18;19;20;21;22;23;24,35,13,12,36,0,48,1
1007,512,500,12,13,0,0.037099,15790,15790,9;11;12;13;16;17;18;19;20;21;22;23;24,35,13,12,36,0,48,1
1008,512,500,12,13,0,0.037381,15758,15758,9;11;12;13;16;17;18;19;20;21;22;23;24,35,13,12,36,0,48,1
1009,512,500,12,13,0,0.037852,15727,15727,9;11;12;13;16;17;18;19;20;21;22;23;24,35,13,12,36,0,48,1
1010,512,500,12,14,1,0.038346,15691,15691,9;11;12;13;16;17;18;19;20;21;22;23;24;25,34,14,12,36,0,48,1
1011,512,499,13,14,0,0.026289,15660,15660,9;11;12;13;16;17;18;19;20;21;22;23;24;25,34,14,13,35,0,48,1
1012,512,499,13,14,0,0.026639,15624,15624,9;11;12;13;16;17;18;19;20;21;22;23;24;25,34,14,13,35,0,48,1
1013,512,499,13,14,0,0.027219,15593,15593,9;11;12;13;16;17;18;19;20;21;22;23;24;25,34,14,13,35,0,48,1
1014,512,499,13,14,0,0.027577,15556,15556,9;11;12;13;16;17;18;19;20;21;22;23;24;25,34,14,13,35,0,48,1
1015,512,499,13,14,0,0.028018,15525,15525,9;11;12;13;16;17;18;19;20;21;22;23;24;25,34,14,13,35,0,48,1
1016,512,499,13,14,0,0.028529,15494,15494,9;11;12;13;16;17;18;19;20;21;22;23;24;25,34,14,13,35,0,48,1
1017,512,499,13,14,0,0.029064,15458,15458,9;11;12;13;16;17;18;19;20;21;22;23;24;25,34,14,13,35,0,48,1
1018,512,499,13,14,0,0.029463,15422,15422,9;11;12;13;16;17;18;19;20;21;22;23;24;25,34,14,13,35,0,48,1
1019,512,499,13,14,0,0.029881,15390,15390,9;11;12;13;16;17;18;19;20;21;22;23;24;25,35,14,13,36,0,49,1
1020,512,499,13,14,0,0.030310,15359,15359,9;11;12;13;16;17;18;19;20;21;22;23;24;25,35,14,13,36,0,49,1
1021,512,499,13,14,0,0.030800,15328,15328,9;11;12;13;16;17;18;19;20;21;22;23;24;25,35,14,13,36,0,49,1
1022,512,499,13,14,0,0.031140,15297,15297,9;11;12;13;16;17;18;19;20;21;22;23;24;25,35,14,13,36,0,49,1
1023,512,499,13,14,0,0.031637,15266,15266,9;11;12;13;16;17;18;19;20;21;22;23;24;25,35,14,13,36,0,49,1
1024,512,499,13,14,0,0.031956,15235,15235,9;11;12;13;16;17;18;19;20;21;22;23;24;25,35,14,13,36,0,49,1
1025,512,499,13,14,0,0.032374,15203,15203,9;11;12;13;16;17;18;19;20;21;22;23;24;25,35,14,13,36,0,49,1
1026,512,499,13,14,0,0.032857,15172,15172,9;11;12;13;16;17;18;19;20;21;22;23;24;25,35,14,13,36,0,49,1
1027,512,499,13,14,0,0.033115,15141,15141,9;11;12;13;16;17;18;19;20;21;22;23;24;25,35,14,13,36,0,49,1
1028,512,499,13,14,0,0.033547,15110,15110,9;11;12;13;16;17;18;19;20;21;22;23;24;25,35,14,13,36,0,49,1
1029,512,499,13,14,0,0.033962,15079,15079,9;11;12;13;16;17;18;19;20;21;22;23;24;25,36,14,13,37,0,50,1
1030,512,499,13,14,0,0.034219,15047,15047,9;11;12;13;16;17;18;19;20;21;22;23;24;25,36,14,13,37,0,50,1
1031,512,499,13,14,0,0.034609,15016,15016,9;11;12;13;16;17;18;19;20;21;22;23;24;25,36,14,13,37,0,50,1
1032,512,499,13,14,0,0.034967,14980,14980,9;11;12;13;16;17;18;19;20;21;22;23;24;25,36,14,13,37,0,50,1
1033,512,499,13,14,0,0.035493,14949,14949,9;11;12;13;16;17;18;19;20;21;22;23;24;25,36,14,13,37,0,50,1
1034,512,499,13,14,0,0.035866,14918,14918,9;11;12;13;16;17;18;19;20;21;22;23;24;25,36,14,13,37,0,50,1
1035,512,499,13,14,0,0.036213,14881,14881,9;11;12;13;16;17;18;19;20;21;22;23;24;25,36,14,13,37,0,50,1
1036,512,499,13,14,0,0.036536,14850,14850,9;11;12;13;16;17;18;19;20;21;22;23;24;25,36,14,13,37,0,50,1
1037,512,499,13,14,0,0.036967,14819,14819,9;11;12;13;16;17;18;19;20;21;22;23;24;25,36,14,13,37,0,50,1
1038,512,499,13,14,0,0.037406,14788,14788,9;11;12;13;16;17;18;19;20;21;22;23;24;25,36,14,13,37,0,50,1
1039,512,499,13,14,0,0.037785,14752,14752,9;11;12;13;16;17;18;19;20;21;22;23;24;25,36,14,13,37,0,50,1
1040,512,499,13,14,0,0.038133,14721,14721,9;11;12;13;16;17;18;19;20;21;22;23;24;25,37,14,13,38,0,51,1
1041,512,499,13,14,0,0.038383,14689,14689,9;11;12;13;16;17;18;19;20;21;22;23;24;25,37,14,13,38,0,51,1
1042,512,499,13,14,0,0.039063,14658,14658,9;11;12;13;16;17;18;19;20;21;22;23;24;25,37,14,13,38,0,51,1
1043,512,499,13,14,0,0.039290,14627,14627,9;11;12;13;16;17;18;19;20;21;22;23;24;25,37,14,13,38,0,51,1
1044,512,499,13,14,0,0.039544,14596,14596,9;11;12;13;16;17;18;19;20;21;22;23;24;25,37,14,13,38,0,51,1
1045,512,499,13,14,0,0.039862,14565,14565,9;11;12;13;16;17;18;19;20;21;22;23;24;25,37,14,13,38,0,51,1
1046,512,499,13,14,0,0.040352,14533,14533,9;11;12;13;16;17;18;19;20;21;22;23;24;25,37,14,13,38,0,51,1
1047,512,499,13,14,0,0.040648,14502,14502,9;11;12;13;16;17;18;19;20;21;22;23;24;25,37,14,13,38,0,51,1
1048,512,499,13,14,0,0.040963,14466,14466,9;11;12;13;16;17;18;19;20;21;22;23;24;25,37,14,13,38,0,51,1
1049,512,499,13,14,0,0.041392,14435,14435,9;11;12;13;16;17;18;19;20;21;22;23;24;25,37,14,13,38,0,51,1
1050,512,499,13,14,0,0.041911,14404,14404,9;11;12;13;16;17;18;19;20;21;22;23;24;25,37,14,13,38,0,51,1
1051,512,499,13,14,0,0.042211,14372,14372,9;11;12;13;16;17;18;19;20;21;22;23;24;25,37,14,13,38,0,51,1
1052,512,499,13,14,0,0.042516,14341,14341,9;11;12;13;16;17;18;19;20;21;22;23;24;25,37,14,13,38,0,51,1
1053,512,499,13,14,0,0.042833,14310,14310,9;11;12;13;16;17;18;19;20;21;22;23;24;25,37,14,13,38,0,51,1
1054,512,499,13,14,0,0.043148,14274,14274,9;11;12;13;16;17;18;19;20;21;22;23;24;25,37,14,13,38,0,51,1
1055,512,499,13,14,0,0.043476,14243,14243,9;11;12;13;16;17;18;19;20;21;22;23;24;25,37,14,13,38,0,51,1
1056,512,499,13,14,0,0.044013,14212,14212,9;11;12;13;16;17;18;19;20;21;22;23;24;25,37,14,13,38,0,51,1
1057,512,499,13,14,0,0.044393,14180,14180,9;11;12;13;16;17;18;19;20;21;22;23;24;25,37,14,13,38,0,51,1
1058,512,499,13,14,0,0.044841,14144,14144,9;11;12;13;16;17;18;19;20;21;22;23;24;25,38,14,13,39,0,52,1
1059,512,499,13,14,0,0.045237,14113,14113,9;11;12;13;16;17;18;19;20;21;22;23;24;25,38,14,13,39,0,52,1
1060,512,499,13,14,0,0.045400,14082,14082,9;11;12;13;16;17;18;19;20;21;22;23;24;25,38,14,13,39,0,52,1
1061,512,499,13,14,0,0.045736,14051,14051,9;11;12;13;16;17;18;19;20;21;22;23;24;25,38,14,13,39,0,52,1
1062,512,499,13,14,0,0.046214,14019,14019,9;11;12;13;16;17;18;19;20;21;22;23;24;25,38,14,13,39,0,52,1
1063,512,499,13,14,0,0.046454,13988,13988,9;11;12;13;16;17;18;19;20;21;22;23;24;25,38,14,13,39,0,52,1
1064,512,499,13,14,0,0.046992,13957,13957,9;11;12;13;16;17;18;19;20;21;22;23;24;25,38,14,13,39,0,52,1
1065,512,499,13,14,0,0.047419,13926,13926,9;11;12;13;16;17;18;19;20;21;22;23;24;25,38,14,13,39,0,52,1
1066,512,499,13,14,0,0.047820,13895,13895,9;11;12;13;16;17;18;19;20;21;22;23;24;25,38,14,13,39,0,52,1
1067,512,499,13,14,0,0.048157,13863,13863,9;11;12;13;16;17;18;19;20;21;22;23;24;25,38,14,13,39,0,52,1
1068,512,499,13,14,0,0.048497,13832,13832,9;11;12;13;16;17;18;19;20;21;22;23;24;25,38,14,13,39,0,52,1
1069,512,499,13,14,0,0.048723,13801,13801,9;11;12;13;16;17;18;19;20;21;22;23;24;25,39,14,13,40,0,53,1
1070,512,499,13,14,0,0.049280,13770,13770,9;11;12;13;16;17;18;19;20;21;22;23;24;25,39,14,13,40,0,53,1
1071,512,499,13,14,0,0.049470,13739,13739,9;11;12;13;16;17;18;19;20;21;22;23;24;25,39,14,13,40,0,53,1
1072,512,499,13,14,0,0.049990,13708,13708,9;11;12;13;16;17;18;19;20;21;22;23;24;25,39,14,13,40,0,53,1
1073,512,499,13,14,0,0.050206,13676,13676,9;11;12;13;16;17;18;19;20;21;22;23;24;25,39,14,13,40,0,53,1
1074,512,499,13,14,0,0.050814,13645,13645,9;11;12;13;16;17;18;19;20;21;22;23;24;25,39,14,13,40,0,53,1
1075,512,499,13,14,0,0.051123,13614,13614,9;11;12;13;16;17;18;19;20;21;22;23;24;25,39,14,13,40,0,53,1
1076,512,499,13,14,0,0.051492,13583,13583,9;11;12;13;16;17;18;19;20;21;22;23;24;25,39,14,13,40,0,53,1
1077,512,499,13,14,0,0.051833,13547,13547,9;11;12;13;16;17;18;19;20;21;22;23;24;25,40,14,13,41,0,54,1
1078,512,499,13,14,0,0.052094,13515,13515,9;11;12;13;16;17;18;19;20;21;22;23;24;25,40,14,13,41,0,54,1
1079,512,499,13,14,0,0.052463,13484,13484,9;11;12;13;16;17;18;19;20;21;22;23;24;25,40,14,13,41,0,54,1
1080,512,499,13,14,0,0.053023,13448,13448,9;11;12;13;16;17;18;19;20;21;22;23;24;25,40,14,13,41,0,54,1
1081,512,499,13,14,0,0.053288,13417,13417,9;11;12;13;16;17;18;19;20;21;22;23;24;25,40,14,13,41,0,54,1
1082,512,499,13,14,0,0.053906,13386,13386,9;11;12;13;16;17;18;19;20;21;22;23;24;25,40,14,13,41,0,54,1
1083,512,499,13,14,0,0.054096,13354,13354,9;11;12;13;16;17;18;19;20;21;22;23;24;25,40,14,13,41,0,54,1
1084,512,499,13,14,0,0.054280,13323,13323,9;11;12;13;16;17;18;19;20;21;22;23;24;25,40,14,13,41,0,54,1
1085,512,499,13,14,0,0.054601,13292,13292,9;11;12;13;16;17;18;19;20;21;22;23;24;25,41,14,13,42,0,55,1
1086,512,499,13,14,0,0.055365,13256,13256,9;11;12;13;16;17;18;19;20;21;22;23;24;25,41,14,13,42,0,55,1
1087,512,499,13,14,0,0.055564,13225,13225,9;11;12;13;16;17;18;19;20;21;22;23;24;25,41,14,13,42,0,55,1
1088,512,499,13,14,0,0.055836,13194,13194,9;11;12;13;16;17;18;19;20;21;22;23;24;25,43,14,13,44,0,57,1
1089,512,499,13,14,0,0.056237,13162,13162,9;11;12;13;16;17;18;19;20;21;22;23;24;25,43,14,13,44,0,57,1
1090,512,500,12,13,0,0.056644,14089,14089,9;11;12;13;16;17;18;19;20;21;22;23;25,43,13,12,44,0,56,1
1091,512,500,12,13,0,0.056985,14058,14058,9;11;12;13;16;17;18;19;20;21;22;23;25,43,13,12,44,0,56,1
1092,512,500,12,13,0,0.057270,14022,14022,9;11;12;13;16;17;18;19;20;21;22;23;25,43,13,12,44,0,56,1
1093,512,500,12,13,0,0.057709,13990,13990,9;11;12;13;16;17;18;19;20;21;22;23;25,44,13,12,45,0,57,1
1094,512,500,12,13,0,0.058019,13954,13954,9;11;12;13;16;17;18;19;20;21;22;23;25,44,13,12,45,0,57,1
1095,512,500,12,13,0,0.058656,13923,13923,9;11;12;13;16;17;18;19;20;21;22;23;25,45,13,12,46,0,58,1
1096,512,500,12,13,0,0.058875,13892,13892,9;11;12;13;16;17;18;19;20;21;22;23;25,45,13,12,46,0,58,1
1097,512,500,12,13,0,0.059317,13855,13855,9;11;12;13;16;17;18;19;20;21;22;23;25,45,13,12,46,0,58,1
1098,512,500,12,13,0,0.059471,13819,13819,9;11;12;13;16;17;18;19;20;21;22;23;25,45,13,12,46,0,58,1
1099,512,500,12,13,0,0.059828,13788,13788,9;11;12;13;16;17;18;19;20;21;22;23;25,45,13,12,46,0,58,1
1100,512,501,11,12,0,0.059354,13907,13907,9;11;12;16;17;18;19;20;21;22;23;25,46,12,11,47,0,58,1
1101,512,501,11,12,0,0.059928,13875,13875,9;11;12;16;17;18;19;20;21;22;23;25,46,12,11,47,0,58,1
1102,512,501,11,13,1,0.060250,13839,13839,9;11;12;16;17;18;19;20;21;22;23;25;26,45,13,11,47,0,58,1
1103,512,500,12,13,0,0.027183,13808,13808,9;11;12;16;17;18;19;20;21;22;23;25;26,45,13,12,46,0,58,1
1104,512,500,12,14,1,0.027931,13772,13772,9;11;12;16;17;18;19;20;21;22;23;25;26;27,44,14,12,46,0,58,1
1105,512,499,13,14,0,0.026763,13741,13741,9;11;12;16;17;18;19;20;21;22;23;25;26;27,44,14,13,45,0,58,1
1106,512,499,13,14,0,0.027170,13710,13710,9;11;12;16;17;18;19;20;21;22;23;25;26;27,44,14,13,45,0,58,1
1107,512,499,13,14,0,0.027735,13679,13679,9;11;12;16;17;18;19;20;21;22;23;25;26;27,44,14,13,45,0,58,1
1108,512,499,13,14,0,0.028192,13648,13648,9;11;12;16;17;18;19;20;21;22;23;25;26;27,44,14,13,45,0,58,1
1109,512,499,13,14,0,0.028633,13616,13616,9;11;12;16;17;18;19;20;21;22;23;25;26;27,44,14,13,45,0,58,1
1110,512,499,13,14,0,0.029082,13585,13585,9;11;12;16;17;18;19;20;21;22;23;25;26;27,44,14,13,45,0,58,1
1111,512,499,13,14,0,0.029619,13554,13554,9;11;12;16;17;18;19;20;21;22;23;25;26;27,44,14,13,45,0,58,1
1112,512,499,13,14,0,0.030078,13518,13518,9;11;12;16;17;18;19;20;21;22;23;25;26;27,44,14,13,45,0,58,1
1113,512,499,13,14,0,0.030496,13487,13487,9;11;12;16;17;18;19;20;21;22;23;25;26;27,44,14,13,45,0,58,1
1114,512,499,13,14,0,0.030977,13455,13455,9;11;12;16;17;18;19;20;21;22;23;25;26;27,44,14,13,45,0,58,1
1115,512,499,13,15,1,0.031755,13415,13415,9;11;12;16;17;18;19;20;21;22;23;25;26;27;28,43,15,13,45,0,58,1
1116,512,498,14,15,0,0.026624,13384,13384,9;11;12;16;17;18;19;20;21;22;23;25;26;27;28,43,15,14,44,0,58,1
1117,512,498,14,15,0,0.027108,13353,13353,9;11;12;16;17;18;19;20;21;22;23;25;26;27;28,43,15,14,44,0,58,1
1118,512,498,14,15,0,0.027533,13322,13322,9;11;12;16;17;18;19;20;21;22;23;25;26;27;28,43,15,14,44,0,58,1
1119,512,498,14,15,0,0.028012,13286,13286,9;11;12;16;17;18;19;20;21;22;23;25;26;27;28,43,15,14,44,0,58,1
1120,512,498,14,15,0,0.028524,13255,13255,9;11;12;16;17;18;19;20;21;22;23;25;26;27;28,43,15,14,44,0,58,1
1121,512,498,14,15,0,0.028947,13223,13223,9;11;12;16;17;18;19;20;21;22;23;25;26;27;28,43,15,14,44,0,58,1
1122,512,498,14,15,0,0.029502,13192,13192,9;11;12;16;17;18;19;20;21;22;23;25;26;27;28,43,15,14,44,0,58,1
1123,512,498,14,15,0,0.029925,13161,13161,9;11;12;16;17;18;19;20;21;22;23;25;26;27;28,43,15,14,44,0,58,1
1124,512,498,14,15,0,0.030354,13130,13130,9;11;12;16;17;18;19;20;21;22;23;25;26;27;28,43,15,14,44,0,58,1
1125,512,498,14,15,0,0.030664,13099,13099,9;11;12;16;17;18;19;20;21;22;23;25;26;27;28,43,15,14,44,0,58,1
1126,512,498,14,15,0,0.031275,13068,13068,9;11;12;16;17;18;19;20;21;22;23;25;26;27;28,43,15,14,44,0,58,1
1127,512,498,14,15,0,0.031600,13037,13037,9;11;12;16;17;18;19;20;21;22;23;25;26;27;28,43,15,14,44,0,58,1
1128,512,498,14,15,0,0.031866,13001,13001,9;11;12;16;17;18;19;20;21;22;23;25;26;27;28,43,15,14,44,0,58,1
1129,512,498,14,15,0,0.032314,12969,12969,9;11;12;16;17;18;19;20;21;22;23;25;26;27;28,44,15,14,45,0,59,1
1130,512,499,13,15,1,0.032882,13004,13004,9;11;12;16;17;18;19;20;21;22;23;25;27;28;29,43,15,13,45,0,58,1
1131,512,499,13,14,0,0.025632,18450,18450,9;12;16;17;18;19;20;21;22;23;25;27;28;29,43,14,13,44,0,57,1
1132,512,499,13,14,0,0.026040,18419,18419,9;12;16;17;18;19;20;21;22;23;25;27;28;29,43,14,13,44,0,57,1
1133,512,499,13,14,0,0.026604,18388,18388,9;12;16;17;18;19;20;21;22;23;25;27;28;29,43,14,13,44,0,57,1
1134,512,499,13,14,0,0.027062,18357,18357,9;12;16;17;18;19;20;21;22;23;25;27;28;29,44,14,13,45,0,58,1
1135,512,499,13,14,0,0.027503,18326,18326,9;12;16;17;18;19;20;21;22;23;25;27;28;29,45,14,13,46,0,59,1
1136,512,500,12,13,0,0.027988,18376,18376,9;12;17;18;19;20;21;22;23;25;27;28;29,45,13,12,46,0,58,1
1137,512,500,12,13,0,0.028525,18345,18345,9;12;17;18;19;20;21;22;23;25;27;28;29,45,13,12,46,0,58,1
1138,512,500,12,13,0,0.028984,18309,18309,9;12;17;18;19;20;21;22;23;25;27;28;29,45,13,12,46,0,58,1
1139,512,500,12,13,0,0.029402,18278,18278,9;12;17;18;19;20;21;22;23;25;27;28;29,45,13,12,46,0,58,1
1140,512,501,11,12,0,0.029068,19376,19376,12;17;18;19;20;21;22;23;25;27;28;29,45,12,11,46,0,57,1
1141,512,502,10,11,0,0.029629,19802,19802,12;17;18;19;20;21;22;23;25;27;29,46,11,10,47,0,57,1
1142,512,502,10,11,0,0.029969,19771,19771,12;17;18;19;20;21;22;23;25;27;29,46,11,10,47,0,57,1
1143,512,502,10,11,0,0.030492,19739,19739,12;17;18;19;20;21;22;23;25;27;29,46,11,10,47,0,57,1
1144,512,502,10,11,0,0.030785,19708,19708,12;17;18;19;20;21;22;23;25;27;29,46,11,10,47,0,57,1
1145,512,502,10,11,0,0.031203,19676,19676,12;17;18;19;20;21;22;23;25;27;29,46,11,10,47,0,57,1
1146,512,502,10,11,0,0.031686,19645,19645,12;17;18;19;20;21;22;23;25;27;29,47,11,10,48,0,58,1
1147,512,502,10,11,0,0.031943,19614,19614,12;17;18;19;20;21;22;23;25;27;29,47,11,10,48,0,58,1
1148,512,502,10,11,0,0.032363,19582,19582,12;17;18;19;20;21;22;23;25;27;29,47,11,10,48,0,58,1
1149,512,502,10,11,0,0.032790,19551,19551,12;17;18;19;20;21;22;23;25;27;29,47,11,10,48,0,58,1
1150,512,502,10,11,0,0.033048,19520,19520,12;17;18;19;20;21;22;23;25;27;29,47,11,10,48,0,58,1
1151,512,502,10,12,1,0.033560,19483,19483,12;17;18;19;20;21;22;23;25;27;29;30,46,12,10,48,0,58,1
1152,512,501,11,12,0,0.025314,19452,19452,12;17;18;19;20;21;22;23;25;27;29;30,46,12,11,47,0,58,1
1153,512,501,11,12,0,0.025806,19421,19421,12;17;18;19;20;21;22;23;25;27;29;30,46,12,11,47,0,58,1
1154,512,501,11,13,1,0.026585,19389,19389,12;17;18;19;20;21;22;23;25;27;29;30;31,45,13,11,47,0,58,1
1155,512,500,12,13,0,0.025847,19358,19358,12;17;18;19;20;21;22;23;25;27;29;30;31,45,13,12,46,0,58,1
1156,512,500,12,13,0,0.026338,19326,19326,12;17;18;19;20;21;22;23;25;27;29;30;31,45,13,12,46,0,58,1
1157,512,500,12,13,0,0.026646,19290,19290,12;17;18;19;20;21;22;23;25;27;29;30;31,45,13,12,46,0,58,1
1158,512,500,12,13,0,0.027282,19259,19259,12;17;18;19;20;21;22;23;25;27;29;30;31,45,13,12,46,0,58,1
1159,512,500,12,13,0,0.027751,19228,19228,12;17;18;19;20;21;22;23;25;27;29;30;31,45,13,12,46,0,58,1
1160,512,500,12,13,0,0.028014,19196,19196,12;17;18;19;20;21;22;23;25;27;29;30;31,45,13,12,46,0,58,1
1161,512,500,12,13,0,0.028478,19165,19165,12;17;18;19;20;21;22;23;25;27;29;30;31,45,13,12,46,0,58,1
1162,512,500,12,13,0,0.029125,19134,19134,12;17;18;19;20;21;22;23;25;27;29;30;31,45,13,12,46,0,58,1
1163,512,500,12,13,0,0.029437,19103,19103,12;17;18;19;20;21;22;23;25;27;29;30;31,45,13,12,46,0,58,1
1164,512,500,12,13,0,0.029818,19071,19071,12;17;18;19;20;21;22;23;25;27;29;30;31,45,13,12,46,0,58,1
1165,512,500,12,13,0,0.030409,19035,19035,12;17;18;19;20;21;22;23;25;27;29;30;31,46,13,12,47,0,59,1
1166,512,500,12,13,0,0.030663,19004,19004,12;17;18;19;20;21;22;23;25;27;29;30;31,46,13,12,47,0,59,1
1167,512,500,12,13,0,0.031130,18973,18973,12;17;18;19;20;21;22;23;25;27;29;30;31,46,13,12,47,0,59,1
1168,512,500,12,13,0,0.031429,18941,18941,12;17;18;19;20;21;22;23;25;27;29;30;31,46,13,12,47,0,59,1
1169,512,500,12,13,0,0.031897,18910,18910,12;17;18;19;20;21;22;23;25;27;29;30;31,46,13,12,47,0,59,1
1170,512,500,12,13,0,0.032262,18879,18879,12;17;18;19;20;21;22;23;25;27;29;30;31,46,13,12,47,0,59,1
1171,512,500,12,13,0,0.032492,18848,18848,12;17;18;19;20;21;22;23;25;27;29;30;31,46,13,12,47,0,59,1
1172,512,500,12,13,0,0.032910,18811,18811,12;17;18;19;20;21;22;23;25;27;29;30;31,46,13,12,47,0,59,1
1173,512,500,12,13,0,0.033314,18780,18780,12;17;18;19;20;21;22;23;25;27;29;30;31,46,13,12,47,0,59,1
1174,512,500,12,13,0,0.033551,18744,18744,12;17;18;19;20;21;22;23;25;27;29;30;31,46,13,12,47,0,59,1
1175,512,500,12,13,0,0.033985,18713,18713,12;17;18;19;20;21;22;23;25;27;29;30;31,46,13,12,47,0,59,1
1176,512,500,12,13,0,0.034297,18681,18681,12;17;18;19;20;21;22;23;25;27;29;30;31,46,13,12,47,0,59,1
1177,512,500,12,13,0,0.034828,18645,18645,12;17;18;19;20;21;22;23;25;27;29;30;31,46,13,12,47,0,59,1
1178,512,500,12,13,0,0.035265,18614,18614,12;17;18;19;20;21;22;23;25;27;29;30;31,47,13,12,48,0,60,1
1179,512,500,12,13,0,0.035565,18583,18583,12;17;18;19;20;21;22;23;25;27;29;30;31,47,13,12,48,0,60,1
1180,512,500,12,13,0,0.035917,18546,18546,12;17;18;19;20;21;22;23;25;27;29;30;31,47,13,12,48,0,60,1
1181,512,500,12,13,0,0.036370,18510,18510,12;17;18;19;20;21;22;23;25;27;29;30;31,47,13,12,48,0,60,1
1182,512,500,12,13,0,0.036697,18479,18479,12;17;18;19;20;21;22;23;25;27;29;30;31,47,13,12,48,0,60,1
1183,512,500,12,13,0,0.037056,18448,18448,12;17;18;19;20;21;22;23;25;27;29;30;31,47,13,12,48,0,60,1
1184,512,500,12,14,1,0.037613,18412,18412,12;17;18;19;20;21;22;23;25;27;29;30;31;32,46,14,12,48,0,60,1
1185,512,499,13,14,0,0.025612,18380,18380,12;17;18;19;20;21;22;23;25;27;29;30;31;32,46,14,13,47,0,60,1
1186,512,499,13,14,0,0.025978,18349,18349,12;17;18;19;20;21;22;23;25;27;29;30;31;32,46,14,13,47,0,60,1
1187,512,499,13,14,0,0.026528,18318,18318,12;17;18;19;20;21;22;23;25;27;29;30;31;32,46,14,13,47,0,60,1
1188,512,499,13,14,0,0.026986,18287,18287,12;17;18;19;20;21;22;23;25;27;29;30;31;32,46,14,13,47,0,60,1
1189,512,499,13,14,0,0.027479,18256,18256,12;17;18;19;20;21;22;23;25;27;29;30;31;32,46,14,13,47,0,60,1
1190,512,499,13,14,0,0.027934,18225,18225,12;17;18;19;20;21;22;23;25;27;29;30;31;32,46,14,13,47,0,60,1
1191,512,499,13,14,0,0.028448,18193,18193,12;17;18;19;20;21;22;23;25;27;29;30;31;32,46,14,13,47,0,60,1
1192,512,499,13,15,1,0.029078,18153,18153,12;17;18;19;20;21;22;23;25;27;29;30;31;32;33,45,15,13,47,0,60,1
1193,512,498,14,15,0,0.025564,18122,18122,12;17;18;19;20;21;22;23;25;27;29;30;31;32;33,45,15,14,46,0,60,1
1194,512,498,14,15,0,0.025830,18091,18091,12;17;18;19;20;21;22;23;25;27;29;30;31;32;33,45,15,14,46,0,60,1
1195,512,498,14,15,0,0.026395,18055,18055,12;17;18;19;20;21;22;23;25;27;29;30;31;32;33,45,15,14,46,0,60,1
1196,512,498,14,15,0,0.026852,18024,18024,12;17;18;19;20;21;22;23;25;27;29;30;31;32;33,45,15,14,46,0,60,1
1197,512,498,14,15,0,0.027294,17992,17992,12;17;18;19;20;21;22;23;25;27;29;30;31;32;33,45,15,14,46,0,60,1
1198,512,498,14,15,0,0.027804,17961,17961,12;17;18;19;20;21;22;23;25;27;29;30;31;32;33,45,15,14,46,0,60,1
1199,512,498,14,15,0,0.028279,17925,17925,12;17;18;19;20;21;22;23;25;27;29;30;31;32;33,45,15,14,46,0,60,1
1200,512,498,14,15,0,0.028738,17894,17894,12;17;18;19;20;21;22;23;25;27;29;30;31;32;33,45,15,14,46,0,60,1
1201,512,498,14,15,0,0.029156,17863,17863,12;17;18;19;20;21;22;23;25;27;29;30;31;32;33,45,15,14,46,0,60,1
1202,512,498,14,15,0,0.029585,17832,17832,12;17;18;19;20;21;22;23;25;27;29;30;31;32;33,45,15,14,46,0,60,1
1203,512,498,14,15,0,0.030015,17801,17801,12;17;18;19;20;21;22;23;25;27;29;30;31;32;33,46,15,14,47,0,61,1
1204,512,498,14,15,0,0.030415,17770,17770,12;17;18;19;20;21;22;23;25;27;29;30;31;32;33,46,15,14,47,0,61,1
1205,512,498,14,15,0,0.030938,17738,17738,12;17;18;19;20;21;22;23;25;27;29;30;31;32;33,46,15,14,47,0,61,1
1206,512,498,14,15,0,0.031231,17707,17707,12;17;18;19;20;21;22;23;25;27;29;30;31;32;33,46,15,14,47,0,61,1
1207,512,498,14,15,0,0.031649,17676,17676,12;17;18;19;20;21;22;23;25;27;29;30;31;32;33,46,15,14,47,0,61,1
1208,512,498,14,15,0,0.032120,17645,17645,12;17;18;19;20;21;22;23;25;27;29;30;31;32;33,46,15,14,47,0,61,1
1209,512,498,14,15,0,0.032445,17614,17614,12;17;18;19;20;21;22;23;25;27;29;30;31;32;33,46,15,14,47,0,61,1
1210,512,498,14,16,1,0.033237,17581,17581,12;17;18;19;20;21;22;23;25;27;29;30;31;32;33;34,45,16,14,47,0,61,1
1211,512,498,14,15,0,0.025828,18100,18100,12;17;18;19;20;21;22;23;25;27;29;30;31;32;34,45,15,14,46,0,60,1
1212,512,498,14,15,0,0.026269,18069,18069,12;17;18;19;20;21;22;23;25;27;29;30;31;32;34,45,15,14,46,0,60,1
1213,512,498,14,15,0,0.026577,18038,18038,12;17;18;19;20;21;22;23;25;27;29;30;31;32;34,45,15,14,46,0,60,1
1214,512,498,14,15,0,0.027212,18007,18007,12;17;18;19;20;21;22;23;25;27;29;30;31;32;34,45,15,14,46,0,60,1
1215,512,498,14,15,0,0.027681,17975,17975,12;17;18;19;20;21;22;23;25;27;29;30;31;32;34,45,15,14,46,0,60,1
1216,512,498,14,15,0,0.027986,17944,17944,12;17;18;19;20;21;22;23;25;27;29;30;31;32;34,45,15,14,46,0,60,1
1217,512,498,14,15,0,0.028408,17913,17913,12;17;18;19;20;21;22;23;25;27;29;30;31;32;34,45,15,14,46,0,60,1
1218,512,498,14,15,0,0.029055,17877,17877,12;17;18;19;20;21;22;23;25;27;29;30;31;32;34,45,15,14,46,0,60,1
1219,512,498,14,15,0,0.029368,17846,17846,12;17;18;19;20;21;22;23;25;27;29;30;31;32;34,45,15,14,46,0,60,1
1220,512,498,14,15,0,0.029748,17815,17815,12;17;18;19;20;21;22;23;25;27;29;30;31;32;34,45,15,14,46,0,60,1
1221,512,498,14,15,0,0.030153,17784,17784,12;17;18;19;20;21;22;23;25;27;29;30;31;32;34,45,15,14,46,0,60,1
1222,512,498,14,15,0,0.030593,17753,17753,12;17;18;19;20;21;22;23;25;27;29;30;31;32;34,46,15,14,47,0,61,1
1223,512,498,14,15,0,0.031063,17721,17721,12;17;18;19;20;21;22;23;25;27;29;30;31;32;34,46,15,14,47,0,61,1
1224,512,498,14,15,0,0.031362,17690,17690,12;17;18;19;20;21;22;23;25;27;29;30;31;32;34,46,15,14,47,0,61,1
1225,512,498,14,15,0,0.031830,17659,17659,12;17;18;19;20;21;22;23;25;27;29;30;31;32;34,46,15,14,47,0,61,1
1226,512,498,14,15,0,0.032101,17628,17628,12;17;18;19;20;21;22;23;25;27;29;30;31;32;34,46,15,14,47,0,61,1
1227,512,498,14,15,0,0.032425,17597,17597,12;17;18;19;20;21;22;23;25;27;29;30;31;32;34,46,15,14,47,0,61,1
1228,512,498,14,15,0,0.032843,17561,17561,12;17;18;19;20;21;22;23;25;27;29;30;31;32;34,46,15,14,47,0,61,1
1229,512,499,13,14,0,0.033204,18593,18593,12;17;18;20;21;22;23;25;27;29;30;31;32;34,46,14,13,47,0,60,1
1230,512,499,13,14,0,0.033440,18561,18561,12;17;18;20;21;22;23;25;27;29;30;31;32;34,47,14,13,48,0,61,1
1231,512,499,13,14,0,0.033862,18530,18530,12;17;18;20;21;22;23;25;27;29;30;31;32;34,47,14,13,48,0,61,1
1232,512,499,13,14,0,0.034186,18499,18499,12;17;18;20;21;22;23;25;27;29;30;31;32;34,47,14,13,48,0,61,1
1233,512,499,13,14,0,0.034718,18468,18468,12;17;18;20;21;22;23;25;27;29;30;31;32;34,47,14,13,48,0,61,1
1234,512,499,13,14,0,0.035154,18437,18437,12;17;18;20;21;22;23;25;27;29;30;31;32;34,47,14,13,48,0,61,1
1235,512,499,13,14,0,0.035493,18405,18405,12;17;18;20;21;22;23;25;27;29;30;31;32;34,47,14,13,48,0,61,1
1236,512,499,13,14,0,0.035737,18374,18374,12;17;18;20;21;22;23;25;27;29;30;31;32;34,47,14,13,48,0,61,1
1237,512,499,13,14,0,0.036259,18338,18338,12;17;18;20;21;22;23;25;27;29;30;31;32;34,47,14,13,48,0,61,1
1238,512,499,13,14,0,0.036587,18307,18307,12;17;18;20;21;22;23;25;27;29;30;31;32;34,47,14,13,48,0,61,1
1239,512,499,13,14,0,0.036945,18276,18276,12;17;18;20;21;22;23;25;27;29;30;31;32;34,47,14,13,48,0,61,1
1240,512,499,13,14,0,0.037307,18245,18245,12;17;18;20;21;22;23;25;27;29;30;31;32;34,47,14,13,48,0,61,1
1241,512,499,13,14,0,0.037826,18213,18213,12;17;18;20;21;22;23;25;27;29;30;31;32;34,47,14,13,48,0,61,1
1242,512,499,13,14,0,0.038256,18182,18182,12;17;18;20;21;22;23;25;27;29;30;31;32;34,47,14,13,48,0,61,1
1243,512,499,13,14,0,0.038482,18151,18151,12;17;18;20;21;22;23;25;27;29;30;31;32;34,47,14,13,48,0,61,1
1244,512,499,13,14,0,0.038868,18120,18120,12;17;18;20;21;22;23;25;27;29;30;31;32;34,47,14,13,48,0,61,1
1245,512,499,13,14,0,0.039315,18084,18084,12;17;18;20;21;22;23;25;27;29;30;31;32;34,47,14,13,48,0,61,1
1246,512,499,13,14,0,0.039500,18052,18052,12;17;18;20;21;22;23;25;27;29;30;31;32;34,47,14,13,48,0,61,1
1247,512,499,13,14,0,0.040004,18021,18021,12;17;18;20;21;22;23;25;27;29;30;31;32;34,47,14,13,48,0,61,1
1248,512,499,13,14,0,0.040345,17990,17990,12;17;18;20;21;22;23;25;27;29;30;31;32;34,47,14,13,48,0,61,1
1249,512,499,13,14,0,0.040834,17959,17959,12;17;18;20;21;22;23;25;27;29;30;31;32;34,47,14,13,48,0,61,1
1250,512,499,13,14,0,0.041073,17928,17928,12;17;18;20;21;22;23;25;27;29;30;31;32;34,47,14,13,48,0,61,1
1251,512,499,13,14,0,0.041487,17896,17896,12;17;18;20;21;22;23;25;27;29;30;31;32;34,47,14,13,48,0,61,1
1252,512,499,13,14,0,0.041780,17860,17860,12;17;18;20;21;22;23;25;27;29;30;31;32;34,48,14,13,49,0,62,1
1253,512,499,13,14,0,0.041991,17829,17829,12;17;18;20;21;22;23;25;27;29;30;31;32;34,48,14,13,49,0,62,1
1254,512,499,13,14,0,0.042528,17793,17793,12;17;18;20;21;22;23;25;27;29;30;31;32;34,48,14,13,49,0,62,1
1255,512,499,13,14,0,0.043069,17762,17762,12;17;18;20;21;22;23;25;27;29;30;31;32;34,50,14,13,51,0,64,1
1256,512,499,13,14,0,0.043356,17731,17731,12;17;18;20;21;22;23;25;27;29;30;31;32;34,51,14,13,52,0,65,1
1257,512,499,13,14,0,0.043640,17694,17694,12;17;18;20;21;22;23;25;27;29;30;31;32;34,51,14,13,52,0,65,1
1258,512,499,13,14,0,0.044329,17653,17653,12;17;18;20;21;22;23;25;27;29;30;31;32;34,51,14,13,52,0,65,1
1259,512,499,13,14,0,0.044433,17622,17622,12;17;18;20;21;22;23;25;27;29;30;31;32;34,51,14,13,52,0,65,1
1260,512,499,13,14,0,0.044699,17586,17586,12;17;18;20;21;22;23;25;27;29;30;31;32;34,51,14,13,52,0,65,1
1261,512,499,13,14,0,0.044987,17550,17550,12;17;18;20;21;22;23;25;27;29;30;31;32;34,51,14,13,52,0,65,1
1262,512,499,13,15,1,0.045496,17514,17514,12;17;18;20;21;22;23;25;27;29;30;31;32;34;35,50,15,13,52,0,65,1
1263,512,498,14,15,0,0.025634,17483,17483,12;17;18;20;21;22;23;25;27;29;30;31;32;34;35,50,15,14,51,0,65,1
1264,512,498,14,15,0,0.026041,17452,17452,12;17;18;20;21;22;23;25;27;29;30;31;32;34;35,50,15,14,51,0,65,1
1265,512,498,14,15,0,0.026606,17421,17421,12;17;18;20;21;22;23;25;27;29;30;31;32;34;35,50,15,14,51,0,65,1
1266,512,498,14,15,0,0.027016,17390,17390,12;17;18;20;21;22;23;25;27;29;30;31;32;34;35,50,15,14,51,0,65,1
1267,512,498,14,15,0,0.027504,17359,17359,12;17;18;20;21;22;23;25;27;29;30;31;32;34;35,50,15,14,51,0,65,1
1268,512,498,14,15,0,0.027953,17327,17327,12;17;18;20;21;22;23;25;27;29;30;31;32;34;35,50,15,14,51,0,65,1
1269,512,498,14,15,0,0.028490,17296,17296,12;17;18;20;21;22;23;25;27;29;30;31;32;34;35,50,15,14,51,0,65,1
1270,512,498,14,15,0,0.028949,17265,17265,12;17;18;20;21;22;23;25;27;29;30;31;32;34;35,50,15,14,51,0,65,1
1271,512,498,14,15,0,0.029367,17234,17234,12;17;18;20;21;22;23;25;27;29;30;31;32;34;35,50,15,14,51,0,65,1
1272,512,499,13,14,0,0.029751,18035,18035,12;18;20;21;22;23;25;27;29;30;31;32;34;35,50,14,13,51,0,64,1
1273,512,499,13,14,0,0.030129,18004,18004,12;18;20;21;22;23;25;27;29;30;31;32;34;35,50,14,13,51,0,64,1
1274,512,499,13,14,0,0.030529,17972,17972,12;18;20;21;22;23;25;27;29;30;31;32;34;35,51,14,13,52,0,65,1
1275,512,499,13,14,0,0.031052,17936,17936,12;18;20;21;22;23;25;27;29;30;31;32;34;35,51,14,13,52,0,65,1
1276,512,499,13,14,0,0.031397,17905,17905,12;18;20;21;22;23;25;27;29;30;31;32;34;35,51,14,13,52,0,65,1
1277,512,499,13,14,0,0.031731,17874,17874,12;18;20;21;22;23;25;27;29;30;31;32;34;35,51,14,13,52,0,65,1
1278,512,499,13,14,0,0.032234,17843,17843,12;18;20;21;22;23;25;27;29;30;31;32;34;35,51,14,13,52,0,65,1
1279,512,499,13,14,0,0.032559,17812,17812,12;18;20;21;22;23;25;27;29;30;31;32;34;35,51,14,13,52,0,65,1
1280,512,499,13,14,0,0.032888,17780,17780,12;18;20;21;22;23;25;27;29;30;31;32;34;35,51,14,13,52,0,65,1
1281,512,499,13,14,0,0.033341,17749,17749,12;18;20;21;22;23;25;27;29;30;31;32;34;35,51,14,13,52,0,65,1
1282,512,499,13,14,0,0.033581,17718,17718,12;18;20;21;22;23;25;27;29;30;31;32;34;35,51,14,13,52,0,65,1
1283,512,499,13,14,0,0.033966,17687,17687,12;18;20;21;22;23;25;27;29;30;31;32;34;35,51,14,13,52,0,65,1
1284,512,499,13,14,0,0.034319,17656,17656,12;18;20;21;22;23;25;27;29;30;31;32;34;35,52,14,13,53,0,66,1
1285,512,499,13,14,0,0.034789,17624,17624,12;18;20;21;22;23;25;27;29;30;31;32;34;35,52,14,13,53,0,66,1
1286,512,499,13,14,0,0.035256,17593,17593,12;18;20;21;22;23;25;27;29;30;31;32;34;35,52,14,13,53,0,66,1
1287,512,499,13,14,0,0.035456,17562,17562,12;18;20;21;22;23;25;27;29;30;31;32;34;35,53,14,13,54,0,67,1
1288,512,499,13,14,0,0.035894,17531,17531,12;18;20;21;22;23;25;27;29;30;31;32;34;35,53,14,13,54,0,67,1
1289,512,499,13,14,0,0.036357,17500,17500,12;18;20;21;22;23;25;27;29;30;31;32;34;35,53,14,13,54,0,67,1
1290,512,500,12,13,0,0.036632,17898,17898,18;20;21;22;23;25;27;29;30;31;32;34;35,53,13,12,54,0,66,1
1291,512,500,12,13,0,0.036893,17867,17867,18;20;21;22;23;25;27;29;30;31;32;34;35,53,13,12,54,0,66,1
1292,512,500,12,13,0,0.037467,17836,17836,18;20;21;22;23;25;27;29;30;31;32;34;35,53,13,12,54,0,66,1
1293,512,500,12,13,0,0.037723,17805,17805,18;20;21;22;23;25;27;29;30;31;32;34;35,53,13,12,54,0,66,1
1294,512,500,12,13,0,0.038199,17773,17773,18;20;21;22;23;25;27;29;30;31;32;34;35,53,13,12,54,0,66,1
1295,512,500,12,14,1,0.038553,17738,17738,18;20;21;22;23;25;27;29;30;31;32;34;35;36,52,14,12,54,0,66,1
1296,512,499,13,14,0,0.025581,17707,17707,18;20;21;22;23;25;27;29;30;31;32;34;35;36,53,14,13,54,0,67,1
1297,512,499,13,14,0,0.026065,17675,17675,18;20;21;22;23;25;27;29;30;31;32;34;35;36,53,14,13,54,0,67,1
1298,512,499,13,14,0,0.026539,17644,17644,18;20;21;22;23;25;27;29;30;31;32;34;35;36,53,14,13,54,0,67,1
1299,512,499,13,14,0,0.026996,17613,17613,18;20;21;22;23;25;27;29;30;31;32;34;35;36,54,14,13,55,0,68,1
1300,512,499,13,15,1,0.027716,17577,17577,18;20;21;22;23;25;27;29;30;31;32;34;35;36;37,53,15,13,55,0,68,1
1301,512,498,14,15,0,0.025775,17546,17546,18;20;21;22;23;25;27;29;30;31;32;34;35;36;37,53,15,14,54,0,68,1
1302,512,498,14,16,1,0.026412,17510,17510,18;20;21;22;23;25;27;29;30;31;32;34;35;36;37;38,52,16,14,54,0,68,1
1303,512,498,14,15,0,0.025229,19151,19151,18;21;22;23;25;27;29;30;31;32;34;35;36;37;38,52,15,14,53,0,67,1
1304,512,498,14,15,0,0.025669,19120,19120,18;21;22;23;25;27;29;30;31;32;34;35;36;37;38,52,15,14,53,0,67,1
1305,512,498,14,15,0,0.026177,19089,19089,18;21;22;23;25;27;29;30;31;32;34;35;36;37;38,52,15,14,53,0,67,1
1306,512,498,14,15,0,0.026670,19058,19058,18;21;22;23;25;27;29;30;31;32;34;35;36;37;38,52,15,14,53,0,67,1
1307,512,498,14,15,0,0.027047,19027,19027,18;21;22;23;25;27;29;30;31;32;34;35;36;37;38,52,15,14,53,0,67,1
1308,512,498,14,15,0,0.027580,18991,18991,18;21;22;23;25;27;29;30;31;32;34;35;36;37;38,52,15,14,53,0,67,1
1309,512,498,14,16,1,0.028564,18955,18955,18;21;22;23;25;27;29;30;31;32;34;35;36;37;38;39,51,16,14,53,0,67,1
1310,512,497,15,16,0,0.025221,18924,18924,18;21;22;23;25;27;29;30;31;32;34;35;36;37;38;39,51,16,15,52,0,67,1
1311,512,497,15,16,0,0.025686,18893,18893,18;21;22;23;25;27;29;30;31;32;34;35;36;37;38;39,51,16,15,52,0,67,1
1312,512,497,15,16,0,0.026130,18862,18862,18;21;22;23;25;27;29;30;31;32;34;35;36;37;38;39,51,16,15,52,0,67,1
1313,512,497,15,16,0,0.026609,18831,18831,18;21;22;23;25;27;29;30;31;32;34;35;36;37;38;39,51,16,15,52,0,67,1
1314,512,497,15,17,1,0.027544,18798,18798,18;21;22;23;25;27;29;30;31;32;34;35;36;37;38;39;40,50,17,15,52,0,67,1
1315,512,496,16,17,0,0.025635,18767,18767,18;21;22;23;25;27;29;30;31;32;34;35;36;37;38;39;40,50,17,16,51,0,67,1
1316,512,496,16,17,0,0.026076,18736,18736,18;21;22;23;25;27;29;30;31;32;34;35;36;37;38;39;40,50,17,16,51,0,67,1
1317,512,496,16,18,1,0.027020,18696,18696,18;21;22;23;25;27;29;30;31;32;34;35;36;37;38;39;40;41,49,18,16,51,0,67,1
1318,512,495,17,18,0,0.026828,18665,18665,18;21;22;23;25;27;29;30;31;32;34;35;36;37;38;39;40;41,49,18,17,50,0,67,1
1319,512,495,17,18,0,0.027311,18634,18634,18;21;22;23;25;27;29;30;31;32;34;35;36;37;38;39;40;41,49,18,17,50,0,67,1
1320,512,495,17,18,0,0.027785,18603,18603,18;21;22;23;25;27;29;30;31;32;34;35;36;37;38;39;40;41,49,18,17,50,0,67,1
1321,512,495,17,18,0,0.028215,18572,18572,18;21;22;23;25;27;29;30;31;32;34;35;36;37;38;39;40;41,50,18,17,51,0,68,1
1322,512,495,17,18,0,0.028727,18541,18541,18;21;22;23;25;27;29;30;31;32;34;35;36;37;38;39;40;41,50,18,17,51,0,68,1
1323,512,495,17,18,0,0.029150,18511,18511,18;21;22;23;25;27;29;30;31;32;34;35;36;37;38;39;40;41,50,18,17,51,0,68,1
1324,512,495,17,18,0,0.029451,18480,18480,18;21;22;23;25;27;29;30;31;32;34;35;36;37;38;39;40;41,50,18,17,51,0,68,1
1325,512,495,17,18,0,0.030129,18444,18444,18;21;22;23;25;27;29;30;31;32;34;35;36;37;38;39;40;41,50,18,17,51,0,68,1
1326,512,495,17,18,0,0.030557,18413,18413,18;21;22;23;25;27;29;30;31;32;34;35;36;37;38;39;40;41,50,18,17,51,0,68,1
1327,512,495,17,18,0,0.030867,18382,18382,18;21;22;23;25;27;29;30;31;32;34;35;36;37;38;39;40;41,50,18,17,51,0,68,1
1328,512,495,17,18,0,0.031213,18351,18351,18;21;22;23;25;27;29;30;31;32;34;35;36;37;38;39;40;41,50,18,17,51,0,68,1
1329,512,495,17,18,0,0.031804,18320,18320,18;21;22;23;25;27;29;30;31;32;34;35;36;37;38;39;40;41,50,18,17,51,0,68,1
1330,512,495,17,18,0,0.032069,18284,18284,18;21;22;23;25;27;29;30;31;32;34;35;36;37;38;39;40;41,50,18,17,51,0,68,1
1331,512,496,16,17,0,0.030861,18401,18401,18;21;22;23;25;27;29;30;31;32;34;35;37;38;39;40;41,51,17,16,52,0,68,1
1332,512,496,16,17,0,0.031167,18370,18370,18;21;22;23;25;27;29;30;31;32;34;35;37;38;39;40;41,51,17,16,52,0,68,1
1333,512,496,16,17,0,0.031635,18339,18339,18;21;22;23;25;27;29;30;31;32;34;35;37;38;39;40;41,51,17,16,52,0,68,1
1334,512,496,16,17,0,0.032000,18303,18303,18;21;22;23;25;27;29;30;31;32;34;35;37;38;39;40;41,51,17,16,52,0,68,1
1335,512,496,16,17,0,0.032338,18272,18272,18;21;22;23;25;27;29;30;31;32;34;35;37;38;39;40;41,51,17,16,52,0,68,1
1336,512,496,16,17,0,0.032648,18241,18241,18;21;22;23;25;27;29;30;31;32;34;35;37;38;39;40;41,51,17,16,52,0,68,1
1337,512,496,16,17,0,0.033052,18205,18205,18;21;22;23;25;27;29;30;31;32;34;35;37;38;39;40;41,51,17,16,52,0,68,1
1338,512,496,16,17,0,0.033289,18164,18164,18;21;22;23;25;27;29;30;31;32;34;35;37;38;39;40;41,51,17,16,52,0,68,1
1339,512,496,16,17,0,0.033723,18133,18133,18;21;22;23;25;27;29;30;31;32;34;35;37;38;39;40;41,52,17,16,53,0,69,1
1340,512,496,16,17,0,0.034035,18092,18092,18;21;22;23;25;27;29;30;31;32;34;35;37;38;39;40;41,52,17,16,53,0,69,1
1341,512,496,16,17,0,0.034566,18056,18056,18;21;22;23;25;27;29;30;31;32;34;35;37;38;39;40;41,52,17,16,53,0,69,1
1342,512,496,16,17,0,0.035003,18025,18025,18;21;22;23;25;27;29;30;31;32;34;35;37;38;39;40;41,52,17,16,53,0,69,1
1343,512,496,16,17,0,0.035303,17994,17994,18;21;22;23;25;27;29;30;31;32;34;35;37;38;39;40;41,52,17,16,53,0,69,1
1344,512,496,16,17,0,0.035585,17963,17963,18;21;22;23;25;27;29;30;31;32;34;35;37;38;39;40;41,53,17,16,54,0,70,1
1345,512,496,16,17,0,0.036108,17932,17932,18;21;22;23;25;27;29;30;31;32;34;35;37;38;39;40;41,53,17,16,54,0,70,1
1346,512,496,16,18,1,0.036448,17897,17897,18;21;22;23;25;27;29;30;31;32;34;35;37;38;39;40;41;42,52,18,16,54,0,70,1
1347,512,495,17,18,0,0.027317,17866,17866,18;21;22;23;25;27;29;30;31;32;34;35;37;38;39;40;41;42,52,18,17,53,0,70,1
1348,512,495,17,18,0,0.027954,17835,17835,18;21;22;23;25;27;29;30;31;32;34;35;37;38;39;40;41;42,52,18,17,53,0,70,1
1349,512,495,17,18,0,0.028281,17804,17804,18;21;22;23;25;27;29;30;31;32;34;35;37;38;39;40;41;42,52,18,17,53,0,70,1
1350,512,495,17,18,0,0.028687,17773,17773,18;21;22;23;25;27;29;30;31;32;34;35;37;38;39;40;41;42,52,18,17,53,0,70,1
1351,512,495,17,18,0,0.029128,17742,17742,18;21;22;23;25;27;29;30;31;32;34;35;37;38;39;40;41;42,52,18,17,53,0,70,1
1352,512,495,17,18,0,0.029670,17711,17711,18;21;22;23;25;27;29;30;31;32;34;35;37;38;39;40;41;42,52,18,17,53,0,70,1
1353,512,495,17,18,0,0.030154,17680,17680,18;21;22;23;25;27;29;30;31;32;34;35;37;38;39;40;41;42,52,18,17,53,0,70,1
1354,512,495,17,18,0,0.030485,17649,17649,18;21;22;23;25;27;29;30;31;32;34;35;37;38;39;40;41;42,52,18,17,53,0,70,1
1355,512,495,17,18,0,0.030944,17613,17613,18;21;22;23;25;27;29;30;31;32;34;35;37;38;39;40;41;42,52,18,17,53,0,70,1
1356,512,495,17,18,0,0.031372,17582,17582,18;21;22;23;25;27;29;30;31;32;34;35;37;38;39;40;41;42,52,18,17,53,0,70,1
1357,512,495,17,18,0,0.031822,17551,17551,18;21;22;23;25;27;29;30;31;32;34;35;37;38;39;40;41;42,52,18,17,53,0,70,1
1358,512,495,17,18,0,0.032162,17520,17520,18;21;22;23;25;27;29;30;31;32;34;35;37;38;39;40;41;42,52,18,17,53,0,70,1
1359,512,495,17,18,0,0.032659,17489,17489,18;21;22;23;25;27;29;30;31;32;34;35;37;38;39;40;41;42,52,18,17,53,0,70,1
1360,512,495,17,18,0,0.033010,17458,17458,18;21;22;23;25;27;29;30;31;32;34;35;37;38;39;40;41;42,53,18,17,54,0,71,1
1361,512,495,17,18,0,0.033396,17427,17427,18;21;22;23;25;27;29;30;31;32;34;35;37;38;39;40;41;42,53,18,17,54,0,71,1
1362,512,495,17,18,0,0.033879,17397,17397,18;21;22;23;25;27;29;30;31;32;34;35;37;38;39;40;41;42,53,18,17,54,0,71,1
1363,512,495,17,18,0,0.034136,17366,17366,18;21;22;23;25;27;29;30;31;32;34;35;37;38;39;40;41;42,53,18,17,54,0,71,1
1364,512,495,17,18,0,0.034568,17330,17330,18;21;22;23;25;27;29;30;31;32;34;35;37;38;39;40;41;42,53,18,17,54,0,71,1
1365,512,495,17,18,0,0.034983,17299,17299,18;21;22;23;25;27;29;30;31;32;34;35;37;38;39;40;41;42,53,18,17,54,0,71,1
1366,512,495,17,18,0,0.035241,17268,17268,18;21;22;23;25;27;29;30;31;32;34;35;37;38;39;40;41;42,53,18,17,54,0,71,1
1367,512,496,16,17,0,0.033198,20127,20127,18;21;22;23;27;29;30;31;32;34;35;37;38;39;40;41;42,54,17,16,55,0,71,1
1368,512,496,16,17,0,0.033556,20096,20096,18;21;22;23;27;29;30;31;32;34;35;37;38;39;40;41;42,55,17,16,56,0,72,1
1369,512,496,16,17,0,0.034053,20065,20065,18;21;22;23;27;29;30;31;32;34;35;37;38;39;40;41;42,55,17,16,56,0,72,1
1370,512,496,16,18,1,0.034451,20030,20030,18;21;22;23;27;29;30;31;32;34;35;37;38;39;40;41;42;43,55,18,16,57,0,73,1
1371,512,495,17,18,0,0.026330,19999,19999,18;21;22;23;27;29;30;31;32;34;35;37;38;39;40;41;42;43,55,18,17,56,0,73,1
1372,512,495,17,19,1,0.026991,19963,19963,18;21;22;23;27;29;30;31;32;34;35;37;38;39;40;41;42;43;44,54,19,17,56,0,73,1
1373,512,494,18,19,0,0.026106,19933,19933,18;21;22;23;27;29;30;31;32;34;35;37;38;39;40;41;42;43;44,54,19,18,55,0,73,1
1374,512,494,18,19,0,0.026548,19902,19902,18;21;22;23;27;29;30;31;32;34;35;37;38;39;40;41;42;43;44,54,19,18,55,0,73,1
1375,512,494,18,19,0,0.027022,19871,19871,18;21;22;23;27;29;30;31;32;34;35;37;38;39;40;41;42;43;44,54,19,18,55,0,73,1
1376,512,494,18,19,0,0.027479,19835,19835,18;21;22;23;27;29;30;31;32;34;35;37;38;39;40;41;42;43;44,54,19,18,55,0,73,1
1377,512,495,17,18,0,0.028047,20201,20201,18;21;23;27;29;30;31;32;34;35;37;38;39;40;41;42;43;44,54,18,17,55,0,72,1
1378,512,495,17,18,0,0.028461,20170,20170,18;21;23;27;29;30;31;32;34;35;37;38;39;40;41;42;43;44,54,18,17,55,0,72,1
1379,512,495,17,18,0,0.029016,20139,20139,18;21;23;27;29;30;31;32;34;35;37;38;39;40;41;42;43;44,54,18,17,55,0,72,1
1380,512,495,17,18,0,0.029479,20108,20108,18;21;23;27;29;30;31;32;34;35;37;38;39;40;41;42;43;44,54,18,17,55,0,72,1
1381,512,495,17,18,0,0.029873,20077,20077,18;21;23;27;29;30;31;32;34;35;37;38;39;40;41;42;43;44,54,18,17,55,0,72,1
1382,512,495,17,18,0,0.030178,20046,20046,18;21;23;27;29;30;31;32;34;35;37;38;39;40;41;42;43;44,54,18,17,55,0,72,1
1383,512,495,17,18,0,0.030789,20010,20010,18;21;23;27;29;30;31;32;34;35;37;38;39;40;41;42;43;44,54,18,17,55,0,72,1
1384,512,495,17,18,0,0.031140,19979,19979,18;21;23;27;29;30;31;32;34;35;37;38;39;40;41;42;43;44,54,18,17,55,0,72,1
1385,512,495,17,18,0,0.031410,19949,19949,18;21;23;27;29;30;31;32;34;35;37;38;39;40;41;42;43;44,54,18,17,55,0,72,1
1386,512,495,17,18,0,0.031828,19918,19918,18;21;23;27;29;30;31;32;34;35;37;38;39;40;41;42;43;44,54,18,17,55,0,72,1
1387,512,495,17,18,0,0.032319,19887,19887,18;21;23;27;29;30;31;32;34;35;37;38;39;40;41;42;43;44,54,18,17,55,0,72,1
1388,512,495,17,18,0,0.032639,19851,19851,18;21;23;27;29;30;31;32;34;35;37;38;39;40;41;42;43;44,54,18,17,55,0,72,1
1389,512,495,17,18,0,0.032968,19820,19820,18;21;23;27;29;30;31;32;34;35;37;38;39;40;41;42;43;44,54,18,17,55,0,72,1
1390,512,495,17,18,0,0.033305,19789,19789,18;21;23;27;29;30;31;32;34;35;37;38;39;40;41;42;43;44,54,18,17,55,0,72,1
1391,512,495,17,18,0,0.033762,19758,19758,18;21;23;27;29;30;31;32;34;35;37;38;39;40;41;42;43;44,54,18,17,55,0,72,1
1392,512,495,17,19,1,0.033983,19723,19723,18;21;23;27;29;30;31;32;34;35;37;38;39;40;41;42;43;44;45,53,19,17,55,0,72,1
1393,512,494,18,19,0,0.026327,19692,19692,18;21;23;27;29;30;31;32;34;35;37;38;39;40;41;42;43;44;45,53,19,18,54,0,72,1
1394,512,494,18,19,0,0.026963,19661,19661,18;21;23;27;29;30;31;32;34;35;37;38;39;40;41;42;43;44;45,53,19,18,54,0,72,1
1395,512,494,18,19,0,0.027291,19630,19630,18;21;23;27;29;30;31;32;34;35;37;38;39;40;41;42;43;44;45,53,19,18,54,0,72,1
1396,512,494,18,19,0,0.027697,19599,19599,18;21;23;27;29;30;31;32;34;35;37;38;39;40;41;42;43;44;45,53,19,18,54,0,72,1
1397,512,494,18,19,0,0.028137,19564,19564,18;21;23;27;29;30;31;32;34;35;37;38;39;40;41;42;43;44;45,53,19,18,54,0,72,1
1398,512,494,18,19,0,0.028679,19533,19533,18;21;23;27;29;30;31;32;34;35;37;38;39;40;41;42;43;44;45,53,19,18,54,0,72,1
1399,512,494,18,19,0,0.029095,19502,19502,18;21;23;27;29;30;31;32;34;35;37;38;39;40;41;42;43;44;45,53,19,18,54,0,72,1
1400,512,494,18,19,0,0.029494,19471,19471,18;21;23;27;29;30;31;32;34;35;37;38;39;40;41;42;43;44;45,53,19,18,54,0,72,1
1401,512,494,18,19,0,0.029953,19440,19440,18;21;23;27;29;30;31;32;34;35;37;38;39;40;41;42;43;44;45,53,19,18,54,0,72,1
1402,512,494,18,19,0,0.030381,19409,19409,18;21;23;27;29;30;31;32;34;35;37;38;39;40;41;42;43;44;45,53,19,18,54,0,72,1
1403,512,494,18,19,0,0.030831,19378,19378,18;21;23;27;29;30;31;32;34;35;37;38;39;40;41;42;43;44;45,53,19,18,54,0,72,1
1404,512,494,18,19,0,0.031171,19347,19347,18;21;23;27;29;30;31;32;34;35;37;38;39;40;41;42;43;44;45,53,19,18,54,0,72,1
1405,512,494,18,19,0,0.031668,19312,19312,18;21;23;27;29;30;31;32;34;35;37;38;39;40;41;42;43;44;45,53,19,18,54,0,72,1
1406,512,494,18,19,0,0.031987,19281,19281,18;21;23;27;29;30;31;32;34;35;37;38;39;40;41;42;43;44;45,53,19,18,54,0,72,1
1407,512,494,18,19,0,0.032405,19250,19250,18;21;23;27;29;30;31;32;34;35;37;38;39;40;41;42;43;44;45,53,19,18,54,0,72,1
1408,512,494,18,19,0,0.032888,19219,19219,18;21;23;27;29;30;31;32;34;35;37;38;39;40;41;42;43;44;45,53,19,18,54,0,72,1
1409,512,494,18,19,0,0.033146,19188,19188,18;21;23;27;29;30;31;32;34;35;37;38;39;40;41;42;43;44;45,53,19,18,54,0,72,1
1410,512,494,18,19,0,0.033566,19152,19152,18;21;23;27;29;30;31;32;34;35;37;38;39;40;41;42;43;44;45,53,19,18,54,0,72,1
1411,512,494,18,19,0,0.033993,19121,19121,18;21;23;27;29;30;31;32;34;35;37;38;39;40;41;42;43;44;45,53,19,18,54,0,72,1
1412,512,494,18,19,0,0.034250,19090,19090,18;21;23;27;29;30;31;32;34;35;37;38;39;40;41;42;43;44;45,53,19,18,54,0,72,1
1413,512,494,18,19,0,0.034640,19060,19060,18;21;23;27;29;30;31;32;34;35;37;38;39;40;41;42;43;44;45,53,19,18,54,0,72,1
1414,512,494,18,19,0,0.034961,19024,19024,18;21;23;27;29;30;31;32;34;35;37;38;39;40;41;42;43;44;45,53,19,18,54,0,72,1
1415,512,494,18,19,0,0.035495,18993,18993,18;21;23;27;29;30;31;32;34;35;37;38;39;40;41;42;43;44;45,53,19,18,54,0,72,1
1416,512,494,18,19,0,0.035897,18962,18962,18;21;23;27;29;30;31;32;34;35;37;38;39;40;41;42;43;44;45,53,19,18,54,0,72,1
1417,512,494,18,19,0,0.036098,18921,18921,18;21;23;27;29;30;31;32;34;35;37;38;39;40;41;42;43;44;45,53,19,18,54,0,72,1
1418,512,494,18,19,0,0.036536,18880,18880,18;21;23;27;29;30;31;32;34;35;37;38;39;40;41;42;43;44;45,54,19,18,55,0,73,1
1419,512,494,18,19,0,0.036999,18849,18849,18;21;23;27;29;30;31;32;34;35;37;38;39;40;41;42;43;44;45,54,19,18,55,0,73,1
1420,512,495,17,18,0,0.037419,19226,19226,18;23;27;29;30;31;32;34;35;37;38;39;40;41;42;43;44;45,54,18,17,55,0,72,1
1421,512,495,17,18,0,0.037665,19190,19190,18;23;27;29;30;31;32;34;35;37;38;39;40;41;42;43;44;45,54,18,17,55,0,72,1
1422,512,495,17,18,0,0.038239,19159,19159,18;23;27;29;30;31;32;34;35;37;38;39;40;41;42;43;44;45,54,18,17,55,0,72,1
1423,512,495,17,18,0,0.038495,19129,19129,18;23;27;29;30;31;32;34;35;37;38;39;40;41;42;43;44;45,54,18,17,55,0,72,1
1424,512,495,17,18,0,0.038980,19098,19098,18;23;27;29;30;31;32;34;35;37;38;39;40;41;42;43;44;45,54,18,17,55,0,72,1
1425,512,495,17,18,0,0.039248,19067,19067,18;23;27;29;30;31;32;34;35;37;38;39;40;41;42;43;44;45,54,18,17,55,0,72,1
1426,512,495,17,18,0,0.039651,19036,19036,18;23;27;29;30;31;32;34;35;37;38;39;40;41;42;43;44;45,54,18,17,55,0,72,1
1427,512,495,17,18,0,0.039992,19005,19005,18;23;27;29;30;31;32;34;35;37;38;39;40;41;42;43;44;45,54,18,17,55,0,72,1
1428,512,495,17,18,0,0.040292,18974,18974,18;23;27;29;30;31;32;34;35;37;38;39;40;41;42;43;44;45,54,18,17,55,0,72,1
1429,512,495,17,18,0,0.040595,18943,18943,18;23;27;29;30;31;32;34;35;37;38;39;40;41;42;43;44;45,54,18,17,55,0,72,1
1430,512,495,17,18,0,0.041019,18912,18912,18;23;27;29;30;31;32;34;35;37;38;39;40;41;42;43;44;45,54,18,17,55,0,72,1
1431,512,495,17,18,0,0.041382,18881,18881,18;23;27;29;30;31;32;34;35;37;38;39;40;41;42;43;44;45,54,18,17,55,0,72,1
1432,512,495,17,19,1,0.041843,18846,18846,18;23;27;29;30;31;32;34;35;37;38;39;40;41;42;43;44;45;46,53,19,17,55,0,72,1
1433,512,494,18,19,0,0.026498,18815,18815,18;23;27;29;30;31;32;34;35;37;38;39;40;41;42;43;44;45;46,53,19,18,54,0,72,1
1434,512,494,18,19,0,0.026938,18784,18784,18;23;27;29;30;31;32;34;35;37;38;39;40;41;42;43;44;45;46,53,19,18,54,0,72,1
1435,512,494,18,19,0,0.027445,18748,18748,18;23;27;29;30;31;32;34;35;37;38;39;40;41;42;43;44;45;46,53,19,18,54,0,72,1
1436,512,494,18,19,0,0.027939,18717,18717,18;23;27;29;30;31;32;34;35;37;38;39;40;41;42;43;44;45;46,53,19,18,54,0,72,1
1437,512,494,18,19,0,0.028315,18686,18686,18;23;27;29;30;31;32;34;35;37;38;39;40;41;42;43;44;45;46,53,19,18,54,0,72,1
1438,512,494,18,19,0,0.028848,18655,18655,18;23;27;29;30;31;32;34;35;37;38;39;40;41;42;43;44;45;46,53,19,18,54,0,72,1
1439,512,494,18,19,0,0.029372,18624,18624,18;23;27;29;30;31;32;34;35;37;38;39;40;41;42;43;44;45;46,53,19,18,54,0,72,1
1440,512,494,18,19,0,0.029833,18594,18594,18;23;27;29;30;31;32;34;35;37;38;39;40;41;42;43;44;45;46,53,19,18,54,0,72,1
1441,512,494,18,19,0,0.030245,18563,18563,18;23;27;29;30;31;32;34;35;37;38;39;40;41;42;43;44;45;46,53,19,18,54,0,72,1
1442,512,494,18,19,0,0.030710,18527,18527,18;23;27;29;30;31;32;34;35;37;38;39;40;41;42;43;44;45;46,53,19,18,54,0,72,1
1443,512,494,18,19,0,0.031152,18496,18496,18;23;27;29;30;31;32;34;35;37;38;39;40;41;42;43;44;45;46,53,19,18,54,0,72,1
1444,512,494,18,19,0,0.031472,18460,18460,18;23;27;29;30;31;32;34;35;37;38;39;40;41;42;43;44;45;46,53,19,18,54,0,72,1
1445,512,494,18,20,1,0.031986,18425,18425,18;23;27;29;30;31;32;34;35;37;38;39;40;41;42;43;44;45;46;47,52,20,18,54,0,72,1
1446,512,493,19,20,0,0.026344,18394,18394,18;23;27;29;30;31;32;34;35;37;38;39;40;41;42;43;44;45;46;47,52,20,19,53,0,72,1
1447,512,493,19,21,1,0.027013,18359,18359,18;23;27;29;30;31;32;34;35;37;38;39;40;41;42;43;44;45;46;47;48,51,21,19,53,0,72,1
1448,512,492,20,21,0,0.026253,18328,18328,18;23;27;29;30;31;32;34;35;37;38;39;40;41;42;43;44;45;46;47;48,51,21,20,52,0,72,1
1449,512,492,20,21,0,0.026633,18297,18297,18;23;27;29;30;31;32;34;35;37;38;39;40;41;42;43;44;45;46;47;48,51,21,20,52,0,72,1
1450,512,492,20,21,0,0.027200,18266,18266,18;23;27;29;30;31;32;34;35;37;38;39;40;41;42;43;44;45;46;47;48,51,21,20,52,0,72,1
1451,512,492,20,21,0,0.027693,18236,18236,18;23;27;29;30;31;32;34;35;37;38;39;40;41;42;43;44;45;46;47;48,51,21,20,52,0,72,1
1452,512,492,20,21,0,0.028134,18205,18205,18;23;27;29;30;31;32;34;35;37;38;39;40;41;42;43;44;45;46;47;48,51,21,20,52,0,72,1
1453,512,492,20,21,0,0.028589,18174,18174,18;23;27;29;30;31;32;34;35;37;38;39;40;41;42;43;44;45;46;47;48,51,21,20,52,0,72,1
1454,512,492,20,21,0,0.029127,18143,18143,18;23;27;29;30;31;32;34;35;37;38;39;40;41;42;43;44;45;46;47;48,51,21,20,52,0,72,1
1455,512,492,20,21,0,0.029588,18113,18113,18;23;27;29;30;31;32;34;35;37;38;39;40;41;42;43;44;45;46;47;48,52,21,20,53,0,73,1
1456,512,492,20,21,0,0.029960,18077,18077,18;23;27;29;30;31;32;34;35;37;38;39;40;41;42;43;44;45;46;47;48,52,21,20,53,0,73,1
1457,512,492,20,21,0,0.030465,18036,18036,18;23;27;29;30;31;32;34;35;37;38;39;40;41;42;43;44;45;46;47;48,52,21,20,53,0,73,1
1458,512,492,20,22,1,0.030848,18001,18001,18;23;27;29;30;31;32;34;35;37;38;39;40;41;42;43;44;45;46;47;48;49,51,22,20,53,0,73,1
1459,512,491,21,22,0,0.026232,17971,17971,18;23;27;29;30;31;32;34;35;37;38;39;40;41;42;43;44;45;46;47;48;49,51,22,21,52,0,73,1
1460,512,491,21,22,0,0.026672,17940,17940,18;23;27;29;30;31;32;34;35;37;38;39;40;41;42;43;44;45;46;47;48;49,51,22,21,52,0,73,1
1461,512,491,21,22,0,0.027179,17909,17909,18;23;27;29;30;31;32;34;35;37;38;39;40;41;42;43;44;45;46;47;48;49,51,22,21,52,0,73,1
1462,512,491,21,22,0,0.027673,17878,17878,18;23;27;29;30;31;32;34;35;37;38;39;40;41;42;43;44;45;46;47;48;49,51,22,21,52,0,73,1
1463,512,491,21,22,0,0.028049,17843,17843,18;23;27;29;30;31;32;34;35;37;38;39;40;41;42;43;44;45;46;47;48;49,51,22,21,52,0,73,1
1464,512,491,21,22,0,0.028568,17812,17812,18;23;27;29;30;31;32;34;35;37;38;39;40;41;42;43;44;45;46;47;48;49,51,22,21,52,0,73,1
1465,512,491,21,22,0,0.029106,17781,17781,18;23;27;29;30;31;32;34;35;37;38;39;40;41;42;43;44;45;46;47;48;49,51,22,21,52,0,73,1
1466,512,491,21,22,0,0.029567,17751,17751,18;23;27;29;30;31;32;34;35;37;38;39;40;41;42;43;44;45;46;47;48;49,51,22,21,52,0,73,1
1467,512,491,21,22,0,0.029939,17720,17720,18;23;27;29;30;31;32;34;35;37;38;39;40;41;42;43;44;45;46;47;48;49,51,22,21,52,0,73,1
1468,512,491,21,22,0,0.030444,17684,17684,18;23;27;29;30;31;32;34;35;37;38;39;40;41;42;43;44;45;46;47;48;49,51,22,21,52,0,73,1
1469,512,491,21,22,0,0.030886,17654,17654,18;23;27;29;30;31;32;34;35;37;38;39;40;41;42;43;44;45;46;47;48;49,51,22,21,52,0,73,1
1470,512,491,21,22,0,0.031206,17623,17623,18;23;27;29;30;31;32;34;35;37;38;39;40;41;42;43;44;45;46;47;48;49,51,22,21,52,0,73,1
1471,512,491,21,22,0,0.031476,17592,17592,18;23;27;29;30;31;32;34;35;37;38;39;40;41;42;43;44;45;46;47;48;49,51,22,21,52,0,73,1
1472,512,491,21,22,0,0.032071,17562,17562,18;23;27;29;30;31;32;34;35;37;38;39;40;41;42;43;44;45;46;47;48;49,51,22,21,52,0,73,1
1473,512,491,21,22,0,0.032385,17531,17531,18;23;27;29;30;31;32;34;35;37;38;39;40;41;42;43;44;45;46;47;48;49,51,22,21,52,0,73,1
1474,512,491,21,22,0,0.032705,17500,17500,18;23;27;29;30;31;32;34;35;37;38;39;40;41;42;43;44;45;46;47;48;49,51,22,21,52,0,73,1
1475,512,491,21,22,0,0.033029,17470,17470,18;23;27;29;30;31;32;34;35;37;38;39;40;41;42;43;44;45;46;47;48;49,52,22,21,53,0,74,1
1476,512,491,21,22,0,0.033372,17439,17439,18;23;27;29;30;31;32;34;35;37;38;39;40;41;42;43;44;45;46;47;48;49,52,22,21,53,0,74,1
1477,512,491,21,22,0,0.033828,17403,17403,18;23;27;29;30;31;32;34;35;37;38;39;40;41;42;43;44;45;46;47;48;49,52,22,21,53,0,74,1
1478,512,491,21,22,0,0.034155,17372,17372,18;23;27;29;30;31;32;34;35;37;38;39;40;41;42;43;44;45;46;47;48;49,52,22,21,53,0,74,1
1479,512,491,21,22,0,0.034429,17342,17342,18;23;27;29;30;31;32;34;35;37;38;39;40;41;42;43;44;45;46;47;48;49,53,22,21,54,0,75,1
1480,512,491,21,22,0,0.034757,17311,17311,18;23;27;29;30;31;32;34;35;37;38;39;40;41;42;43;44;45;46;47;48;49,53,22,21,54,0,75,1
1481,512,491,21,22,0,0.035111,17280,17280,18;23;27;29;30;31;32;34;35;37;38;39;40;41;42;43;44;45;46;47;48;49,53,22,21,54,0,75,1
1482,512,491,21,22,0,0.035600,17250,17250,18;23;27;29;30;31;32;34;35;37;38;39;40;41;42;43;44;45;46;47;48;49,53,22,21,54,0,75,1
1483,512,491,21,22,0,0.036037,17219,17219,18;23;27;29;30;31;32;34;35;37;38;39;40;41;42;43;44;45;46;47;48;49,53,22,21,54,0,75,1
1484,512,491,21,22,0,0.036337,17188,17188,18;23;27;29;30;31;32;34;35;37;38;39;40;41;42;43;44;45;46;47;48;49,53,22,21,54,0,75,1
1485,512,491,21,22,0,0.036689,17153,17153,18;23;27;29;30;31;32;34;35;37;38;39;40;41;42;43;44;45;46;47;48;49,53,22,21,54,0,75,1
1486,512,491,21,22,0,0.037142,17122,17122,18;23;27;29;30;31;32;34;35;37;38;39;40;41;42;43;44;45;46;47;48;49,53,22,21,54,0,75,1
1487,512,491,21,22,0,0.037469,17091,17091,18;23;27;29;30;31;32;34;35;37;38;39;40;41;42;43;44;45;46;47;48;49,53,22,21,54,0,75,1
1488,512,491,21,22,0,0.037828,17061,17061,18;23;27;29;30;31;32;34;35;37;38;39;40;41;42;43;44;45;46;47;48;49,53,22,21,54,0,75,1
1489,512,491,21,22,0,0.038190,17030,17030,18;23;27;29;30;31;32;34;35;37;38;39;40;41;42;43;44;45;46;47;48;49,53,22,21,54,0,75,1
1490,512,491,21,22,0,0.038708,16994,16994,18;23;27;29;30;31;32;34;35;37;38;39;40;41;42;43;44;45;46;47;48;49,53,22,21,54,0,75,1
1491,512,491,21,22,0,0.039138,16964,16964,18;23;27;29;30;31;32;34;35;37;38;39;40;41;42;43;44;45;46;47;48;49,53,22,21,54,0,75,1
1492,512,491,21,22,0,0.039316,16933,16933,18;23;27;29;30;31;32;34;35;37;38;39;40;41;42;43;44;45;46;47;48;49,53,22,21,54,0,75,1
1493,512,491,21,22,0,0.039726,16902,16902,18;23;27;29;30;31;32;34;35;37;38;39;40;41;42;43;44;45;46;47;48;49,53,22,21,54,0,75,1
1494,512,491,21,22,0,0.040197,16871,16871,18;23;27;29;30;31;32;34;35;37;38;39;40;41;42;43;44;45;46;47;48;49,53,22,21,54,0,75,1
1495,512,491,21,22,0,0.040384,16841,16841,18;23;27;29;30;31;32;34;35;37;38;39;40;41;42;43;44;45;46;47;48;49,53,22,21,54,0,75,1
1496,512,491,21,22,0,0.040692,16810,16810,18;23;27;29;30;31;32;34;35;37;38;39;40;41;42;43;44;45;46;47;48;49,53,22,21,54,0,75,1
1497,512,491,21,22,0,0.041179,16769,16769,18;23;27;29;30;31;32;34;35;37;38;39;40;41;42;43;44;45;46;47;48;49,53,22,21,54,0,75,1
1498,512,491,21,22,0,0.041705,16729,16729,18;23;27;29;30;31;32;34;35;37;38;39;40;41;42;43;44;45;46;47;48;49,53,22,21,54,0,75,1
1499,512,491,21,22,0,0.041949,16698,16698,18;23;27;29;30;31;32;34;35;37;38;39;40;41;42;43;44;45;46;47;48;49,53,22,21,54,0,75,1
1500,512,492,20,21,0,0.041855,18316,18316,18;23;27;29;30;31;32;35;37;38;39;40;41;42;43;44;45;46;47;48;49,53,21,20,54,0,74,1
1501,512,493,19,20,0,0.042276,18542,18542,18;23;27;29;30;31;35;37;38;39;40;41;42;43;44;45;46;47;48;49,53,20,19,54,0,73,1
1502,512,493,19,20,0,0.042593,18512,18512,18;23;27;29;30;31;35;37;38;39;40;41;42;43;44;45;46;47;48;49,53,20,19,54,0,73,1
1503,512,493,19,20,0,0.042977,18481,18481,18;23;27;29;30;31;35;37;38;39;40;41;42;43;44;45;46;47;48;49,53,20,19,54,0,73,1
1504,512,493,19,20,0,0.043235,18445,18445,18;23;27;29;30;31;35;37;38;39;40;41;42;43;44;45;46;47;48;49,53,20,19,54,0,73,1
1505,512,493,19,20,0,0.043772,18414,18414,18;23;27;29;30;31;35;37;38;39;40;41;42;43;44;45;46;47;48;49,53,20,19,54,0,73,1
1506,512,493,19,21,1,0.044236,18379,18379,18;23;27;29;30;31;35;37;38;39;40;41;42;43;44;45;46;47;48;49;50,52,21,19,54,0,73,1
1507,512,492,20,21,0,0.026267,18349,18349,18;23;27;29;30;31;35;37;38;39;40;41;42;43;44;45;46;47;48;49;50,52,21,20,53,0,73,1
1508,512,492,20,21,0,0.026633,18318,18318,18;23;27;29;30;31;35;37;38;39;40;41;42;43;44;45;46;47;48;49;50,52,21,20,53,0,73,1
1509,512,492,20,21,0,0.027200,18287,18287,18;23;27;29;30;31;35;37;38;39;40;41;42;43;44;45;46;47;48;49;50,52,21,20,53,0,73,1
1510,512,492,20,21,0,0.027641,18256,18256,18;23;27;29;30;31;35;37;38;39;40;41;42;43;44;45;46;47;48;49;50,52,21,20,53,0,73,1
1511,512,492,20,21,0,0.028134,18226,18226,18;23;27;29;30;31;35;37;38;39;40;41;42;43;44;45;46;47;48;49;50,52,21,20,53,0,73,1
1512,512,492,20,21,0,0.028589,18190,18190,18;23;27;29;30;31;35;37;38;39;40;41;42;43;44;45;46;47;48;49;50,52,21,20,53,0,73,1
1513,512,492,20,21,0,0.029103,18159,18159,18;23;27;29;30;31;35;37;38;39;40;41;42;43;44;45;46;47;48;49;50,52,21,20,53,0,73,1
1514,512,492,20,21,0,0.029566,18128,18128,18;23;27;29;30;31;35;37;38;39;40;41;42;43;44;45;46;47;48;49;50,52,21,20,53,0,73,1
1515,512,492,20,21,0,0.029960,18093,18093,18;23;27;29;30;31;35;37;38;39;40;41;42;43;44;45;46;47;48;49;50,52,21,20,53,0,73,1
1516,512,492,20,21,0,0.030265,18062,18062,18;23;27;29;30;31;35;37;38;39;40;41;42;43;44;45;46;47;48;49;50,52,21,20,53,0,73,1
1517,512,492,20,21,0,0.030876,18031,18031,18;23;27;29;30;31;35;37;38;39;40;41;42;43;44;45;46;47;48;49;50,52,21,20,53,0,73,1
1518,512,492,20,21,0,0.031227,18000,18000,18;23;27;29;30;31;35;37;38;39;40;41;42;43;44;45;46;47;48;49;50,52,21,20,53,0,73,1
1519,512,492,20,21,0,0.031497,17970,17970,18;23;27;29;30;31;35;37;38;39;40;41;42;43;44;45;46;47;48;49;50,52,21,20,53,0,73,1
1520,512,492,20,21,0,0.031915,17939,17939,18;23;27;29;30;31;35;37;38;39;40;41;42;43;44;45;46;47;48;49;50,52,21,20,53,0,73,1
1521,512,492,20,21,0,0.032406,17908,17908,18;23;27;29;30;31;35;37;38;39;40;41;42;43;44;45;46;47;48;49;50,53,21,20,54,0,74,1
1522,512,492,20,21,0,0.032726,17872,17872,18;23;27;29;30;31;35;37;38;39;40;41;42;43;44;45;46;47;48;49;50,53,21,20,54,0,74,1
1523,512,492,20,21,0,0.033055,17837,17837,18;23;27;29;30;31;35;37;38;39;40;41;42;43;44;45;46;47;48;49;50,53,21,20,54,0,74,1
1524,512,492,20,21,0,0.033393,17801,17801,18;23;27;29;30;31;35;37;38;39;40;41;42;43;44;45;46;47;48;49;50,53,21,20,54,0,74,1
1525,512,492,20,21,0,0.033849,17765,17765,18;23;27;29;30;31;35;37;38;39;40;41;42;43;44;45;46;47;48;49;50,53,21,20,54,0,74,1
1526,512,492,20,21,0,0.034107,17734,17734,18;23;27;29;30;31;35;37;38;39;40;41;42;43;44;45;46;47;48;49;50,53,21,20,54,0,74,1
1527,512,492,20,21,0,0.034344,17704,17704,18;23;27;29;30;31;35;37;38;39;40;41;42;43;44;45;46;47;48;49;50,53,21,20,54,0,74,1
1528,512,493,19,20,0,0.034585,18658,18658,18;23;27;29;30;35;37;38;39;40;41;42;43;44;45;46;47;48;49;50,53,20,19,54,0,73,1
1529,512,493,19,20,0,0.034896,18627,18627,18;23;27;29;30;35;37;38;39;40;41;42;43;44;45;46;47;48;49;50,53,20,19,54,0,73,1
1530,512,493,19,20,0,0.035428,18596,18596,18;23;27;29;30;35;37;38;39;40;41;42;43;44;45;46;47;48;49;50,53,20,19,54,0,73,1
1531,512,493,19,20,0,0.035865,18565,18565,18;23;27;29;30;35;37;38;39;40;41;42;43;44;45;46;47;48;49;50,53,20,19,54,0,73,1
1532,512,493,19,20,0,0.036165,18535,18535,18;23;27;29;30;35;37;38;39;40;41;42;43;44;45;46;47;48;49;50,53,20,19,54,0,73,1
1533,512,493,19,20,0,0.036447,18504,18504,18;23;27;29;30;35;37;38;39;40;41;42;43;44;45;46;47;48;49;50,53,20,19,54,0,73,1
1534,512,493,19,20,0,0.036970,18473,18473,18;23;27;29;30;35;37;38;39;40;41;42;43;44;45;46;47;48;49;50,53,20,19,54,0,73,1
1535,512,493,19,20,0,0.037297,18442,18442,18;23;27;29;30;35;37;38;39;40;41;42;43;44;45;46;47;48;49;50,53,20,19,54,0,73,1
1536,512,493,19,20,0,0.037708,18406,18406,18;23;27;29;30;35;37;38;39;40;41;42;43;44;45;46;47;48;49;50,53,20,19,54,0,73,1
1537,512,494,18,19,0,0.037800,19623,19623,18;23;27;29;30;35;37;38;39;40;41;42;43;44;46;47;48;49;50,53,19,18,54,0,72,1
1538,512,494,18,19,0,0.038318,19593,19593,18;23;27;29;30;35;37;38;39;40;41;42;43;44;46;47;48;49;50,53,19,18,54,0,72,1
1539,512,494,18,19,0,0.038726,19562,19562,18;23;27;29;30;35;37;38;39;40;41;42;43;44;46;47;48;49;50,53,19,18,54,0,72,1
1540,512,494,18,19,0,0.038927,19531,19531,18;23;27;29;30;35;37;38;39;40;41;42;43;44;46;47;48;49;50,53,19,18,54,0,72,1
1541,512,494,18,19,0,0.039336,19500,19500,18;23;27;29;30;35;37;38;39;40;41;42;43;44;46;47;48;49;50,53,19,18,54,0,72,1
1542,512,495,17,18,0,0.040054,19558,19558,18;23;27;29;30;35;38;39;40;41;42;43;44;46;47;48;49;50,54,18,17,55,0,72,1
1543,512,495,17,18,0,0.040241,19522,19522,18;23;27;29;30;35;38;39;40;41;42;43;44;46;47;48;49;50,54,18,17,55,0,72,1
1544,512,495,17,18,0,0.040549,19491,19491,18;23;27;29;30;35;38;39;40;41;42;43;44;46;47;48;49;50,54,18,17,55,0,72,1
1545,512,495,17,18,0,0.041036,19460,19460,18;23;27;29;30;35;38;39;40;41;42;43;44;46;47;48;49;50,54,18,17,55,0,72,1
1546,512,495,17,18,0,0.041573,19429,19429,18;23;27;29;30;35;38;39;40;41;42;43;44;46;47;48;49;50,54,18,17,55,0,72,1
1547,512,495,17,18,0,0.041806,19398,19398,18;23;27;29;30;35;38;39;40;41;42;43;44;46;47;48;49;50,54,18,17,55,0,72,1
1548,512,495,17,18,0,0.042091,19362,19362,18;23;27;29;30;35;38;39;40;41;42;43;44;46;47;48;49;50,54,18,17,55,0,72,1
1549,512,495,17,18,0,0.042513,19331,19331,18;23;27;29;30;35;38;39;40;41;42;43;44;46;47;48;49;50,54,18,17,55,0,72,1
1550,512,495,17,18,0,0.042724,19300,19300,18;23;27;29;30;35;38;39;40;41;42;43;44;46;47;48;49;50,54,18,17,55,0,72,1
1551,512,495,17,18,0,0.043102,19270,19270,18;23;27;29;30;35;38;39;40;41;42;43;44;46;47;48;49;50,54,18,17,55,0,72,1
1552,512,495,17,18,0,0.043487,19239,19239,18;23;27;29;30;35;38;39;40;41;42;43;44;46;47;48;49;50,54,18,17,55,0,72,1
1553,512,495,17,18,0,0.044082,19208,19208,18;23;27;29;30;35;38;39;40;41;42;43;44;46;47;48;49;50,54,18,17,55,0,72,1
1554,512,495,17,18,0,0.044278,19177,19177,18;23;27;29;30;35;38;39;40;41;42;43;44;46;47;48;49;50,54,18,17,55,0,72,1
1555,512,495,17,18,0,0.044726,19146,19146,18;23;27;29;30;35;38;39;40;41;42;43;44;46;47;48;49;50,54,18,17,55,0,72,1
1556,512,495,17,18,0,0.045135,19115,19115,18;23;27;29;30;35;38;39;40;41;42;43;44;46;47;48;49;50,54,18,17,55,0,72,1
1557,512,495,17,18,0,0.045328,19079,19079,18;23;27;29;30;35;38;39;40;41;42;43;44;46;47;48;49;50,55,18,17,56,0,73,1
1558,512,495,17,18,0,0.045621,19048,19048,18;23;27;29;30;35;38;39;40;41;42;43;44;46;47;48;49;50,55,18,17,56,0,73,1
1559,512,495,17,18,0,0.046099,19017,19017,18;23;27;29;30;35;38;39;40;41;42;43;44;46;47;48;49;50,55,18,17,56,0,73,1
1560,512,495,17,18,0,0.046339,18986,18986,18;23;27;29;30;35;38;39;40;41;42;43;44;46;47;48;49;50,55,18,17,56,0,73,1
1561,512,495,17,18,0,0.046955,18955,18955,18;23;27;29;30;35;38;39;40;41;42;43;44;46;47;48;49;50,55,18,17,56,0,73,1
1562,512,495,17,18,0,0.047304,18924,18924,18;23;27;29;30;35;38;39;40;41;42;43;44;46;47;48;49;50,55,18,17,56,0,73,1
1563,512,495,17,18,0,0.047705,18893,18893,18;23;27;29;30;35;38;39;40;41;42;43;44;46;47;48;49;50,55,18,17,56,0,73,1
1564,512,495,17,18,0,0.048042,18862,18862,18;23;27;29;30;35;38;39;40;41;42;43;44;46;47;48;49;50,56,18,17,57,0,74,1
1565,512,495,17,18,0,0.048382,18826,18826,18;23;27;29;30;35;38;39;40;41;42;43;44;46;47;48;49;50,56,18,17,57,0,74,1
1566,512,495,17,18,0,0.048608,18795,18795,18;23;27;29;30;35;38;39;40;41;42;43;44;46;47;48;49;50,56,18,17,57,0,74,1
1567,512,495,17,18,0,0.049164,18765,18765,18;23;27;29;30;35;38;39;40;41;42;43;44;46;47;48;49;50,57,18,17,58,0,75,1
1568,512,495,17,18,0,0.049355,18734,18734,18;23;27;29;30;35;38;39;40;41;42;43;44;46;47;48;49;50,58,18,17,59,0,76,1
1569,512,495,17,18,0,0.049853,18703,18703,18;23;27;29;30;35;38;39;40;41;42;43;44;46;47;48;49;50,58,18,17,59,0,76,1
1570,512,495,17,18,0,0.050091,18672,18672,18;23;27;29;30;35;38;39;40;41;42;43;44;46;47;48;49;50,58,18,17,59,0,76,1
1571,512,495,17,18,0,0.050698,18636,18636,18;23;27;29;30;35;38;39;40;41;42;43;44;46;47;48;49;50,58,18,17,59,0,76,1
1572,512,495,17,18,0,0.051007,18605,18605,18;23;27;29;30;35;38;39;40;41;42;43;44;46;47;48;49;50,58,18,17,59,0,76,1
1573,512,496,16,17,0,0.049865,19466,19466,18;23;27;29;30;35;38;39;40;42;43;44;46;47;48;49;50,58,17,16,59,0,75,1
1574,512,496,16,17,0,0.050272,19435,19435,18;23;27;29;30;35;38;39;40;42;43;44;46;47;48;49;50,58,17,16,59,0,75,1
1575,512,496,16,17,0,0.050533,19404,19404,18;23;27;29;30;35;38;39;40;42;43;44;46;47;48;49;50,58,17,16,59,0,75,1
1576,512,496,16,17,0,0.050902,19373,19373,18;23;27;29;30;35;38;39;40;42;43;44;46;47;48;49;50,58,17,16,59,0,75,1
1577,512,496,16,17,0,0.051445,19337,19337,18;23;27;29;30;35;38;39;40;42;43;44;46;47;48;49;50,58,17,16,59,0,75,1
1578,512,496,16,17,0,0.051714,19306,19306,18;23;27;29;30;35;38;39;40;42;43;44;46;47;48;49;50,58,17,16,59,0,75,1
1579,512,496,16,17,0,0.051963,19275,19275,18;23;27;29;30;35;38;39;40;42;43;44;46;47;48;49;50,58,17,16,59,0,75,1
1580,512,496,16,17,0,0.052536,19239,19239,18;23;27;29;30;35;38;39;40;42;43;44;46;47;48;49;50,58,17,16,59,0,75,1
1581,512,496,16,17,0,0.052699,19203,19203,18;23;27;29;30;35;38;39;40;42;43;44;46;47;48;49;50,58,17,16,59,0,75,1
1582,512,496,16,17,0,0.053045,19172,19172,18;23;27;29;30;35;38;39;40;42;43;44;46;47;48;49;50,58,17,16,59,0,75,1
1583,512,496,16,17,0,0.053386,19141,19141,18;23;27;29;30;35;38;39;40;42;43;44;46;47;48;49;50,58,17,16,59,0,75,1
1584,512,496,16,18,1,0.053948,19106,19106,18;23;27;29;30;35;38;39;40;42;43;44;46;47;48;49;50;51,57,18,16,59,0,75,1
1585,512,495,17,18,0,0.026798,19075,19075,18;23;27;29;30;35;38;39;40;42;43;44;46;47;48;49;50;51,57,18,17,58,0,75,1
1586,512,495,17,18,0,0.027064,19044,19044,18;23;27;29;30;35;38;39;40;42;43;44;46;47;48;49;50;51,57,18,17,58,0,75,1
1587,512,495,17,18,0,0.027629,19013,19013,18;23;27;29;30;35;38;39;40;42;43;44;46;47;48;49;50;51,57,18,17,58,0,75,1
1588,512,495,17,18,0,0.028086,18982,18982,18;23;27;29;30;35;38;39;40;42;43;44;46;47;48;49;50;51,57,18,17,58,0,75,1
1589,512,495,17,18,0,0.028527,18951,18951,18;23;27;29;30;35;38;39;40;42;43;44;46;47;48;49;50;51,57,18,17,58,0,75,1
1590,512,495,17,18,0,0.028976,18920,18920,18;23;27;29;30;35;38;39;40;42;43;44;46;47;48;49;50;51,57,18,17,58,0,75,1
1591,512,495,17,18,0,0.029513,18889,18889,18;23;27;29;30;35;38;39;40;42;43;44;46;47;48;49;50;51,57,18,17,58,0,75,1
1592,512,495,17,18,0,0.029972,18853,18853,18;23;27;29;30;35;38;39;40;42;43;44;46;47;48;49;50;51,57,18,17,58,0,75,1
1593,512,495,17,18,0,0.030390,18822,18822,18;23;27;29;30;35;38;39;40;42;43;44;46;47;48;49;50;51,57,18,17,58,0,75,1
1594,512,495,17,18,0,0.030870,18791,18791,18;23;27;29;30;35;38;39;40;42;43;44;46;47;48;49;50;51,57,18,17,58,0,75,1
1595,512,496,16,17,0,0.029649,19370,19370,18;23;27;29;30;35;38;39;40;42;43;46;47;48;49;50;51,58,17,16,59,0,75,1
1596,512,496,16,17,0,0.030048,19339,19339,18;23;27;29;30;35;38;39;40;42;43;46;47;48;49;50;51,58,17,16,59,0,75,1
1597,512,496,16,17,0,0.030572,19308,19308,18;23;27;29;30;35;38;39;40;42;43;46;47;48;49;50;51,58,17,16,59,0,75,1
1598,512,496,16,17,0,0.030916,19277,19277,18;23;27;29;30;35;38;39;40;42;43;46;47;48;49;50;51,58,17,16,59,0,75,1
1599,512,496,16,18,1,0.031409,19242,19242,18;23;27;29;30;35;38;39;40;42;43;46;47;48;49;50;51;52,57,18,16,59,0,75,1
1600,512,495,17,18,0,0.026624,19211,19211,18;23;27;29;30;35;38;39;40;42;43;46;47;48;49;50;51;52,57,18,17,58,0,75,1
1601,512,495,17,18,0,0.027064,19180,19180,18;23;27;29;30;35;38;39;40;42;43;46;47;48;49;50;51;52,57,18,17,58,0,75,1
1602,512,495,17,18,0,0.027571,19144,19144,18;23;27;29;30;35;38;39;40;42;43;46;47;48;49;50;51;52,57,18,17,58,0,75,1
1603,512,495,17,18,0,0.028065,19108,19108,18;23;27;29;30;35;38;39;40;42;43;46;47;48;49;50;51;52,57,18,17,58,0,75,1
1604,512,495,17,18,0,0.028441,19072,19072,18;23;27;29;30;35;38;39;40;42;43;46;47;48;49;50;51;52,57,18,17,58,0,75,1
1605,512,495,17,18,0,0.028974,19036,19036,18;23;27;29;30;35;38;39;40;42;43;46;47;48;49;50;51;52,58,18,17,59,0,76,1
1606,512,495,17,18,0,0.029498,19005,19005,18;23;27;29;30;35;38;39;40;42;43;46;47;48;49;50;51;52,58,18,17,59,0,76,1
1607,512,495,17,18,0,0.029959,18974,18974,18;23;27;29;30;35;38;39;40;42;43;46;47;48;49;50;51;52,58,18,17,59,0,76,1
1608,512,495,17,18,0,0.030371,18943,18943,18;23;27;29;30;35;38;39;40;42;43;46;47;48;49;50;51;52,58,18,17,59,0,76,1
1609,512,496,16,17,0,0.029101,19687,19687,18;23;27;29;30;35;38;39;40;43;46;47;48;49;50;51;52,59,17,16,60,0,76,1
1610,512,496,16,17,0,0.029529,19656,19656,18;23;27;29;30;35;38;39;40;43;46;47;48;49;50;51;52,59,17,16,60,0,76,1
1611,512,496,16,17,0,0.029849,19625,19625,18;23;27;29;30;35;38;39;40;43;46;47;48;49;50;51;52,59,17,16,60,0,76,1
1612,512,496,16,17,0,0.030371,19594,19594,18;23;27;29;30;35;38;39;40;43;46;47;48;49;50;51;52,59,17,16,60,0,76,1
1613,512,496,16,17,0,0.030755,19563,19563,18;23;27;29;30;35;38;39;40;43;46;47;48;49;50;51;52,59,17,16,60,0,76,1
1614,512,496,16,17,0,0.031070,19532,19532,18;23;27;29;30;35;38;39;40;43;46;47;48;49;50;51;52,59,17,16,60,0,76,1
1615,512,496,16,17,0,0.031359,19501,19501,18;23;27;29;30;35;38;39;40;43;46;47;48;49;50;51;52,60,17,16,61,0,77,1
1616,512,496,16,17,0,0.031863,19470,19470,18;23;27;29;30;35;38;39;40;43;46;47;48;49;50;51;52,60,17,16,61,0,77,1
1617,512,496,16,18,1,0.032177,19430,19430,18;23;27;29;30;35;38;39;40;43;46;47;48;49;50;51;52;53,59,18,16,61,0,77,1
1618,512,495,17,18,0,0.026528,19399,19399,18;23;27;29;30;35;38;39;40;43;46;47;48;49;50;51;52;53,59,18,17,60,0,77,1
1619,512,495,17,18,0,0.026893,19368,19368,18;23;27;29;30;35;38;39;40;43;46;47;48;49;50;51;52;53,59,18,17,60,0,77,1
1620,512,495,17,18,0,0.027461,19337,19337,18;23;27;29;30;35;38;39;40;43;46;47;48;49;50;51;52;53,59,18,17,60,0,77,1
1621,512,495,17,18,0,0.027901,19307,19307,18;23;27;29;30;35;38;39;40;43;46;47;48;49;50;51;52;53,59,18,17,60,0,77,1
1622,512,495,17,18,0,0.028395,19276,19276,18;23;27;29;30;35;38;39;40;43;46;47;48;49;50;51;52;53,59,18,17,60,0,77,1
1623,512,495,17,18,0,0.028849,19240,19240,18;23;27;29;30;35;38;39;40;43;46;47;48;49;50;51;52;53,59,18,17,60,0,77,1
1624,512,495,17,18,0,0.029363,19209,19209,18;23;27;29;30;35;38;39;40;43;46;47;48;49;50;51;52;53,59,18,17,60,0,77,1
1625,512,495,17,18,0,0.029826,19178,19178,18;23;27;29;30;35;38;39;40;43;46;47;48;49;50;51;52;53,59,18,17,60,0,77,1
1626,512,495,17,18,0,0.030220,19147,19147,18;23;27;29;30;35;38;39;40;43;46;47;48;49;50;51;52;53,59,18,17,60,0,77,1
1627,512,495,17,18,0,0.030725,19116,19116,18;23;27;29;30;35;38;39;40;43;46;47;48;49;50;51;52;53,59,18,17,60,0,77,1
1628,512,495,17,18,0,0.031137,19080,19080,18;23;27;29;30;35;38;39;40;43;46;47;48;49;50;51;52;53,59,18,17,60,0,77,1
1629,512,495,17,18,0,0.031488,19049,19049,18;23;27;29;30;35;38;39;40;43;46;47;48;49;50;51;52;53,59,18,17,60,0,77,1
1630,512,495,17,18,0,0.031757,19018,19018,18;23;27;29;30;35;38;39;40;43;46;47;48;49;50;51;52;53,60,18,17,61,0,78,1
1631,512,495,17,18,0,0.032352,18987,18987,18;23;27;29;30;35;38;39;40;43;46;47;48;49;50;51;52;53,60,18,17,61,0,78,1
1632,512,495,17,18,0,0.032667,18956,18956,18;23;27;29;30;35;38;39;40;43;46;47;48;49;50;51;52;53,60,18,17,61,0,78,1
1633,512,495,17,18,0,0.032987,18925,18925,18;23;27;29;30;35;38;39;40;43;46;47;48;49;50;51;52;53,61,18,17,62,0,79,1
1634,512,495,17,18,0,0.033311,18894,18894,18;23;27;29;30;35;38;39;40;43;46;47;48;49;50;51;52;53,61,18,17,62,0,79,1
1635,512,495,17,18,0,0.033867,18863,18863,18;23;27;29;30;35;38;39;40;43;46;47;48;49;50;51;52;53,61,18,17,62,0,79,1
1636,512,495,17,18,0,0.034110,18832,18832,18;23;27;29;30;35;38;39;40;43;46;47;48;49;50;51;52;53,61,18,17,62,0,79,1
1637,512,495,17,18,0,0.034437,18797,18797,18;23;27;29;30;35;38;39;40;43;46;47;48;49;50;51;52;53,61,18,17,62,0,79,1
1638,512,495,17,18,0,0.034711,18766,18766,18;23;27;29;30;35;38;39;40;43;46;47;48;49;50;51;52;53,61,18,17,62,0,79,1
1639,512,495,17,18,0,0.035039,18735,18735,18;23;27;29;30;35;38;39;40;43;46;47;48;49;50;51;52;53,61,18,17,62,0,79,1
1640,512,495,17,18,0,0.035392,18704,18704,18;23;27;29;30;35;38;39;40;43;46;47;48;49;50;51;52;53,61,18,17,62,0,79,1
1641,512,495,17,18,0,0.035882,18673,18673,18;23;27;29;30;35;38;39;40;43;46;47;48;49;50;51;52;53,61,18,17,62,0,79,1
1642,512,495,17,18,0,0.036336,18642,18642,18;23;27;29;30;35;38;39;40;43;46;47;48;49;50;51;52;53,61,18,17,62,0,79,1
1643,512,495,17,18,0,0.036618,18611,18611,18;23;27;29;30;35;38;39;40;43;46;47;48;49;50;51;52;53,61,18,17,62,0,79,1
1644,512,495,17,18,0,0.036970,18580,18580,18;23;27;29;30;35;38;39;40;43;46;47;48;49;50;51;52;53,61,18,17,62,0,79,1
1645,512,495,17,18,0,0.037423,18544,18544,18;23;27;29;30;35;38;39;40;43;46;47;48;49;50;51;52;53,61,18,17,62,0,79,1
1646,512,495,17,18,0,0.037705,18513,18513,18;23;27;29;30;35;38;39;40;43;46;47;48;49;50;51;52;53,61,18,17,62,0,79,1
1647,512,495,17,18,0,0.038109,18482,18482,18;23;27;29;30;35;38;39;40;43;46;47;48;49;50;51;52;53,61,18,17,62,0,79,1
1648,512,495,17,18,0,0.038486,18451,18451,18;23;27;29;30;35;38;39;40;43;46;47;48;49;50;51;52;53,61,18,17,62,0,79,1
1649,512,495,17,18,0,0.039022,18415,18415,18;23;27;29;30;35;38;39;40;43;46;47;48;49;50;51;52;53,61,18,17,62,0,79,1
1650,512,495,17,18,0,0.039366,18384,18384,18;23;27;29;30;35;38;39;40;43;46;47;48;49;50;51;52;53,61,18,17,62,0,79,1
1651,512,495,17,18,0,0.039646,18348,18348,18;23;27;29;30;35;38;39;40;43;46;47;48;49;50;51;52;53,61,18,17,62,0,79,1
1652,512,495,17,18,0,0.040032,18317,18317,18;23;27;29;30;35;38;39;40;43;46;47;48;49;50;51;52;53,61,18,17,62,0,79,1
1653,512,495,17,18,0,0.040496,18287,18287,18;23;27;29;30;35;38;39;40;43;46;47;48;49;50;51;52;53,61,18,17,62,0,79,1
1654,512,495,17,18,0,0.040664,18256,18256,18;23;27;29;30;35;38;39;40;43;46;47;48;49;50;51;52;53,61,18,17,62,0,79,1
1655,512,495,17,18,0,0.041168,18225,18225,18;23;27;29;30;35;38;39;40;43;46;47;48;49;50;51;52;53,61,18,17,62,0,79,1
1656,512,495,17,18,0,0.041509,18194,18194,18;23;27;29;30;35;38;39;40;43;46;47;48;49;50;51;52;53,61,18,17,62,0,79,1
1657,512,495,17,18,0,0.041998,18158,18158,18;23;27;29;30;35;38;39;40;43;46;47;48;49;50;51;52;53,61,18,17,62,0,79,1
1658,512,495,17,18,0,0.042237,18127,18127,18;23;27;29;30;35;38;39;40;43;46;47;48;49;50;51;52;53,61,18,17,62,0,79,1
1659,512,495,17,18,0,0.042651,18096,18096,18;23;27;29;30;35;38;39;40;43;46;47;48;49;50;51;52;53,62,18,17,63,0,80,1
1660,512,495,17,18,0,0.042943,18060,18060,18;23;27;29;30;35;38;39;40;43;46;47;48;49;50;51;52;53,62,18,17,63,0,80,1
1661,512,495,17,18,0,0.043155,18024,18024,18;23;27;29;30;35;38;39;40;43;46;47;48;49;50;51;52;53,62,18,17,63,0,80,1
1662,512,495,17,18,0,0.043519,17993,17993,18;23;27;29;30;35;38;39;40;43;46;47;48;49;50;51;52;53,62,18,17,63,0,80,1
1663,512,495,17,18,0,0.044233,17962,17962,18;23;27;29;30;35;38;39;40;43;46;47;48;49;50;51;52;53,62,18,17,63,0,80,1
1664,512,495,17,18,0,0.044520,17931,17931,18;23;27;29;30;35;38;39;40;43;46;47;48;49;50;51;52;53,62,18,17,63,0,80,1
1665,512,495,17,18,0,0.044804,17900,17900,18;23;27;29;30;35;38;39;40;43;46;47;48;49;50;51;52;53,62,18,17,63,0,80,1
1666,512,495,17,19,1,0.045154,17865,17865,18;23;27;29;30;35;38;39;40;43;46;47;48;49;50;51;52;53;54,61,19,17,63,0,80,1
1667,512,494,18,19,0,0.026952,17834,17834,18;23;27;29;30;35;38;39;40;43;46;47;48;49;50;51;52;53;54,61,19,18,62,0,80,1
1668,512,494,18,19,0,0.027317,17803,17803,18;23;27;29;30;35;38;39;40;43;46;47;48;49;50;51;52;53;54,61,19,18,62,0,80,1
1669,512,494,18,19,0,0.027884,17772,17772,18;23;27;29;30;35;38;39;40;43;46;47;48;49;50;51;52;53;54,61,19,18,62,0,80,1
1670,512,494,18,19,0,0.028325,17741,17741,18;23;27;29;30;35;38;39;40;43;46;47;48;49;50;51;52;53;54,61,19,18,62,0,80,1
1671,512,494,18,19,0,0.028818,17710,17710,18;23;27;29;30;35;38;39;40;43;46;47;48;49;50;51;52;53;54,61,19,18,62,0,80,1
1672,512,494,18,19,0,0.029273,17669,17669,18;23;27;29;30;35;38;39;40;43;46;47;48;49;50;51;52;53;54,61,19,18,62,0,80,1
1673,512,494,18,19,0,0.029812,17639,17639,18;23;27;29;30;35;38;39;40;43;46;47;48;49;50;51;52;53;54,61,19,18,62,0,80,1
1674,512,494,18,19,0,0.030250,17608,17608,18;23;27;29;30;35;38;39;40;43;46;47;48;49;50;51;52;53;54,61,19,18,62,0,80,1
1675,512,494,18,19,0,0.030644,17577,17577,18;23;27;29;30;35;38;39;40;43;46;47;48;49;50;51;52;53;54,61,19,18,62,0,80,1
1676,512,494,18,19,0,0.031149,17546,17546,18;23;27;29;30;35;38;39;40;43;46;47;48;49;50;51;52;53;54,61,19,18,62,0,80,1
1677,512,494,18,19,0,0.031561,17515,17515,18;23;27;29;30;35;38;39;40;43;46;47;48;49;50;51;52;53;54,61,19,18,62,0,80,1
1678,512,494,18,19,0,0.031912,17484,17484,18;23;27;29;30;35;38;39;40;43;46;47;48;49;50;51;52;53;54,61,19,18,62,0,80,1
1679,512,494,18,19,0,0.032181,17453,17453,18;23;27;29;30;35;38;39;40;43;46;47;48;49;50;51;52;53;54,62,19,18,63,0,81,1
1680,512,494,18,19,0,0.032776,17422,17422,18;23;27;29;30;35;38;39;40;43;46;47;48;49;50;51;52;53;54,62,19,18,63,0,81,1
1681,512,494,18,19,0,0.033090,17392,17392,18;23;27;29;30;35;38;39;40;43;46;47;48;49;50;51;52;53;54,62,19,18,63,0,81,1
1682,512,494,18,19,0,0.033410,17356,17356,18;23;27;29;30;35;38;39;40;43;46;47;48;49;50;51;52;53;54,62,19,18,63,0,81,1
1683,512,494,18,19,0,0.033734,17315,17315,18;23;27;29;30;35;38;39;40;43;46;47;48;49;50;51;52;53;54,62,19,18,63,0,81,1
1684,512,494,18,19,0,0.034077,17279,17279,18;23;27;29;30;35;38;39;40;43;46;47;48;49;50;51;52;53;54,62,19,18,63,0,81,1
1685,512,494,18,19,0,0.034533,17243,17243,18;23;27;29;30;35;38;39;40;43;46;47;48;49;50;51;52;53;54,62,19,18,63,0,81,1
1686,512,494,18,19,0,0.034861,17212,17212,18;23;27;29;30;35;38;39;40;43;46;47;48;49;50;51;52;53;54,62,19,18,63,0,81,1
1687,512,494,18,19,0,0.035135,17181,17181,18;23;27;29;30;35;38;39;40;43;46;47;48;49;50;51;52;53;54,62,19,18,63,0,81,1
1688,512,494,18,19,0,0.035462,17150,17150,18;23;27;29;30;35;38;39;40;43;46;47;48;49;50;51;52;53;54,62,19,18,63,0,81,1
1689,512,494,18,19,0,0.035816,17120,17120,18;23;27;29;30;35;38;39;40;43;46;47;48;49;50;51;52;53;54,62,19,18,63,0,81,1
1690,512,494,18,19,0,0.036305,17089,17089,18;23;27;29;30;35;38;39;40;43;46;47;48;49;50;51;52;53;54,62,19,18,63,0,81,1
1691,512,494,18,19,0,0.036742,17058,17058,18;23;27;29;30;35;38;39;40;43;46;47;48;49;50;51;52;53;54,62,19,18,63,0,81,1
1692,512,494,18,19,0,0.037042,17027,17027,18;23;27;29;30;35;38;39;40;43;46;47;48;49;50;51;52;53;54,62,19,18,63,0,81,1
1693,512,494,18,19,0,0.037394,16996,16996,18;23;27;29;30;35;38;39;40;43;46;47;48;49;50;51;52;53;54,62,19,18,63,0,81,1
1694,512,494,18,19,0,0.037847,16965,16965,18;23;27;29;30;35;38;39;40;43;46;47;48;49;50;51;52;53;54,62,19,18,63,0,81,1
1695,512,494,18,19,0,0.038174,16934,16934,18;23;27;29;30;35;38;39;40;43;46;47;48;49;50;51;52;53;54,62,19,18,63,0,81,1
1696,512,495,17,18,0,0.038733,16994,16994,18;23;27;29;30;35;38;39;40;46;47;48;49;50;51;52;53;54,62,18,17,63,0,80,1
1697,512,495,17,18,0,0.039110,16958,16958,18;23;27;29;30;35;38;39;40;46;47;48;49;50;51;52;53;54,63,18,17,64,0,81,1
1698,512,495,17,19,1,0.039477,16923,16923,18;23;27;29;30;35;38;39;40;46;47;48;49;50;51;52;53;54;55,62,19,17,64,0,81,1
1699,512,494,18,19,0,0.027241,16892,16892,18;23;27;29;30;35;38;39;40;46;47;48;49;50;51;52;53;54;55,62,19,18,63,0,81,1
1700,512,494,18,19,0,0.027682,16861,16861,18;23;27;29;30;35;38;39;40;46;47;48;49;50;51;52;53;54;55,62,19,18,63,0,81,1
1701,512,494,18,19,0,0.028189,16830,16830,18;23;27;29;30;35;38;39;40;46;47;48;49;50;51;52;53;54;55,62,19,18,63,0,81,1
1702,512,494,18,19,0,0.028682,16799,16799,18;23;27;29;30;35;38;39;40;46;47;48;49;50;51;52;53;54;55,62,19,18,63,0,81,1
1703,512,494,18,19,0,0.029059,16763,16763,18;23;27;29;30;35;38;39;40;46;47;48;49;50;51;52;53;54;55,62,19,18,63,0,81,1
1704,512,494,18,19,0,0.029592,16732,16732,18;23;27;29;30;35;38;39;40;46;47;48;49;50;51;52;53;54;55,62,19,18,63,0,81,1
1705,512,494,18,19,0,0.030116,16701,16701,18;23;27;29;30;35;38;39;40;46;47;48;49;50;51;52;53;54;55,62,19,18,63,0,81,1
1706,512,494,18,19,0,0.030577,16671,16671,18;23;27;29;30;35;38;39;40;46;47;48;49;50;51;52;53;54;55,63,19,18,64,0,82,1
1707,512,494,18,19,0,0.030989,16640,16640,18;23;27;29;30;35;38;39;40;46;47;48;49;50;51;52;53;54;55,63,19,18,64,0,82,1
1708,512,494,18,19,0,0.031454,16604,16604,18;23;27;29;30;35;38;39;40;46;47;48;49;50;51;52;53;54;55,63,19,18,64,0,82,1
1709,512,494,18,19,0,0.031896,16573,16573,18;23;27;29;30;35;38;39;40;46;47;48;49;50;51;52;53;54;55,63,19,18,64,0,82,1
1710,512,494,18,19,0,0.032216,16542,16542,18;23;27;29;30;35;38;39;40;46;47;48;49;50;51;52;53;54;55,63,19,18,64,0,82,1
1711,512,494,18,19,0,0.032738,16511,16511,18;23;27;29;30;35;38;39;40;46;47;48;49;50;51;52;53;54;55,63,19,18,64,0,82,1
1712,512,494,18,19,0,0.033080,16480,16480,18;23;27;29;30;35;38;39;40;46;47;48;49;50;51;52;53;54;55,63,19,18,64,0,82,1
1713,512,494,18,19,0,0.033437,16449,16449,18;23;27;29;30;35;38;39;40;46;47;48;49;50;51;52;53;54;55,63,19,18,64,0,82,1
1714,512,494,18,19,0,0.033726,16419,16419,18;23;27;29;30;35;38;39;40;46;47;48;49;50;51;52;53;54;55,63,19,18,64,0,82,1
1715,512,494,18,19,0,0.034039,16388,16388,18;23;27;29;30;35;38;39;40;46;47;48;49;50;51;52;53;54;55,63,19,18,64,0,82,1
1716,512,494,18,19,0,0.034595,16357,16357,18;23;27;29;30;35;38;39;40;46;47;48;49;50;51;52;53;54;55,63,19,18,64,0,82,1
1717,512,494,18,19,0,0.034852,16321,16321,18;23;27;29;30;35;38;39;40;46;47;48;49;50;51;52;53;54;55,63,19,18,64,0,82,1
1718,512,494,18,19,0,0.035154,16290,16290,18;23;27;29;30;35;38;39;40;46;47;48;49;50;51;52;53;54;55,63,19,18,64,0,82,1
1719,512,494,18,19,0,0.035439,16259,16259,18;23;27;29;30;35;38;39;40;46;47;48;49;50;51;52;53;54;55,63,19,18,64,0,82,1
1720,512,494,18,19,0,0.035879,16228,16228,18;23;27;29;30;35;38;39;40;46;47;48;49;50;51;52;53;54;55,63,19,18,64,0,82,1
1721,512,494,18,19,0,0.036266,16197,16197,18;23;27;29;30;35;38;39;40;46;47;48;49;50;51;52;53;54;55,64,19,18,65,0,83,1
1722,512,494,18,19,0,0.036729,16167,16167,18;23;27;29;30;35;38;39;40;46;47;48;49;50;51;52;53;54;55,64,19,18,65,0,83,1
1723,512,494,18,19,0,0.037065,16136,16136,18;23;27;29;30;35;38;39;40;46;47;48;49;50;51;52;53;54;55,64,19,18,65,0,83,1
1724,512,494,18,19,0,0.037401,16105,16105,18;23;27;29;30;35;38;39;40;46;47;48;49;50;51;52;53;54;55,64,19,18,65,0,83,1
1725,512,494,18,19,0,0.037699,16069,16069,18;23;27;29;30;35;38;39;40;46;47;48;49;50;51;52;53;54;55,64,19,18,65,0,83,1
1726,512,494,18,19,0,0.038151,16038,16038,18;23;27;29;30;35;38;39;40;46;47;48;49;50;51;52;53;54;55,64,19,18,65,0,83,1
1727,512,494,18,19,0,0.038433,16007,16007,18;23;27;29;30;35;38;39;40;46;47;48;49;50;51;52;53;54;55,64,19,18,65,0,83,1
1728,512,494,18,19,0,0.038905,15976,15976,18;23;27;29;30;35;38;39;40;46;47;48;49;50;51;52;53;54;55,64,19,18,65,0,83,1
1729,512,494,18,19,0,0.039215,15940,15940,18;23;27;29;30;35;38;39;40;46;47;48;49;50;51;52;53;54;55,64,19,18,65,0,83,1
1730,512,494,18,19,0,0.039751,15910,15910,18;23;27;29;30;35;38;39;40;46;47;48;49;50;51;52;53;54;55,64,19,18,65,0,83,1
1731,512,494,18,19,0,0.040094,15874,15874,18;23;27;29;30;35;38;39;40;46;47;48;49;50;51;52;53;54;55,64,19,18,65,0,83,1
1732,512,494,18,19,0,0.040389,15843,15843,18;23;27;29;30;35;38;39;40;46;47;48;49;50;51;52;53;54;55,65,19,18,66,0,84,1
1733,512,494,18,19,0,0.040760,15812,15812,18;23;27;29;30;35;38;39;40;46;47;48;49;50;51;52;53;54;55,65,19,18,66,0,84,1
1734,512,494,18,19,0,0.041224,15781,15781,18;23;27;29;30;35;38;39;40;46;47;48;49;50;51;52;53;54;55,65,19,18,66,0,84,1
1735,512,495,17,18,0,0.041438,16437,16437,18;23;27;30;35;38;39;40;46;47;48;49;50;51;52;53;54;55,65,18,17,66,0,83,1
1736,512,495,17,18,0,0.041930,16406,16406,18;23;27;30;35;38;39;40;46;47;48;49;50;51;52;53;54;55,65,18,17,66,0,83,1
1737,512,495,17,18,0,0.042246,16370,16370,18;23;27;30;35;38;39;40;46;47;48;49;50;51;52;53;54;55,65,18,17,66,0,83,1
1738,512,495,17,18,0,0.042734,16339,16339,18;23;27;30;35;38;39;40;46;47;48;49;50;51;52;53;54;55,65,18,17,66,0,83,1
1739,512,495,17,18,0,0.043189,16308,16308,18;23;27;30;35;38;39;40;46;47;48;49;50;51;52;53;54;55,65,18,17,66,0,83,1
1740,512,495,17,18,0,0.043434,16267,16267,18;23;27;30;35;38;39;40;46;47;48;49;50;51;52;53;54;55,65,18,17,66,0,83,1
1741,512,495,17,18,0,0.043680,16232,16232,18;23;27;30;35;38;39;40;46;47;48;49;50;51;52;53;54;55,65,18,17,66,0,83,1
1742,512,495,17,18,0,0.043891,16201,16201,18;23;27;30;35;38;39;40;46;47;48;49;50;51;52;53;54;55,65,18,17,66,0,83,1
1743,512,495,17,18,0,0.044428,16170,16170,18;23;27;30;35;38;39;40;46;47;48;49;50;51;52;53;54;55,65,18,17,66,0,83,1
1744,512,496,16,17,0,0.042814,17208,17208,18;23;27;30;38;39;40;46;47;48;49;50;51;52;53;54;55,65,17,16,66,0,82,1
1745,512,496,16,17,0,0.043101,17177,17177,18;23;27;30;38;39;40;46;47;48;49;50;51;52;53;54;55,66,17,16,67,0,83,1
1746,512,496,16,17,0,0.043385,17146,17146,18;23;27;30;38;39;40;46;47;48;49;50;51;52;53;54;55,67,17,16,68,0,84,1
1747,512,496,16,17,0,0.044074,17115,17115,18;23;27;30;38;39;40;46;47;48;49;50;51;52;53;54;55,67,17,16,68,0,84,1
1748,512,496,16,17,0,0.044176,17084,17084,18;23;27;30;38;39;40;46;47;48;49;50;51;52;53;54;55,67,17,16,68,0,84,1
1749,512,496,16,17,0,0.044444,17053,17053,18;23;27;30;38;39;40;46;47;48;49;50;51;52;53;54;55,67,17,16,68,0,84,1
1750,512,496,16,17,0,0.044732,17022,17022,18;23;27;30;38;39;40;46;47;48;49;50;51;52;53;54;55,67,17,16,68,0,84,1
1751,512,496,16,17,0,0.045247,16991,16991,18;23;27;30;38;39;40;46;47;48;49;50;51;52;53;54;55,67,17,16,68,0,84,1
1752,512,496,16,17,0,0.045391,16950,16950,18;23;27;30;38;39;40;46;47;48;49;50;51;52;53;54;55,69,17,16,70,0,86,1
1753,512,496,16,17,0,0.045963,16919,16919,18;23;27;30;38;39;40;46;47;48;49;50;51;52;53;54;55,69,17,16,70,0,86,1
1754,512,496,16,18,1,0.046352,16883,16883,18;23;27;30;38;39;40;46;47;48;49;50;51;52;53;54;55;56,68,18,16,70,0,86,1
1755,512,495,17,18,0,0.027613,16852,16852,18;23;27;30;38;39;40;46;47;48;49;50;51;52;53;54;55;56,68,18,17,69,0,86,1
1756,512,495,17,18,0,0.028053,16821,16821,18;23;27;30;38;39;40;46;47;48;49;50;51;52;53;54;55;56,68,18,17,69,0,86,1
1757,512,495,17,18,0,0.028560,16790,16790,18;23;27;30;38;39;40;46;47;48;49;50;51;52;53;54;55;56,68,18,17,69,0,86,1
1758,512,495,17,18,0,0.029054,16759,16759,18;23;27;30;38;39;40;46;47;48;49;50;51;52;53;54;55;56,68,18,17,69,0,86,1
1759,512,495,17,18,0,0.029431,16728,16728,18;23;27;30;38;39;40;46;47;48;49;50;51;52;53;54;55;56,68,18,17,69,0,86,1
1760,512,495,17,18,0,0.029964,16697,16697,18;23;27;30;38;39;40;46;47;48;49;50;51;52;53;54;55;56,68,18,17,69,0,86,1
1761,512,495,17,18,0,0.030488,16666,16666,18;23;27;30;38;39;40;46;47;48;49;50;51;52;53;54;55;56,68,18,17,69,0,86,1
1762,512,495,17,18,0,0.030948,16635,16635,18;23;27;30;38;39;40;46;47;48;49;50;51;52;53;54;55;56,69,18,17,70,0,87,1
1763,512,495,17,18,0,0.031360,16595,16595,18;23;27;30;38;39;40;46;47;48;49;50;51;52;53;54;55;56,69,18,17,70,0,87,1
1764,512,495,17,18,0,0.031825,16564,16564,18;23;27;30;38;39;40;46;47;48;49;50;51;52;53;54;55;56,69,18,17,70,0,87,1
1765,512,495,17,18,0,0.032268,16528,16528,18;23;27;30;38;39;40;46;47;48;49;50;51;52;53;54;55;56,69,18,17,70,0,87,1
1766,512,495,17,18,0,0.032588,16497,16497,18;23;27;30;38;39;40;46;47;48;49;50;51;52;53;54;55;56,69,18,17,70,0,87,1
1767,512,495,17,18,0,0.033110,16466,16466,18;23;27;30;38;39;40;46;47;48;49;50;51;52;53;54;55;56,69,18,17,70,0,87,1
1768,512,495,17,18,0,0.033452,16435,16435,18;23;27;30;38;39;40;46;47;48;49;50;51;52;53;54;55;56,70,18,17,71,0,88,1
1769,512,496,16,17,0,0.031535,16537,16537,18;23;27;38;39;40;46;47;48;49;50;51;52;53;54;55;56,70,17,16,71,0,87,1
1770,512,496,16,17,0,0.031823,16506,16506,18;23;27;38;39;40;46;47;48;49;50;51;52;53;54;55;56,70,17,16,71,0,87,1
1771,512,497,15,16,0,0.032379,16556,16556,18;23;27;38;39;40;46;48;49;50;51;52;53;54;55;56,71,16,15,72,0,87,1
1772,512,497,15,16,0,0.032744,16525,16525,18;23;27;38;39;40;46;48;49;50;51;52;53;54;55;56,71,16,15,72,0,87,1
1773,512,497,15,16,0,0.033001,16494,16494,18;23;27;38;39;40;46;48;49;50;51;52;53;54;55;56,71,16,15,72,0,87,1
1774,512,497,15,16,0,0.033303,16463,16463,18;23;27;38;39;40;46;48;49;50;51;52;53;54;55;56,71,16,15,72,0,87,1
1775,512,497,15,16,0,0.033836,16432,16432,18;23;27;38;39;40;46;48;49;50;51;52;53;54;55;56,71,16,15,72,0,87,1
1776,512,498,14,16,1,0.034366,17736,17736,23;27;38;39;40;46;48;49;50;51;52;53;54;55;56;57,70,16,14,72,0,86,1
1777,512,497,15,16,0,0.025316,17695,17695,23;27;38;39;40;46;48;49;50;51;52;53;54;55;56;57,70,16,15,71,0,86,1
1778,512,497,15,16,0,0.025800,17664,17664,23;27;38;39;40;46;48;49;50;51;52;53;54;55;56;57,70,16,15,71,0,86,1
1779,512,497,15,16,0,0.026225,17633,17633,23;27;38;39;40;46;48;49;50;51;52;53;54;55;56;57,70,16,15,71,0,86,1
1780,512,497,15,16,0,0.026703,17602,17602,23;27;38;39;40;46;48;49;50;51;52;53;54;55;56;57,70,16,15,71,0,86,1
1781,512,497,15,16,0,0.027215,17571,17571,23;27;38;39;40;46;48;49;50;51;52;53;54;55;56;57,70,16,15,71,0,86,1
1782,512,497,15,16,0,0.027639,17540,17540,23;27;38;39;40;46;48;49;50;51;52;53;54;55;56;57,70,16,15,71,0,86,1
1783,512,497,15,16,0,0.027939,17504,17504,23;27;38;39;40;46;48;49;50;51;52;53;54;55;56;57,70,16,15,71,0,86,1
1784,512,497,15,16,0,0.028617,17473,17473,23;27;38;39;40;46;48;49;50;51;52;53;54;55;56;57,70,16,15,71,0,86,1
1785,512,497,15,16,0,0.029046,17442,17442,23;27;38;39;40;46;48;49;50;51;52;53;54;55;56;57,70,16,15,71,0,86,1
1786,512,497,15,17,1,0.029639,17406,17406,23;27;38;39;40;46;48;49;50;51;52;53;54;55;56;57;58,69,17,15,71,0,86,1
1787,512,496,16,17,0,0.025292,17375,17375,23;27;38;39;40;46;48;49;50;51;52;53;54;55;56;57;58,69,17,16,70,0,86,1
1788,512,496,16,17,0,0.025733,17344,17344,23;27;38;39;40;46;48;49;50;51;52;53;54;55;56;57;58,69,17,16,70,0,86,1
1789,512,496,16,17,0,0.026240,17313,17313,23;27;38;39;40;46;48;49;50;51;52;53;54;55;56;57;58,69,17,16,70,0,86,1
1790,512,496,16,17,0,0.026733,17282,17282,23;27;38;39;40;46;48;49;50;51;52;53;54;55;56;57;58,69,17,16,70,0,86,1
1791,512,496,16,18,1,0.027414,17247,17247,23;27;38;39;40;46;48;49;50;51;52;53;54;55;56;57;58;59,68,18,16,70,0,86,1
1792,512,495,17,18,0,0.027565,17216,17216,23;27;38;39;40;46;48;49;50;51;52;53;54;55;56;57;58;59,68,18,17,69,0,86,1
1793,512,495,17,19,1,0.028313,17180,17180,23;27;38;39;40;46;48;49;50;51;52;53;54;55;56;57;58;59;60,67,19,17,69,0,86,1
1794,512,494,18,19,0,0.027351,17150,17150,23;27;38;39;40;46;48;49;50;51;52;53;54;55;56;57;58;59;60,67,19,18,68,0,86,1
1795,512,494,18,19,0,0.027695,17119,17119,23;27;38;39;40;46;48;49;50;51;52;53;54;55;56;57;58;59;60,67,19,18,68,0,86,1
1796,512,494,18,19,0,0.028275,17088,17088,23;27;38;39;40;46;48;49;50;51;52;53;54;55;56;57;58;59;60,67,19,18,68,0,86,1
1797,512,494,18,19,0,0.028721,17057,17057,23;27;38;39;40;46;48;49;50;51;52;53;54;55;56;57;58;59;60,67,19,18,68,0,86,1
1798,512,494,18,19,0,0.029162,17026,17026,23;27;38;39;40;46;48;49;50;51;52;53;54;55;56;57;58;59;60,67,19,18,68,0,86,1
1799,512,494,18,19,0,0.029584,16995,16995,23;27;38;39;40;46;48;49;50;51;52;53;54;55;56;57;58;59;60,67,19,18,68,0,86,1
1800,512,494,18,19,0,0.030119,16964,16964,23;27;38;39;40;46;48;49;50;51;52;53;54;55;56;57;58;59;60,67,19,18,68,0,86,1
1801,512,494,18,19,0,0.030519,16933,16933,23;27;38;39;40;46;48;49;50;51;52;53;54;55;56;57;58;59;60,67,19,18,68,0,86,1
1802,512,494,18,19,0,0.030978,16903,16903,23;27;38;39;40;46;48;49;50;51;52;53;54;55;56;57;58;59;60,67,19,18,68,0,86,1
1803,512,494,18,19,0,0.031366,16872,16872,23;27;38;39;40;46;48;49;50;51;52;53;54;55;56;57;58;59;60,67,19,18,68,0,86,1
1804,512,494,18,19,0,0.031855,16841,16841,23;27;38;39;40;46;48;49;50;51;52;53;54;55;56;57;58;59;60,67,19,18,68,0,86,1
1805,512,494,18,19,0,0.032196,16810,16810,23;27;38;39;40;46;48;49;50;51;52;53;54;55;56;57;58;59;60,67,19,18,68,0,86,1
1806,512,494,18,19,0,0.032719,16779,16779,23;27;38;39;40;46;48;49;50;51;52;53;54;55;56;57;58;59;60,67,19,18,68,0,86,1
1807,512,494,18,19,0,0.033012,16748,16748,23;27;38;39;40;46;48;49;50;51;52;53;54;55;56;57;58;59;60,67,19,18,68,0,86,1
1808,512,494,18,19,0,0.033430,16717,16717,23;27;38;39;40;46;48;49;50;51;52;53;54;55;56;57;58;59;60,67,19,18,68,0,86,1
1809,512,494,18,19,0,0.033913,16681,16681,23;27;38;39;40;46;48;49;50;51;52;53;54;55;56;57;58;59;60,67,19,18,68,0,86,1
1810,512,495,17,18,0,0.034304,16958,16958,23;27;38;39;40;46;48;49;50;51;52;53;54;55;56;58;59;60,67,18,17,68,0,85,1
1811,512,495,17,18,0,0.034669,16922,16922,23;27;38;39;40;46;48;49;50;51;52;53;54;55;56;58;59;60,67,18,17,68,0,85,1
1812,512,495,17,18,0,0.035096,16891,16891,23;27;38;39;40;46;48;49;50;51;52;53;54;55;56;58;59;60,67,18,17,68,0,85,1
1813,512,495,17,18,0,0.035326,16860,16860,23;27;38;39;40;46;48;49;50;51;52;53;54;55;56;58;59;60,67,18,17,68,0,85,1
1814,512,495,17,18,0,0.035711,16829,16829,23;27;38;39;40;46;48;49;50;51;52;53;54;55;56;58;59;60,67,18,17,68,0,85,1
1815,512,495,17,18,0,0.036064,16798,16798,23;27;38;39;40;46;48;49;50;51;52;53;54;55;56;58;59;60,67,18,17,68,0,85,1
1816,512,495,17,18,0,0.036598,16767,16767,23;27;38;39;40;46;48;49;50;51;52;53;54;55;56;58;59;60,67,18,17,68,0,85,1
1817,512,495,17,18,0,0.037001,16731,16731,23;27;38;39;40;46;48;49;50;51;52;53;54;55;56;58;59;60,67,18,17,68,0,85,1
1818,512,495,17,18,0,0.037201,16700,16700,23;27;38;39;40;46;48;49;50;51;52;53;54;55;56;58;59;60,67,18,17,68,0,85,1
1819,512,496,16,17,0,0.035685,17030,17030,23;27;38;39;40;46;49;50;51;52;53;54;55;56;58;59;60,67,17,16,68,0,84,1
1820,512,496,16,17,0,0.036148,16989,16989,23;27;38;39;40;46;49;50;51;52;53;54;55;56;58;59;60,67,17,16,68,0,84,1
1821,512,496,16,18,1,0.036271,16948,16948,23;27;38;39;40;46;49;50;51;52;53;54;55;56;58;59;60;61,66,18,16,68,0,84,1
1822,512,495,17,18,0,0.027489,16917,16917,23;27;38;39;40;46;49;50;51;52;53;54;55;56;58;59;60;61,66,18,17,67,0,84,1
1823,512,495,17,18,0,0.027854,16886,16886,23;27;38;39;40;46;49;50;51;52;53;54;55;56;58;59;60;61,66,18,17,67,0,84,1
1824,512,495,17,18,0,0.028422,16855,16855,23;27;38;39;40;46;49;50;51;52;53;54;55;56;58;59;60;61,66,18,17,67,0,84,1
1825,512,495,17,18,0,0.028862,16824,16824,23;27;38;39;40;46;49;50;51;52;53;54;55;56;58;59;60;61,66,18,17,67,0,84,1
1826,512,495,17,18,0,0.029355,16793,16793,23;27;38;39;40;46;49;50;51;52;53;54;55;56;58;59;60;61,66,18,17,67,0,84,1
1827,512,495,17,18,0,0.029810,16762,16762,23;27;38;39;40;46;49;50;51;52;53;54;55;56;58;59;60;61,66,18,17,67,0,84,1
1828,512,496,16,17,0,0.028183,17497,17497,27;38;39;40;46;49;50;51;52;53;54;55;56;58;59;60;61,66,17,16,67,0,83,1
1829,512,496,16,17,0,0.028622,17461,17461,27;38;39;40;46;49;50;51;52;53;54;55;56;58;59;60;61,66,17,16,67,0,83,1
1830,512,496,16,17,0,0.029016,17430,17430,27;38;39;40;46;49;50;51;52;53;54;55;56;58;59;60;61,66,17,16,67,0,83,1
1831,512,496,16,17,0,0.029521,17399,17399,27;38;39;40;46;49;50;51;52;53;54;55;56;58;59;60;61,66,17,16,67,0,83,1
1832,512,496,16,17,0,0.029963,17358,17358,27;38;39;40;46;49;50;51;52;53;54;55;56;58;59;60;61,66,17,16,67,0,83,1
1833,512,496,16,17,0,0.030284,17327,17327,27;38;39;40;46;49;50;51;52;53;54;55;56;58;59;60;61,66,17,16,67,0,83,1
1834,512,496,16,17,0,0.030690,17296,17296,27;38;39;40;46;49;50;51;52;53;54;55;56;58;59;60;61,66,17,16,67,0,83,1
1835,512,496,16,17,0,0.031284,17265,17265,27;38;39;40;46;49;50;51;52;53;54;55;56;58;59;60;61,66,17,16,67,0,83,1
1836,512,497,15,16,0,0.031629,17809,17809,27;38;39;40;46;49;50;51;53;54;55;56;58;59;60;61,66,16,15,67,0,82,1
1837,512,497,15,17,1,0.031867,17774,17774,27;38;39;40;46;49;50;51;53;54;55;56;58;59;60;61;62,65,17,15,67,0,82,1
1838,512,497,15,16,0,0.025442,17907,17907,27;38;40;46;49;50;51;53;54;55;56;58;59;60;61;62,65,16,15,66,0,81,1
1839,512,497,15,16,0,0.025808,17876,17876,27;38;40;46;49;50;51;53;54;55;56;58;59;60;61;62,65,16,15,66,0,81,1
1840,512,497,15,16,0,0.026375,17845,17845,27;38;40;46;49;50;51;53;54;55;56;58;59;60;61;62,65,16,15,66,0,81,1
1841,512,497,15,16,0,0.026815,17814,17814,27;38;40;46;49;50;51;53;54;55;56;58;59;60;61;62,65,16,15,66,0,81,1
1842,512,497,15,16,0,0.027309,17783,17783,27;38;40;46;49;50;51;53;54;55;56;58;59;60;61;62,65,16,15,66,0,81,1
1843,512,497,15,16,0,0.027764,17752,17752,27;38;40;46;49;50;51;53;54;55;56;58;59;60;61;62,65,16,15,66,0,81,1
1844,512,497,15,16,0,0.028302,17721,17721,27;38;40;46;49;50;51;53;54;55;56;58;59;60;61;62,65,16,15,66,0,81,1
1845,512,497,15,16,0,0.028741,17690,17690,27;38;40;46;49;50;51;53;54;55;56;58;59;60;61;62,65,16,15,66,0,81,1
1846,512,497,15,16,0,0.029135,17659,17659,27;38;40;46;49;50;51;53;54;55;56;58;59;60;61;62,65,16,15,66,0,81,1
1847,512,497,15,16,0,0.029640,17628,17628,27;38;40;46;49;50;51;53;54;55;56;58;59;60;61;62,65,16,15,66,0,81,1
1848,512,497,15,16,0,0.030082,17597,17597,27;38;40;46;49;50;51;53;54;55;56;58;59;60;61;62,65,16,15,66,0,81,1
1849,512,497,15,16,0,0.030402,17566,17566,27;38;40;46;49;50;51;53;54;55;56;58;59;60;61;62,65,16,15,66,0,81,1
1850,512,497,15,16,0,0.030672,17534,17534,27;38;40;46;49;50;51;53;54;55;56;58;59;60;61;62,65,16,15,66,0,81,1
1851,512,497,15,16,0,0.031266,17503,17503,27;38;40;46;49;50;51;53;54;55;56;58;59;60;61;62,65,16,15,66,0,81,1
1852,512,497,15,16,0,0.031623,17472,17472,27;38;40;46;49;50;51;53;54;55;56;58;59;60;61;62,65,16,15,66,0,81,1
1853,512,497,15,16,0,0.031912,17441,17441,27;38;40;46;49;50;51;53;54;55;56;58;59;60;61;62,65,16,15,66,0,81,1
1854,512,497,15,16,0,0.032225,17410,17410,27;38;40;46;49;50;51;53;54;55;56;58;59;60;61;62,65,16,15,66,0,81,1
1855,512,497,15,16,0,0.032781,17374,17374,27;38;40;46;49;50;51;53;54;55;56;58;59;60;61;62,65,16,15,66,0,81,1
1856,512,497,15,16,0,0.033038,17343,17343,27;38;40;46;49;50;51;53;54;55;56;58;59;60;61;62,65,16,15,66,0,81,1
1857,512,497,15,16,0,0.033340,17297,17297,27;38;40;46;49;50;51;53;54;55;56;58;59;60;61;62,65,16,15,66,0,81,1
1858,512,497,15,16,0,0.033625,17266,17266,27;38;40;46;49;50;51;53;54;55;56;58;59;60;61;62,65,16,15,66,0,81,1
1859,512,497,15,16,0,0.034065,17235,17235,27;38;40;46;49;50;51;53;54;55;56;58;59;60;61;62,65,16,15,66,0,81,1
1860,512,498,14,15,0,0.034412,17610,17610,38;40;46;49;50;51;53;54;55;56;58;59;60;61;62,65,15,14,66,0,80,1
1861,512,498,14,15,0,0.034875,17579,17579,38;40;46;49;50;51;53;54;55;56;58;59;60;61;62,65,15,14,66,0,80,1
1862,512,498,14,15,0,0.035211,17548,17548,38;40;46;49;50;51;53;54;55;56;58;59;60;61;62,65,15,14,66,0,80,1
1863,512,498,14,15,0,0.035547,17511,17511,38;40;46;49;50;51;53;54;55;56;58;59;60;61;62,65,15,14,66,0,80,1
1864,512,499,13,14,0,0.035949,17746,17746,40;46;49;50;51;53;54;55;56;58;59;60;61;62,65,14,13,66,0,79,1
1865,512,499,13,15,1,0.036419,17711,17711,40;46;49;50;51;53;54;55;56;58;59;60;61;62;63,64,15,13,66,0,79,1
1866,512,498,14,15,0,0.025498,17680,17680,40;46;49;50;51;53;54;55;56;58;59;60;61;62;63,64,15,14,65,0,79,1
1867,512,498,14,16,1,0.026158,17639,17639,40;46;49;50;51;53;54;55;56;58;59;60;61;62;63;64,63,16,14,65,0,79,1
1868,512,498,14,15,0,0.025262,19109,19109,40;46;50;51;53;54;55;56;58;59;60;61;62;63;64,63,15,14,64,0,78,1
1869,512,498,14,15,0,0.025669,19078,19078,40;46;50;51;53;54;55;56;58;59;60;61;62;63;64,63,15,14,64,0,78,1
1870,512,498,14,15,0,0.026234,19046,19046,40;46;50;51;53;54;55;56;58;59;60;61;62;63;64,63,15,14,64,0,78,1
1871,512,498,14,15,0,0.026691,19015,19015,40;46;50;51;53;54;55;56;58;59;60;61;62;63;64,63,15,14,64,0,78,1
1872,512,498,14,15,0,0.027132,18984,18984,40;46;50;51;53;54;55;56;58;59;60;61;62;63;64,63,15,14,64,0,78,1
1873,512,498,14,15,0,0.027581,18953,18953,40;46;50;51;53;54;55;56;58;59;60;61;62;63;64,63,15,14,64,0,78,1
1874,512,499,13,14,0,0.028018,19622,19622,40;46;50;51;53;54;55;58;59;60;61;62;63;64,63,14,13,64,0,77,1
1875,512,499,13,14,0,0.028477,19591,19591,40;46;50;51;53;54;55;58;59;60;61;62;63;64,63,14,13,64,0,77,1
1876,512,499,13,14,0,0.028895,19559,19559,40;46;50;51;53;54;55;58;59;60;61;62;63;64,63,14,13,64,0,77,1
1877,512,499,13,14,0,0.029376,19528,19528,40;46;50;51;53;54;55;58;59;60;61;62;63;64,63,14,13,64,0,77,1
1878,512,499,13,14,0,0.029754,19497,19497,40;46;50;51;53;54;55;58;59;60;61;62;63;64,63,14,13,64,0,77,1
1879,512,499,13,14,0,0.030154,19466,19466,40;46;50;51;53;54;55;58;59;60;61;62;63;64,63,14,13,64,0,77,1
1880,512,499,13,14,0,0.030677,19435,19435,40;46;50;51;53;54;55;58;59;60;61;62;63;64,63,14,13,64,0,77,1
1881,512,499,13,14,0,0.031022,19404,19404,40;46;50;51;53;54;55;58;59;60;61;62;63;64,63,14,13,64,0,77,1
1882,512,499,13,14,0,0.031356,19372,19372,40;46;50;51;53;54;55;58;59;60;61;62;63;64,63,14,13,64,0,77,1
1883,512,499,13,14,0,0.031859,19341,19341,40;46;50;51;53;54;55;58;59;60;61;62;63;64,63,14,13,64,0,77,1
1884,512,499,13,14,0,0.032184,19310,19310,40;46;50;51;53;54;55;58;59;60;61;62;63;64,63,14,13,64,0,77,1
1885,512,499,13,14,0,0.032548,19279,19279,40;46;50;51;53;54;55;58;59;60;61;62;63;64,63,14,13,64,0,77,1
1886,512,499,13,14,0,0.032965,19248,19248,40;46;50;51;53;54;55;58;59;60;61;62;63;64,63,14,13,64,0,77,1
1887,512,499,13,14,0,0.033206,19216,19216,40;46;50;51;53;54;55;58;59;60;61;62;63;64,63,14,13,64,0,77,1
1888,512,499,13,14,0,0.033590,19185,19185,40;46;50;51;53;54;55;58;59;60;61;62;63;64,63,14,13,64,0,77,1
1889,512,499,13,14,0,0.033944,19149,19149,40;46;50;51;53;54;55;58;59;60;61;62;63;64,63,14,13,64,0,77,1
1890,512,499,13,14,0,0.034478,19118,19118,40;46;50;51;53;54;55;58;59;60;61;62;63;64,63,14,13,64,0,77,1
1891,512,499,13,14,0,0.034881,19087,19087,40;46;50;51;53;54;55;58;59;60;61;62;63;64,63,14,13,64,0,77,1
1892,512,499,13,14,0,0.035080,19055,19055,40;46;50;51;53;54;55;58;59;60;61;62;63;64,63,14,13,64,0,77,1
1893,512,499,13,14,0,0.035518,19024,19024,40;46;50;51;53;54;55;58;59;60;61;62;63;64,63,14,13,64,0,77,1
1894,512,499,13,14,0,0.035981,18993,18993,40;46;50;51;53;54;55;58;59;60;61;62;63;64,63,14,13,64,0,77,1
1895,512,499,13,14,0,0.036219,18962,18962,40;46;50;51;53;54;55;58;59;60;61;62;63;64,63,14,13,64,0,77,1
1896,512,499,13,14,0,0.036584,18931,18931,40;46;50;51;53;54;55;58;59;60;61;62;63;64,63,14,13,64,0,77,1
1897,512,499,13,14,0,0.037157,18900,18900,40;46;50;51;53;54;55;58;59;60;61;62;63;64,63,14,13,64,0,77,1
1898,512,499,13,14,0,0.037414,18868,18868,40;46;50;51;53;54;55;58;59;60;61;62;63;64,63,14,13,64,0,77,1
1899,512,499,13,14,0,0.037889,18837,18837,40;46;50;51;53;54;55;58;59;60;61;62;63;64,63,14,13,64,0,77,1
1900,512,499,13,14,0,0.038325,18796,18796,40;46;50;51;53;54;55;58;59;60;61;62;63;64,63,14,13,64,0,77,1
1901,512,499,13,14,0,0.038570,18765,18765,40;46;50;51;53;54;55;58;59;60;61;62;63;64,63,14,13,64,0,77,1
1902,512,499,13,14,0,0.038911,18729,18729,40;46;50;51;53;54;55;58;59;60;61;62;63;64,63,14,13,64,0,77,1
1903,512,499,13,14,0,0.039242,18697,18697,40;46;50;51;53;54;55;58;59;60;61;62;63;64,63,14,13,64,0,77,1
1904,512,500,12,13,0,0.040032,18824,18824,46;50;51;53;54;55;58;59;60;61;62;63;64,63,13,12,64,0,76,1
1905,512,500,12,13,0,0.040366,18793,18793,46;50;51;53;54;55;58;59;60;61;62;63;64,63,13,12,64,0,76,1
1906,512,500,12,13,1,0.040651,18762,18762,46;50;51;53;54;55;58;59;60;61;62;63;64,63,13,12,64,0,76,1
1907,512,499,13,14,0,0.025430,18726,18726,46;50;51;53;54;55;58;59;60;61;62;63;64;65,62,14,13,63,0,76,1
1908,512,499,13,14,0,0.025928,18695,18695,46;50;51;53;54;55;58;59;60;61;62;63;64;65,62,14,13,63,0,76,1
1909,512,499,13,14,0,0.026372,18659,18659,46;50;51;53;54;55;58;59;60;61;62;63;64;65,62,14,13,63,0,76,1
1910,512,499,13,14,0,0.026851,18628,18628,46;50;51;53;54;55;58;59;60;61;62;63;64;65,62,14,13,63,0,76,1
1911,512,499,13,14,0,0.027363,18597,18597,46;50;51;53;54;55;58;59;60;61;62;63;64;65,62,14,13,63,0,76,1
1912,512,499,13,14,0,0.027781,18555,18555,46;50;51;53;54;55;58;59;60;61;62;63;64;65,62,14,13,63,0,76,1
1913,512,499,13,15,1,0.028607,18520,18520,46;50;51;53;54;55;58;59;60;61;62;63;64;65;66,61,15,13,63,0,76,1
1914,512,498,14,15,0,0.025521,18489,18489,46;50;51;53;54;55;58;59;60;61;62;63;64;65;66,61,15,14,62,0,76,1
1915,512,498,14,15,0,0.025871,18458,18458,46;50;51;53;54;55;58;59;60;61;62;63;64;65;66,61,15,14,62,0,76,1
1916,512,498,14,15,0,0.026451,18427,18427,46;50;51;53;54;55;58;59;60;61;62;63;64;65;66,61,15,14,62,0,76,1
1917,512,498,14,15,0,0.026897,18396,18396,46;50;51;53;54;55;58;59;60;61;62;63;64;65;66,61,15,14,62,0,76,1
1918,512,498,14,16,1,0.027614,18360,18360,46;50;51;53;54;55;58;59;60;61;62;63;64;65;66;67,60,16,14,62,0,76,1
1919,512,497,15,16,0,0.025432,18329,18329,46;50;51;53;54;55;58;59;60;61;62;63;64;65;66;67,60,16,15,61,0,76,1
1920,512,497,15,16,0,0.025872,18298,18298,46;50;51;53;54;55;58;59;60;61;62;63;64;65;66;67,60,16,15,61,0,76,1
1921,512,497,15,16,0,0.026379,18267,18267,46;50;51;53;54;55;58;59;60;61;62;63;64;65;66;67,60,16,15,61,0,76,1
1922,512,497,15,16,0,0.026873,18236,18236,46;50;51;53;54;55;58;59;60;61;62;63;64;65;66;67,60,16,15,61,0,76,1
1923,512,497,15,16,0,0.027249,18205,18205,46;50;51;53;54;55;58;59;60;61;62;63;64;65;66;67,60,16,15,61,0,76,1
1924,512,498,14,15,0,0.027692,18235,18235,46;50;51;53;54;55;58;59;60;61;62;64;65;66;67,60,15,14,61,0,75,1
1925,512,498,14,15,0,0.028216,18204,18204,46;50;51;53;54;55;58;59;60;61;62;64;65;66;67,60,15,14,61,0,75,1
1926,512,499,13,14,0,0.028628,18615,18615,50;51;53;54;55;58;59;60;61;62;64;65;66;67,60,14,13,61,0,74,1
1927,512,499,13,14,0,0.029040,18583,18583,50;51;53;54;55;58;59;60;61;62;64;65;66;67,60,14,13,61,0,74,1
1928,512,499,13,14,0,0.029519,18552,18552,50;51;53;54;55;58;59;60;61;62;64;65;66;67,60,14,13,61,0,74,1
1929,512,499,13,14,0,0.029969,18521,18521,50;51;53;54;55;58;59;60;61;62;64;65;66;67,60,14,13,61,0,74,1
1930,512,499,13,14,0,0.030267,18490,18490,50;51;53;54;55;58;59;60;61;62;64;65;66;67,60,14,13,61,0,74,1
1931,512,499,13,14,0,0.030789,18454,18454,50;51;53;54;55;58;59;60;61;62;64;65;66;67,60,14,13,61,0,74,1
1932,512,499,13,14,0,0.031173,18422,18422,50;51;53;54;55;58;59;60;61;62;64;65;66;67,60,14,13,61,0,74,1
1933,512,499,13,14,0,0.031488,18391,18391,50;51;53;54;55;58;59;60;61;62;64;65;66;67,60,14,13,61,0,74,1
1934,512,499,13,14,0,0.031994,18360,18360,50;51;53;54;55;58;59;60;61;62;64;65;66;67,60,14,13,61,0,74,1
1935,512,499,13,14,0,0.032281,18329,18329,50;51;53;54;55;58;59;60;61;62;64;65;66;67,60,14,13,61,0,74,1
1936,512,499,13,14,0,0.032677,18298,18298,50;51;53;54;55;58;59;60;61;62;64;65;66;67,60,14,13,61,0,74,1
1937,512,499,13,14,0,0.032921,18256,18256,50;51;53;54;55;58;59;60;61;62;64;65;66;67,60,14,13,61,0,74,1
1938,512,499,13,14,0,0.033349,18225,18225,50;51;53;54;55;58;59;60;61;62;64;65;66;67,60,14,13,61,0,74,1
1939,512,499,13,14,0,0.033753,18194,18194,50;51;53;54;55;58;59;60;61;62;64;65;66;67,60,14,13,61,0,74,1
1940,512,499,13,14,0,0.033943,18163,18163,50;51;53;54;55;58;59;60;61;62;64;65;66;67,60,14,13,61,0,74,1
1941,512,499,13,14,0,0.034316,18132,18132,50;51;53;54;55;58;59;60;61;62;64;65;66;67,60,14,13,61,0,74,1
1942,512,499,13,14,0,0.035029,18101,18101,50;51;53;54;55;58;59;60;61;62;64;65;66;67,60,14,13,61,0,74,1
1943,512,499,13,14,0,0.035237,18069,18069,50;51;53;54;55;58;59;60;61;62;64;65;66;67,60,14,13,61,0,74,1
1944,512,499,13,14,0,0.035550,18038,18038,50;51;53;54;55;58;59;60;61;62;64;65;66;67,60,14,13,61,0,74,1
1945,512,499,13,14,0,0.035858,18007,18007,50;51;53;54;55;58;59;60;61;62;64;65;66;67,60,14,13,61,0,74,1
1946,512,499,13,14,0,0.036351,17976,17976,50;51;53;54;55;58;59;60;61;62;64;65;66;67,60,14,13,61,0,74,1
1947,512,499,13,14,0,0.036632,17940,17940,50;51;53;54;55;58;59;60;61;62;64;65;66;67,60,14,13,61,0,74,1
1948,512,499,13,14,0,0.037025,17908,17908,50;51;53;54;55;58;59;60;61;62;64;65;66;67,60,14,13,61,0,74,1
1949,512,499,13,14,0,0.037447,17877,17877,50;51;53;54;55;58;59;60;61;62;64;65;66;67,60,14,13,61,0,74,1
1950,512,499,13,14,0,0.037802,17846,17846,50;51;53;54;55;58;59;60;61;62;64;65;66;67,60,14,13,61,0,74,1
1951,512,499,13,14,0,0.038183,17815,17815,50;51;53;54;55;58;59;60;61;62;64;65;66;67,60,14,13,61,0,74,1
1952,512,499,13,14,0,0.038467,17784,17784,50;51;53;54;55;58;59;60;61;62;64;65;66;67,60,14,13,61,0,74,1
1953,512,499,13,14,0,0.038839,17752,17752,50;51;53;54;55;58;59;60;61;62;64;65;66;67,60,14,13,61,0,74,1
1954,512,499,13,14,0,0.039255,17721,17721,50;51;53;54;55;58;59;60;61;62;64;65;66;67,60,14,13,61,0,74,1
1955,512,499,13,14,0,0.039503,17690,17690,50;51;53;54;55;58;59;60;61;62;64;65;66;67,60,14,13,61,0,74,1
1956,512,499,13,14,0,0.039925,17659,17659,50;51;53;54;55;58;59;60;61;62;64;65;66;67,60,14,13,61,0,74,1
1957,512,499,13,14,0,0.040345,17628,17628,50;51;53;54;55;58;59;60;61;62;64;65;66;67,60,14,13,61,0,74,1
1958,512,499,13,14,0,0.040823,17597,17597,50;51;53;54;55;58;59;60;61;62;64;65;66;67,60,14,13,61,0,74,1
1959,512,499,13,14,0,0.041276,17565,17565,50;51;53;54;55;58;59;60;61;62;64;65;66;67,60,14,13,61,0,74,1
1960,512,499,13,14,0,0.041453,17534,17534,50;51;53;54;55;58;59;60;61;62;64;65;66;67,60,14,13,61,0,74,1
1961,512,499,13,14,0,0.041756,17503,17503,50;51;53;54;55;58;59;60;61;62;64;65;66;67,60,14,13,61,0,74,1
1962,512,499,13,14,0,0.042272,17472,17472,50;51;53;54;55;58;59;60;61;62;64;65;66;67,60,14,13,61,0,74,1
1963,512,499,13,14,0,0.042505,17441,17441,50;51;53;54;55;58;59;60;61;62;64;65;66;67,60,14,13,61,0,74,1
1964,512,499,13,14,0,0.043055,17409,17409,50;51;53;54;55;58;59;60;61;62;64;65;66;67,60,14,13,61,0,74,1
1965,512,499,13,15,1,0.043893,17377,17377,50;51;53;54;55;58;59;60;61;62;64;65;66;67;68,59,15,13,61,0,74,1
1966,512,498,14,15,0,0.025934,17346,17346,50;51;53;54;55;58;59;60;61;62;64;65;66;67;68,59,15,14,60,0,74,1
1967,512,498,14,15,0,0.026425,17314,17314,50;51;53;54;55;58;59;60;61;62;64;65;66;67;68,59,15,14,60,0,74,1
1968,512,498,14,15,0,0.026733,17283,17283,50;51;53;54;55;58;59;60;61;62;64;65;66;67;68,59,15,14,60,0,74,1
1969,512,498,14,15,0,0.027369,17247,17247,50;51;53;54;55;58;59;60;61;62;64;65;66;67;68,59,15,14,60,0,74,1
1970,512,498,14,15,0,0.027838,17216,17216,50;51;53;54;55;58;59;60;61;62;64;65;66;67;68,59,15,14,60,0,74,1
1971,512,498,14,15,0,0.028101,17185,17185,50;51;53;54;55;58;59;60;61;62;64;65;66;67;68,59,15,14,60,0,74,1
1972,512,498,14,15,0,0.028565,17149,17149,50;51;53;54;55;58;59;60;61;62;64;65;66;67;68,59,15,14,60,0,74,1
1973,512,498,14,15,0,0.029212,17118,17118,50;51;53;54;55;58;59;60;61;62;64;65;66;67;68,59,15,14,60,0,74,1
1974,512,498,14,15,0,0.029524,17087,17087,50;51;53;54;55;58;59;60;61;62;64;65;66;67;68,59,15,14,60,0,74,1
1975,512,498,14,15,0,0.029909,17055,17055,50;51;53;54;55;58;59;60;61;62;64;65;66;67;68,59,15,14,60,0,74,1
1976,512,498,14,16,1,0.030750,17019,17019,50;51;53;54;55;58;59;60;61;62;64;65;66;67;68;69,58,16,14,60,0,74,1
1977,512,497,15,16,0,0.025416,16983,16983,50;51;53;54;55;58;59;60;61;62;64;65;66;67;68;69,58,16,15,59,0,74,1
1978,512,497,15,16,0,0.025881,16952,16952,50;51;53;54;55;58;59;60;61;62;64;65;66;67;68;69,58,16,15,59,0,74,1
1979,512,497,15,16,0,0.026325,16921,16921,50;51;53;54;55;58;59;60;61;62;64;65;66;67;68;69,58,16,15,59,0,74,1
1980,512,497,15,16,0,0.026804,16880,16880,50;51;53;54;55;58;59;60;61;62;64;65;66;67;68;69,58,16,15,59,0,74,1
1981,512,497,15,16,0,0.027316,16849,16849,50;51;53;54;55;58;59;60;61;62;64;65;66;67;68;69,58,16,15,59,0,74,1
1982,512,497,15,16,0,0.027735,16813,16813,50;51;53;54;55;58;59;60;61;62;64;65;66;67;68;69,58,16,15,59,0,74,1
1983,512,497,15,16,0,0.028040,16782,16782,50;51;53;54;55;58;59;60;61;62;64;65;66;67;68;69,58,16,15,59,0,74,1
1984,512,497,15,16,0,0.028718,16751,16751,50;51;53;54;55;58;59;60;61;62;64;65;66;67;68;69,58,16,15,59,0,74,1
1985,512,497,15,16,0,0.029146,16720,16720,50;51;53;54;55;58;59;60;61;62;64;65;66;67;68;69,58,16,15,59,0,74,1
1986,512,497,15,16,0,0.029421,16689,16689,50;51;53;54;55;58;59;60;61;62;64;65;66;67;68;69,58,16,15,59,0,74,1
1987,512,497,15,16,0,0.029802,16653,16653,50;51;53;54;55;58;59;60;61;62;64;65;66;67;68;69,58,16,15,59,0,74,1
1988,512,497,15,16,0,0.030393,16622,16622,50;51;53;54;55;58;59;60;61;62;64;65;66;67;68;69,58,16,15,59,0,74,1
1989,512,497,15,16,0,0.030658,16586,16586,50;51;53;54;55;58;59;60;61;62;64;65;66;67;68;69,58,16,15,59,0,74,1
1990,512,497,15,16,0,0.031114,16550,16550,50;51;53;54;55;58;59;60;61;62;64;65;66;67;68;69,58,16,15,59,0,74,1
1991,512,498,14,15,0,0.031311,17971,17971,50;51;53;54;55;58;59;60;61;62;64;65;66;68;69,58,15,14,59,0,73,1
1992,512,498,14,15,0,0.031779,17935,17935,50;51;53;54;55;58;59;60;61;62;64;65;66;68;69,58,15,14,59,0,73,1
1993,512,498,14,16,1,0.032482,17900,17900,50;51;53;54;55;58;59;60;61;62;64;65;66;68;69;70,57,16,14,59,0,73,1
1994,512,497,15,16,0,0.025400,17869,17869,50;51;53;54;55;58;59;60;61;62;64;65;66;68;69;70,57,16,15,58,0,73,1
1995,512,497,15,16,0,0.025884,17838,17838,50;51;53;54;55;58;59;60;61;62;64;65;66;68;69;70,57,16,15,58,0,73,1
1996,512,497,15,16,0,0.026309,17807,17807,50;51;53;54;55;58;59;60;61;62;64;65;66;68;69;70,57,16,15,58,0,73,1
1997,512,497,15,16,0,0.026788,17776,17776,50;51;53;54;55;58;59;60;61;62;64;65;66;68;69;70,57,16,15,58,0,73,1
1998,512,497,15,16,0,0.027300,17745,17745,50;51;53;54;55;58;59;60;61;62;64;65;66;68;69;70,57,16,15,58,0,73,1
1999,512,497,15,16,0,0.027723,17714,17714,50;51;53;54;55;58;59;60;61;62;64;65;66;68;69;70,57,16,15,58,0,73,1
2000,512,497,15,16,0,0.028023,17683,17683,50;51;53;54;55;58;59;60;61;62;64;65;66;68;69;70,57,16,15,58,0,73,1
2001,512,497,15,16,0,0.028701,17651,17651,50;51;53;54;55;58;59;60;61;62;64;65;66;68;69;70,57,16,15,58,0,73,1
2002,512,497,15,16,0,0.029130,17620,17620,50;51;53;54;55;58;59;60;61;62;64;65;66;68;69;70,57,16,15,58,0,73,1
2003,512,497,15,16,0,0.029440,17589,17589,50;51;53;54;55;58;59;60;61;62;64;65;66;68;69;70,57,16,15,58,0,73,1
2004,512,497,15,16,0,0.030051,17558,17558,50;51;53;54;55;58;59;60;61;62;64;65;66;68;69;70,57,16,15,58,0,73,1
2005,512,497,15,16,0,0.030376,17527,17527,50;51;53;54;55;58;59;60;61;62;64;65;66;68;69;70,57,16,15,58,0,73,1
2006,512,497,15,16,0,0.030642,17496,17496,50;51;53;54;55;58;59;60;61;62;64;65;66;68;69;70,57,16,15,58,0,73,1
2007,512,497,15,16,0,0.031090,17465,17465,50;51;53;54;55;58;59;60;61;62;64;65;66;68;69;70,57,16,15,58,0,73,1
2008,512,497,15,16,0,0.031581,17434,17434,50;51;53;54;55;58;59;60;61;62;64;65;66;68;69;70,57,16,15,58,0,73,1
2009,512,497,15,16,0,0.031865,17403,17403,50;51;53;54;55;58;59;60;61;62;64;65;66;68;69;70,57,16,15,58,0,73,1
2010,512,497,15,17,1,0.032144,17368,17368,50;51;53;54;55;58;59;60;61;62;64;65;66;68;69;70;71,56,17,15,58,0,73,1
2011,512,496,16,17,0,0.025307,17332,17332,50;51;53;54;55;58;59;60;61;62;64;65;66;68;69;70;71,56,17,16,57,0,73,1
2012,512,496,16,17,0,0.025673,17301,17301,50;51;53;54;55;58;59;60;61;62;64;65;66;68;69;70;71,56,17,16,57,0,73,1
2013,512,496,16,17,0,0.026240,17270,17270,50;51;53;54;55;58;59;60;61;62;64;65;66;68;69;70;71,56,17,16,57,0,73,1
2014,512,497,15,16,0,0.026865,17740,17740,50;53;54;55;58;59;60;61;62;64;65;66;68;69;70;71,56,16,15,57,0,72,1
2015,512,497,15,16,0,0.027305,17709,17709,50;53;54;55;58;59;60;61;62;64;65;66;68;69;70;71,56,16,15,57,0,72,1
2016,512,497,15,16,0,0.027760,17678,17678,50;53;54;55;58;59;60;61;62;64;65;66;68;69;70;71,56,16,15,57,0,72,1
2017,512,497,15,16,0,0.028299,17637,17637,50;53;54;55;58;59;60;61;62;64;65;66;68;69;70;71,56,16,15,57,0,72,1
2018,512,497,15,16,0,0.028759,17606,17606,50;53;54;55;58;59;60;61;62;64;65;66;68;69;70;71,56,16,15,57,0,72,1
2019,512,497,15,16,0,0.029131,17575,17575,50;53;54;55;58;59;60;61;62;64;65;66;68;69;70;71,56,16,15,57,0,72,1
2020,512,497,15,16,0,0.029636,17543,17543,50;53;54;55;58;59;60;61;62;64;65;66;68;69;70;71,56,16,15,57,0,72,1
2021,512,497,15,16,0,0.030078,17512,17512,50;53;54;55;58;59;60;61;62;64;65;66;68;69;70;71,56,16,15,57,0,72,1
2022,512,497,15,16,0,0.030399,17481,17481,50;53;54;55;58;59;60;61;62;64;65;66;68;69;70;71,56,16,15,57,0,72,1
2023,512,497,15,16,0,0.030921,17450,17450,50;53;54;55;58;59;60;61;62;64;65;66;68;69;70;71,56,16,15,57,0,72,1
2024,512,497,15,16,0,0.031263,17419,17419,50;53;54;55;58;59;60;61;62;64;65;66;68;69;70;71,56,16,15,57,0,72,1
2025,512,497,15,16,0,0.031620,17388,17388,50;53;54;55;58;59;60;61;62;64;65;66;68;69;70;71,56,16,15,57,0,72,1
2026,512,497,15,16,0,0.031908,17357,17357,50;53;54;55;58;59;60;61;62;64;65;66;68;69;70;71,56,16,15,57,0,72,1
2027,512,497,15,16,0,0.032412,17321,17321,50;53;54;55;58;59;60;61;62;64;65;66;68;69;70;71,56,16,15,57,0,72,1
2028,512,497,15,16,0,0.032777,17290,17290,50;53;54;55;58;59;60;61;62;64;65;66;68;69;70;71,56,16,15,57,0,72,1
2029,512,497,15,16,0,0.033034,17259,17259,50;53;54;55;58;59;60;61;62;64;65;66;68;69;70;71,56,16,15,57,0,72,1
2030,512,497,15,16,0,0.033336,17228,17228,50;53;54;55;58;59;60;61;62;64;65;66;68;69;70;71,56,16,15,57,0,72,1
2031,512,497,15,16,0,0.033869,17197,17197,50;53;54;55;58;59;60;61;62;64;65;66;68;69;70;71,56,16,15,57,0,72,1
2032,512,497,15,16,0,0.034061,17166,17166,50;53;54;55;58;59;60;61;62;64;65;66;68;69;70;71,56,16,15,57,0,72,1
2033,512,497,15,16,0,0.034449,17135,17135,50;53;54;55;58;59;60;61;62;64;65;66;68;69;70;71,56,16,15,57,0,72,1
2034,512,497,15,16,0,0.034912,17104,17104,50;53;54;55;58;59;60;61;62;64;65;66;68;69;70;71,56,16,15,57,0,72,1
2035,512,497,15,17,1,0.035333,17068,17068,50;53;54;55;58;59;60;61;62;64;65;66;68;69;70;71;72,55,17,15,57,0,72,1
2036,512,496,16,17,0,0.025723,17037,17037,50;53;54;55;58;59;60;61;62;64;65;66;68;69;70;71;72,55,17,16,56,0,72,1
2037,512,496,16,17,0,0.026153,17006,17006,50;53;54;55;58;59;60;61;62;64;65;66;68;69;70;71;72,55,17,16,56,0,72,1
2038,512,496,16,17,0,0.026480,16975,16975,50;53;54;55;58;59;60;61;62;64;65;66;68;69;70;71;72,55,17,16,56,0,72,1
2039,512,496,16,17,0,0.026889,16944,16944,50;53;54;55;58;59;60;61;62;64;65;66;68;69;70;71;72,55,17,16,56,0,72,1
2040,512,496,16,17,0,0.027559,16913,16913,50;53;54;55;58;59;60;61;62;64;65;66;68;69;70;71;72,55,17,16,56,0,72,1
2041,512,496,16,17,0,0.027868,16882,16882,50;53;54;55;58;59;60;61;62;64;65;66;68;69;70;71;72,55,17,16,56,0,72,1
2042,512,496,16,17,0,0.028352,16851,16851,50;53;54;55;58;59;60;61;62;64;65;66;68;69;70;71;72,55,17,16,56,0,72,1
2043,512,496,16,17,0,0.028769,16820,16820,50;53;54;55;58;59;60;61;62;64;65;66;68;69;70;71;72,55,17,16,56,0,72,1
2044,512,496,16,17,0,0.029277,16789,16789,50;53;54;55;58;59;60;61;62;64;65;66;68;69;70;71;72,55,17,16,56,0,72,1
2045,512,496,16,17,0,0.029571,16758,16758,50;53;54;55;58;59;60;61;62;64;65;66;68;69;70;71;72,55,17,16,56,0,72,1
2046,512,496,16,17,0,0.030021,16727,16727,50;53;54;55;58;59;60;61;62;64;65;66;68;69;70;71;72,55,17,16,56,0,72,1
2047,512,496,16,17,0,0.030388,16696,16696,50;53;54;55;58;59;60;61;62;64;65;66;68;69;70;71;72,55,17,16,56,0,72,1
2048,512,496,16,17,0,0.030893,16665,16665,50;53;54;55;58;59;60;61;62;64;65;66;68;69;70;71;72,55,17,16,56,0,72,1
2049,512,496,16,17,0,0.031209,16629,16629,50;53;54;55;58;59;60;61;62;64;65;66;68;69;70;71;72,55,17,16,56,0,72,1
2050,512,496,16,17,0,0.031594,16598,16598,50;53;54;55;58;59;60;61;62;64;65;66;68;69;70;71;72,55,17,16,56,0,72,1
2051,512,496,16,17,0,0.032005,16567,16567,50;53;54;55;58;59;60;61;62;64;65;66;68;69;70;71;72,55,17,16,56,0,72,1
2052,512,496,16,17,0,0.032371,16531,16531,50;53;54;55;58;59;60;61;62;64;65;66;68;69;70;71;72,55,17,16,56,0,72,1
2053,512,496,16,17,0,0.032770,16500,16500,50;53;54;55;58;59;60;61;62;64;65;66;68;69;70;71;72,55,17,16,56,0,72,1
2054,512,496,16,17,0,0.033201,16464,16464,50;53;54;55;58;59;60;61;62;64;65;66;68;69;70;71;72,55,17,16,56,0,72,1
2055,512,496,16,17,0,0.033374,16433,16433,50;53;54;55;58;59;60;61;62;64;65;66;68;69;70;71;72,55,17,16,56,0,72,1
2056,512,496,16,17,0,0.033851,16402,16402,50;53;54;55;58;59;60;61;62;64;65;66;68;69;70;71;72,55,17,16,56,0,72,1
2057,512,496,16,17,0,0.034191,16366,16366,50;53;54;55;58;59;60;61;62;64;65;66;68;69;70;71;72,55,17,16,56,0,72,1
2058,512,496,16,17,0,0.034717,16335,16335,50;53;54;55;58;59;60;61;62;64;65;66;68;69;70;71;72,55,17,16,56,0,72,1
2059,512,496,16,17,0,0.035115,16304,16304,50;53;54;55;58;59;60;61;62;64;65;66;68;69;70;71;72,55,17,16,56,0,72,1
2060,512,496,16,17,0,0.035467,16258,16258,50;53;54;55;58;59;60;61;62;64;65;66;68;69;70;71;72,55,17,16,56,0,72,1
2061,512,496,16,17,0,0.035759,16227,16227,50;53;54;55;58;59;60;61;62;64;65;66;68;69;70;71;72,55,17,16,56,0,72,1
2062,512,496,16,17,0,0.036191,16191,16191,50;53;54;55;58;59;60;61;62;64;65;66;68;69;70;71;72,55,17,16,56,0,72,1
2063,512,496,16,17,0,0.036541,16160,16160,50;53;54;55;58;59;60;61;62;64;65;66;68;69;70;71;72,55,17,16,56,0,72,1
2064,512,496,16,17,0,0.036966,16129,16129,50;53;54;55;58;59;60;61;62;64;65;66;68;69;70;71;72,55,17,16,56,0,72,1
2065,512,496,16,17,0,0.037268,16098,16098,50;53;54;55;58;59;60;61;62;64;65;66;68;69;70;71;72,55,17,16,56,0,72,1
2066,512,496,16,17,0,0.037518,16067,16067,50;53;54;55;58;59;60;61;62;64;65;66;68;69;70;71;72,55,17,16,56,0,72,1
2067,512,496,16,17,0,0.038198,16031,16031,50;53;54;55;58;59;60;61;62;64;65;66;68;69;70;71;72,55,17,16,56,0,72,1
2068,512,496,16,17,0,0.038425,16000,16000,50;53;54;55;58;59;60;61;62;64;65;66;68;69;70;71;72,55,17,16,56,0,72,1
2069,512,496,16,17,0,0.038680,15964,15964,50;53;54;55;58;59;60;61;62;64;65;66;68;69;70;71;72,55,17,16,56,0,72,1
2070,512,496,16,17,0,0.038997,15933,15933,50;53;54;55;58;59;60;61;62;64;65;66;68;69;70;71;72,55,17,16,56,0,72,1
2071,512,496,16,17,0,0.039487,15902,15902,50;53;54;55;58;59;60;61;62;64;65;66;68;69;70;71;72,55,17,16,56,0,72,1
2072,512,496,16,17,0,0.039783,15871,15871,50;53;54;55;58;59;60;61;62;64;65;66;68;69;70;71;72,55,17,16,56,0,72,1
2073,512,496,16,17,0,0.040107,15840,15840,50;53;54;55;58;59;60;61;62;64;65;66;68;69;70;71;72,55,17,16,56,0,72,1
2074,512,496,16,17,0,0.040527,15804,15804,50;53;54;55;58;59;60;61;62;64;65;66;68;69;70;71;72,55,17,16,56,0,72,1
2075,512,496,16,17,0,0.041046,15773,15773,50;53;54;55;58;59;60;61;62;64;65;66;68;69;70;71;72,55,17,16,56,0,72,1
2076,512,496,16,17,0,0.041346,15742,15742,50;53;54;55;58;59;60;61;62;64;65;66;68;69;70;71;72,55,17,16,56,0,72,1
2077,512,496,16,17,0,0.041539,15711,15711,50;53;54;55;58;59;60;61;62;64;65;66;68;69;70;71;72,55,17,16,56,0,72,1
2078,512,496,16,17,0,0.041821,15680,15680,50;53;54;55;58;59;60;61;62;64;65;66;68;69;70;71;72,55,17,16,56,0,72,1
2079,512,496,16,17,0,0.042283,15649,15649,50;53;54;55;58;59;60;61;62;64;65;66;68;69;70;71;72,55,17,16,56,0,72,1
2080,512,496,16,17,0,0.042611,15618,15618,50;53;54;55;58;59;60;61;62;64;65;66;68;69;70;71;72,55,17,16,56,0,72,1
2081,512,496,16,17,0,0.043118,15587,15587,50;53;54;55;58;59;60;61;62;64;65;66;68;69;70;71;72,55,17,16,56,0,72,1
2082,512,496,16,17,0,0.043489,15556,15556,50;53;54;55;58;59;60;61;62;64;65;66;68;69;70;71;72,55,17,16,56,0,72,1
2083,512,496,16,17,0,0.043976,15525,15525,50;53;54;55;58;59;60;61;62;64;65;66;68;69;70;71;72,55,17,16,56,0,72,1
2084,512,497,15,16,0,0.044467,16739,16739,50;53;54;55;58;59;60;61;62;65;66;68;69;70;71;72,55,16,15,56,0,71,1
2085,512,497,15,16,0,0.044653,16708,16708,50;53;54;55;58;59;60;61;62;65;66;68;69;70;71;72,55,16,15,56,0,71,1
2086,512,497,15,16,0,0.044906,16677,16677,50;53;54;55;58;59;60;61;62;65;66;68;69;70;71;72,55,16,15,56,0,71,1
2087,512,497,15,16,0,0.045443,16646,16646,50;53;54;55;58;59;60;61;62;65;66;68;69;70;71;72,55,16,15,56,0,71,1
2088,512,497,15,16,0,0.045715,16615,16615,50;53;54;55;58;59;60;61;62;65;66;68;69;70;71;72,55,16,15,56,0,71,1
2089,512,497,15,16,0,0.046285,16584,16584,50;53;54;55;58;59;60;61;62;65;66;68;69;70;71;72,55,16,15,56,0,71,1
2090,512,497,15,16,0,0.046627,16553,16553,50;53;54;55;58;59;60;61;62;65;66;68;69;70;71;72,55,16,15,56,0,71,1
2091,512,497,15,16,0,0.047035,16517,16517,50;53;54;55;58;59;60;61;62;65;66;68;69;70;71;72,55,16,15,56,0,71,1
2092,512,497,15,17,1,0.047720,16484,16484,50;53;54;55;58;59;60;61;62;65;66;68;69;70;71;72;73,54,17,15,56,0,71,1
2093,512,496,16,17,0,0.025983,16453,16453,50;53;54;55;58;59;60;61;62;65;66;68;69;70;71;72;73,54,17,16,55,0,71,1
2094,512,496,16,17,0,0.026423,16422,16422,50;53;54;55;58;59;60;61;62;65;66;68;69;70;71;72;73,54,17,16,55,0,71,1
2095,512,496,16,17,0,0.026732,16391,16391,50;53;54;55;58;59;60;61;62;65;66;68;69;70;71;72;73,54,17,16,55,0,71,1
2096,512,496,16,17,0,0.027367,16360,16360,50;53;54;55;58;59;60;61;62;65;66;68;69;70;71;72;73,54,17,16,55,0,71,1
2097,512,496,16,17,0,0.027836,16319,16319,50;53;54;55;58;59;60;61;62;65;66;68;69;70;71;72;73,54,17,16,55,0,71,1
2098,512,496,16,17,0,0.028099,16288,16288,50;53;54;55;58;59;60;61;62;65;66;68;69;70;71;72;73,54,17,16,55,0,71,1
2099,512,496,16,17,0,0.028563,16257,16257,50;53;54;55;58;59;60;61;62;65;66;68;69;70;71;72;73,54,17,16,55,0,71,1
2100,512,496,16,17,0,0.029210,16221,16221,50;53;54;55;58;59;60;61;62;65;66;68;69;70;71;72;73,54,17,16,55,0,71,1
2101,512,496,16,17,0,0.029522,16190,16190,50;53;54;55;58;59;60;61;62;65;66;68;69;70;71;72;73,54,17,16,55,0,71,1
2102,512,496,16,17,0,0.029907,16159,16159,50;53;54;55;58;59;60;61;62;65;66;68;69;70;71;72;73,54,17,16,55,0,71,1
2103,512,496,16,17,0,0.030308,16128,16128,50;53;54;55;58;59;60;61;62;65;66;68;69;70;71;72;73,54,17,16,55,0,71,1
2104,512,496,16,17,0,0.030748,16097,16097,50;53;54;55;58;59;60;61;62;65;66;68;69;70;71;72;73,54,17,16,55,0,71,1
2105,512,496,16,17,0,0.031215,16066,16066,50;53;54;55;58;59;60;61;62;65;66;68;69;70;71;72;73,54,17,16,55,0,71,1
2106,512,496,16,17,0,0.031422,16035,16035,50;53;54;55;58;59;60;61;62;65;66;68;69;70;71;72;73,54,17,16,55,0,71,1
2107,512,496,16,17,0,0.031846,15999,15999,50;53;54;55;58;59;60;61;62;65;66;68;69;70;71;72;73,54,17,16,55,0,71,1
2108,512,497,15,16,0,0.032237,16181,16181,50;53;54;55;58;59;60;61;62;66;68;69;70;71;72;73,54,16,15,55,0,70,1
2109,512,497,15,16,0,0.032561,16150,16150,50;53;54;55;58;59;60;61;62;66;68;69;70;71;72;73,54,16,15,55,0,70,1
2110,512,497,15,16,0,0.032960,16119,16119,50;53;54;55;58;59;60;61;62;66;68;69;70;71;72;73,54,16,15,55,0,70,1
2111,512,497,15,16,0,0.033340,16088,16088,50;53;54;55;58;59;60;61;62;66;68;69;70;71;72;73,54,16,15,55,0,70,1
2112,512,497,15,16,0,0.033620,16057,16057,50;53;54;55;58;59;60;61;62;66;68;69;70;71;72;73,54,16,15,55,0,70,1
2113,512,497,15,16,0,0.034041,16026,16026,50;53;54;55;58;59;60;61;62;66;68;69;70;71;72;73,54,16,15,55,0,70,1
2114,512,497,15,16,0,0.034412,15995,15995,50;53;54;55;58;59;60;61;62;66;68;69;70;71;72;73,54,16,15,55,0,70,1
2115,512,498,14,15,0,0.034811,16979,16979,50;53;55;58;59;60;61;62;66;68;69;70;71;72;73,54,15,14,55,0,69,1
2116,512,498,14,15,0,0.035303,16948,16948,50;53;55;58;59;60;61;62;66;68;69;70;71;72;73,54,15,14,55,0,69,1
2117,512,498,14,15,0,0.035642,16916,16916,50;53;55;58;59;60;61;62;66;68;69;70;71;72;73,54,15,14,55,0,69,1
2118,512,498,14,15,0,0.035885,16880,16880,50;53;55;58;59;60;61;62;66;68;69;70;71;72;73,54,15,14,55,0,69,1
2119,512,498,14,15,0,0.036382,16849,16849,50;53;55;58;59;60;61;62;66;68;69;70;71;72;73,54,15,14,55,0,69,1
2120,512,498,14,15,0,0.036720,16818,16818,50;53;55;58;59;60;61;62;66;68;69;70;71;72;73,54,15,14,55,0,69,1
2121,512,498,14,15,0,0.037146,16787,16787,50;53;55;58;59;60;61;62;66;68;69;70;71;72;73,54,15,14,55,0,69,1
2122,512,498,14,15,0,0.037456,16756,16756,50;53;55;58;59;60;61;62;66;68;69;70;71;72;73,54,15,14,55,0,69,1
2123,512,498,14,15,0,0.037944,16725,16725,50;53;55;58;59;60;61;62;66;68;69;70;71;72;73,54,15,14,55,0,69,1
2124,512,498,14,15,0,0.038382,16694,16694,50;53;55;58;59;60;61;62;66;68;69;70;71;72;73,54,15,14,55,0,69,1
2125,512,498,14,15,0,0.038583,16662,16662,50;53;55;58;59;60;61;62;66;68;69;70;71;72;73,54,15,14,55,0,69,1
2126,512,498,14,15,0,0.038992,16631,16631,50;53;55;58;59;60;61;62;66;68;69;70;71;72;73,54,15,14,55,0,69,1
2127,512,498,14,15,0,0.039464,16600,16600,50;53;55;58;59;60;61;62;66;68;69;70;71;72;73,54,15,14,55,0,69,1
2128,512,498,14,15,0,0.039651,16569,16569,50;53;55;58;59;60;61;62;66;68;69;70;71;72;73,54,15,14,55,0,69,1
2129,512,498,14,15,0,0.039959,16533,16533,50;53;55;58;59;60;61;62;66;68;69;70;71;72;73,54,15,14,55,0,69,1
2130,512,498,14,15,0,0.040547,16502,16502,50;53;55;58;59;60;61;62;66;68;69;70;71;72;73,54,15,14,55,0,69,1
2131,512,498,14,15,0,0.041085,16471,16471,50;53;55;58;59;60;61;62;66;68;69;70;71;72;73,54,15,14,55,0,69,1
2132,512,498,14,15,0,0.041318,16440,16440,50;53;55;58;59;60;61;62;66;68;69;70;71;72;73,54,15,14,55,0,69,1
2133,512,498,14,15,0,0.041602,16408,16408,50;53;55;58;59;60;61;62;66;68;69;70;71;72;73,54,15,14,55,0,69,1
2134,512,498,14,15,0,0.042025,16372,16372,50;53;55;58;59;60;61;62;66;68;69;70;71;72;73,54,15,14,55,0,69,1
2135,512,498,14,15,0,0.042235,16341,16341,50;53;55;58;59;60;61;62;66;68;69;70;71;72;73,54,15,14,55,0,69,1
2136,512,498,14,15,0,0.042606,16310,16310,50;53;55;58;59;60;61;62;66;68;69;70;71;72;73,54,15,14,55,0,69,1
2137,512,498,14,15,0,0.042999,16279,16279,50;53;55;58;59;60;61;62;66;68;69;70;71;72;73,54,15,14,55,0,69,1
2138,512,498,14,15,0,0.043593,16248,16248,50;53;55;58;59;60;61;62;66;68;69;70;71;72;73,54,15,14,55,0,69,1
2139,512,498,14,15,0,0.043897,16217,16217,50;53;55;58;59;60;61;62;66;68;69;70;71;72;73,54,15,14,55,0,69,1
2140,512,498,14,15,0,0.044356,16171,16171,50;53;55;58;59;60;61;62;66;68;69;70;71;72;73,54,15,14,55,0,69,1
2141,512,498,14,15,0,0.044647,16139,16139,50;53;55;58;59;60;61;62;66;68;69;70;71;72;73,54,15,14,55,0,69,1
2142,512,498,14,15,0,0.044839,16103,16103,50;53;55;58;59;60;61;62;66;68;69;70;71;72;73,54,15,14,55,0,69,1
2143,512,498,14,15,0,0.045133,16072,16072,50;53;55;58;59;60;61;62;66;68;69;70;71;72;73,54,15,14,55,0,69,1
2144,512,498,14,15,0,0.045673,16041,16041,50;53;55;58;59;60;61;62;66;68;69;70;71;72;73,54,15,14,55,0,69,1
2145,512,498,14,15,0,0.045897,16010,16010,50;53;55;58;59;60;61;62;66;68;69;70;71;72;73,54,15,14,55,0,69,1
2146,512,499,13,15,1,0.046368,16145,16145,50;53;55;59;60;61;62;66;68;69;70;71;72;73;74,53,15,13,55,0,68,1
2147,512,498,14,15,0,0.026271,16109,16109,50;53;55;59;60;61;62;66;68;69;70;71;72;73;74,53,15,14,54,0,68,1
2148,512,498,14,15,0,0.026762,16078,16078,50;53;55;59;60;61;62;66;68;69;70;71;72;73;74,53,15,14,54,0,68,1
2149,512,499,13,14,0,0.026732,17727,17727,50;53;55;59;60;61;62;66;68;69;70;71;72;74,53,14,13,54,0,67,1
2150,512,499,13,15,1,0.027555,17691,17691,50;53;55;59;60;61;62;66;68;69;70;71;72;74;75,52,15,13,54,0,67,1
2151,512,498,14,15,0,0.025672,17660,17660,50;53;55;59;60;61;62;66;68;69;70;71;72;74;75,52,15,14,53,0,67,1
2152,512,498,14,15,0,0.026022,17629,17629,50;53;55;59;60;61;62;66;68;69;70;71;72;74;75,52,15,14,53,0,67,1
2153,512,498,14,15,0,0.026503,17598,17598,50;53;55;59;60;61;62;66;68;69;70;71;72;74;75,52,15,14,53,0,67,1
2154,512,498,14,15,0,0.026960,17562,17562,50;53;55;59;60;61;62;66;68;69;70;71;72;74;75,52,15,14,53,0,67,1
2155,512,498,14,15,0,0.027402,17531,17531,50;53;55;59;60;61;62;66;68;69;70;71;72;74;75,52,15,14,53,0,67,1
2156,512,498,14,15,0,0.027912,17499,17499,50;53;55;59;60;61;62;66;68;69;70;71;72;74;75,52,15,14,53,0,67,1
2157,512,498,14,15,0,0.028447,17468,17468,50;53;55;59;60;61;62;66;68;69;70;71;72;74;75,52,15,14,53,0,67,1
2158,512,498,14,15,0,0.028846,17437,17437,50;53;55;59;60;61;62;66;68;69;70;71;72;74;75,52,15,14,53,0,67,1
2159,512,498,14,15,0,0.029264,17406,17406,50;53;55;59;60;61;62;66;68;69;70;71;72;74;75,52,15,14,53,0,67,1
2160,512,498,14,15,0,0.029693,17375,17375,50;53;55;59;60;61;62;66;68;69;70;71;72;74;75,52,15,14,53,0,67,1
2161,512,498,14,15,0,0.030183,17344,17344,50;53;55;59;60;61;62;66;68;69;70;71;72;74;75,52,15,14,53,0,67,1
2162,512,498,14,15,0,0.030523,17313,17313,50;53;55;59;60;61;62;66;68;69;70;71;72;74;75,52,15,14,53,0,67,1
2163,512,498,14,15,0,0.031046,17282,17282,50;53;55;59;60;61;62;66;68;69;70;71;72;74;75,52,15,14,53,0,67,1
2164,512,498,14,15,0,0.031339,17250,17250,50;53;55;59;60;61;62;66;68;69;70;71;72;74;75,52,15,14,53,0,67,1
2165,512,498,14,15,0,0.031757,17219,17219,50;53;55;59;60;61;62;66;68;69;70;71;72;74;75,52,15,14,53,0,67,1
2166,512,498,14,15,0,0.032240,17188,17188,50;53;55;59;60;61;62;66;68;69;70;71;72;74;75,52,15,14,53,0,67,1
2167,512,498,14,15,0,0.032553,17157,17157,50;53;55;59;60;61;62;66;68;69;70;71;72;74;75,52,15,14,53,0,67,1
2168,512,498,14,15,0,0.032917,17126,17126,50;53;55;59;60;61;62;66;68;69;70;71;72;74;75,52,15,14,53,0,67,1
2169,512,498,14,15,0,0.033345,17095,17095,50;53;55;59;60;61;62;66;68;69;70;71;72;74;75,52,15,14,53,0,67,1
2170,512,498,14,15,0,0.033602,17064,17064,50;53;55;59;60;61;62;66;68;69;70;71;72;74;75,52,15,14,53,0,67,1
2171,512,498,14,15,0,0.034062,17028,17028,50;53;55;59;60;61;62;66;68;69;70;71;72;74;75,52,15,14,53,0,67,1
2172,512,498,14,15,0,0.034415,16996,16996,50;53;55;59;60;61;62;66;68;69;70;71;72;74;75,52,15,14,53,0,67,1
2173,512,499,13,14,0,0.034651,19403,19403,53;55;59;60;61;62;66;68;69;70;71;72;74;75,52,14,13,53,0,66,1
2174,512,499,13,14,0,0.035053,19372,19372,53;55;59;60;61;62;66;68;69;70;71;72;74;75,52,14,13,53,0,66,1
2175,512,499,13,14,0,0.035400,19341,19341,53;55;59;60;61;62;66;68;69;70;71;72;74;75,52,14,13,53,0,66,1
2176,512,499,13,14,0,0.035692,19310,19310,53;55;59;60;61;62;66;68;69;70;71;72;74;75,52,14,13,53,0,66,1
2177,512,499,13,14,0,0.036155,19278,19278,53;55;59;60;61;62;66;68;69;70;71;72;74;75,52,14,13,53,0,66,1
2178,512,499,13,14,0,0.036392,19247,19247,53;55;59;60;61;62;66;68;69;70;71;72;74;75,52,14,13,53,0,66,1
2179,512,499,13,14,0,0.036884,19216,19216,53;55;59;60;61;62;66;68;69;70;71;72;74;75,52,14,13,53,0,66,1
2180,512,499,13,14,0,0.037232,19180,19180,53;55;59;60;61;62;66;68;69;70;71;72;74;75,52,14,13,53,0,66,1
2181,512,499,13,14,0,0.037468,19149,19149,53;55;59;60;61;62;66;68;69;70;71;72;74;75,52,14,13,53,0,66,1
2182,512,499,13,14,0,0.037943,19118,19118,53;55;59;60;61;62;66;68;69;70;71;72;74;75,52,14,13,53,0,66,1
2183,512,499,13,14,0,0.038379,19086,19086,53;55;59;60;61;62;66;68;69;70;71;72;74;75,52,14,13,53,0,66,1
2184,512,499,13,14,0,0.038643,19055,19055,53;55;59;60;61;62;66;68;69;70;71;72;74;75,52,14,13,53,0,66,1
2185,512,499,13,14,0,0.038960,19024,19024,53;55;59;60;61;62;66;68;69;70;71;72;74;75,52,14,13,53,0,66,1
2186,512,499,13,14,0,0.039296,18993,18993,53;55;59;60;61;62;66;68;69;70;71;72;74;75,52,14,13,53,0,66,1
2187,512,499,13,14,0,0.039736,18957,18957,53;55;59;60;61;62;66;68;69;70;71;72;74;75,52,14,13,53,0,66,1
2188,512,499,13,14,0,0.040071,18925,18925,53;55;59;60;61;62;66;68;69;70;71;72;74;75,52,14,13,53,0,66,1
2189,512,499,13,14,0,0.040490,18894,18894,53;55;59;60;61;62;66;68;69;70;71;72;74;75,52,14,13,53,0,66,1
2190,512,499,13,14,0,0.041010,18863,18863,53;55;59;60;61;62;66;68;69;70;71;72;74;75,52,14,13,53,0,66,1
2191,512,499,13,14,0,0.041259,18832,18832,53;55;59;60;61;62;66;68;69;70;71;72;74;75,52,14,13,53,0,66,1
2192,512,499,13,14,0,0.041503,18801,18801,53;55;59;60;61;62;66;68;69;70;71;72;74;75,52,14,13,53,0,66,1
2193,512,499,13,14,0,0.041785,18769,18769,53;55;59;60;61;62;66;68;69;70;71;72;74;75,52,14,13,53,0,66,1
2194,512,499,13,14,0,0.042247,18738,18738,53;55;59;60;61;62;66;68;69;70;71;72;74;75,52,14,13,53,0,66,1
2195,512,499,13,14,0,0.042575,18707,18707,53;55;59;60;61;62;66;68;69;70;71;72;74;75,52,14,13,53,0,66,1
2196,512,499,13,14,0,0.043082,18676,18676,53;55;59;60;61;62;66;68;69;70;71;72;74;75,52,14,13,53,0,66,1
2197,512,499,13,14,0,0.043453,18645,18645,53;55;59;60;61;62;66;68;69;70;71;72;74;75,52,14,13,53,0,66,1
2198,512,499,13,14,0,0.043939,18609,18609,53;55;59;60;61;62;66;68;69;70;71;72;74;75,52,14,13,53,0,66,1
2199,512,499,13,14,0,0.044335,18577,18577,53;55;59;60;61;62;66;68;69;70;71;72;74;75,52,14,13,53,0,66,1
2200,512,499,13,14,0,0.044499,18546,18546,53;55;59;60;61;62;66;68;69;70;71;72;74;75,52,14,13,53,0,66,1
2201,512,499,13,14,0,0.044774,18515,18515,53;55;59;60;61;62;66;68;69;70;71;72;74;75,52,14,13,53,0,66,1
2202,512,499,13,14,0,0.045312,18484,18484,53;55;59;60;61;62;66;68;69;70;71;72;74;75,52,14,13,53,0,66,1
2203,512,499,13,14,0,0.045584,18453,18453,53;55;59;60;61;62;66;68;69;70;71;72;74;75,52,14,13,53,0,66,1
2204,512,499,13,14,0,0.046090,18421,18421,53;55;59;60;61;62;66;68;69;70;71;72;74;75,52,14,13,53,0,66,1
2205,512,499,13,14,0,0.046518,18390,18390,53;55;59;60;61;62;66;68;69;70;71;72;74;75,52,14,13,53,0,66,1
2206,512,499,13,14,0,0.046904,18359,18359,53;55;59;60;61;62;66;68;69;70;71;72;74;75,52,14,13,53,0,66,1
2207,512,499,13,14,0,0.047308,18328,18328,53;55;59;60;61;62;66;68;69;70;71;72;74;75,52,14,13,53,0,66,1
2208,512,499,13,14,0,0.047589,18297,18297,53;55;59;60;61;62;66;68;69;70;71;72;74;75,52,14,13,53,0,66,1
2209,512,499,13,14,0,0.047822,18265,18265,53;55;59;60;61;62;66;68;69;70;71;72;74;75,52,14,13,53,0,66,1
2210,512,499,13,14,0,0.048378,18234,18234,53;55;59;60;61;62;66;68;69;70;71;72;74;75,52,14,13,53,0,66,1
2211,512,499,13,14,0,0.048543,18203,18203,53;55;59;60;61;62;66;68;69;70;71;72;74;75,52,14,13,53,0,66,1
2212,512,500,12,13,0,0.048892,18692,18692,53;55;59;60;62;66;68;69;70;71;72;74;75,52,13,12,53,0,65,1
2213,512,501,11,12,0,0.048290,20422,20422,53;59;60;62;66;68;69;70;71;72;74;75,52,12,11,53,0,64,1
2214,512,502,10,11,0,0.049038,20473,20473,53;60;62;66;68;69;70;71;72;74;75,52,11,10,53,0,63,1
2215,512,502,10,11,0,0.049346,20442,20442,53;60;62;66;68;69;70;71;72;74;75,52,11,10,53,0,63,1
2216,512,502,10,11,0,0.049649,20410,20410,53;60;62;66;68;69;70;71;72;74;75,52,11,10,53,0,63,1
2217,512,502,10,11,0,0.050057,20379,20379,53;60;62;66;68;69;70;71;72;74;75,52,11,10,53,0,63,1
2218,512,502,10,11,0,0.050318,20348,20348,53;60;62;66;68;69;70;71;72;74;75,52,11,10,53,0,63,1
2219,512,502,10,11,0,0.050687,20316,20316,53;60;62;66;68;69;70;71;72;74;75,52,11,10,53,0,63,1
2220,512,502,10,11,0,0.051247,20270,20270,53;60;62;66;68;69;70;71;72;74;75,52,11,10,53,0,63,1
2221,512,502,10,11,0,0.051512,20239,20239,53;60;62;66;68;69;70;71;72;74;75,52,11,10,53,0,63,1
2222,512,502,10,11,0,0.051748,20207,20207,53;60;62;66;68;69;70;71;72;74;75,52,11,10,53,0,63,1
2223,512,502,10,12,1,0.052237,20171,20171,53;60;62;66;68;69;70;71;72;74;75;76,51,12,10,53,0,63,1
2224,512,501,11,12,0,0.024884,20140,20140,53;60;62;66;68;69;70;71;72;74;75;76,51,12,11,52,0,63,1
2225,512,501,11,12,0,0.025233,20104,20104,53;60;62;66;68;69;70;71;72;74;75;76,51,12,11,52,0,63,1
2226,512,501,11,13,1,0.026094,20068,20068,53;60;62;66;68;69;70;71;72;74;75;76;77,50,13,11,52,0,63,1
2227,512,500,12,13,0,0.025421,20032,20032,53;60;62;66;68;69;70;71;72;74;75;76;77,50,13,12,51,0,63,1
2228,512,500,12,13,0,0.026058,20001,20001,53;60;62;66;68;69;70;71;72;74;75;76;77,50,13,12,51,0,63,1
2229,512,500,12,13,0,0.026385,19969,19969,53;60;62;66;68;69;70;71;72;74;75;76;77,50,13,12,51,0,63,1
2230,512,500,12,13,0,0.026794,19938,19938,53;60;62;66;68;69;70;71;72;74;75;76;77,50,13,12,51,0,63,1
2231,512,500,12,13,0,0.027465,19907,19907,53;60;62;66;68;69;70;71;72;74;75;76;77,50,13,12,51,0,63,1
2232,512,500,12,13,0,0.027774,19876,19876,53;60;62;66;68;69;70;71;72;74;75;76;77,50,13,12,51,0,63,1
2233,512,500,12,13,0,0.028258,19844,19844,53;60;62;66;68;69;70;71;72;74;75;76;77,50,13,12,51,0,63,1
2234,512,500,12,13,0,0.028674,19808,19808,53;60;62;66;68;69;70;71;72;74;75;76;77,50,13,12,51,0,63,1
2235,512,500,12,13,0,0.029182,19777,19777,53;60;62;66;68;69;70;71;72;74;75;76;77,50,13,12,51,0,63,1
2236,512,500,12,13,0,0.029603,19746,19746,53;60;62;66;68;69;70;71;72;74;75;76;77,50,13,12,51,0,63,1
2237,512,500,12,13,0,0.029926,19714,19714,53;60;62;66;68;69;70;71;72;74;75;76;77,50,13,12,51,0,63,1
2238,512,500,12,13,0,0.030293,19683,19683,53;60;62;66;68;69;70;71;72;74;75;76;77,50,13,12,51,0,63,1
2239,512,500,12,13,0,0.030798,19652,19652,53;60;62;66;68;69;70;71;72;74;75;76;77,50,13,12,51,0,63,1
2240,512,500,12,13,0,0.031118,19621,19621,53;60;62;66;68;69;70;71;72;74;75;76;77,50,13,12,51,0,63,1
2241,512,500,12,13,0,0.031542,19589,19589,53;60;62;66;68;69;70;71;72;74;75;76;77,50,13,12,51,0,63,1
2242,512,500,12,13,0,0.031949,19558,19558,53;60;62;66;68;69;70;71;72;74;75;76;77,50,13,12,51,0,63,1
2243,512,500,12,13,0,0.032273,19527,19527,53;60;62;66;68;69;70;71;72;74;75;76;77,50,13,12,51,0,63,1
2244,512,500,12,13,0,0.032672,19496,19496,53;60;62;66;68;69;70;71;72;74;75;76;77,50,13,12,51,0,63,1
2245,512,500,12,13,0,0.033052,19464,19464,53;60;62;66;68;69;70;71;72;74;75;76;77,50,13,12,51,0,63,1
2246,512,500,12,13,0,0.033332,19433,19433,53;60;62;66;68;69;70;71;72;74;75;76;77,50,13,12,51,0,63,1
2247,512,500,12,13,0,0.033754,19402,19402,53;60;62;66;68;69;70;71;72;74;75;76;77,50,13,12,51,0,63,1
2248,512,500,12,13,0,0.034124,19371,19371,53;60;62;66;68;69;70;71;72;74;75;76;77,50,13,12,51,0,63,1
2249,512,500,12,13,0,0.034554,19339,19339,53;60;62;66;68;69;70;71;72;74;75;76;77,50,13,12,51,0,63,1
2250,512,500,12,13,0,0.035046,19308,19308,53;60;62;66;68;69;70;71;72;74;75;76;77,50,13,12,51,0,63,1
2251,512,500,12,13,0,0.035385,19272,19272,53;60;62;66;68;69;70;71;72;74;75;76;77,50,13,12,51,0,63,1
2252,512,500,12,13,0,0.035628,19241,19241,53;60;62;66;68;69;70;71;72;74;75;76;77,50,13,12,51,0,63,1
2253,512,501,11,12,0,0.035354,20764,20764,60;62;66;68;69;70;71;72;74;75;76;77,50,12,11,51,0,62,1
2254,512,501,11,12,0,0.035692,20733,20733,60;62;66;68;69;70;71;72;74;75;76;77,50,12,11,51,0,62,1
2255,512,501,11,12,0,0.036119,20702,20702,60;62;66;68;69;70;71;72;74;75;76;77,50,12,11,51,0,62,1
2256,512,501,11,12,0,0.036429,20670,20670,60;62;66;68;69;70;71;72;74;75;76;77,50,12,11,51,0,62,1
2257,512,501,11,12,0,0.036947,20639,20639,60;62;66;68;69;70;71;72;74;75;76;77,50,12,11,51,0,62,1
2258,512,501,11,12,0,0.037377,20608,20608,60;62;66;68;69;70;71;72;74;75;76;77,50,12,11,51,0,62,1
2259,512,501,11,12,0,0.037555,20577,20577,60;62;66;68;69;70;71;72;74;75;76;77,50,12,11,51,0,62,1
2260,512,501,11,12,0,0.037965,20540,20540,60;62;66;68;69;70;71;72;74;75;76;77,50,12,11,51,0,62,1
2261,512,501,11,12,0,0.038436,20509,20509,60;62;66;68;69;70;71;72;74;75;76;77,50,12,11,51,0,62,1
2262,512,501,11,13,1,0.038773,20473,20473,60;62;66;68;69;70;71;72;74;75;76;77;78,49,13,11,51,0,62,1
2263,512,500,12,13,0,0.025308,20442,20442,60;62;66;68;69;70;71;72;74;75;76;77;78,49,13,12,50,0,62,1
2264,512,500,12,13,0,0.025657,20411,20411,60;62;66;68;69;70;71;72;74;75;76;77;78,49,13,12,50,0,62,1
2265,512,500,12,13,0,0.026238,20380,20380,60;62;66;68;69;70;71;72;74;75;76;77;78,49,13,12,50,0,62,1
2266,512,500,12,13,0,0.026596,20348,20348,60;62;66;68;69;70;71;72;74;75;76;77;78,49,13,12,50,0,62,1
2267,512,500,12,13,0,0.027037,20317,20317,60;62;66;68;69;70;71;72;74;75;76;77;78,49,13,12,50,0,62,1
2268,512,500,12,13,0,0.027547,20286,20286,60;62;66;68;69;70;71;72;74;75;76;77;78,49,13,12,50,0,62,1
2269,512,500,12,13,0,0.028082,20255,20255,60;62;66;68;69;70;71;72;74;75;76;77;78,49,13,12,50,0,62,1
2270,512,500,12,13,0,0.028482,20223,20223,60;62;66;68;69;70;71;72;74;75;76;77;78,49,13,12,50,0,62,1
2271,512,500,12,13,0,0.028941,20192,20192,60;62;66;68;69;70;71;72;74;75;76;77;78,49,13,12,50,0,62,1
2272,512,501,11,12,0,0.028755,20940,20940,60;62;66;68;69;70;72;74;75;76;77;78,49,12,11,50,0,61,1
2273,512,501,11,12,0,0.029245,20908,20908,60;62;66;68;69;70;72;74;75;76;77;78,49,12,11,50,0,61,1
2274,512,501,11,12,0,0.029585,20877,20877,60;62;66;68;69;70;72;74;75;76;77;78,49,12,11,50,0,61,1
2275,512,501,11,12,0,0.030082,20846,20846,60;62;66;68;69;70;72;74;75;76;77;78,49,12,11,50,0,61,1
2276,512,501,11,12,0,0.030433,20815,20815,60;62;66;68;69;70;72;74;75;76;77;78,49,12,11,50,0,61,1
2277,512,501,11,12,0,0.030819,20783,20783,60;62;66;68;69;70;72;74;75;76;77;78,49,12,11,50,0,61,1
2278,512,501,11,12,0,0.031302,20747,20747,60;62;66;68;69;70;72;74;75;76;77;78,49,12,11,50,0,61,1
2279,512,501,11,12,0,0.031560,20716,20716,60;62;66;68;69;70;72;74;75;76;77;78,49,12,11,50,0,61,1
2280,512,501,11,12,0,0.031992,20684,20684,60;62;66;68;69;70;72;74;75;76;77;78,49,12,11,50,0,61,1
2281,512,501,11,12,0,0.032422,20653,20653,60;62;66;68;69;70;72;74;75;76;77;78,49,12,11,50,0,61,1
2282,512,501,11,12,0,0.032596,20622,20622,60;62;66;68;69;70;72;74;75;76;77;78,49,12,11,50,0,61,1
2283,512,501,11,12,0,0.033054,20590,20590,60;62;66;68;69;70;72;74;75;76;77;78,49,12,11,50,0,61,1
2284,512,502,10,11,0,0.033550,20749,20749,60;62;68;69;70;72;74;75;76;77;78,49,11,10,50,0,60,1
2285,512,502,10,11,0,0.034076,20718,20718,60;62;68;69;70;72;74;75;76;77;78,49,11,10,50,0,60,1
2286,512,502,10,11,0,0.034475,20686,20686,60;62;68;69;70;72;74;75;76;77;78,49,11,10,50,0,60,1
2287,512,502,10,11,0,0.034827,20655,20655,60;62;68;69;70;72;74;75;76;77;78,49,11,10,50,0,60,1
2288,512,502,10,11,0,0.035147,20623,20623,60;62;68;69;70;72;74;75;76;77;78,49,11,10,50,0,60,1
2289,512,502,10,11,0,0.035582,20592,20592,60;62;68;69;70;72;74;75;76;77;78,49,11,10,50,0,60,1
2290,512,502,10,11,0,0.035901,20556,20556,60;62;68;69;70;72;74;75;76;77;78,49,11,10,50,0,60,1
2291,512,502,10,11,0,0.036326,20524,20524,60;62;68;69;70;72;74;75;76;77;78,49,11,10,50,0,60,1
2292,512,502,10,11,0,0.036626,20493,20493,60;62;68;69;70;72;74;75;76;77;78,49,11,10,50,0,60,1
2293,512,502,10,11,0,0.037144,20462,20462,60;62;68;69;70;72;74;75;76;77;78,49,11,10,50,0,60,1
2294,512,502,10,11,0,0.037583,20425,20425,60;62;68;69;70;72;74;75;76;77;78,49,11,10,50,0,60,1
2295,512,502,10,11,0,0.037783,20394,20394,60;62;68;69;70;72;74;75;76;77;78,49,11,10,50,0,60,1
2296,512,502,10,11,0,0.038048,20362,20362,60;62;68;69;70;72;74;75;76;77;78,49,11,10,50,0,60,1
2297,512,502,10,11,0,0.038638,20326,20326,60;62;68;69;70;72;74;75;76;77;78,49,11,10,50,0,60,1
2298,512,502,10,11,0,0.038851,20295,20295,60;62;68;69;70;72;74;75;76;77;78,49,11,10,50,0,60,1
2299,512,502,10,11,0,0.039159,20263,20263,60;62;68;69;70;72;74;75;76;77;78,49,11,10,50,0,60,1
2300,512,502,10,11,0,0.039646,20222,20222,60;62;68;69;70;72;74;75;76;77;78,49,11,10,50,0,60,1
2301,512,502,10,11,0,0.040183,20191,20191,60;62;68;69;70;72;74;75;76;77;78,49,11,10,50,0,60,1
2302,512,502,10,11,0,0.040416,20159,20159,60;62;68;69;70;72;74;75;76;77;78,49,11,10,50,0,60,1
2303,512,502,10,11,0,0.040701,20128,20128,60;62;68;69;70;72;74;75;76;77;78,49,11,10,50,0,60,1
2304,512,502,10,11,0,0.041123,20096,20096,60;62;68;69;70;72;74;75;76;77;78,49,11,10,50,0,60,1
2305,512,502,10,11,0,0.041334,20060,20060,60;62;68;69;70;72;74;75;76;77;78,49,11,10,50,0,60,1
2306,512,502,10,11,0,0.041705,20029,20029,60;62;68;69;70;72;74;75;76;77;78,49,11,10,50,0,60,1
2307,512,502,10,11,0,0.042418,19997,19997,60;62;68;69;70;72;74;75;76;77;78,49,11,10,50,0,60,1
2308,512,502,10,11,0,0.042705,19966,19966,60;62;68;69;70;72;74;75;76;77;78,49,11,10,50,0,60,1
2309,512,502,10,11,0,0.042995,19935,19935,60;62;68;69;70;72;74;75;76;77;78,49,11,10,50,0,60,1
2310,512,502,10,11,0,0.043454,19903,19903,60;62;68;69;70;72;74;75;76;77;78,49,11,10,50,0,60,1
2311,512,502,10,11,0,0.043780,19872,19872,60;62;68;69;70;72;74;75;76;77;78,49,11,10,50,0,60,1
2312,512,502,10,11,0,0.044048,19840,19840,60;62;68;69;70;72;74;75;76;77;78,49,11,10,50,0,60,1
2313,512,502,10,11,0,0.044336,19809,19809,60;62;68;69;70;72;74;75;76;77;78,49,11,10,50,0,60,1
2314,512,502,10,11,0,0.044851,19773,19773,60;62;68;69;70;72;74;75;76;77;78,49,11,10,50,0,60,1
2315,512,502,10,11,0,0.044995,19741,19741,60;62;68;69;70;72;74;75;76;77;78,49,11,10,50,0,60,1
2316,512,502,10,11,0,0.045568,19710,19710,60;62;68;69;70;72;74;75;76;77;78,49,11,10,50,0,60,1
2317,512,502,10,11,0,0.045910,19679,19679,60;62;68;69;70;72;74;75;76;77;78,49,11,10,50,0,60,1
2318,512,502,10,11,0,0.046311,19647,19647,60;62;68;69;70;72;74;75;76;77;78,49,11,10,50,0,60,1
2319,512,502,10,11,0,0.046715,19616,19616,60;62;68;69;70;72;74;75;76;77;78,49,11,10,50,0,60,1
2320,512,502,10,11,0,0.047057,19584,19584,60;62;68;69;70;72;74;75;76;77;78,49,11,10,50,0,60,1
2321,512,502,10,11,0,0.047275,19553,19553,60;62;68;69;70;72;74;75;76;77;78,49,11,10,50,0,60,1
2322,512,502,10,11,0,0.047828,19522,19522,60;62;68;69;70;72;74;75;76;77;78,49,11,10,50,0,60,1
2323,512,502,10,11,0,0.048008,19490,19490,60;62;68;69;70;72;74;75;76;77;78,49,11,10,50,0,60,1
2324,512,502,10,11,0,0.048514,19459,19459,60;62;68;69;70;72;74;75;76;77;78,49,11,10,50,0,60,1
2325,512,502,10,11,0,0.048734,19428,19428,60;62;68;69;70;72;74;75;76;77;78,49,11,10,50,0,60,1
2326,512,502,10,11,0,0.049424,19396,19396,60;62;68;69;70;72;74;75;76;77;78,49,11,10,50,0,60,1
2327,512,502,10,11,0,0.049612,19365,19365,60;62;68;69;70;72;74;75;76;77;78,49,11,10,50,0,60,1
2328,512,502,10,11,0,0.049992,19333,19333,60;62;68;69;70;72;74;75;76;77;78,49,11,10,50,0,60,1
2329,512,502,10,11,0,0.050398,19302,19302,60;62;68;69;70;72;74;75;76;77;78,49,11,10,50,0,60,1
2330,512,502,10,11,0,0.050880,19266,19266,60;62;68;69;70;72;74;75;76;77;78,49,11,10,50,0,60,1
2331,512,502,10,11,0,0.050965,19229,19229,60;62;68;69;70;72;74;75;76;77;78,49,11,10,50,0,60,1
2332,512,502,10,12,1,0.051746,19193,19193,60;62;68;69;70;72;74;75;76;77;78;79,48,12,10,50,0,60,1
2333,512,501,11,12,0,0.025201,19162,19162,60;62;68;69;70;72;74;75;76;77;78;79,48,12,11,49,0,60,1
2334,512,501,11,13,1,0.025949,19126,19126,60;62;68;69;70;72;74;75;76;77;78;79;80,47,13,11,49,0,60,1
2335,512,500,12,13,0,0.025635,19095,19095,60;62;68;69;70;72;74;75;76;77;78;79;80,47,13,12,48,0,60,1
2336,512,500,12,13,0,0.025978,19064,19064,60;62;68;69;70;72;74;75;76;77;78;79;80,47,13,12,48,0,60,1
2337,512,500,12,13,0,0.026559,19033,19033,60;62;68;69;70;72;74;75;76;77;78;79;80,47,13,12,48,0,60,1
2338,512,500,12,13,0,0.027005,19001,19001,60;62;68;69;70;72;74;75;76;77;78;79;80,47,13,12,48,0,60,1
2339,512,500,12,13,0,0.027446,18970,18970,60;62;68;69;70;72;74;75;76;77;78;79;80,47,13,12,48,0,60,1
2340,512,500,12,13,0,0.027988,18939,18939,60;62;68;69;70;72;74;75;76;77;78;79;80,47,13,12,48,0,60,1
2341,512,500,12,13,0,0.028403,18908,18908,60;62;68;69;70;72;74;75;76;77;78;79;80,47,13,12,48,0,60,1
2342,512,500,12,13,0,0.028803,18876,18876,60;62;68;69;70;72;74;75;76;77;78;79;80,47,13,12,48,0,60,1
2343,512,501,11,12,0,0.028519,19760,19760,62;68;69;70;72;74;75;76;77;78;79;80,47,12,11,48,0,59,1
2344,512,501,11,12,0,0.028947,19729,19729,62;68;69;70;72;74;75;76;77;78;79;80,47,12,11,48,0,59,1
2345,512,501,11,12,0,0.029398,19697,19697,62;68;69;70;72;74;75;76;77;78;79;80,47,12,11,48,0,59,1
2346,512,501,11,12,0,0.029764,19666,19666,62;68;69;70;72;74;75;76;77;78;79;80,47,12,11,48,0,59,1
2347,512,501,11,12,0,0.030234,19635,19635,62;68;69;70;72;74;75;76;77;78;79;80,47,12,11,48,0,59,1
2348,512,501,11,12,0,0.030586,19603,19603,62;68;69;70;72;74;75;76;77;78;79;80,47,12,11,48,0,59,1
2349,512,501,11,12,0,0.030971,19572,19572,62;68;69;70;72;74;75;76;77;78;79;80,47,12,11,48,0,59,1
2350,512,501,11,12,0,0.031379,19541,19541,62;68;69;70;72;74;75;76;77;78;79;80,47,12,11,48,0,59,1
2351,512,501,11,12,0,0.031744,19510,19510,62;68;69;70;72;74;75;76;77;78;79;80,47,12,11,48,0,59,1
2352,512,501,11,12,0,0.032144,19478,19478,62;68;69;70;72;74;75;76;77;78;79;80,47,12,11,48,0,59,1
2353,512,501,11,12,0,0.032575,19447,19447,62;68;69;70;72;74;75;76;77;78;79;80,47,12,11,48,0,59,1
2354,512,501,11,12,0,0.032748,19416,19416,62;68;69;70;72;74;75;76;77;78;79;80,47,12,11,48,0,59,1
2355,512,501,11,12,0,0.033225,19384,19384,62;68;69;70;72;74;75;76;77;78;79;80,47,12,11,48,0,59,1
2356,512,501,11,12,0,0.033595,19353,19353,62;68;69;70;72;74;75;76;77;78;79;80,47,12,11,48,0,59,1
2357,512,501,11,12,0,0.034025,19322,19322,62;68;69;70;72;74;75;76;77;78;79;80,47,12,11,48,0,59,1
2358,512,501,11,12,0,0.034489,19285,19285,62;68;69;70;72;74;75;76;77;78;79;80,47,12,11,48,0,59,1
2359,512,501,11,12,0,0.034841,19254,19254,62;68;69;70;72;74;75;76;77;78;79;80,47,12,11,48,0,59,1
2360,512,501,11,12,0,0.035161,19223,19223,62;68;69;70;72;74;75;76;77;78;79;80,47,12,11,48,0,59,1
2361,512,501,11,12,0,0.035596,19191,19191,62;68;69;70;72;74;75;76;77;78;79;80,47,12,11,48,0,59,1
2362,512,501,11,12,0,0.035934,19160,19160,62;68;69;70;72;74;75;76;77;78;79;80,47,12,11,48,0,59,1
2363,512,501,11,12,0,0.036361,19129,19129,62;68;69;70;72;74;75;76;77;78;79;80,47,12,11,48,0,59,1
2364,512,501,11,12,0,0.036640,19097,19097,62;68;69;70;72;74;75;76;77;78;79;80,47,12,11,48,0,59,1
2365,512,501,11,12,0,0.037158,19066,19066,62;68;69;70;72;74;75;76;77;78;79;80,47,12,11,48,0,59,1
2366,512,501,11,13,1,0.037797,19031,19031,62;68;69;70;72;74;75;76;77;78;79;80;81,46,13,11,48,0,59,1
2367,512,500,12,13,0,0.025945,18999,18999,62;68;69;70;72;74;75;76;77;78;79;80;81,46,13,12,47,0,59,1
2368,512,500,12,13,0,0.026389,18968,18968,62;68;69;70;72;74;75;76;77;78;79;80;81,46,13,12,47,0,59,1
2369,512,500,12,13,0,0.026868,18937,18937,62;68;69;70;72;74;75;76;77;78;79;80;81,46,13,12,47,0,59,1
2370,512,500,12,13,0,0.027380,18901,18901,62;68;69;70;72;74;75;76;77;78;79;80;81,46,13,12,47,0,59,1
2371,512,500,12,13,0,0.027799,18869,18869,62;68;69;70;72;74;75;76;77;78;79;80;81,46,13,12,47,0,59,1
2372,512,500,12,13,0,0.028104,18838,18838,62;68;69;70;72;74;75;76;77;78;79;80;81,46,13,12,47,0,59,1
2373,512,500,12,13,0,0.028782,18807,18807,62;68;69;70;72;74;75;76;77;78;79;80;81,46,13,12,47,0,59,1
2374,512,500,12,13,0,0.029210,18771,18771,62;68;69;70;72;74;75;76;77;78;79;80;81,46,13,12,47,0,59,1
2375,512,500,12,13,0,0.029520,18739,18739,62;68;69;70;72;74;75;76;77;78;79;80;81,46,13,12,47,0,59,1
2376,512,500,12,13,0,0.030132,18708,18708,62;68;69;70;72;74;75;76;77;78;79;80;81,46,13,12,47,0,59,1
2377,512,500,12,13,0,0.030456,18672,18672,62;68;69;70;72;74;75;76;77;78;79;80;81,46,13,12,47,0,59,1
2378,512,500,12,13,0,0.030722,18641,18641,62;68;69;70;72;74;75;76;77;78;79;80;81,46,13,12,47,0,59,1
2379,512,500,12,13,0,0.031171,18609,18609,62;68;69;70;72;74;75;76;77;78;79;80;81,46,13,12,47,0,59,1
2380,512,500,12,13,0,0.031661,18573,18573,62;68;69;70;72;74;75;76;77;78;79;80;81,46,13,12,47,0,59,1
2381,512,500,12,13,0,0.031981,18542,18542,62;68;69;70;72;74;75;76;77;78;79;80;81,46,13,12,47,0,59,1
2382,512,501,11,12,0,0.031807,18575,18575,62;68;69;70;72;74;75;76;77;78;80;81,46,12,11,47,0,58,1
2383,512,501,11,12,0,0.032144,18543,18543,62;68;69;70;72;74;75;76;77;78;80;81,46,12,11,47,0,58,1
2384,512,501,11,13,1,0.032569,18508,18508,62;68;69;70;72;74;75;76;77;78;80;81;82,45,13,11,47,0,58,1
2385,512,500,12,13,0,0.025669,18471,18471,62;68;69;70;72;74;75;76;77;78;80;81;82,45,13,12,46,0,58,1
2386,512,500,12,13,0,0.026077,18440,18440,62;68;69;70;72;74;75;76;77;78;80;81;82,45,13,12,46,0,58,1
2387,512,500,12,13,0,0.026641,18409,18409,62;68;69;70;72;74;75;76;77;78;80;81;82,45,13,12,46,0,58,1
2388,512,500,12,13,0,0.027150,18378,18378,62;68;69;70;72;74;75;76;77;78;80;81;82,45,13,12,46,0,58,1
2389,512,500,12,13,0,0.027591,18346,18346,62;68;69;70;72;74;75;76;77;78;80;81;82,45,13,12,46,0,58,1
2390,512,500,12,13,0,0.028102,18315,18315,62;68;69;70;72;74;75;76;77;78;80;81;82,45,13,12,46,0,58,1
2391,512,500,12,13,0,0.028577,18284,18284,62;68;69;70;72;74;75;76;77;78;80;81;82,45,13,12,46,0,58,1
2392,512,500,12,13,0,0.029036,18253,18253,62;68;69;70;72;74;75;76;77;78;80;81;82,45,13,12,46,0,58,1
2393,512,500,12,13,0,0.029454,18221,18221,62;68;69;70;72;74;75;76;77;78;80;81;82,45,13,12,46,0,58,1
2394,512,500,12,13,0,0.029883,18185,18185,62;68;69;70;72;74;75;76;77;78;80;81;82,45,13,12,46,0,58,1
2395,512,500,12,13,0,0.030373,18154,18154,62;68;69;70;72;74;75;76;77;78;80;81;82,45,13,12,46,0,58,1
2396,512,500,12,13,0,0.030713,18123,18123,62;68;69;70;72;74;75;76;77;78;80;81;82,45,13,12,46,0,58,1
2397,512,501,11,12,0,0.030552,18642,18642,62;68;69;72;74;75;76;77;78;80;81;82,45,12,11,46,0,57,1
2398,512,501,11,12,0,0.030845,18611,18611,62;68;69;72;74;75;76;77;78;80;81;82,45,12,11,46,0,57,1
2399,512,502,10,11,0,0.031412,19482,19482,68;69;72;74;75;76;77;78;80;81;82,45,11,10,46,0,56,1
2400,512,502,10,11,0,0.031895,19450,19450,68;69;72;74;75;76;77;78;80;81;82,45,11,10,46,0,56,1
2401,512,502,10,11,0,0.032153,19419,19419,68;69;72;74;75;76;77;78;80;81;82,45,11,10,46,0,56,1
2402,512,502,10,11,0,0.032573,19387,19387,68;69;72;74;75;76;77;78;80;81;82,45,11,10,46,0,56,1
2403,512,502,10,11,0,0.033000,19356,19356,68;69;72;74;75;76;77;78;80;81;82,45,11,10,46,0,56,1
2404,512,502,10,11,0,0.033257,19325,19325,68;69;72;74;75;76;77;78;80;81;82,45,11,10,46,0,56,1
2405,512,502,10,11,0,0.033647,19293,19293,68;69;72;74;75;76;77;78;80;81;82,45,11,10,46,0,56,1
2406,512,502,10,11,0,0.034005,19257,19257,68;69;72;74;75;76;77;78;80;81;82,45,11,10,46,0,56,1
2407,512,502,10,11,0,0.034531,19226,19226,68;69;72;74;75;76;77;78;80;81;82,45,11,10,46,0,56,1
2408,512,502,10,11,0,0.034904,19194,19194,68;69;72;74;75;76;77;78;80;81;82,45,11,10,46,0,56,1
2409,512,502,10,11,0,0.035251,19163,19163,68;69;72;74;75;76;77;78;80;81;82,45,11,10,46,0,56,1
2410,512,502,10,12,1,0.035493,19122,19122,68;69;72;74;75;76;77;78;80;81;82;83,44,12,10,46,0,56,1
2411,512,501,11,12,0,0.025207,19091,19091,68;69;72;74;75;76;77;78;80;81;82;83,44,12,11,45,0,56,1
2412,512,501,11,12,0,0.025844,19060,19060,68;69;72;74;75;76;77;78;80;81;82;83,44,12,11,45,0,56,1
2413,512,501,11,12,0,0.026171,19028,19028,68;69;72;74;75;76;77;78;80;81;82;83,44,12,11,45,0,56,1
2414,512,501,11,12,0,0.026580,18997,18997,68;69;72;74;75;76;77;78;80;81;82;83,44,12,11,45,0,56,1
2415,512,501,11,12,0,0.027018,18966,18966,68;69;72;74;75;76;77;78;80;81;82;83,44,12,11,45,0,56,1
2416,512,501,11,12,0,0.027560,18934,18934,68;69;72;74;75;76;77;78;80;81;82;83,44,12,11,45,0,56,1
2417,512,501,11,12,0,0.028044,18903,18903,68;69;72;74;75;76;77;78;80;81;82;83,44,12,11,45,0,56,1
2418,512,501,11,12,0,0.028460,18872,18872,68;69;72;74;75;76;77;78;80;81;82;83,44,12,11,45,0,56,1
2419,512,501,11,12,0,0.028968,18841,18841,68;69;72;74;75;76;77;78;80;81;82;83,44,12,11,45,0,56,1
2420,512,501,11,12,0,0.029262,18809,18809,68;69;72;74;75;76;77;78;80;81;82;83,44,12,11,45,0,56,1
2421,512,501,11,12,0,0.029712,18778,18778,68;69;72;74;75;76;77;78;80;81;82;83,44,12,11,45,0,56,1
2422,512,501,11,12,0,0.030056,18747,18747,68;69;72;74;75;76;77;78;80;81;82;83,44,12,11,45,0,56,1
2423,512,501,11,12,0,0.030561,18715,18715,68;69;72;74;75;76;77;78;80;81;82;83,44,12,11,45,0,56,1
2424,512,501,11,12,0,0.030881,18684,18684,68;69;72;74;75;76;77;78;80;81;82;83,44,12,11,45,0,56,1
2425,512,501,11,12,0,0.031305,18653,18653,68;69;72;74;75;76;77;78;80;81;82;83,44,12,11,45,0,56,1
2426,512,501,11,12,0,0.031670,18621,18621,68;69;72;74;75;76;77;78;80;81;82;83,44,12,11,45,0,56,1
2427,512,501,11,12,0,0.032036,18590,18590,68;69;72;74;75;76;77;78;80;81;82;83,44,12,11,45,0,56,1
2428,512,501,11,12,0,0.032435,18559,18559,68;69;72;74;75;76;77;78;80;81;82;83,44,12,11,45,0,56,1
2429,512,501,11,12,0,0.032815,18527,18527,68;69;72;74;75;76;77;78;80;81;82;83,44,12,11,45,0,56,1
2430,512,501,11,12,0,0.033095,18496,18496,68;69;72;74;75;76;77;78;80;81;82;83,44,12,11,45,0,56,1
2431,512,501,11,12,0,0.033517,18465,18465,68;69;72;74;75;76;77;78;80;81;82;83,44,12,11,45,0,56,1
2432,512,502,10,11,0,0.033949,18989,18989,68;72;74;75;76;77;78;80;81;82;83,44,11,10,45,0,55,1
2433,512,502,10,11,0,0.034379,18958,18958,68;72;74;75;76;77;78;80;81;82;83,44,11,10,45,0,55,1
2434,512,502,10,11,0,0.034872,18922,18922,68;72;74;75;76;77;78;80;81;82;83,44,11,10,45,0,55,1
2435,512,502,10,11,0,0.035210,18890,18890,68;72;74;75;76;77;78;80;81;82;83,44,11,10,45,0,55,1
2436,512,502,10,11,0,0.035454,18859,18859,68;72;74;75;76;77;78;80;81;82;83,44,11,10,45,0,55,1
2437,512,502,10,11,0,0.035976,18828,18828,68;72;74;75;76;77;78;80;81;82;83,44,11,10,45,0,55,1
2438,512,502,10,11,0,0.036288,18791,18791,68;72;74;75;76;77;78;80;81;82;83,44,11,10,45,0,55,1
2439,512,502,10,11,0,0.036715,18760,18760,68;72;74;75;76;77;78;80;81;82;83,44,11,10,45,0,55,1
2440,512,502,10,11,0,0.037025,18728,18728,68;72;74;75;76;77;78;80;81;82;83,44,11,10,45,0,55,1
2441,512,502,10,11,0,0.037543,18697,18697,68;72;74;75;76;77;78;80;81;82;83,44,11,10,45,0,55,1
2442,512,502,10,11,0,0.037973,18666,18666,68;72;74;75;76;77;78;80;81;82;83,44,11,10,45,0,55,1
2443,512,502,10,11,0,0.038199,18634,18634,68;72;74;75;76;77;78;80;81;82;83,44,11,10,45,0,55,1
2444,512,502,10,11,0,0.038585,18603,18603,68;72;74;75;76;77;78;80;81;82;83,44,11,10,45,0,55,1
2445,512,502,10,12,1,0.038807,18567,18567,68;72;74;75;76;77;78;80;81;82;83;84,43,12,10,45,0,55,1
2446,512,501,11,12,0,0.025187,18536,18536,68;72;74;75;76;77;78;80;81;82;83;84,43,12,11,44,0,55,1
2447,512,501,11,12,0,0.025553,18504,18504,68;72;74;75;76;77;78;80;81;82;83;84,43,12,11,44,0,55,1
2448,512,501,11,12,0,0.026120,18473,18473,68;72;74;75;76;77;78;80;81;82;83;84,43,12,11,44,0,55,1
2449,512,501,11,12,0,0.026614,18442,18442,68;72;74;75;76;77;78;80;81;82;83;84,43,12,11,44,0,55,1
2450,512,501,11,12,0,0.027054,18405,18405,68;72;74;75;76;77;78;80;81;82;83;84,43,12,11,44,0,55,1
2451,512,501,11,12,0,0.027509,18374,18374,68;72;74;75;76;77;78;80;81;82;83;84,43,12,11,44,0,55,1
2452,512,501,11,12,0,0.028047,18343,18343,68;72;74;75;76;77;78;80;81;82;83;84,43,12,11,44,0,55,1
2453,512,501,11,12,0,0.028508,18311,18311,68;72;74;75;76;77;78;80;81;82;83;84,43,12,11,44,0,55,1
2454,512,501,11,12,0,0.028920,18270,18270,68;72;74;75;76;77;78;80;81;82;83;84,43,12,11,44,0,55,1
2455,512,501,11,12,0,0.029399,18239,18239,68;72;74;75;76;77;78;80;81;82;83;84,43,12,11,44,0,55,1
2456,512,501,11,12,0,0.029827,18208,18208,68;72;74;75;76;77;78;80;81;82;83;84,43,12,11,44,0,55,1
2457,512,501,11,12,0,0.030148,18171,18171,68;72;74;75;76;77;78;80;81;82;83;84,43,12,11,44,0,55,1
2458,512,501,11,12,0,0.030669,18140,18140,68;72;74;75;76;77;78;80;81;82;83;84,43,12,11,44,0,55,1
2459,512,501,11,12,0,0.031053,18109,18109,68;72;74;75;76;77;78;80;81;82;83;84,43,12,11,44,0,55,1
2460,512,501,11,12,0,0.031368,18077,18077,68;72;74;75;76;77;78;80;81;82;83;84,43,12,11,44,0,55,1
2461,512,501,11,13,1,0.031895,18041,18041,68;72;74;75;76;77;78;80;81;82;83;84;85,42,13,11,44,0,55,1
2462,512,501,11,12,0,0.025187,18517,18517,68;72;74;75;76;77;78;80;81;82;83;85,42,12,11,43,0,54,1
2463,512,501,11,12,0,0.025553,18485,18485,68;72;74;75;76;77;78;80;81;82;83;85,42,12,11,43,0,54,1
2464,512,501,11,12,0,0.026120,18454,18454,68;72;74;75;76;77;78;80;81;82;83;85,42,12,11,43,0,54,1
2465,512,501,11,12,0,0.026561,18418,18418,68;72;74;75;76;77;78;80;81;82;83;85,42,12,11,43,0,54,1
2466,512,501,11,12,0,0.027054,18387,18387,68;72;74;75;76;77;78;80;81;82;83;85,42,12,11,43,0,54,1
2467,512,501,11,12,0,0.027509,18355,18355,68;72;74;75;76;77;78;80;81;82;83;85,42,12,11,43,0,54,1
2468,512,501,11,12,0,0.028047,18324,18324,68;72;74;75;76;77;78;80;81;82;83;85,42,12,11,43,0,54,1
2469,512,501,11,12,0,0.028508,18293,18293,68;72;74;75;76;77;78;80;81;82;83;85,42,12,11,43,0,54,1
2470,512,501,11,12,0,0.028880,18261,18261,68;72;74;75;76;77;78;80;81;82;83;85,42,12,11,43,0,54,1
2471,512,501,11,12,0,0.029385,18230,18230,68;72;74;75;76;77;78;80;81;82;83;85,42,12,11,43,0,54,1
2472,512,501,11,12,0,0.029827,18199,18199,68;72;74;75;76;77;78;80;81;82;83;85,42,12,11,43,0,54,1
2473,512,501,11,12,0,0.030148,18167,18167,68;72;74;75;76;77;78;80;81;82;83;85,42,12,11,43,0,54,1
2474,512,501,11,12,0,0.030669,18136,18136,68;72;74;75;76;77;78;80;81;82;83;85,42,12,11,43,0,54,1
2475,512,501,11,12,0,0.031053,18100,18100,68;72;74;75;76;77;78;80;81;82;83;85,42,12,11,43,0,54,1
2476,512,501,11,12,0,0.031368,18068,18068,68;72;74;75;76;77;78;80;81;82;83;85,42,12,11,43,0,54,1
2477,512,501,11,12,0,0.031657,18037,18037,68;72;74;75;76;77;78;80;81;82;83;85,42,12,11,43,0,54,1
2478,512,502,10,11,0,0.031834,20302,20302,68;72;74;76;77;78;80;81;82;83;85,42,11,10,43,0,53,1
2479,512,502,10,11,0,0.032230,20270,20270,68;72;74;76;77;78;80;81;82;83;85,42,11,10,43,0,53,1
2480,512,502,10,11,0,0.032474,20239,20239,68;72;74;76;77;78;80;81;82;83;85,42,11,10,43,0,53,1
2481,512,502,10,11,0,0.032903,20208,20208,68;72;74;76;77;78;80;81;82;83;85,42,11,10,43,0,53,1
2482,512,502,10,11,0,0.033291,20176,20176,68;72;74;76;77;78;80;81;82;83;85,42,11,10,43,0,53,1
2483,512,502,10,12,1,0.033609,20140,20140,68;72;74;76;77;78;80;81;82;83;85;86,41,12,10,43,0,53,1
2484,512,501,11,12,0,0.024890,20109,20109,68;72;74;76;77;78;80;81;82;83;85;86,41,12,11,42,0,53,1
2485,512,501,11,12,0,0.025527,20077,20077,68;72;74;76;77;78;80;81;82;83;85;86,41,12,11,42,0,53,1
2486,512,501,11,12,0,0.025854,20041,20041,68;72;74;76;77;78;80;81;82;83;85;86,41,12,11,42,0,53,1
2487,512,501,11,12,0,0.026263,20010,20010,68;72;74;76;77;78;80;81;82;83;85;86,41,12,11,42,0,53,1
2488,512,501,11,12,0,0.026701,19978,19978,68;72;74;76;77;78;80;81;82;83;85;86,41,12,11,42,0,53,1
2489,512,501,11,12,0,0.027242,19947,19947,68;72;74;76;77;78;80;81;82;83;85;86,41,12,11,42,0,53,1
2490,512,501,11,12,0,0.027726,19911,19911,68;72;74;76;77;78;80;81;82;83;85;86,41,12,11,42,0,53,1
2491,512,501,11,12,0,0.028143,19879,19879,68;72;74;76;77;78;80;81;82;83;85;86,41,12,11,42,0,53,1
2492,512,501,11,13,1,0.028822,19844,19844,68;72;74;76;77;78;80;81;82;83;85;86;87,40,13,11,42,0,53,1
2493,512,500,12,13,0,0.025778,19813,19813,68;72;74;76;77;78;80;81;82;83;85;86;87,40,13,12,41,0,53,1
2494,512,500,12,13,0,0.026122,19781,19781,68;72;74;76;77;78;80;81;82;83;85;86;87,40,13,12,41,0,53,1
2495,512,500,12,13,0,0.026702,19750,19750,68;72;74;76;77;78;80;81;82;83;85;86;87,40,13,12,41,0,53,1
2496,512,500,12,13,0,0.027148,19719,19719,68;72;74;76;77;78;80;81;82;83;85;86;87,40,13,12,41,0,53,1
2497,512,501,11,12,0,0.026703,19846,19846,68;72;76;77;78;80;81;82;83;85;86;87,40,12,11,41,0,52,1
2498,512,501,11,12,0,0.027245,19814,19814,68;72;76;77;78;80;81;82;83;85;86;87,40,12,11,41,0,52,1
2499,512,501,11,12,0,0.027729,19783,19783,68;72;76;77;78;80;81;82;83;85;86;87,40,12,11,41,0,52,1
2500,512,501,11,12,0,0.028060,19752,19752,68;72;76;77;78;80;81;82;83;85;86;87,40,12,11,41,0,52,1
2501,512,501,11,12,0,0.028614,19720,19720,68;72;76;77;78;80;81;82;83;85;86;87,40,12,11,41,0,52,1
2502,512,501,11,12,0,0.029042,19689,19689,68;72;76;77;78;80;81;82;83;85;86;87,40,12,11,41,0,52,1
2503,512,501,11,12,0,0.029493,19658,19658,68;72;76;77;78;80;81;82;83;85;86;87,40,12,11,41,0,52,1
2504,512,501,11,12,0,0.029859,19626,19626,68;72;76;77;78;80;81;82;83;85;86;87,40,12,11,41,0,52,1
2505,512,501,11,12,0,0.030364,19595,19595,68;72;76;77;78;80;81;82;83;85;86;87,40,12,11,41,0,52,1
2506,512,501,11,12,0,0.030681,19564,19564,68;72;76;77;78;80;81;82;83;85;86;87,40,12,11,41,0,52,1
2507,512,501,11,12,0,0.031066,19532,19532,68;72;76;77;78;80;81;82;83;85;86;87,40,12,11,41,0,52,1
2508,512,501,11,12,0,0.031474,19501,19501,68;72;76;77;78;80;81;82;83;85;86;87,40,12,11,41,0,52,1
2509,512,501,11,12,0,0.031839,19470,19470,68;72;76;77;78;80;81;82;83;85;86;87,40,12,11,41,0,52,1
2510,512,501,11,12,0,0.032239,19439,19439,68;72;76;77;78;80;81;82;83;85;86;87,40,12,11,41,0,52,1
2511,512,501,11,12,0,0.032670,19407,19407,68;72;76;77;78;80;81;82;83;85;86;87,40,12,11,41,0,52,1
2512,512,501,11,12,0,0.032843,19376,19376,68;72;76;77;78;80;81;82;83;85;86;87,40,12,11,41,0,52,1
2513,512,501,11,12,0,0.033320,19345,19345,68;72;76;77;78;80;81;82;83;85;86;87,40,12,11,41,0,52,1
2514,512,501,11,12,0,0.033690,19308,19308,68;72;76;77;78;80;81;82;83;85;86;87,40,12,11,41,0,52,1
2515,512,501,11,12,0,0.034120,19277,19277,68;72;76;77;78;80;81;82;83;85;86;87,40,12,11,41,0,52,1
2516,512,502,10,11,0,0.034737,19354,19354,68;72;77;78;80;81;82;83;85;86;87,40,11,10,41,0,51,1
2517,512,502,10,11,0,0.035060,19322,19322,68;72;77;78;80;81;82;83;85;86;87,40,11,10,41,0,51,1
2518,512,503,9,10,0,0.035617,19686,19686,72;77;78;80;81;82;83;85;86;87,40,10,9,41,0,50,1
2519,512,503,9,10,0,0.036052,19654,19654,72;77;78;80;81;82;83;85;86;87,40,10,9,41,0,50,1
2520,512,503,9,10,0,0.036390,19623,19623,72;77;78;80;81;82;83;85;86;87,40,10,9,41,0,50,1
2521,512,503,9,10,0,0.036817,19591,19591,72;77;78;80;81;82;83;85;86;87,40,10,9,41,0,50,1
2522,512,503,9,10,0,0.037127,19560,19560,72;77;78;80;81;82;83;85;86;87,40,10,9,41,0,50,1
2523,512,503,9,10,0,0.037645,19529,19529,72;77;78;80;81;82;83;85;86;87,40,10,9,41,0,50,1
2524,512,503,9,10,0,0.038053,19497,19497,72;77;78;80;81;82;83;85;86;87,40,10,9,41,0,50,1
2525,512,503,9,10,0,0.038253,19466,19466,72;77;78;80;81;82;83;85;86;87,40,10,9,41,0,50,1
2526,512,503,9,10,0,0.038663,19434,19434,72;77;78;80;81;82;83;85;86;87,40,10,9,41,0,50,1
2527,512,503,9,10,0,0.039134,19403,19403,72;77;78;80;81;82;83;85;86;87,40,10,9,41,0,50,1
2528,512,503,9,10,0,0.039319,19371,19371,72;77;78;80;81;82;83;85;86;87,40,10,9,41,0,50,1
2529,512,503,9,10,0,0.039824,19340,19340,72;77;78;80;81;82;83;85;86;87,40,10,9,41,0,50,1
2530,512,503,9,10,0,0.040165,19309,19309,72;77;78;80;81;82;83;85;86;87,40,10,9,41,0,50,1
2531,512,503,9,10,0,0.040654,19277,19277,72;77;78;80;81;82;83;85;86;87,40,10,9,41,0,50,1
2532,512,503,9,10,0,0.040893,19246,19246,72;77;78;80;81;82;83;85;86;87,40,10,9,41,0,50,1
2533,512,503,9,10,0,0.041307,19214,19214,72;77;78;80;81;82;83;85;86;87,40,10,9,41,0,50,1
2534,512,503,9,10,0,0.041599,19178,19178,72;77;78;80;81;82;83;85;86;87,40,10,9,41,0,50,1
2535,512,503,9,10,0,0.041810,19146,19146,72;77;78;80;81;82;83;85;86;87,40,10,9,41,0,50,1
2536,512,503,9,10,0,0.042347,19115,19115,72;77;78;80;81;82;83;85;86;87,40,10,9,41,0,50,1
2537,512,503,9,10,0,0.042891,19083,19083,72;77;78;80;81;82;83;85;86;87,40,10,9,41,0,50,1
2538,512,503,9,10,0,0.043178,19052,19052,72;77;78;80;81;82;83;85;86;87,40,10,9,41,0,50,1
2539,512,503,9,10,0,0.043460,19021,19021,72;77;78;80;81;82;83;85;86;87,40,10,9,41,0,50,1
2540,512,503,9,10,0,0.044149,18989,18989,72;77;78;80;81;82;83;85;86;87,40,10,9,41,0,50,1
2541,512,503,9,10,0,0.044252,18958,18958,72;77;78;80;81;82;83;85;86;87,40,10,9,41,0,50,1
2542,512,503,9,10,0,0.044512,18926,18926,72;77;78;80;81;82;83;85;86;87,40,10,9,41,0,50,1
2543,512,503,9,10,0,0.045104,18895,18895,72;77;78;80;81;82;83;85;86;87,40,10,9,41,0,50,1
2544,512,503,9,10,0,0.045324,18863,18863,72;77;78;80;81;82;83;85;86;87,40,10,9,41,0,50,1
2545,512,503,9,10,0,0.045605,18832,18832,72;77;78;80;81;82;83;85;86;87,40,10,9,41,0,50,1
2546,512,503,9,10,0,0.046126,18801,18801,72;77;78;80;81;82;83;85;86;87,40,10,9,41,0,50,1
2547,512,503,9,10,0,0.046524,18769,18769,72;77;78;80;81;82;83;85;86;87,40,10,9,41,0,50,1
2548,512,503,9,10,0,0.046908,18738,18738,72;77;78;80;81;82;83;85;86;87,40,10,9,41,0,50,1
2549,512,503,9,10,0,0.047216,18706,18706,72;77;78;80;81;82;83;85;86;87,40,10,9,41,0,50,1
2550,512,503,9,10,0,0.047604,18675,18675,72;77;78;80;81;82;83;85;86;87,40,10,9,41,0,50,1
2551,512,503,9,10,0,0.047835,18643,18643,72;77;78;80;81;82;83;85;86;87,40,10,9,41,0,50,1
2552,512,503,9,10,0,0.048276,18612,18612,72;77;78;80;81;82;83;85;86;87,40,10,9,41,0,50,1
2553,512,503,9,10,0,0.048474,18580,18580,72;77;78;80;81;82;83;85;86;87,40,10,9,41,0,50,1
2554,512,503,9,10,0,0.048996,18549,18549,72;77;78;80;81;82;83;85;86;87,40,10,9,41,0,50,1
2555,512,503,9,10,0,0.049179,18513,18513,72;77;78;80;81;82;83;85;86;87,40,10,9,41,0,50,1
2556,512,503,9,10,0,0.049901,18481,18481,72;77;78;80;81;82;83;85;86;87,40,10,9,41,0,50,1
2557,512,503,9,10,0,0.050087,18450,18450,72;77;78;80;81;82;83;85;86;87,40,10,9,41,0,50,1
2558,512,503,9,10,0,0.050515,18418,18418,72;77;78;80;81;82;83;85;86;87,40,10,9,41,0,50,1
2559,512,503,9,10,0,0.050862,18382,18382,72;77;78;80;81;82;83;85;86;87,40,10,9,41,0,50,1
2560,512,503,9,10,0,0.051236,18350,18350,72;77;78;80;81;82;83;85;86;87,40,10,9,41,0,50,1
2561,512,503,9,10,0,0.051505,18319,18319,72;77;78;80;81;82;83;85;86;87,40,10,9,41,0,50,1
2562,512,503,9,10,0,0.052055,18283,18283,72;77;78;80;81;82;83;85;86;87,40,10,9,41,0,50,1
2563,512,503,9,10,0,0.052343,18251,18251,72;77;78;80;81;82;83;85;86;87,40,10,9,41,0,50,1
2564,512,503,9,10,0,0.052924,18220,18220,72;77;78;80;81;82;83;85;86;87,40,10,9,41,0,50,1
2565,512,503,9,10,0,0.053101,18188,18188,72;77;78;80;81;82;83;85;86;87,40,10,9,41,0,50,1
2566,512,503,9,10,0,0.053407,18152,18152,72;77;78;80;81;82;83;85;86;87,40,10,9,41,0,50,1
2567,512,503,9,10,0,0.053698,18120,18120,72;77;78;80;81;82;83;85;86;87,40,10,9,41,0,50,1
2568,512,503,9,10,0,0.054398,18089,18089,72;77;78;80;81;82;83;85;86;87,40,10,9,41,0,50,1
2569,512,503,9,10,0,0.054632,18057,18057,72;77;78;80;81;82;83;85;86;87,40,10,9,41,0,50,1
2570,512,503,9,10,0,0.055117,18021,18021,72;77;78;80;81;82;83;85;86;87,40,10,9,41,0,50,1
2571,512,503,9,10,0,0.055423,17990,17990,72;77;78;80;81;82;83;85;86;87,40,10,9,41,0,50,1
2572,512,503,9,10,0,0.055722,17958,17958,72;77;78;80;81;82;83;85;86;87,40,10,9,41,0,50,1
2573,512,503,9,10,0,0.055995,17927,17927,72;77;78;80;81;82;83;85;86;87,40,10,9,41,0,50,1
2574,512,503,9,10,0,0.056461,17895,17895,72;77;78;80;81;82;83;85;86;87,40,10,9,41,0,50,1
2575,512,503,9,10,0,0.056843,17864,17864,72;77;78;80;81;82;83;85;86;87,40,10,9,41,0,50,1
2576,512,503,9,10,0,0.057519,17832,17832,72;77;78;80;81;82;83;85;86;87,40,10,9,41,0,50,1
2577,512,503,9,11,1,0.057740,17796,17796,72;77;78;80;81;82;83;85;86;87;88,39,11,9,41,0,50,1
2578,512,502,10,11,0,0.025385,17765,17765,72;77;78;80;81;82;83;85;86;87;88,39,11,10,40,0,50,1
2579,512,502,10,11,0,0.025735,17733,17733,72;77;78;80;81;82;83;85;86;87;88,39,11,10,40,0,50,1
2580,512,502,10,11,0,0.026315,17702,17702,72;77;78;80;81;82;83;85;86;87;88,39,11,10,40,0,50,1
2581,512,502,10,11,0,0.026762,17671,17671,72;77;78;80;81;82;83;85;86;87;88,39,11,10,40,0,50,1
2582,512,502,10,11,0,0.027202,17639,17639,72;77;78;80;81;82;83;85;86;87;88,39,11,10,40,0,50,1
2583,512,502,10,11,0,0.027744,17608,17608,72;77;78;80;81;82;83;85;86;87;88,39,11,10,40,0,50,1
2584,512,502,10,11,0,0.028160,17576,17576,72;77;78;80;81;82;83;85;86;87;88,39,11,10,40,0,50,1
2585,512,502,10,11,0,0.028559,17545,17545,72;77;78;80;81;82;83;85;86;87;88,39,11,10,40,0,50,1
2586,512,502,10,11,0,0.029018,17514,17514,72;77;78;80;81;82;83;85;86;87;88,39,11,10,40,0,50,1
2587,512,502,10,11,0,0.029446,17482,17482,72;77;78;80;81;82;83;85;86;87;88,39,11,10,40,0,50,1
2588,512,502,10,11,0,0.029897,17451,17451,72;77;78;80;81;82;83;85;86;87;88,39,11,10,40,0,50,1
2589,512,502,10,11,0,0.030263,17420,17420,72;77;78;80;81;82;83;85;86;87;88,39,11,10,40,0,50,1
2590,512,502,10,11,0,0.030733,17388,17388,72;77;78;80;81;82;83;85;86;87;88,39,11,10,40,0,50,1
2591,512,502,10,11,0,0.031085,17357,17357,72;77;78;80;81;82;83;85;86;87;88,39,11,10,40,0,50,1
2592,512,502,10,11,0,0.031470,17325,17325,72;77;78;80;81;82;83;85;86;87;88,39,11,10,40,0,50,1
2593,512,502,10,11,0,0.031878,17294,17294,72;77;78;80;81;82;83;85;86;87;88,39,11,10,40,0,50,1
2594,512,502,10,11,0,0.032243,17258,17258,72;77;78;80;81;82;83;85;86;87;88,39,11,10,40,0,50,1
2595,512,502,10,11,0,0.032643,17226,17226,72;77;78;80;81;82;83;85;86;87;88,39,11,10,40,0,50,1
2596,512,502,10,11,0,0.033023,17195,17195,72;77;78;80;81;82;83;85;86;87;88,39,11,10,40,0,50,1
2597,512,502,10,11,0,0.033247,17164,17164,72;77;78;80;81;82;83;85;86;87;88,39,11,10,40,0,50,1
2598,512,502,10,12,1,0.033897,17117,17117,72;77;78;80;81;82;83;85;86;87;88;89,38,12,10,40,0,50,1
2599,512,501,11,12,0,0.025532,17086,17086,72;77;78;80;81;82;83;85;86;87;88;89,38,12,11,39,0,50,1
2600,512,501,11,12,0,0.026169,17055,17055,72;77;78;80;81;82;83;85;86;87;88;89,38,12,11,39,0,50,1
2601,512,501,11,12,0,0.026496,17024,17024,72;77;78;80;81;82;83;85;86;87;88;89,38,12,11,39,0,50,1
2602,512,501,11,12,0,0.026902,16992,16992,72;77;78;80;81;82;83;85;86;87;88;89,38,12,11,39,0,50,1
2603,512,501,11,12,0,0.027342,16961,16961,72;77;78;80;81;82;83;85;86;87;88;89,38,12,11,39,0,50,1
2604,512,501,11,12,0,0.027884,16930,16930,72;77;78;80;81;82;83;85;86;87;88;89,38,12,11,39,0,50,1
2605,512,501,11,12,0,0.028368,16898,16898,72;77;78;80;81;82;83;85;86;87;88;89,38,12,11,39,0,50,1
2606,512,501,11,12,0,0.028784,16867,16867,72;77;78;80;81;82;83;85;86;87;88;89,38,12,11,39,0,50,1
2607,512,501,11,12,0,0.029293,16836,16836,72;77;78;80;81;82;83;85;86;87;88;89,38,12,11,39,0,50,1
2608,512,501,11,12,0,0.029586,16804,16804,72;77;78;80;81;82;83;85;86;87;88;89,38,12,11,39,0,50,1
2609,512,501,11,12,0,0.030037,16773,16773,72;77;78;80;81;82;83;85;86;87;88;89,38,12,11,39,0,50,1
2610,512,501,11,12,0,0.030403,16742,16742,72;77;78;80;81;82;83;85;86;87;88;89,38,12,11,39,0,50,1
2611,512,501,11,12,0,0.030908,16710,16710,72;77;78;80;81;82;83;85;86;87;88;89,38,12,11,39,0,50,1
2612,512,501,11,12,0,0.031229,16679,16679,72;77;78;80;81;82;83;85;86;87;88;89,38,12,11,39,0,50,1
2613,512,501,11,12,0,0.031653,16648,16648,72;77;78;80;81;82;83;85;86;87;88;89,38,12,11,39,0,50,1
2614,512,501,11,12,0,0.032018,16611,16611,72;77;78;80;81;82;83;85;86;87;88;89,38,12,11,39,0,50,1
2615,512,501,11,12,0,0.032383,16580,16580,72;77;78;80;81;82;83;85;86;87;88;89,38,12,11,39,0,50,1
2616,512,501,11,12,0,0.032783,16549,16549,72;77;78;80;81;82;83;85;86;87;88;89,38,12,11,39,0,50,1
2617,512,501,11,12,0,0.033163,16518,16518,72;77;78;80;81;82;83;85;86;87;88;89,38,12,11,39,0,50,1
2618,512,501,11,12,0,0.033442,16486,16486,72;77;78;80;81;82;83;85;86;87;88;89,38,12,11,39,0,50,1
2619,512,501,11,12,0,0.033864,16455,16455,72;77;78;80;81;82;83;85;86;87;88;89,38,12,11,39,0,50,1
2620,512,501,11,12,0,0.034234,16424,16424,72;77;78;80;81;82;83;85;86;87;88;89,38,12,11,39,0,50,1
2621,512,501,11,12,0,0.034664,16392,16392,72;77;78;80;81;82;83;85;86;87;88;89,38,12,11,39,0,50,1
2622,512,501,11,12,0,0.035156,16361,16361,72;77;78;80;81;82;83;85;86;87;88;89,38,12,11,39,0,50,1
2623,512,501,11,12,0,0.035495,16330,16330,72;77;78;80;81;82;83;85;86;87;88;89,38,12,11,39,0,50,1
2624,512,501,11,12,0,0.035739,16298,16298,72;77;78;80;81;82;83;85;86;87;88;89,38,12,11,39,0,50,1
2625,512,501,11,13,1,0.036288,16263,16263,72;77;78;80;81;82;83;85;86;87;88;89;90,37,13,11,39,0,50,1
2626,512,500,12,13,0,0.026479,16232,16232,72;77;78;80;81;82;83;85;86;87;88;89;90,37,13,12,38,0,50,1
2627,512,500,12,13,0,0.026745,16201,16201,72;77;78;80;81;82;83;85;86;87;88;89;90,37,13,12,38,0,50,1
2628,512,500,12,13,0,0.027310,16169,16169,72;77;78;80;81;82;83;85;86;87;88;89;90,37,13,12,38,0,50,1
2629,512,500,12,13,0,0.027767,16138,16138,72;77;78;80;81;82;83;85;86;87;88;89;90,37,13,12,38,0,50,1
2630,512,500,12,13,0,0.028208,16107,16107,72;77;78;80;81;82;83;85;86;87;88;89;90,37,13,12,38,0,50,1
2631,512,500,12,13,0,0.028718,16076,16076,72;77;78;80;81;82;83;85;86;87;88;89;90,37,13,12,38,0,50,1
2632,512,501,11,12,0,0.028090,16705,16705,72;77;78;80;81;82;83;85;86;87;89;90,37,12,11,38,0,49,1
2633,512,501,11,12,0,0.028549,16674,16674,72;77;78;80;81;82;83;85;86;87;89;90,37,12,11,38,0,49,1
2634,512,501,11,12,0,0.028967,16643,16643,72;77;78;80;81;82;83;85;86;87;89;90,37,12,11,38,0,49,1
2635,512,501,11,12,0,0.029396,16606,16606,72;77;78;80;81;82;83;85;86;87;89;90,37,12,11,38,0,49,1
2636,512,501,11,12,0,0.029886,16575,16575,72;77;78;80;81;82;83;85;86;87;89;90,37,12,11,38,0,49,1
2637,512,501,11,12,0,0.030226,16544,16544,72;77;78;80;81;82;83;85;86;87;89;90,37,12,11,38,0,49,1
2638,512,501,11,12,0,0.030749,16512,16512,72;77;78;80;81;82;83;85;86;87;89;90,37,12,11,38,0,49,1
2639,512,501,11,12,0,0.031042,16476,16476,72;77;78;80;81;82;83;85;86;87;89;90,37,12,11,38,0,49,1
2640,512,501,11,12,0,0.031460,16445,16445,72;77;78;80;81;82;83;85;86;87;89;90,37,12,11,38,0,49,1
2641,512,501,11,12,0,0.031943,16413,16413,72;77;78;80;81;82;83;85;86;87;89;90,37,12,11,38,0,49,1
2642,512,501,11,12,0,0.032201,16377,16377,72;77;78;80;81;82;83;85;86;87;89;90,37,12,11,38,0,49,1
2643,512,501,11,12,0,0.032633,16346,16346,72;77;78;80;81;82;83;85;86;87;89;90,37,12,11,38,0,49,1
2644,512,501,11,12,0,0.033048,16314,16314,72;77;78;80;81;82;83;85;86;87;89;90,37,12,11,38,0,49,1
2645,512,501,11,12,0,0.033305,16283,16283,72;77;78;80;81;82;83;85;86;87;89;90,37,12,11,38,0,49,1
2646,512,501,11,12,0,0.033695,16247,16247,72;77;78;80;81;82;83;85;86;87;89;90,37,12,11,38,0,49,1
2647,512,501,11,12,0,0.034053,16216,16216,72;77;78;80;81;82;83;85;86;87;89;90,37,12,11,38,0,49,1
2648,512,501,11,12,0,0.034579,16184,16184,72;77;78;80;81;82;83;85;86;87;89;90,37,12,11,38,0,49,1
2649,512,502,10,11,0,0.034966,17308,17308,72;78;80;81;82;83;85;86;87;89;90,37,11,10,38,0,48,1
2650,512,502,10,11,0,0.035288,17276,17276,72;78;80;81;82;83;85;86;87;89;90,37,11,10,38,0,48,1
2651,512,502,10,11,0,0.035610,17245,17245,72;78;80;81;82;83;85;86;87;89;90,37,11,10,38,0,48,1
2652,512,502,10,11,0,0.036042,17214,17214,72;78;80;81;82;83;85;86;87;89;90,37,11,10,38,0,48,1
2653,512,502,10,11,0,0.036392,17182,17182,72;78;80;81;82;83;85;86;87;89;90,37,11,10,38,0,48,1
2654,512,502,10,11,0,0.036817,17151,17151,72;78;80;81;82;83;85;86;87;89;90,37,11,10,38,0,48,1
2655,512,502,10,11,0,0.037117,17115,17115,72;78;80;81;82;83;85;86;87;89;90,37,11,10,38,0,48,1
2656,512,502,10,11,0,0.037369,17083,17083,72;78;80;81;82;83;85;86;87;89;90,37,11,10,38,0,48,1
2657,512,502,10,11,0,0.038049,17052,17052,72;78;80;81;82;83;85;86;87;89;90,37,11,10,38,0,48,1
2658,512,502,10,11,0,0.038276,17020,17020,72;78;80;81;82;83;85;86;87;89;90,37,11,10,38,0,48,1
2659,512,502,10,11,0,0.038539,16989,16989,72;78;80;81;82;83;85;86;87;89;90,37,11,10,38,0,48,1
2660,512,502,10,11,0,0.039129,16958,16958,72;78;80;81;82;83;85;86;87;89;90,37,11,10,38,0,48,1
2661,512,502,10,11,0,0.039342,16926,16926,72;78;80;81;82;83;85;86;87;89;90,37,11,10,38,0,48,1
2662,512,502,10,11,0,0.039650,16895,16895,72;78;80;81;82;83;85;86;87;89;90,37,11,10,38,0,48,1
2663,512,502,10,11,0,0.039949,16864,16864,72;78;80;81;82;83;85;86;87;89;90,37,11,10,38,0,48,1
2664,512,502,10,11,0,0.040663,16832,16832,72;78;80;81;82;83;85;86;87;89;90,37,11,10,38,0,48,1
2665,512,502,10,11,0,0.040907,16801,16801,72;78;80;81;82;83;85;86;87;89;90,37,11,10,38,0,48,1
2666,512,502,10,11,0,0.041192,16769,16769,72;78;80;81;82;83;85;86;87;89;90,37,11,10,38,0,48,1
2667,512,502,10,11,0,0.041614,16738,16738,72;78;80;81;82;83;85;86;87;89;90,37,11,10,38,0,48,1
2668,512,502,10,11,0,0.041825,16707,16707,72;78;80;81;82;83;85;86;87;89;90,37,11,10,38,0,48,1
2669,512,502,10,11,0,0.042203,16675,16675,72;78;80;81;82;83;85;86;87;89;90,37,11,10,38,0,48,1
2670,512,502,10,11,0,0.042588,16644,16644,72;78;80;81;82;83;85;86;87;89;90,37,11,10,38,0,48,1
2671,512,502,10,11,0,0.043426,16613,16613,72;78;80;81;82;83;85;86;87;89;90,37,11,10,38,0,48,1
2672,512,502,10,11,0,0.043729,16581,16581,72;78;80;81;82;83;85;86;87;89;90,37,11,10,38,0,48,1
2673,512,502,10,11,0,0.044188,16550,16550,72;78;80;81;82;83;85;86;87;89;90,37,11,10,38,0,48,1
2674,512,502,10,11,0,0.044514,16513,16513,72;78;80;81;82;83;85;86;87;89;90,37,11,10,38,0,48,1
2675,512,502,10,11,0,0.044782,16482,16482,72;78;80;81;82;83;85;86;87;89;90,37,11,10,38,0,48,1
2676,512,502,10,11,0,0.044965,16451,16451,72;78;80;81;82;83;85;86;87;89;90,37,11,10,38,0,48,1
2677,512,502,10,11,0,0.045506,16419,16419,72;78;80;81;82;83;85;86;87;89;90,37,11,10,38,0,48,1
2678,512,502,10,11,0,0.045729,16378,16378,72;78;80;81;82;83;85;86;87;89;90,37,11,10,38,0,48,1
2679,512,502,10,11,0,0.046302,16347,16347,72;78;80;81;82;83;85;86;87;89;90,37,11,10,38,0,48,1
2680,512,502,10,11,0,0.046644,16315,16315,72;78;80;81;82;83;85;86;87;89;90,37,11,10,38,0,48,1
2681,512,502,10,11,0,0.047045,16284,16284,72;78;80;81;82;83;85;86;87;89;90,37,11,10,38,0,48,1
2682,512,502,10,11,0,0.047448,16252,16252,72;78;80;81;82;83;85;86;87;89;90,37,11,10,38,0,48,1
2683,512,502,10,11,0,0.047726,16221,16221,72;78;80;81;82;83;85;86;87;89;90,37,11,10,38,0,48,1
2684,512,502,10,11,0,0.047934,16190,16190,72;78;80;81;82;83;85;86;87;89;90,37,11,10,38,0,48,1
2685,512,502,10,11,0,0.048534,16158,16158,72;78;80;81;82;83;85;86;87;89;90,37,11,10,38,0,48,1
2686,512,502,10,11,0,0.048715,16127,16127,72;78;80;81;82;83;85;86;87;89;90,37,11,10,38,0,48,1
2687,512,502,10,11,0,0.049220,16096,16096,72;78;80;81;82;83;85;86;87;89;90,37,11,10,38,0,48,1
2688,512,502,10,11,0,0.049378,16064,16064,72;78;80;81;82;83;85;86;87;89;90,37,11,10,38,0,48,1
2689,512,502,10,11,0,0.050129,16028,16028,72;78;80;81;82;83;85;86;87;89;90,37,11,10,38,0,48,1
2690,512,502,10,11,0,0.050381,15996,15996,72;78;80;81;82;83;85;86;87;89;90,37,11,10,38,0,48,1
2691,512,502,10,11,0,0.050698,15965,15965,72;78;80;81;82;83;85;86;87;89;90,37,11,10,38,0,48,1
2692,512,502,10,11,0,0.051104,15934,15934,72;78;80;81;82;83;85;86;87;89;90,37,11,10,38,0,48,1
2693,512,502,10,11,0,0.051586,15902,15902,72;78;80;81;82;83;85;86;87;89;90,37,11,10,38,0,48,1
2694,512,502,10,11,0,0.051671,15866,15866,72;78;80;81;82;83;85;86;87;89;90,37,11,10,38,0,48,1
2695,512,503,9,10,0,0.052077,17640,17640,78;80;81;82;83;85;86;87;89;90,37,10,9,38,0,47,1
2696,512,503,9,10,0,0.052427,17608,17608,78;80;81;82;83;85;86;87;89;90,37,10,9,38,0,47,1
2697,512,503,9,10,0,0.052990,17577,17577,78;80;81;82;83;85;86;87;89;90,37,10,9,38,0,47,1
2698,512,503,9,10,0,0.053243,17545,17545,78;80;81;82;83;85;86;87;89;90,37,10,9,38,0,47,1
2699,512,503,9,10,0,0.053567,17514,17514,78;80;81;82;83;85;86;87;89;90,37,10,9,38,0,47,1
2700,512,503,9,10,0,0.053936,17482,17482,78;80;81;82;83;85;86;87;89;90,37,10,9,38,0,47,1
2701,512,503,9,10,0,0.054538,17451,17451,78;80;81;82;83;85;86;87;89;90,37,10,9,38,0,47,1
2702,512,503,9,10,0,0.054764,17419,17419,78;80;81;82;83;85;86;87;89;90,37,10,9,38,0,47,1
2703,512,503,9,10,0,0.055318,17388,17388,78;80;81;82;83;85;86;87;89;90,37,10,9,38,0,47,1
2704,512,503,9,10,0,0.055536,17357,17357,78;80;81;82;83;85;86;87;89;90,37,10,9,38,0,47,1
2705,512,503,9,10,0,0.055821,17325,17325,78;80;81;82;83;85;86;87;89;90,37,10,9,38,0,47,1
2706,512,503,9,10,0,0.056186,17294,17294,78;80;81;82;83;85;86;87;89;90,37,10,9,38,0,47,1
2707,512,503,9,10,0,0.056563,17262,17262,78;80;81;82;83;85;86;87;89;90,37,10,9,38,0,47,1
2708,512,503,9,10,0,0.056951,17231,17231,78;80;81;82;83;85;86;87;89;90,37,10,9,38,0,47,1
2709,512,503,9,10,0,0.057583,17199,17199,78;80;81;82;83;85;86;87;89;90,37,10,9,38,0,47,1
2710,512,503,9,10,0,0.057846,17168,17168,78;80;81;82;83;85;86;87;89;90,37,10,9,38,0,47,1
2711,512,503,9,10,0,0.058094,17137,17137,78;80;81;82;83;85;86;87;89;90,37,10,9,38,0,47,1
2712,512,503,9,10,0,0.058486,17105,17105,78;80;81;82;83;85;86;87;89;90,37,10,9,38,0,47,1
2713,512,503,9,10,0,0.058800,17074,17074,78;80;81;82;83;85;86;87;89;90,37,10,9,38,0,47,1
2714,512,503,9,10,0,0.059110,17042,17042,78;80;81;82;83;85;86;87;89;90,37,10,9,38,0,47,1
2715,512,503,9,10,0,0.059661,17006,17006,78;80;81;82;83;85;86;87;89;90,37,10,9,38,0,47,1
2716,512,503,9,10,0,0.060235,16974,16974,78;80;81;82;83;85;86;87;89;90,37,10,9,38,0,47,1
2717,512,503,9,10,0,0.060459,16943,16943,78;80;81;82;83;85;86;87;89;90,37,10,9,38,0,47,1
2718,512,503,9,10,0,0.060761,16911,16911,78;80;81;82;83;85;86;87;89;90,37,10,9,38,0,47,1
2719,512,503,9,10,0,0.061323,16875,16875,78;80;81;82;83;85;86;87;89;90,37,10,9,38,0,47,1
2720,512,503,9,10,0,0.061524,16844,16844,78;80;81;82;83;85;86;87;89;90,37,10,9,38,0,47,1
2721,512,503,9,10,0,0.061695,16812,16812,78;80;81;82;83;85;86;87;89;90,37,10,9,38,0,47,1
2722,512,503,9,10,0,0.062303,16776,16776,78;80;81;82;83;85;86;87;89;90,37,10,9,38,0,47,1
2723,512,503,9,10,0,0.062455,16744,16744,78;80;81;82;83;85;86;87;89;90,37,10,9,38,0,47,1
2724,512,503,9,11,1,0.062730,16709,16709,78;80;81;82;83;85;86;87;89;90;91,36,11,9,38,0,47,1
2725,512,502,10,11,0,0.025488,16677,16677,78;80;81;82;83;85;86;87;89;90;91,36,11,10,37,0,47,1
2726,512,502,10,11,0,0.025972,16641,16641,78;80;81;82;83;85;86;87;89;90;91,36,11,10,37,0,47,1
2727,512,502,10,11,0,0.026446,16610,16610,78;80;81;82;83;85;86;87;89;90;91,36,11,10,37,0,47,1
2728,512,502,10,11,0,0.026904,16578,16578,78;80;81;82;83;85;86;87;89;90;91,36,11,10,37,0,47,1
2729,512,502,10,11,0,0.027397,16547,16547,78;80;81;82;83;85;86;87;89;90;91,36,11,10,37,0,47,1
2730,512,502,10,11,0,0.027852,16515,16515,78;80;81;82;83;85;86;87;89;90;91,36,11,10,37,0,47,1
2731,512,502,10,11,0,0.028390,16484,16484,78;80;81;82;83;85;86;87;89;90;91,36,11,10,37,0,47,1
2732,512,502,10,11,0,0.028829,16453,16453,78;80;81;82;83;85;86;87;89;90;91,36,11,10,37,0,47,1
2733,512,502,10,11,0,0.029223,16421,16421,78;80;81;82;83;85;86;87;89;90;91,36,11,10,37,0,47,1
2734,512,502,10,11,0,0.029728,16390,16390,78;80;81;82;83;85;86;87;89;90;91,36,11,10,37,0,47,1
2735,512,502,10,11,0,0.030170,16354,16354,78;80;81;82;83;85;86;87;89;90;91,36,11,10,37,0,47,1
2736,512,502,10,11,0,0.030490,16322,16322,78;80;81;82;83;85;86;87;89;90;91,36,11,10,37,0,47,1
2737,512,502,10,11,0,0.031012,16291,16291,78;80;81;82;83;85;86;87;89;90;91,36,11,10,37,0,47,1
2738,512,502,10,11,0,0.031355,16259,16259,78;80;81;82;83;85;86;87;89;90;91,36,11,10,37,0,47,1
2739,512,502,10,11,0,0.031711,16228,16228,78;80;81;82;83;85;86;87;89;90;91,36,11,10,37,0,47,1
2740,512,502,10,11,0,0.032000,16197,16197,78;80;81;82;83;85;86;87;89;90;91,36,11,10,37,0,47,1
2741,512,502,10,11,0,0.032519,16165,16165,78;80;81;82;83;85;86;87;89;90;91,36,11,10,37,0,47,1
2742,512,502,10,11,0,0.032914,16134,16134,78;80;81;82;83;85;86;87;89;90;91,36,11,10,37,0,47,1
2743,512,502,10,11,0,0.033159,16103,16103,78;80;81;82;83;85;86;87;89;90;91,36,11,10,37,0,47,1
2744,512,502,10,11,0,0.033443,16071,16071,78;80;81;82;83;85;86;87;89;90;91,36,11,10,37,0,47,1
2745,512,502,10,11,0,0.033975,16040,16040,78;80;81;82;83;85;86;87;89;90;91,36,11,10,37,0,47,1
2746,512,502,10,11,0,0.034181,16008,16008,78;80;81;82;83;85;86;87;89;90;91,36,11,10,37,0,47,1
2747,512,502,10,11,0,0.034554,15977,15977,78;80;81;82;83;85;86;87;89;90;91,36,11,10,37,0,47,1
2748,512,502,10,11,0,0.035266,15946,15946,78;80;81;82;83;85;86;87;89;90;91,36,11,10,37,0,47,1
2749,512,502,10,11,0,0.035474,15914,15914,78;80;81;82;83;85;86;87;89;90;91,36,11,10,37,0,47,1
2750,512,502,10,11,0,0.035788,15883,15883,78;80;81;82;83;85;86;87;89;90;91,36,11,10,37,0,47,1
2751,512,502,10,11,0,0.036096,15852,15852,78;80;81;82;83;85;86;87;89;90;91,36,11,10,37,0,47,1
2752,512,502,10,11,0,0.036589,15820,15820,78;80;81;82;83;85;86;87;89;90;91,36,11,10,37,0,47,1
2753,512,502,10,11,0,0.036870,15789,15789,78;80;81;82;83;85;86;87;89;90;91,36,11,10,37,0,47,1
2754,512,502,10,11,0,0.037262,15752,15752,78;80;81;82;83;85;86;87;89;90;91,36,11,10,37,0,47,1
2755,512,502,10,11,0,0.037685,15721,15721,78;80;81;82;83;85;86;87;89;90;91,36,11,10,37,0,47,1
2756,512,502,10,11,0,0.038180,15690,15690,78;80;81;82;83;85;86;87;89;90;91,36,11,10,37,0,47,1
2757,512,502,10,11,0,0.038420,15658,15658,78;80;81;82;83;85;86;87;89;90;91,36,11,10,37,0,47,1
2758,512,502,10,12,1,0.038754,15618,15618,78;80;81;82;83;85;86;87;89;90;91;92,35,12,10,37,0,47,1
2759,512,501,11,12,0,0.025332,15587,15587,78;80;81;82;83;85;86;87;89;90;91;92,35,12,11,36,0,47,1
2760,512,501,11,12,0,0.025816,15555,15555,78;80;81;82;83;85;86;87;89;90;91;92,35,12,11,36,0,47,1
2761,512,501,11,12,0,0.026290,15524,15524,78;80;81;82;83;85;86;87;89;90;91;92,35,12,11,36,0,47,1
2762,512,501,11,12,0,0.026815,15493,15493,78;80;81;82;83;85;86;87;89;90;91;92,35,12,11,36,0,47,1
2763,512,501,11,12,0,0.027308,15461,15461,78;80;81;82;83;85;86;87;89;90;91;92,35,12,11,36,0,47,1
2764,512,501,11,12,0,0.027763,15430,15430,78;80;81;82;83;85;86;87;89;90;91;92,35,12,11,36,0,47,1
2765,512,501,11,12,0,0.028277,15399,15399,78;80;81;82;83;85;86;87;89;90;91;92,35,12,11,36,0,47,1
2766,512,501,11,12,0,0.028740,15367,15367,78;80;81;82;83;85;86;87;89;90;91;92,35,12,11,36,0,47,1
2767,512,501,11,12,0,0.029134,15336,15336,78;80;81;82;83;85;86;87;89;90;91;92,35,12,11,36,0,47,1
2768,512,501,11,12,0,0.029639,15305,15305,78;80;81;82;83;85;86;87;89;90;91;92,35,12,11,36,0,47,1
2769,512,501,11,12,0,0.030082,15268,15268,78;80;81;82;83;85;86;87;89;90;91;92,35,12,11,36,0,47,1
2770,512,501,11,12,0,0.030402,15237,15237,78;80;81;82;83;85;86;87;89;90;91;92,35,12,11,36,0,47,1
2771,512,501,11,12,0,0.030671,15206,15206,78;80;81;82;83;85;86;87;89;90;91;92,35,12,11,36,0,47,1
2772,512,501,11,12,0,0.031266,15175,15175,78;80;81;82;83;85;86;87;89;90;91;92,35,12,11,36,0,47,1
2773,512,501,11,12,0,0.031623,15143,15143,78;80;81;82;83;85;86;87;89;90;91;92,35,12,11,36,0,47,1
2774,512,501,11,12,0,0.031911,15107,15107,78;80;81;82;83;85;86;87;89;90;91;92,35,12,11,36,0,47,1
2775,512,501,11,12,0,0.032415,15076,15076,78;80;81;82;83;85;86;87;89;90;91;92,35,12,11,36,0,47,1
2776,512,501,11,12,0,0.032780,15044,15044,78;80;81;82;83;85;86;87;89;90;91;92,35,12,11,36,0,47,1
2777,512,501,11,12,0,0.033037,15013,15013,78;80;81;82;83;85;86;87;89;90;91;92,35,12,11,36,0,47,1
2778,512,501,11,12,0,0.033339,14982,14982,78;80;81;82;83;85;86;87;89;90;91;92,35,12,11,36,0,47,1
2779,512,501,11,12,0,0.033872,14950,14950,78;80;81;82;83;85;86;87;89;90;91;92,35,12,11,36,0,47,1
2780,512,501,11,12,0,0.034078,14919,14919,78;80;81;82;83;85;86;87;89;90;91;92,35,12,11,36,0,47,1
2781,512,501,11,12,0,0.034451,14888,14888,78;80;81;82;83;85;86;87;89;90;91;92,35,12,11,36,0,47,1
2782,512,501,11,12,0,0.034915,14856,14856,78;80;81;82;83;85;86;87;89;90;91;92,35,12,11,36,0,47,1
2783,512,501,11,12,0,0.035365,14825,14825,78;80;81;82;83;85;86;87;89;90;91;92,35,12,11,36,0,47,1
2784,512,501,11,12,0,0.035693,14794,14794,78;80;81;82;83;85;86;87;89;90;91;92,35,12,11,36,0,47,1
2785,512,501,11,12,0,0.035993,14762,14762,78;80;81;82;83;85;86;87;89;90;91;92,35,12,11,36,0,47,1
2786,512,501,11,12,0,0.036486,14731,14731,78;80;81;82;83;85;86;87;89;90;91;92,35,12,11,36,0,47,1
2787,512,501,11,12,0,0.036767,14700,14700,78;80;81;82;83;85;86;87;89;90;91;92,35,12,11,36,0,47,1
2788,512,501,11,12,0,0.037090,14669,14669,78;80;81;82;83;85;86;87;89;90;91;92,35,12,11,36,0,47,1
2789,512,501,11,12,0,0.037419,14637,14637,78;80;81;82;83;85;86;87;89;90;91;92,35,12,11,36,0,47,1
2790,512,502,10,11,0,0.038025,15738,15738,78;80;81;82;85;86;87;89;90;91;92,35,11,10,36,0,46,1
2791,512,502,10,11,0,0.038406,15706,15706,78;80;81;82;85;86;87;89;90;91;92,35,11,10,36,0,46,1
2792,512,502,10,11,0,0.038690,15675,15675,78;80;81;82;85;86;87;89;90;91;92,35,11,10,36,0,46,1
2793,512,502,10,11,0,0.039061,15644,15644,78;80;81;82;85;86;87;89;90;91;92,35,11,10,36,0,46,1
2794,512,502,10,11,0,0.039478,15612,15612,78;80;81;82;85;86;87;89;90;91;92,35,11,10,36,0,46,1
2795,512,502,10,11,0,0.039726,15576,15576,78;80;81;82;85;86;87;89;90;91;92,35,11,10,36,0,46,1
2796,512,502,10,11,0,0.040148,15545,15545,78;80;81;82;85;86;87;89;90;91;92,35,11,10,36,0,46,1
2797,512,502,10,11,0,0.040568,15513,15513,78;80;81;82;85;86;87;89;90;91;92,35,11,10,36,0,46,1
2798,512,502,10,11,0,0.041046,15482,15482,78;80;81;82;85;86;87;89;90;91;92,35,11,10,36,0,46,1
2799,512,502,10,11,0,0.041423,15445,15445,78;80;81;82;85;86;87;89;90;91;92,35,11,10,36,0,46,1
2800,512,502,10,12,1,0.041979,15409,15409,78;80;81;82;85;86;87;89;90;91;92;93,34,12,10,36,0,46,1
2801,512,501,11,12,0,0.025405,15378,15378,78;80;81;82;85;86;87;89;90;91;92;93,34,12,11,35,0,46,1
2802,512,501,11,12,0,0.025889,15342,15342,78;80;81;82;85;86;87;89;90;91;92;93,34,12,11,35,0,46,1
2803,512,501,11,12,0,0.026314,15311,15311,78;80;81;82;85;86;87;89;90;91;92;93,34,12,11,35,0,46,1
2804,512,501,11,12,0,0.026793,15279,15279,78;80;81;82;85;86;87;89;90;91;92;93,34,12,11,35,0,46,1
2805,512,501,11,12,0,0.027305,15248,15248,78;80;81;82;85;86;87;89;90;91;92;93,34,12,11,35,0,46,1
2806,512,501,11,12,0,0.027728,15212,15212,78;80;81;82;85;86;87;89;90;91;92;93,34,12,11,35,0,46,1
2807,512,501,11,12,0,0.028283,15180,15180,78;80;81;82;85;86;87;89;90;91;92;93,34,12,11,35,0,46,1
2808,512,501,11,12,0,0.028746,15149,15149,78;80;81;82;85;86;87;89;90;91;92;93,34,12,11,35,0,46,1
2809,512,501,11,12,0,0.029135,15118,15118,78;80;81;82;85;86;87;89;90;91;92;93,34,12,11,35,0,46,1
2810,512,501,11,12,0,0.029445,15086,15086,78;80;81;82;85;86;87;89;90;91;92;93,34,12,11,35,0,46,1
2811,512,501,11,12,0,0.030057,15055,15055,78;80;81;82;85;86;87;89;90;91;92;93,34,12,11,35,0,46,1
2812,512,501,11,12,0,0.030408,15024,15024,78;80;81;82;85;86;87;89;90;91;92;93,34,12,11,35,0,46,1
2813,512,501,11,12,0,0.030677,14992,14992,78;80;81;82;85;86;87;89;90;91;92;93,34,12,11,35,0,46,1
2814,512,501,11,12,0,0.031272,14961,14961,78;80;81;82;85;86;87;89;90;91;92;93,34,12,11,35,0,46,1
2815,512,501,11,12,0,0.031586,14925,14925,78;80;81;82;85;86;87;89;90;91;92;93,34,12,11,35,0,46,1
2816,512,501,11,12,0,0.031906,14893,14893,78;80;81;82;85;86;87;89;90;91;92;93,34,12,11,35,0,46,1
2817,512,501,11,12,0,0.032230,14862,14862,78;80;81;82;85;86;87;89;90;91;92;93,34,12,11,35,0,46,1
2818,512,501,11,12,0,0.032786,14831,14831,78;80;81;82;85;86;87;89;90;91;92;93,34,12,11,35,0,46,1
2819,512,501,11,12,0,0.033043,14800,14800,78;80;81;82;85;86;87;89;90;91;92;93,34,12,11,35,0,46,1
2820,512,501,11,12,0,0.033356,14768,14768,78;80;81;82;85;86;87;89;90;91;92;93,34,12,11,35,0,46,1
2821,512,501,11,12,0,0.033630,14737,14737,78;80;81;82;85;86;87;89;90;91;92;93,34,12,11,35,0,46,1
2822,512,501,11,12,0,0.034070,14706,14706,78;80;81;82;85;86;87;89;90;91;92;93,34,12,11,35,0,46,1
2823,512,501,11,12,0,0.034457,14669,14669,78;80;81;82;85;86;87;89;90;91;92;93,34,12,11,35,0,46,1
2824,512,501,11,12,0,0.034920,14638,14638,78;80;81;82;85;86;87;89;90;91;92;93,34,12,11,35,0,46,1
2825,512,501,11,12,0,0.035371,14607,14607,78;80;81;82;85;86;87;89;90;91;92;93,34,12,11,35,0,46,1
2826,512,501,11,12,0,0.035592,14575,14575,78;80;81;82;85;86;87;89;90;91;92;93,34,12,11,35,0,46,1
2827,512,501,11,12,0,0.035890,14544,14544,78;80;81;82;85;86;87;89;90;91;92;93,34,12,11,35,0,46,1
2828,512,501,11,12,0,0.036377,14513,14513,78;80;81;82;85;86;87;89;90;91;92;93,34,12,11,35,0,46,1
2829,512,501,11,12,0,0.036657,14481,14481,78;80;81;82;85;86;87;89;90;91;92;93,34,12,11,35,0,46,1
2830,512,501,11,12,0,0.037096,14450,14450,78;80;81;82;85;86;87;89;90;91;92;93,34,12,11,35,0,46,1
2831,512,501,11,12,0,0.037425,14419,14419,78;80;81;82;85;86;87;89;90;91;92;93,34,12,11,35,0,46,1
2832,512,501,11,12,0,0.037883,14387,14387,78;80;81;82;85;86;87;89;90;91;92;93,34,12,11,35,0,46,1
2833,512,501,11,12,0,0.038319,14356,14356,78;80;81;82;85;86;87;89;90;91;92;93,34,12,11,35,0,46,1
2834,512,501,11,12,0,0.038580,14320,14320,78;80;81;82;85;86;87;89;90;91;92;93,34,12,11,35,0,46,1
2835,512,501,11,12,0,0.038927,14289,14289,78;80;81;82;85;86;87;89;90;91;92;93,34,12,11,35,0,46,1
2836,512,501,11,12,0,0.039395,14257,14257,78;80;81;82;85;86;87;89;90;91;92;93,34,12,11,35,0,46,1
2837,512,501,11,12,0,0.039643,14226,14226,78;80;81;82;85;86;87;89;90;91;92;93,34,12,11,35,0,46,1
2838,512,501,11,12,0,0.040126,14195,14195,78;80;81;82;85;86;87;89;90;91;92;93,34,12,11,35,0,46,1
2839,512,501,11,12,0,0.040401,14163,14163,78;80;81;82;85;86;87;89;90;91;92;93,34,12,11,35,0,46,1
2840,512,501,11,12,0,0.040963,14132,14132,78;80;81;82;85;86;87;89;90;91;92;93,34,12,11,35,0,46,1
2841,512,501,11,12,0,0.041416,14101,14101,78;80;81;82;85;86;87;89;90;91;92;93,34,12,11,35,0,46,1
2842,512,501,11,12,0,0.041593,14069,14069,78;80;81;82;85;86;87;89;90;91;92;93,34,12,11,35,0,46,1
2843,512,501,11,12,0,0.041896,14038,14038,78;80;81;82;85;86;87;89;90;91;92;93,34,12,11,35,0,46,1
2844,512,501,11,12,0,0.042389,14007,14007,78;80;81;82;85;86;87;89;90;91;92;93,34,12,11,35,0,46,1
2845,512,501,11,12,0,0.042675,13975,13975,78;80;81;82;85;86;87;89;90;91;92;93,34,12,11,35,0,46,1
2846,512,501,11,12,0,0.043195,13944,13944,78;80;81;82;85;86;87;89;90;91;92;93,34,12,11,35,0,46,1
2847,512,501,11,12,0,0.043660,13913,13913,78;80;81;82;85;86;87;89;90;91;92;93,34,12,11,35,0,46,1
2848,512,501,11,12,0,0.044033,13881,13881,78;80;81;82;85;86;87;89;90;91;92;93,34,12,11,35,0,46,1
2849,512,501,11,12,0,0.044442,13845,13845,78;80;81;82;85;86;87;89;90;91;92;93,34,12,11,35,0,46,1
2850,512,501,11,12,0,0.044600,13814,13814,78;80;81;82;85;86;87;89;90;91;92;93,34,12,11,35,0,46,1
2851,512,501,11,12,0,0.044943,13783,13783,78;80;81;82;85;86;87;89;90;91;92;93,34,12,11,35,0,46,1
2852,512,501,11,12,0,0.045378,13751,13751,78;80;81;82;85;86;87;89;90;91;92;93,34,12,11,35,0,46,1
2853,512,501,11,12,0,0.045660,13720,13720,78;80;81;82;85;86;87;89;90;91;92;93,34,12,11,35,0,46,1
2854,512,502,10,11,0,0.046544,13992,13992,78;80;81;82;85;87;89;90;91;92;93,34,11,10,35,0,45,1
2855,512,502,10,11,0,0.046898,13960,13960,78;80;81;82;85;87;89;90;91;92;93,34,11,10,35,0,45,1
2856,512,502,10,11,0,0.047097,13929,13929,78;80;81;82;85;87;89;90;91;92;93,34,11,10,35,0,45,1
2857,512,502,10,11,0,0.047687,13897,13897,78;80;81;82;85;87;89;90;91;92;93,34,11,10,35,0,45,1
2858,512,502,10,11,0,0.047967,13866,13866,78;80;81;82;85;87;89;90;91;92;93,34,11,10,35,0,45,1
2859,512,502,10,12,1,0.048433,13830,13830,78;80;81;82;85;87;89;90;91;92;93;94,33,12,10,35,0,45,1
2860,512,501,11,12,0,0.025912,13798,13798,78;80;81;82;85;87;89;90;91;92;93;94,33,12,11,34,0,45,1
2861,512,501,11,12,0,0.026262,13767,13767,78;80;81;82;85;87;89;90;91;92;93;94,33,12,11,34,0,45,1
2862,512,501,11,12,0,0.026842,13736,13736,78;80;81;82;85;87;89;90;91;92;93;94,33,12,11,34,0,45,1
2863,512,501,11,12,0,0.027288,13704,13704,78;80;81;82;85;87;89;90;91;92;93;94,33,12,11,34,0,45,1
2864,512,501,11,12,0,0.027729,13673,13673,78;80;81;82;85;87;89;90;91;92;93;94,33,12,11,34,0,45,1
2865,512,501,11,12,0,0.028271,13642,13642,78;80;81;82;85;87;89;90;91;92;93;94,33,12,11,34,0,45,1
2866,512,501,11,12,0,0.028686,13611,13611,78;80;81;82;85;87;89;90;91;92;93;94,33,12,11,34,0,45,1
2867,512,501,11,12,0,0.029086,13579,13579,78;80;81;82;85;87;89;90;91;92;93;94,33,12,11,34,0,45,1
2868,512,501,11,12,0,0.029545,13548,13548,78;80;81;82;85;87;89;90;91;92;93;94,33,12,11,34,0,45,1
2869,512,501,11,12,0,0.029973,13517,13517,78;80;81;82;85;87;89;90;91;92;93;94,33,12,11,34,0,45,1
2870,512,503,9,10,0,0.030424,16547,16547,80;81;85;87;89;90;91;92;93;94,33,10,9,34,0,43,1
2871,512,503,9,10,0,0.030791,16516,16516,80;81;85;87;89;90;91;92;93;94,33,10,9,34,0,43,1
2872,512,503,9,10,0,0.031261,16484,16484,80;81;85;87;89;90;91;92;93;94,33,10,9,34,0,43,1
2873,512,503,9,10,0,0.031612,16453,16453,80;81;85;87;89;90;91;92;93;94,33,10,9,34,0,43,1
2874,512,503,9,10,0,0.031998,16416,16416,80;81;85;87;89;90;91;92;93;94,33,10,9,34,0,43,1
2875,512,503,9,10,0,0.032406,16385,16385,80;81;85;87;89;90;91;92;93;94,33,10,9,34,0,43,1
2876,512,503,9,10,0,0.032771,16354,16354,80;81;85;87;89;90;91;92;93;94,33,10,9,34,0,43,1
2877,512,503,9,10,0,0.033170,16322,16322,80;81;85;87;89;90;91;92;93;94,33,10,9,34,0,43,1
2878,512,503,9,10,0,0.033550,16291,16291,80;81;85;87;89;90;91;92;93;94,33,10,9,34,0,43,1
2879,512,503,9,10,0,0.033775,16259,16259,80;81;85;87;89;90;91;92;93;94,33,10,9,34,0,43,1
2880,512,503,9,10,0,0.034252,16228,16228,80;81;85;87;89;90;91;92;93;94,33,10,9,34,0,43,1
2881,512,503,9,10,0,0.034622,16196,16196,80;81;85;87;89;90;91;92;93;94,33,10,9,34,0,43,1
2882,512,503,9,10,0,0.035052,16160,16160,80;81;85;87;89;90;91;92;93;94,33,10,9,34,0,43,1
2883,512,503,9,10,0,0.035544,16128,16128,80;81;85;87;89;90;91;92;93;94,33,10,9,34,0,43,1
2884,512,503,9,10,0,0.035883,16097,16097,80;81;85;87;89;90;91;92;93;94,33,10,9,34,0,43,1
2885,512,503,9,10,0,0.036126,16066,16066,80;81;85;87;89;90;91;92;93;94,33,10,9,34,0,43,1
2886,512,503,9,10,0,0.036622,16034,16034,80;81;85;87;89;90;91;92;93;94,33,10,9,34,0,43,1
2887,512,503,9,10,0,0.036961,16003,16003,80;81;85;87;89;90;91;92;93;94,33,10,9,34,0,43,1
2888,512,503,9,10,0,0.037387,15971,15971,80;81;85;87;89;90;91;92;93;94,33,10,9,34,0,43,1
2889,512,503,9,10,0,0.037697,15940,15940,80;81;85;87;89;90;91;92;93;94,33,10,9,34,0,43,1
2890,512,503,9,10,0,0.038215,15908,15908,80;81;85;87;89;90;91;92;93;94,33,10,9,34,0,43,1
2891,512,503,9,10,0,0.038645,15877,15877,80;81;85;87;89;90;91;92;93;94,33,10,9,34,0,43,1
2892,512,503,9,10,0,0.038871,15846,15846,80;81;85;87;89;90;91;92;93;94,33,10,9,34,0,43,1
2893,512,503,9,10,0,0.039239,15814,15814,80;81;85;87;89;90;91;92;93;94,33,10,9,34,0,43,1
2894,512,503,9,11,1,0.039896,15781,15781,80;81;85;87;89;90;91;92;93;94;95,32,11,9,34,0,43,1
2895,512,502,10,11,0,0.026147,15745,15745,80;81;85;87;89;90;91;92;93;94;95,32,11,10,33,0,43,1
2896,512,502,10,11,0,0.026587,15714,15714,80;81;85;87;89;90;91;92;93;94;95,32,11,10,33,0,43,1
2897,512,502,10,11,0,0.026896,15682,15682,80;81;85;87;89;90;91;92;93;94;95,32,11,10,33,0,43,1
2898,512,502,10,11,0,0.027531,15651,15651,80;81;85;87;89;90;91;92;93;94;95,32,11,10,33,0,43,1
2899,512,502,10,11,0,0.028000,15620,15620,80;81;85;87;89;90;91;92;93;94;95,32,11,10,33,0,43,1
2900,512,502,10,11,0,0.028305,15588,15588,80;81;85;87;89;90;91;92;93;94;95,32,11,10,33,0,43,1
2901,512,502,10,11,0,0.028983,15557,15557,80;81;85;87;89;90;91;92;93;94;95,32,11,10,33,0,43,1
2902,512,502,10,11,0,0.029374,15525,15525,80;81;85;87;89;90;91;92;93;94;95,32,11,10,33,0,43,1
2903,512,502,10,11,0,0.029686,15489,15489,80;81;85;87;89;90;91;92;93;94;95,32,11,10,33,0,43,1
2904,512,502,10,11,0,0.030067,15458,15458,80;81;85;87;89;90;91;92;93;94;95,32,11,10,33,0,43,1
2905,512,502,10,11,0,0.030658,15426,15426,80;81;85;87;89;90;91;92;93;94;95,32,11,10,33,0,43,1
2906,512,502,10,11,0,0.030923,15395,15395,80;81;85;87;89;90;91;92;93;94;95,32,11,10,33,0,43,1
2907,512,502,10,11,0,0.031372,15364,15364,80;81;85;87;89;90;91;92;93;94;95,32,11,10,33,0,43,1
2908,512,502,10,11,0,0.031679,15332,15332,80;81;85;87;89;90;91;92;93;94;95,32,11,10,33,0,43,1
2909,512,502,10,11,0,0.032147,15301,15301,80;81;85;87;89;90;91;92;93;94;95,32,11,10,33,0,43,1
2910,512,502,10,11,0,0.032512,15269,15269,80;81;85;87;89;90;91;92;93;94;95,32,11,10,33,0,43,1
2911,512,502,10,11,0,0.032849,15238,15238,80;81;85;87;89;90;91;92;93;94;95,32,11,10,33,0,43,1
2912,512,502,10,11,0,0.033306,15207,15207,80;81;85;87;89;90;91;92;93;94;95,32,11,10,33,0,43,1
2913,512,502,10,11,0,0.033633,15170,15170,80;81;85;87;89;90;91;92;93;94;95,32,11,10,33,0,43,1
2914,512,502,10,11,0,0.033907,15134,15134,80;81;85;87;89;90;91;92;93;94;95,32,11,10,33,0,43,1
2915,512,502,10,11,0,0.034235,15103,15103,80;81;85;87;89;90;91;92;93;94;95,32,11,10,33,0,43,1
2916,512,502,10,11,0,0.034588,15071,15071,80;81;85;87;89;90;91;92;93;94;95,32,11,10,33,0,43,1
2917,512,502,10,11,0,0.035078,15040,15040,80;81;85;87;89;90;91;92;93;94;95,32,11,10,33,0,43,1
2918,512,502,10,11,0,0.035532,15008,15008,80;81;85;87;89;90;91;92;93;94;95,32,11,10,33,0,43,1
2919,512,502,10,11,0,0.035868,14977,14977,80;81;85;87;89;90;91;92;93;94;95,32,11,10,33,0,43,1
2920,512,502,10,11,0,0.036167,14946,14946,80;81;85;87;89;90;91;92;93;94;95,32,11,10,33,0,43,1
2921,512,502,10,11,0,0.036619,14914,14914,80;81;85;87;89;90;91;92;93;94;95,32,11,10,33,0,43,1
2922,512,502,10,11,0,0.036901,14883,14883,80;81;85;87;89;90;91;92;93;94;95,32,11,10,33,0,43,1
2923,512,502,10,11,0,0.037373,14852,14852,80;81;85;87;89;90;91;92;93;94;95,32,11,10,33,0,43,1
2924,512,502,10,11,0,0.037683,14820,14820,80;81;85;87;89;90;91;92;93;94;95,32,11,10,33,0,43,1
2925,512,502,10,11,0,0.038160,14789,14789,80;81;85;87;89;90;91;92;93;94;95,32,11,10,33,0,43,1
2926,512,502,10,11,0,0.038596,14757,14757,80;81;85;87;89;90;91;92;93;94;95,32,11,10,33,0,43,1
2927,512,502,10,11,0,0.038856,14726,14726,80;81;85;87;89;90;91;92;93;94;95,32,11,10,33,0,43,1
2928,512,502,10,11,0,0.039250,14695,14695,80;81;85;87;89;90;91;92;93;94;95,32,11,10,33,0,43,1
2929,512,503,9,10,0,0.039652,15755,15755,80;81;85;87;89;90;91;92;93;95,32,10,9,33,0,42,1
2930,512,503,9,10,0,0.039956,15724,15724,80;81;85;87;89;90;91;92;93;95,32,10,9,33,0,42,1
2931,512,503,9,10,0,0.040439,15692,15692,80;81;85;87;89;90;91;92;93;95,32,10,9,33,0,42,1
2932,512,503,9,10,0,0.040714,15661,15661,80;81;85;87;89;90;91;92;93;95,32,10,9,33,0,42,1
2933,512,503,9,10,0,0.041275,15630,15630,80;81;85;87;89;90;91;92;93;95,32,10,9,33,0,42,1
2934,512,503,9,10,0,0.041705,15593,15593,80;81;85;87;89;90;91;92;93;95,32,10,9,33,0,42,1
2935,512,503,9,10,0,0.041949,15562,15562,80;81;85;87;89;90;91;92;93;95,32,10,9,33,0,42,1
2936,512,503,9,10,0,0.042194,15530,15530,80;81;85;87;89;90;91;92;93;95,32,10,9,33,0,42,1
2937,512,503,9,10,0,0.042702,15499,15499,80;81;85;87;89;90;91;92;93;95,32,10,9,33,0,42,1
2938,512,503,9,10,0,0.042988,15462,15462,80;81;85;87;89;90;91;92;93;95,32,10,9,33,0,42,1
2939,512,503,9,10,0,0.043508,15431,15431,80;81;85;87;89;90;91;92;93;95,32,10,9,33,0,42,1
2940,512,503,9,10,0,0.043973,15399,15399,80;81;85;87;89;90;91;92;93;95,32,10,9,33,0,42,1
2941,512,503,9,10,0,0.044346,15368,15368,80;81;85;87;89;90;91;92;93;95,32,10,9,33,0,42,1
2942,512,503,9,10,0,0.044736,15337,15337,80;81;85;87;89;90;91;92;93;95,32,10,9,33,0,42,1
2943,512,503,9,10,0,0.044913,15305,15305,80;81;85;87;89;90;91;92;93;95,32,10,9,33,0,42,1
2944,512,503,9,10,0,0.045256,15274,15274,80;81;85;87;89;90;91;92;93;95,32,10,9,33,0,42,1
2945,512,503,9,10,0,0.045691,15242,15242,80;81;85;87;89;90;91;92;93;95,32,10,9,33,0,42,1
2946,512,503,9,10,0,0.045972,15211,15211,80;81;85;87;89;90;91;92;93;95,32,10,9,33,0,42,1
2947,512,503,9,10,0,0.046574,15179,15179,80;81;85;87;89;90;91;92;93;95,32,10,9,33,0,42,1
2948,512,503,9,10,0,0.046926,15148,15148,80;81;85;87;89;90;91;92;93;95,32,10,9,33,0,42,1
2949,512,503,9,10,0,0.047126,15117,15117,80;81;85;87;89;90;91;92;93;95,32,10,9,33,0,42,1
2950,512,503,9,10,0,0.047716,15080,15080,80;81;85;87;89;90;91;92;93;95,32,10,9,33,0,42,1
2951,512,503,9,10,0,0.047997,15049,15049,80;81;85;87;89;90;91;92;93;95,32,10,9,33,0,42,1
2952,512,503,9,10,0,0.048190,15017,15017,80;81;85;87;89;90;91;92;93;95,32,10,9,33,0,42,1
2953,512,503,9,10,0,0.048751,14986,14986,80;81;85;87;89;90;91;92;93;95,32,10,9,33,0,42,1
2954,512,503,9,10,0,0.048987,14949,14949,80;81;85;87;89;90;91;92;93;95,32,10,9,33,0,42,1
2955,512,503,9,10,0,0.049233,14918,14918,80;81;85;87;89;90;91;92;93;95,32,10,9,33,0,42,1
2956,512,503,9,10,0,0.049620,14886,14886,80;81;85;87;89;90;91;92;93;95,32,10,9,33,0,42,1
2957,512,503,9,10,0,0.050329,14855,14855,80;81;85;87;89;90;91;92;93;95,32,10,9,33,0,42,1
2958,512,503,9,10,0,0.050563,14824,14824,80;81;85;87;89;90;91;92;93;95,32,10,9,33,0,42,1
2959,512,503,9,10,0,0.050748,14792,14792,80;81;85;87;89;90;91;92;93;95,32,10,9,33,0,42,1
2960,512,503,9,10,0,0.051366,14761,14761,80;81;85;87;89;90;91;92;93;95,32,10,9,33,0,42,1
2961,512,503,9,10,0,0.051629,14729,14729,80;81;85;87;89;90;91;92;93;95,32,10,9,33,0,42,1
2962,512,503,9,10,0,0.051873,14693,14693,80;81;85;87;89;90;91;92;93;95,32,10,9,33,0,42,1
2963,512,503,9,10,0,0.052181,14661,14661,80;81;85;87;89;90;91;92;93;95,32,10,9,33,0,42,1
2964,512,503,9,10,0,0.052798,14630,14630,80;81;85;87;89;90;91;92;93;95,32,10,9,33,0,42,1
2965,512,503,9,10,0,0.053065,14599,14599,80;81;85;87;89;90;91;92;93;95,32,10,9,33,0,42,1
2966,512,503,9,10,0,0.053500,14567,14567,80;81;85;87;89;90;91;92;93;95,32,10,9,33,0,42,1
2967,512,503,9,10,0,0.053802,14536,14536,80;81;85;87;89;90;91;92;93;95,32,10,9,33,0,42,1
2968,512,503,9,10,0,0.054147,14504,14504,80;81;85;87;89;90;91;92;93;95,32,10,9,33,0,42,1
2969,512,503,9,10,0,0.054488,14473,14473,80;81;85;87;89;90;91;92;93;95,32,10,9,33,0,42,1
2970,512,503,9,10,0,0.055036,14441,14441,80;81;85;87;89;90;91;92;93;95,32,10,9,33,0,42,1
2971,512,503,9,10,0,0.055247,14410,14410,80;81;85;87;89;90;91;92;93;95,32,10,9,33,0,42,1
2972,512,503,9,10,0,0.055744,14378,14378,80;81;85;87;89;90;91;92;93;95,32,10,9,33,0,42,1
2973,512,503,9,10,0,0.056011,14347,14347,80;81;85;87;89;90;91;92;93;95,32,10,9,33,0,42,1
2974,512,503,9,10,0,0.056318,14316,14316,80;81;85;87;89;90;91;92;93;95,32,10,9,33,0,42,1
2975,512,503,9,10,0,0.056640,14279,14279,80;81;85;87;89;90;91;92;93;95,32,10,9,33,0,42,1
2976,512,503,9,10,0,0.057168,14248,14248,80;81;85;87;89;90;91;92;93;95,32,10,9,33,0,42,1
2977,512,503,9,10,0,0.057400,14216,14216,80;81;85;87;89;90;91;92;93;95,32,10,9,33,0,42,1
2978,512,503,9,10,0,0.058112,14185,14185,80;81;85;87;89;90;91;92;93;95,32,10,9,33,0,42,1
2979,512,503,9,10,0,0.058336,14153,14153,80;81;85;87;89;90;91;92;93;95,32,10,9,33,0,42,1
2980,512,503,9,10,0,0.058742,14122,14122,80;81;85;87;89;90;91;92;93;95,32,10,9,33,0,42,1
2981,512,503,9,10,0,0.058931,14091,14091,80;81;85;87;89;90;91;92;93;95,32,10,9,33,0,42,1
2982,512,503,9,10,0,0.059288,14059,14059,80;81;85;87;89;90;91;92;93;95,32,10,9,33,0,42,1
2983,512,503,9,10,0,0.059654,14023,14023,80;81;85;87;89;90;91;92;93;95,32,10,9,33,0,42,1
2984,512,503,9,10,0,0.060123,13991,13991,80;81;85;87;89;90;91;92;93;95,32,10,9,33,0,42,1
2985,512,503,9,10,0,0.060710,13960,13960,80;81;85;87;89;90;91;92;93;95,32,10,9,33,0,42,1
2986,512,503,9,10,0,0.061137,13928,13928,80;81;85;87;89;90;91;92;93;95,32,10,9,33,0,42,1
2987,512,503,9,10,0,0.061353,13897,13897,80;81;85;87;89;90;91;92;93;95,32,10,9,33,0,42,1
2988,512,503,9,10,0,0.061803,13865,13865,80;81;85;87;89;90;91;92;93;95,32,10,9,33,0,42,1
2989,512,503,9,10,0,0.062043,13834,13834,80;81;85;87;89;90;91;92;93;95,32,10,9,33,0,42,1
2990,512,503,9,10,0,0.062309,13803,13803,80;81;85;87;89;90;91;92;93;95,32,10,9,33,0,42,1
2991,512,503,9,10,0,0.062755,13771,13771,80;81;85;87;89;90;91;92;93;95,32,10,9,33,0,42,1
2992,512,503,9,10,0,0.063103,13740,13740,80;81;85;87;89;90;91;92;93;95,32,10,9,33,0,42,1
2993,512,503,9,10,0,0.063547,13708,13708,80;81;85;87;89;90;91;92;93;95,32,10,9,33,0,42,1
2994,512,503,9,10,0,0.064116,13672,13672,80;81;85;87;89;90;91;92;93;95,32,10,9,33,0,42,1
2995,512,504,8,9,0,0.064446,14675,14675,81;85;87;89;90;91;92;93;95,32,9,8,33,0,41,1
2996,512,504,8,9,0,0.064966,14644,14644,81;85;87;89;90;91;92;93;95,32,9,8,33,0,41,1
2997,512,504,8,9,0,0.065105,14612,14612,81;85;87;89;90;91;92;93;95,32,9,8,33,0,41,1
2998,512,504,8,9,0,0.065448,14581,14581,81;85;87;89;90;91;92;93;95,32,9,8,33,0,41,1
2999,512,504,8,9,0,0.065764,14549,14549,81;85;87;89;90;91;92;93;95,32,9,8,33,0,41,1
3000,512,504,8,9,0,0.066067,14518,14518,81;85;87;89;90;91;92;93;95,32,9,8,33,0,41,1
3001,512,504,8,9,0,0.066514,14486,14486,81;85;87;89;90;91;92;93;95,32,9,8,33,0,41,1
3002,512,504,8,9,0,0.067239,14455,14455,81;85;87;89;90;91;92;93;95,32,9,8,33,0,41,1
3003,512,504,8,9,0,0.067439,14423,14423,81;85;87;89;90;91;92;93;95,32,9,8,33,0,41,1
3004,512,504,8,9,0,0.067913,14392,14392,81;85;87;89;90;91;92;93;95,32,9,8,33,0,41,1
3005,512,504,8,9,0,0.068140,14360,14360,81;85;87;89;90;91;92;93;95,32,9,8,33,0,41,1
3006,512,504,8,9,0,0.068389,14329,14329,81;85;87;89;90;91;92;93;95,32,9,8,33,0,41,1
3007,512,504,8,9,0,0.068740,14297,14297,81;85;87;89;90;91;92;93;95,32,9,8,33,0,41,1
3008,512,504,8,9,0,0.069134,14266,14266,81;85;87;89;90;91;92;93;95,32,9,8,33,0,41,1
3009,512,504,8,9,0,0.069592,14229,14229,81;85;87;89;90;91;92;93;95,32,9,8,33,0,41,1
3010,512,504,8,9,0,0.069849,14198,14198,81;85;87;89;90;91;92;93;95,32,9,8,33,0,41,1
3011,512,504,8,9,0,0.070370,14166,14166,81;85;87;89;90;91;92;93;95,32,9,8,33,0,41,1
3012,512,504,8,9,0,0.070892,14135,14135,81;85;87;89;90;91;92;93;95,32,9,8,33,0,41,1
3013,512,504,8,9,0,0.071146,14103,14103,81;85;87;89;90;91;92;93;95,32,9,8,33,0,41,1
3014,512,504,8,9,0,0.071494,14067,14067,81;85;87;89;90;91;92;93;95,32,9,8,33,0,41,1
3015,512,504,8,9,0,0.071843,14035,14035,81;85;87;89;90;91;92;93;95,32,9,8,33,0,41,1
3016,512,505,7,8,0,0.071424,14626,14626,85;87;89;90;91;92;93;95,32,8,7,33,0,40,1
3017,512,505,7,8,0,0.071759,14594,14594,85;87;89;90;91;92;93;95,32,8,7,33,0,40,1
3018,512,505,7,8,0,0.072806,14558,14558,85;87;89;90;91;92;93;95,32,8,7,33,0,40,1
3019,512,505,7,8,0,0.072925,14526,14526,85;87;89;90;91;92;93;95,32,8,7,33,0,40,1
3020,512,505,7,8,0,0.073116,14495,14495,85;87;89;90;91;92;93;95,32,8,7,33,0,40,1
3021,512,505,7,8,0,0.073609,14463,14463,85;87;89;90;91;92;93;95,32,8,7,33,0,40,1
3022,512,505,7,8,0,0.073781,14431,14431,85;87;89;90;91;92;93;95,32,8,7,33,0,40,1
3023,512,505,7,8,0,0.074094,14400,14400,85;87;89;90;91;92;93;95,32,8,7,33,0,40,1
3024,512,505,7,8,0,0.074369,14368,14368,85;87;89;90;91;92;93;95,32,8,7,33,0,40,1
3025,512,505,7,8,0,0.075106,14337,14337,85;87;89;90;91;92;93;95,32,8,7,33,0,40,1
3026,512,505,7,8,0,0.075282,14305,14305,85;87;89;90;91;92;93;95,32,8,7,33,0,40,1
3027,512,505,7,8,0,0.075876,14274,14274,85;87;89;90;91;92;93;95,32,8,7,33,0,40,1
3028,512,505,7,8,0,0.076154,14242,14242,85;87;89;90;91;92;93;95,32,8,7,33,0,40,1
3029,512,505,7,8,0,0.076519,14210,14210,85;87;89;90;91;92;93;95,32,8,7,33,0,40,1
3030,512,505,7,8,0,0.076757,14174,14174,85;87;89;90;91;92;93;95,32,8,7,33,0,40,1
3031,512,505,7,8,0,0.077267,14142,14142,85;87;89;90;91;92;93;95,32,8,7,33,0,40,1
3032,512,505,7,8,0,0.077423,14111,14111,85;87;89;90;91;92;93;95,32,8,7,33,0,40,1
3033,512,505,7,8,0,0.077866,14079,14079,85;87;89;90;91;92;93;95,32,8,7,33,0,40,1
3034,512,505,7,8,0,0.078248,14043,14043,85;87;89;90;91;92;93;95,32,8,7,33,0,40,1
3035,512,505,7,8,0,0.078921,14011,14011,85;87;89;90;91;92;93;95,32,8,7,33,0,40,1
3036,512,505,7,8,0,0.078951,13980,13980,85;87;89;90;91;92;93;95,32,8,7,33,0,40,1
3037,512,505,7,8,0,0.079864,13948,13948,85;87;89;90;91;92;93;95,32,8,7,33,0,40,1
3038,512,505,7,8,0,0.079813,13916,13916,85;87;89;90;91;92;93;95,32,8,7,33,0,40,1
3039,512,505,7,8,0,0.080228,13885,13885,85;87;89;90;91;92;93;95,32,8,7,33,0,40,1
3040,512,505,7,8,0,0.080470,13853,13853,85;87;89;90;91;92;93;95,32,8,7,33,0,40,1
3041,512,506,6,7,0,0.080312,16522,16522,85;89;90;91;92;93;95,32,7,6,33,0,39,1
3042,512,506,6,7,0,0.080720,16485,16485,85;89;90;91;92;93;95,32,7,6,33,0,39,1
3043,512,506,6,7,0,0.081450,16453,16453,85;89;90;91;92;93;95,32,7,6,33,0,39,1
3044,512,506,6,7,0,0.081505,16422,16422,85;89;90;91;92;93;95,32,7,6,33,0,39,1
3045,512,506,6,7,0,0.082357,16390,16390,85;89;90;91;92;93;95,32,7,6,33,0,39,1
3046,512,506,6,7,0,0.082423,16359,16359,85;89;90;91;92;93;95,32,7,6,33,0,39,1
3047,512,506,6,7,0,0.082706,16327,16327,85;89;90;91;92;93;95,32,7,6,33,0,39,1
3048,512,506,6,7,0,0.082992,16295,16295,85;89;90;91;92;93;95,32,7,6,33,0,39,1
3049,512,506,6,7,0,0.083370,16264,16264,85;89;90;91;92;93;95,32,7,6,33,0,39,1
3050,512,506,6,7,0,0.083714,16232,16232,85;89;90;91;92;93;95,32,7,6,33,0,39,1
3051,512,506,6,7,0,0.084672,16200,16200,85;89;90;91;92;93;95,32,7,6,33,0,39,1
3052,512,506,6,7,0,0.084746,16169,16169,85;89;90;91;92;93;95,32,7,6,33,0,39,1
3053,512,506,6,7,0,0.085531,16137,16137,85;89;90;91;92;93;95,32,7,6,33,0,39,1
3054,512,506,6,7,0,0.085387,16106,16106,85;89;90;91;92;93;95,32,7,6,33,0,39,1
3055,512,506,6,7,0,0.085775,16074,16074,85;89;90;91;92;93;95,32,7,6,33,0,39,1
3056,512,506,6,7,0,0.086029,16042,16042,85;89;90;91;92;93;95,32,7,6,33,0,39,1
3057,512,506,6,8,1,0.086825,16006,16006,85;89;90;91;92;93;95;96,31,8,6,33,0,39,1
3058,512,505,7,8,0,0.025853,15974,15974,85;89;90;91;92;93;95;96,31,8,7,32,0,39,1
3059,512,505,7,8,0,0.026260,15943,15943,85;89;90;91;92;93;95;96,31,8,7,32,0,39,1
3060,512,505,7,8,0,0.026825,15911,15911,85;89;90;91;92;93;95;96,31,8,7,32,0,39,1
3061,512,505,7,8,0,0.027282,15880,15880,85;89;90;91;92;93;95;96,31,8,7,32,0,39,1
3062,512,505,7,8,0,0.027723,15848,15848,85;89;90;91;92;93;95;96,31,8,7,32,0,39,1
3063,512,505,7,8,0,0.028233,15812,15812,85;89;90;91;92;93;95;96,31,8,7,32,0,39,1
3064,512,505,7,8,0,0.028768,15780,15780,85;89;90;91;92;93;95;96,31,8,7,32,0,39,1
3065,512,505,7,8,0,0.029168,15748,15748,85;89;90;91;92;93;95;96,31,8,7,32,0,39,1
3066,512,505,7,8,0,0.029627,15717,15717,85;89;90;91;92;93;95;96,31,8,7,32,0,39,1
3067,512,505,7,8,0,0.030015,15685,15685,85;89;90;91;92;93;95;96,31,8,7,32,0,39,1
3068,512,505,7,8,0,0.030504,15654,15654,85;89;90;91;92;93;95;96,31,8,7,32,0,39,1
3069,512,505,7,8,0,0.030845,15622,15622,85;89;90;91;92;93;95;96,31,8,7,32,0,39,1
3070,512,505,7,8,0,0.031342,15591,15591,85;89;90;91;92;93;95;96,31,8,7,32,0,39,1
3071,512,505,7,8,0,0.031693,15559,15559,85;89;90;91;92;93;95;96,31,8,7,32,0,39,1
3072,512,505,7,8,0,0.032079,15527,15527,85;89;90;91;92;93;95;96,31,8,7,32,0,39,1
3073,512,505,7,8,0,0.032486,15496,15496,85;89;90;91;92;93;95;96,31,8,7,32,0,39,1
3074,512,505,7,8,0,0.032852,15464,15464,85;89;90;91;92;93;95;96,31,8,7,32,0,39,1
3075,512,505,7,8,0,0.033251,15433,15433,85;89;90;91;92;93;95;96,31,8,7,32,0,39,1
3076,512,505,7,8,0,0.033682,15401,15401,85;89;90;91;92;93;95;96,31,8,7,32,0,39,1
3077,512,505,7,8,0,0.033856,15370,15370,85;89;90;91;92;93;95;96,31,8,7,32,0,39,1
3078,512,505,7,8,0,0.034332,15338,15338,85;89;90;91;92;93;95;96,31,8,7,32,0,39,1
3079,512,506,6,7,0,0.034698,16018,16018,89;90;91;92;93;95;96,31,7,6,32,0,38,1
3080,512,506,6,7,0,0.035128,15987,15987,89;90;91;92;93;95;96,31,7,6,32,0,38,1
3081,512,506,6,7,0,0.035620,15955,15955,89;90;91;92;93;95;96,31,7,6,32,0,38,1
3082,512,506,6,7,0,0.035959,15924,15924,89;90;91;92;93;95;96,31,7,6,32,0,38,1
3083,512,506,6,7,0,0.036202,15892,15892,89;90;91;92;93;95;96,31,7,6,32,0,38,1
3084,512,506,6,7,0,0.036725,15860,15860,89;90;91;92;93;95;96,31,7,6,32,0,38,1
3085,512,506,6,7,0,0.037053,15829,15829,89;90;91;92;93;95;96,31,7,6,32,0,38,1
3086,512,506,6,7,0,0.037463,15797,15797,89;90;91;92;93;95;96,31,7,6,32,0,38,1
3087,512,506,6,7,0,0.037773,15765,15765,89;90;91;92;93;95;96,31,7,6,32,0,38,1
3088,512,506,6,7,0,0.038291,15734,15734,89;90;91;92;93;95;96,31,7,6,32,0,38,1
3089,512,506,6,7,0,0.038721,15697,15697,89;90;91;92;93;95;96,31,7,6,32,0,38,1
3090,512,506,6,7,0,0.038947,15666,15666,89;90;91;92;93;95;96,31,7,6,32,0,38,1
3091,512,506,6,7,0,0.039333,15634,15634,89;90;91;92;93;95;96,31,7,6,32,0,38,1
3092,512,506,6,7,0,0.039798,15602,15602,89;90;91;92;93;95;96,31,7,6,32,0,38,1
3093,512,506,6,7,0,0.040004,15571,15571,89;90;91;92;93;95;96,31,7,6,32,0,38,1
3094,512,506,6,7,0,0.040496,15539,15539,89;90;91;92;93;95;96,31,7,6,32,0,38,1
3095,512,506,6,7,0,0.040849,15507,15507,89;90;91;92;93;95;96,31,7,6,32,0,38,1
3096,512,506,6,7,0,0.041327,15476,15476,89;90;91;92;93;95;96,31,7,6,32,0,38,1
3097,512,506,6,7,0,0.041755,15444,15444,89;90;91;92;93;95;96,31,7,6,32,0,38,1
3098,512,506,6,7,0,0.041999,15408,15408,89;90;91;92;93;95;96,31,7,6,32,0,38,1
3099,512,506,6,7,0,0.042245,15376,15376,89;90;91;92;93;95;96,31,7,6,32,0,38,1
3100,512,506,6,7,0,0.042742,15344,15344,89;90;91;92;93;95;96,31,7,6,32,0,38,1
3101,512,506,6,7,0,0.043032,15313,15313,89;90;91;92;93;95;96,31,7,6,32,0,38,1
3102,512,506,6,7,0,0.043541,15281,15281,89;90;91;92;93;95;96,31,7,6,32,0,38,1
3103,512,506,6,7,0,0.044015,15249,15249,89;90;91;92;93;95;96,31,7,6,32,0,38,1
3104,512,506,6,7,0,0.044391,15218,15218,89;90;91;92;93;95;96,31,7,6,32,0,38,1
3105,512,506,6,7,0,0.044805,15186,15186,89;90;91;92;93;95;96,31,7,6,32,0,38,1
3106,512,506,6,7,0,0.044983,15155,15155,89;90;91;92;93;95;96,31,7,6,32,0,38,1
3107,512,506,6,7,0,0.045306,15123,15123,89;90;91;92;93;95;96,31,7,6,32,0,38,1
3108,512,506,6,7,0,0.045774,15091,15091,89;90;91;92;93;95;96,31,7,6,32,0,38,1
3109,512,506,6,8,1,0.046588,15056,15056,89;90;91;92;93;95;96;97,30,8,6,32,0,38,1
3110,512,505,7,8,0,0.026643,15019,15019,89;90;91;92;93;95;96;97,30,8,7,31,0,38,1
3111,512,505,7,8,0,0.027086,14987,14987,89;90;91;92;93;95;96;97,30,8,7,31,0,38,1
3112,512,505,7,8,0,0.027565,14956,14956,89;90;91;92;93;95;96;97,30,8,7,31,0,38,1
3113,512,505,7,8,0,0.028077,14924,14924,89;90;91;92;93;95;96;97,30,8,7,31,0,38,1
3114,512,505,7,8,0,0.028500,14888,14888,89;90;91;92;93;95;96;97,30,8,7,31,0,38,1
3115,512,505,7,8,0,0.029055,14856,14856,89;90;91;92;93;95;96;97,30,8,7,31,0,38,1
3116,512,505,7,8,0,0.029518,14825,14825,89;90;91;92;93;95;96;97,30,8,7,31,0,38,1
3117,512,506,6,7,0,0.029775,15678,15678,90;91;92;93;95;96;97,30,7,6,31,0,37,1
3118,512,506,6,7,0,0.030085,15646,15646,90;91;92;93;95;96;97,30,7,6,31,0,37,1
3119,512,506,6,7,0,0.030697,15615,15615,90;91;92;93;95;96;97,30,7,6,31,0,37,1
3120,512,506,6,7,0,0.031048,15583,15583,90;91;92;93;95;96;97,30,7,6,31,0,37,1
3121,512,506,6,7,0,0.031317,15551,15551,90;91;92;93;95;96;97,30,7,6,31,0,37,1
3122,512,506,6,7,0,0.031912,15520,15520,90;91;92;93;95;96;97,30,7,6,31,0,37,1
3123,512,506,6,7,0,0.032269,15488,15488,90;91;92;93;95;96;97,30,7,6,31,0,37,1
3124,512,506,6,7,0,0.032557,15457,15457,90;91;92;93;95;96;97,30,7,6,31,0,37,1
3125,512,506,6,7,0,0.033061,15425,15425,90;91;92;93;95;96;97,30,7,6,31,0,37,1
3126,512,506,6,7,0,0.033457,15393,15393,90;91;92;93;95;96;97,30,7,6,31,0,37,1
3127,512,506,6,7,0,0.033702,15362,15362,90;91;92;93;95;96;97,30,7,6,31,0,37,1
3128,512,506,6,7,0,0.033985,15330,15330,90;91;92;93;95;96;97,30,7,6,31,0,37,1
3129,512,506,6,7,0,0.034518,15298,15298,90;91;92;93;95;96;97,30,7,6,31,0,37,1
3130,512,506,6,7,0,0.034724,15267,15267,90;91;92;93;95;96;97,30,7,6,31,0,37,1
3131,512,506,6,7,0,0.035097,15235,15235,90;91;92;93;95;96;97,30,7,6,31,0,37,1
3132,512,506,6,7,0,0.035809,15204,15204,90;91;92;93;95;96;97,30,7,6,31,0,37,1
3133,512,506,6,7,0,0.036017,15167,15167,90;91;92;93;95;96;97,30,7,6,31,0,37,1
3134,512,506,6,7,0,0.036330,15135,15135,90;91;92;93;95;96;97,30,7,6,31,0,37,1
3135,512,506,6,7,0,0.036904,15104,15104,90;91;92;93;95;96;97,30,7,6,31,0,37,1
3136,512,506,6,7,0,0.037147,15072,15072,90;91;92;93;95;96;97,30,7,6,31,0,37,1
3137,512,506,6,7,0,0.037408,15040,15040,90;91;92;93;95;96;97,30,7,6,31,0,37,1
3138,512,506,6,7,0,0.037982,15009,15009,90;91;92;93;95;96;97,30,7,6,31,0,37,1
3139,512,506,6,7,0,0.038227,14977,14977,90;91;92;93;95;96;97,30,7,6,31,0,37,1
3140,512,506,6,7,0,0.038723,14946,14946,90;91;92;93;95;96;97,30,7,6,31,0,37,1
3141,512,506,6,7,0,0.038991,14914,14914,90;91;92;93;95;96;97,30,7,6,31,0,37,1
3142,512,506,6,7,0,0.039395,14882,14882,90;91;92;93;95;96;97,30,7,6,31,0,37,1
3143,512,506,6,7,0,0.039736,14846,14846,90;91;92;93;95;96;97,30,7,6,31,0,37,1
3144,512,506,6,7,0,0.040067,14814,14814,90;91;92;93;95;96;97,30,7,6,31,0,37,1
3145,512,506,6,7,0,0.040507,14782,14782,90;91;92;93;95;96;97,30,7,6,31,0,37,1
3146,512,506,6,7,0,0.040841,14751,14751,90;91;92;93;95;96;97,30,7,6,31,0,37,1
3147,512,506,6,7,0,0.041261,14719,14719,90;91;92;93;95;96;97,30,7,6,31,0,37,1
3148,512,506,6,7,0,0.041780,14688,14688,90;91;92;93;95;96;97,30,7,6,31,0,37,1
3149,512,506,6,7,0,0.042030,14656,14656,90;91;92;93;95;96;97,30,7,6,31,0,37,1
3150,512,506,6,7,0,0.042273,14624,14624,90;91;92;93;95;96;97,30,7,6,31,0,37,1
3151,512,506,6,7,0,0.042555,14593,14593,90;91;92;93;95;96;97,30,7,6,31,0,37,1
3152,512,506,6,7,0,0.043017,14561,14561,90;91;92;93;95;96;97,30,7,6,31,0,37,1
3153,512,506,6,7,0,0.043345,14529,14529,90;91;92;93;95;96;97,30,7,6,31,0,37,1
3154,512,506,6,7,0,0.043882,14498,14498,90;91;92;93;95;96;97,30,7,6,31,0,37,1
3155,512,506,6,7,0,0.044263,14466,14466,90;91;92;93;95;96;97,30,7,6,31,0,37,1
3156,512,506,6,7,0,0.044710,14435,14435,90;91;92;93;95;96;97,30,7,6,31,0,37,1
3157,512,506,6,7,0,0.045119,14403,14403,90;91;92;93;95;96;97,30,7,6,31,0,37,1
3158,512,506,6,7,0,0.045312,14371,14371,90;91;92;93;95;96;97,30,7,6,31,0,37,1
3159,512,506,6,7,0,0.045605,14340,14340,90;91;92;93;95;96;97,30,7,6,31,0,37,1
3160,512,506,6,7,0,0.046084,14308,14308,90;91;92;93;95;96;97,30,7,6,31,0,37,1
3161,512,506,6,7,0,0.046324,14276,14276,90;91;92;93;95;96;97,30,7,6,31,0,37,1
3162,512,506,6,7,0,0.046939,14245,14245,90;91;92;93;95;96;97,30,7,6,31,0,37,1
3163,512,506,6,7,0,0.047289,14213,14213,90;91;92;93;95;96;97,30,7,6,31,0,37,1
3164,512,506,6,7,0,0.047635,14182,14182,90;91;92;93;95;96;97,30,7,6,31,0,37,1
3165,512,506,6,7,0,0.048095,14150,14150,90;91;92;93;95;96;97,30,7,6,31,0,37,1
3166,512,506,6,7,0,0.048374,14118,14118,90;91;92;93;95;96;97,30,7,6,31,0,37,1
3167,512,506,6,7,0,0.048582,14087,14087,90;91;92;93;95;96;97,30,7,6,31,0,37,1
3168,512,506,6,7,0,0.049182,14055,14055,90;91;92;93;95;96;97,30,7,6,31,0,37,1
3169,512,506,6,7,0,0.049362,14023,14023,90;91;92;93;95;96;97,30,7,6,31,0,37,1
3170,512,506,6,7,0,0.049868,13992,13992,90;91;92;93;95;96;97,30,7,6,31,0,37,1
3171,512,506,6,7,0,0.050025,13960,13960,90;91;92;93;95;96;97,30,7,6,31,0,37,1
3172,512,506,6,7,0,0.050777,13929,13929,90;91;92;93;95;96;97,30,7,6,31,0,37,1
3173,512,506,6,7,0,0.051029,13897,13897,90;91;92;93;95;96;97,30,7,6,31,0,37,1
3174,512,506,6,7,0,0.051346,13865,13865,90;91;92;93;95;96;97,30,7,6,31,0,37,1
3175,512,506,6,7,0,0.051752,13834,13834,90;91;92;93;95;96;97,30,7,6,31,0,37,1
3176,512,506,6,7,0,0.052233,13797,13797,90;91;92;93;95;96;97,30,7,6,31,0,37,1
3177,512,506,6,7,0,0.052318,13765,13765,90;91;92;93;95;96;97,30,7,6,31,0,37,1
3178,512,506,6,7,0,0.052967,13729,13729,90;91;92;93;95;96;97,30,7,6,31,0,37,1
3179,512,506,6,7,0,0.053305,13697,13697,90;91;92;93;95;96;97,30,7,6,31,0,37,1
3180,512,506,6,7,0,0.053773,13666,13666,90;91;92;93;95;96;97,30,7,6,31,0,37,1
3181,512,506,6,7,0,0.053999,13634,13634,90;91;92;93;95;96;97,30,7,6,31,0,37,1
3182,512,506,6,7,0,0.054323,13602,13602,90;91;92;93;95;96;97,30,7,6,31,0,37,1
3183,512,506,6,7,0,0.054692,13571,13571,90;91;92;93;95;96;97,30,7,6,31,0,37,1
3184,512,506,6,7,0,0.055294,13539,13539,90;91;92;93;95;96;97,30,7,6,31,0,37,1
3185,512,506,6,7,0,0.055535,13507,13507,90;91;92;93;95;96;97,30,7,6,31,0,37,1
3186,512,506,6,7,0,0.056088,13476,13476,90;91;92;93;95;96;97,30,7,6,31,0,37,1
3187,512,506,6,7,0,0.056322,13444,13444,90;91;92;93;95;96;97,30,7,6,31,0,37,1
3188,512,506,6,7,0,0.056602,13413,13413,90;91;92;93;95;96;97,30,7,6,31,0,37,1
3189,512,506,6,7,0,0.056963,13381,13381,90;91;92;93;95;96;97,30,7,6,31,0,37,1
3190,512,506,6,7,0,0.057369,13344,13344,90;91;92;93;95;96;97,30,7,6,31,0,37,1
3191,512,506,6,7,0,0.057751,13313,13313,90;91;92;93;95;96;97,30,7,6,31,0,37,1
3192,512,506,6,7,0,0.058407,13281,13281,90;91;92;93;95;96;97,30,7,6,31,0,37,1
3193,512,506,6,7,0,0.058600,13249,13249,90;91;92;93;95;96;97,30,7,6,31,0,37,1
3194,512,506,6,7,0,0.059063,13213,13213,90;91;92;93;95;96;97,30,7,6,31,0,37,1
3195,512,506,6,7,0,0.059256,13181,13181,90;91;92;93;95;96;97,30,7,6,31,0,37,1
3196,512,506,6,7,0,0.059558,13150,13150,90;91;92;93;95;96;97,30,7,6,31,0,37,1
3197,512,506,6,7,0,0.059975,13118,13118,90;91;92;93;95;96;97,30,7,6,31,0,37,1
3198,512,507,5,6,0,0.060283,14182,14182,90;92;93;95;96;97,30,6,5,31,0,36,1
3199,512,507,5,6,0,0.060766,14151,14151,90;92;93;95;96;97,30,6,5,31,0,36,1
3200,512,507,5,6,0,0.061184,14119,14119,90;92;93;95;96;97,30,6,5,31,0,36,1
3201,512,507,5,6,0,0.061456,14087,14087,90;92;93;95;96;97,30,6,5,31,0,36,1
3202,512,507,5,6,0,0.061856,14056,14056,90;92;93;95;96;97,30,6,5,31,0,36,1
3203,512,507,5,6,0,0.062058,14024,14024,90;92;93;95;96;97,30,6,5,31,0,36,1
3204,512,507,5,6,0,0.062457,13992,13992,90;92;93;95;96;97,30,6,5,31,0,36,1
3205,512,507,5,6,0,0.062834,13960,13960,90;92;93;95;96;97,30,6,5,31,0,36,1
3206,512,507,5,6,0,0.063000,13929,13929,90;92;93;95;96;97,30,6,5,31,0,36,1
3207,512,507,5,6,0,0.063576,13897,13897,90;92;93;95;96;97,30,6,5,31,0,36,1
3208,512,507,5,6,0,0.064162,13865,13865,90;92;93;95;96;97,30,6,5,31,0,36,1
3209,512,507,5,6,0,0.064419,13834,13834,90;92;93;95;96;97,30,6,5,31,0,36,1
3210,512,507,5,6,0,0.064951,13802,13802,90;92;93;95;96;97,30,6,5,31,0,36,1
3211,512,507,5,6,0,0.065122,13770,13770,90;92;93;95;96;97,30,6,5,31,0,36,1
3212,512,507,5,6,0,0.065302,13739,13739,90;92;93;95;96;97,30,6,5,31,0,36,1
3213,512,507,5,6,0,0.065764,13702,13702,90;92;93;95;96;97,30,6,5,31,0,36,1
3214,512,507,5,6,0,0.066102,13670,13670,90;92;93;95;96;97,30,6,5,31,0,36,1
3215,512,507,5,6,0,0.066483,13639,13639,90;92;93;95;96;97,30,6,5,31,0,36,1
3216,512,507,5,6,0,0.066772,13607,13607,90;92;93;95;96;97,30,6,5,31,0,36,1
3217,512,507,5,6,0,0.067464,13575,13575,90;92;93;95;96;97,30,6,5,31,0,36,1
3218,512,507,5,6,0,0.067780,13544,13544,90;92;93;95;96;97,30,6,5,31,0,36,1
3219,512,507,5,6,0,0.068056,13512,13512,90;92;93;95;96;97,30,6,5,31,0,36,1
3220,512,507,5,6,0,0.068418,13480,13480,90;92;93;95;96;97,30,6,5,31,0,36,1
3221,512,507,5,6,0,0.068772,13448,13448,90;92;93;95;96;97,30,6,5,31,0,36,1
3222,512,507,5,6,0,0.068906,13417,13417,90;92;93;95;96;97,30,6,5,31,0,36,1
3223,512,507,5,6,0,0.069616,13385,13385,90;92;93;95;96;97,30,6,5,31,0,36,1
3224,512,507,5,6,0,0.069883,13353,13353,90;92;93;95;96;97,30,6,5,31,0,36,1
3225,512,507,5,6,0,0.070274,13322,13322,90;92;93;95;96;97,30,6,5,31,0,36,1
3226,512,507,5,6,0,0.070910,13290,13290,90;92;93;95;96;97,30,6,5,31,0,36,1
3227,512,507,5,6,0,0.071171,13258,13258,90;92;93;95;96;97,30,6,5,31,0,36,1
3228,512,507,5,6,0,0.071324,13227,13227,90;92;93;95;96;97,30,6,5,31,0,36,1
3229,512,507,5,6,0,0.071721,13195,13195,90;92;93;95;96;97,30,6,5,31,0,36,1
3230,512,507,5,6,0,0.072003,13163,13163,90;92;93;95;96;97,30,6,5,31,0,36,1
3231,512,507,5,6,0,0.072358,13132,13132,90;92;93;95;96;97,30,6,5,31,0,36,1
3232,512,507,5,6,0,0.072899,13100,13100,90;92;93;95;96;97,30,6,5,31,0,36,1
3233,512,507,5,6,0,0.073507,13068,13068,90;92;93;95;96;97,30,6,5,31,0,36,1
3234,512,507,5,6,0,0.073673,13037,13037,90;92;93;95;96;97,30,6,5,31,0,36,1
3235,512,507,5,6,0,0.074192,13005,13005,90;92;93;95;96;97,30,6,5,31,0,36,1
3236,512,507,5,6,0,0.074373,12973,12973,90;92;93;95;96;97,30,6,5,31,0,36,1
3237,512,507,5,6,0,0.074696,12941,12941,90;92;93;95;96;97,30,6,5,31,0,36,1
3238,512,507,5,6,0,0.074963,12910,12910,90;92;93;95;96;97,30,6,5,31,0,36,1
3239,512,507,5,6,0,0.075700,12878,12878,90;92;93;95;96;97,30,6,5,31,0,36,1
3240,512,507,5,6,0,0.075876,12846,12846,90;92;93;95;96;97,30,6,5,31,0,36,1
3241,512,507,5,6,0,0.076470,12815,12815,90;92;93;95;96;97,30,6,5,31,0,36,1
3242,512,507,5,6,0,0.076538,12783,12783,90;92;93;95;96;97,30,6,5,31,0,36,1
3243,512,507,5,6,0,0.077104,12751,12751,90;92;93;95;96;97,30,6,5,31,0,36,1
3244,512,507,5,6,0,0.077282,12720,12720,90;92;93;95;96;97,30,6,5,31,0,36,1
3245,512,507,5,6,0,0.077728,12688,12688,90;92;93;95;96;97,30,6,5,31,0,36,1
3246,512,507,5,6,0,0.077955,12656,12656,90;92;93;95;96;97,30,6,5,31,0,36,1
3247,512,507,5,6,0,0.078460,12625,12625,90;92;93;95;96;97,30,6,5,31,0,36,1
3248,512,507,5,6,0,0.078842,12593,12593,90;92;93;95;96;97,30,6,5,31,0,36,1
3249,512,507,5,6,0,0.079515,12561,12561,90;92;93;95;96;97,30,6,5,31,0,36,1
3250,512,507,5,6,0,0.079545,12530,12530,90;92;93;95;96;97,30,6,5,31,0,36,1
3251,512,507,5,6,0,0.080458,12498,12498,90;92;93;95;96;97,30,6,5,31,0,36,1
3252,512,507,5,6,0,0.080408,12466,12466,90;92;93;95;96;97,30,6,5,31,0,36,1
3253,512,507,5,6,0,0.080822,12434,12434,90;92;93;95;96;97,30,6,5,31,0,36,1
3254,512,507,5,6,0,0.081064,12403,12403,90;92;93;95;96;97,30,6,5,31,0,36,1
3255,512,507,5,6,0,0.081241,12371,12371,90;92;93;95;96;97,30,6,5,31,0,36,1
3256,512,507,5,6,0,0.081707,12334,12334,90;92;93;95;96;97,30,6,5,31,0,36,1
3257,512,507,5,6,0,0.082437,12303,12303,90;92;93;95;96;97,30,6,5,31,0,36,1
3258,512,507,5,6,0,0.082492,12266,12266,90;92;93;95;96;97,30,6,5,31,0,36,1
3259,512,507,5,6,0,0.083344,12234,12234,90;92;93;95;96;97,30,6,5,31,0,36,1
3260,512,507,5,6,0,0.083410,12203,12203,90;92;93;95;96;97,30,6,5,31,0,36,1
3261,512,507,5,6,0,0.083693,12171,12171,90;92;93;95;96;97,30,6,5,31,0,36,1
3262,512,507,5,6,0,0.083979,12139,12139,90;92;93;95;96;97,30,6,5,31,0,36,1
3263,512,507,5,6,0,0.084357,12108,12108,90;92;93;95;96;97,30,6,5,31,0,36,1
3264,512,507,5,6,0,0.084701,12076,12076,90;92;93;95;96;97,30,6,5,31,0,36,1
3265,512,507,5,6,0,0.085659,12044,12044,90;92;93;95;96;97,30,6,5,31,0,36,1
3266,512,507,5,6,0,0.085733,12013,12013,90;92;93;95;96;97,30,6,5,31,0,36,1
3267,512,507,5,6,0,0.086518,11981,11981,90;92;93;95;96;97,30,6,5,31,0,36,1
3268,512,507,5,6,0,0.086374,11949,11949,90;92;93;95;96;97,30,6,5,31,0,36,1
3269,512,507,5,6,0,0.086762,11917,11917,90;92;93;95;96;97,30,6,5,31,0,36,1
3270,512,507,5,6,0,0.087016,11881,11881,90;92;93;95;96;97,30,6,5,31,0,36,1
3271,512,507,5,6,0,0.087438,11849,11849,90;92;93;95;96;97,30,6,5,31,0,36,1
3272,512,507,5,6,0,0.087959,11817,11817,90;92;93;95;96;97,30,6,5,31,0,36,1
3273,512,508,4,5,0,0.087798,14944,14944,92;93;95;96;97,30,5,4,31,0,35,1
3274,512,508,4,5,0,0.087909,14907,14907,92;93;95;96;97,30,5,4,31,0,35,1
3275,512,508,4,5,0,0.088860,14875,14875,92;93;95;96;97,30,5,4,31,0,35,1
3276,512,508,4,5,0,0.088776,14843,14843,92;93;95;96;97,30,5,4,31,0,35,1
3277,512,508,4,5,0,0.089101,14812,14812,92;93;95;96;97,30,5,4,31,0,35,1
3278,512,508,4,5,0,0.089437,14780,14780,92;93;95;96;97,30,5,4,31,0,35,1
3279,512,508,4,5,0,0.089659,14748,14748,92;93;95;96;97,30,5,4,31,0,35,1
3280,512,508,4,5,0,0.090029,14716,14716,92;93;95;96;97,30,5,4,31,0,35,1
3281,512,508,4,5,0,0.090791,14685,14685,92;93;95;96;97,30,5,4,31,0,35,1
3282,512,508,4,5,0,0.090939,14653,14653,92;93;95;96;97,30,5,4,31,0,35,1
3283,512,508,4,5,0,0.091785,14621,14621,92;93;95;96;97,30,5,4,31,0,35,1
3284,512,508,4,5,0,0.091823,14589,14589,92;93;95;96;97,30,5,4,31,0,35,1
3285,512,508,4,5,0,0.092071,14558,14558,92;93;95;96;97,30,5,4,31,0,35,1
3286,512,508,4,5,0,0.092369,14526,14526,92;93;95;96;97,30,5,4,31,0,35,1
3287,512,508,4,5,0,0.092715,14494,14494,92;93;95;96;97,30,5,4,31,0,35,1
3288,512,508,4,5,0,0.093247,14462,14462,92;93;95;96;97,30,5,4,31,0,35,1
3289,512,508,4,5,0,0.093955,14431,14431,92;93;95;96;97,30,5,4,31,0,35,1
3290,512,508,4,5,0,0.094048,14399,14399,92;93;95;96;97,30,5,4,31,0,35,1
3291,512,508,4,5,0,0.094531,14367,14367,92;93;95;96;97,30,5,4,31,0,35,1
3292,512,508,4,5,0,0.094647,14335,14335,92;93;95;96;97,30,5,4,31,0,35,1
3293,512,508,4,5,0,0.095143,14299,14299,92;93;95;96;97,30,5,4,31,0,35,1
3294,512,508,4,5,0,0.095579,14267,14267,92;93;95;96;97,30,5,4,31,0,35,1
3295,512,508,4,5,0,0.095998,14235,14235,92;93;95;96;97,30,5,4,31,0,35,1
3296,512,508,4,5,0,0.096249,14203,14203,92;93;95;96;97,30,5,4,31,0,35,1
3297,512,508,4,5,0,0.096819,14172,14172,92;93;95;96;97,30,5,4,31,0,35,1
3298,512,508,4,5,0,0.096887,14140,14140,92;93;95;96;97,30,5,4,31,0,35,1
3299,512,508,4,5,0,0.097562,14108,14108,92;93;95;96;97,30,5,4,31,0,35,1
3300,512,508,4,5,0,0.097954,14076,14076,92;93;95;96;97,30,5,4,31,0,35,1
3301,512,508,4,5,0,0.098387,14045,14045,92;93;95;96;97,30,5,4,31,0,35,1
3302,512,508,4,5,0,0.098598,14013,14013,92;93;95;96;97,30,5,4,31,0,35,1
3303,512,508,4,5,0,0.098714,13981,13981,92;93;95;96;97,30,5,4,31,0,35,1
3304,512,508,4,5,0,0.099087,13949,13949,92;93;95;96;97,30,5,4,31,0,35,1
3305,512,508,4,5,0,0.099873,13918,13918,92;93;95;96;97,30,5,4,31,0,35,1
3306,512,508,4,5,0,0.100013,13886,13886,92;93;95;96;97,30,5,4,31,0,35,1
3307,512,509,3,4,0,0.100715,15713,15713,92;95;96;97,30,4,3,31,0,34,1
3308,512,509,3,4,0,0.100949,15681,15681,92;95;96;97,30,4,3,31,0,34,1
3309,512,509,3,4,0,0.101014,15649,15649,92;95;96;97,30,4,3,31,0,34,1
3310,512,509,3,4,0,0.101410,15618,15618,92;95;96;97,30,4,3,31,0,34,1
3311,512,509,3,4,0,0.101731,15586,15586,92;95;96;97,30,4,3,31,0,34,1
3312,512,509,3,4,0,0.102084,15554,15554,92;95;96;97,30,4,3,31,0,34,1
3313,512,509,3,4,0,0.103228,15522,15522,92;95;96;97,30,4,3,31,0,34,1
3314,512,509,3,4,0,0.103270,15490,15490,92;95;96;97,30,4,3,31,0,34,1
3315,512,509,3,4,0,0.103799,15459,15459,92;95;96;97,30,4,3,31,0,34,1
3316,512,509,3,4,0,0.104031,15427,15427,92;95;96;97,30,4,3,31,0,34,1
3317,512,509,3,4,0,0.104048,15395,15395,92;95;96;97,30,4,3,31,0,34,1
3318,512,509,3,4,0,0.104431,15363,15363,92;95;96;97,30,4,3,31,0,34,1
3319,512,509,3,4,0,0.104709,15331,15331,92;95;96;97,30,4,3,31,0,34,1
3320,512,509,3,4,0,0.105349,15300,15300,92;95;96;97,30,4,3,31,0,34,1
3321,512,509,3,4,0,0.105557,15268,15268,92;95;96;97,30,4,3,31,0,34,1
3322,512,509,3,4,0,0.106063,15236,15236,92;95;96;97,30,4,3,31,0,34,1
3323,512,509,3,4,0,0.106774,15204,15204,92;95;96;97,30,4,3,31,0,34,1
3324,512,509,3,4,0,0.106816,15172,15172,92;95;96;97,30,4,3,31,0,34,1
3325,512,509,3,4,0,0.107052,15140,15140,92;95;96;97,30,4,3,31,0,34,1
3326,512,509,3,4,0,0.107746,15109,15109,92;95;96;97,30,4,3,31,0,34,1
3327,512,509,3,4,0,0.107753,15077,15077,92;95;96;97,30,4,3,31,0,34,1
3328,512,509,3,4,0,0.108122,15045,15045,92;95;96;97,30,4,3,31,0,34,1
3329,512,509,3,4,0,0.108995,15013,15013,92;95;96;97,30,4,3,31,0,34,1
3330,512,509,3,4,0,0.109097,14981,14981,92;95;96;97,30,4,3,31,0,34,1
3331,512,509,3,4,0,0.109899,14950,14950,92;95;96;97,30,4,3,31,0,34,1
3332,512,509,3,4,0,0.109859,14918,14918,92;95;96;97,30,4,3,31,0,34,1
3333,512,509,3,4,0,0.109834,14886,14886,92;95;96;97,30,4,3,31,0,34,1
3334,512,509,3,4,0,0.110515,14854,14854,92;95;96;97,30,4,3,31,0,34,1
3335,512,509,3,4,0,0.110704,14822,14822,92;95;96;97,30,4,3,31,0,34,1
3336,512,509,3,4,0,0.111324,14786,14786,92;95;96;97,30,4,3,31,0,34,1
3337,512,509,3,4,0,0.111609,14754,14754,92;95;96;97,30,4,3,31,0,34,1
3338,512,509,3,4,0,0.112248,14722,14722,92;95;96;97,30,4,3,31,0,34,1
3339,512,509,3,4,0,0.112619,14690,14690,92;95;96;97,30,4,3,31,0,34,1
3340,512,509,3,4,0,0.112744,14658,14658,92;95;96;97,30,4,3,31,0,34,1
3341,512,509,3,4,0,0.113203,14626,14626,92;95;96;97,30,4,3,31,0,34,1
3342,512,509,3,4,0,0.113643,14595,14595,92;95;96;97,30,4,3,31,0,34,1
3343,512,509,3,4,0,0.113759,14563,14563,92;95;96;97,30,4,3,31,0,34,1
3344,512,509,3,4,0,0.114337,14531,14531,92;95;96;97,30,4,3,31,0,34,1
3345,512,509,3,4,0,0.114443,14499,14499,92;95;96;97,30,4,3,31,0,34,1
3346,512,509,3,5,1,0.115983,14463,14463,92;95;96;97;98,29,5,3,31,0,34,1
3347,512,508,4,5,0,0.026805,14431,14431,92;95;96;97;98,29,5,4,30,0,34,1
3348,512,508,4,5,0,0.027289,14399,14399,92;95;96;97;98,29,5,4,30,0,34,1
3349,512,508,4,6,1,0.028041,14363,14363,92;95;96;97;98;99,28,6,4,30,0,34,1
3350,512,507,5,6,0,0.026377,14332,14332,92;95;96;97;98;99,28,6,5,29,0,34,1
3351,512,507,5,7,1,0.027155,14295,14295,92;95;96;97;98;99;100,27,7,5,29,0,34,1
3352,512,506,6,7,0,0.026453,14264,14264,92;95;96;97;98;99;100,27,7,6,28,0,34,1
3353,512,506,6,7,0,0.027090,14232,14232,92;95;96;97;98;99;100,27,7,6,28,0,34,1
3354,512,506,6,7,0,0.027417,14195,14195,92;95;96;97;98;99;100,27,7,6,28,0,34,1
3355,512,506,6,7,0,0.027826,14164,14164,92;95;96;97;98;99;100,27,7,6,28,0,34,1
3356,512,506,6,7,0,0.028264,14132,14132,92;95;96;97;98;99;100,27,7,6,28,0,34,1
3357,512,506,6,8,1,0.029290,14097,14097,92;95;96;97;98;99;100;101,26,8,6,28,0,34,1
3358,512,505,7,8,0,0.026936,14065,14065,92;95;96;97;98;99;100;101,26,8,7,27,0,34,1
3359,512,505,7,8,0,0.027380,14034,14034,92;95;96;97;98;99;100;101,26,8,7,27,0,34,1
3360,512,505,7,8,0,0.027859,14002,14002,92;95;96;97;98;99;100;101,26,8,7,27,0,34,1
3361,512,505,7,8,0,0.028371,13971,13971,92;95;96;97;98;99;100;101,26,8,7,27,0,34,1
3362,512,505,7,8,0,0.028794,13939,13939,92;95;96;97;98;99;100;101,26,8,7,27,0,34,1
3363,512,506,6,7,0,0.028891,15265,15265,95;96;97;98;99;100;101,26,7,6,27,0,33,1
3364,512,506,6,7,0,0.029354,15234,15234,95;96;97;98;99;100;101,26,7,6,27,0,33,1
3365,512,506,6,7,0,0.029743,15202,15202,95;96;97;98;99;100;101,26,7,6,27,0,33,1
3366,512,506,6,7,0,0.030053,15170,15170,95;96;97;98;99;100;101,26,7,6,27,0,33,1
3367,512,506,6,7,0,0.030665,15139,15139,95;96;97;98;99;100;101,26,7,6,27,0,33,1
3368,512,506,6,7,0,0.031015,15107,15107,95;96;97;98;99;100;101,26,7,6,27,0,33,1
3369,512,506,6,7,0,0.031285,15076,15076,95;96;97;98;99;100;101,26,7,6,27,0,33,1
3370,512,506,6,7,0,0.031880,15044,15044,95;96;97;98;99;100;101,26,7,6,27,0,33,1
3371,512,506,6,7,0,0.032236,15012,15012,95;96;97;98;99;100;101,26,7,6,27,0,33,1
3372,512,506,6,7,0,0.032525,14981,14981,95;96;97;98;99;100;101,26,7,6,27,0,33,1
3373,512,506,6,7,0,0.033029,14944,14944,95;96;97;98;99;100;101,26,7,6,27,0,33,1
3374,512,506,6,8,1,0.033669,14910,14910,95;96;97;98;99;100;101;102,25,8,6,27,0,33,1
3375,512,505,7,8,0,0.026579,14879,14879,95;96;97;98;99;100;101;102,25,8,7,26,0,33,1
3376,512,505,7,8,0,0.027022,14847,14847,95;96;97;98;99;100;101;102,25,8,7,26,0,33,1
3377,512,505,7,9,1,0.027867,14811,14811,95;96;97;98;99;100;101;102;103,24,9,7,26,0,33,1
3378,512,504,8,9,0,0.026112,14779,14779,95;96;97;98;99;100;101;102;103,24,9,8,25,0,33,1
3379,512,504,8,9,0,0.026519,14748,14748,95;96;97;98;99;100;101;102;103,24,9,8,25,0,33,1
3380,512,504,8,9,0,0.027084,14716,14716,95;96;97;98;99;100;101;102;103,24,9,8,25,0,33,1
3381,512,504,8,9,0,0.027541,14685,14685,95;96;97;98;99;100;101;102;103,24,9,8,25,0,33,1
3382,512,504,8,10,1,0.028346,14649,14649,95;96;97;98;99;100;101;102;103;104,23,10,8,25,0,33,1
3383,512,503,9,10,0,0.026517,14617,14617,95;96;97;98;99;100;101;102;103;104,23,10,9,24,0,33,1
3384,512,503,9,10,0,0.027154,14586,14586,95;96;97;98;99;100;101;102;103;104,23,10,9,24,0,33,1
3385,512,503,9,10,0,0.027481,14554,14554,95;96;97;98;99;100;101;102;103;104,23,10,9,24,0,33,1
3386,512,503,9,10,0,0.027889,14523,14523,95;96;97;98;99;100;101;102;103;104,23,10,9,24,0,33,1
3387,512,503,9,10,0,0.028327,14492,14492,95;96;97;98;99;100;101;102;103;104,23,10,9,24,0,33,1
3388,512,503,9,10,0,0.028869,14460,14460,95;96;97;98;99;100;101;102;103;104,23,10,9,24,0,33,1
3389,512,503,9,10,0,0.029353,14429,14429,95;96;97;98;99;100;101;102;103;104,23,10,9,24,0,33,1
3390,512,503,9,10,0,0.029769,14397,14397,95;96;97;98;99;100;101;102;103;104,23,10,9,24,0,33,1
3391,512,503,9,10,0,0.030278,14366,14366,95;96;97;98;99;100;101;102;103;104,23,10,9,24,0,33,1
3392,512,503,9,10,0,0.030699,14334,14334,95;96;97;98;99;100;101;102;103;104,23,10,9,24,0,33,1
3393,512,503,9,10,0,0.031099,14303,14303,95;96;97;98;99;100;101;102;103;104,23,10,9,24,0,33,1
3394,512,503,9,10,0,0.031425,14272,14272,95;96;97;98;99;100;101;102;103;104,23,10,9,24,0,33,1
3395,512,503,9,10,0,0.031930,14240,14240,95;96;97;98;99;100;101;102;103;104,23,10,9,24,0,33,1
3396,512,503,9,10,0,0.032250,14209,14209,95;96;97;98;99;100;101;102;103;104,23,10,9,24,0,33,1
3397,512,503,9,10,0,0.032674,14177,14177,95;96;97;98;99;100;101;102;103;104,23,10,9,24,0,33,1
3398,512,503,9,10,0,0.033081,14146,14146,95;96;97;98;99;100;101;102;103;104,23,10,9,24,0,33,1
3399,512,503,9,10,0,0.033405,14114,14114,95;96;97;98;99;100;101;102;103;104,23,10,9,24,0,33,1
3400,512,503,9,10,0,0.033823,14083,14083,95;96;97;98;99;100;101;102;103;104,23,10,9,24,0,33,1
3401,512,503,9,10,0,0.034184,14051,14051,95;96;97;98;99;100;101;102;103;104,23,10,9,24,0,33,1
3402,512,503,9,10,0,0.034464,14020,14020,95;96;97;98;99;100;101;102;103;104,23,10,9,24,0,33,1
3403,512,503,9,10,0,0.034886,13989,13989,95;96;97;98;99;100;101;102;103;104,23,10,9,24,0,33,1
3404,512,503,9,10,0,0.035210,13957,13957,95;96;97;98;99;100;101;102;103;104,23,10,9,24,0,33,1
3405,512,503,9,11,1,0.035665,13921,13921,95;96;97;98;99;100;101;102;103;104;105,22,11,9,24,0,33,1
3406,512,502,10,11,0,0.026550,13890,13890,95;96;97;98;99;100;101;102;103;104;105,22,11,10,23,0,33,1
3407,512,502,10,12,1,0.027130,13854,13854,95;96;97;98;99;100;101;102;103;104;105;106,21,12,10,23,0,33,1
3408,512,502,10,11,0,0.026337,13936,13936,95;96;97;98;99;100;101;103;104;105;106,21,11,10,22,0,32,1
3409,512,502,10,11,0,0.026687,13905,13905,95;96;97;98;99;100;101;103;104;105;106,21,11,10,22,0,32,1
3410,512,502,10,11,0,0.027268,13873,13873,95;96;97;98;99;100;101;103;104;105;106,21,11,10,22,0,32,1
3411,512,502,10,11,0,0.027714,13837,13837,95;96;97;98;99;100;101;103;104;105;106,21,11,10,22,0,32,1
3412,512,502,10,12,1,0.028560,13801,13801,95;96;97;98;99;100;101;103;104;105;106;107,20,12,10,22,0,32,1
3413,512,501,11,12,0,0.026125,13770,13770,95;96;97;98;99;100;101;103;104;105;106;107,20,12,11,21,0,32,1
3414,512,501,11,12,0,0.026616,13738,13738,95;96;97;98;99;100;101;103;104;105;106;107,20,12,11,21,0,32,1
3415,512,501,11,12,0,0.026925,13707,13707,95;96;97;98;99;100;101;103;104;105;106;107,20,12,11,21,0,32,1
3416,512,501,11,12,0,0.027560,13666,13666,95;96;97;98;99;100;101;103;104;105;106;107,20,12,11,21,0,32,1
3417,512,501,11,12,0,0.027962,13629,13629,95;96;97;98;99;100;101;103;104;105;106;107,20,12,11,21,0,32,1
3418,512,501,11,12,0,0.028292,13598,13598,95;96;97;98;99;100;101;103;104;105;106;107,20,12,11,21,0,32,1
3419,512,501,11,12,0,0.028756,13562,13562,95;96;97;98;99;100;101;103;104;105;106;107,20,12,11,21,0,32,1
3420,512,501,11,12,0,0.029403,13530,13530,95;96;97;98;99;100;101;103;104;105;106;107,20,12,11,21,0,32,1
3421,512,501,11,12,0,0.029715,13499,13499,95;96;97;98;99;100;101;103;104;105;106;107,20,12,11,21,0,32,1
3422,512,501,11,12,0,0.030096,13468,13468,95;96;97;98;99;100;101;103;104;105;106;107,20,12,11,21,0,32,1
3423,512,501,11,12,0,0.030501,13437,13437,95;96;97;98;99;100;101;103;104;105;106;107,20,12,11,21,0,32,1
3424,512,501,11,12,0,0.030941,13405,13405,95;96;97;98;99;100;101;103;104;105;106;107,20,12,11,21,0,32,1
3425,512,501,11,12,0,0.031408,13374,13374,95;96;97;98;99;100;101;103;104;105;106;107,20,12,11,21,0,32,1
3426,512,501,11,12,0,0.031707,13343,13343,95;96;97;98;99;100;101;103;104;105;106;107,20,12,11,21,0,32,1
3427,512,501,11,12,0,0.032175,13306,13306,95;96;97;98;99;100;101;103;104;105;106;107,20,12,11,21,0,32,1
3428,512,501,11,12,0,0.032541,13275,13275,95;96;97;98;99;100;101;103;104;105;106;107,20,12,11,21,0,32,1
3429,512,501,11,12,0,0.032770,13244,13244,95;96;97;98;99;100;101;103;104;105;106;107,20,12,11,21,0,32,1
3430,512,501,11,12,0,0.033188,13212,13212,95;96;97;98;99;100;101;103;104;105;106;107,20,12,11,21,0,32,1
3431,512,501,11,12,0,0.033592,13181,13181,95;96;97;98;99;100;101;103;104;105;106;107,20,12,11,21,0,32,1
3432,512,501,11,12,0,0.033829,13150,13150,95;96;97;98;99;100;101;103;104;105;106;107,20,12,11,21,0,32,1
3433,512,501,11,12,0,0.034264,13118,13118,95;96;97;98;99;100;101;103;104;105;106;107,20,12,11,21,0,32,1
3434,512,501,11,12,0,0.034617,13087,13087,95;96;97;98;99;100;101;103;104;105;106;107,20,12,11,21,0,32,1
3435,512,501,11,12,0,0.035106,13056,13056,95;96;97;98;99;100;101;103;104;105;106;107,20,12,11,21,0,32,1
3436,512,501,11,13,1,0.035843,13023,13023,95;96;97;98;99;100;101;103;104;105;106;107;108,19,13,11,21,0,32,1
3437,512,500,12,13,0,0.027625,12992,12992,95;96;97;98;99;100;101;103;104;105;106;107;108,19,13,12,20,0,32,1
3438,512,500,12,13,0,0.028066,12961,12961,95;96;97;98;99;100;101;103;104;105;106;107;108,19,13,12,20,0,32,1
3439,512,500,12,13,0,0.028374,12930,12930,95;96;97;98;99;100;101;103;104;105;106;107;108,19,13,12,20,0,32,1
3440,512,500,12,13,0,0.029017,12898,12898,95;96;97;98;99;100;101;103;104;105;106;107;108,19,13,12,20,0,32,1
3441,512,500,12,13,0,0.029486,12867,12867,95;96;97;98;99;100;101;103;104;105;106;107;108,19,13,12,20,0,32,1
3442,512,500,12,13,0,0.029791,12836,12836,95;96;97;98;99;100;101;103;104;105;106;107;108,19,13,12,20,0,32,1
3443,512,500,12,13,0,0.030213,12805,12805,95;96;97;98;99;100;101;103;104;105;106;107;108,19,13,12,20,0,32,1
3444,512,500,12,13,0,0.030860,12773,12773,95;96;97;98;99;100;101;103;104;105;106;107;108,19,13,12,20,0,32,1
3445,512,500,12,13,0,0.031172,12742,12742,95;96;97;98;99;100;101;103;104;105;106;107;108,19,13,12,20,0,32,1
3446,512,500,12,13,0,0.031553,12711,12711,95;96;97;98;99;100;101;103;104;105;106;107;108,19,13,12,20,0,32,1
3447,512,500,12,13,0,0.032144,12680,12680,95;96;97;98;99;100;101;103;104;105;106;107;108,19,13,12,20,0,32,1
3448,512,500,12,13,0,0.032398,12648,12648,95;96;97;98;99;100;101;103;104;105;106;107;108,19,13,12,20,0,32,1
3449,512,500,12,13,0,0.032865,12617,12617,95;96;97;98;99;100;101;103;104;105;106;107;108,19,13,12,20,0,32,1
3450,512,500,12,13,0,0.033165,12581,12581,95;96;97;98;99;100;101;103;104;105;106;107;108,19,13,12,20,0,32,1
3451,512,500,12,13,0,0.033632,12550,12550,95;96;97;98;99;100;101;103;104;105;106;107;108,19,13,12,20,0,32,1
3452,512,500,12,13,0,0.033998,12513,12513,95;96;97;98;99;100;101;103;104;105;106;107;108,19,13,12,20,0,32,1
3453,512,500,12,13,0,0.034335,12477,12477,95;96;97;98;99;100;101;103;104;105;106;107;108,19,13,12,20,0,32,1
3454,512,500,12,13,0,0.034645,12446,12446,95;96;97;98;99;100;101;103;104;105;106;107;108,19,13,12,20,0,32,1
3455,512,500,12,13,0,0.035049,12415,12415,95;96;97;98;99;100;101;103;104;105;106;107;108,19,13,12,20,0,32,1
3456,512,500,12,13,0,0.035287,12383,12383,95;96;97;98;99;100;101;103;104;105;106;107;108,19,13,12,20,0,32,1
3457,512,500,12,13,0,0.035721,12352,12352,95;96;97;98;99;100;101;103;104;105;106;107;108,19,13,12,20,0,32,1
3458,512,500,12,13,0,0.036074,12321,12321,95;96;97;98;99;100;101;103;104;105;106;107;108,19,13,12,20,0,32,1
3459,512,500,12,13,0,0.036564,12290,12290,95;96;97;98;99;100;101;103;104;105;106;107;108,19,13,12,20,0,32,1
3460,512,500,12,13,0,0.037000,12258,12258,95;96;97;98;99;100;101;103;104;105;106;107;108,19,13,12,20,0,32,1
3461,512,500,12,13,0,0.037300,12227,12227,95;96;97;98;99;100;101;103;104;105;106;107;108,19,13,12,20,0,32,1
3462,512,500,12,13,0,0.037652,12196,12196,95;96;97;98;99;100;101;103;104;105;106;107;108,19,13,12,20,0,32,1
3463,512,500,12,14,1,0.038089,12160,12160,95;96;97;98;99;100;101;103;104;105;106;107;108;109,18,14,12,20,0,32,1
3464,512,499,13,14,0,0.027439,12129,12129,95;96;97;98;99;100;101;103;104;105;106;107;108;109,18,14,13,19,0,32,1
3465,512,499,13,14,0,0.027931,12098,12098,95;96;97;98;99;100;101;103;104;105;106;107;108;109,18,14,13,19,0,32,1
3466,512,499,13,14,0,0.028197,12067,12067,95;96;97;98;99;100;101;103;104;105;106;107;108;109,18,14,13,19,0,32,1
3467,512,499,13,14,0,0.028605,12036,12036,95;96;97;98;99;100;101;103;104;105;106;107;108;109,18,14,13,19,0,32,1
3468,512,499,13,14,0,0.029276,12004,12004,95;96;97;98;99;100;101;103;104;105;106;107;108;109,18,14,13,19,0,32,1
3469,512,499,13,14,0,0.029606,11973,11973,95;96;97;98;99;100;101;103;104;105;106;107;108;109,18,14,13,19,0,32,1
3470,512,499,13,14,0,0.030070,11942,11942,95;96;97;98;99;100;101;103;104;105;106;107;108;109,18,14,13,19,0,32,1
3471,512,499,13,14,0,0.030485,11911,11911,95;96;97;98;99;100;101;103;104;105;106;107;108;109,18,14,13,19,0,32,1
3472,512,499,13,14,0,0.030993,11875,11875,95;96;97;98;99;100;101;103;104;105;106;107;108;109,18,14,13,19,0,32,1
3473,512,499,13,14,0,0.031415,11843,11843,95;96;97;98;99;100;101;103;104;105;106;107;108;109,18,14,13,19,0,32,1
3474,512,499,13,14,0,0.031815,11812,11812,95;96;97;98;99;100;101;103;104;105;106;107;108;109,18,14,13,19,0,32,1
3475,512,499,13,14,0,0.032255,11781,11781,95;96;97;98;99;100;101;103;104;105;106;107;108;109,18,14,13,19,0,32,1
3476,512,499,13,14,0,0.032609,11750,11750,95;96;97;98;99;100;101;103;104;105;106;107;108;109,18,14,13,19,0,32,1
3477,512,499,13,14,0,0.032929,11719,11719,95;96;97;98;99;100;101;103;104;105;106;107;108;109,18,14,13,19,0,32,1
3478,512,499,13,14,0,0.033353,11683,11683,95;96;97;98;99;100;101;103;104;105;106;107;108;109,18,14,13,19,0,32,1
3479,512,499,13,14,0,0.033760,11651,11651,95;96;97;98;99;100;101;103;104;105;106;107;108;109,18,14,13,19,0,32,1
3480,512,500,12,13,0,0.034227,12471,12471,95;96;97;98;99;100;101;103;104;105;106;107;109,18,13,12,19,0,31,1
3481,512,500,12,13,0,0.034627,12440,12440,95;96;97;98;99;100;101;103;104;105;106;107;109,18,13,12,19,0,31,1
3482,512,500,12,13,0,0.035007,12409,12409,95;96;97;98;99;100;101;103;104;105;106;107;109,18,13,12,19,0,31,1
3483,512,500,12,13,0,0.035286,12377,12377,95;96;97;98;99;100;101;103;104;105;106;107;109,18,13,12,19,0,31,1
3484,512,500,12,13,0,0.035708,12341,12341,95;96;97;98;99;100;101;103;104;105;106;107;109,18,13,12,19,0,31,1
3485,512,500,12,13,0,0.036032,12310,12310,95;96;97;98;99;100;101;103;104;105;106;107;109,18,13,12,19,0,31,1
3486,512,500,12,13,0,0.036508,12279,12279,95;96;97;98;99;100;101;103;104;105;106;107;109,18,13,12,19,0,31,1
3487,512,500,12,13,0,0.037000,12247,12247,95;96;97;98;99;100;101;103;104;105;106;107;109,18,13,12,19,0,31,1
3488,512,500,12,13,0,0.037339,12216,12216,95;96;97;98;99;100;101;103;104;105;106;107;109,18,13,12,19,0,31,1
3489,512,500,12,13,0,0.037582,12185,12185,95;96;97;98;99;100;101;103;104;105;106;107;109,18,13,12,19,0,31,1
3490,512,500,12,14,1,0.038132,12149,12149,95;96;97;98;99;100;101;103;104;105;106;107;109;110,17,14,12,19,0,31,1
3491,512,499,13,14,0,0.027085,12113,12113,95;96;97;98;99;100;101;103;104;105;106;107;109;110,17,14,13,18,0,31,1
3492,512,499,13,14,0,0.027492,12082,12082,95;96;97;98;99;100;101;103;104;105;106;107;109;110,17,14,13,18,0,31,1
3493,512,499,13,14,0,0.027998,12051,12051,95;96;97;98;99;100;101;103;104;105;106;107;109;110,17,14,13,18,0,31,1
3494,512,499,13,14,0,0.028468,12019,12019,95;96;97;98;99;100;101;103;104;105;106;107;109;110,17,14,13,18,0,31,1
3495,512,499,13,14,0,0.028956,11988,11988,95;96;97;98;99;100;101;103;104;105;106;107;109;110,17,14,13,18,0,31,1
3496,512,499,13,14,0,0.029404,11947,11947,95;96;97;98;99;100;101;103;104;105;106;107;109;110,17,14,13,18,0,31,1
3497,512,499,13,14,0,0.029978,11911,11911,95;96;97;98;99;100;101;103;104;105;106;107;109;110,17,14,13,18,0,31,1
3498,512,499,13,14,0,0.030341,11880,11880,95;96;97;98;99;100;101;103;104;105;106;107;109;110,17,14,13,18,0,31,1
3499,512,499,13,14,0,0.030818,11843,11843,95;96;97;98;99;100;101;103;104;105;106;107;109;110,17,14,13,18,0,31,1
3500,512,499,13,14,0,0.031299,11812,11812,95;96;97;98;99;100;101;103;104;105;106;107;109;110,17,14,13,18,0,31,1
3501,512,499,13,14,0,0.031677,11781,11781,95;96;97;98;99;100;101;103;104;105;106;107;109;110,17,14,13,18,0,31,1
3502,512,499,13,14,0,0.032051,11750,11750,95;96;97;98;99;100;101;103;104;105;106;107;109;110,17,14,13,18,0,31,1
3503,512,499,13,14,0,0.032577,11719,11719,95;96;97;98;99;100;101;103;104;105;106;107;109;110,17,14,13,18,0,31,1
3504,512,499,13,14,0,0.032986,11688,11688,95;96;97;98;99;100;101;103;104;105;106;107;109;110,17,14,13,18,0,31,1
3505,512,499,13,14,0,0.033321,11656,11656,95;96;97;98;99;100;101;103;104;105;106;107;109;110,17,14,13,18,0,31,1
3506,512,499,13,14,0,0.033824,11625,11625,95;96;97;98;99;100;101;103;104;105;106;107;109;110,17,14,13,18,0,31,1
3507,512,499,13,14,0,0.034120,11589,11589,95;96;97;98;99;100;101;103;104;105;106;107;109;110,17,14,13,18,0,31,1
3508,512,499,13,14,0,0.034478,11558,11558,95;96;97;98;99;100;101;103;104;105;106;107;109;110,17,14,13,18,0,31,1
3509,512,499,13,14,0,0.034930,11527,11527,95;96;97;98;99;100;101;103;104;105;106;107;109;110,17,14,13,18,0,31,1
3510,512,499,13,14,0,0.035170,11495,11495,95;96;97;98;99;100;101;103;104;105;106;107;109;110,17,14,13,18,0,31,1
3511,512,499,13,14,0,0.035555,11464,11464,95;96;97;98;99;100;101;103;104;105;106;107;109;110,17,14,13,18,0,31,1
3512,512,499,13,14,0,0.035765,11433,11433,95;96;97;98;99;100;101;103;104;105;106;107;109;110,17,14,13,18,0,31,1
3513,512,499,13,14,0,0.036378,11402,11402,95;96;97;98;99;100;101;103;104;105;106;107;109;110,17,14,13,18,0,31,1
3514,512,499,13,14,0,0.036846,11371,11371,95;96;97;98;99;100;101;103;104;105;106;107;109;110,17,14,13,18,0,31,1
3515,512,499,13,14,0,0.037045,11339,11339,95;96;97;98;99;100;101;103;104;105;106;107;109;110,17,14,13,18,0,31,1
3516,512,499,13,14,0,0.037483,11308,11308,95;96;97;98;99;100;101;103;104;105;106;107;109;110,17,14,13,18,0,31,1
3517,512,499,13,14,0,0.037925,11277,11277,95;96;97;98;99;100;101;103;104;105;106;107;109;110,17,14,13,18,0,31,1
3518,512,499,13,14,0,0.038168,11246,11246,95;96;97;98;99;100;101;103;104;105;106;107;109;110,17,14,13,18,0,31,1
3519,512,499,13,14,0,0.038429,11215,11215,95;96;97;98;99;100;101;103;104;105;106;107;109;110,17,14,13,18,0,31,1
3520,512,499,13,14,0,0.039003,11184,11184,95;96;97;98;99;100;101;103;104;105;106;107;109;110,17,14,13,18,0,31,1
3521,512,499,13,14,0,0.039248,11152,11152,95;96;97;98;99;100;101;103;104;105;106;107;109;110,17,14,13,18,0,31,1
3522,512,499,13,14,0,0.039744,11121,11121,95;96;97;98;99;100;101;103;104;105;106;107;109;110,17,14,13,18,0,31,1
3523,512,499,13,15,1,0.040076,11086,11086,95;96;97;98;99;100;101;103;104;105;106;107;109;110;111,16,15,13,18,0,31,1
3524,512,498,14,15,0,0.027093,11055,11055,95;96;97;98;99;100;101;103;104;105;106;107;109;110;111,16,15,14,17,0,31,1
3525,512,498,14,15,0,0.027501,11024,11024,95;96;97;98;99;100;101;103;104;105;106;107;109;110;111,16,15,14,17,0,31,1
3526,512,498,14,15,0,0.028007,10993,10993,95;96;97;98;99;100;101;103;104;105;106;107;109;110;111,16,15,14,17,0,31,1
3527,512,498,14,15,0,0.028470,10961,10961,95;96;97;98;99;100;101;103;104;105;106;107;109;110;111,16,15,14,17,0,31,1
3528,512,498,14,15,0,0.028958,10930,10930,95;96;97;98;99;100;101;103;104;105;106;107;109;110;111,16,15,14,17,0,31,1
3529,512,498,14,15,0,0.029406,10899,10899,95;96;97;98;99;100;101;103;104;105;106;107;109;110;111,16,15,14,17,0,31,1
3530,512,498,14,15,0,0.029980,10863,10863,95;96;97;98;99;100;101;103;104;105;106;107;109;110;111,16,15,14,17,0,31,1
3531,512,498,14,15,0,0.030344,10832,10832,95;96;97;98;99;100;101;103;104;105;106;107;109;110;111,16,15,14,17,0,31,1
3532,512,498,14,15,0,0.030820,10796,10796,95;96;97;98;99;100;101;103;104;105;106;107;109;110;111,16,15,14,17,0,31,1
3533,512,498,14,15,0,0.031301,10760,10760,95;96;97;98;99;100;101;103;104;105;106;107;109;110;111,16,15,14,17,0,31,1
3534,512,498,14,15,0,0.031731,10729,10729,95;96;97;98;99;100;101;103;104;105;106;107;109;110;111,16,15,14,17,0,31,1
3535,512,498,14,15,0,0.032053,10697,10697,95;96;97;98;99;100;101;103;104;105;106;107;109;110;111,16,15,14,17,0,31,1
3536,512,498,14,15,0,0.032579,10666,10666,95;96;97;98;99;100;101;103;104;105;106;107;109;110;111,16,15,14,17,0,31,1
3537,512,498,14,15,0,0.032947,10635,10635,95;96;97;98;99;100;101;103;104;105;106;107;109;110;111,16,15,14,17,0,31,1
3538,512,498,14,15,0,0.033281,10604,10604,95;96;97;98;99;100;101;103;104;105;106;107;109;110;111,16,15,14,17,0,31,1
3539,512,498,14,15,0,0.033755,10573,10573,95;96;97;98;99;100;101;103;104;105;106;107;109;110;111,16,15,14,17,0,31,1
3540,512,498,14,15,0,0.034080,10542,10542,95;96;97;98;99;100;101;103;104;105;106;107;109;110;111,16,15,14,17,0,31,1
3541,512,498,14,15,0,0.034438,10511,10511,95;96;97;98;99;100;101;103;104;105;106;107;109;110;111,16,15,14,17,0,31,1
3542,512,498,14,15,0,0.034890,10480,10480,95;96;97;98;99;100;101;103;104;105;106;107;109;110;111,16,15,14,17,0,31,1
3543,512,498,14,15,0,0.035111,10448,10448,95;96;97;98;99;100;101;103;104;105;106;107;109;110;111,16,15,14,17,0,31,1
3544,512,498,14,15,0,0.035515,10417,10417,95;96;97;98;99;100;101;103;104;105;106;107;109;110;111,16,15,14,17,0,31,1
3545,512,498,14,15,0,0.035725,10386,10386,95;96;97;98;99;100;101;103;104;105;106;107;109;110;111,16,15,14,17,0,31,1
3546,512,498,14,15,0,0.036338,10355,10355,95;96;97;98;99;100;101;103;104;105;106;107;109;110;111,16,15,14,17,0,31,1
3547,512,498,14,15,0,0.036806,10324,10324,95;96;97;98;99;100;101;103;104;105;106;107;109;110;111,16,15,14,17,0,31,1
3548,512,498,14,15,0,0.036998,10293,10293,95;96;97;98;99;100;101;103;104;105;106;107;109;110;111,16,15,14,17,0,31,1
3549,512,498,14,15,0,0.037312,10262,10262,95;96;97;98;99;100;101;103;104;105;106;107;109;110;111,16,15,14,17,0,31,1
3550,512,498,14,15,0,0.037885,10231,10231,95;96;97;98;99;100;101;103;104;105;106;107;109;110;111,16,15,14,17,0,31,1
3551,512,498,14,15,0,0.038128,10199,10199,95;96;97;98;99;100;101;103;104;105;106;107;109;110;111,16,15,14,17,0,31,1
3552,512,498,14,15,0,0.038390,10163,10163,95;96;97;98;99;100;101;103;104;105;106;107;109;110;111,16,15,14,17,0,31,1
3553,512,498,14,15,0,0.038786,10132,10132,95;96;97;98;99;100;101;103;104;105;106;107;109;110;111,16,15,14,17,0,31,1
3554,512,498,14,15,0,0.039209,10101,10101,95;96;97;98;99;100;101;103;104;105;106;107;109;110;111,16,15,14,17,0,31,1
3555,512,498,14,15,0,0.039704,10070,10070,95;96;97;98;99;100;101;103;104;105;106;107;109;110;111,16,15,14,17,0,31,1
3556,512,498,14,15,0,0.039973,10039,10039,95;96;97;98;99;100;101;103;104;105;106;107;109;110;111,16,15,14,17,0,31,1
3557,512,498,14,15,0,0.040228,10008,10008,95;96;97;98;99;100;101;103;104;105;106;107;109;110;111,16,15,14,17,0,31,1
3558,512,498,14,15,0,0.040600,9972,9972,95;96;97;98;99;100;101;103;104;105;106;107;109;110;111,16,15,14,17,0,31,1
3559,512,498,14,15,0,0.041016,9940,9940,95;96;97;98;99;100;101;103;104;105;106;107;109;110;111,16,15,14,17,0,31,1
3560,512,498,14,15,0,0.041320,9909,9909,95;96;97;98;99;100;101;103;104;105;106;107;109;110;111,16,15,14,17,0,31,1
3561,512,498,14,15,0,0.041744,9873,9873,95;96;97;98;99;100;101;103;104;105;106;107;109;110;111,16,15,14,17,0,31,1
3562,512,498,14,15,0,0.042107,9842,9842,95;96;97;98;99;100;101;103;104;105;106;107;109;110;111,16,15,14,17,0,31,1
3563,512,498,14,15,0,0.042584,9811,9811,95;96;97;98;99;100;101;103;104;105;106;107;109;110;111,16,15,14,17,0,31,1
3564,512,498,14,15,0,0.042961,9775,9775,95;96;97;98;99;100;101;103;104;105;106;107;109;110;111,16,15,14,17,0,31,1
3565,512,498,14,15,0,0.043255,9744,9744,95;96;97;98;99;100;101;103;104;105;106;107;109;110;111,16,15,14,17,0,31,1
3566,512,498,14,15,0,0.043518,9713,9713,95;96;97;98;99;100;101;103;104;105;106;107;109;110;111,16,15,14,17,0,31,1
3567,512,498,14,15,0,0.044033,9681,9681,95;96;97;98;99;100;101;103;104;105;106;107;109;110;111,16,15,14,17,0,31,1
3568,512,498,14,15,0,0.044267,9650,9650,95;96;97;98;99;100;101;103;104;105;106;107;109;110;111,16,15,14,17,0,31,1
3569,512,498,14,16,1,0.044993,9615,9615,95;96;97;98;99;100;101;103;104;105;106;107;109;110;111;112,15,16,14,17,0,31,1
3570,512,497,15,16,0,0.027227,9584,9584,95;96;97;98;99;100;101;103;104;105;106;107;109;110;111;112,15,16,15,16,0,31,1
3571,512,497,15,16,0,0.027576,9548,9548,95;96;97;98;99;100;101;103;104;105;106;107;109;110;111;112,15,16,15,16,0,31,1
3572,512,497,15,16,0,0.028157,9517,9517,95;96;97;98;99;100;101;103;104;105;106;107;109;110;111;112,15,16,15,16,0,31,1
3573,512,497,15,16,0,0.028515,9485,9485,95;96;97;98;99;100;101;103;104;105;106;107;109;110;111;112,15,16,15,16,0,31,1
3574,512,497,15,16,0,0.028956,9454,9454,95;96;97;98;99;100;101;103;104;105;106;107;109;110;111;112,15,16,15,16,0,31,1
3575,512,497,15,16,0,0.029466,9423,9423,95;96;97;98;99;100;101;103;104;105;106;107;109;110;111;112,15,16,15,16,0,31,1
3576,512,497,15,16,0,0.030001,9382,9382,95;96;97;98;99;100;101;103;104;105;106;107;109;110;111;112,15,16,15,16,0,31,1
3577,512,497,15,16,0,0.030401,9346,9346,95;96;97;98;99;100;101;103;104;105;106;107;109;110;111;112,15,16,15,16,0,31,1
3578,512,497,15,16,0,0.030819,9315,9315,95;96;97;98;99;100;101;103;104;105;106;107;109;110;111;112,15,16,15,16,0,31,1
3579,512,497,15,16,0,0.031247,9279,9279,95;96;97;98;99;100;101;103;104;105;106;107;109;110;111;112,15,16,15,16,0,31,1
3580,512,497,15,16,0,0.031737,9248,9248,95;96;97;98;99;100;101;103;104;105;106;107;109;110;111;112,15,16,15,16,0,31,1
3581,512,497,15,16,0,0.032078,9217,9217,95;96;97;98;99;100;101;103;104;105;106;107;109;110;111;112,15,16,15,16,0,31,1
3582,512,497,15,16,0,0.032600,9186,9186,95;96;97;98;99;100;101;103;104;105;106;107;109;110;111;112,15,16,15,16,0,31,1
3583,512,497,15,16,0,0.032894,9155,9155,95;96;97;98;99;100;101;103;104;105;106;107;109;110;111;112,15,16,15,16,0,31,1
3584,512,497,15,16,0,0.033311,9124,9124,95;96;97;98;99;100;101;103;104;105;106;107;109;110;111;112,15,16,15,16,0,31,1
3585,512,497,15,16,0,0.033794,9093,9093,95;96;97;98;99;100;101;103;104;105;106;107;109;110;111;112,15,16,15,16,0,31,1
3586,512,497,15,17,1,0.034042,9057,9057,95;96;97;98;99;100;101;103;104;105;106;107;109;110;111;112;113,14,17,15,16,0,31,1
3587,512,496,16,17,0,0.027166,9016,9016,95;96;97;98;99;100;101;103;104;105;106;107;109;110;111;112;113,14,17,16,15,0,31,1
3588,512,496,16,17,0,0.027432,8985,8985,95;96;97;98;99;100;101;103;104;105;106;107;109;110;111;112;113,14,17,16,15,0,31,1
3589,512,496,16,17,0,0.027997,8954,8954,95;96;97;98;99;100;101;103;104;105;106;107;109;110;111;112;113,14,17,16,15,0,31,1
3590,512,496,16,17,0,0.028454,8923,8923,95;96;97;98;99;100;101;103;104;105;106;107;109;110;111;112;113,14,17,16,15,0,31,1
3591,512,496,16,17,0,0.028895,8892,8892,95;96;97;98;99;100;101;103;104;105;106;107;109;110;111;112;113,14,17,16,15,0,31,1
3592,512,496,16,17,0,0.029344,8861,8861,95;96;97;98;99;100;101;103;104;105;106;107;109;110;111;112;113,14,17,16,15,0,31,1
3593,512,496,16,17,0,0.029881,8830,8830,95;96;97;98;99;100;101;103;104;105;106;107;109;110;111;112;113,14,17,16,15,0,31,1
3594,512,496,16,17,0,0.030340,8799,8799,95;96;97;98;99;100;101;103;104;105;106;107;109;110;111;112;113,14,17,16,15,0,31,1
3595,512,496,16,17,0,0.030758,8768,8768,95;96;97;98;99;100;101;103;104;105;106;107;109;110;111;112;113,14,17,16,15,0,31,1
3596,512,496,16,17,0,0.031239,8737,8737,95;96;97;98;99;100;101;103;104;105;106;107;109;110;111;112;113,14,17,16,15,0,31,1
3597,512,496,16,17,0,0.031617,8706,8706,95;96;97;98;99;100;101;103;104;105;106;107;109;110;111;112;113,14,17,16,15,0,31,1
3598,512,496,16,17,0,0.032016,8675,8675,95;96;97;98;99;100;101;103;104;105;106;107;109;110;111;112;113,14,17,16,15,0,31,1
3599,512,496,16,17,0,0.032540,8644,8644,95;96;97;98;99;100;101;103;104;105;106;107;109;110;111;112;113,14,17,16,15,0,31,1
3600,512,496,16,17,0,0.032884,8613,8613,95;96;97;98;99;100;101;103;104;105;106;107;109;110;111;112;113,14,17,16,15,0,31,1
3601,512,496,16,17,0,0.033219,8582,8582,95;96;97;98;99;100;101;103;104;105;106;107;109;110;111;112;113,14,17,16,15,0,31,1
3602,512,496,16,17,0,0.033722,8551,8551,95;96;97;98;99;100;101;103;104;105;106;107;109;110;111;112;113,14,17,16,15,0,31,1
3603,512,496,16,17,0,0.034047,8520,8520,95;96;97;98;99;100;101;103;104;105;106;107;109;110;111;112;113,14,17,16,15,0,31,1
3604,512,496,16,17,0,0.034376,8489,8489,95;96;97;98;99;100;101;103;104;105;106;107;109;110;111;112;113,14,17,16,15,0,31,1
3605,512,496,16,18,1,0.035068,8456,8456,95;96;97;98;99;100;101;103;104;105;106;107;109;110;111;112;113;114,13,18,16,15,0,31,1
3606,512,495,17,18,0,0.031378,8425,8425,95;96;97;98;99;100;101;103;104;105;106;107;109;110;111;112;113;114,13,18,17,14,0,31,1
3607,512,495,17,18,0,0.031819,8394,8394,95;96;97;98;99;100;101;103;104;105;106;107;109;110;111;112;113;114,13,18,17,14,0,31,1
3608,512,495,17,18,0,0.032127,8363,8363,95;96;97;98;99;100;101;103;104;105;106;107;109;110;111;112;113;114,13,18,17,14,0,31,1
3609,512,495,17,18,0,0.032763,8332,8332,95;96;97;98;99;100;101;103;104;105;106;107;109;110;111;112;113;114,13,18,17,14,0,31,1
3610,512,495,17,18,0,0.033232,8296,8296,95;96;97;98;99;100;101;103;104;105;106;107;109;110;111;112;113;114,13,18,17,14,0,31,1
3611,512,495,17,18,0,0.033495,8265,8265,95;96;97;98;99;100;101;103;104;105;106;107;109;110;111;112;113;114,13,18,17,14,0,31,1
3612,512,495,17,19,1,0.034384,8225,8225,95;96;97;98;99;100;101;103;104;105;106;107;109;110;111;112;113;114;115,12,19,17,14,0,31,1
3613,512,494,18,19,0,0.030918,8189,8189,95;96;97;98;99;100;101;103;104;105;106;107;109;110;111;112;113;114;115,12,19,18,13,0,31,1
3614,512,494,18,20,1,0.031498,8154,8154,95;96;97;98;99;100;101;103;104;105;106;107;109;110;111;112;113;114;115;116,11,20,18,13,0,31,1
3615,512,493,19,20,0,0.029983,8123,8123,95;96;97;98;99;100;101;103;104;105;106;107;109;110;111;112;113;114;115;116,11,20,19,12,0,31,1
3616,512,494,18,19,0,0.030971,8169,8169,95;96;97;98;100;101;103;104;105;106;107;109;110;111;112;113;114;115;116,11,19,18,12,0,30,1
3617,512,494,18,19,0,0.031477,8138,8138,95;96;97;98;100;101;103;104;105;106;107;109;110;111;112;113;114;115;116,11,19,18,12,0,30,1
3618,512,494,18,19,0,0.031972,8107,8107,95;96;97;98;100;101;103;104;105;106;107;109;110;111;112;113;114;115;116,11,19,18,12,0,30,1
3619,512,494,18,19,0,0.032349,8076,8076,95;96;97;98;100;101;103;104;105;106;107;109;110;111;112;113;114;115;116,11,19,18,12,0,30,1
3620,512,494,18,19,0,0.032882,8046,8046,95;96;97;98;100;101;103;104;105;106;107;109;110;111;112;113;114;115;116,11,19,18,12,0,30,1
3621,512,494,18,19,0,0.033406,8015,8015,95;96;97;98;100;101;103;104;105;106;107;109;110;111;112;113;114;115;116,11,19,18,12,0,30,1
3622,512,494,18,19,0,0.033866,7984,7984,95;96;97;98;100;101;103;104;105;106;107;109;110;111;112;113;114;115;116,11,19,18,12,0,30,1
3623,512,494,18,19,0,0.034278,7953,7953,95;96;97;98;100;101;103;104;105;106;107;109;110;111;112;113;114;115;116,11,19,18,12,0,30,1
3624,512,494,18,19,0,0.034758,7922,7922,95;96;97;98;100;101;103;104;105;106;107;109;110;111;112;113;114;115;116,11,19,18,12,0,30,1
3625,512,494,18,19,0,0.035186,7891,7891,95;96;97;98;100;101;103;104;105;106;107;109;110;111;112;113;114;115;116,11,19,18,12,0,30,1
3626,512,494,18,19,0,0.035507,7860,7860,95;96;97;98;100;101;103;104;105;106;107;109;110;111;112;113;114;115;116,11,19,18,12,0,30,1
3627,512,494,18,19,0,0.036028,7829,7829,95;96;97;98;100;101;103;104;105;106;107;109;110;111;112;113;114;115;116,11,19,18,12,0,30,1
3628,512,494,18,19,0,0.036412,7799,7799,95;96;97;98;100;101;103;104;105;106;107;109;110;111;112;113;114;115;116,11,19,18,12,0,30,1
3629,512,494,18,19,0,0.036727,7768,7768,95;96;97;98;100;101;103;104;105;106;107;109;110;111;112;113;114;115;116,11,19,18,12,0,30,1
3630,512,494,18,19,0,0.037016,7737,7737,95;96;97;98;100;101;103;104;105;106;107;109;110;111;112;113;114;115;116,11,19,18,12,0,30,1
3631,512,494,18,20,1,0.037468,7701,7701,95;96;97;98;100;101;103;104;105;106;107;109;110;111;112;113;114;115;116;117,10,20,18,12,0,30,1
3632,512,493,19,20,0,0.030196,7666,7666,95;96;97;98;100;101;103;104;105;106;107;109;110;111;112;113;114;115;116;117,10,20,19,11,0,30,1
3633,512,493,19,21,1,0.030865,7630,7630,95;96;97;98;100;101;103;104;105;106;107;109;110;111;112;113;114;115;116;117;118,9,21,19,11,0,30,1
3634,512,492,20,21,0,0.029841,7599,7599,95;96;97;98;100;101;103;104;105;106;107;109;110;111;112;113;114;115;116;117;118,9,21,20,10,0,30,1
3635,512,492,20,21,0,0.030221,7568,7568,95;96;97;98;100;101;103;104;105;106;107;109;110;111;112;113;114;115;116;117;118,9,21,20,10,0,30,1
3636,512,492,20,21,0,0.030789,7538,7538,95;96;97;98;100;101;103;104;105;106;107;109;110;111;112;113;114;115;116;117;118,9,21,20,10,0,30,1
3637,512,492,20,21,0,0.031282,7507,7507,95;96;97;98;100;101;103;104;105;106;107;109;110;111;112;113;114;115;116;117;118,9,21,20,10,0,30,1
3638,512,492,20,21,0,0.031723,7471,7471,95;96;97;98;100;101;103;104;105;106;107;109;110;111;112;113;114;115;116;117;118,9,21,20,10,0,30,1
3639,512,492,20,21,0,0.032177,7440,7440,95;96;97;98;100;101;103;104;105;106;107;109;110;111;112;113;114;115;116;117;118,9,21,20,10,0,30,1
3640,512,492,20,21,0,0.032716,7410,7410,95;96;97;98;100;101;103;104;105;106;107;109;110;111;112;113;114;115;116;117;118,9,21,20,10,0,30,1
3641,512,492,20,21,0,0.033154,7369,7369,95;96;97;98;100;101;103;104;105;106;107;109;110;111;112;113;114;115;116;117;118,9,21,20,10,0,30,1
3642,512,492,20,21,0,0.033548,7333,7333,95;96;97;98;100;101;103;104;105;106;107;109;110;111;112;113;114;115;116;117;118,9,21,20,10,0,30,1
3643,512,492,20,21,0,0.034053,7302,7302,95;96;97;98;100;101;103;104;105;106;107;109;110;111;112;113;114;115;116;117;118,9,21,20,10,0,30,1
3644,512,492,20,21,0,0.034496,7267,7267,95;96;97;98;100;101;103;104;105;106;107;109;110;111;112;113;114;115;116;117;118,9,21,20,10,0,30,1
3645,512,492,20,21,0,0.034816,7236,7236,95;96;97;98;100;101;103;104;105;106;107;109;110;111;112;113;114;115;116;117;118,9,21,20,10,0,30,1
3646,512,492,20,21,0,0.035085,7205,7205,95;96;97;98;100;101;103;104;105;106;107;109;110;111;112;113;114;115;116;117;118,9,21,20,10,0,30,1
3647,512,492,20,21,0,0.035680,7174,7174,95;96;97;98;100;101;103;104;105;106;107;109;110;111;112;113;114;115;116;117;118,9,21,20,10,0,30,1
3648,512,492,20,21,0,0.035995,7144,7144,95;96;97;98;100;101;103;104;105;106;107;109;110;111;112;113;114;115;116;117;118,9,21,20,10,0,30,1
3649,512,492,20,21,0,0.036315,7113,7113,95;96;97;98;100;101;103;104;105;106;107;109;110;111;112;113;114;115;116;117;118,9,21,20,10,0,30,1
3650,512,492,20,21,0,0.036639,7082,7082,95;96;97;98;100;101;103;104;105;106;107;109;110;111;112;113;114;115;116;117;118,9,21,20,10,0,30,1
3651,512,492,20,21,0,0.036981,7046,7046,95;96;97;98;100;101;103;104;105;106;107;109;110;111;112;113;114;115;116;117;118,9,21,20,10,0,30,1
3652,512,492,20,21,0,0.037438,7016,7016,95;96;97;98;100;101;103;104;105;106;107;109;110;111;112;113;114;115;116;117;118,9,21,20,10,0,30,1
3653,512,492,20,21,0,0.037765,6985,6985,95;96;97;98;100;101;103;104;105;106;107;109;110;111;112;113;114;115;116;117;118,9,21,20,10,0,30,1
3654,512,492,20,21,0,0.037933,6954,6954,95;96;97;98;100;101;103;104;105;106;107;109;110;111;112;113;114;115;116;117;118,9,21,20,10,0,30,1
3655,512,492,20,21,0,0.038367,6923,6923,95;96;97;98;100;101;103;104;105;106;107;109;110;111;112;113;114;115;116;117;118,9,21,20,10,0,30,1
3656,512,492,20,21,0,0.038720,6883,6883,95;96;97;98;100;101;103;104;105;106;107;109;110;111;112;113;114;115;116;117;118,9,21,20,10,0,30,1
3657,512,492,20,21,0,0.039210,6847,6847,95;96;97;98;100;101;103;104;105;106;107;109;110;111;112;113;114;115;116;117;118,9,21,20,10,0,30,1
3658,512,492,20,21,0,0.039646,6816,6816,95;96;97;98;100;101;103;104;105;106;107;109;110;111;112;113;114;115;116;117;118,9,21,20,10,0,30,1
3659,512,492,20,21,0,0.039947,6775,6775,95;96;97;98;100;101;103;104;105;106;107;109;110;111;112;113;114;115;116;117;118,9,21,20,10,0,30,1
3660,512,492,20,21,0,0.040298,6745,6745,95;96;97;98;100;101;103;104;105;106;107;109;110;111;112;113;114;115;116;117;118,9,21,20,10,0,30,1
3661,512,492,20,21,0,0.040751,6714,6714,95;96;97;98;100;101;103;104;105;106;107;109;110;111;112;113;114;115;116;117;118,9,21,20,10,0,30,1
3662,512,492,20,21,0,0.041079,6683,6683,95;96;97;98;100;101;103;104;105;106;107;109;110;111;112;113;114;115;116;117;118,9,21,20,10,0,30,1
3663,512,492,20,21,0,0.041437,6652,6652,95;96;97;98;100;101;103;104;105;106;107;109;110;111;112;113;114;115;116;117;118,9,21,20,10,0,30,1
3664,512,492,20,21,0,0.041799,6622,6622,95;96;97;98;100;101;103;104;105;106;107;109;110;111;112;113;114;115;116;117;118,9,21,20,10,0,30,1
3665,512,492,20,21,0,0.042317,6591,6591,95;96;97;98;100;101;103;104;105;106;107;109;110;111;112;113;114;115;116;117;118,9,21,20,10,0,30,1
3666,512,492,20,21,0,0.042748,6560,6560,95;96;97;98;100;101;103;104;105;106;107;109;110;111;112;113;114;115;116;117;118,9,21,20,10,0,30,1
3667,512,492,20,21,0,0.042926,6524,6524,95;96;97;98;100;101;103;104;105;106;107;109;110;111;112;113;114;115;116;117;118,9,21,20,10,0,30,1
3668,512,492,20,21,0,0.043335,6494,6494,95;96;97;98;100;101;103;104;105;106;107;109;110;111;112;113;114;115;116;117;118,9,21,20,10,0,30,1
3669,512,492,20,21,0,0.043807,6463,6463,95;96;97;98;100;101;103;104;105;106;107;109;110;111;112;113;114;115;116;117;118,9,21,20,10,0,30,1
3670,512,492,20,21,0,0.043994,6432,6432,95;96;97;98;100;101;103;104;105;106;107;109;110;111;112;113;114;115;116;117;118,9,21,20,10,0,30,1
3671,512,492,20,21,0,0.044302,6401,6401,95;96;97;98;100;101;103;104;105;106;107;109;110;111;112;113;114;115;116;117;118,9,21,20,10,0,30,1
3672,512,492,20,21,0,0.044788,6371,6371,95;96;97;98;100;101;103;104;105;106;107;109;110;111;112;113;114;115;116;117;118,9,21,20,10,0,30,1
3673,512,492,20,21,0,0.045315,6340,6340,95;96;97;98;100;101;103;104;105;106;107;109;110;111;112;113;114;115;116;117;118,9,21,20,10,0,30,1
3674,512,492,20,21,0,0.045559,6309,6309,95;96;97;98;100;101;103;104;105;106;107;109;110;111;112;113;114;115;116;117;118,9,21,20,10,0,30,1
3675,512,492,20,21,0,0.045843,6278,6278,95;96;97;98;100;101;103;104;105;106;107;109;110;111;112;113;114;115;116;117;118,9,21,20,10,0,30,1
3676,512,492,20,21,0,0.046266,6248,6248,95;96;97;98;100;101;103;104;105;106;107;109;110;111;112;113;114;115;116;117;118,9,21,20,10,0,30,1
3677,512,492,20,21,0,0.046471,6212,6212,95;96;97;98;100;101;103;104;105;106;107;109;110;111;112;113;114;115;116;117;118,9,21,20,10,0,30,1
3678,512,492,20,21,0,0.046855,6181,6181,95;96;97;98;100;101;103;104;105;106;107;109;110;111;112;113;114;115;116;117;118,9,21,20,10,0,30,1
3679,512,492,20,21,0,0.047239,6150,6150,95;96;97;98;100;101;103;104;105;106;107;109;110;111;112;113;114;115;116;117;118,9,21,20,10,0,30,1
3680,512,492,20,21,0,0.047650,6120,6120,95;96;97;98;100;101;103;104;105;106;107;109;110;111;112;113;114;115;116;117;118,9,21,20,10,0,30,1
3681,512,492,20,22,1,0.048114,6084,6084,95;96;97;98;100;101;103;104;105;106;107;109;110;111;112;113;114;115;116;117;118;119,8,22,20,10,0,30,1
3682,512,491,21,22,0,0.030283,6053,6053,95;96;97;98;100;101;103;104;105;106;107;109;110;111;112;113;114;115;116;117;118;119,8,22,21,9,0,30,1
3683,512,491,21,22,0,0.030919,6023,6023,95;96;97;98;100;101;103;104;105;106;107;109;110;111;112;113;114;115;116;117;118;119,8,22,21,9,0,30,1
3684,512,491,21,22,0,0.031247,5992,5992,95;96;97;98;100;101;103;104;105;106;107;109;110;111;112;113;114;115;116;117;118;119,8,22,21,9,0,30,1
3685,512,491,21,22,0,0.031653,5961,5961,95;96;97;98;100;101;103;104;105;106;107;109;110;111;112;113;114;115;116;117;118;119,8,22,21,9,0,30,1
3686,512,491,21,22,0,0.032093,5931,5931,95;96;97;98;100;101;103;104;105;106;107;109;110;111;112;113;114;115;116;117;118;119,8,22,21,9,0,30,1
3687,512,492,20,21,0,0.032374,7567,7567,95;97;98;100;101;103;104;105;106;107;109;110;111;112;113;114;115;116;117;118;119,8,21,20,9,0,29,1
3688,512,492,20,21,0,0.032790,7531,7531,95;97;98;100;101;103;104;105;106;107;109;110;111;112;113;114;115;116;117;118;119,8,21,20,9,0,29,1
3689,512,492,20,21,0,0.033189,7500,7500,95;97;98;100;101;103;104;105;106;107;109;110;111;112;113;114;115;116;117;118;119,8,21,20,9,0,29,1
3690,512,492,20,21,0,0.033648,7465,7465,95;97;98;100;101;103;104;105;106;107;109;110;111;112;113;114;115;116;117;118;119,8,21,20,9,0,29,1
3691,512,492,20,21,0,0.034036,7434,7434,95;97;98;100;101;103;104;105;106;107;109;110;111;112;113;114;115;116;117;118;119,8,21,20,9,0,29,1
3692,512,492,20,21,0,0.034526,7398,7398,95;97;98;100;101;103;104;105;106;107;109;110;111;112;113;114;115;116;117;118;119,8,21,20,9,0,29,1
3693,512,492,20,21,0,0.034866,7362,7362,95;97;98;100;101;103;104;105;106;107;109;110;111;112;113;114;115;116;117;118;119,8,21,20,9,0,29,1
3694,512,492,20,21,0,0.035363,7332,7332,95;97;98;100;101;103;104;105;106;107;109;110;111;112;113;114;115;116;117;118;119,8,21,20,9,0,29,1
3695,512,492,20,21,0,0.035682,7301,7301,95;97;98;100;101;103;104;105;106;107;109;110;111;112;113;114;115;116;117;118;119,8,21,20,9,0,29,1
3696,512,492,20,21,0,0.036100,7270,7270,95;97;98;100;101;103;104;105;106;107;109;110;111;112;113;114;115;116;117;118;119,8,21,20,9,0,29,1
3697,512,492,20,21,0,0.036583,7239,7239,95;97;98;100;101;103;104;105;106;107;109;110;111;112;113;114;115;116;117;118;119,8,21,20,9,0,29,1
3698,512,492,20,21,0,0.036896,7209,7209,95;97;98;100;101;103;104;105;106;107;109;110;111;112;113;114;115;116;117;118;119,8,21,20,9,0,29,1
3699,512,492,20,21,0,0.037261,7178,7178,95;97;98;100;101;103;104;105;106;107;109;110;111;112;113;114;115;116;117;118;119,8,21,20,9,0,29,1
3700,512,492,20,21,0,0.037688,7147,7147,95;97;98;100;101;103;104;105;106;107;109;110;111;112;113;114;115;116;117;118;119,8,21,20,9,0,29,1
3701,512,492,20,21,0,0.037918,7116,7116,95;97;98;100;101;103;104;105;106;107;109;110;111;112;113;114;115;116;117;118;119,8,21,20,9,0,29,1
3702,512,492,20,21,0,0.038302,7086,7086,95;97;98;100;101;103;104;105;106;107;109;110;111;112;113;114;115;116;117;118;119,8,21,20,9,0,29,1
3703,512,492,20,21,0,0.038656,7050,7050,95;97;98;100;101;103;104;105;106;107;109;110;111;112;113;114;115;116;117;118;119,8,21,20,9,0,29,1
3704,512,492,20,21,0,0.039125,7019,7019,95;97;98;100;101;103;104;105;106;107;109;110;111;112;113;114;115;116;117;118;119,8,21,20,9,0,29,1
3705,512,493,19,20,0,0.039517,8031,8031,95;97;98;100;101;103;104;105;106;107;109;111;112;113;114;115;116;117;118;119,8,20,19,9,0,28,1
3706,512,493,19,20,0,0.039716,8001,8001,95;97;98;100;101;103;104;105;106;107;109;111;112;113;114;115;116;117;118;119,8,20,19,9,0,28,1
3707,512,493,19,20,0,0.040022,7970,7970,95;97;98;100;101;103;104;105;106;107;109;111;112;113;114;115;116;117;118;119,8,20,19,9,0,28,1
3708,512,493,19,20,0,0.040596,7939,7939,95;97;98;100;101;103;104;105;106;107;109;111;112;113;114;115;116;117;118;119,8,20,19,9,0,28,1
3709,512,493,19,20,0,0.040839,7908,7908,95;97;98;100;101;103;104;105;106;107;109;111;112;113;114;115;116;117;118;119,8,20,19,9,0,28,1
3710,512,493,19,20,0,0.041100,7877,7877,95;97;98;100;101;103;104;105;106;107;109;111;112;113;114;115;116;117;118;119,8,20,19,9,0,28,1
3711,512,493,19,20,0,0.041497,7846,7846,95;97;98;100;101;103;104;105;106;107;109;111;112;113;114;115;116;117;118;119,8,20,19,9,0,28,1
3712,512,493,19,20,0,0.041919,7806,7806,95;97;98;100;101;103;104;105;106;107;109;111;112;113;114;115;116;117;118;119,8,20,19,9,0,28,1
3713,512,493,19,20,0,0.042415,7775,7775,95;97;98;100;101;103;104;105;106;107;109;111;112;113;114;115;116;117;118;119,8,20,19,9,0,28,1
3714,512,493,19,20,0,0.042655,7744,7744,95;97;98;100;101;103;104;105;106;107;109;111;112;113;114;115;116;117;118;119,8,20,19,9,0,28,1
3715,512,493,19,20,0,0.042939,7713,7713,95;97;98;100;101;103;104;105;106;107;109;111;112;113;114;115;116;117;118;119,8,20,19,9,0,28,1
3716,512,493,19,20,0,0.043311,7682,7682,95;97;98;100;101;103;104;105;106;107;109;111;112;113;114;115;116;117;118;119,8,20,19,9,0,28,1
3717,512,493,19,20,0,0.043727,7652,7652,95;97;98;100;101;103;104;105;106;107;109;111;112;113;114;115;116;117;118;119,8,20,19,9,0,28,1
3718,512,493,19,20,0,0.043975,7616,7616,95;97;98;100;101;103;104;105;106;107;109;111;112;113;114;115;116;117;118;119,8,20,19,9,0,28,1
3719,512,493,19,20,0,0.044397,7585,7585,95;97;98;100;101;103;104;105;106;107;109;111;112;113;114;115;116;117;118;119,8,20,19,9,0,28,1
3720,512,493,19,20,0,0.044818,7554,7554,95;97;98;100;101;103;104;105;106;107;109;111;112;113;114;115;116;117;118;119,8,20,19,9,0,28,1
3721,512,493,19,20,0,0.045295,7513,7513,95;97;98;100;101;103;104;105;106;107;109;111;112;113;114;115;116;117;118;119,8,20,19,9,0,28,1
3722,512,493,19,20,0,0.045748,7478,7478,95;97;98;100;101;103;104;105;106;107;109;111;112;113;114;115;116;117;118;119,8,20,19,9,0,28,1
3723,512,493,19,20,0,0.045925,7447,7447,95;97;98;100;101;103;104;105;106;107;109;111;112;113;114;115;116;117;118;119,8,20,19,9,0,28,1
3724,512,493,19,20,0,0.046213,7411,7411,95;97;98;100;101;103;104;105;106;107;109;111;112;113;114;115;116;117;118;119,8,20,19,9,0,28,1
3725,512,493,19,20,0,0.046722,7380,7380,95;97;98;100;101;103;104;105;106;107;109;111;112;113;114;115;116;117;118;119,8,20,19,9,0,28,1
3726,512,493,19,20,0,0.047008,7349,7349,95;97;98;100;101;103;104;105;106;107;109;111;112;113;114;115;116;117;118;119,8,20,19,9,0,28,1
3727,512,493,19,20,0,0.047528,7318,7318,95;97;98;100;101;103;104;105;106;107;109;111;112;113;114;115;116;117;118;119,8,20,19,9,0,28,1
3728,512,493,19,20,0,0.047965,7288,7288,95;97;98;100;101;103;104;105;106;107;109;111;112;113;114;115;116;117;118;119,8,20,19,9,0,28,1
3729,512,493,19,20,0,0.048340,7257,7257,95;97;98;100;101;103;104;105;106;107;109;111;112;113;114;115;116;117;118;119,8,20,19,9,0,28,1
3730,512,493,19,20,0,0.048755,7226,7226,95;97;98;100;101;103;104;105;106;107;109;111;112;113;114;115;116;117;118;119,8,20,19,9,0,28,1
3731,512,493,19,20,0,0.048855,7190,7190,95;97;98;100;101;103;104;105;106;107;109;111;112;113;114;115;116;117;118;119,8,20,19,9,0,28,1
3732,512,493,19,20,0,0.049256,7159,7159,95;97;98;100;101;103;104;105;106;107;109;111;112;113;114;115;116;117;118;119,8,20,19,9,0,28,1
3733,512,493,19,20,0,0.049710,7129,7129,95;97;98;100;101;103;104;105;106;107;109;111;112;113;114;115;116;117;118;119,8,20,19,9,0,28,1
3734,512,493,19,20,0,0.049920,7098,7098,95;97;98;100;101;103;104;105;106;107;109;111;112;113;114;115;116;117;118;119,8,20,19,9,0,28,1
3735,512,493,19,20,0,0.050201,7067,7067,95;97;98;100;101;103;104;105;106;107;109;111;112;113;114;115;116;117;118;119,8,20,19,9,0,28,1
3736,512,493,19,20,0,0.050930,7031,7031,95;97;98;100;101;103;104;105;106;107;109;111;112;113;114;115;116;117;118;119,8,20,19,9,0,28,1
3737,512,493,19,20,0,0.051133,6995,6995,95;97;98;100;101;103;104;105;106;107;109;111;112;113;114;115;116;117;118;119,8,20,19,9,0,28,1
3738,512,493,19,20,0,0.051504,6965,6965,95;97;98;100;101;103;104;105;106;107;109;111;112;113;114;115;116;117;118;119,8,20,19,9,0,28,1
3739,512,493,19,20,0,0.051813,6924,6924,95;97;98;100;101;103;104;105;106;107;109;111;112;113;114;115;116;117;118;119,8,20,19,9,0,28,1
3740,512,494,18,19,0,0.050758,12080,12080,97;98;100;101;103;104;105;106;107;109;111;112;113;114;115;116;117;118;119,8,19,18,9,0,27,1
3741,512,494,18,19,0,0.050872,12049,12049,97;98;100;101;103;104;105;106;107;109;111;112;113;114;115;116;117;118;119,8,19,18,9,0,27,1
3742,512,494,18,19,0,0.051424,12018,12018,97;98;100;101;103;104;105;106;107;109;111;112;113;114;115;116;117;118;119,8,19,18,9,0,27,1
3743,512,494,18,19,0,0.051628,11987,11987,97;98;100;101;103;104;105;106;107;109;111;112;113;114;115;116;117;118;119,8,19,18,9,0,27,1
3744,512,494,18,19,0,0.052150,11956,11956,97;98;100;101;103;104;105;106;107;109;111;112;113;114;115;116;117;118;119,8,19,18,9,0,27,1
3745,512,494,18,19,0,0.052330,11925,11925,97;98;100;101;103;104;105;106;107;109;111;112;113;114;115;116;117;118;119,8,19,18,9,0,27,1
3746,512,494,18,19,0,0.053020,11895,11895,97;98;100;101;103;104;105;106;107;109;111;112;113;114;115;116;117;118;119,8,19,18,9,0,27,1
3747,512,494,18,19,0,0.053209,11864,11864,97;98;100;101;103;104;105;106;107;109;111;112;113;114;115;116;117;118;119,8,19,18,9,0,27,1
3748,512,494,18,19,0,0.053589,11833,11833,97;98;100;101;103;104;105;106;107;109;111;112;113;114;115;116;117;118;119,8,19,18,9,0,27,1
3749,512,494,18,19,0,0.053995,11802,11802,97;98;100;101;103;104;105;106;107;109;111;112;113;114;115;116;117;118;119,8,19,18,9,0,27,1
3750,512,494,18,19,0,0.054476,11771,11771,97;98;100;101;103;104;105;106;107;109;111;112;113;114;115;116;117;118;119,8,19,18,9,0,27,1
3751,512,494,18,19,0,0.054561,11740,11740,97;98;100;101;103;104;105;106;107;109;111;112;113;114;115;116;117;118;119,8,19,18,9,0,27,1
3752,512,494,18,19,0,0.055186,11709,11709,97;98;100;101;103;104;105;106;107;109;111;112;113;114;115;116;117;118;119,8,19,18,9,0,27,1
3753,512,494,18,19,0,0.055536,11678,11678,97;98;100;101;103;104;105;106;107;109;111;112;113;114;115;116;117;118;119,8,19,18,9,0,27,1
3754,512,494,18,19,0,0.056098,11648,11648,97;98;100;101;103;104;105;106;107;109;111;112;113;114;115;116;117;118;119,8,19,18,9,0,27,1
3755,512,494,18,19,0,0.056214,11617,11617,97;98;100;101;103;104;105;106;107;109;111;112;113;114;115;116;117;118;119,8,19,18,9,0,27,1
3756,512,494,18,19,0,0.056536,11586,11586,97;98;100;101;103;104;105;106;107;109;111;112;113;114;115;116;117;118;119,8,19,18,9,0,27,1
3757,512,494,18,19,0,0.056905,11550,11550,97;98;100;101;103;104;105;106;107;109;111;112;113;114;115;116;117;118;119,8,19,18,9,0,27,1
3758,512,494,18,19,0,0.057493,11514,11514,97;98;100;101;103;104;105;106;107;109;111;112;113;114;115;116;117;118;119,8,19,18,9,0,27,1
3759,512,494,18,19,0,0.057699,11483,11483,97;98;100;101;103;104;105;106;107;109;111;112;113;114;115;116;117;118;119,8,19,18,9,0,27,1
3760,512,494,18,19,0,0.058267,11452,11452,97;98;100;101;103;104;105;106;107;109;111;112;113;114;115;116;117;118;119,8,19,18,9,0,27,1
3761,512,494,18,19,0,0.058538,11421,11421,97;98;100;101;103;104;105;106;107;109;111;112;113;114;115;116;117;118;119,8,19,18,9,0,27,1
3762,512,494,18,19,0,0.058691,11391,11391,97;98;100;101;103;104;105;106;107;109;111;112;113;114;115;116;117;118;119,8,19,18,9,0,27,1
3763,512,494,18,19,0,0.059015,11360,11360,97;98;100;101;103;104;105;106;107;109;111;112;113;114;115;116;117;118;119,8,19,18,9,0,27,1
3764,512,494,18,19,0,0.059556,11329,11329,97;98;100;101;103;104;105;106;107;109;111;112;113;114;115;116;117;118;119,8,19,18,9,0,27,1
3765,512,495,17,18,0,0.059999,11887,11887,97;98;100;101;103;104;105;106;107;109;111;112;114;115;116;117;118;119,8,18,17,9,0,26,1
3766,512,495,17,18,0,0.060335,11856,11856,97;98;100;101;103;104;105;106;107;109;111;112;114;115;116;117;118;119,8,18,17,9,0,26,1
3767,512,495,17,18,0,0.060833,11825,11825,97;98;100;101;103;104;105;106;107;109;111;112;114;115;116;117;118;119,8,18,17,9,0,26,1
3768,512,495,17,18,0,0.061217,11789,11789,97;98;100;101;103;104;105;106;107;109;111;112;114;115;116;117;118;119,8,18,17,9,0,26,1
3769,512,495,17,18,0,0.061529,11758,11758,97;98;100;101;103;104;105;106;107;109;111;112;114;115;116;117;118;119,8,18,17,9,0,26,1
3770,512,495,17,18,0,0.061643,11722,11722,97;98;100;101;103;104;105;106;107;109;111;112;114;115;116;117;118;119,8,18,17,9,0,26,1
3771,512,495,17,18,0,0.062090,11691,11691,97;98;100;101;103;104;105;106;107;109;111;112;114;115;116;117;118;119,8,18,17,9,0,26,1
3772,512,495,17,18,0,0.062402,11655,11655,97;98;100;101;103;104;105;106;107;109;111;112;114;115;116;117;118;119,8,18,17,9,0,26,1
3773,512,495,17,18,0,0.063040,11624,11624,97;98;100;101;103;104;105;106;107;109;111;112;114;115;116;117;118;119,8,18,17,9,0,26,1
3774,512,495,17,18,0,0.063522,11593,11593,97;98;100;101;103;104;105;106;107;109;111;112;114;115;116;117;118;119,8,18,17,9,0,26,1
3775,512,495,17,18,0,0.063902,11563,11563,97;98;100;101;103;104;105;106;107;109;111;112;114;115;116;117;118;119,8,18,17,9,0,26,1
3776,512,495,17,18,0,0.064212,11532,11532,97;98;100;101;103;104;105;106;107;109;111;112;114;115;116;117;118;119,8,18,17,9,0,26,1
3777,512,495,17,18,0,0.064615,11501,11501,97;98;100;101;103;104;105;106;107;109;111;112;114;115;116;117;118;119,8,18,17,9,0,26,1
3778,512,496,16,17,0,0.061954,12215,12215,97;98;100;101;103;105;106;107;109;111;112;114;115;116;117;118;119,8,17,16,9,0,25,1
3779,512,496,16,17,0,0.062219,12184,12184,97;98;100;101;103;105;106;107;109;111;112;114;115;116;117;118;119,8,17,16,9,0,25,1
3780,512,496,16,17,0,0.062675,12153,12153,97;98;100;101;103;105;106;107;109;111;112;114;115;116;117;118;119,8,17,16,9,0,25,1
3781,512,496,16,17,0,0.063013,12122,12122,97;98;100;101;103;105;106;107;109;111;112;114;115;116;117;118;119,8,17,16,9,0,25,1
3782,512,496,16,17,0,0.063458,12091,12091,97;98;100;101;103;105;106;107;109;111;112;114;115;116;117;118;119,8,17,16,9,0,25,1
3783,512,496,16,17,0,0.064026,12055,12055,97;98;100;101;103;105;106;107;109;111;112;114;115;116;117;118;119,8,17,16,9,0,25,1
3784,512,496,16,17,0,0.064287,12024,12024,97;98;100;101;103;105;106;107;109;111;112;114;115;116;117;118;119,8,17,16,9,0,25,1
3785,512,496,16,17,0,0.064794,11993,11993,97;98;100;101;103;105;106;107;109;111;112;114;115;116;117;118;119,8,17,16,9,0,25,1
3786,512,496,16,17,0,0.064922,11962,11962,97;98;100;101;103;105;106;107;109;111;112;114;115;116;117;118;119,8,17,16,9,0,25,1
3787,512,496,16,17,0,0.065271,11931,11931,97;98;100;101;103;105;106;107;109;111;112;114;115;116;117;118;119,8,17,16,9,0,25,1
3788,512,496,16,17,0,0.065604,11900,11900,97;98;100;101;103;105;106;107;109;111;112;114;115;116;117;118;119,8,17,16,9,0,25,1
3789,512,496,16,17,0,0.065906,11869,11869,97;98;100;101;103;105;106;107;109;111;112;114;115;116;117;118;119,8,17,16,9,0,25,1
3790,512,496,16,17,0,0.066286,11838,11838,97;98;100;101;103;105;106;107;109;111;112;114;115;116;117;118;119,8,17,16,9,0,25,1
3791,512,496,16,17,0,0.066984,11807,11807,97;98;100;101;103;105;106;107;109;111;112;114;115;116;117;118;119,8,17,16,9,0,25,1
3792,512,496,16,17,0,0.067281,11766,11766,97;98;100;101;103;105;106;107;109;111;112;114;115;116;117;118;119,8,17,16,9,0,25,1
3793,512,496,16,17,0,0.067584,11735,11735,97;98;100;101;103;105;106;107;109;111;112;114;115;116;117;118;119,8,17,16,9,0,25,1
3794,512,496,16,17,0,0.067859,11704,11704,97;98;100;101;103;105;106;107;109;111;112;114;115;116;117;118;119,8,17,16,9,0,25,1
3795,512,496,16,17,0,0.068221,11673,11673,97;98;100;101;103;105;106;107;109;111;112;114;115;116;117;118;119,8,17,16,9,0,25,1
3796,512,496,16,17,0,0.068576,11642,11642,97;98;100;101;103;105;106;107;109;111;112;114;115;116;117;118;119,8,17,16,9,0,25,1
3797,512,496,16,17,0,0.068698,11611,11611,97;98;100;101;103;105;106;107;109;111;112;114;115;116;117;118;119,8,17,16,9,0,25,1
3798,512,496,16,17,0,0.069265,11580,11580,97;98;100;101;103;105;106;107;109;111;112;114;115;116;117;118;119,8,17,16,9,0,25,1
3799,512,496,16,17,0,0.069675,11549,11549,97;98;100;101;103;105;106;107;109;111;112;114;115;116;117;118;119,8,17,16,9,0,25,1
3800,512,496,16,17,0,0.070088,11518,11518,97;98;100;101;103;105;106;107;109;111;112;114;115;116;117;118;119,8,17,16,9,0,25,1
3801,512,496,16,17,0,0.070287,11477,11477,97;98;100;101;103;105;106;107;109;111;112;114;115;116;117;118;119,8,17,16,9,0,25,1
3802,512,496,16,17,0,0.070873,11446,11446,97;98;100;101;103;105;106;107;109;111;112;114;115;116;117;118;119,8,17,16,9,0,25,1
3803,512,496,16,17,0,0.071063,11415,11415,97;98;100;101;103;105;106;107;109;111;112;114;115;116;117;118;119,8,17,16,9,0,25,1
3804,512,496,16,17,0,0.071433,11379,11379,97;98;100;101;103;105;106;107;109;111;112;114;115;116;117;118;119,8,17,16,9,0,25,1
3805,512,496,16,17,0,0.071720,11348,11348,97;98;100;101;103;105;106;107;109;111;112;114;115;116;117;118;119,8,17,16,9,0,25,1
3806,512,496,16,17,0,0.072011,11317,11317,97;98;100;101;103;105;106;107;109;111;112;114;115;116;117;118;119,8,17,16,9,0,25,1
3807,512,496,16,17,0,0.072520,11286,11286,97;98;100;101;103;105;106;107;109;111;112;114;115;116;117;118;119,8,17,16,9,0,25,1
3808,512,496,16,17,0,0.073288,11255,11255,97;98;100;101;103;105;106;107;109;111;112;114;115;116;117;118;119,8,17,16,9,0,25,1
3809,512,496,16,17,0,0.073341,11224,11224,97;98;100;101;103;105;106;107;109;111;112;114;115;116;117;118;119,8,17,16,9,0,25,1
3810,512,496,16,17,0,0.073970,11193,11193,97;98;100;101;103;105;106;107;109;111;112;114;115;116;117;118;119,8,17,16,9,0,25,1
3811,512,496,16,17,0,0.074058,11157,11157,97;98;100;101;103;105;106;107;109;111;112;114;115;116;117;118;119,8,17,16,9,0,25,1
3812,512,496,16,17,0,0.074409,11126,11126,97;98;100;101;103;105;106;107;109;111;112;114;115;116;117;118;119,8,17,16,9,0,25,1
3813,512,496,16,17,0,0.074714,11095,11095,97;98;100;101;103;105;106;107;109;111;112;114;115;116;117;118;119,8,17,16,9,0,25,1
3814,512,496,16,17,0,0.075076,11064,11064,97;98;100;101;103;105;106;107;109;111;112;114;115;116;117;118;119,8,17,16,9,0,25,1
3815,512,496,16,17,0,0.075596,11033,11033,97;98;100;101;103;105;106;107;109;111;112;114;115;116;117;118;119,8,17,16,9,0,25,1
3816,512,496,16,17,0,0.076386,10997,10997,97;98;100;101;103;105;106;107;109;111;112;114;115;116;117;118;119,8,17,16,9,0,25,1
3817,512,496,16,17,0,0.076304,10961,10961,97;98;100;101;103;105;106;107;109;111;112;114;115;116;117;118;119,8,17,16,9,0,25,1
3818,512,496,16,17,0,0.076820,10930,10930,97;98;100;101;103;105;106;107;109;111;112;114;115;116;117;118;119,8,17,16,9,0,25,1
3819,512,496,16,17,0,0.077066,10889,10889,97;98;100;101;103;105;106;107;109;111;112;114;115;116;117;118;119,8,17,16,9,0,25,1
3820,512,496,16,17,0,0.077332,10858,10858,97;98;100;101;103;105;106;107;109;111;112;114;115;116;117;118;119,8,17,16,9,0,25,1
3821,512,496,16,17,0,0.077680,10827,10827,97;98;100;101;103;105;106;107;109;111;112;114;115;116;117;118;119,8,17,16,9,0,25,1
3822,512,496,16,17,0,0.078014,10796,10796,97;98;100;101;103;105;106;107;109;111;112;114;115;116;117;118;119,8,17,16,9,0,25,1
3823,512,496,16,17,0,0.078651,10765,10765,97;98;100;101;103;105;106;107;109;111;112;114;115;116;117;118;119,8,17,16,9,0,25,1
3824,512,496,16,17,0,0.078900,10734,10734,97;98;100;101;103;105;106;107;109;111;112;114;115;116;117;118;119,8,17,16,9,0,25,1
3825,512,496,16,17,0,0.079180,10703,10703,97;98;100;101;103;105;106;107;109;111;112;114;115;116;117;118;119,8,17,16,9,0,25,1
3826,512,496,16,17,0,0.080038,10672,10672,97;98;100;101;103;105;106;107;109;111;112;114;115;116;117;118;119,8,17,16,9,0,25,1
3827,512,496,16,17,0,0.080218,10641,10641,97;98;100;101;103;105;106;107;109;111;112;114;115;116;117;118;119,8,17,16,9,0,25,1
3828,512,496,16,17,0,0.080292,10610,10610,97;98;100;101;103;105;106;107;109;111;112;114;115;116;117;118;119,8,17,16,9,0,25,1
3829,512,496,16,17,0,0.080709,10579,10579,97;98;100;101;103;105;106;107;109;111;112;114;115;116;117;118;119,8,17,16,9,0,25,1
3830,512,496,16,17,0,0.080905,10548,10548,97;98;100;101;103;105;106;107;109;111;112;114;115;116;117;118;119,8,17,16,9,0,25,1
3831,512,496,16,17,0,0.081225,10517,10517,97;98;100;101;103;105;106;107;109;111;112;114;115;116;117;118;119,8,17,16,9,0,25,1
3832,512,496,16,17,0,0.081651,10486,10486,97;98;100;101;103;105;106;107;109;111;112;114;115;116;117;118;119,8,17,16,9,0,25,1
3833,512,496,16,17,0,0.082343,10455,10455,97;98;100;101;103;105;106;107;109;111;112;114;115;116;117;118;119,8,17,16,9,0,25,1
3834,512,496,16,17,0,0.082356,10424,10424,97;98;100;101;103;105;106;107;109;111;112;114;115;116;117;118;119,8,17,16,9,0,25,1
3835,512,496,16,17,0,0.083147,10393,10393,97;98;100;101;103;105;106;107;109;111;112;114;115;116;117;118;119,8,17,16,9,0,25,1
3836,512,496,16,17,0,0.083168,10362,10362,97;98;100;101;103;105;106;107;109;111;112;114;115;116;117;118;119,8,17,16,9,0,25,1
3837,512,497,15,16,0,0.083650,10416,10416,97;98;100;101;103;105;106;107;109;111;112;114;116;117;118;119,8,16,15,9,0,24,1
3838,512,497,15,16,0,0.083936,10380,10380,97;98;100;101;103;105;106;107;109;111;112;114;116;117;118;119,8,16,15,9,0,24,1
3839,512,497,15,16,0,0.084314,10348,10348,97;98;100;101;103;105;106;107;109;111;112;114;116;117;118;119,8,16,15,9,0,24,1
3840,512,498,14,15,0,0.084883,10557,10557,97;98;100;101;103;105;106;107;109;111;112;116;117;118;119,8,15,14,9,0,23,1
3841,512,498,14,15,0,0.085841,10526,10526,97;98;100;101;103;105;106;107;109;111;112;116;117;118;119,8,15,14,9,0,23,1
3842,512,498,14,15,0,0.085911,10495,10495,97;98;100;101;103;105;106;107;109;111;112;116;117;118;119,8,15,14,9,0,23,1
3843,512,498,14,15,0,0.086700,10464,10464,97;98;100;101;103;105;106;107;109;111;112;116;117;118;119,8,15,14,9,0,23,1
3844,512,498,14,15,0,0.086556,10433,10433,97;98;100;101;103;105;106;107;109;111;112;116;117;118;119,8,15,14,9,0,23,1
3845,512,498,14,15,0,0.086944,10402,10402,97;98;100;101;103;105;106;107;109;111;112;116;117;118;119,8,15,14,9,0,23,1
3846,512,498,14,15,0,0.087233,10371,10371,97;98;100;101;103;105;106;107;109;111;112;116;117;118;119,8,15,14,9,0,23,1
3847,512,498,14,15,0,0.087606,10339,10339,97;98;100;101;103;105;106;107;109;111;112;116;117;118;119,8,15,14,9,0,23,1
3848,512,499,13,14,0,0.088058,11188,11188,97;98;100;101;103;105;106;107;111;112;116;117;118;119,8,14,13,9,0,22,1
3849,512,499,13,14,0,0.088595,11157,11157,97;98;100;101;103;105;106;107;111;112;116;117;118;119,8,14,13,9,0,22,1
3850,512,499,13,14,0,0.088799,11121,11121,97;98;100;101;103;105;106;107;111;112;116;117;118;119,8,14,13,9,0,22,1
3851,512,499,13,14,0,0.089657,11090,11090,97;98;100;101;103;105;106;107;111;112;116;117;118;119,8,14,13,9,0,22,1
3852,512,499,13,14,0,0.089641,11054,11054,97;98;100;101;103;105;106;107;111;112;116;117;118;119,8,14,13,9,0,22,1
3853,512,499,13,14,0,0.089969,11022,11022,97;98;100;101;103;105;106;107;111;112;116;117;118;119,8,14,13,9,0,22,1
3854,512,499,13,14,0,0.090261,10991,10991,97;98;100;101;103;105;106;107;111;112;116;117;118;119,8,14,13,9,0,22,1
3855,512,499,13,14,0,0.090487,10960,10960,97;98;100;101;103;105;106;107;111;112;116;117;118;119,8,14,13,9,0,22,1
3856,512,499,13,14,0,0.090868,10929,10929,97;98;100;101;103;105;106;107;111;112;116;117;118;119,8,14,13,9,0,22,1
3857,512,499,13,15,1,0.091555,10893,10893,97;98;100;101;103;105;106;107;111;112;116;117;118;119;120,7,15,13,9,0,22,1
3858,512,498,14,15,0,0.027440,10862,10862,97;98;100;101;103;105;106;107;111;112;116;117;118;119;120,7,15,14,8,0,22,1
3859,512,498,14,15,0,0.027789,10831,10831,97;98;100;101;103;105;106;107;111;112;116;117;118;119;120,7,15,14,8,0,22,1
3860,512,498,14,15,0,0.028271,10799,10799,97;98;100;101;103;105;106;107;111;112;116;117;118;119;120,7,15,14,8,0,22,1
3861,512,498,14,15,0,0.028728,10768,10768,97;98;100;101;103;105;106;107;111;112;116;117;118;119;120,7,15,14,8,0,22,1
3862,512,498,14,15,0,0.029169,10737,10737,97;98;100;101;103;105;106;107;111;112;116;117;118;119;120,7,15,14,8,0,22,1
3863,512,500,12,13,0,0.030075,11370,11370,97;100;101;103;105;106;107;111;112;117;118;119;120,7,13,12,8,0,20,1
3864,512,501,11,12,0,0.028135,16792,16792,97;100;101;103;105;106;107;111;112;117;118;120,7,12,11,8,0,19,1
3865,512,501,11,12,0,0.028534,16760,16760,97;100;101;103;105;106;107;111;112;117;118;120,7,12,11,8,0,19,1
3866,512,501,11,12,0,0.028952,16729,16729,97;100;101;103;105;106;107;111;112;117;118;120,7,12,11,8,0,19,1
3867,512,501,11,13,1,0.029563,16693,16693,97;100;101;103;105;106;107;111;112;117;118;120;121,6,13,11,8,0,19,1
3868,512,500,12,13,0,0.026203,16662,16662,97;100;101;103;105;106;107;111;112;117;118;120;121,6,13,12,7,0,19,1
3869,512,500,12,13,0,0.026569,16631,16631,97;100;101;103;105;106;107;111;112;117;118;120;121,6,13,12,7,0,19,1
3870,512,500,12,13,0,0.027136,16600,16600,97;100;101;103;105;106;107;111;112;117;118;120;121,6,13,12,7,0,19,1
3871,512,500,12,13,0,0.027630,16568,16568,97;100;101;103;105;106;107;111;112;117;118;120;121,6,13,12,7,0,19,1
3872,512,500,12,13,0,0.028006,16527,16527,97;100;101;103;105;106;107;111;112;117;118;120;121,6,13,12,7,0,19,1
3873,512,500,12,13,0,0.028525,16496,16496,97;100;101;103;105;106;107;111;112;117;118;120;121,6,13,12,7,0,19,1
3874,512,500,12,13,0,0.029063,16465,16465,97;100;101;103;105;106;107;111;112;117;118;120;121,6,13,12,7,0,19,1
3875,512,500,12,13,0,0.029524,16433,16433,97;100;101;103;105;106;107;111;112;117;118;120;121,6,13,12,7,0,19,1
3876,512,500,12,13,0,0.029936,16402,16402,97;100;101;103;105;106;107;111;112;117;118;120;121,6,13,12,7,0,19,1
3877,512,500,12,13,0,0.030415,16371,16371,97;100;101;103;105;106;107;111;112;117;118;120;121,6,13,12,7,0,19,1
3878,512,500,12,13,0,0.030843,16340,16340,97;100;101;103;105;106;107;111;112;117;118;120;121,6,13,12,7,0,19,1
3879,512,500,12,14,1,0.031324,16304,16304,97;100;101;103;105;106;107;111;112;117;118;120;121;122,5,14,12,7,0,19,1
3880,512,499,13,14,0,0.025959,16273,16273,97;100;101;103;105;106;107;111;112;117;118;120;121;122,5,14,13,6,0,19,1
3881,512,499,13,14,0,0.026443,16236,16236,97;100;101;103;105;106;107;111;112;117;118;120;121;122,5,14,13,6,0,19,1
3882,512,499,13,14,0,0.026917,16205,16205,97;100;101;103;105;106;107;111;112;117;118;120;121;122,5,14,13,6,0,19,1
3883,512,499,13,14,0,0.027375,16174,16174,97;100;101;103;105;106;107;111;112;117;118;120;121;122,5,14,13,6,0,19,1
3884,512,499,13,14,0,0.027868,16138,16138,97;100;101;103;105;106;107;111;112;117;118;120;121;122,5,14,13,6,0,19,1
3885,512,499,13,14,0,0.028282,16107,16107,97;100;101;103;105;106;107;111;112;117;118;120;121;122,5,14,13,6,0,19,1
3886,512,499,13,14,0,0.028837,16075,16075,97;100;101;103;105;106;107;111;112;117;118;120;121;122,5,14,13,6,0,19,1
3887,512,499,13,14,0,0.029300,16044,16044,97;100;101;103;105;106;107;111;112;117;118;120;121;122,5,14,13,6,0,19,1
3888,512,499,13,14,0,0.029694,16013,16013,97;100;101;103;105;106;107;111;112;117;118;120;121;122,5,14,13,6,0,19,1
3889,512,499,13,14,0,0.030199,15982,15982,97;100;101;103;105;106;107;111;112;117;118;120;121;122,5,14,13,6,0,19,1
3890,512,500,12,13,0,0.030910,16137,16137,97;100;101;105;106;107;111;112;117;118;120;121;122,5,13,12,6,0,18,1
3891,512,500,12,13,0,0.031261,16100,16100,97;100;101;105;106;107;111;112;117;118;120;121;122,5,13,12,6,0,18,1
3892,512,501,11,12,0,0.030594,16619,16619,97;100;101;105;106;107;111;117;118;120;121;122,5,12,11,6,0,17,1
3893,512,501,11,12,0,0.031188,16588,16588,97;100;101;105;106;107;111;117;118;120;121;122,5,12,11,6,0,17,1
3894,512,501,11,12,0,0.031545,16556,16556,97;100;101;105;106;107;111;117;118;120;121;122,5,12,11,6,0,17,1
3895,512,501,11,12,0,0.031834,16525,16525,97;100;101;105;106;107;111;117;118;120;121;122,5,12,11,6,0,17,1
3896,512,501,11,12,0,0.031984,16489,16489,97;100;101;105;106;107;111;117;118;120;121;122,5,12,11,6,0,17,1
3897,512,501,11,12,0,0.032540,16453,16453,97;100;101;105;106;107;111;117;118;120;121;122,5,12,11,6,0,17,1
3898,512,501,11,12,0,0.032797,16421,16421,97;100;101;105;106;107;111;117;118;120;121;122,5,12,11,6,0,17,1
3899,512,501,11,12,0,0.033099,16390,16390,97;100;101;105;106;107;111;117;118;120;121;122,5,12,11,6,0,17,1
3900,512,501,11,12,0,0.033631,16359,16359,97;100;101;105;106;107;111;117;118;120;121;122,5,12,11,6,0,17,1
3901,512,501,11,12,0,0.033824,16327,16327,97;100;101;105;106;107;111;117;118;120;121;122,5,12,11,6,0,17,1
3902,512,501,11,12,0,0.034211,16296,16296,97;100;101;105;106;107;111;117;118;120;121;122,5,12,11,6,0,17,1
3903,512,501,11,12,0,0.034674,16265,16265,97;100;101;105;106;107;111;117;118;120;121;122,5,12,11,6,0,17,1
3904,512,501,11,12,0,0.035125,16233,16233,97;100;101;105;106;107;111;117;118;120;121;122,5,12,11,6,0,17,1
3905,512,501,11,12,0,0.035453,16202,16202,97;100;101;105;106;107;111;117;118;120;121;122,5,12,11,6,0,17,1
3906,512,501,11,12,0,0.035752,16171,16171,97;100;101;105;106;107;111;117;118;120;121;122,5,12,11,6,0,17,1
3907,512,501,11,12,0,0.036131,16139,16139,97;100;101;105;106;107;111;117;118;120;121;122,5,12,11,6,0,17,1
3908,512,501,11,12,0,0.036411,16108,16108,97;100;101;105;106;107;111;117;118;120;121;122,5,12,11,6,0,17,1
3909,512,501,11,12,0,0.036850,16077,16077,97;100;101;105;106;107;111;117;118;120;121;122,5,12,11,6,0,17,1
3910,512,501,11,13,1,0.037330,16041,16041,97;100;101;105;106;107;111;117;118;120;121;122;123,4,13,11,6,0,17,1
3911,512,500,12,13,0,0.026368,16010,16010,97;100;101;105;106;107;111;117;118;120;121;122;123,4,13,12,5,0,17,1
3912,512,501,11,12,0,0.025722,16081,16081,97;100;101;106;107;111;117;118;120;121;122;123,4,12,11,5,0,16,1
3913,512,501,11,12,0,0.026290,16049,16049,97;100;101;106;107;111;117;118;120;121;122;123,4,12,11,5,0,16,1
3914,512,501,11,12,0,0.026783,16018,16018,97;100;101;106;107;111;117;118;120;121;122;123,4,12,11,5,0,16,1
3915,512,501,11,12,0,0.027177,15987,15987,97;100;101;106;107;111;117;118;120;121;122;123,4,12,11,5,0,16,1
3916,512,501,11,12,0,0.027696,15956,15956,97;100;101;106;107;111;117;118;120;121;122;123,4,12,11,5,0,16,1
3917,512,501,11,12,0,0.028234,15924,15924,97;100;101;106;107;111;117;118;120;121;122;123,4,12,11,5,0,16,1
3918,512,501,11,12,0,0.028695,15888,15888,97;100;101;106;107;111;117;118;120;121;122;123,4,12,11,5,0,16,1
3919,512,501,11,12,0,0.029107,15857,15857,97;100;101;106;107;111;117;118;120;121;122;123,4,12,11,5,0,16,1
3920,512,501,11,12,0,0.029586,15825,15825,97;100;101;106;107;111;117;118;120;121;122;123,4,12,11,5,0,16,1
3921,512,501,11,12,0,0.030036,15794,15794,97;100;101;106;107;111;117;118;120;121;122;123,4,12,11,5,0,16,1
3922,512,501,11,12,0,0.030334,15763,15763,97;100;101;106;107;111;117;118;120;121;122;123,4,12,11,5,0,16,1
3923,512,501,11,12,0,0.030856,15731,15731,97;100;101;106;107;111;117;118;120;121;122;123,4,12,11,5,0,16,1
3924,512,501,11,12,0,0.031239,15700,15700,97;100;101;106;107;111;117;118;120;121;122;123,4,12,11,5,0,16,1
3925,512,501,11,12,0,0.031555,15669,15669,97;100;101;106;107;111;117;118;120;121;122;123,4,12,11,5,0,16,1
3926,512,502,10,11,0,0.030916,23216,23216,100;101;106;107;111;117;118;120;121;122;123,4,11,10,5,0,15,1
3927,512,502,10,11,0,0.031241,23185,23185,100;101;106;107;111;117;118;120;121;122;123,4,11,10,5,0,15,1
3928,512,502,10,11,0,0.031599,23154,23154,100;101;106;107;111;117;118;120;121;122;123,4,11,10,5,0,15,1
3929,512,502,10,11,0,0.031843,23122,23122,100;101;106;107;111;117;118;120;121;122;123,4,11,10,5,0,15,1
3930,512,502,10,11,0,0.032272,23091,23091,100;101;106;107;111;117;118;120;121;122;123,4,11,10,5,0,15,1
3931,512,502,10,11,0,0.032676,23059,23059,100;101;106;107;111;117;118;120;121;122;123,4,11,10,5,0,15,1
3932,512,502,10,11,0,0.032886,23023,23023,100;101;106;107;111;117;118;120;121;122;123,4,11,10,5,0,15,1
3933,512,502,10,11,0,0.033499,22992,22992,100;101;106;107;111;117;118;120;121;122;123,4,11,10,5,0,15,1
3934,512,502,10,11,0,0.033951,22960,22960,100;101;106;107;111;117;118;120;121;122;123,4,11,10,5,0,15,1
3935,512,502,10,11,0,0.034159,22924,22924,100;101;106;107;111;117;118;120;121;122;123,4,11,10,5,0,15,1
3936,512,502,10,11,0,0.034472,22893,22893,100;101;106;107;111;117;118;120;121;122;123,4,11,10,5,0,15,1
3937,512,502,10,11,0,0.035046,22861,22861,100;101;106;107;111;117;118;120;121;122;123,4,11,10,5,0,15,1
3938,512,502,10,11,0,0.035289,22830,22830,100;101;106;107;111;117;118;120;121;122;123,4,11,10,5,0,15,1
3939,512,502,10,11,0,0.035550,22798,22798,100;101;106;107;111;117;118;120;121;122;123,4,11,10,5,0,15,1
3940,512,502,10,11,0,0.036124,22767,22767,100;101;106;107;111;117;118;120;121;122;123,4,11,10,5,0,15,1
3941,512,502,10,11,0,0.036369,22736,22736,100;101;106;107;111;117;118;120;121;122;123,4,11,10,5,0,15,1
3942,512,502,10,11,0,0.036865,22704,22704,100;101;106;107;111;117;118;120;121;122;123,4,11,10,5,0,15,1
3943,512,502,10,11,0,0.037133,22673,22673,100;101;106;107;111;117;118;120;121;122;123,4,11,10,5,0,15,1
3944,512,502,10,11,0,0.037537,22642,22642,100;101;106;107;111;117;118;120;121;122;123,4,11,10,5,0,15,1
3945,512,502,10,11,0,0.037878,22610,22610,100;101;106;107;111;117;118;120;121;122;123,4,11,10,5,0,15,1
3946,512,502,10,11,0,0.038208,22579,22579,100;101;106;107;111;117;118;120;121;122;123,4,11,10,5,0,15,1
3947,512,502,10,11,0,0.038481,22547,22547,100;101;106;107;111;117;118;120;121;122;123,4,11,10,5,0,15,1
3948,512,502,10,11,0,0.038904,22516,22516,100;101;106;107;111;117;118;120;121;122;123,4,11,10,5,0,15,1
3949,512,502,10,11,0,0.039267,22485,22485,100;101;106;107;111;117;118;120;121;122;123,4,11,10,5,0,15,1
3950,512,502,10,11,0,0.039764,22453,22453,100;101;106;107;111;117;118;120;121;122;123,4,11,10,5,0,15,1
3951,512,502,10,11,0,0.040172,22422,22422,100;101;106;107;111;117;118;120;121;122;123,4,11,10,5,0,15,1
3952,512,502,10,11,0,0.040415,22386,22386,100;101;106;107;111;117;118;120;121;122;123,4,11,10,5,0,15,1
3953,512,502,10,11,0,0.040679,22354,22354,100;101;106;107;111;117;118;120;121;122;123,4,11,10,5,0,15,1
3954,512,502,10,11,0,0.041124,22318,22318,100;101;106;107;111;117;118;120;121;122;123,4,11,10,5,0,15,1
3955,512,502,10,11,0,0.041486,22286,22286,100;101;106;107;111;117;118;120;121;122;123,4,11,10,5,0,15,1
3956,512,502,10,11,0,0.041994,22255,22255,100;101;106;107;111;117;118;120;121;122;123,4,11,10,5,0,15,1
3957,512,502,10,11,0,0.042365,22224,22224,100;101;106;107;111;117;118;120;121;122;123,4,11,10,5,0,15,1
3958,512,502,10,11,0,0.042852,22192,22192,100;101;106;107;111;117;118;120;121;122;123,4,11,10,5,0,15,1
3959,512,502,10,11,0,0.043248,22161,22161,100;101;106;107;111;117;118;120;121;122;123,4,11,10,5,0,15,1
3960,512,502,10,11,0,0.043434,22130,22130,100;101;106;107;111;117;118;120;121;122;123,4,11,10,5,0,15,1
3961,512,502,10,11,0,0.043687,22093,22093,100;101;106;107;111;117;118;120;121;122;123,4,11,10,5,0,15,1
3962,512,502,10,11,0,0.044224,22062,22062,100;101;106;107;111;117;118;120;121;122;123,4,11,10,5,0,15,1
3963,512,502,10,11,0,0.044496,22030,22030,100;101;106;107;111;117;118;120;121;122;123,4,11,10,5,0,15,1
3964,512,502,10,11,0,0.045003,21994,21994,100;101;106;107;111;117;118;120;121;122;123,4,11,10,5,0,15,1
3965,512,503,9,10,0,0.045315,22749,22749,100;101;106;111;117;118;120;121;122;123,4,10,9,5,0,14,1
3966,512,503,9,10,0,0.045702,22717,22717,100;101;106;111;117;118;120;121;122;123,4,10,9,5,0,14,1
3967,512,504,8,9,0,0.045850,23262,23262,100;106;111;117;118;120;121;122;123,4,9,8,5,0,13,1
3968,512,505,7,8,0,0.046092,23618,23618,100;106;111;117;118;120;122;123,4,8,7,5,0,12,1
3969,512,505,7,8,0,0.046325,23587,23587,100;106;111;117;118;120;122;123,4,8,7,5,0,12,1
3970,512,506,6,7,0,0.046816,23774,23774,106;111;117;118;120;122;123,4,7,6,5,0,11,1
3971,512,506,6,7,0,0.047007,23742,23742,106;111;117;118;120;122;123,4,7,6,5,0,11,1
3972,512,506,6,7,0,0.047526,23711,23711,106;111;117;118;120;122;123,4,7,6,5,0,11,1
3973,512,506,6,7,0,0.047759,23679,23679,106;111;117;118;120;122;123,4,7,6,5,0,11,1
3974,512,506,6,7,0,0.048400,23647,23647,106;111;117;118;120;122;123,4,7,6,5,0,11,1
3975,512,506,6,7,0,0.048682,23616,23616,106;111;117;118;120;122;123,4,7,6,5,0,11,1
3976,512,506,6,7,0,0.049028,23579,23579,106;111;117;118;120;122;123,4,7,6,5,0,11,1
3977,512,506,6,7,0,0.049369,23548,23548,106;111;117;118;120;122;123,4,7,6,5,0,11,1
3978,512,506,6,7,0,0.049850,23516,23516,106;111;117;118;120;122;123,4,7,6,5,0,11,1
3979,512,506,6,7,0,0.050035,23484,23484,106;111;117;118;120;122;123,4,7,6,5,0,11,1
3980,512,506,6,7,0,0.050562,23453,23453,106;111;117;118;120;122;123,4,7,6,5,0,11,1
3981,512,506,6,7,0,0.050925,23421,23421,106;111;117;118;120;122;123,4,7,6,5,0,11,1
3982,512,506,6,7,0,0.051502,23389,23389,106;111;117;118;120;122;123,4,7,6,5,0,11,1
3983,512,506,6,7,0,0.051632,23358,23358,106;111;117;118;120;122;123,4,7,6,5,0,11,1
3984,512,506,6,7,0,0.051953,23326,23326,106;111;117;118;120;122;123,4,7,6,5,0,11,1
3985,512,506,6,7,0,0.052323,23295,23295,106;111;117;118;120;122;123,4,7,6,5,0,11,1
3986,512,506,6,7,0,0.052902,23263,23263,106;111;117;118;120;122;123,4,7,6,5,0,11,1
3987,512,506,6,7,0,0.053116,23231,23231,106;111;117;118;120;122;123,4,7,6,5,0,11,1
3988,512,506,6,7,0,0.053684,23200,23200,106;111;117;118;120;122;123,4,7,6,5,0,11,1
3989,512,506,6,7,0,0.053956,23168,23168,106;111;117;118;120;122;123,4,7,6,5,0,11,1
3990,512,506,6,7,0,0.054109,23136,23136,106;111;117;118;120;122;123,4,7,6,5,0,11,1
3991,512,506,6,7,0,0.054591,23105,23105,106;111;117;118;120;122;123,4,7,6,5,0,11,1
3992,512,506,6,7,0,0.054976,23073,23073,106;111;117;118;120;122;123,4,7,6,5,0,11,1
3993,512,506,6,7,0,0.055291,23042,23042,106;111;117;118;120;122;123,4,7,6,5,0,11,1
3994,512,506,6,7,0,0.056000,23010,23010,106;111;117;118;120;122;123,4,7,6,5,0,11,1
3995,512,506,6,7,0,0.056263,22978,22978,106;111;117;118;120;122;123,4,7,6,5,0,11,1
3996,512,506,6,7,0,0.056510,22947,22947,106;111;117;118;120;122;123,4,7,6,5,0,11,1
3997,512,506,6,7,0,0.056794,22915,22915,106;111;117;118;120;122;123,4,7,6,5,0,11,1
3998,512,506,6,7,0,0.057211,22878,22878,106;111;117;118;120;122;123,4,7,6,5,0,11,1
3999,512,506,6,7,0,0.057519,22847,22847,106;111;117;118;120;122;123,4,7,6,5,0,11,1
4000,512,506,6,7,0,0.057803,22815,22815,106;111;117;118;120;122;123,4,7,6,5,0,11,1
4001,512,506,6,7,0,0.058651,22784,22784,106;111;117;118;120;122;123,4,7,6,5,0,11,1
4002,512,506,6,7,0,0.058875,22752,22752,106;111;117;118;120;122;123,4,7,6,5,0,11,1
4003,512,506,6,7,0,0.059178,22720,22720,106;111;117;118;120;122;123,4,7,6,5,0,11,1
4004,512,506,6,7,0,0.059740,22689,22689,106;111;117;118;120;122;123,4,7,6,5,0,11,1
4005,512,506,6,7,0,0.059941,22657,22657,106;111;117;118;120;122;123,4,7,6,5,0,11,1
4006,512,506,6,7,0,0.060111,22625,22625,106;111;117;118;120;122;123,4,7,6,5,0,11,1
4007,512,506,6,7,0,0.060720,22594,22594,106;111;117;118;120;122;123,4,7,6,5,0,11,1
4008,512,506,6,7,0,0.060871,22562,22562,106;111;117;118;120;122;123,4,7,6,5,0,11,1
4009,512,506,6,7,0,0.061311,22531,22531,106;111;117;118;120;122;123,4,7,6,5,0,11,1
4010,512,506,6,7,0,0.061697,22499,22499,106;111;117;118;120;122;123,4,7,6,5,0,11,1
4011,512,506,6,7,0,0.062293,22467,22467,106;111;117;118;120;122;123,4,7,6,5,0,11,1
4012,512,506,6,7,0,0.062494,22436,22436,106;111;117;118;120;122;123,4,7,6,5,0,11,1
4013,512,506,6,7,0,0.062892,22404,22404,106;111;117;118;120;122;123,4,7,6,5,0,11,1
4014,512,506,6,7,0,0.063182,22372,22372,106;111;117;118;120;122;123,4,7,6,5,0,11,1
4015,512,506,6,7,0,0.063491,22336,22336,106;111;117;118;120;122;123,4,7,6,5,0,11,1
4016,512,506,6,7,0,0.063824,22304,22304,106;111;117;118;120;122;123,4,7,6,5,0,11,1
4017,512,506,6,7,0,0.064356,22273,22273,106;111;117;118;120;122;123,4,7,6,5,0,11,1
4018,512,506,6,7,0,0.064511,22241,22241,106;111;117;118;120;122;123,4,7,6,5,0,11,1
4019,512,506,6,7,0,0.065223,22209,22209,106;111;117;118;120;122;123,4,7,6,5,0,11,1
4020,512,506,6,7,0,0.065464,22178,22178,106;111;117;118;120;122;123,4,7,6,5,0,11,1
4021,512,506,6,7,0,0.065889,22146,22146,106;111;117;118;120;122;123,4,7,6,5,0,11,1
4022,512,506,6,7,0,0.066106,22114,22114,106;111;117;118;120;122;123,4,7,6,5,0,11,1
4023,512,506,6,7,0,0.066522,22083,22083,106;111;117;118;120;122;123,4,7,6,5,0,11,1
4024,512,506,6,7,0,0.066707,22051,22051,106;111;117;118;120;122;123,4,7,6,5,0,11,1
4025,512,506,6,7,0,0.067260,22020,22020,106;111;117;118;120;122;123,4,7,6,5,0,11,1
4026,512,506,6,7,0,0.067542,21988,21988,106;111;117;118;120;122;123,4,7,6,5,0,11,1
4027,512,506,6,7,0,0.068120,21956,21956,106;111;117;118;120;122;123,4,7,6,5,0,11,1
4028,512,506,6,7,0,0.068371,21925,21925,106;111;117;118;120;122;123,4,7,6,5,0,11,1
4029,512,506,6,7,0,0.068873,21893,21893,106;111;117;118;120;122;123,4,7,6,5,0,11,1
4030,512,506,6,7,0,0.069118,21861,21861,106;111;117;118;120;122;123,4,7,6,5,0,11,1
4031,512,506,6,7,0,0.069533,21830,21830,106;111;117;118;120;122;123,4,7,6,5,0,11,1
4032,512,507,5,6,0,0.069435,23248,23248,106;117;118;120;122;123,4,6,5,5,0,10,1
4033,512,508,4,5,0,0.069689,23405,23405,117;118;120;122;123,4,5,4,5,0,9,1
4034,512,508,4,5,0,0.070198,23374,23374,117;118;120;122;123,4,5,4,5,0,9,1
4035,512,508,4,5,0,0.070966,23342,23342,117;118;120;122;123,4,5,4,5,0,9,1
4036,512,508,4,5,0,0.070979,23310,23310,117;118;120;122;123,4,5,4,5,0,9,1
4037,512,508,4,5,0,0.071702,23278,23278,117;118;120;122;123,4,5,4,5,0,9,1
4038,512,508,4,5,0,0.071736,23247,23247,117;118;120;122;123,4,5,4,5,0,9,1
4039,512,508,4,5,0,0.072055,23215,23215,117;118;120;122;123,4,5,4,5,0,9,1
4040,512,508,4,5,0,0.072359,23183,23183,117;118;120;122;123,4,5,4,5,0,9,1
4041,512,508,4,5,0,0.072792,23151,23151,117;118;120;122;123,4,5,4,5,0,9,1
4042,512,508,4,5,0,0.073190,23120,23120,117;118;120;122;123,4,5,4,5,0,9,1
4043,512,508,4,5,0,0.073973,23088,23088,117;118;120;122;123,4,5,4,5,0,9,1
4044,512,508,4,5,0,0.074024,23056,23056,117;118;120;122;123,4,5,4,5,0,9,1
4045,512,508,4,5,0,0.074540,23024,23024,117;118;120;122;123,4,5,4,5,0,9,1
4046,512,508,4,5,0,0.074714,22993,22993,117;118;120;122;123,4,5,4,5,0,9,1
4047,512,508,4,5,0,0.075048,22961,22961,117;118;120;122;123,4,5,4,5,0,9,1
4048,512,508,4,6,1,0.075796,22925,22925,117;118;120;122;123;124,3,6,4,5,0,9,1
4049,512,507,5,6,0,0.024557,22893,22893,117;118;120;122;123;124,3,6,5,4,0,9,1
4050,512,507,5,6,0,0.024922,22862,22862,117;118;120;122;123;124,3,6,5,4,0,9,1
4051,512,507,5,6,0,0.025490,22830,22830,117;118;120;122;123;124,3,6,5,4,0,9,1
4052,512,507,5,6,0,0.025983,22798,22798,117;118;120;122;123;124,3,6,5,4,0,9,1
4053,512,507,5,6,0,0.026360,22767,22767,117;118;120;122;123;124,3,6,5,4,0,9,1
4054,512,507,5,6,0,0.026878,22735,22735,117;118;120;122;123;124,3,6,5,4,0,9,1
4055,512,507,5,6,0,0.027417,22703,22703,117;118;120;122;123;124,3,6,5,4,0,9,1
4056,512,507,5,6,0,0.027877,22666,22666,117;118;120;122;123;124,3,6,5,4,0,9,1
4057,512,507,5,6,0,0.028289,22635,22635,117;118;120;122;123;124,3,6,5,4,0,9,1
4058,512,507,5,6,0,0.028769,22603,22603,117;118;120;122;123;124,3,6,5,4,0,9,1
4059,512,507,5,6,0,0.029219,22571,22571,117;118;120;122;123;124,3,6,5,4,0,9,1
4060,512,507,5,6,0,0.029540,22540,22540,117;118;120;122;123;124,3,6,5,4,0,9,1
4061,512,507,5,6,0,0.030067,22508,22508,117;118;120;122;123;124,3,6,5,4,0,9,1
4062,512,507,5,6,0,0.030435,22476,22476,117;118;120;122;123;124,3,6,5,4,0,9,1
4063,512,507,5,6,0,0.030769,22445,22445,117;118;120;122;123;124,3,6,5,4,0,9,1
4064,512,507,5,6,0,0.031272,22413,22413,117;118;120;122;123;124,3,6,5,4,0,9,1
4065,512,507,5,6,0,0.031597,22381,22381,117;118;120;122;123;124,3,6,5,4,0,9,1
4066,512,507,5,6,0,0.031961,22350,22350,117;118;120;122;123;124,3,6,5,4,0,9,1
4067,512,507,5,6,0,0.032378,22318,22318,117;118;120;122;123;124,3,6,5,4,0,9,1
4068,512,507,5,6,0,0.032619,22286,22286,117;118;120;122;123;124,3,6,5,4,0,9,1
4069,512,507,5,6,0,0.033003,22255,22255,117;118;120;122;123;124,3,6,5,4,0,9,1
4070,512,507,5,6,0,0.033357,22223,22223,117;118;120;122;123;124,3,6,5,4,0,9,1
4071,512,507,5,6,0,0.033891,22191,22191,117;118;120;122;123;124,3,6,5,4,0,9,1
4072,512,507,5,6,0,0.034293,22159,22159,117;118;120;122;123;124,3,6,5,4,0,9,1
4073,512,507,5,6,0,0.034640,22128,22128,117;118;120;122;123;124,3,6,5,4,0,9,1
4074,512,507,5,7,1,0.034882,22092,22092,117;118;120;122;123;124;125,2,7,5,4,0,9,1
4075,512,506,6,7,0,0.024661,22060,22060,117;118;120;122;123;124;125,2,7,6,3,0,9,1
4076,512,506,6,7,0,0.025027,22029,22029,117;118;120;122;123;124;125,2,7,6,3,0,9,1
4077,512,506,6,7,0,0.025594,21997,21997,117;118;120;122;123;124;125,2,7,6,3,0,9,1
4078,512,506,6,8,1,0.026320,21956,21956,117;118;120;122;123;124;125;126,1,8,6,3,0,9,1
4079,512,505,7,8,0,0.024818,21924,21924,117;118;120;122;123;124;125;126,1,8,7,2,0,9,1
4080,512,505,7,9,1,0.025596,21889,21889,117;118;120;122;123;124;125;126;127,0,9,7,2,0,9,1
4081,512,504,8,9,0,0.024759,21857,21857,117;118;120;122;123;124;125;126;127,0,9,8,1,0,9,1
4082,80,72,8,9,1,0.011020,21857,21857,117;118;120;122;123;124;125;126;127,0,9,8,1,0,9,1
4083,9,0,9,9,0,0.009669,21852,21852,117;118;120;122;123;124;125;126;127,0,9,9,0,0,9,1
4084,9,0,9,9,0,0.009669,21852,21852,117;118;120;122;123;124;125;126;127,0,9,9,0,0,9,1
4085,9,0,9,9,0,0.009669,21852,21852,117;118;120;122;123;124;125;126;127,0,9,9,0,0,9,1
4086,9,0,9,9,0,0.009669,21852,21852,117;118;120;122;123;124;125;126;127,0,9,9,0,0,9,1
4087,9,0,9,9,0,0.009669,21852,21852,117;118;120;122;123;124;125;126;127,0,9,9,0,0,9,1
4088,9,0,9,9,0,0.009669,21852,21852,117;118;120;122;123;124;125;126;127,0,9,9,0,0,9,1
4089,9,0,9,9,0,0.009669,21852,21852,117;118;120;122;123;124;125;126;127,0,9,9,0,0,9,1
4090,9,0,9,9,0,0.009669,21852,21852,117;118;120;122;123;124;125;126;127,0,9,9,0,0,9,1
4091,9,0,9,9,0,0.009669,21852,21852,117;118;120;122;123;124;125;126;127,0,9,9,0,0,9,1
4092,9,0,9,9,0,0.009669,21852,21852,117;118;120;122;123;124;125;126;127,0,9,9,0,0,9,1
4093,9,0,9,9,0,0.009669,21852,21852,117;118;120;122;123;124;125;126;127,0,9,9,0,0,9,1
4094,9,0,9,9,0,0.009669,21852,21852,117;118;120;122;123;124;125;126;127,0,9,9,0,0,9,1
4095,9,0,9,9,0,0.009669,21847,21847,117;118;120;122;123;124;125;126;127,0,9,9,0,0,9,1
4096,9,0,9,9,0,0.009669,21847,21847,117;118;120;122;123;124;125;126;127,0,9,9,0,0,9,1
4097,9,0,9,9,0,0.009669,21847,21847,117;118;120;122;123;124;125;126;127,0,9,9,0,0,9,1
4098,9,0,9,9,0,0.009669,21847,21847,117;118;120;122;123;124;125;126;127,0,9,9,0,0,9,1
4099,9,0,9,9,0,0.009669,21847,21847,117;118;120;122;123;124;125;126;127,0,9,9,0,0,9,1
4100,9,0,9,9,0,0.009669,21847,21847,117;118;120;122;123;124;125;126;127,0,9,9,0,0,9,1
4101,9,0,9,9,0,0.009669,21847,21847,117;118;120;122;123;124;125;126;127,0,9,9,0,0,9,1
4102,9,0,9,9,0,0.009669,21847,21847,117;118;120;122;123;124;125;126;127,0,9,9,0,0,9,1
4103,9,0,9,9,0,0.009669,21847,21847,117;118;120;122;123;124;125;126;127,0,9,9,0,0,9,1
4104,9,0,9,9,0,0.009669,21847,21847,117;118;120;122;123;124;125;126;127,0,9,9,0,0,9,1
4105,9,0,9,9,0,0.009669,21847,21847,117;118;120;122;123;124;125;126;127,0,9,9,0,0,9,1
4106,9,0,9,9,0,0.009669,21847,21847,117;118;120;122;123;124;125;126;127,0,9,9,0,0,9,1
4107,9,0,9,9,0,0.009669,21847,21847,117;118;120;122;123;124;125;126;127,0,9,9,0,0,9,1
4108,9,0,9,9,0,0.009669,21847,21847,117;118;120;122;123;124;125;126;127,0,9,9,0,0,9,1
4109,9,0,9,9,0,0.009669,21847,21847,117;118;120;122;123;124;125;126;127,0,9,9,0,0,9,1
4110,9,0,9,9,0,0.009669,21847,21847,117;118;120;122;123;124;125;126;127,0,9,9,0,0,9,1
4111,9,0,9,9,0,0.009669,21847,21847,117;118;120;122;123;124;125;126;127,0,9,9,0,0,9,1
4112,9,0,9,9,0,0.009669,21842,21842,117;118;120;122;123;124;125;126;127,0,9,9,0,0,9,1
4113,9,0,9,9,0,0.009669,21842,21842,117;118;120;122;123;124;125;126;127,0,9,9,0,0,9,1
4114,9,0,9,9,0,0.009669,21842,21842,117;118;120;122;123;124;125;126;127,0,9,9,0,0,9,1
4115,9,0,9,9,0,0.009669,21837,21837,117;118;120;122;123;124;125;126;127,0,9,9,0,0,9,1
4116,9,0,9,9,0,0.009669,21837,21837,117;118;120;122;123;124;125;126;127,0,9,9,0,0,9,1
4117,9,0,9,9,0,0.009669,21837,21837,117;118;120;122;123;124;125;126;127,0,9,9,0,0,9,1
4118,9,0,9,9,0,0.009669,21837,21837,117;118;120;122;123;124;125;126;127,0,9,9,0,0,9,1
4119,9,0,9,9,0,0.009669,21837,21837,117;118;120;122;123;124;125;126;127,0,9,9,0,0,9,1
4120,9,0,9,9,0,0.009669,21837,21837,117;118;120;122;123;124;125;126;127,0,9,9,0,0,9,1
4121,9,0,9,9,0,0.009669,21837,21837,117;118;120;122;123;124;125;126;127,0,9,9,0,0,9,1
4122,9,0,9,9,0,0.009669,21837,21837,117;118;120;122;123;124;125;126;127,0,9,9,0,0,9,1
4123,9,0,9,9,0,0.009669,21837,21837,117;118;120;122;123;124;125;126;127,0,9,9,0,0,9,1
4124,9,0,9,9,0,0.009669,21837,21837,117;118;120;122;123;124;125;126;127,0,9,9,0,0,9,1
4125,9,0,9,9,0,0.009669,21837,21837,117;118;120;122;123;124;125;126;127,0,9,9,0,0,9,1
4126,9,0,9,9,0,0.009669,21837,21837,117;118;120;122;123;124;125;126;127,0,9,9,0,0,9,1
4127,9,0,9,9,0,0.009669,21837,21837,117;118;120;122;123;124;125;126;127,0,9,9,0,0,9,1
4128,9,0,9,9,0,0.009669,21837,21837,117;118;120;122;123;124;125;126;127,0,9,9,0,0,9,1
4129,9,0,9,9,0,0.009669,21837,21837,117;118;120;122;123;124;125;126;127,0,9,9,0,0,9,1
4130,9,0,9,9,0,0.009669,21837,21837,117;118;120;122;123;124;125;126;127,0,9,9,0,0,9,1
4131,9,0,9,9,0,0.009669,21837,21837,117;118;120;122;123;124;125;126;127,0,9,9,0,0,9,1
4132,9,0,9,9,0,0.009669,21837,21837,117;118;120;122;123;124;125;126;127,0,9,9,0,0,9,1
4133,9,0,9,9,0,0.009669,21837,21837,117;118;120;122;123;124;125;126;127,0,9,9,0,0,9,1
4134,9,0,9,9,0,0.009669,21837,21837,117;118;120;122;123;124;125;126;127,0,9,9,0,0,9,1
4135,9,0,9,9,0,0.009669,21837,21837,117;118;120;122;123;124;125;126;127,0,9,9,0,0,9,1
4136,9,0,9,9,0,0.009669,21832,21832,117;118;120;122;123;124;125;126;127,0,9,9,0,0,9,1
4137,9,0,9,9,0,0.009669,21832,21832,117;118;120;122;123;124;125;126;127,0,9,9,0,0,9,1
4138,9,0,9,9,0,0.009669,21832,21832,117;118;120;122;123;124;125;126;127,0,9,9,0,0,9,1
4139,9,0,9,9,0,0.009669,21827,21827,117;118;120;122;123;124;125;126;127,0,9,9,0,0,9,1
4140,9,0,9,9,0,0.009669,21827,21827,117;118;120;122;123;124;125;126;127,0,9,9,0,0,9,1
4141,9,0,9,9,0,0.009669,21827,21827,117;118;120;122;123;124;125;126;127,0,9,9,0,0,9,1
4142,9,0,9,9,0,0.009669,21827,21827,117;118;120;122;123;124;125;126;127,0,9,9,0,0,9,1
4143,9,0,9,9,0,0.009669,21827,21827,117;118;120;122;123;124;125;126;127,0,9,9,0,0,9,1
4144,9,0,9,9,0,0.009669,21827,21827,117;118;120;122;123;124;125;126;127,0,9,9,0,0,9,1
4145,9,0,9,9,0,0.009669,21827,21827,117;118;120;122;123;124;125;126;127,0,9,9,0,0,9,1
4146,9,0,9,9,0,0.009669,21827,21827,117;118;120;122;123;124;125;126;127,0,9,9,0,0,9,1
4147,9,0,9,9,0,0.009669,21827,21827,117;118;120;122;123;124;125;126;127,0,9,9,0,0,9,1
4148,9,0,9,9,0,0.009669,21827,21827,117;118;120;122;123;124;125;126;127,0,9,9,0,0,9,1
4149,9,0,9,9,0,0.009669,21822,21822,117;118;120;122;123;124;125;126;127,0,9,9,0,0,9,1
4150,9,0,9,9,0,0.009669,21822,21822,117;118;120;122;123;124;125;126;127,0,9,9,0,0,9,1
4151,9,0,9,9,0,0.009669,21817,21817,117;118;120;122;123;124;125;126;127,0,9,9,0,0,9,1
4152,9,0,9,9,0,0.009669,21817,21817,117;118;120;122;123;124;125;126;127,0,9,9,0,0,9,1
4153,9,0,9,9,0,0.009669,21817,21817,117;118;120;122;123;124;125;126;127,0,9,9,0,0,9,1
4154,9,0,9,9,0,0.009669,21817,21817,117;118;120;122;123;124;125;126;127,0,9,9,0,0,9,1
4155,9,0,9,9,0,0.009669,21817,21817,117;118;120;122;123;124;125;126;127,0,9,9,0,0,9,1
4156,9,0,9,9,0,0.009669,21817,21817,117;118;120;122;123;124;125;126;127,0,9,9,0,0,9,1
4157,9,0,9,9,0,0.009669,21817,21817,117;118;120;122;123;124;125;126;127,0,9,9,0,0,9,1
4158,9,0,9,9,0,0.009669,21812,21812,117;118;120;122;123;124;125;126;127,0,9,9,0,0,9,1
4159,9,0,9,9,0,0.009669,21812,21812,117;118;120;122;123;124;125;126;127,0,9,9,0,0,9,1
4160,9,0,9,9,0,0.009669,21812,21812,117;118;120;122;123;124;125;126;127,0,9,9,0,0,9,1
4161,9,0,9,9,0,0.009669,21812,21812,117;118;120;122;123;124;125;126;127,0,9,9,0,0,9,1
4162,9,0,9,9,0,0.009669,21807,21807,117;118;120;122;123;124;125;126;127,0,9,9,0,0,9,1
4163,9,0,9,9,0,0.009669,21807,21807,117;118;120;122;123;124;125;126;127,0,9,9,0,0,9,1
4164,9,0,9,9,0,0.009669,21807,21807,117;118;120;122;123;124;125;126;127,0,9,9,0,0,9,1
4165,9,0,9,9,0,0.009669,21807,21807,117;118;120;122;123;124;125;126;127,0,9,9,0,0,9,1
4166,9,0,9,9,0,0.009669,21807,21807,117;118;120;122;123;124;125;126;127,0,9,9,0,0,9,1
4167,9,0,9,9,0,0.009669,21807,21807,117;118;120;122;123;124;125;126;127,0,9,9,0,0,9,1
4168,9,0,9,9,0,0.009669,21807,21807,117;118;120;122;123;124;125;126;127,0,9,9,0,0,9,1
4169,9,0,9,9,0,0.009669,21807,21807,117;118;120;122;123;124;125;126;127,0,9,9,0,0,9,1
4170,9,0,9,9,0,0.009669,21807,21807,117;118;120;122;123;124;125;126;127,0,9,9,0,0,9,1
4171,9,0,9,9,0,0.009669,21807,21807,117;118;120;122;123;124;125;126;127,0,9,9,0,0,9,1
4172,9,0,9,9,0,0.009669,21807,21807,117;118;120;122;123;124;125;126;127,0,9,9,0,0,9,1
4173,9,0,9,9,0,0.009669,21807,21807,117;118;120;122;123;124;125;126;127,0,9,9,0,0,9,1
4174,9,0,9,9,0,0.009669,21807,21807,117;118;120;122;123;124;125;126;127,0,9,9,0,0,9,1
4175,9,0,9,9,0,0.009669,21802,21802,117;118;120;122;123;124;125;126;127,0,9,9,0,0,9,1
4176,9,0,9,9,0,0.009669,21802,21802,117;118;120;122;123;124;125;126;127,0,9,9,0,0,9,1
4177,9,0,9,9,0,0.009669,21802,21802,117;118;120;122;123;124;125;126;127,0,9,9,0,0,9,1
4178,9,0,9,9,0,0.009669,21802,21802,117;118;120;122;123;124;125;126;127,0,9,9,0,0,9,1
4179,9,0,9,9,0,0.009669,21802,21802,117;118;120;122;123;124;125;126;127,0,9,9,0,0,9,1
4180,9,0,9,9,0,0.009669,21802,21802,117;118;120;122;123;124;125;126;127,0,9,9,0,0,9,1
4181,9,0,9,9,0,0.009669,21802,21802,117;118;120;122;123;124;125;126;127,0,9,9,0,0,9,1
4182,9,0,9,9,0,0.009669,21802,21802,117;118;120;122;123;124;125;126;127,0,9,9,0,0,9,1
4183,9,0,9,9,0,0.009669,21802,21802,117;118;120;122;123;124;125;126;127,0,9,9,0,0,9,1
4184,9,0,9,9,0,0.009669,21802,21802,117;118;120;122;123;124;125;126;127,0,9,9,0,0,9,1
4185,9,0,9,9,0,0.009669,21802,21802,117;118;120;122;123;124;125;126;127,0,9,9,0,0,9,1
4186,9,0,9,9,0,0.009673,21802,21802,117;118;120;122;123;124;125;126;127,0,9,9,0,0,9,1
4187,9,0,9,9,0,0.009673,21802,21802,117;118;120;122;123;124;125;126;127,0,9,9,0,0,9,1
4188,9,0,9,9,0,0.009673,21802,21802,117;118;120;122;123;124;125;126;127,0,9,9,0,0,9,1
4189,9,0,9,9,0,0.009673,21802,21802,117;118;120;122;123;124;125;126;127,0,9,9,0,0,9,1
4190,9,0,9,9,0,0.009673,21802,21802,117;118;120;122;123;124;125;126;127,0,9,9,0,0,9,1
4191,9,0,9,9,0,0.009673,21802,21802,117;118;120;122;123;124;125;126;127,0,9,9,0,0,9,1
4192,9,0,9,9,0,0.009673,21797,21797,117;118;120;122;123;124;125;126;127,0,9,9,0,0,9,1
4193,9,0,9,9,0,0.009673,21797,21797,117;118;120;122;123;124;125;126;127,0,9,9,0,0,9,1
4194,9,0,9,9,0,0.009673,21797,21797,117;118;120;122;123;124;125;126;127,0,9,9,0,0,9,1
4195,9,0,9,9,0,0.009673,21792,21792,117;118;120;122;123;124;125;126;127,0,9,9,0,0,9,1
4196,9,0,9,9,0,0.009673,21792,21792,117;118;120;122;123;124;125;126;127,0,9,9,0,0,9,1
4197,9,0,9,9,0,0.009673,21792,21792,117;118;120;122;123;124;125;126;127,0,9,9,0,0,9,1
4198,9,0,9,9,0,0.009673,21792,21792,117;118;120;122;123;124;125;126;127,0,9,9,0,0,9,1
4199,9,0,9,9,0,0.009673,21792,21792,117;118;120;122;123;124;125;126;127,0,9,9,0,0,9,1
4200,9,0,9,9,0,0.009673,21792,21792,117;118;120;122;123;124;125;126;127,0,9,9,0,0,9,1
4201,9,0,9,9,0,0.009673,21792,21792,117;118;120;122;123;124;125;126;127,0,9,9,0,0,9,1
4202,9,0,9,9,0,0.009673,21792,21792,117;118;120;122;123;124;125;126;127,0,9,9,0,0,9,1
4203,9,0,9,9,0,0.009673,21792,21792,117;118;120;122;123;124;125;126;127,0,9,9,0,0,9,1
4204,9,0,9,9,0,0.009673,21792,21792,117;118;120;122;123;124;125;126;127,0,9,9,0,0,9,1
4205,9,0,9,9,0,0.009673,21792,21792,117;118;120;122;123;124;125;126;127,0,9,9,0,0,9,1
4206,9,0,9,9,0,0.009673,21792,21792,117;118;120;122;123;124;125;126;127,0,9,9,0,0,9,1
4207,8,0,8,8,0,0.009336,21888,21888,118;120;122;123;124;125;126;127,0,8,8,0,0,8,1
4208,8,0,8,8,0,0.009336,21888,21888,118;120;122;123;124;125;126;127,0,8,8,0,0,8,1
4209,8,0,8,8,0,0.009336,21888,21888,118;120;122;123;124;125;126;127,0,8,8,0,0,8,1
4210,8,0,8,8,0,0.009336,21888,21888,118;120;122;123;124;125;126;127,0,8,8,0,0,8,1
4211,8,0,8,8,0,0.009336,21888,21888,118;120;122;123;124;125;126;127,0,8,8,0,0,8,1
4212,8,0,8,8,0,0.009336,21888,21888,118;120;122;123;124;125;126;127,0,8,8,0,0,8,1
4213,8,0,8,8,0,0.009336,21888,21888,118;120;122;123;124;125;126;127,0,8,8,0,0,8,1
4214,8,0,8,8,0,0.009336,21888,21888,118;120;122;123;124;125;126;127,0,8,8,0,0,8,1
4215,8,0,8,8,0,0.009336,21888,21888,118;120;122;123;124;125;126;127,0,8,8,0,0,8,1
4216,8,0,8,8,0,0.009336,21883,21883,118;120;122;123;124;125;126;127,0,8,8,0,0,8,1
4217,8,0,8,8,0,0.009336,21883,21883,118;120;122;123;124;125;126;127,0,8,8,0,0,8,1
4218,8,0,8,8,0,0.009336,21883,21883,118;120;122;123;124;125;126;127,0,8,8,0,0,8,1
4219,8,0,8,8,0,0.009336,21878,21878,118;120;122;123;124;125;126;127,0,8,8,0,0,8,1
4220,8,0,8,8,0,0.009336,21878,21878,118;120;122;123;124;125;126;127,0,8,8,0,0,8,1
4221,8,0,8,8,0,0.009336,21878,21878,118;120;122;123;124;125;126;127,0,8,8,0,0,8,1
4222,8,0,8,8,0,0.009336,21878,21878,118;120;122;123;124;125;126;127,0,8,8,0,0,8,1
4223,8,0,8,8,0,0.009336,21878,21878,118;120;122;123;124;125;126;127,0,8,8,0,0,8,1
4224,8,0,8,8,0,0.009336,21878,21878,118;120;122;123;124;125;126;127,0,8,8,0,0,8,1
4225,8,0,8,8,0,0.009336,21878,21878,118;120;122;123;124;125;126;127,0,8,8,0,0,8,1
4226,8,0,8,8,0,0.009336,21878,21878,118;120;122;123;124;125;126;127,0,8,8,0,0,8,1
4227,8,0,8,8,0,0.009336,21878,21878,118;120;122;123;124;125;126;127,0,8,8,0,0,8,1
4228,8,0,8,8,0,0.009336,21878,21878,118;120;122;123;124;125;126;127,0,8,8,0,0,8,1
4229,8,0,8,8,0,0.009336,21873,21873,118;120;122;123;124;125;126;127,0,8,8,0,0,8,1
4230,8,0,8,8,0,0.009336,21873,21873,118;120;122;123;124;125;126;127,0,8,8,0,0,8,1
4231,8,0,8,8,0,0.009336,21868,21868,118;120;122;123;124;125;126;127,0,8,8,0,0,8,1
4232,8,0,8,8,0,0.009336,21868,21868,118;120;122;123;124;125;126;127,0,8,8,0,0,8,1
4233,8,0,8,8,0,0.009336,21868,21868,118;120;122;123;124;125;126;127,0,8,8,0,0,8,1
4234,8,0,8,8,0,0.009336,21868,21868,118;120;122;123;124;125;126;127,0,8,8,0,0,8,1
4235,8,0,8,8,0,0.009336,21868,21868,118;120;122;123;124;125;126;127,0,8,8,0,0,8,1
4236,8,0,8,8,0,0.009336,21868,21868,118;120;122;123;124;125;126;127,0,8,8,0,0,8,1
4237,8,0,8,8,0,0.009336,21868,21868,118;120;122;123;124;125;126;127,0,8,8,0,0,8,1
4238,8,0,8,8,0,0.009336,21863,21863,118;120;122;123;124;125;126;127,0,8,8,0,0,8,1
4239,8,0,8,8,0,0.009336,21863,21863,118;120;122;123;124;125;126;127,0,8,8,0,0,8,1
4240,8,0,8,8,0,0.009336,21863,21863,118;120;122;123;124;125;126;127,0,8,8,0,0,8,1
4241,8,0,8,8,0,0.009336,21863,21863,118;120;122;123;124;125;126;127,0,8,8,0,0,8,1
4242,8,0,8,8,0,0.009336,21858,21858,118;120;122;123;124;125;126;127,0,8,8,0,0,8,1
4243,8,0,8,8,0,0.009336,21858,21858,118;120;122;123;124;125;126;127,0,8,8,0,0,8,1
4244,8,0,8,8,0,0.009336,21858,21858,118;120;122;123;124;125;126;127,0,8,8,0,0,8,1
4245,8,0,8,8,0,0.009336,21858,21858,118;120;122;123;124;125;126;127,0,8,8,0,0,8,1
4246,8,0,8,8,0,0.009336,21858,21858,118;120;122;123;124;125;126;127,0,8,8,0,0,8,1
4247,8,0,8,8,0,0.009336,21858,21858,118;120;122;123;124;125;126;127,0,8,8,0,0,8,1
4248,7,0,7,7,0,0.009227,22848,22848,118;120;123;124;125;126;127,0,7,7,0,0,7,1
4249,7,0,7,7,0,0.009227,22848,22848,118;120;123;124;125;126;127,0,7,7,0,0,7,1
4250,7,0,7,7,0,0.009227,22848,22848,118;120;123;124;125;126;127,0,7,7,0,0,7,1
4251,7,0,7,7,0,0.009227,22848,22848,118;120;123;124;125;126;127,0,7,7,0,0,7,1
4252,7,0,7,7,0,0.009227,22848,22848,118;120;123;124;125;126;127,0,7,7,0,0,7,1
4253,7,0,7,7,0,0.009227,22848,22848,118;120;123;124;125;126;127,0,7,7,0,0,7,1
4254,7,0,7,7,0,0.009227,22848,22848,118;120;123;124;125;126;127,0,7,7,0,0,7,1
4255,7,0,7,7,0,0.009227,22843,22843,118;120;123;124;125;126;127,0,7,7,0,0,7,1
4256,7,0,7,7,0,0.009227,22843,22843,118;120;123;124;125;126;127,0,7,7,0,0,7,1
4257,7,0,7,7,0,0.009227,22843,22843,118;120;123;124;125;126;127,0,7,7,0,0,7,1
4258,7,0,7,7,0,0.009227,22843,22843,118;120;123;124;125;126;127,0,7,7,0,0,7,1
4259,7,0,7,7,0,0.009227,22843,22843,118;120;123;124;125;126;127,0,7,7,0,0,7,1
4260,7,0,7,7,0,0.009227,22843,22843,118;120;123;124;125;126;127,0,7,7,0,0,7,1
4261,7,0,7,7,0,0.009227,22843,22843,118;120;123;124;125;126;127,0,7,7,0,0,7,1
4262,7,0,7,7,0,0.009227,22843,22843,118;120;123;124;125;126;127,0,7,7,0,0,7,1
4263,7,0,7,7,0,0.009227,22843,22843,118;120;123;124;125;126;127,0,7,7,0,0,7,1
4264,7,0,7,7,0,0.009227,22843,22843,118;120;123;124;125;126;127,0,7,7,0,0,7,1
4265,7,0,7,7,0,0.009227,22843,22843,118;120;123;124;125;126;127,0,7,7,0,0,7,1
4266,7,0,7,7,0,0.009227,22843,22843,118;120;123;124;125;126;127,0,7,7,0,0,7,1
4267,7,0,7,7,0,0.009227,22843,22843,118;120;123;124;125;126;127,0,7,7,0,0,7,1
4268,7,0,7,7,0,0.009227,22843,22843,118;120;123;124;125;126;127,0,7,7,0,0,7,1
4269,7,0,7,7,0,0.009227,22843,22843,118;120;123;124;125;126;127,0,7,7,0,0,7,1
4270,7,0,7,7,0,0.009227,22843,22843,118;120;123;124;125;126;127,0,7,7,0,0,7,1
4271,7,0,7,7,0,0.009227,22843,22843,118;120;123;124;125;126;127,0,7,7,0,0,7,1
4272,7,0,7,7,0,0.009227,22843,22843,118;120;123;124;125;126;127,0,7,7,0,0,7,1
4273,7,0,7,7,0,0.009227,22843,22843,118;120;123;124;125;126;127,0,7,7,0,0,7,1
4274,7,0,7,7,0,0.009227,22843,22843,118;120;123;124;125;126;127,0,7,7,0,0,7,1
4275,7,0,7,7,0,0.009227,22838,22838,118;120;123;124;125;126;127,0,7,7,0,0,7,1
4276,7,0,7,7,0,0.009227,22838,22838,118;120;123;124;125;126;127,0,7,7,0,0,7,1
4277,7,0,7,7,0,0.009227,22838,22838,118;120;123;124;125;126;127,0,7,7,0,0,7,1
4278,7,0,7,7,0,0.009227,22838,22838,118;120;123;124;125;126;127,0,7,7,0,0,7,1
4279,7,0,7,7,0,0.009227,22838,22838,118;120;123;124;125;126;127,0,7,7,0,0,7,1
4280,7,0,7,7,0,0.009227,22838,22838,118;120;123;124;125;126;127,0,7,7,0,0,7,1
4281,7,0,7,7,0,0.009227,22838,22838,118;120;123;124;125;126;127,0,7,7,0,0,7,1
4282,7,0,7,7,0,0.009227,22838,22838,118;120;123;124;125;126;127,0,7,7,0,0,7,1
4283,7,0,7,7,0,0.009227,22838,22838,118;120;123;124;125;126;127,0,7,7,0,0,7,1
4284,7,0,7,7,0,0.009227,22838,22838,118;120;123;124;125;126;127,0,7,7,0,0,7,1
4285,7,0,7,7,0,0.009227,22838,22838,118;120;123;124;125;126;127,0,7,7,0,0,7,1
4286,7,0,7,7,0,0.009227,22838,22838,118;120;123;124;125;126;127,0,7,7,0,0,7,1
4287,7,0,7,7,0,0.009227,22838,22838,118;120;123;124;125;126;127,0,7,7,0,0,7,1
4288,7,0,7,7,0,0.009227,22838,22838,118;120;123;124;125;126;127,0,7,7,0,0,7,1
4289,7,0,7,7,0,0.009227,22838,22838,118;120;123;124;125;126;127,0,7,7,0,0,7,1
4290,7,0,7,7,0,0.009227,22838,22838,118;120;123;124;125;126;127,0,7,7,0,0,7,1
4291,7,0,7,7,0,0.009227,22838,22838,118;120;123;124;125;126;127,0,7,7,0,0,7,1
4292,7,0,7,7,0,0.009227,22838,22838,118;120;123;124;125;126;127,0,7,7,0,0,7,1
4293,7,0,7,7,0,0.009227,22838,22838,118;120;123;124;125;126;127,0,7,7,0,0,7,1
4294,7,0,7,7,0,0.009227,22838,22838,118;120;123;124;125;126;127,0,7,7,0,0,7,1
4295,7,0,7,7,0,0.009227,22838,22838,118;120;123;124;125;126;127,0,7,7,0,0,7,1
4296,7,0,7,7,0,0.009227,22838,22838,118;120;123;124;125;126;127,0,7,7,0,0,7,1
4297,6,0,6,6,0,0.008799,24339,24339,120;123;124;125;126;127,0,6,6,0,0,6,1
4298,6,0,6,6,0,0.008799,24339,24339,120;123;124;125;126;127,0,6,6,0,0,6,1
4299,6,0,6,6,0,0.008799,24334,24334,120;123;124;125;126;127,0,6,6,0,0,6,1
4300,6,0,6,6,0,0.008799,24334,24334,120;123;124;125;126;127,0,6,6,0,0,6,1
4301,6,0,6,6,0,0.008799,24334,24334,120;123;124;125;126;127,0,6,6,0,0,6,1
4302,6,0,6,6,0,0.008799,24334,24334,120;123;124;125;126;127,0,6,6,0,0,6,1
4303,6,0,6,6,0,0.008799,24334,24334,120;123;124;125;126;127,0,6,6,0,0,6,1
4304,6,0,6,6,0,0.008799,24334,24334,120;123;124;125;126;127,0,6,6,0,0,6,1
4305,6,0,6,6,0,0.008799,24334,24334,120;123;124;125;126;127,0,6,6,0,0,6,1
4306,6,0,6,6,0,0.008799,24334,24334,120;123;124;125;126;127,0,6,6,0,0,6,1
4307,6,0,6,6,0,0.008799,24334,24334,120;123;124;125;126;127,0,6,6,0,0,6,1
4308,6,0,6,6,0,0.008799,24334,24334,120;123;124;125;126;127,0,6,6,0,0,6,1
4309,6,0,6,6,0,0.008799,24329,24329,120;123;124;125;126;127,0,6,6,0,0,6,1
4310,6,0,6,6,0,0.008799,24329,24329,120;123;124;125;126;127,0,6,6,0,0,6,1
4311,6,0,6,6,0,0.008799,24324,24324,120;123;124;125;126;127,0,6,6,0,0,6,1
4312,6,0,6,6,0,0.008799,24324,24324,120;123;124;125;126;127,0,6,6,0,0,6,1
4313,6,0,6,6,0,0.008799,24324,24324,120;123;124;125;126;127,0,6,6,0,0,6,1
4314,6,0,6,6,0,0.008799,24324,24324,120;123;124;125;126;127,0,6,6,0,0,6,1
4315,6,0,6,6,0,0.008799,24324,24324,120;123;124;125;126;127,0,6,6,0,0,6,1
4316,6,0,6,6,0,0.008799,24324,24324,120;123;124;125;126;127,0,6,6,0,0,6,1
4317,6,0,6,6,0,0.008799,24324,24324,120;123;124;125;126;127,0,6,6,0,0,6,1
4318,6,0,6,6,0,0.008799,24324,24324,120;123;124;125;126;127,0,6,6,0,0,6,1
4319,6,0,6,6,0,0.008799,24324,24324,120;123;124;125;126;127,0,6,6,0,0,6,1
4320,6,0,6,6,0,0.008799,24324,24324,120;123;124;125;126;127,0,6,6,0,0,6,1
4321,6,0,6,6,0,0.008799,24324,24324,120;123;124;125;126;127,0,6,6,0,0,6,1
4322,6,0,6,6,0,0.008799,24319,24319,120;123;124;125;126;127,0,6,6,0,0,6,1
4323,6,0,6,6,0,0.008799,24319,24319,120;123;124;125;126;127,0,6,6,0,0,6,1
4324,6,0,6,6,0,0.008799,24319,24319,120;123;124;125;126;127,0,6,6,0,0,6,1
4325,6,0,6,6,0,0.008799,24319,24319,120;123;124;125;126;127,0,6,6,0,0,6,1
4326,6,0,6,6,0,0.008799,24319,24319,120;123;124;125;126;127,0,6,6,0,0,6,1
4327,6,0,6,6,0,0.008799,24319,24319,120;123;124;125;126;127,0,6,6,0,0,6,1
4328,6,0,6,6,0,0.008799,24319,24319,120;123;124;125;126;127,0,6,6,0,0,6,1
4329,6,0,6,6,0,0.008799,24319,24319,120;123;124;125;126;127,0,6,6,0,0,6,1
4330,6,0,6,6,0,0.008799,24319,24319,120;123;124;125;126;127,0,6,6,0,0,6,1
4331,6,0,6,6,0,0.008799,24319,24319,120;123;124;125;126;127,0,6,6,0,0,6,1
4332,6,0,6,6,0,0.008799,24319,24319,120;123;124;125;126;127,0,6,6,0,0,6,1
4333,6,0,6,6,0,0.008799,24319,24319,120;123;124;125;126;127,0,6,6,0,0,6,1
4334,6,0,6,6,0,0.008799,24319,24319,120;123;124;125;126;127,0,6,6,0,0,6,1
4335,6,0,6,6,0,0.008799,24314,24314,120;123;124;125;126;127,0,6,6,0,0,6,1
4336,6,0,6,6,0,0.008799,24314,24314,120;123;124;125;126;127,0,6,6,0,0,6,1
4337,6,0,6,6,0,0.008799,24314,24314,120;123;124;125;126;127,0,6,6,0,0,6,1
4338,6,0,6,6,0,0.008799,24314,24314,120;123;124;125;126;127,0,6,6,0,0,6,1
4339,6,0,6,6,0,0.008799,24314,24314,120;123;124;125;126;127,0,6,6,0,0,6,1
4340,6,0,6,6,0,0.008799,24314,24314,120;123;124;125;126;127,0,6,6,0,0,6,1
4341,6,0,6,6,0,0.008799,24314,24314,120;123;124;125;126;127,0,6,6,0,0,6,1
4342,6,0,6,6,0,0.008799,24314,24314,120;123;124;125;126;127,0,6,6,0,0,6,1
4343,6,0,6,6,0,0.008799,24314,24314,120;123;124;125;126;127,0,6,6,0,0,6,1
4344,6,0,6,6,0,0.008799,24314,24314,120;123;124;125;126;127,0,6,6,0,0,6,1
4345,6,0,6,6,0,0.008799,24314,24314,120;123;124;125;126;127,0,6,6,0,0,6,1
4346,6,0,6,6,0,0.008799,24314,24314,120;123;124;125;126;127,0,6,6,0,0,6,1
4347,6,0,6,6,0,0.008799,24314,24314,120;123;124;125;126;127,0,6,6,0,0,6,1
4348,6,0,6,6,0,0.008799,24314,24314,120;123;124;125;126;127,0,6,6,0,0,6,1
4349,6,0,6,6,0,0.008799,24314,24314,120;123;124;125;126;127,0,6,6,0,0,6,1
4350,6,0,6,6,0,0.008799,24314,24314,120;123;124;125;126;127,0,6,6,0,0,6,1
4351,6,0,6,6,0,0.008799,24314,24314,120;123;124;125;126;127,0,6,6,0,0,6,1
4352,6,0,6,6,0,0.008799,24314,24314,120;123;124;125;126;127,0,6,6,0,0,6,1
4353,6,0,6,6,0,0.008799,24314,24314,120;123;124;125;126;127,0,6,6,0,0,6,1
4354,6,0,6,6,0,0.008799,24314,24314,120;123;124;125;126;127,0,6,6,0,0,6,1
4355,6,0,6,6,0,0.008799,24309,24309,120;123;124;125;126;127,0,6,6,0,0,6,1
4356,6,0,6,6,0,0.008799,24309,24309,120;123;124;125;126;127,0,6,6,0,0,6,1
4357,6,0,6,6,0,0.008799,24309,24309,120;123;124;125;126;127,0,6,6,0,0,6,1
4358,6,0,6,6,0,0.008799,24309,24309,120;123;124;125;126;127,0,6,6,0,0,6,1
4359,6,0,6,6,0,0.008799,24309,24309,120;123;124;125;126;127,0,6,6,0,0,6,1
4360,6,0,6,6,0,0.008799,24309,24309,120;123;124;125;126;127,0,6,6,0,0,6,1
4361,5,0,5,5,0,0.008848,24666,24666,123;124;125;126;127,0,5,5,0,0,5,1
4362,5,0,5,5,0,0.008848,24666,24666,123;124;125;126;127,0,5,5,0,0,5,1
4363,5,0,5,5,0,0.008848,24666,24666,123;124;125;126;127,0,5,5,0,0,5,1
4364,5,0,5,5,0,0.008848,24666,24666,123;124;125;126;127,0,5,5,0,0,5,1
4365,5,0,5,5,0,0.008848,24666,24666,123;124;125;126;127,0,5,5,0,0,5,1
4366,5,0,5,5,0,0.008848,24666,24666,123;124;125;126;127,0,5,5,0,0,5,1
4367,5,0,5,5,0,0.008848,24666,24666,123;124;125;126;127,0,5,5,0,0,5,1
4368,5,0,5,5,0,0.008848,24666,24666,123;124;125;126;127,0,5,5,0,0,5,1
4369,5,0,5,5,0,0.008848,24666,24666,123;124;125;126;127,0,5,5,0,0,5,1
4370,5,0,5,5,0,0.008848,24666,24666,123;124;125;126;127,0,5,5,0,0,5,1
4371,5,0,5,5,0,0.008848,24666,24666,123;124;125;126;127,0,5,5,0,0,5,1
4372,5,0,5,5,0,0.008848,24666,24666,123;124;125;126;127,0,5,5,0,0,5,1
4373,5,0,5,5,0,0.008848,24666,24666,123;124;125;126;127,0,5,5,0,0,5,1
4374,5,0,5,5,0,0.008848,24666,24666,123;124;125;126;127,0,5,5,0,0,5,1
4375,5,0,5,5,0,0.008848,24666,24666,123;124;125;126;127,0,5,5,0,0,5,1
4376,5,0,5,5,0,0.008848,24666,24666,123;124;125;126;127,0,5,5,0,0,5,1
4377,5,0,5,5,0,0.008848,24666,24666,123;124;125;126;127,0,5,5,0,0,5,1
4378,5,0,5,5,0,0.008848,24666,24666,123;124;125;126;127,0,5,5,0,0,5,1
4379,5,0,5,5,0,0.008848,24661,24661,123;124;125;126;127,0,5,5,0,0,5,1
4380,5,0,5,5,0,0.008848,24661,24661,123;124;125;126;127,0,5,5,0,0,5,1
4381,5,0,5,5,0,0.008848,24661,24661,123;124;125;126;127,0,5,5,0,0,5,1
4382,5,0,5,5,0,0.008848,24661,24661,123;124;125;126;127,0,5,5,0,0,5,1
4383,5,0,5,5,0,0.008848,24661,24661,123;124;125;126;127,0,5,5,0,0,5,1
4384,5,0,5,5,0,0.008848,24661,24661,123;124;125;126;127,0,5,5,0,0,5,1
4385,5,0,5,5,0,0.008848,24661,24661,123;124;125;126;127,0,5,5,0,0,5,1
4386,5,0,5,5,0,0.008848,24661,24661,123;124;125;126;127,0,5,5,0,0,5,1
4387,5,0,5,5,0,0.008848,24661,24661,123;124;125;126;127,0,5,5,0,0,5,1
4388,5,0,5,5,0,0.008848,24661,24661,123;124;125;126;127,0,5,5,0,0,5,1
4389,5,0,5,5,0,0.008848,24656,24656,123;124;125;126;127,0,5,5,0,0,5,1
4390,5,0,5,5,0,0.008848,24656,24656,123;124;125;126;127,0,5,5,0,0,5,1
4391,5,0,5,5,0,0.008848,24651,24651,123;124;125;126;127,0,5,5,0,0,5,1
4392,5,0,5,5,0,0.008848,24651,24651,123;124;125;126;127,0,5,5,0,0,5,1
4393,5,0,5,5,0,0.008848,24651,24651,123;124;125;126;127,0,5,5,0,0,5,1
4394,5,0,5,5,0,0.008848,24651,24651,123;124;125;126;127,0,5,5,0,0,5,1
4395,5,0,5,5,0,0.008848,24651,24651,123;124;125;126;127,0,5,5,0,0,5,1
4396,5,0,5,5,0,0.008848,24651,24651,123;124;125;126;127,0,5,5,0,0,5,1
4397,5,0,5,5,0,0.008848,24651,24651,123;124;125;126;127,0,5,5,0,0,5,1
4398,5,0,5,5,0,0.008848,24651,24651,123;124;125;126;127,0,5,5,0,0,5,1
4399,5,0,5,5,0,0.008848,24651,24651,123;124;125;126;127,0,5,5,0,0,5,1
4400,5,0,5,5,0,0.008848,24651,24651,123;124;125;126;127,0,5,5,0,0,5,1
4401,5,0,5,5,0,0.008848,24651,24651,123;124;125;126;127,0,5,5,0,0,5,1
4402,5,0,5,5,0,0.008848,24646,24646,123;124;125;126;127,0,5,5,0,0,5,1
4403,5,0,5,5,0,0.008848,24646,24646,123;124;125;126;127,0,5,5,0,0,5,1
4404,5,0,5,5,0,0.008848,24646,24646,123;124;125;126;127,0,5,5,0,0,5,1
4405,5,0,5,5,0,0.008848,24646,24646,123;124;125;126;127,0,5,5,0,0,5,1
4406,5,0,5,5,0,0.008848,24646,24646,123;124;125;126;127,0,5,5,0,0,5,1
4407,5,0,5,5,0,0.008848,24646,24646,123;124;125;126;127,0,5,5,0,0,5,1
4408,5,0,5,5,0,0.008848,24646,24646,123;124;125;126;127,0,5,5,0,0,5,1
4409,5,0,5,5,0,0.008848,24646,24646,123;124;125;126;127,0,5,5,0,0,5,1
4410,5,0,5,5,0,0.008848,24646,24646,123;124;125;126;127,0,5,5,0,0,5,1
4411,5,0,5,5,0,0.008848,24646,24646,123;124;125;126;127,0,5,5,0,0,5,1
4412,5,0,5,5,0,0.008848,24646,24646,123;124;125;126;127,0,5,5,0,0,5,1
4413,5,0,5,5,0,0.008848,24646,24646,123;124;125;126;127,0,5,5,0,0,5,1
4414,5,0,5,5,0,0.008848,24646,24646,123;124;125;126;127,0,5,5,0,0,5,1
4415,5,0,5,5,0,0.008848,24646,24646,123;124;125;126;127,0,5,5,0,0,5,1
4416,5,0,5,5,0,0.008848,24646,24646,123;124;125;126;127,0,5,5,0,0,5,1
4417,5,0,5,5,0,0.008848,24646,24646,123;124;125;126;127,0,5,5,0,0,5,1
4418,5,0,5,5,0,0.008848,24646,24646,123;124;125;126;127,0,5,5,0,0,5,1
4419,5,0,5,5,0,0.008848,24646,24646,123;124;125;126;127,0,5,5,0,0,5,1
4420,5,0,5,5,0,0.008848,24646,24646,123;124;125;126;127,0,5,5,0,0,5,1
4421,5,0,5,5,0,0.008848,24646,24646,123;124;125;126;127,0,5,5,0,0,5,1
4422,5,0,5,5,0,0.008848,24646,24646,123;124;125;126;127,0,5,5,0,0,5,1
4423,5,0,5,5,0,0.008848,24646,24646,123;124;125;126;127,0,5,5,0,0,5,1
4424,5,0,5,5,0,0.008848,24646,24646,123;124;125;126;127,0,5,5,0,0,5,1
4425,5,0,5,5,0,0.008848,24646,24646,123;124;125;126;127,0,5,5,0,0,5,1
4426,5,0,5,5,0,0.008848,24646,24646,123;124;125;126;127,0,5,5,0,0,5,1
4427,5,0,5,5,0,0.008848,24646,24646,123;124;125;126;127,0,5,5,0,0,5,1
4428,5,0,5,5,0,0.008848,24646,24646,123;124;125;126;127,0,5,5,0,0,5,1
4429,5,0,5,5,0,0.008848,24646,24646,123;124;125;126;127,0,5,5,0,0,5,1
4430,5,0,5,5,0,0.008848,24646,24646,123;124;125;126;127,0,5,5,0,0,5,1
4431,5,0,5,5,0,0.008848,24646,24646,123;124;125;126;127,0,5,5,0,0,5,1
4432,5,0,5,5,0,0.008848,24646,24646,123;124;125;126;127,0,5,5,0,0,5,1
4433,5,0,5,5,0,0.008863,24646,24646,123;124;125;126;127,0,5,5,0,0,5,1
4434,5,0,5,5,0,0.008863,24646,24646,123;124;125;126;127,0,5,5,0,0,5,1
4435,5,0,5,5,0,0.008863,24641,24641,123;124;125;126;127,0,5,5,0,0,5,1
4436,5,0,5,5,0,0.008863,24641,24641,123;124;125;126;127,0,5,5,0,0,5,1
4437,5,0,5,5,0,0.008863,24641,24641,123;124;125;126;127,0,5,5,0,0,5,1
4438,5,0,5,5,0,0.008863,24641,24641,123;124;125;126;127,0,5,5,0,0,5,1
4439,5,0,5,5,0,0.008863,24641,24641,123;124;125;126;127,0,5,5,0,0,5,1
4440,5,0,5,5,0,0.008863,24641,24641,123;124;125;126;127,0,5,5,0,0,5,1
4441,5,0,5,5,0,0.008863,24641,24641,123;124;125;126;127,0,5,5,0,0,5,1
4442,5,0,5,5,0,0.008863,24641,24641,123;124;125;126;127,0,5,5,0,0,5,1
4443,5,0,5,5,0,0.008863,24641,24641,123;124;125;126;127,0,5,5,0,0,5,1
4444,5,0,5,5,0,0.008863,24641,24641,123;124;125;126;127,0,5,5,0,0,5,1
4445,5,0,5,5,0,0.008863,24641,24641,123;124;125;126;127,0,5,5,0,0,5,1
4446,5,0,5,5,0,0.008863,24641,24641,123;124;125;126;127,0,5,5,0,0,5,1
4447,5,0,5,5,0,0.008863,24641,24641,123;124;125;126;127,0,5,5,0,0,5,1
4448,4,0,4,4,0,0.007622,29023,29023,124;125;126;127,0,4,4,0,0,4,1
4449,4,0,4,4,0,0.007622,29023,29023,124;125;126;127,0,4,4,0,0,4,1
4450,4,0,4,4,0,0.007622,29023,29023,124;125;126;127,0,4,4,0,0,4,1
4451,4,0,4,4,0,0.007622,29023,29023,124;125;126;127,0,4,4,0,0,4,1
4452,4,0,4,4,0,0.007622,29023,29023,124;125;126;127,0,4,4,0,0,4,1
4453,4,0,4,4,0,0.007622,29023,29023,124;125;126;127,0,4,4,0,0,4,1
4454,4,0,4,4,0,0.007622,29023,29023,124;125;126;127,0,4,4,0,0,4,1
4455,4,0,4,4,0,0.007622,29023,29023,124;125;126;127,0,4,4,0,0,4,1
4456,4,0,4,4,0,0.007622,29023,29023,124;125;126;127,0,4,4,0,0,4,1
4457,4,0,4,4,0,0.007622,29023,29023,124;125;126;127,0,4,4,0,0,4,1
4458,4,0,4,4,0,0.007622,29023,29023,124;125;126;127,0,4,4,0,0,4,1
4459,4,0,4,4,0,0.007622,29018,29018,124;125;126;127,0,4,4,0,0,4,1
4460,4,0,4,4,0,0.007622,29018,29018,124;125;126;127,0,4,4,0,0,4,1
4461,4,0,4,4,0,0.007622,29018,29018,124;125;126;127,0,4,4,0,0,4,1
4462,4,0,4,4,0,0.007622,29018,29018,124;125;126;127,0,4,4,0,0,4,1
4463,4,0,4,4,0,0.007622,29018,29018,124;125;126;127,0,4,4,0,0,4,1
4464,4,0,4,4,0,0.007622,29018,29018,124;125;126;127,0,4,4,0,0,4,1
4465,4,0,4,4,0,0.007622,29018,29018,124;125;126;127,0,4,4,0,0,4,1
4466,4,0,4,4,0,0.007622,29018,29018,124;125;126;127,0,4,4,0,0,4,1
4467,4,0,4,4,0,0.007622,29018,29018,124;125;126;127,0,4,4,0,0,4,1
4468,4,0,4,4,0,0.007620,29018,29018,124;125;126;127,0,4,4,0,0,4,1
4469,4,0,4,4,0,0.007620,29013,29013,124;125;126;127,0,4,4,0,0,4,1
4470,4,0,4,4,0,0.007620,29013,29013,124;125;126;127,0,4,4,0,0,4,1
4471,4,0,4,4,0,0.007620,29008,29008,124;125;126;127,0,4,4,0,0,4,1
4472,4,0,4,4,0,0.007620,29008,29008,124;125;126;127,0,4,4,0,0,4,1
4473,4,0,4,4,0,0.007620,29008,29008,124;125;126;127,0,4,4,0,0,4,1
4474,4,0,4,4,0,0.007620,29008,29008,124;125;126;127,0,4,4,0,0,4,1
4475,4,0,4,4,0,0.007620,29008,29008,124;125;126;127,0,4,4,0,0,4,1
4476,3,0,3,3,0,0.007673,29094,29094,124;125;127,0,3,3,0,0,3,1
4477,3,0,3,3,0,0.007673,29094,29094,124;125;127,0,3,3,0,0,3,1
4478,3,0,3,3,0,0.007673,29094,29094,124;125;127,0,3,3,0,0,3,1
4479,3,0,3,3,0,0.007673,29094,29094,124;125;127,0,3,3,0,0,3,1
4480,3,0,3,3,0,0.007673,29094,29094,124;125;127,0,3,3,0,0,3,1
4481,3,0,3,3,0,0.007673,29094,29094,124;125;127,0,3,3,0,0,3,1
4482,3,0,3,3,0,0.007673,29089,29089,124;125;127,0,3,3,0,0,3,1
4483,3,0,3,3,0,0.007673,29089,29089,124;125;127,0,3,3,0,0,3,1
4484,3,0,3,3,0,0.007673,29089,29089,124;125;127,0,3,3,0,0,3,1
4485,3,0,3,3,0,0.007673,29089,29089,124;125;127,0,3,3,0,0,3,1
4486,3,0,3,3,0,0.007673,29089,29089,124;125;127,0,3,3,0,0,3,1
4487,3,0,3,3,0,0.007673,29089,29089,124;125;127,0,3,3,0,0,3,1
4488,3,0,3,3,0,0.007673,29089,29089,124;125;127,0,3,3,0,0,3,1
4489,3,0,3,3,0,0.007673,29089,29089,124;125;127,0,3,3,0,0,3,1
4490,3,0,3,3,0,0.007673,29089,29089,124;125;127,0,3,3,0,0,3,1
4491,3,0,3,3,0,0.007673,29089,29089,124;125;127,0,3,3,0,0,3,1
4492,3,0,3,3,0,0.007673,29089,29089,124;125;127,0,3,3,0,0,3,1
4493,3,0,3,3,0,0.007673,29089,29089,124;125;127,0,3,3,0,0,3,1
4494,3,0,3,3,0,0.007673,29089,29089,124;125;127,0,3,3,0,0,3,1
4495,3,0,3,3,0,0.007673,29089,29089,124;125;127,0,3,3,0,0,3,1
4496,3,0,3,3,0,0.007673,29089,29089,124;125;127,0,3,3,0,0,3,1
4497,3,0,3,3,0,0.007673,29089,29089,124;125;127,0,3,3,0,0,3,1
4498,3,0,3,3,0,0.007673,29089,29089,124;125;127,0,3,3,0,0,3,1
4499,3,0,3,3,0,0.007673,29089,29089,124;125;127,0,3,3,0,0,3,1
4500,3,0,3,3,0,0.007673,29089,29089,124;125;127,0,3,3,0,0,3,1
4501,3,0,3,3,0,0.007673,29089,29089,124;125;127,0,3,3,0,0,3,1
4502,3,0,3,3,0,0.007673,29089,29089,124;125;127,0,3,3,0,0,3,1
4503,3,0,3,3,0,0.007673,29089,29089,124;125;127,0,3,3,0,0,3,1
4504,3,0,3,3,0,0.007673,29089,29089,124;125;127,0,3,3,0,0,3,1
4505,3,0,3,3,0,0.007673,29089,29089,124;125;127,0,3,3,0,0,3,1
4506,3,0,3,3,0,0.007673,29089,29089,124;125;127,0,3,3,0,0,3,1
4507,3,0,3,3,0,0.007673,29089,29089,124;125;127,0,3,3,0,0,3,1
4508,3,0,3,3,0,0.007673,29089,29089,124;125;127,0,3,3,0,0,3,1
4509,3,0,3,3,0,0.007673,29089,29089,124;125;127,0,3,3,0,0,3,1
4510,3,0,3,3,0,0.007673,29089,29089,124;125;127,0,3,3,0,0,3,1
4511,3,0,3,3,0,0.007673,29089,29089,124;125;127,0,3,3,0,0,3,1
4512,3,0,3,3,0,0.007673,29089,29089,124;125;127,0,3,3,0,0,3,1
4513,3,0,3,3,0,0.007673,29089,29089,124;125;127,0,3,3,0,0,3,1
4514,3,0,3,3,0,0.007673,29089,29089,124;125;127,0,3,3,0,0,3,1
4515,3,0,3,3,0,0.007729,29089,29089,124;125;127,0,3,3,0,0,3,1
4516,3,0,3,3,0,0.007729,29089,29089,124;125;127,0,3,3,0,0,3,1
4517,3,0,3,3,0,0.007729,29089,29089,124;125;127,0,3,3,0,0,3,1
4518,3,0,3,3,0,0.007729,29089,29089,124;125;127,0,3,3,0,0,3,1
4519,3,0,3,3,0,0.007729,29089,29089,124;125;127,0,3,3,0,0,3,1
4520,3,0,3,3,0,0.007729,29089,29089,124;125;127,0,3,3,0,0,3,1
4521,2,0,2,2,0,0.007680,29175,29175,124;125,0,2,2,0,0,2,1
4522,2,0,2,2,0,0.007680,29175,29175,124;125,0,2,2,0,0,2,1
4523,2,0,2,2,0,0.007680,29175,29175,124;125,0,2,2,0,0,2,1
4524,2,0,2,2,0,0.007680,29175,29175,124;125,0,2,2,0,0,2,1
4525,2,0,2,2,0,0.007680,29175,29175,124;125,0,2,2,0,0,2,1
4526,2,0,2,2,0,0.007680,29175,29175,124;125,0,2,2,0,0,2,1
4527,2,0,2,2,0,0.007680,29175,29175,124;125,0,2,2,0,0,2,1
4528,2,0,2,2,0,0.007680,29175,29175,124;125,0,2,2,0,0,2,1
4529,2,0,2,2,0,0.007680,29175,29175,124;125,0,2,2,0,0,2,1
4530,2,0,2,2,0,0.007680,29175,29175,124;125,0,2,2,0,0,2,1
4531,2,0,2,2,0,0.007680,29175,29175,124;125,0,2,2,0,0,2,1
4532,2,0,2,2,0,0.007680,29175,29175,124;125,0,2,2,0,0,2,1
4533,2,0,2,2,0,0.007680,29175,29175,124;125,0,2,2,0,0,2,1
4534,1,0,1,1,0,0.008052,29323,29323,124,0,1,1,0,0,1,1
4535,1,0,1,1,0,0.008052,29323,29323,124,0,1,1,0,0,1,1
4536,1,0,1,1,0,0.008052,29323,29323,124,0,1,1,0,0,1,1
4537,1,0,1,1,0,0.008052,29323,29323,124,0,1,1,0,0,1,1
4538,1,0,1,1,0,0.008052,29323,29323,124,0,1,1,0,0,1,1
4539,1,0,1,1,0,0.008052,29318,29318,124,0,1,1,0,0,1,1
4540,1,0,1,1,0,0.008052,29318,29318,124,0,1,1,0,0,1,1
4541,1,0,1,1,0,0.008052,29318,29318,124,0,1,1,0,0,1,1
4542,1,0,1,1,0,0.008052,29318,29318,124,0,1,1,0,0,1,1
4543,1,0,1,1,0,0.008052,29318,29318,124,0,1,1,0,0,1,1
4544,1,0,1,1,0,0.008052,29318,29318,124,0,1,1,0,0,1,1
4545,1,0,1,1,0,0.008052,29318,29318,124,0,1,1,0,0,1,1
4546,1,0,1,1,0,0.008052,29318,29318,124,0,1,1,0,0,1,1
4547,1,0,1,1,0,0.008052,29318,29318,124,0,1,1,0,0,1,1
4548,1,0,1,1,0,0.008052,29318,29318,124,0,1,1,0,0,1,1
4549,1,0,1,1,0,0.008052,29318,29318,124,0,1,1,0,0,1,1
4550,1,0,1,1,0,0.008052,29318,29318,124,0,1,1,0,0,1,1
4551,1,0,1,1,0,0.008052,29318,29318,124,0,1,1,0,0,1,1
4552,1,0,1,1,0,0.008052,29318,29318,124,0,1,1,0,0,1,1
4553,1,0,1,1,0,0.008052,29318,29318,124,0,1,1,0,0,1,1
4554,1,0,1,1,0,0.008052,29318,29318,124,0,1,1,0,0,1,1
4555,1,0,1,1,0,0.008052,29318,29318,124,0,1,1,0,0,1,1
4556,1,0,1,1,0,0.008052,29318,29318,124,0,1,1,0,0,1,1
4557,1,0,1,1,0,0.008052,29318,29318,124,0,1,1,0,0,1,1
4558,1,0,1,1,0,0.008052,29318,29318,124,0,1,1,0,0,1,1
4559,1,0,1,1,0,0.008052,29318,29318,124,0,1,1,0,0,1,1
4560,1,0,1,1,0,0.008052,29318,29318,124,0,1,1,0,0,1,1
4561,1,0,1,1,0,0.008052,29318,29318,124,0,1,1,0,0,1,1
4562,1,0,1,1,0,0.008052,29318,29318,124,0,1,1,0,0,1,1
4563,1,0,1,1,0,0.008052,29318,29318,124,0,1,1,0,0,1,1
4564,1,0,1,1,0,0.008052,29318,29318,124,0,1,1,0,0,1,1
4565,1,0,1,1,0,0.008052,29318,29318,124,0,1,1,0,0,1,1
4566,1,0,1,1,0,0.008052,29318,29318,124,0,1,1,0,0,1,1
4567,1,0,1,1,0,0.008052,29318,29318,124,0,1,1,0,0,1,1
4568,1,0,1,1,0,0.008052,29318,29318,124,0,1,1,0,0,1,1
4569,1,0,1,1,0,0.008052,29318,29318,124,0,1,1,0,0,1,1
4570,1,0,1,1,0,0.008052,29318,29318,124,0,1,1,0,0,1,1
4571,1,0,1,1,0,0.008052,29318,29318,124,0,1,1,0,0,1,1
4572,1,0,1,1,0,0.008052,29318,29318,124,0,1,1,0,0,1,1
4573,1,0,1,1,0,0.008052,29318,29318,124,0,1,1,0,0,1,1
4574,1,0,1,1,0,0.008052,29318,29318,124,0,1,1,0,0,1,1
4575,1,0,1,1,0,0.008052,29318,29318,124,0,1,1,0,0,1,1
4576,1,0,1,1,0,0.008052,29318,29318,124,0,1,1,0,0,1,1
4577,1,0,1,1,0,0.008052,29318,29318,124,0,1,1,0,0,1,1
4578,1,0,1,1,0,0.008052,29318,29318,124,0,1,1,0,0,1,1
4579,1,0,1,1,0,0.008052,29318,29318,124,0,1,1,0,0,1,1
4580,1,0,1,1,0,0.008052,29318,29318,124,0,1,1,0,0,1,1
4581,1,0,1,1,0,0.008052,29318,29318,124,0,1,1,0,0,1,1
4582,1,0,1,1,0,0.008052,29318,29318,124,0,1,1,0,0,1,1
4583,1,0,1,1,0,0.008052,29318,29318,124,0,1,1,0,0,1,1
4584,1,0,1,1,0,0.008052,29318,29318,124,0,1,1,0,0,1,1
4585,1,0,1,1,0,0.008052,29318,29318,124,0,1,1,0,0,1,1
4586,1,0,1,1,0,0.008052,29318,29318,124,0,1,1,0,0,1,1
4587,1,0,1,1,0,0.008052,29318,29318,124,0,1,1,0,0,1,1
4588,1,0,1,1,0,0.008057,29318,29318,124,0,1,1,0,0,1,1
4589,1,0,1,1,0,0.008057,29318,29318,124,0,1,1,0,0,1,1
4590,1,0,1,1,0,0.008057,29318,29318,124,0,1,1,0,0,1,1
4591,1,0,1,1,0,0.008057,29318,29318,124,0,1,1,0,0,1,1
4592,1,0,1,1,0,0.008057,29318,29318,124,0,1,1,0,0,1,1
4593,1,0,1,1,0,0.008057,29318,29318,124,0,1,1,0,0,1,1
4594,1,0,1,1,0,0.008057,29318,29318,124,0,1,1,0,0,1,1
4595,1,0,1,1,0,0.008057,29318,29318,124,0,1,1,0,0,1,1
4596,1,0,1,1,0,0.008057,29318,29318,124,0,1,1,0,0,1,1
4597,1,0,1,1,0,0.008057,29318,29318,124,0,1,1,0,0,1,1
4598,1,0,1,1,0,0.008057,29318,29318,124,0,1,1,0,0,1,1
4599,1,0,1,1,0,0.008057,29318,29318,124,0,1,1,0,0,1,1
4600,1,0,1,1,0,0.008057,29318,29318,124,0,1,1,0,0,1,1
4601,1,0,1,1,0,0.008057,29318,29318,124,0,1,1,0,0,1,1
4602,1,0,1,1,0,0.008057,29318,29318,124,0,1,1,0,0,1,1
4603,1,0,1,1,0,0.008057,29318,29318,124,0,1,1,0,0,1,1
4604,1,0,1,1,0,0.008057,29318,29318,124,0,1,1,0,0,1,1
4605,1,0,1,1,0,0.008057,29318,29318,124,0,1,1,0,0,1,1
4606,1,0,1,1,0,0.008057,29318,29318,124,0,1,1,0,0,1,1
4607,1,0,1,1,0,0.008057,29318,29318,124,0,1,1,0,0,1,1
4608,1,0,1,1,0,0.008057,29318,29318,124,0,1,1,0,0,1,1
4609,1,0,1,1,0,0.008057,29318,29318,124,0,1,1,0,0,1,1
4610,1,0,1,1,0,0.008057,29318,29318,124,0,1,1,0,0,1,1
4611,1,0,1,1,0,0.008057,29318,29318,124,0,1,1,0,0,1,1
4612,1,0,1,1,0,0.008057,29318,29318,124,0,1,1,0,0,1,1
4613,1,0,1,1,0,0.008057,29318,29318,124,0,1,1,0,0,1,1
4614,1,0,1,1,0,0.008057,29318,29318,124,0,1,1,0,0,1,1
4615,1,0,1,1,0,0.008057,29318,29318,124,0,1,1,0,0,1,1
4616,1,0,1,1,0,0.008057,29318,29318,124,0,1,1,0,0,1,1
4617,1,0,1,1,0,0.008057,29318,29318,124,0,1,1,0,0,1,1
4618,1,0,1,1,0,0.008057,29318,29318,124,0,1,1,0,0,1,1
4619,1,0,1,1,0,0.008057,29313,29313,124,0,1,1,0,0,1,1
4620,1,0,1,1,0,0.008057,29313,29313,124,0,1,1,0,0,1,1
4621,1,0,1,1,0,0.008057,29313,29313,124,0,1,1,0,0,1,1
4622,1,0,1,1,0,0.008057,29313,29313,124,0,1,1,0,0,1,1
4623,1,0,1,1,0,0.008057,29313,29313,124,0,1,1,0,0,1,1
4624,1,0,1,1,0,0.008057,29313,29313,124,0,1,1,0,0,1,1
4625,1,0,1,1,0,0.008057,29313,29313,124,0,1,1,0,0,1,1
4626,1,0,1,1,0,0.008057,29313,29313,124,0,1,1,0,0,1,1
4627,1,0,1,1,0,0.008057,29313,29313,124,0,1,1,0,0,1,1
4628,1,0,1,1,0,0.008057,29313,29313,124,0,1,1,0,0,1,1
4629,1,0,1,1,0,0.008057,29313,29313,124,0,1,1,0,0,1,1
4630,1,0,1,1,0,0.008057,29313,29313,124,0,1,1,0,0,1,1
4631,1,0,1,1,0,0.008057,29313,29313,124,0,1,1,0,0,1,1
4632,1,0,1,1,0,0.008057,29313,29313,124,0,1,1,0,0,1,1
4633,1,0,1,1,0,0.008057,29313,29313,124,0,1,1,0,0,1,1
4634,1,0,1,1,0,0.008057,29313,29313,124,0,1,1,0,0,1,1
4635,1,0,1,1,0,0.008057,29313,29313,124,0,1,1,0,0,1,1
4636,1,0,1,1,0,0.008057,29313,29313,124,0,1,1,0,0,1,1
4637,1,0,1,1,0,0.008057,29313,29313,124,0,1,1,0,0,1,1
4638,1,0,1,1,0,0.008057,29313,29313,124,0,1,1,0,0,1,1
4639,1,0,1,1,0,0.008057,29313,29313,124,0,1,1,0,0,1,1
