game_id,root_id,root_depth,root_node_id,root_player,num_simulations,model_root_value_controller,model_root_prior_json,normalized_root_prior_json,valid_action_mask_json,mcts_root_value_controller,mcts_root_prior_json,best_action_index,best_action_mcts_prob,best_action_model_prob,best_action_repr,best_action_json,phase,cycle_label,sim_time,slo_violations,total_lateness,total_cost
909001,1,0,0,adversary,0,0.0,[],[],[],0.0,[],3,0.0,0.0,"AdversaryAction(requests=[AdversaryRequestSpec(prefill_tokens=3072, decode_tokens=5000, prefill_slo=0.3874467952163693, decode_slo=0.05), AdversaryRequestSpec(prefill_tokens=3072, decode_tokens=5000, prefill_slo=0.3874467952163693, decode_slo=0.05), AdversaryRequestSpec(prefill_tokens=3072, decode_tokens=5000, prefill_slo=0.3874467952163693, decode_slo=0.05), AdversaryRequestSpec(prefill_tokens=3072, decode_tokens=5000, prefill_slo=0.3874467952163693, decode_slo=0.05)], stop_decode_ids=[])","{""type"": ""adversary"", ""requests"": [{""prefill_tokens"": 3072, ""decode_tokens"": 5000, ""prefill_slo"": 0.3874467952163693, ""decode_slo"": 0.05}, {""prefill_tokens"": 3072, ""decode_tokens"": 5000, ""prefill_slo"": 0.3874467952163693, ""decode_slo"": 0.05}, {""prefill_tokens"": 3072, ""decode_tokens"": 5000, ""prefill_slo"": 0.3874467952163693, ""decode_slo"": 0.05}, {""prefill_tokens"": 3072, ""decode_tokens"": 5000, ""prefill_slo"": 0.3874467952163693, ""decode_slo"": 0.05}], ""stop_decode_ids"": [], ""history_phase"": ""multiple-child""}",train_root,,0.0,0,0.0,0.0
909001,1,1,1,controller,0,0.0,[],[],[],0.0,[],5,0.0,0.0,"ControllerAction(token_budget=1024, selected_request_ids=[0], token_allocations={0: 1024}, prefill_allocations={0: 1024}, decode_allocations={}, heuristic='EDF', strategy='Fixed', mapping=None)","{""type"": ""controller"", ""token_budget"": 1024, ""selected_request_ids"": [0], ""token_allocations"": {""0"": 1024}, ""prefill_allocations"": {""0"": 1024}, ""decode_allocations"": {}, ""heuristic"": ""EDF"", ""strategy"": ""Fixed"", ""history_phase"": ""multiple-child""}",train_root,,0.0,0,0.0,0.0
909001,1,2,2,adversary,0,0.0,[],[],[],0.0,[],0,0.0,0.0,"AdversaryAction(requests=[], stop_decode_ids=[])","{""type"": ""adversary"", ""requests"": [], ""stop_decode_ids"": [], ""history_phase"": ""forced_step:single-child""}",train_root,,0.0,0,0.0,0.0
909001,1,3,3,controller,0,0.0,[],[],[],0.0,[],23,0.0,0.0,"ControllerAction(token_budget=3072, selected_request_ids=[1], token_allocations={1: 3072}, prefill_allocations={1: 3072}, decode_allocations={}, heuristic='LJF', strategy='Fixed', mapping=None)","{""type"": ""controller"", ""token_budget"": 3072, ""selected_request_ids"": [1], ""token_allocations"": {""1"": 3072}, ""prefill_allocations"": {""1"": 3072}, ""decode_allocations"": {}, ""heuristic"": ""LJF"", ""strategy"": ""Fixed"", ""history_phase"": ""multiple-child""}",train_root,,0.0,0,0.0,0.0
909001,1,4,4,adversary,0,0.0,[],[],[],0.0,[],0,0.0,0.0,"AdversaryAction(requests=[], stop_decode_ids=[])","{""type"": ""adversary"", ""requests"": [], ""stop_decode_ids"": [], ""history_phase"": ""forced_step:single-child""}",train_root,,0.0,0,0.0,0.0
909001,1,5,5,controller,0,0.0,[],[],[],0.0,[],9,0.0,0.0,"ControllerAction(token_budget=1537, selected_request_ids=[0, 1], token_allocations={0: 1536, 1: 1}, prefill_allocations={0: 1536}, decode_allocations={1: 1}, heuristic='EDF', strategy='Fixed', mapping=None)","{""type"": ""controller"", ""token_budget"": 1537, ""selected_request_ids"": [0, 1], ""token_allocations"": {""0"": 1536, ""1"": 1}, ""prefill_allocations"": {""0"": 1536}, ""decode_allocations"": {""1"": 1}, ""heuristic"": ""EDF"", ""strategy"": ""Fixed"", ""history_phase"": ""multiple-child""}",train_root,,0.0,0,0.0,0.0
909001,1,6,6,adversary,0,0.0,[],[],[],0.0,[],0,0.0,0.0,"AdversaryAction(requests=[], stop_decode_ids=[])","{""type"": ""adversary"", ""requests"": [], ""stop_decode_ids"": [], ""history_phase"": ""forced_step:single-child""}",train_root,,0.0,0,0.0,0.0
909001,1,7,7,controller,0,0.0,[],[],[],0.0,[],20,0.0,0.0,"ControllerAction(token_budget=3073, selected_request_ids=[0, 1, 2], token_allocations={0: 512, 1: 1, 2: 2560}, prefill_allocations={0: 512, 2: 2560}, decode_allocations={1: 1}, heuristic='SJF', strategy='Fixed', mapping=None)","{""type"": ""controller"", ""token_budget"": 3073, ""selected_request_ids"": [0, 1, 2], ""token_allocations"": {""0"": 512, ""1"": 1, ""2"": 2560}, ""prefill_allocations"": {""0"": 512, ""2"": 2560}, ""decode_allocations"": {""1"": 1}, ""heuristic"": ""SJF"", ""strategy"": ""Fixed"", ""history_phase"": ""multiple-child""}",train_root,,0.0,0,0.0,0.0
909001,1,8,8,adversary,0,0.0,[],[],[],0.0,[],0,0.0,0.0,"AdversaryAction(requests=[], stop_decode_ids=[])","{""type"": ""adversary"", ""requests"": [], ""stop_decode_ids"": [], ""history_phase"": ""forced_step:single-child""}",train_root,,0.0,0,0.0,0.0
909001,1,9,9,controller,0,0.0,[],[],[],0.0,[],9,0.0,0.0,"ControllerAction(token_budget=1538, selected_request_ids=[0, 1, 2, 3], token_allocations={0: 1, 1: 1, 2: 512, 3: 1024}, prefill_allocations={2: 512, 3: 1024}, decode_allocations={0: 1, 1: 1}, heuristic='EDF', strategy='Fixed', mapping=None)","{""type"": ""controller"", ""token_budget"": 1538, ""selected_request_ids"": [0, 1, 2, 3], ""token_allocations"": {""0"": 1, ""1"": 1, ""2"": 512, ""3"": 1024}, ""prefill_allocations"": {""2"": 512, ""3"": 1024}, ""decode_allocations"": {""0"": 1, ""1"": 1}, ""heuristic"": ""EDF"", ""strategy"": ""Fixed"", ""history_phase"": ""multiple-child""}",train_root,,0.0,0,0.0,0.0
909001,1,10,10,adversary,0,0.0,[],[],[],0.0,[],0,0.0,0.0,"AdversaryAction(requests=[], stop_decode_ids=[])","{""type"": ""adversary"", ""requests"": [], ""stop_decode_ids"": [], ""history_phase"": ""forced_step:single-child""}",train_root,,0.0,0,0.0,0.0
909001,1,11,11,controller,0,0.0,[],[],[],0.0,[],1,0.0,0.0,"ControllerAction(token_budget=515, selected_request_ids=[0, 1, 2, 3], token_allocations={0: 1, 1: 1, 2: 1, 3: 512}, prefill_allocations={3: 512}, decode_allocations={0: 1, 1: 1, 2: 1}, heuristic='EDF', strategy='Fixed', mapping=None)","{""type"": ""controller"", ""token_budget"": 515, ""selected_request_ids"": [0, 1, 2, 3], ""token_allocations"": {""0"": 1, ""1"": 1, ""2"": 1, ""3"": 512}, ""prefill_allocations"": {""3"": 512}, ""decode_allocations"": {""0"": 1, ""1"": 1, ""2"": 1}, ""heuristic"": ""EDF"", ""strategy"": ""Fixed"", ""history_phase"": ""multiple-child""}",train_root,,0.0,0,0.0,0.0
909001,1,12,12,adversary,0,0.0,[],[],[],0.0,[],0,0.0,0.0,"AdversaryAction(requests=[], stop_decode_ids=[])","{""type"": ""adversary"", ""requests"": [], ""stop_decode_ids"": [], ""history_phase"": ""forced_step:single-child""}",train_root,,0.0,0,0.0,0.0
909001,1,13,13,controller,0,0.0,[],[],[],0.0,[],10,0.0,0.0,"ControllerAction(token_budget=1539, selected_request_ids=[0, 1, 2, 3], token_allocations={0: 1, 1: 1, 2: 1, 3: 1536}, prefill_allocations={3: 1536}, decode_allocations={0: 1, 1: 1, 2: 1}, heuristic='LST', strategy='Fixed', mapping=None)","{""type"": ""controller"", ""token_budget"": 1539, ""selected_request_ids"": [0, 1, 2, 3], ""token_allocations"": {""0"": 1, ""1"": 1, ""2"": 1, ""3"": 1536}, ""prefill_allocations"": {""3"": 1536}, ""decode_allocations"": {""0"": 1, ""1"": 1, ""2"": 1}, ""heuristic"": ""LST"", ""strategy"": ""Fixed"", ""history_phase"": ""multiple-child""}",train_root,,0.0,0,0.0,0.0
909001,1,14,14,adversary,0,0.0,[],[],[],0.0,[],0,0.0,0.0,"AdversaryAction(requests=[], stop_decode_ids=[])","{""type"": ""adversary"", ""requests"": [], ""stop_decode_ids"": [], ""history_phase"": ""forced_step:single-child""}",train_root,,0.0,0,0.0,0.0
909001,1,15,15,controller,0,0.0,[],[],[],0.0,[],0,0.0,0.0,"ControllerAction(token_budget=4, selected_request_ids=[0, 1, 2, 3], token_allocations={0: 1, 1: 1, 2: 1, 3: 1}, prefill_allocations={}, decode_allocations={0: 1, 1: 1, 2: 1, 3: 1}, heuristic='SJF', strategy='Fixed', mapping=None)","{""type"": ""controller"", ""token_budget"": 4, ""selected_request_ids"": [0, 1, 2, 3], ""token_allocations"": {""0"": 1, ""1"": 1, ""2"": 1, ""3"": 1}, ""prefill_allocations"": {}, ""decode_allocations"": {""0"": 1, ""1"": 1, ""2"": 1, ""3"": 1}, ""heuristic"": ""SJF"", ""strategy"": ""Fixed"", ""history_phase"": ""forced_step:single-child""}",train_root,,0.0,0,0.0,0.0
909001,1,16,16,adversary,0,0.0,[],[],[],0.0,[],5,0.0,0.0,"AdversaryAction(requests=[AdversaryRequestSpec(prefill_tokens=3072, decode_tokens=5000, prefill_slo=0.3874467952163693, decode_slo=0.05), AdversaryRequestSpec(prefill_tokens=3072, decode_tokens=5000, prefill_slo=0.3874467952163693, decode_slo=0.05), AdversaryRequestSpec(prefill_tokens=3072, decode_tokens=5000, prefill_slo=0.3874467952163693, decode_slo=0.05), AdversaryRequestSpec(prefill_tokens=3072, decode_tokens=5000, prefill_slo=0.3874467952163693, decode_slo=0.05), AdversaryRequestSpec(prefill_tokens=3072, decode_tokens=5000, prefill_slo=0.3874467952163693, decode_slo=0.05), AdversaryRequestSpec(prefill_tokens=3072, decode_tokens=5000, prefill_slo=0.3874467952163693, decode_slo=0.05)], stop_decode_ids=[])","{""type"": ""adversary"", ""requests"": [{""prefill_tokens"": 3072, ""decode_tokens"": 5000, ""prefill_slo"": 0.3874467952163693, ""decode_slo"": 0.05}, {""prefill_tokens"": 3072, ""decode_tokens"": 5000, ""prefill_slo"": 0.3874467952163693, ""decode_slo"": 0.05}, {""prefill_tokens"": 3072, ""decode_tokens"": 5000, ""prefill_slo"": 0.3874467952163693, ""decode_slo"": 0.05}, {""prefill_tokens"": 3072, ""decode_tokens"": 5000, ""prefill_slo"": 0.3874467952163693, ""decode_slo"": 0.05}, {""prefill_tokens"": 3072, ""decode_tokens"": 5000, ""prefill_slo"": 0.3874467952163693, ""decode_slo"": 0.05}, {""prefill_tokens"": 3072, ""decode_tokens"": 5000, ""prefill_slo"": 0.3874467952163693, ""decode_slo"": 0.05}], ""stop_decode_ids"": [], ""history_phase"": ""multiple-child""}",train_root,,0.0,0,0.0,0.0
909001,1,17,17,controller,0,0.0,[],[],[],0.0,[],0,0.0,0.0,"ControllerAction(token_budget=516, selected_request_ids=[0, 1, 2, 3, 4], token_allocations={0: 1, 1: 1, 2: 1, 3: 1, 4: 512}, prefill_allocations={4: 512}, decode_allocations={0: 1, 1: 1, 2: 1, 3: 1}, heuristic='SJF', strategy='Fixed', mapping=None)","{""type"": ""controller"", ""token_budget"": 516, ""selected_request_ids"": [0, 1, 2, 3, 4], ""token_allocations"": {""0"": 1, ""1"": 1, ""2"": 1, ""3"": 1, ""4"": 512}, ""prefill_allocations"": {""4"": 512}, ""decode_allocations"": {""0"": 1, ""1"": 1, ""2"": 1, ""3"": 1}, ""heuristic"": ""SJF"", ""strategy"": ""Fixed"", ""history_phase"": ""multiple-child""}",train_root,,0.0,0,0.0,0.0
909001,1,18,18,adversary,0,0.0,[],[],[],0.0,[],0,0.0,0.0,"AdversaryAction(requests=[], stop_decode_ids=[])","{""type"": ""adversary"", ""requests"": [], ""stop_decode_ids"": [], ""history_phase"": ""forced_step:single-child""}",train_root,,0.0,0,0.0,0.0
909001,1,19,19,controller,0,0.0,[],[],[],0.0,[],15,0.0,0.0,"ControllerAction(token_budget=2052, selected_request_ids=[0, 1, 2, 3, 5], token_allocations={0: 1, 1: 1, 2: 1, 3: 1, 5: 2048}, prefill_allocations={5: 2048}, decode_allocations={0: 1, 1: 1, 2: 1, 3: 1}, heuristic='LJF', strategy='Fixed', mapping=None)","{""type"": ""controller"", ""token_budget"": 2052, ""selected_request_ids"": [0, 1, 2, 3, 5], ""token_allocations"": {""0"": 1, ""1"": 1, ""2"": 1, ""3"": 1, ""5"": 2048}, ""prefill_allocations"": {""5"": 2048}, ""decode_allocations"": {""0"": 1, ""1"": 1, ""2"": 1, ""3"": 1}, ""heuristic"": ""LJF"", ""strategy"": ""Fixed"", ""history_phase"": ""multiple-child""}",train_root,,0.0,0,0.0,0.0
909001,1,20,20,adversary,0,0.0,[],[],[],0.0,[],0,0.0,0.0,"AdversaryAction(requests=[], stop_decode_ids=[])","{""type"": ""adversary"", ""requests"": [], ""stop_decode_ids"": [], ""history_phase"": ""forced_step:single-child""}",train_root,,0.0,0,0.0,0.0
909001,1,21,21,controller,0,0.0,[],[],[],0.0,[],6,0.0,0.0,"ControllerAction(token_budget=1028, selected_request_ids=[0, 1, 2, 3, 6], token_allocations={0: 1, 1: 1, 2: 1, 3: 1, 6: 1024}, prefill_allocations={6: 1024}, decode_allocations={0: 1, 1: 1, 2: 1, 3: 1}, heuristic='LST', strategy='Fixed', mapping=None)","{""type"": ""controller"", ""token_budget"": 1028, ""selected_request_ids"": [0, 1, 2, 3, 6], ""token_allocations"": {""0"": 1, ""1"": 1, ""2"": 1, ""3"": 1, ""6"": 1024}, ""prefill_allocations"": {""6"": 1024}, ""decode_allocations"": {""0"": 1, ""1"": 1, ""2"": 1, ""3"": 1}, ""heuristic"": ""LST"", ""strategy"": ""Fixed"", ""history_phase"": ""multiple-child""}",train_root,,0.0,0,0.0,0.0
909001,1,22,22,adversary,0,0.0,[],[],[],0.0,[],0,0.0,0.0,"AdversaryAction(requests=[], stop_decode_ids=[])","{""type"": ""adversary"", ""requests"": [], ""stop_decode_ids"": [], ""history_phase"": ""forced_step:single-child""}",train_root,,0.0,0,0.0,0.0
909001,1,23,23,controller,0,0.0,[],[],[],0.0,[],7,0.0,0.0,"ControllerAction(token_budget=1028, selected_request_ids=[0, 1, 2, 3, 7], token_allocations={0: 1, 1: 1, 2: 1, 3: 1, 7: 1024}, prefill_allocations={7: 1024}, decode_allocations={0: 1, 1: 1, 2: 1, 3: 1}, heuristic='LJF', strategy='Fixed', mapping=None)","{""type"": ""controller"", ""token_budget"": 1028, ""selected_request_ids"": [0, 1, 2, 3, 7], ""token_allocations"": {""0"": 1, ""1"": 1, ""2"": 1, ""3"": 1, ""7"": 1024}, ""prefill_allocations"": {""7"": 1024}, ""decode_allocations"": {""0"": 1, ""1"": 1, ""2"": 1, ""3"": 1}, ""heuristic"": ""LJF"", ""strategy"": ""Fixed"", ""history_phase"": ""multiple-child""}",train_root,,0.0,0,0.0,0.0
909001,1,24,24,adversary,0,0.0,[],[],[],0.0,[],0,0.0,0.0,"AdversaryAction(requests=[], stop_decode_ids=[])","{""type"": ""adversary"", ""requests"": [], ""stop_decode_ids"": [], ""history_phase"": ""forced_step:single-child""}",train_root,,0.0,0,0.0,0.0
909001,1,25,25,controller,0,0.0,[],[],[],0.0,[],23,0.0,0.0,"ControllerAction(token_budget=3076, selected_request_ids=[0, 1, 2, 3, 8], token_allocations={0: 1, 1: 1, 2: 1, 3: 1, 8: 3072}, prefill_allocations={8: 3072}, decode_allocations={0: 1, 1: 1, 2: 1, 3: 1}, heuristic='LJF', strategy='Fixed', mapping=None)","{""type"": ""controller"", ""token_budget"": 3076, ""selected_request_ids"": [0, 1, 2, 3, 8], ""token_allocations"": {""0"": 1, ""1"": 1, ""2"": 1, ""3"": 1, ""8"": 3072}, ""prefill_allocations"": {""8"": 3072}, ""decode_allocations"": {""0"": 1, ""1"": 1, ""2"": 1, ""3"": 1}, ""heuristic"": ""LJF"", ""strategy"": ""Fixed"", ""history_phase"": ""multiple-child""}",train_root,,0.0,0,0.0,0.0
909001,1,26,26,adversary,0,0.0,[],[],[],0.0,[],0,0.0,0.0,"AdversaryAction(requests=[], stop_decode_ids=[])","{""type"": ""adversary"", ""requests"": [], ""stop_decode_ids"": [], ""history_phase"": ""forced_step:single-child""}",train_root,,0.0,0,0.0,0.0
909001,1,27,27,controller,0,0.0,[],[],[],0.0,[],18,0.0,0.0,"ControllerAction(token_budget=2565, selected_request_ids=[0, 1, 2, 3, 8, 9], token_allocations={0: 1, 1: 1, 2: 1, 3: 1, 8: 1, 9: 2560}, prefill_allocations={9: 2560}, decode_allocations={0: 1, 1: 1, 2: 1, 3: 1, 8: 1}, heuristic='LST', strategy='Fixed', mapping=None)","{""type"": ""controller"", ""token_budget"": 2565, ""selected_request_ids"": [0, 1, 2, 3, 8, 9], ""token_allocations"": {""0"": 1, ""1"": 1, ""2"": 1, ""3"": 1, ""8"": 1, ""9"": 2560}, ""prefill_allocations"": {""9"": 2560}, ""decode_allocations"": {""0"": 1, ""1"": 1, ""2"": 1, ""3"": 1, ""8"": 1}, ""heuristic"": ""LST"", ""strategy"": ""Fixed"", ""history_phase"": ""multiple-child""}",train_root,,0.0,0,0.0,0.0
909001,1,28,28,adversary,0,0.0,[],[],[],0.0,[],0,0.0,0.0,"AdversaryAction(requests=[], stop_decode_ids=[])","{""type"": ""adversary"", ""requests"": [], ""stop_decode_ids"": [], ""history_phase"": ""forced_step:single-child""}",train_root,,0.0,0,0.0,0.0
909001,1,29,29,controller,0,0.0,[],[],[],0.0,[],2,0.0,0.0,"ControllerAction(token_budget=517, selected_request_ids=[0, 1, 2, 3, 4, 8], token_allocations={0: 1, 1: 1, 2: 1, 3: 1, 4: 512, 8: 1}, prefill_allocations={4: 512}, decode_allocations={0: 1, 1: 1, 2: 1, 3: 1, 8: 1}, heuristic='LST', strategy='Fixed', mapping=None)","{""type"": ""controller"", ""token_budget"": 517, ""selected_request_ids"": [0, 1, 2, 3, 4, 8], ""token_allocations"": {""0"": 1, ""1"": 1, ""2"": 1, ""3"": 1, ""4"": 512, ""8"": 1}, ""prefill_allocations"": {""4"": 512}, ""decode_allocations"": {""0"": 1, ""1"": 1, ""2"": 1, ""3"": 1, ""8"": 1}, ""heuristic"": ""LST"", ""strategy"": ""Fixed"", ""history_phase"": ""multiple-child""}",train_root,,0.0,0,0.0,0.0
909001,1,30,30,adversary,0,0.0,[],[],[],0.0,[],0,0.0,0.0,"AdversaryAction(requests=[], stop_decode_ids=[])","{""type"": ""adversary"", ""requests"": [], ""stop_decode_ids"": [], ""history_phase"": ""forced_step:single-child""}",train_root,,0.0,0,0.0,0.0
909001,1,31,31,controller,0,0.0,[],[],[],0.0,[],2,0.0,0.0,"ControllerAction(token_budget=517, selected_request_ids=[0, 1, 2, 3, 4, 8], token_allocations={0: 1, 1: 1, 2: 1, 3: 1, 4: 512, 8: 1}, prefill_allocations={4: 512}, decode_allocations={0: 1, 1: 1, 2: 1, 3: 1, 8: 1}, heuristic='LST', strategy='Fixed', mapping=None)","{""type"": ""controller"", ""token_budget"": 517, ""selected_request_ids"": [0, 1, 2, 3, 4, 8], ""token_allocations"": {""0"": 1, ""1"": 1, ""2"": 1, ""3"": 1, ""4"": 512, ""8"": 1}, ""prefill_allocations"": {""4"": 512}, ""decode_allocations"": {""0"": 1, ""1"": 1, ""2"": 1, ""3"": 1, ""8"": 1}, ""heuristic"": ""LST"", ""strategy"": ""Fixed"", ""history_phase"": ""multiple-child""}",train_root,,0.0,0,0.0,0.0
909001,1,32,32,adversary,0,0.0,[],[],[],0.0,[],0,0.0,0.0,"AdversaryAction(requests=[], stop_decode_ids=[])","{""type"": ""adversary"", ""requests"": [], ""stop_decode_ids"": [], ""history_phase"": ""forced_step:single-child""}",train_root,,0.0,0,0.0,0.0
909001,0,33,33,controller,4000,-29.00908088684082,"[0.1635640561580658, 0.13639947772026062, 0.22840461134910583, 0.2522798180580139, 0.03826799616217613, 0.043944038450717926, 0.04119189456105232, 0.04422053322196007, 0.0029814206063747406, 0.0024177092127501965, 0.004385427106171846, 0.004210527986288071, 0.0028295943047851324, 0.004350013565272093, 0.0027529201470315456, 0.0021896418184041977, 0.004045768175274134, 0.0029529256280511618, 0.0029016495682299137, 0.0022164827678352594, 0.004288126714527607, 0.0030042282305657864, 0.0031791976653039455, 0.0030218770261853933]","[0.14488853988773853, 0.12082557520608497, 0.20232569073744153, 0.2234748595757875, 0.03389860962489871, 0.038926569305313644, 0.03648866137431161, 0.039171494288423335, 0.01, 0.01, 0.01, 0.01, 0.01, 0.01, 0.01, 0.01, 0.01, 0.01, 0.01, 0.01, 0.01, 0.01, 0.01, 0.01]","[true, true, true, true, true, true, true, true, true, true, true, true, true, true, true, true, true, true, true, true, true, true, true, true]",-16.036323309358497,"[0.016, 0.0135, 0.473625, 0.473625, 0.00375, 0.004, 0.004125, 0.004125, 0.0, 0.0, 0.001, 0.001, 0.0, 0.0, 0.000875, 0.000875, 0.0, 0.0, 0.000875, 0.000875, 0.0, 0.0, 0.000875, 0.000875]",2,0.473625,0.22840461134910583,"ControllerAction(token_budget=517, selected_request_ids=[0, 1, 2, 3, 6, 8], token_allocations={0: 1, 1: 1, 2: 1, 3: 1, 6: 512, 8: 1}, prefill_allocations={6: 512}, decode_allocations={0: 1, 1: 1, 2: 1, 3: 1, 8: 1}, heuristic='LST', strategy='Fixed', mapping=None)","{""type"": ""controller"", ""token_budget"": 517, ""selected_request_ids"": [0, 1, 2, 3, 6, 8], ""token_allocations"": {""0"": 1, ""1"": 1, ""2"": 1, ""3"": 1, ""6"": 512, ""8"": 1}, ""prefill_allocations"": {""6"": 512}, ""decode_allocations"": {""0"": 1, ""1"": 1, ""2"": 1, ""3"": 1, ""8"": 1}, ""heuristic"": ""LST"", ""strategy"": ""Fixed""}",arena_root,candidate_as_adversary,1.4894017435852367,10,1.6756582519773837,11.675658251977383
909001,2,35,95001,controller,4000,-29.189496994018555,"[0.1647566705942154, 0.13838538527488708, 0.23054665327072144, 0.2544151246547699, 0.03668235242366791, 0.04185422137379646, 0.03943951800465584, 0.04298260807991028, 0.002931422321125865, 0.0023880379740148783, 0.004267376847565174, 0.00417686253786087, 0.002759225433692336, 0.004331285133957863, 0.0027714779134839773, 0.002096555195748806, 0.003983820788562298, 0.0029797544702887535, 0.002841672394424677, 0.002124343765899539, 0.004284459166228771, 0.002956698415800929, 0.0031557383481413126, 0.0028887849766761065]","[0.1458234820028168, 0.1224826810732717, 0.20405313862425828, 0.22517873915231815, 0.03246696075601281, 0.03704449886751964, 0.03490728371245458, 0.03804321581134809, 0.01, 0.01, 0.01, 0.01, 0.01, 0.01, 0.01, 0.01, 0.01, 0.01, 0.01, 0.01, 0.01, 0.01, 0.01, 0.01]","[true, true, true, true, true, true, true, true, true, true, true, true, true, true, true, true, true, true, true, true, true, true, true, true]",-16.094594415163304,"[0.0165, 0.01375, 0.473625, 0.473625, 0.0035, 0.004, 0.004, 0.004, 0.0, 0.0, 0.001, 0.001, 0.0, 0.0, 0.000875, 0.000875, 0.0, 0.0, 0.000875, 0.000875, 0.0, 0.0, 0.00075, 0.00075]",2,0.473625,0.23054665327072144,"ControllerAction(token_budget=517, selected_request_ids=[0, 1, 2, 3, 7, 8], token_allocations={0: 1, 1: 1, 2: 1, 3: 1, 7: 512, 8: 1}, prefill_allocations={7: 512}, decode_allocations={0: 1, 1: 1, 2: 1, 3: 1, 8: 1}, heuristic='LST', strategy='Fixed', mapping=None)","{""type"": ""controller"", ""token_budget"": 517, ""selected_request_ids"": [0, 1, 2, 3, 7, 8], ""token_allocations"": {""0"": 1, ""1"": 1, ""2"": 1, ""3"": 1, ""7"": 512, ""8"": 1}, ""prefill_allocations"": {""7"": 512}, ""decode_allocations"": {""0"": 1, ""1"": 1, ""2"": 1, ""3"": 1, ""8"": 1}, ""heuristic"": ""LST"", ""strategy"": ""Fixed""}",arena_root,candidate_as_adversary,1.51480455173043,10,1.8026722927033505,11.80267229270335
909001,4,37,189860,controller,4000,-29.269960403442383,"[0.1640232354402542, 0.13982194662094116, 0.23025459051132202, 0.2543109655380249, 0.035797249525785446, 0.040580470114946365, 0.03919851407408714, 0.04248755797743797, 0.003004021942615509, 0.002586986171081662, 0.004405289888381958, 0.004443339537829161, 0.0028674870263785124, 0.0046054464764893055, 0.0029178368858993053, 0.002164579462260008, 0.004165716003626585, 0.0033059369307011366, 0.0029402701184153557, 0.0021559176966547966, 0.004526700358837843, 0.0030522742308676243, 0.0034133989829570055, 0.002970260102301836]","[0.14557128948680773, 0.12409254709269536, 0.2043518868593419, 0.2257020176723081, 0.03177020474911764, 0.036015332503091434, 0.03478884088840044, 0.03770788074823727, 0.01, 0.01, 0.01, 0.01, 0.01, 0.01, 0.01, 0.01, 0.01, 0.01, 0.01, 0.01, 0.01, 0.01, 0.01, 0.01]","[true, true, true, true, true, true, true, true, true, true, true, true, true, true, true, true, true, true, true, true, true, true, true, true]",-16.13784297385347,"[0.016499999999999997, 0.3199166666666666, 0.3199166666666666, 0.3199166666666666, 0.0034999999999999996, 0.004083333333333333, 0.004083333333333333, 0.004083333333333333, 0.0, 0.0009999999999999998, 0.0009999999999999998, 0.0009999999999999998, 0.0, 0.0, 0.0008749999999999999, 0.0008749999999999999, 0.0, 0.0, 0.0008749999999999999, 0.0008749999999999999, 0.0, 0.0, 0.0007499999999999999, 0.0007499999999999999]",1,0.3199166666666666,0.13982194662094116,"ControllerAction(token_budget=517, selected_request_ids=[0, 1, 2, 3, 4, 8], token_allocations={0: 1, 1: 1, 2: 1, 3: 1, 4: 512, 8: 1}, prefill_allocations={4: 512}, decode_allocations={0: 1, 1: 1, 2: 1, 3: 1, 8: 1}, heuristic='EDF', strategy='Fixed', mapping=None)","{""type"": ""controller"", ""token_budget"": 517, ""selected_request_ids"": [0, 1, 2, 3, 4, 8], ""token_allocations"": {""0"": 1, ""1"": 1, ""2"": 1, ""3"": 1, ""4"": 512, ""8"": 1}, ""prefill_allocations"": {""4"": 512}, ""decode_allocations"": {""0"": 1, ""1"": 1, ""2"": 1, ""3"": 1, ""8"": 1}, ""heuristic"": ""EDF"", ""strategy"": ""Fixed""}",arena_root,candidate_as_adversary,1.5402073598756234,10,1.9296863334293173,11.929686333429316
909001,6,39,284302,controller,4000,-29.45844268798828,"[0.16515564918518066, 0.14183089137077332, 0.23234820365905762, 0.2563760280609131, 0.03427371010184288, 0.03859684616327286, 0.03748050704598427, 0.0412563718855381, 0.00295055890455842, 0.0025527349207550287, 0.004281232133507729, 0.004403950646519661, 0.0027930934447795153, 0.00458163395524025, 0.002936114091426134, 0.0020696367137134075, 0.004097966942936182, 0.0033337867353111506, 0.0028761534485965967, 0.002063389401882887, 0.004519332200288773, 0.003001326695084572, 0.0033855789806693792, 0.002835360588505864]","[0.14644577104211293, 0.12576338954711813, 0.206026327303818, 0.22733212754955345, 0.030390967109519915, 0.03422435093235365, 0.03323447778189004, 0.03658258873363387, 0.01, 0.01, 0.01, 0.01, 0.01, 0.01, 0.01, 0.01, 0.01, 0.01, 0.01, 0.01, 0.01, 0.01, 0.01, 0.01]","[true, true, true, true, true, true, true, true, true, true, true, true, true, true, true, true, true, true, true, true, true, true, true, true]",-16.240816277513968,"[0.0235, 0.01475, 0.468375, 0.468375, 0.003, 0.00375, 0.005625, 0.005625, 0.0, 0.0, 0.001, 0.001, 0.0, 0.0, 0.000875, 0.000875, 0.0, 0.0, 0.000875, 0.000875, 0.0, 0.0, 0.00075, 0.00075]",2,0.468375,0.23234820365905762,"ControllerAction(token_budget=517, selected_request_ids=[0, 1, 2, 3, 6, 8], token_allocations={0: 1, 1: 1, 2: 1, 3: 1, 6: 512, 8: 1}, prefill_allocations={6: 512}, decode_allocations={0: 1, 1: 1, 2: 1, 3: 1, 8: 1}, heuristic='LST', strategy='Fixed', mapping=None)","{""type"": ""controller"", ""token_budget"": 517, ""selected_request_ids"": [0, 1, 2, 3, 6, 8], ""token_allocations"": {""0"": 1, ""1"": 1, ""2"": 1, ""3"": 1, ""6"": 512, ""8"": 1}, ""prefill_allocations"": {""6"": 512}, ""decode_allocations"": {""0"": 1, ""1"": 1, ""2"": 1, ""3"": 1, ""8"": 1}, ""heuristic"": ""LST"", ""strategy"": ""Fixed""}",arena_root,candidate_as_adversary,1.5660539614288167,10,2.058919341195284,12.058919341195285
909001,8,41,378516,controller,4000,-29.64813232421875,"[0.16623423993587494, 0.14381533861160278, 0.23437388241291046, 0.2583620548248291, 0.032802846282720566, 0.03669659048318863, 0.035824500024318695, 0.040045998990535736, 0.00289697153493762, 0.002518002176657319, 0.004159126430749893, 0.004363293293863535, 0.0027196214068681, 0.004556253086775541, 0.0029534108471125364, 0.0019781251903623343, 0.004029829520732164, 0.003360624425113201, 0.00281239440664649, 0.001974098850041628, 0.004510308150202036, 0.0029501381795853376, 0.003356739180162549, 0.0027055847458541393]","[0.14727201253287078, 0.12741042013123904, 0.20763901204352725, 0.22889086984040186, 0.02906104777647613, 0.032510635207515196, 0.03173802351790158, 0.03547797895006792, 0.01, 0.01, 0.01, 0.01, 0.01, 0.01, 0.01, 0.01, 0.01, 0.01, 0.01, 0.01, 0.01, 0.01, 0.01, 0.01]","[true, true, true, true, true, true, true, true, true, true, true, true, true, true, true, true, true, true, true, true, true, true, true, true]",-16.31591256686371,"[0.04825, 0.02875, 0.447625, 0.447625, 0.003, 0.0035, 0.007125, 0.007125, 0.0, 0.0, 0.001, 0.001, 0.0, 0.0, 0.000875, 0.000875, 0.0, 0.0, 0.000875, 0.000875, 0.0, 0.0, 0.00075, 0.00075]",2,0.447625,0.23437388241291046,"ControllerAction(token_budget=517, selected_request_ids=[0, 1, 2, 3, 7, 8], token_allocations={0: 1, 1: 1, 2: 1, 3: 1, 7: 512, 8: 1}, prefill_allocations={7: 512}, decode_allocations={0: 1, 1: 1, 2: 1, 3: 1, 8: 1}, heuristic='LST', strategy='Fixed', mapping=None)","{""type"": ""controller"", ""token_budget"": 517, ""selected_request_ids"": [0, 1, 2, 3, 7, 8], ""token_allocations"": {""0"": 1, ""1"": 1, ""2"": 1, ""3"": 1, ""7"": 512, ""8"": 1}, ""prefill_allocations"": {""7"": 512}, ""decode_allocations"": {""0"": 1, ""1"": 1, ""2"": 1, ""3"": 1, ""8"": 1}, ""heuristic"": ""LST"", ""strategy"": ""Fixed""}",arena_root,candidate_as_adversary,1.59190056298201,10,2.1881523489612515,12.188152348961252
909001,10,43,472488,controller,4000,-29.739221572875977,"[0.1654343158006668, 0.14528410136699677, 0.23401594161987305, 0.25817400217056274, 0.03197449445724487, 0.03553110361099243, 0.03555853292346001, 0.039545606821775436, 0.002965681254863739, 0.0027251658029854298, 0.004288152325898409, 0.004637696780264378, 0.0028232752811163664, 0.004840552806854248, 0.0031079703476279974, 0.0020394728053361177, 0.004209848586469889, 0.0037261354736983776, 0.0029066673014312983, 0.0020006669219583273, 0.004761738236993551, 0.0030428774189203978, 0.0036280679050832987, 0.0027779582887887955]","[0.14697214728422947, 0.12907066010352555, 0.20790018849568692, 0.22936225346191438, 0.02840619907644355, 0.031565897122445424, 0.031590265373569015, 0.0351323890821857, 0.01, 0.01, 0.01, 0.01, 0.01, 0.01, 0.01, 0.01, 0.01, 0.01, 0.01, 0.01, 0.01, 0.01, 0.01, 0.01]","[true, true, true, true, true, true, true, true, true, true, true, true, true, true, true, true, true, true, true, true, true, true, true, true]",-16.369422025190595,"[0.0585, 0.29916666666666675, 0.29916666666666675, 0.29916666666666675, 0.0030000000000000005, 0.009000000000000001, 0.009000000000000001, 0.009000000000000001, 0.0, 0.001, 0.001, 0.001, 0.0, 0.0012500000000000002, 0.0012500000000000002, 0.0012500000000000002, 0.0, 0.001166666666666667, 0.001166666666666667, 0.001166666666666667, 0.0, 0.0012500000000000002, 0.0012500000000000002, 0.0012500000000000002]",1,0.29916666666666675,0.14528410136699677,"ControllerAction(token_budget=517, selected_request_ids=[0, 1, 2, 3, 4, 8], token_allocations={0: 1, 1: 1, 2: 1, 3: 1, 4: 512, 8: 1}, prefill_allocations={4: 512}, decode_allocations={0: 1, 1: 1, 2: 1, 3: 1, 8: 1}, heuristic='EDF', strategy='Fixed', mapping=None)","{""type"": ""controller"", ""token_budget"": 517, ""selected_request_ids"": [0, 1, 2, 3, 4, 8], ""token_allocations"": {""0"": 1, ""1"": 1, ""2"": 1, ""3"": 1, ""4"": 512, ""8"": 1}, ""prefill_allocations"": {""4"": 512}, ""decode_allocations"": {""0"": 1, ""1"": 1, ""2"": 1, ""3"": 1, ""8"": 1}, ""heuristic"": ""EDF"", ""strategy"": ""Fixed""}",arena_root,candidate_as_adversary,1.6177471645352033,10,2.317385356727219,12.317385356727218
909001,12,45,566848,controller,4000,-29.936283111572266,"[0.16645267605781555, 0.1472930908203125, 0.23599398136138916, 0.260089248418808, 0.030564839020371437, 0.03373251110315323, 0.03393961861729622, 0.03834513947367668, 0.002908658469095826, 0.0026853582821786404, 0.004160286858677864, 0.004590727388858795, 0.0027458537369966507, 0.004809425212442875, 0.003124811453744769, 0.0019464129582047462, 0.004135711584240198, 0.0037536309100687504, 0.002838793210685253, 0.0019112668232992291, 0.004748460371047258, 0.002988252090290189, 0.0035942993126809597, 0.002646808512508869]","[0.14773732806881415, 0.1307319785788953, 0.20945965587566243, 0.23084573664333433, 0.02712823702608826, 0.029939747305116803, 0.030123568385601162, 0.034033748116487635, 0.01, 0.01, 0.01, 0.01, 0.01, 0.01, 0.01, 0.01, 0.01, 0.01, 0.01, 0.01, 0.01, 0.01, 0.01, 0.01]","[true, true, true, true, true, true, true, true, true, true, true, true, true, true, true, true, true, true, true, true, true, true, true, true]",-16.475663051421794,"[0.09675, 0.09675, 0.38825, 0.38825, 0.003, 0.00325, 0.007375, 0.007375, 0.0, 0.0, 0.001, 0.001, 0.0, 0.0, 0.001, 0.001, 0.0, 0.0, 0.00125, 0.00125, 0.0, 0.0, 0.00125, 0.00125]",2,0.38825,0.23599398136138916,"ControllerAction(token_budget=517, selected_request_ids=[0, 1, 2, 3, 5, 8], token_allocations={0: 1, 1: 1, 2: 1, 3: 1, 5: 512, 8: 1}, prefill_allocations={5: 512}, decode_allocations={0: 1, 1: 1, 2: 1, 3: 1, 8: 1}, heuristic='LST', strategy='Fixed', mapping=None)","{""type"": ""controller"", ""token_budget"": 517, ""selected_request_ids"": [0, 1, 2, 3, 5, 8], ""token_allocations"": {""0"": 1, ""1"": 1, ""2"": 1, ""3"": 1, ""5"": 512, ""8"": 1}, ""prefill_allocations"": {""5"": 512}, ""decode_allocations"": {""0"": 1, ""1"": 1, ""2"": 1, ""3"": 1, ""8"": 1}, ""heuristic"": ""LST"", ""strategy"": ""Fixed""}",arena_root,candidate_as_adversary,1.6440726294483965,10,2.449012681293185,12.449012681293185
909001,14,47,661474,controller,4000,-30.133743286132812,"[0.16741780936717987, 0.14927683770656586, 0.23790434002876282, 0.261925607919693, 0.029206950217485428, 0.03201358765363693, 0.032382890582084656, 0.037167906761169434, 0.002851719968020916, 0.0026451919693499804, 0.004034795798361301, 0.004542620852589607, 0.002669604727998376, 0.004776800516992807, 0.0031406262423843145, 0.0018569391686469316, 0.00406143581494689, 0.003779985476285219, 0.0027715214528143406, 0.0018252128502354026, 0.004733540117740631, 0.002933565992861986, 0.0035595763474702835, 0.002520956564694643]","[0.1484551504758496, 0.1323689247162708, 0.21095799025997372, 0.23225847766240781, 0.025898810920216522, 0.028387553214061785, 0.02871502686827522, 0.03295806588294449, 0.01, 0.01, 0.01, 0.01, 0.01, 0.01, 0.01, 0.01, 0.01, 0.01, 0.01, 0.01, 0.01, 0.01, 0.01, 0.01]","[true, true, true, true, true, true, true, true, true, true, true, true, true, true, true, true, true, true, true, true, true, true, true, true]",-16.55396818361711,"[0.09474999999999999, 0.09474999999999999, 0.38449999999999995, 0.38449999999999995, 0.006499999999999999, 0.006499999999999999, 0.007874999999999998, 0.007874999999999998, 0.0, 0.0, 0.0016249999999999997, 0.0016249999999999997, 0.0, 0.0, 0.0014999999999999998, 0.0014999999999999998, 0.0, 0.0, 0.0012499999999999998, 0.0012499999999999998, 0.0, 0.001333333333333333, 0.001333333333333333, 0.001333333333333333]",2,0.38449999999999995,0.23790434002876282,"ControllerAction(token_budget=517, selected_request_ids=[0, 1, 2, 3, 6, 8], token_allocations={0: 1, 1: 1, 2: 1, 3: 1, 6: 512, 8: 1}, prefill_allocations={6: 512}, decode_allocations={0: 1, 1: 1, 2: 1, 3: 1, 8: 1}, heuristic='LST', strategy='Fixed', mapping=None)","{""type"": ""controller"", ""token_budget"": 517, ""selected_request_ids"": [0, 1, 2, 3, 6, 8], ""token_allocations"": {""0"": 1, ""1"": 1, ""2"": 1, ""3"": 1, ""6"": 512, ""8"": 1}, ""prefill_allocations"": {""6"": 512}, ""decode_allocations"": {""0"": 1, ""1"": 1, ""2"": 1, ""3"": 1, ""8"": 1}, ""heuristic"": ""LST"", ""strategy"": ""Fixed""}",arena_root,candidate_as_adversary,1.6703980943615897,10,2.580640005859151,12.580640005859152
909001,16,49,757160,controller,4000,-30.331260681152344,"[0.16833080351352692, 0.15123535692691803, 0.2397477924823761, 0.26368448138237, 0.027899818494915962, 0.030371829867362976, 0.03088696487247944, 0.03601446375250816, 0.0027949369978159666, 0.002604730660095811, 0.00391174852848053, 0.004493477288633585, 0.002594584133476019, 0.004742770921438932, 0.0031554384622722864, 0.0017709708772599697, 0.003987123258411884, 0.0038052198942750692, 0.0027049134951084852, 0.0017424356192350388, 0.004717047791928053, 0.002878890372812748, 0.0035239816643297672, 0.002400263212621212]","[0.1491268966293054, 0.1339817726071999, 0.212396326283504, 0.2336022140754575, 0.024716886403583122, 0.026906880015630186, 0.027363246188990525, 0.03190577779632926, 0.01, 0.01, 0.01, 0.01, 0.01, 0.01, 0.01, 0.01, 0.01, 0.01, 0.01, 0.01, 0.01, 0.01, 0.01, 0.01]","[true, true, true, true, true, true, true, true, true, true, true, true, true, true, true, true, true, true, true, true, true, true, true, true]",-16.634596958643804,"[0.09187500000000001, 0.09187500000000001, 0.38350000000000006, 0.38350000000000006, 0.00625, 0.00625, 0.008625, 0.008625, 0.0016250000000000001, 0.0016250000000000001, 0.0016250000000000001, 0.0016250000000000001, 0.0, 0.0, 0.0016250000000000001, 0.0016250000000000001, 0.0, 0.001416666666666667, 0.001416666666666667, 0.001416666666666667, 0.0013750000000000001, 0.0013750000000000001, 0.0013750000000000001, 0.0013750000000000001]",2,0.38350000000000006,0.2397477924823761,"ControllerAction(token_budget=517, selected_request_ids=[0, 1, 2, 3, 7, 8], token_allocations={0: 1, 1: 1, 2: 1, 3: 1, 7: 512, 8: 1}, prefill_allocations={7: 512}, decode_allocations={0: 1, 1: 1, 2: 1, 3: 1, 8: 1}, heuristic='LST', strategy='Fixed', mapping=None)","{""type"": ""controller"", ""token_budget"": 517, ""selected_request_ids"": [0, 1, 2, 3, 7, 8], ""token_allocations"": {""0"": 1, ""1"": 1, ""2"": 1, ""3"": 1, ""7"": 512, ""8"": 1}, ""prefill_allocations"": {""7"": 512}, ""decode_allocations"": {""0"": 1, ""1"": 1, ""2"": 1, ""3"": 1, ""8"": 1}, ""heuristic"": ""LST"", ""strategy"": ""Fixed""}",arena_root,candidate_as_adversary,1.696723559274783,10,2.7122673304251173,12.712267330425117
909001,18,51,854726,controller,4000,-30.434499740600586,"[0.1698566973209381, 0.15494303405284882, 0.24274614453315735, 0.2671791911125183, 0.027550997212529182, 0.029784878715872765, 0.031052958220243454, 0.0360359326004982, 0.002899054903537035, 0.0028565002139657736, 0.004085399676114321, 0.00484009413048625, 0.0027289139106869698, 0.0051062931306660175, 0.0033665469381958246, 0.0018493066309019923, 0.004220664966851473, 0.004276662599295378, 0.0028321926947683096, 0.0017885324778035283, 0.0, 0.0, 0.0, 0.0]","[0.1558399828472325, 0.14215700734761444, 0.2227145328794512, 0.24513134434399322, 0.025277466245044174, 0.02732700600800117, 0.028490442547902006, 0.03306221778076104, 0.01, 0.01, 0.01, 0.01, 0.01, 0.01, 0.01, 0.01, 0.01, 0.01, 0.01, 0.01, 0.0, 0.0, 0.0, 0.0]","[true, true, true, true, true, true, true, true, true, true, true, true, true, true, true, true, true, true, true, true, false, false, false, false]",-16.642948535268882,"[0.235, 0.235, 0.235, 0.235, 0.00975, 0.00975, 0.00975, 0.00975, 0.002, 0.002, 0.002, 0.002, 0.00175, 0.00175, 0.00175, 0.00175, 0.0015, 0.0015, 0.0015, 0.0015, 0.0, 0.0, 0.0, 0.0]",0,0.235,0.1698566973209381,"ControllerAction(token_budget=517, selected_request_ids=[0, 1, 2, 3, 4, 8], token_allocations={0: 1, 1: 1, 2: 1, 3: 1, 4: 512, 8: 1}, prefill_allocations={4: 512}, decode_allocations={0: 1, 1: 1, 2: 1, 3: 1, 8: 1}, heuristic='SJF', strategy='Fixed', mapping=None)","{""type"": ""controller"", ""token_budget"": 517, ""selected_request_ids"": [0, 1, 2, 3, 4, 8], ""token_allocations"": {""0"": 1, ""1"": 1, ""2"": 1, ""3"": 1, ""4"": 512, ""8"": 1}, ""prefill_allocations"": {""4"": 512}, ""decode_allocations"": {""0"": 1, ""1"": 1, ""2"": 1, ""3"": 1, ""8"": 1}, ""heuristic"": ""SJF"", ""strategy"": ""Fixed""}",arena_root,candidate_as_adversary,1.7230490241879761,10,2.8438946549910833,12.843894654991082
909001,20,53,953505,controller,4000,-31.212940216064453,"[0.17712120711803436, 0.16493995487689972, 0.2412872463464737, 0.26071158051490784, 0.028341472148895264, 0.029421739280223846, 0.032085057348012924, 0.03766889497637749, 0.003066746285185218, 0.003157772123813629, 0.003951593767851591, 0.005155769642442465, 0.002679277677088976, 0.004989088512957096, 0.0035958231892436743, 0.0018267461564391851, 0.0, 0.0, 0.0, 0.0, 0.0, 0.0, 0.0, 0.0]","[0.16771854927925747, 0.15618395109347205, 0.2284782696283743, 0.24687144343547388, 0.026836936528348707, 0.027859856589974953, 0.030381789733198987, 0.03566920371189967, 0.01, 0.01, 0.01, 0.01, 0.01, 0.01, 0.01, 0.01, 0.0, 0.0, 0.0, 0.0, 0.0, 0.0, 0.0, 0.0]","[true, true, true, true, true, true, true, true, true, true, true, true, true, true, true, true, false, false, false, false, false, false, false, false]",-16.70796715097674,"[0.234875, 0.234875, 0.234875, 0.234875, 0.01125, 0.01125, 0.01125, 0.01125, 0.0020625, 0.0020625, 0.0020625, 0.0020625, 0.0018125, 0.0018125, 0.0018125, 0.0018125, 0.0, 0.0, 0.0, 0.0, 0.0, 0.0, 0.0, 0.0]",0,0.234875,0.17712120711803436,"ControllerAction(token_budget=518, selected_request_ids=[0, 1, 2, 3, 4, 5, 8], token_allocations={0: 1, 1: 1, 2: 1, 3: 1, 4: 1, 5: 512, 8: 1}, prefill_allocations={5: 512}, decode_allocations={0: 1, 1: 1, 2: 1, 3: 1, 4: 1, 8: 1}, heuristic='SJF', strategy='Fixed', mapping=None)","{""type"": ""controller"", ""token_budget"": 518, ""selected_request_ids"": [0, 1, 2, 3, 4, 5, 8], ""token_allocations"": {""0"": 1, ""1"": 1, ""2"": 1, ""3"": 1, ""4"": 1, ""5"": 512, ""8"": 1}, ""prefill_allocations"": {""5"": 512}, ""decode_allocations"": {""0"": 1, ""1"": 1, ""2"": 1, ""3"": 1, ""4"": 1, ""8"": 1}, ""heuristic"": ""SJF"", ""strategy"": ""Fixed""}",arena_root,candidate_as_adversary,1.7498864583811695,10,2.9780818259570503,12.97808182595705
909001,22,55,1052646,controller,4000,-31.97268295288086,"[0.184455007314682, 0.1753533035516739, 0.23952409625053406, 0.2540684640407562, 0.02911592647433281, 0.029024267569184303, 0.033107295632362366, 0.03932373598217964, 0.003239842364564538, 0.0034862009342759848, 0.0038170868065208197, 0.005484787747263908, 0.0, 0.0, 0.0, 0.0, 0.0, 0.0, 0.0, 0.0, 0.0, 0.0, 0.0, 0.0]","[0.17996120783825503, 0.17108124504178532, 0.23368867180750993, 0.24787870130509274, 0.028406587448784826, 0.028317161590849092, 0.03230071656495431, 0.03836570840276893, 0.01, 0.01, 0.01, 0.01, 0.0, 0.0, 0.0, 0.0, 0.0, 0.0, 0.0, 0.0, 0.0, 0.0, 0.0, 0.0]","[true, true, true, true, true, true, true, true, true, true, true, true, false, false, false, false, false, false, false, false, false, false, false, false]",-16.75462415767505,"[0.2353125, 0.2353125, 0.2353125, 0.2353125, 0.0125625, 0.0125625, 0.0125625, 0.0125625, 0.002125, 0.002125, 0.002125, 0.002125, 0.0, 0.0, 0.0, 0.0, 0.0, 0.0, 0.0, 0.0, 0.0, 0.0, 0.0, 0.0]",0,0.2353125,0.184455007314682,"ControllerAction(token_budget=519, selected_request_ids=[0, 1, 2, 3, 4, 5, 6, 8], token_allocations={0: 1, 1: 1, 2: 1, 3: 1, 4: 1, 5: 1, 6: 512, 8: 1}, prefill_allocations={6: 512}, decode_allocations={0: 1, 1: 1, 2: 1, 3: 1, 4: 1, 5: 1, 8: 1}, heuristic='SJF', strategy='Fixed', mapping=None)","{""type"": ""controller"", ""token_budget"": 519, ""selected_request_ids"": [0, 1, 2, 3, 4, 5, 6, 8], ""token_allocations"": {""0"": 1, ""1"": 1, ""2"": 1, ""3"": 1, ""4"": 1, ""5"": 1, ""6"": 512, ""8"": 1}, ""prefill_allocations"": {""6"": 512}, ""decode_allocations"": {""0"": 1, ""1"": 1, ""2"": 1, ""3"": 1, ""4"": 1, ""5"": 1, ""8"": 1}, ""heuristic"": ""SJF"", ""strategy"": ""Fixed""}",arena_root,candidate_as_adversary,1.776735566174363,10,3.085478257129824,13.085478257129823
909001,24,57,1152146,controller,4000,-32.71352767944336,"[0.19254842400550842, 0.1868758201599121, 0.23834455013275146, 0.24818484485149384, 0.029976530000567436, 0.028692791238427162, 0.03423484414815903, 0.04114216938614845, 0.0, 0.0, 0.0, 0.0, 0.0, 0.0, 0.0, 0.0, 0.0, 0.0, 0.0, 0.0, 0.0, 0.0, 0.0, 0.0]","[0.1925484290266, 0.18687582503307898, 0.2383445563480701, 0.24818485132341817, 0.029976530782266392, 0.02869279198665002, 0.03423484504090218, 0.04114217045901415, 0.0, 0.0, 0.0, 0.0, 0.0, 0.0, 0.0, 0.0, 0.0, 0.0, 0.0, 0.0, 0.0, 0.0, 0.0, 0.0]","[true, true, true, true, true, true, true, true, false, false, false, false, false, false, false, false, false, false, false, false, false, false, false, false]",-16.799852802706145,"[0.2359375, 0.2359375, 0.2359375, 0.2359375, 0.0140625, 0.0140625, 0.0140625, 0.0140625, 0.0, 0.0, 0.0, 0.0, 0.0, 0.0, 0.0, 0.0, 0.0, 0.0, 0.0, 0.0, 0.0, 0.0, 0.0, 0.0]",0,0.2359375,0.19254842400550842,"ControllerAction(token_budget=520, selected_request_ids=[0, 1, 2, 3, 4, 5, 6, 7, 8], token_allocations={0: 1, 1: 1, 2: 1, 3: 1, 4: 1, 5: 1, 6: 1, 7: 512, 8: 1}, prefill_allocations={7: 512}, decode_allocations={0: 1, 1: 1, 2: 1, 3: 1, 4: 1, 5: 1, 6: 1, 8: 1}, heuristic='SJF', strategy='Fixed', mapping=None)","{""type"": ""controller"", ""token_budget"": 520, ""selected_request_ids"": [0, 1, 2, 3, 4, 5, 6, 7, 8], ""token_allocations"": {""0"": 1, ""1"": 1, ""2"": 1, ""3"": 1, ""4"": 1, ""5"": 1, ""6"": 1, ""7"": 512, ""8"": 1}, ""prefill_allocations"": {""7"": 512}, ""decode_allocations"": {""0"": 1, ""1"": 1, ""2"": 1, ""3"": 1, ""4"": 1, ""5"": 1, ""6"": 1, ""8"": 1}, ""heuristic"": ""SJF"", ""strategy"": ""Fixed""}",arena_root,candidate_as_adversary,1.8036972238555562,10,3.1663632301734035,13.166363230173403
909001,26,59,1252987,controller,4000,-33.43648147583008,"[0.2284659743309021, 0.2263769954442978, 0.26958590745925903, 0.27557113766670227, 0.0, 0.0, 0.0, 0.0, 0.0, 0.0, 0.0, 0.0, 0.0, 0.0, 0.0, 0.0, 0.0, 0.0, 0.0, 0.0, 0.0, 0.0, 0.0, 0.0]","[0.22846597092649384, 0.22637699207101775, 0.269585903442116, 0.2755711335603724, 0.0, 0.0, 0.0, 0.0, 0.0, 0.0, 0.0, 0.0, 0.0, 0.0, 0.0, 0.0, 0.0, 0.0, 0.0, 0.0, 0.0, 0.0, 0.0, 0.0]","[true, true, true, true, false, false, false, false, false, false, false, false, false, false, false, false, false, false, false, false, false, false, false, false]",-16.78868713462078,"[0.25, 0.25, 0.25, 0.25, 0.0, 0.0, 0.0, 0.0, 0.0, 0.0, 0.0, 0.0, 0.0, 0.0, 0.0, 0.0, 0.0, 0.0, 0.0, 0.0, 0.0, 0.0, 0.0, 0.0]",0,0.25,0.2284659743309021,"ControllerAction(token_budget=521, selected_request_ids=[0, 1, 2, 3, 4, 5, 6, 7, 8, 9], token_allocations={0: 1, 1: 1, 2: 1, 3: 1, 4: 1, 5: 1, 6: 1, 7: 1, 8: 1, 9: 512}, prefill_allocations={9: 512}, decode_allocations={0: 1, 1: 1, 2: 1, 3: 1, 4: 1, 5: 1, 6: 1, 7: 1, 8: 1}, heuristic='SJF', strategy='Fixed', mapping=None)","{""type"": ""controller"", ""token_budget"": 521, ""selected_request_ids"": [0, 1, 2, 3, 4, 5, 6, 7, 8, 9], ""token_allocations"": {""0"": 1, ""1"": 1, ""2"": 1, ""3"": 1, ""4"": 1, ""5"": 1, ""6"": 1, ""7"": 1, ""8"": 1, ""9"": 512}, ""prefill_allocations"": {""9"": 512}, ""decode_allocations"": {""0"": 1, ""1"": 1, ""2"": 1, ""3"": 1, ""4"": 1, ""5"": 1, ""6"": 1, ""7"": 1, ""8"": 1}, ""heuristic"": ""SJF"", ""strategy"": ""Fixed""}",arena_root,candidate_as_adversary,1.8306995752967494,10,3.2203679330557895,13.22036793305579
909001,29,62,1403539,adversary,4000,-25.073326110839844,"[0.10029836744070053, 0.10290008038282394, 0.1928693801164627, 0.16160111129283905, 0.20327787101268768, 0.23905318975448608]","[0.10029836744070053, 0.10290008038282394, 0.1928693801164627, 0.16160111129283905, 0.20327787101268768, 0.23905318975448608]","[true, true, true, true, true, true]",-14.962627393782137,"[0.0255, 0.03975, 0.15575, 0.15325, 0.25375, 0.372]",5,0.372,0.23905318975448608,"AdversaryAction(requests=[AdversaryRequestSpec(prefill_tokens=3072, decode_tokens=5000, prefill_slo=0.3874467952163693, decode_slo=0.05), AdversaryRequestSpec(prefill_tokens=3072, decode_tokens=5000, prefill_slo=0.3874467952163693, decode_slo=0.05), AdversaryRequestSpec(prefill_tokens=3072, decode_tokens=5000, prefill_slo=0.3874467952163693, decode_slo=0.05), AdversaryRequestSpec(prefill_tokens=3072, decode_tokens=5000, prefill_slo=0.3874467952163693, decode_slo=0.05), AdversaryRequestSpec(prefill_tokens=3072, decode_tokens=5000, prefill_slo=0.3874467952163693, decode_slo=0.05), AdversaryRequestSpec(prefill_tokens=3072, decode_tokens=5000, prefill_slo=0.3874467952163693, decode_slo=0.05)], stop_decode_ids=[])","{""type"": ""adversary"", ""requests"": [{""prefill_tokens"": 3072, ""decode_tokens"": 5000, ""prefill_slo"": 0.3874467952163693, ""decode_slo"": 0.05}, {""prefill_tokens"": 3072, ""decode_tokens"": 5000, ""prefill_slo"": 0.3874467952163693, ""decode_slo"": 0.05}, {""prefill_tokens"": 3072, ""decode_tokens"": 5000, ""prefill_slo"": 0.3874467952163693, ""decode_slo"": 0.05}, {""prefill_tokens"": 3072, ""decode_tokens"": 5000, ""prefill_slo"": 0.3874467952163693, ""decode_slo"": 0.05}, {""prefill_tokens"": 3072, ""decode_tokens"": 5000, ""prefill_slo"": 0.3874467952163693, ""decode_slo"": 0.05}, {""prefill_tokens"": 3072, ""decode_tokens"": 5000, ""prefill_slo"": 0.3874467952163693, ""decode_slo"": 0.05}], ""stop_decode_ids"": []}",arena_root,candidate_as_adversary,2.0,10,3.2485056821020506,13.248505682102051
909001,30,63,1451503,controller,4000,-29.100595474243164,"[0.13158084452152252, 0.10311246663331985, 0.15704667568206787, 0.15226179361343384, 0.08606094866991043, 0.1053631529211998, 0.09905628114938736, 0.0893697440624237, 0.005335173103958368, 0.0049361903220415115, 0.007798805367201567, 0.006260724738240242, 0.004700841847807169, 0.004662833176553249, 0.0028614033944904804, 0.0048352559097111225, 0.004565120674669743, 0.0028023989871144295, 0.0045240772888064384, 0.005077721551060677, 0.004522388800978661, 0.004158498719334602, 0.003683037357404828, 0.00542369345203042]","[0.1196381243901883, 0.0937536322563916, 0.1427925910389148, 0.13844200096479511, 0.07824976743042733, 0.09580003868471201, 0.09006559981336365, 0.08125824542120687, 0.01, 0.01, 0.01, 0.01, 0.01, 0.01, 0.01, 0.01, 0.01, 0.01, 0.01, 0.01, 0.01, 0.01, 0.01, 0.01]","[true, true, true, true, true, true, true, true, true, true, true, true, true, true, true, true, true, true, true, true, true, true, true, true]",-16.730866456701598,"[0.1320625, 0.1320625, 0.1320625, 0.1320625, 0.104375, 0.104375, 0.104375, 0.104375, 0.005125, 0.005125, 0.005125, 0.005125, 0.003875, 0.003875, 0.003875, 0.003875, 0.0024375, 0.0024375, 0.0024375, 0.0024375, 0.002125, 0.002125, 0.002125, 0.002125]",0,0.1320625,0.13158084452152252,"ControllerAction(token_budget=522, selected_request_ids=[0, 1, 2, 3, 4, 5, 6, 7, 8, 9, 10], token_allocations={0: 1, 1: 1, 2: 1, 3: 1, 4: 1, 5: 1, 6: 1, 7: 1, 8: 1, 9: 1, 10: 512}, prefill_allocations={10: 512}, decode_allocations={0: 1, 1: 1, 2: 1, 3: 1, 4: 1, 5: 1, 6: 1, 7: 1, 8: 1, 9: 1}, heuristic='SJF', strategy='Fixed', mapping=None)","{""type"": ""controller"", ""token_budget"": 522, ""selected_request_ids"": [0, 1, 2, 3, 4, 5, 6, 7, 8, 9, 10], ""token_allocations"": {""0"": 1, ""1"": 1, ""2"": 1, ""3"": 1, ""4"": 1, ""5"": 1, ""6"": 1, ""7"": 1, ""8"": 1, ""9"": 1, ""10"": 512}, ""prefill_allocations"": {""10"": 512}, ""decode_allocations"": {""0"": 1, ""1"": 1, ""2"": 1, ""3"": 1, ""4"": 1, ""5"": 1, ""6"": 1, ""7"": 1, ""8"": 1, ""9"": 1}, ""heuristic"": ""SJF"", ""strategy"": ""Fixed""}",arena_root,candidate_as_adversary,2.0,10,3.2485056821020506,13.248505682102051
909001,32,65,1504754,controller,4000,-29.04034996032715,"[0.13347576558589935, 0.10429399460554123, 0.15896190702915192, 0.15730878710746765, 0.08552892506122589, 0.10353298485279083, 0.09601609408855438, 0.08662008494138718, 0.0051930975168943405, 0.004709864966571331, 0.0074885329231619835, 0.006074458826333284, 0.00457235611975193, 0.004594346508383751, 0.0028479215689003468, 0.00470596132799983, 0.004498734604567289, 0.002739668358117342, 0.004450524691492319, 0.00487365759909153, 0.004500141832977533, 0.004017921630293131, 0.003635898930951953, 0.005358409136533737]","[0.12111372471958345, 0.09463466343208338, 0.14423943226187116, 0.14273941830619563, 0.07760754650821432, 0.09394413564002352, 0.08712343201063683, 0.0785976471213916, 0.01, 0.01, 0.01, 0.01, 0.01, 0.01, 0.01, 0.01, 0.01, 0.01, 0.01, 0.01, 0.01, 0.01, 0.01, 0.01]","[true, true, true, true, true, true, true, true, true, true, true, true, true, true, true, true, true, true, true, true, true, true, true, true]",-16.69080347187699,"[0.124, 0.124, 0.174875, 0.174875, 0.102625, 0.102625, 0.0985, 0.0985, 0.0, 0.0, 0.0, 0.0, 0.0, 0.0, 0.0, 0.0, 0.0, 0.0, 0.0, 0.0, 0.0, 0.0, 0.0, 0.0]",2,0.174875,0.15896190702915192,"ControllerAction(token_budget=522, selected_request_ids=[0, 1, 2, 3, 4, 5, 6, 7, 8, 9, 11], token_allocations={0: 1, 1: 1, 2: 1, 3: 1, 4: 1, 5: 1, 6: 1, 7: 1, 8: 1, 9: 1, 11: 512}, prefill_allocations={11: 512}, decode_allocations={0: 1, 1: 1, 2: 1, 3: 1, 4: 1, 5: 1, 6: 1, 7: 1, 8: 1, 9: 1}, heuristic='LST', strategy='Fixed', mapping=None)","{""type"": ""controller"", ""token_budget"": 522, ""selected_request_ids"": [0, 1, 2, 3, 4, 5, 6, 7, 8, 9, 11], ""token_allocations"": {""0"": 1, ""1"": 1, ""2"": 1, ""3"": 1, ""4"": 1, ""5"": 1, ""6"": 1, ""7"": 1, ""8"": 1, ""9"": 1, ""11"": 512}, ""prefill_allocations"": {""11"": 512}, ""decode_allocations"": {""0"": 1, ""1"": 1, ""2"": 1, ""3"": 1, ""4"": 1, ""5"": 1, ""6"": 1, ""7"": 1, ""8"": 1, ""9"": 1}, ""heuristic"": ""LST"", ""strategy"": ""Fixed""}",arena_root,candidate_as_adversary,2.025859150390261,10,3.2485056821020506,13.248505682102051
909001,34,67,1558502,controller,4000,-29.140933990478516,"[0.13596415519714355, 0.10713429749011993, 0.1623634248971939, 0.16047203540802002, 0.08293900638818741, 0.09962691366672516, 0.09284133464097977, 0.0851186066865921, 0.005151026416569948, 0.004694223403930664, 0.007344991900026798, 0.006080524995923042, 0.004500537179410458, 0.004613570403307676, 0.0028981335926800966, 0.004548232536762953, 0.004470298532396555, 0.0027881155256181955, 0.004394054412841797, 0.004712638910859823, 0.004535940010100603, 0.003994043450802565, 0.003644596552476287, 0.005169212352484465]","[0.12327560626434379, 0.09713623017514667, 0.14721122350471774, 0.1454963436849458, 0.07519891018806467, 0.09032945605923201, 0.08417712593192393, 0.07717510419162532, 0.01, 0.01, 0.01, 0.01, 0.01, 0.01, 0.01, 0.01, 0.01, 0.01, 0.01, 0.01, 0.01, 0.01, 0.01, 0.01]","[true, true, true, true, true, true, true, true, true, true, true, true, true, true, true, true, true, true, true, true, true, true, true, true]",-16.659599720747003,"[0.132125, 0.132125, 0.174375, 0.174375, 0.098375, 0.098375, 0.095125, 0.095125, 0.0, 0.0, 0.0, 0.0, 0.0, 0.0, 0.0, 0.0, 0.0, 0.0, 0.0, 0.0, 0.0, 0.0, 0.0, 0.0]",2,0.174375,0.1623634248971939,"ControllerAction(token_budget=522, selected_request_ids=[0, 1, 2, 3, 4, 5, 6, 7, 8, 9, 12], token_allocations={0: 1, 1: 1, 2: 1, 3: 1, 4: 1, 5: 1, 6: 1, 7: 1, 8: 1, 9: 1, 12: 512}, prefill_allocations={12: 512}, decode_allocations={0: 1, 1: 1, 2: 1, 3: 1, 4: 1, 5: 1, 6: 1, 7: 1, 8: 1, 9: 1}, heuristic='LST', strategy='Fixed', mapping=None)","{""type"": ""controller"", ""token_budget"": 522, ""selected_request_ids"": [0, 1, 2, 3, 4, 5, 6, 7, 8, 9, 12], ""token_allocations"": {""0"": 1, ""1"": 1, ""2"": 1, ""3"": 1, ""4"": 1, ""5"": 1, ""6"": 1, ""7"": 1, ""8"": 1, ""9"": 1, ""12"": 512}, ""prefill_allocations"": {""12"": 512}, ""decode_allocations"": {""0"": 1, ""1"": 1, ""2"": 1, ""3"": 1, ""4"": 1, ""5"": 1, ""6"": 1, ""7"": 1, ""8"": 1, ""9"": 1}, ""heuristic"": ""LST"", ""strategy"": ""Fixed""}",arena_root,candidate_as_adversary,2.0517183007805224,10,3.2485056821020506,13.248505682102051
909001,36,69,1613637,controller,4000,-29.24721908569336,"[0.13841012120246887, 0.10998141020536423, 0.16573143005371094, 0.16359396278858185, 0.08037595450878143, 0.09580674767494202, 0.08971400558948517, 0.08358952403068542, 0.005106021650135517, 0.004675633739680052, 0.007199577055871487, 0.0060826921835541725, 0.00442701019346714, 0.004629903938621283, 0.0029473367612808943, 0.004392971284687519, 0.004439194221049547, 0.002835599472746253, 0.004335518926382065, 0.004554017912596464, 0.004569090437144041, 0.00396776245906949, 0.00365097145549953, 0.004983496852219105]","[0.1253926942018521, 0.0996376942521144, 0.15014444281831846, 0.14820800365610767, 0.07281662206016354, 0.08679615413459893, 0.08127643246587159, 0.07572795641097338, 0.01, 0.01, 0.01, 0.01, 0.01, 0.01, 0.01, 0.01, 0.01, 0.01, 0.01, 0.01, 0.01, 0.01, 0.01, 0.01]","[true, true, true, true, true, true, true, true, true, true, true, true, true, true, true, true, true, true, true, true, true, true, true, true]",-16.629265871085412,"[0.128375, 0.128375, 0.189125, 0.189125, 0.092, 0.092, 0.0905, 0.0905, 0.0, 0.0, 0.0, 0.0, 0.0, 0.0, 0.0, 0.0, 0.0, 0.0, 0.0, 0.0, 0.0, 0.0, 0.0, 0.0]",2,0.189125,0.16573143005371094,"ControllerAction(token_budget=522, selected_request_ids=[0, 1, 2, 3, 4, 5, 6, 7, 8, 9, 13], token_allocations={0: 1, 1: 1, 2: 1, 3: 1, 4: 1, 5: 1, 6: 1, 7: 1, 8: 1, 9: 1, 13: 512}, prefill_allocations={13: 512}, decode_allocations={0: 1, 1: 1, 2: 1, 3: 1, 4: 1, 5: 1, 6: 1, 7: 1, 8: 1, 9: 1}, heuristic='LST', strategy='Fixed', mapping=None)","{""type"": ""controller"", ""token_budget"": 522, ""selected_request_ids"": [0, 1, 2, 3, 4, 5, 6, 7, 8, 9, 13], ""token_allocations"": {""0"": 1, ""1"": 1, ""2"": 1, ""3"": 1, ""4"": 1, ""5"": 1, ""6"": 1, ""7"": 1, ""8"": 1, ""9"": 1, ""13"": 512}, ""prefill_allocations"": {""13"": 512}, ""decode_allocations"": {""0"": 1, ""1"": 1, ""2"": 1, ""3"": 1, ""4"": 1, ""5"": 1, ""6"": 1, ""7"": 1, ""8"": 1, ""9"": 1}, ""heuristic"": ""LST"", ""strategy"": ""Fixed""}",arena_root,candidate_as_adversary,2.0775774511707836,10,3.2485056821020506,13.248505682102051
909001,38,71,1668029,controller,4000,-29.359033584594727,"[0.14081087708473206, 0.11283264309167862, 0.16906212270259857, 0.1666710376739502, 0.07784277200698853, 0.09207472950220108, 0.08663710951805115, 0.08203593641519547, 0.005058205686509609, 0.0046541690826416016, 0.00705257523804903, 0.006081008818000555, 0.0043519241735339165, 0.004643352702260017, 0.0029954789206385612, 0.004240324255079031, 0.004405516665428877, 0.0028820661827921867, 0.004275055136531591, 0.004397951066493988, 0.004599568899720907, 0.003939158283174038, 0.0036550420336425304, 0.004801410250365734]","[0.1274626227983148, 0.10213660282136634, 0.15303577409404742, 0.15087135345130184, 0.07046361823264172, 0.08334644850435673, 0.07842429107369733, 0.0742592890242737, 0.01, 0.01, 0.01, 0.01, 0.01, 0.01, 0.01, 0.01, 0.01, 0.01, 0.01, 0.01, 0.01, 0.01, 0.01, 0.01]","[true, true, true, true, true, true, true, true, true, true, true, true, true, true, true, true, true, true, true, true, true, true, true, true]",-16.615741996812172,"[0.133875, 0.133875, 0.182875, 0.182875, 0.09125, 0.09125, 0.092, 0.092, 0.0, 0.0, 0.0, 0.0, 0.0, 0.0, 0.0, 0.0, 0.0, 0.0, 0.0, 0.0, 0.0, 0.0, 0.0, 0.0]",2,0.182875,0.16906212270259857,"ControllerAction(token_budget=522, selected_request_ids=[0, 1, 2, 3, 4, 5, 6, 7, 8, 9, 14], token_allocations={0: 1, 1: 1, 2: 1, 3: 1, 4: 1, 5: 1, 6: 1, 7: 1, 8: 1, 9: 1, 14: 512}, prefill_allocations={14: 512}, decode_allocations={0: 1, 1: 1, 2: 1, 3: 1, 4: 1, 5: 1, 6: 1, 7: 1, 8: 1, 9: 1}, heuristic='LST', strategy='Fixed', mapping=None)","{""type"": ""controller"", ""token_budget"": 522, ""selected_request_ids"": [0, 1, 2, 3, 4, 5, 6, 7, 8, 9, 14], ""token_allocations"": {""0"": 1, ""1"": 1, ""2"": 1, ""3"": 1, ""4"": 1, ""5"": 1, ""6"": 1, ""7"": 1, ""8"": 1, ""9"": 1, ""14"": 512}, ""prefill_allocations"": {""14"": 512}, ""decode_allocations"": {""0"": 1, ""1"": 1, ""2"": 1, ""3"": 1, ""4"": 1, ""5"": 1, ""6"": 1, ""7"": 1, ""8"": 1, ""9"": 1}, ""heuristic"": ""LST"", ""strategy"": ""Fixed""}",arena_root,candidate_as_adversary,2.103436601561045,10,3.2485056821020506,13.248505682102051
909001,40,73,1721319,controller,4000,-29.47615623474121,"[0.14316369593143463, 0.11568547040224075, 0.17235203087329865, 0.16969981789588928, 0.07534231245517731, 0.08843279629945755, 0.08361344784498215, 0.08046090602874756, 0.00500770378857851, 0.004629908129572868, 0.006904258858412504, 0.006075526587665081, 0.004275437444448471, 0.0046539306640625, 0.003042505821213126, 0.004090422764420509, 0.004369361326098442, 0.00292746489867568, 0.0042128004133701324, 0.0042445776052773, 0.004627356771379709, 0.00390831520780921, 0.003656830871477723, 0.00462308619171381]","[0.12948311464256015, 0.1046306811871208, 0.15588224114536356, 0.15348347101878862, 0.06814267554074281, 0.07998224568670569, 0.07562342940738759, 0.07277214137133081, 0.01, 0.01, 0.01, 0.01, 0.01, 0.01, 0.01, 0.01, 0.01, 0.01, 0.01, 0.01, 0.01, 0.01, 0.01, 0.01]","[true, true, true, true, true, true, true, true, true, true, true, true, true, true, true, true, true, true, true, true, true, true, true, true]",-16.613110123486386,"[0.140875, 0.140875, 0.1795, 0.1795, 0.08875, 0.08875, 0.090875, 0.090875, 0.0, 0.0, 0.0, 0.0, 0.0, 0.0, 0.0, 0.0, 0.0, 0.0, 0.0, 0.0, 0.0, 0.0, 0.0, 0.0]",2,0.1795,0.17235203087329865,"ControllerAction(token_budget=522, selected_request_ids=[0, 1, 2, 3, 4, 5, 6, 7, 8, 9, 15], token_allocations={0: 1, 1: 1, 2: 1, 3: 1, 4: 1, 5: 1, 6: 1, 7: 1, 8: 1, 9: 1, 15: 512}, prefill_allocations={15: 512}, decode_allocations={0: 1, 1: 1, 2: 1, 3: 1, 4: 1, 5: 1, 6: 1, 7: 1, 8: 1, 9: 1}, heuristic='LST', strategy='Fixed', mapping=None)","{""type"": ""controller"", ""token_budget"": 522, ""selected_request_ids"": [0, 1, 2, 3, 4, 5, 6, 7, 8, 9, 15], ""token_allocations"": {""0"": 1, ""1"": 1, ""2"": 1, ""3"": 1, ""4"": 1, ""5"": 1, ""6"": 1, ""7"": 1, ""8"": 1, ""9"": 1, ""15"": 512}, ""prefill_allocations"": {""15"": 512}, ""decode_allocations"": {""0"": 1, ""1"": 1, ""2"": 1, ""3"": 1, ""4"": 1, ""5"": 1, ""6"": 1, ""7"": 1, ""8"": 1, ""9"": 1}, ""heuristic"": ""LST"", ""strategy"": ""Fixed""}",arena_root,candidate_as_adversary,2.129295751951306,10,3.2485056821020506,13.248505682102051
909001,42,75,1774714,controller,4000,-29.51052474975586,"[0.1428561955690384, 0.11729857325553894, 0.17264105379581451, 0.17006942629814148, 0.07372123748064041, 0.08585915714502335, 0.08318183571100235, 0.07969442009925842, 0.005131118930876255, 0.005016261711716652, 0.007120533846318722, 0.0064639742486178875, 0.004445221275091171, 0.004946510773152113, 0.003209149232134223, 0.004225065931677818, 0.0045697446912527084, 0.0032465853728353977, 0.004355580545961857, 0.0043075233697891235, 0.004888412542641163, 0.004039060324430466, 0.003958963789045811, 0.0047544254921376705]","[0.12968373963883115, 0.1064827295273048, 0.15672220152754943, 0.15438769815142447, 0.06692356414231622, 0.07794227290214856, 0.07551182139533066, 0.07234597271509453, 0.01, 0.01, 0.01, 0.01, 0.01, 0.01, 0.01, 0.01, 0.01, 0.01, 0.01, 0.01, 0.01, 0.01, 0.01, 0.01]","[true, true, true, true, true, true, true, true, true, true, true, true, true, true, true, true, true, true, true, true, true, true, true, true]",-16.66430925033166,"[0.15225, 0.15225, 0.15225, 0.15225, 0.081625, 0.081625, 0.081625, 0.081625, 0.0066875, 0.0066875, 0.0066875, 0.0066875, 0.0043125, 0.0043125, 0.0043125, 0.0043125, 0.0028125, 0.0028125, 0.0028125, 0.0028125, 0.0023125, 0.0023125, 0.0023125, 0.0023125]",0,0.15225,0.1428561955690384,"ControllerAction(token_budget=522, selected_request_ids=[0, 1, 2, 3, 4, 5, 6, 7, 8, 9, 10], token_allocations={0: 1, 1: 1, 2: 1, 3: 1, 4: 1, 5: 1, 6: 1, 7: 1, 8: 1, 9: 1, 10: 512}, prefill_allocations={10: 512}, decode_allocations={0: 1, 1: 1, 2: 1, 3: 1, 4: 1, 5: 1, 6: 1, 7: 1, 8: 1, 9: 1}, heuristic='SJF', strategy='Fixed', mapping=None)","{""type"": ""controller"", ""token_budget"": 522, ""selected_request_ids"": [0, 1, 2, 3, 4, 5, 6, 7, 8, 9, 10], ""token_allocations"": {""0"": 1, ""1"": 1, ""2"": 1, ""3"": 1, ""4"": 1, ""5"": 1, ""6"": 1, ""7"": 1, ""8"": 1, ""9"": 1, ""10"": 512}, ""prefill_allocations"": {""10"": 512}, ""decode_allocations"": {""0"": 1, ""1"": 1, ""2"": 1, ""3"": 1, ""4"": 1, ""5"": 1, ""6"": 1, ""7"": 1, ""8"": 1, ""9"": 1}, ""heuristic"": ""SJF"", ""strategy"": ""Fixed""}",arena_root,candidate_as_adversary,2.1551549023415673,10,3.2485056821020506,13.248505682102051
909001,44,77,1830301,controller,4000,-29.469219207763672,"[0.14459951221942902, 0.11840333789587021, 0.17438137531280518, 0.17533189058303833, 0.0730624794960022, 0.08411996066570282, 0.08039494603872299, 0.0770379826426506, 0.0049811298958957195, 0.004773711320012808, 0.006817761808633804, 0.00625570910051465, 0.0043119764886796474, 0.004861490335315466, 0.003186888759955764, 0.004099950194358826, 0.004491530358791351, 0.0031663731206208467, 0.004272941034287214, 0.0041222176514565945, 0.004852380137890577, 0.0038925730623304844, 0.0038986492436379194, 0.004683234728872776]","[0.1309818465652708, 0.10725269815266342, 0.1579590013443611, 0.15882000179569528, 0.06618181715925425, 0.07619795953579468, 0.07282374833109809, 0.0697829271158623, 0.01, 0.01, 0.01, 0.01, 0.01, 0.01, 0.01, 0.01, 0.01, 0.01, 0.01, 0.01, 0.01, 0.01, 0.01, 0.01]","[true, true, true, true, true, true, true, true, true, true, true, true, true, true, true, true, true, true, true, true, true, true, true, true]",-16.65758849214626,"[0.13875, 0.13875, 0.186, 0.186, 0.08075, 0.08075, 0.0945, 0.0945, 0.0, 0.0, 0.0, 0.0, 0.0, 0.0, 0.0, 0.0, 0.0, 0.0, 0.0, 0.0, 0.0, 0.0, 0.0, 0.0]",2,0.186,0.17438137531280518,"ControllerAction(token_budget=522, selected_request_ids=[0, 1, 2, 3, 4, 5, 6, 7, 8, 9, 11], token_allocations={0: 1, 1: 1, 2: 1, 3: 1, 4: 1, 5: 1, 6: 1, 7: 1, 8: 1, 9: 1, 11: 512}, prefill_allocations={11: 512}, decode_allocations={0: 1, 1: 1, 2: 1, 3: 1, 4: 1, 5: 1, 6: 1, 7: 1, 8: 1, 9: 1}, heuristic='LST', strategy='Fixed', mapping=None)","{""type"": ""controller"", ""token_budget"": 522, ""selected_request_ids"": [0, 1, 2, 3, 4, 5, 6, 7, 8, 9, 11], ""token_allocations"": {""0"": 1, ""1"": 1, ""2"": 1, ""3"": 1, ""4"": 1, ""5"": 1, ""6"": 1, ""7"": 1, ""8"": 1, ""9"": 1, ""11"": 512}, ""prefill_allocations"": {""11"": 512}, ""decode_allocations"": {""0"": 1, ""1"": 1, ""2"": 1, ""3"": 1, ""4"": 1, ""5"": 1, ""6"": 1, ""7"": 1, ""8"": 1, ""9"": 1}, ""heuristic"": ""LST"", ""strategy"": ""Fixed""}",arena_root,candidate_as_adversary,2.1813543504598285,10,3.2485056821020506,13.248505682102051
909001,46,79,1887506,controller,4000,-29.599733352661133,"[0.14685632288455963, 0.12128365784883499, 0.177595853805542, 0.17833054065704346, 0.07059614360332489, 0.08064277470111847, 0.07744798809289932, 0.0754406601190567, 0.004923555999994278, 0.00474151037633419, 0.006662581581622362, 0.0062409364618361, 0.004229267127811909, 0.00486547127366066, 0.0032331885304301977, 0.003947616554796696, 0.0044478545896708965, 0.0032120917458087206, 0.004203650634735823, 0.003971028607338667, 0.004874948412179947, 0.0038564293645322323, 0.0038951525930315256, 0.004500771407037973]","[0.13290251711344994, 0.1097596827717612, 0.16072127870328418, 0.16138615802163297, 0.06388832975723999, 0.07298036294437499, 0.07008913447335825, 0.06827253621489827, 0.01, 0.01, 0.01, 0.01, 0.01, 0.01, 0.01, 0.01, 0.01, 0.01, 0.01, 0.01, 0.01, 0.01, 0.01, 0.01]","[true, true, true, true, true, true, true, true, true, true, true, true, true, true, true, true, true, true, true, true, true, true, true, true]",-16.710391741112304,"[0.14075, 0.14075, 0.18475, 0.18475, 0.079625, 0.079625, 0.094875, 0.094875, 0.0, 0.0, 0.0, 0.0, 0.0, 0.0, 0.0, 0.0, 0.0, 0.0, 0.0, 0.0, 0.0, 0.0, 0.0, 0.0]",2,0.18475,0.177595853805542,"ControllerAction(token_budget=522, selected_request_ids=[0, 1, 2, 3, 4, 5, 6, 7, 8, 9, 12], token_allocations={0: 1, 1: 1, 2: 1, 3: 1, 4: 1, 5: 1, 6: 1, 7: 1, 8: 1, 9: 1, 12: 512}, prefill_allocations={12: 512}, decode_allocations={0: 1, 1: 1, 2: 1, 3: 1, 4: 1, 5: 1, 6: 1, 7: 1, 8: 1, 9: 1}, heuristic='LST', strategy='Fixed', mapping=None)","{""type"": ""controller"", ""token_budget"": 522, ""selected_request_ids"": [0, 1, 2, 3, 4, 5, 6, 7, 8, 9, 12], ""token_allocations"": {""0"": 1, ""1"": 1, ""2"": 1, ""3"": 1, ""4"": 1, ""5"": 1, ""6"": 1, ""7"": 1, ""8"": 1, ""9"": 1, ""12"": 512}, ""prefill_allocations"": {""12"": 512}, ""decode_allocations"": {""0"": 1, ""1"": 1, ""2"": 1, ""3"": 1, ""4"": 1, ""5"": 1, ""6"": 1, ""7"": 1, ""8"": 1, ""9"": 1}, ""heuristic"": ""LST"", ""strategy"": ""Fixed""}",arena_root,candidate_as_adversary,2.2075537985780898,10,3.2485056821020506,13.248505682102051
909001,48,81,1947402,controller,4000,-29.73496437072754,"[0.14905720949172974, 0.12415806204080582, 0.18075904250144958, 0.181269571185112, 0.06817138940095901, 0.07726206630468369, 0.07456345856189728, 0.07383133471012115, 0.004863671027123928, 0.004706649109721184, 0.006506953854113817, 0.006222393363714218, 0.004145611077547073, 0.004866480361670256, 0.003278155345469713, 0.0037986200768500566, 0.004401911050081253, 0.003256479511037469, 0.004132955335080624, 0.0038230495993047953, 0.004894628189504147, 0.0038182875141501427, 0.0038892822340130806, 0.004322774708271027]","[0.13476677575880933, 0.11225476287096325, 0.16342928617969024, 0.16389086938565647, 0.061635652377319314, 0.06985478662756854, 0.06741490018548899, 0.06675296661450353, 0.01, 0.01, 0.01, 0.01, 0.01, 0.01, 0.01, 0.01, 0.01, 0.01, 0.01, 0.01, 0.01, 0.01, 0.01, 0.01]","[true, true, true, true, true, true, true, true, true, true, true, true, true, true, true, true, true, true, true, true, true, true, true, true]",-16.683986275294068,"[0.10575, 0.10575, 0.217375, 0.217375, 0.089125, 0.089125, 0.06225, 0.06225, 0.004875, 0.004875, 0.00475, 0.00475, 0.003375, 0.003375, 0.0035, 0.0035, 0.002375, 0.002375, 0.002375, 0.002375, 0.002125, 0.002125, 0.002125, 0.002125]",2,0.217375,0.18075904250144958,"ControllerAction(token_budget=522, selected_request_ids=[0, 1, 2, 3, 4, 5, 6, 7, 8, 9, 13], token_allocations={0: 1, 1: 1, 2: 1, 3: 1, 4: 1, 5: 1, 6: 1, 7: 1, 8: 1, 9: 1, 13: 512}, prefill_allocations={13: 512}, decode_allocations={0: 1, 1: 1, 2: 1, 3: 1, 4: 1, 5: 1, 6: 1, 7: 1, 8: 1, 9: 1}, heuristic='LST', strategy='Fixed', mapping=None)","{""type"": ""controller"", ""token_budget"": 522, ""selected_request_ids"": [0, 1, 2, 3, 4, 5, 6, 7, 8, 9, 13], ""token_allocations"": {""0"": 1, ""1"": 1, ""2"": 1, ""3"": 1, ""4"": 1, ""5"": 1, ""6"": 1, ""7"": 1, ""8"": 1, ""9"": 1, ""13"": 512}, ""prefill_allocations"": {""13"": 512}, ""decode_allocations"": {""0"": 1, ""1"": 1, ""2"": 1, ""3"": 1, ""4"": 1, ""5"": 1, ""6"": 1, ""7"": 1, ""8"": 1, ""9"": 1}, ""heuristic"": ""LST"", ""strategy"": ""Fixed""}",arena_root,candidate_as_adversary,2.233753246696351,10,3.2485056821020506,13.248505682102051
909001,50,83,2002846,controller,4000,-29.874605178833008,"[0.15120021998882294, 0.12702429294586182, 0.1838681548833847, 0.1841464787721634, 0.06579038500785828, 0.07397864758968353, 0.07174327224493027, 0.07221294194459915, 0.004801631905138493, 0.004669238347560167, 0.00635114498436451, 0.006200180388987064, 0.004061169922351837, 0.00486456835642457, 0.003321751719340682, 0.0036530541256070137, 0.0043538277968764305, 0.003299497766420245, 0.004061008803546429, 0.00367837306112051, 0.004911439958959818, 0.0037782511208206415, 0.0038810879923403263, 0.004149324726313353]","[0.1365731695698178, 0.1147360122972295, 0.16608082116040782, 0.1663322201045384, 0.059425848774598555, 0.06682198202197401, 0.06480285601783363, 0.06522709005360042, 0.01, 0.01, 0.01, 0.01, 0.01, 0.01, 0.01, 0.01, 0.01, 0.01, 0.01, 0.01, 0.01, 0.01, 0.01, 0.01]","[true, true, true, true, true, true, true, true, true, true, true, true, true, true, true, true, true, true, true, true, true, true, true, true]",-16.264399284115807,"[0.285125, 0.285125, 0.12525, 0.12525, 0.041375, 0.041375, 0.03425, 0.03425, 0.00275, 0.00275, 0.00275, 0.00275, 0.002125, 0.002125, 0.002125, 0.002125, 0.00175, 0.00175, 0.00175, 0.00175, 0.000375, 0.000375, 0.000375, 0.000375]",0,0.285125,0.15120021998882294,"ControllerAction(token_budget=522, selected_request_ids=[0, 1, 2, 3, 4, 5, 6, 7, 8, 9, 10], token_allocations={0: 1, 1: 1, 2: 1, 3: 1, 4: 1, 5: 1, 6: 1, 7: 1, 8: 1, 9: 1, 10: 512}, prefill_allocations={10: 512}, decode_allocations={0: 1, 1: 1, 2: 1, 3: 1, 4: 1, 5: 1, 6: 1, 7: 1, 8: 1, 9: 1}, heuristic='SJF', strategy='Fixed', mapping=None)","{""type"": ""controller"", ""token_budget"": 522, ""selected_request_ids"": [0, 1, 2, 3, 4, 5, 6, 7, 8, 9, 10], ""token_allocations"": {""0"": 1, ""1"": 1, ""2"": 1, ""3"": 1, ""4"": 1, ""5"": 1, ""6"": 1, ""7"": 1, ""8"": 1, ""9"": 1, ""10"": 512}, ""prefill_allocations"": {""10"": 512}, ""decode_allocations"": {""0"": 1, ""1"": 1, ""2"": 1, ""3"": 1, ""4"": 1, ""5"": 1, ""6"": 1, ""7"": 1, ""8"": 1, ""9"": 1}, ""heuristic"": ""SJF"", ""strategy"": ""Fixed""}",arena_root,candidate_as_adversary,2.2599526948146123,10,3.2485056821020506,13.248505682102051
909001,52,85,2053623,controller,4000,-29.84820556640625,"[0.1528032124042511, 0.12804599106311798, 0.18544897437095642, 0.1895533949136734, 0.06504164636135101, 0.07228366285562515, 0.06915533542633057, 0.06964634358882904, 0.004650447051972151, 0.004433471243828535, 0.006065384019166231, 0.005987611133605242, 0.003930029924958944, 0.004770791623741388, 0.003293158719316125, 0.003535193856805563, 0.004269749391824007, 0.0032119082752615213, 0.003974194638431072, 0.003510529175400734, 0.004865397699177265, 0.003633423475548625, 0.0038142299745231867, 0.004075902514159679]","[0.1377228015674879, 0.11540891281816737, 0.16714669735225293, 0.1708460455993216, 0.05862257484318344, 0.06514986432156644, 0.06233027688617244, 0.06277282661184766, 0.01, 0.01, 0.01, 0.01, 0.01, 0.01, 0.01, 0.01, 0.01, 0.01, 0.01, 0.01, 0.01, 0.01, 0.01, 0.01]","[true, true, true, true, true, true, true, true, true, true, true, true, true, true, true, true, true, true, true, true, true, true, true, true]",-15.981868562841383,"[0.376125, 0.376125, 0.06725, 0.06725, 0.025125, 0.025125, 0.022, 0.022, 0.002125, 0.002125, 0.00225, 0.00225, 0.001875, 0.001875, 0.002, 0.002, 0.000375, 0.000375, 0.000375, 0.000375, 0.00025, 0.00025, 0.00025, 0.00025]",0,0.376125,0.1528032124042511,"ControllerAction(token_budget=522, selected_request_ids=[0, 1, 2, 3, 4, 5, 6, 7, 8, 9, 10], token_allocations={0: 1, 1: 1, 2: 1, 3: 1, 4: 1, 5: 1, 6: 1, 7: 1, 8: 1, 9: 1, 10: 512}, prefill_allocations={10: 512}, decode_allocations={0: 1, 1: 1, 2: 1, 3: 1, 4: 1, 5: 1, 6: 1, 7: 1, 8: 1, 9: 1}, heuristic='SJF', strategy='Fixed', mapping=None)","{""type"": ""controller"", ""token_budget"": 522, ""selected_request_ids"": [0, 1, 2, 3, 4, 5, 6, 7, 8, 9, 10], ""token_allocations"": {""0"": 1, ""1"": 1, ""2"": 1, ""3"": 1, ""4"": 1, ""5"": 1, ""6"": 1, ""7"": 1, ""8"": 1, ""9"": 1, ""10"": 512}, ""prefill_allocations"": {""10"": 512}, ""decode_allocations"": {""0"": 1, ""1"": 1, ""2"": 1, ""3"": 1, ""4"": 1, ""5"": 1, ""6"": 1, ""7"": 1, ""8"": 1, ""9"": 1}, ""heuristic"": ""SJF"", ""strategy"": ""Fixed""}",arena_root,candidate_as_adversary,2.2866503005008734,10,3.2485056821020506,13.248505682102051
909001,54,87,2103605,controller,4000,-29.82865333557129,"[0.15437977015972137, 0.12906478345394135, 0.18700963258743286, 0.19507265090942383, 0.06423255801200867, 0.0705365315079689, 0.06657803058624268, 0.06710992008447647, 0.0044997744262218475, 0.004205912817269564, 0.005785676185041666, 0.005777856335043907, 0.003799321362748742, 0.0046752383932471275, 0.0032635994721204042, 0.003416667692363262, 0.004183680284768343, 0.0031249134335666895, 0.0038851231802254915, 0.0033459740225225687, 0.0048165577463805676, 0.0034914163406938314, 0.003745992900803685, 0.003998433705419302]","[0.138845016585167, 0.1160773978396485, 0.16819143798001734, 0.17544309997876947, 0.057769036534113874, 0.06343866088770302, 0.05987849153675217, 0.0603568586578286, 0.01, 0.01, 0.01, 0.01, 0.01, 0.01, 0.01, 0.01, 0.01, 0.01, 0.01, 0.01, 0.01, 0.01, 0.01, 0.01]","[true, true, true, true, true, true, true, true, true, true, true, true, true, true, true, true, true, true, true, true, true, true, true, true]",-15.931506604466664,"[0.401375, 0.401375, 0.050625, 0.050625, 0.02375, 0.02375, 0.018, 0.018, 0.002125, 0.002125, 0.002125, 0.002125, 0.000375, 0.000375, 0.000375, 0.000375, 0.000375, 0.000375, 0.000375, 0.000375, 0.00025, 0.00025, 0.00025, 0.00025]",0,0.401375,0.15437977015972137,"ControllerAction(token_budget=522, selected_request_ids=[0, 1, 2, 3, 4, 5, 6, 7, 8, 9, 10], token_allocations={0: 1, 1: 1, 2: 1, 3: 1, 4: 1, 5: 1, 6: 1, 7: 1, 8: 1, 9: 1, 10: 512}, prefill_allocations={10: 512}, decode_allocations={0: 1, 1: 1, 2: 1, 3: 1, 4: 1, 5: 1, 6: 1, 7: 1, 8: 1, 9: 1}, heuristic='SJF', strategy='Fixed', mapping=None)","{""type"": ""controller"", ""token_budget"": 522, ""selected_request_ids"": [0, 1, 2, 3, 4, 5, 6, 7, 8, 9, 10], ""token_allocations"": {""0"": 1, ""1"": 1, ""2"": 1, ""3"": 1, ""4"": 1, ""5"": 1, ""6"": 1, ""7"": 1, ""8"": 1, ""9"": 1, ""10"": 512}, ""prefill_allocations"": {""10"": 512}, ""decode_allocations"": {""0"": 1, ""1"": 1, ""2"": 1, ""3"": 1, ""4"": 1, ""5"": 1, ""6"": 1, ""7"": 1, ""8"": 1, ""9"": 1}, ""heuristic"": ""SJF"", ""strategy"": ""Fixed""}",arena_root,candidate_as_adversary,2.3137916995951344,10,3.2485056821020506,13.248505682102051
909001,56,89,2152758,controller,4000,-29.816299438476562,"[0.15592822432518005, 0.13008219003677368, 0.18855053186416626, 0.20070499181747437, 0.06336148828268051, 0.06873733550310135, 0.06401219964027405, 0.06460369378328323, 0.00434964569285512, 0.003986338619142771, 0.005511983763426542, 0.005570902489125729, 0.003669072175398469, 0.004577900283038616, 0.0032330742105841637, 0.0032975231297314167, 0.0040956116281449795, 0.0030385160353034735, 0.0037937918677926064, 0.0031847094651311636, 0.004764854442328215, 0.003352198051288724, 0.003676371416077018, 0.0039168656803667545]","[0.13993847810642637, 0.11674283973461154, 0.1692155130311955, 0.18012358714947926, 0.05686404933558035, 0.06168862732211278, 0.05744803313621869, 0.05797887218437556, 0.01, 0.01, 0.01, 0.01, 0.01, 0.01, 0.01, 0.01, 0.01, 0.01, 0.01, 0.01, 0.01, 0.01, 0.01, 0.01]","[true, true, true, true, true, true, true, true, true, true, true, true, true, true, true, true, true, true, true, true, true, true, true, true]",-15.85602244196474,"[0.44775, 0.44775, 0.044875, 0.044875, 0.0025, 0.0025, 0.002375, 0.002375, 0.000375, 0.000375, 0.000375, 0.000375, 0.000375, 0.000375, 0.000375, 0.000375, 0.00025, 0.00025, 0.00025, 0.00025, 0.00025, 0.00025, 0.00025, 0.00025]",0,0.44775,0.15592822432518005,"ControllerAction(token_budget=522, selected_request_ids=[0, 1, 2, 3, 4, 5, 6, 7, 8, 9, 10], token_allocations={0: 1, 1: 1, 2: 1, 3: 1, 4: 1, 5: 1, 6: 1, 7: 1, 8: 1, 9: 1, 10: 512}, prefill_allocations={10: 512}, decode_allocations={0: 1, 1: 1, 2: 1, 3: 1, 4: 1, 5: 1, 6: 1, 7: 1, 8: 1, 9: 1}, heuristic='SJF', strategy='Fixed', mapping=None)","{""type"": ""controller"", ""token_budget"": 522, ""selected_request_ids"": [0, 1, 2, 3, 4, 5, 6, 7, 8, 9, 10], ""token_allocations"": {""0"": 1, ""1"": 1, ""2"": 1, ""3"": 1, ""4"": 1, ""5"": 1, ""6"": 1, ""7"": 1, ""8"": 1, ""9"": 1, ""10"": 512}, ""prefill_allocations"": {""10"": 512}, ""decode_allocations"": {""0"": 1, ""1"": 1, ""2"": 1, ""3"": 1, ""4"": 1, ""5"": 1, ""6"": 1, ""7"": 1, ""8"": 1, ""9"": 1}, ""heuristic"": ""SJF"", ""strategy"": ""Fixed""}",arena_root,candidate_as_adversary,2.3414119620493956,10,3.2485056821020506,13.248505682102051
909001,58,91,2201665,controller,4000,-31.032604217529297,"[0.16070643067359924, 0.1429206281900406, 0.19200056791305542, 0.18826769292354584, 0.05949166789650917, 0.06202087923884392, 0.06217768415808678, 0.06768985837697983, 0.004554396960884333, 0.004619724117219448, 0.0053778295405209064, 0.0060845972038805485, 0.003613953245803714, 0.004524284973740578, 0.0035537953954190016, 0.003075900487601757, 0.003878460731357336, 0.003371881553903222, 0.0035918382927775383, 0.003055281937122345, 0.004770649131387472, 0.003504308173432946, 0.003764879424124956, 0.003382729133591056]","[0.14433545500427442, 0.12836147136640425, 0.17244169517456986, 0.1690890837835594, 0.05343132144006023, 0.0557028849883746, 0.055843716374343176, 0.06079437186841396, 0.01, 0.01, 0.01, 0.01, 0.01, 0.01, 0.01, 0.01, 0.01, 0.01, 0.01, 0.01, 0.01, 0.01, 0.01, 0.01]","[true, true, true, true, true, true, true, true, true, true, true, true, true, true, true, true, true, true, true, true, true, true, true, true]",-20.299752178300608,"[0.037, 0.037, 0.42825, 0.42825, 0.013, 0.013, 0.01475, 0.01475, 0.001, 0.001, 0.001125, 0.001125, 0.000875, 0.000875, 0.001, 0.001, 0.00075, 0.00075, 0.00075, 0.00075, 0.00075, 0.00075, 0.00075, 0.00075]",2,0.42825,0.19200056791305542,"ControllerAction(token_budget=523, selected_request_ids=[0, 1, 2, 3, 4, 5, 6, 7, 8, 9, 10, 14], token_allocations={0: 1, 1: 1, 2: 1, 3: 1, 4: 1, 5: 1, 6: 1, 7: 1, 8: 1, 9: 1, 10: 1, 14: 512}, prefill_allocations={14: 512}, decode_allocations={0: 1, 1: 1, 2: 1, 3: 1, 4: 1, 5: 1, 6: 1, 7: 1, 8: 1, 9: 1, 10: 1}, heuristic='LST', strategy='Fixed', mapping=None)","{""type"": ""controller"", ""token_budget"": 523, ""selected_request_ids"": [0, 1, 2, 3, 4, 5, 6, 7, 8, 9, 10, 14], ""token_allocations"": {""0"": 1, ""1"": 1, ""2"": 1, ""3"": 1, ""4"": 1, ""5"": 1, ""6"": 1, ""7"": 1, ""8"": 1, ""9"": 1, ""10"": 1, ""14"": 512}, ""prefill_allocations"": {""14"": 512}, ""decode_allocations"": {""0"": 1, ""1"": 1, ""2"": 1, ""3"": 1, ""4"": 1, ""5"": 1, ""6"": 1, ""7"": 1, ""8"": 1, ""9"": 1, ""10"": 1}, ""heuristic"": ""LST"", ""strategy"": ""Fixed""}",arena_root,candidate_as_adversary,2.3695441937836565,10,3.2485056821020506,13.248505682102051
909001,60,93,2250744,controller,4000,-30.636178970336914,"[0.16537563502788544, 0.14628976583480835, 0.2193230837583542, 0.21633802354335785, 0.04467836767435074, 0.04927914962172508, 0.052081380039453506, 0.05648117512464523, 0.003287865547463298, 0.0030087949708104134, 0.0043252501636743546, 0.00465398607775569, 0.0027314259205013514, 0.0037464937195181847, 0.002835770370438695, 0.0022233903873711824, 0.0033218013122677803, 0.0027706308756023645, 0.002637708792462945, 0.002323022112250328, 0.0038662643637508154, 0.002919115126132965, 0.0029205854516476393, 0.002581265987828374]","[0.14625049587700634, 0.1293718436301954, 0.19395910256988497, 0.19131925458627888, 0.03951146386375001, 0.04358018076459226, 0.04605834260557511, 0.049949316102716954, 0.01, 0.01, 0.01, 0.01, 0.01, 0.01, 0.01, 0.01, 0.01, 0.01, 0.01, 0.01, 0.01, 0.01, 0.01, 0.01]","[true, true, true, true, true, true, true, true, true, true, true, true, true, true, true, true, true, true, true, true, true, true, true, true]",-20.385707539157917,"[0.038, 0.038, 0.43275, 0.43275, 0.01, 0.01, 0.012125, 0.012125, 0.001, 0.001, 0.001125, 0.001125, 0.000875, 0.000875, 0.001, 0.001, 0.00075, 0.00075, 0.000875, 0.000875, 0.00075, 0.00075, 0.00075, 0.00075]",2,0.43275,0.2193230837583542,"ControllerAction(token_budget=523, selected_request_ids=[0, 1, 2, 3, 4, 5, 6, 7, 8, 9, 10, 15], token_allocations={0: 1, 1: 1, 2: 1, 3: 1, 4: 1, 5: 1, 6: 1, 7: 1, 8: 1, 9: 1, 10: 1, 15: 512}, prefill_allocations={15: 512}, decode_allocations={0: 1, 1: 1, 2: 1, 3: 1, 4: 1, 5: 1, 6: 1, 7: 1, 8: 1, 9: 1, 10: 1}, heuristic='LST', strategy='Fixed', mapping=None)","{""type"": ""controller"", ""token_budget"": 523, ""selected_request_ids"": [0, 1, 2, 3, 4, 5, 6, 7, 8, 9, 10, 15], ""token_allocations"": {""0"": 1, ""1"": 1, ""2"": 1, ""3"": 1, ""4"": 1, ""5"": 1, ""6"": 1, ""7"": 1, ""8"": 1, ""9"": 1, ""10"": 1, ""15"": 512}, ""prefill_allocations"": {""15"": 512}, ""decode_allocations"": {""0"": 1, ""1"": 1, ""2"": 1, ""3"": 1, ""4"": 1, ""5"": 1, ""6"": 1, ""7"": 1, ""8"": 1, ""9"": 1, ""10"": 1}, ""heuristic"": ""LST"", ""strategy"": ""Fixed""}",arena_root,candidate_as_adversary,2.3956655885259175,15,3.289599648649791,18.28959964864979
909001,62,95,2299679,controller,4000,-30.706430435180664,"[0.164773628115654, 0.14797577261924744, 0.21925970911979675, 0.21644096076488495, 0.04358009248971939, 0.04774044454097748, 0.05172482877969742, 0.05581938847899437, 0.003368429373949766, 0.003258970333263278, 0.004462214186787605, 0.0049509876407682896, 0.002837606007233262, 0.003983757458627224, 0.002987523563206196, 0.0022935864981263876, 0.003473027143627405, 0.0030750702135264874, 0.0027280233334749937, 0.0023555648513138294, 0.00408561434596777, 0.0030134927947074175, 0.0031596075277775526, 0.0026517019141465425]","[0.14610754944160118, 0.13121260823941175, 0.19442127455181238, 0.19192184294167852, 0.038643201530053024, 0.04233225571897337, 0.04586527628670951, 0.0494959912897603, 0.01, 0.01, 0.01, 0.01, 0.01, 0.01, 0.01, 0.01, 0.01, 0.01, 0.01, 0.01, 0.01, 0.01, 0.01, 0.01]","[true, true, true, true, true, true, true, true, true, true, true, true, true, true, true, true, true, true, true, true, true, true, true, true]",-20.413982638800732,"[0.2359375, 0.2359375, 0.2359375, 0.2359375, 0.0104375, 0.0104375, 0.0104375, 0.0104375, 0.0010625, 0.0010625, 0.0010625, 0.0010625, 0.001, 0.001, 0.001, 0.001, 0.0008125, 0.0008125, 0.0008125, 0.0008125, 0.00075, 0.00075, 0.00075, 0.00075]",0,0.2359375,0.164773628115654,"ControllerAction(token_budget=523, selected_request_ids=[0, 1, 2, 3, 4, 5, 6, 7, 8, 9, 10, 11], token_allocations={0: 1, 1: 1, 2: 1, 3: 1, 4: 1, 5: 1, 6: 1, 7: 1, 8: 1, 9: 1, 10: 1, 11: 512}, prefill_allocations={11: 512}, decode_allocations={0: 1, 1: 1, 2: 1, 3: 1, 4: 1, 5: 1, 6: 1, 7: 1, 8: 1, 9: 1, 10: 1}, heuristic='SJF', strategy='Fixed', mapping=None)","{""type"": ""controller"", ""token_budget"": 523, ""selected_request_ids"": [0, 1, 2, 3, 4, 5, 6, 7, 8, 9, 10, 11], ""token_allocations"": {""0"": 1, ""1"": 1, ""2"": 1, ""3"": 1, ""4"": 1, ""5"": 1, ""6"": 1, ""7"": 1, ""8"": 1, ""9"": 1, ""10"": 1, ""11"": 512}, ""prefill_allocations"": {""11"": 512}, ""decode_allocations"": {""0"": 1, ""1"": 1, ""2"": 1, ""3"": 1, ""4"": 1, ""5"": 1, ""6"": 1, ""7"": 1, ""8"": 1, ""9"": 1, ""10"": 1}, ""heuristic"": ""SJF"", ""strategy"": ""Fixed""}",arena_root,candidate_as_adversary,2.4217869832681784,15,3.420206622361096,18.420206622361096
909001,64,97,2348067,controller,4000,-30.704870223999023,"[0.16585883498191833, 0.14841851592063904, 0.22014589607715607, 0.22185814380645752, 0.0428684800863266, 0.046465035527944565, 0.04968763515353203, 0.053608860820531845, 0.0032554727513343096, 0.0030872884672135115, 0.004255183506757021, 0.00477064261212945, 0.002738464158028364, 0.0039004080463200808, 0.0029511344619095325, 0.0022129372227936983, 0.003397928783670068, 0.002988979918882251, 0.0026655595283955336, 0.002242445945739746, 0.004039691761136055, 0.002888753078877926, 0.003096169326454401, 0.0025975790340453386]","[0.14682237038798435, 0.13138376571444418, 0.19487862854431992, 0.19639435286696388, 0.03794824593993285, 0.04113200636624793, 0.04398473179321577, 0.047455898386890946, 0.01, 0.01, 0.01, 0.01, 0.01, 0.01, 0.01, 0.01, 0.01, 0.01, 0.01, 0.01, 0.01, 0.01, 0.01, 0.01]","[true, true, true, true, true, true, true, true, true, true, true, true, true, true, true, true, true, true, true, true, true, true, true, true]",-20.597997778940897,"[0.040875, 0.040875, 0.429875, 0.429875, 0.00975, 0.00975, 0.012125, 0.012125, 0.001, 0.001, 0.001125, 0.001125, 0.001, 0.001, 0.001, 0.001, 0.000875, 0.000875, 0.000875, 0.000875, 0.00075, 0.00075, 0.00075, 0.00075]",2,0.429875,0.22014589607715607,"ControllerAction(token_budget=523, selected_request_ids=[0, 1, 2, 3, 4, 5, 6, 7, 8, 9, 10, 12], token_allocations={0: 1, 1: 1, 2: 1, 3: 1, 4: 1, 5: 1, 6: 1, 7: 1, 8: 1, 9: 1, 10: 1, 12: 512}, prefill_allocations={12: 512}, decode_allocations={0: 1, 1: 1, 2: 1, 3: 1, 4: 1, 5: 1, 6: 1, 7: 1, 8: 1, 9: 1, 10: 1}, heuristic='LST', strategy='Fixed', mapping=None)","{""type"": ""controller"", ""token_budget"": 523, ""selected_request_ids"": [0, 1, 2, 3, 4, 5, 6, 7, 8, 9, 10, 12], ""token_allocations"": {""0"": 1, ""1"": 1, ""2"": 1, ""3"": 1, ""4"": 1, ""5"": 1, ""6"": 1, ""7"": 1, ""8"": 1, ""9"": 1, ""10"": 1, ""12"": 512}, ""prefill_allocations"": {""12"": 512}, ""decode_allocations"": {""0"": 1, ""1"": 1, ""2"": 1, ""3"": 1, ""4"": 1, ""5"": 1, ""6"": 1, ""7"": 1, ""8"": 1, ""9"": 1, ""10"": 1}, ""heuristic"": ""LST"", ""strategy"": ""Fixed""}",arena_root,candidate_as_adversary,2.4484065355784397,15,3.553304383912402,18.5533043839124
909001,66,99,2396655,controller,4000,-30.874866485595703,"[0.1673007309436798, 0.1508699506521225, 0.22258174419403076, 0.22407418489456177, 0.04106041416525841, 0.044194720685482025, 0.04751480743288994, 0.05209093168377876, 0.0031995296012610197, 0.0030486583709716797, 0.004136261995881796, 0.0047326949425041676, 0.0026688124053180218, 0.0038838526234030724, 0.0029744317289441824, 0.0021158503368496895, 0.003345217788591981, 0.0030180856119841337, 0.0026085413992404938, 0.0021461888682097197, 0.004037549253553152, 0.0028431082610040903, 0.003074284177273512, 0.0024794554337859154]","[0.14797774664179794, 0.13344469690916036, 0.1968738855093331, 0.1981939515402187, 0.036317997716335954, 0.039090296519402885, 0.04202691821116411, 0.04607450695258674, 0.01, 0.01, 0.01, 0.01, 0.01, 0.01, 0.01, 0.01, 0.01, 0.01, 0.01, 0.01, 0.01, 0.01, 0.01, 0.01]","[true, true, true, true, true, true, true, true, true, true, true, true, true, true, true, true, true, true, true, true, true, true, true, true]",-20.70013655939488,"[0.042625, 0.042625, 0.4285, 0.4285, 0.009625, 0.009625, 0.011875, 0.011875, 0.001, 0.001, 0.001125, 0.001125, 0.001, 0.001, 0.001, 0.001, 0.000875, 0.000875, 0.000875, 0.000875, 0.00075, 0.00075, 0.00075, 0.00075]",2,0.4285,0.22258174419403076,"ControllerAction(token_budget=523, selected_request_ids=[0, 1, 2, 3, 4, 5, 6, 7, 8, 9, 10, 13], token_allocations={0: 1, 1: 1, 2: 1, 3: 1, 4: 1, 5: 1, 6: 1, 7: 1, 8: 1, 9: 1, 10: 1, 13: 512}, prefill_allocations={13: 512}, decode_allocations={0: 1, 1: 1, 2: 1, 3: 1, 4: 1, 5: 1, 6: 1, 7: 1, 8: 1, 9: 1, 10: 1}, heuristic='LST', strategy='Fixed', mapping=None)","{""type"": ""controller"", ""token_budget"": 523, ""selected_request_ids"": [0, 1, 2, 3, 4, 5, 6, 7, 8, 9, 10, 13], ""token_allocations"": {""0"": 1, ""1"": 1, ""2"": 1, ""3"": 1, ""4"": 1, ""5"": 1, ""6"": 1, ""7"": 1, ""8"": 1, ""9"": 1, ""10"": 1, ""13"": 512}, ""prefill_allocations"": {""13"": 512}, ""decode_allocations"": {""0"": 1, ""1"": 1, ""2"": 1, ""3"": 1, ""4"": 1, ""5"": 1, ""6"": 1, ""7"": 1, ""8"": 1, ""9"": 1, ""10"": 1}, ""heuristic"": ""LST"", ""strategy"": ""Fixed""}",arena_root,candidate_as_adversary,2.475026087888701,15,3.6864021454637084,18.68640214546371
909001,68,101,2445188,controller,4000,-31.045955657958984,"[0.16867905855178833, 0.1532927006483078, 0.22494295239448547, 0.22621026635169983, 0.039310868829488754, 0.04201637953519821, 0.04541651904582977, 0.050593145191669464, 0.003143130801618099, 0.003009156556800008, 0.004018851090222597, 0.004692930728197098, 0.0025997611228376627, 0.0038656245451420546, 0.0029965615831315517, 0.0020221101585775614, 0.0032918390352278948, 0.003046101424843073, 0.002551593352109194, 0.0020531374029815197, 0.004033587407320738, 0.002796922344714403, 0.00305117922835052, 0.002365637104958296]","[0.14907531863454218, 0.1354771504518437, 0.19880026952193977, 0.1999202973049009, 0.034742192343677855, 0.03713327084497843, 0.040138248969122235, 0.044713251928994835, 0.01, 0.01, 0.01, 0.01, 0.01, 0.01, 0.01, 0.01, 0.01, 0.01, 0.01, 0.01, 0.01, 0.01, 0.01, 0.01]","[true, true, true, true, true, true, true, true, true, true, true, true, true, true, true, true, true, true, true, true, true, true, true, true]",-20.80272556053581,"[0.061, 0.061, 0.4105, 0.4105, 0.009375, 0.009375, 0.011625, 0.011625, 0.001125, 0.001125, 0.001125, 0.001125, 0.001, 0.001, 0.001, 0.001, 0.000875, 0.000875, 0.000875, 0.000875, 0.00075, 0.00075, 0.00075, 0.00075]",2,0.4105,0.22494295239448547,"ControllerAction(token_budget=523, selected_request_ids=[0, 1, 2, 3, 4, 5, 6, 7, 8, 9, 10, 14], token_allocations={0: 1, 1: 1, 2: 1, 3: 1, 4: 1, 5: 1, 6: 1, 7: 1, 8: 1, 9: 1, 10: 1, 14: 512}, prefill_allocations={14: 512}, decode_allocations={0: 1, 1: 1, 2: 1, 3: 1, 4: 1, 5: 1, 6: 1, 7: 1, 8: 1, 9: 1, 10: 1}, heuristic='LST', strategy='Fixed', mapping=None)","{""type"": ""controller"", ""token_budget"": 523, ""selected_request_ids"": [0, 1, 2, 3, 4, 5, 6, 7, 8, 9, 10, 14], ""token_allocations"": {""0"": 1, ""1"": 1, ""2"": 1, ""3"": 1, ""4"": 1, ""5"": 1, ""6"": 1, ""7"": 1, ""8"": 1, ""9"": 1, ""10"": 1, ""14"": 512}, ""prefill_allocations"": {""14"": 512}, ""decode_allocations"": {""0"": 1, ""1"": 1, ""2"": 1, ""3"": 1, ""4"": 1, ""5"": 1, ""6"": 1, ""7"": 1, ""8"": 1, ""9"": 1, ""10"": 1}, ""heuristic"": ""LST"", ""strategy"": ""Fixed""}",arena_root,candidate_as_adversary,2.501645640198962,15,3.8194999070150146,18.819499907015015
909001,70,103,2493206,controller,4000,-31.217754364013672,"[0.16999438405036926, 0.15568625926971436, 0.22722995281219482, 0.22826695442199707, 0.03761940822005272, 0.03992794081568718, 0.04339190945029259, 0.049116943031549454, 0.0030863743741065264, 0.0029688647482544184, 0.003903064876794815, 0.004651465453207493, 0.0025313878431916237, 0.0038457978516817093, 0.0030175335705280304, 0.0019316780380904675, 0.003237898228690028, 0.003073034342378378, 0.0024947950150817633, 0.001963261980563402, 0.004027870018035173, 0.002750284969806671, 0.003026922233402729, 0.0022560562938451767]","[0.15011587035393925, 0.1374808846949756, 0.20065852367675954, 0.2015742621588483, 0.03322033394632653, 0.035258915289880934, 0.03831782026116788, 0.04337338961810181, 0.01, 0.01, 0.01, 0.01, 0.01, 0.01, 0.01, 0.01, 0.01, 0.01, 0.01, 0.01, 0.01, 0.01, 0.01, 0.01]","[true, true, true, true, true, true, true, true, true, true, true, true, true, true, true, true, true, true, true, true, true, true, true, true]",-20.904456906042686,"[0.086125, 0.086125, 0.38575, 0.38575, 0.009125, 0.009125, 0.0115, 0.0115, 0.001125, 0.001125, 0.001125, 0.001125, 0.001, 0.001, 0.001, 0.001, 0.000875, 0.000875, 0.000875, 0.000875, 0.00075, 0.00075, 0.00075, 0.00075]",2,0.38575,0.22722995281219482,"ControllerAction(token_budget=523, selected_request_ids=[0, 1, 2, 3, 4, 5, 6, 7, 8, 9, 10, 15], token_allocations={0: 1, 1: 1, 2: 1, 3: 1, 4: 1, 5: 1, 6: 1, 7: 1, 8: 1, 9: 1, 10: 1, 15: 512}, prefill_allocations={15: 512}, decode_allocations={0: 1, 1: 1, 2: 1, 3: 1, 4: 1, 5: 1, 6: 1, 7: 1, 8: 1, 9: 1, 10: 1}, heuristic='LST', strategy='Fixed', mapping=None)","{""type"": ""controller"", ""token_budget"": 523, ""selected_request_ids"": [0, 1, 2, 3, 4, 5, 6, 7, 8, 9, 10, 15], ""token_allocations"": {""0"": 1, ""1"": 1, ""2"": 1, ""3"": 1, ""4"": 1, ""5"": 1, ""6"": 1, ""7"": 1, ""8"": 1, ""9"": 1, ""10"": 1, ""15"": 512}, ""prefill_allocations"": {""15"": 512}, ""decode_allocations"": {""0"": 1, ""1"": 1, ""2"": 1, ""3"": 1, ""4"": 1, ""5"": 1, ""6"": 1, ""7"": 1, ""8"": 1, ""9"": 1, ""10"": 1}, ""heuristic"": ""LST"", ""strategy"": ""Fixed""}",arena_root,candidate_as_adversary,2.5282651925092234,15,3.952597668566321,18.95259766856632
909001,72,105,2540872,controller,4000,-31.300453186035156,"[0.16927608847618103, 0.15742270648479462, 0.22705671191215515, 0.228252574801445, 0.03664059564471245, 0.03861481323838234, 0.043023139238357544, 0.048478756099939346, 0.0031578000634908676, 0.003211680334061384, 0.004020261112600565, 0.004942667204886675, 0.002626127563416958, 0.004084722138941288, 0.0031768251210451126, 0.001989202108234167, 0.003381106536835432, 0.0034076590090990067, 0.002576457569375634, 0.0019873115234076977, 0.004252032842487097, 0.002835943130776286, 0.0032712791580706835, 0.0023135184310376644]","[0.1498704700168978, 0.13937594626974206, 0.20102718842983136, 0.20208595895617687, 0.032440159389344844, 0.03418805492109071, 0.03809101543696393, 0.04292120657995237, 0.01, 0.01, 0.01, 0.01, 0.01, 0.01, 0.01, 0.01, 0.01, 0.01, 0.01, 0.01, 0.01, 0.01, 0.01, 0.01]","[true, true, true, true, true, true, true, true, true, true, true, true, true, true, true, true, true, true, true, true, true, true, true, true]",-20.941074206975067,"[0.2363125, 0.2363125, 0.2363125, 0.2363125, 0.009875, 0.009875, 0.009875, 0.009875, 0.001125, 0.001125, 0.001125, 0.001125, 0.001, 0.001, 0.001, 0.001, 0.000875, 0.000875, 0.000875, 0.000875, 0.0008125, 0.0008125, 0.0008125, 0.0008125]",0,0.2363125,0.16927608847618103,"ControllerAction(token_budget=523, selected_request_ids=[0, 1, 2, 3, 4, 5, 6, 7, 8, 9, 10, 11], token_allocations={0: 1, 1: 1, 2: 1, 3: 1, 4: 1, 5: 1, 6: 1, 7: 1, 8: 1, 9: 1, 10: 1, 11: 512}, prefill_allocations={11: 512}, decode_allocations={0: 1, 1: 1, 2: 1, 3: 1, 4: 1, 5: 1, 6: 1, 7: 1, 8: 1, 9: 1, 10: 1}, heuristic='SJF', strategy='Fixed', mapping=None)","{""type"": ""controller"", ""token_budget"": 523, ""selected_request_ids"": [0, 1, 2, 3, 4, 5, 6, 7, 8, 9, 10, 11], ""token_allocations"": {""0"": 1, ""1"": 1, ""2"": 1, ""3"": 1, ""4"": 1, ""5"": 1, ""6"": 1, ""7"": 1, ""8"": 1, ""9"": 1, ""10"": 1, ""11"": 512}, ""prefill_allocations"": {""11"": 512}, ""decode_allocations"": {""0"": 1, ""1"": 1, ""2"": 1, ""3"": 1, ""4"": 1, ""5"": 1, ""6"": 1, ""7"": 1, ""8"": 1, ""9"": 1, ""10"": 1}, ""heuristic"": ""SJF"", ""strategy"": ""Fixed""}",arena_root,candidate_as_adversary,2.5548847448194847,15,4.085695430117628,19.085695430117628
909001,74,107,2588742,controller,4000,-31.30982780456543,"[0.17016229033470154, 0.1577126830816269, 0.2276916801929474, 0.23366163671016693, 0.03596552088856697, 0.03749497979879379, 0.04123358801007271, 0.04646727070212364, 0.0030457947868853807, 0.0030365949496626854, 0.0038251730147749186, 0.0047538913786411285, 0.002529153134673834, 0.003991956822574139, 0.0031336366664618254, 0.0019147153943777084, 0.0033016337547451258, 0.0033069103956222534, 0.002512135077267885, 0.0018874050583690405, 0.004196964204311371, 0.0027135482523590326, 0.003200036473572254, 0.0022608719300478697]","[0.1503976015767964, 0.13939404098912095, 0.2012448382814623, 0.20652137246504387, 0.031788054042180165, 0.03313986325534909, 0.03644422468058432, 0.041070004709462614, 0.01, 0.01, 0.01, 0.01, 0.01, 0.01, 0.01, 0.01, 0.01, 0.01, 0.01, 0.01, 0.01, 0.01, 0.01, 0.01]","[true, true, true, true, true, true, true, true, true, true, true, true, true, true, true, true, true, true, true, true, true, true, true, true]",-21.11013864472561,"[0.15075, 0.15075, 0.319625, 0.319625, 0.00925, 0.00925, 0.012875, 0.012875, 0.001125, 0.001125, 0.001125, 0.001125, 0.001, 0.001, 0.001, 0.001, 0.000875, 0.000875, 0.000875, 0.000875, 0.00075, 0.00075, 0.00075, 0.00075]",2,0.319625,0.2276916801929474,"ControllerAction(token_budget=523, selected_request_ids=[0, 1, 2, 3, 4, 5, 6, 7, 8, 9, 10, 12], token_allocations={0: 1, 1: 1, 2: 1, 3: 1, 4: 1, 5: 1, 6: 1, 7: 1, 8: 1, 9: 1, 10: 1, 12: 512}, prefill_allocations={12: 512}, decode_allocations={0: 1, 1: 1, 2: 1, 3: 1, 4: 1, 5: 1, 6: 1, 7: 1, 8: 1, 9: 1, 10: 1}, heuristic='LST', strategy='Fixed', mapping=None)","{""type"": ""controller"", ""token_budget"": 523, ""selected_request_ids"": [0, 1, 2, 3, 4, 5, 6, 7, 8, 9, 10, 12], ""token_allocations"": {""0"": 1, ""1"": 1, ""2"": 1, ""3"": 1, ""4"": 1, ""5"": 1, ""6"": 1, ""7"": 1, ""8"": 1, ""9"": 1, ""10"": 1, ""12"": 512}, ""prefill_allocations"": {""12"": 512}, ""decode_allocations"": {""0"": 1, ""1"": 1, ""2"": 1, ""3"": 1, ""4"": 1, ""5"": 1, ""6"": 1, ""7"": 1, ""8"": 1, ""9"": 1, ""10"": 1}, ""heuristic"": ""LST"", ""strategy"": ""Fixed""}",arena_root,candidate_as_adversary,2.581948090537746,15,4.221012158708934,19.221012158708934
909001,76,109,2635764,controller,4000,-31.487897872924805,"[0.17135421931743622, 0.16008050739765167, 0.22984881699085236, 0.235610693693161, 0.0343637578189373, 0.03556738421320915, 0.039326656609773636, 0.045047640800476074, 0.0029864672105759382, 0.0029917953070253134, 0.0037087290547788143, 0.0047058588825166225, 0.002458930714055896, 0.003966430202126503, 0.0031528028193861246, 0.0018257718766108155, 0.0032430875580757856, 0.0033326158300042152, 0.002452378161251545, 0.0018015194218605757, 0.004186086356639862, 0.0026648673228919506, 0.003170850919559598, 0.0021521756425499916]","[0.15132211220318922, 0.14136634976636384, 0.2029784186990305, 0.20806670515220782, 0.03034647432151864, 0.031409391178834636, 0.034729187106015504, 0.039781361572839714, 0.01, 0.01, 0.01, 0.01, 0.01, 0.01, 0.01, 0.01, 0.01, 0.01, 0.01, 0.01, 0.01, 0.01, 0.01, 0.01]","[true, true, true, true, true, true, true, true, true, true, true, true, true, true, true, true, true, true, true, true, true, true, true, true]",-21.21230378234343,"[0.157875, 0.157875, 0.312625, 0.312625, 0.008625, 0.008625, 0.013375, 0.013375, 0.001125, 0.001125, 0.001125, 0.001125, 0.001, 0.001, 0.001, 0.001, 0.000875, 0.000875, 0.000875, 0.000875, 0.00075, 0.00075, 0.00075, 0.00075]",2,0.312625,0.22984881699085236,"ControllerAction(token_budget=523, selected_request_ids=[0, 1, 2, 3, 4, 5, 6, 7, 8, 9, 10, 13], token_allocations={0: 1, 1: 1, 2: 1, 3: 1, 4: 1, 5: 1, 6: 1, 7: 1, 8: 1, 9: 1, 10: 1, 13: 512}, prefill_allocations={13: 512}, decode_allocations={0: 1, 1: 1, 2: 1, 3: 1, 4: 1, 5: 1, 6: 1, 7: 1, 8: 1, 9: 1, 10: 1}, heuristic='LST', strategy='Fixed', mapping=None)","{""type"": ""controller"", ""token_budget"": 523, ""selected_request_ids"": [0, 1, 2, 3, 4, 5, 6, 7, 8, 9, 10, 13], ""token_allocations"": {""0"": 1, ""1"": 1, ""2"": 1, ""3"": 1, ""4"": 1, ""5"": 1, ""6"": 1, ""7"": 1, ""8"": 1, ""9"": 1, ""10"": 1, ""13"": 512}, ""prefill_allocations"": {""13"": 512}, ""decode_allocations"": {""0"": 1, ""1"": 1, ""2"": 1, ""3"": 1, ""4"": 1, ""5"": 1, ""6"": 1, ""7"": 1, ""8"": 1, ""9"": 1, ""10"": 1}, ""heuristic"": ""LST"", ""strategy"": ""Fixed""}",arena_root,candidate_as_adversary,2.609011436256007,15,4.35632888730024,19.35632888730024
909001,78,110,-1,,0,0.0,[],[],[],0.0,[],,0.0,0.0,,,arena_end,candidate_as_adversary,2.6360747819742683,15,4.491645615891546,19.491645615891546
909001,1000000,33,2682844,controller,4000,-13.066941261291504,"[0.17117302119731903, 0.1817643940448761, 0.2907017767429352, 0.28963133692741394, 0.005190111231058836, 0.005458449479192495, 0.009936935268342495, 0.00989905558526516, 0.004145491402596235, 0.004145412240177393, 0.0018229789566248655, 0.0019821925088763237, 0.0024563237093389034, 0.0024064884055405855, 0.005144153255969286, 0.0049455552361905575, 0.0013201743131503463, 0.0013819312443956733, 0.0010397600708529353, 0.0013476666063070297, 0.0010218560928478837, 0.0010310898069292307, 0.0011698149610310793, 0.00088403036352247]","[0.146729605956182, 0.1558085364651295, 0.24918971958252112, 0.24827213799616715, 0.01, 0.01, 0.01, 0.01, 0.01, 0.01, 0.01, 0.01, 0.01, 0.01, 0.01, 0.01, 0.01, 0.01, 0.01, 0.01, 0.01, 0.01, 0.01, 0.01]","[true, true, true, true, true, true, true, true, true, true, true, true, true, true, true, true, true, true, true, true, true, true, true, true]",-14.090624485665037,"[0.02325, 0.029, 0.467375, 0.467375, 0.0, 0.0, 0.001625, 0.001625, 0.0, 0.0, 0.0015, 0.0015, 0.0, 0.0, 0.00125, 0.00125, 0.0, 0.0, 0.001125, 0.001125, 0.0, 0.0, 0.001, 0.001]",2,0.467375,0.2907017767429352,"ControllerAction(token_budget=517, selected_request_ids=[0, 1, 2, 3, 6, 8], token_allocations={0: 1, 1: 1, 2: 1, 3: 1, 6: 512, 8: 1}, prefill_allocations={6: 512}, decode_allocations={0: 1, 1: 1, 2: 1, 3: 1, 8: 1}, heuristic='LST', strategy='Fixed', mapping=None)","{""type"": ""controller"", ""token_budget"": 517, ""selected_request_ids"": [0, 1, 2, 3, 6, 8], ""token_allocations"": {""0"": 1, ""1"": 1, ""2"": 1, ""3"": 1, ""6"": 512, ""8"": 1}, ""prefill_allocations"": {""6"": 512}, ""decode_allocations"": {""0"": 1, ""1"": 1, ""2"": 1, ""3"": 1, ""8"": 1}, ""heuristic"": ""LST"", ""strategy"": ""Fixed""}",arena_root,best_as_adversary,1.4894017435852367,10,1.6756582519773837,11.675658251977383
909001,1000002,35,2778301,controller,4000,-13.293963432312012,"[0.1721055805683136, 0.18209950625896454, 0.2911565601825714, 0.29098111391067505, 0.004564973060041666, 0.0048508672043681145, 0.008699346333742142, 0.008664817549288273, 0.004181979689747095, 0.004219750873744488, 0.0018657559994608164, 0.0020258608274161816, 0.002512131817638874, 0.002474932000041008, 0.0052138082683086395, 0.00497253704816103, 0.001356203225441277, 0.0014098214451223612, 0.0010663906577974558, 0.0013713878579437733, 0.0010619196109473705, 0.0010520070791244507, 0.0012037728447467089, 0.000889006769284606]","[0.1470449393118524, 0.15558362929399172, 0.2487606652899914, 0.2486107661041643, 0.01, 0.01, 0.01, 0.01, 0.01, 0.01, 0.01, 0.01, 0.01, 0.01, 0.01, 0.01, 0.01, 0.01, 0.01, 0.01, 0.01, 0.01, 0.01, 0.01]","[true, true, true, true, true, true, true, true, true, true, true, true, true, true, true, true, true, true, true, true, true, true, true, true]",-14.164999513479147,"[0.0225, 0.02875, 0.467875, 0.467875, 0.0, 0.0, 0.002, 0.002, 0.0, 0.0, 0.001375, 0.001375, 0.0, 0.0, 0.00125, 0.00125, 0.0, 0.0, 0.001, 0.001, 0.0, 0.0, 0.000875, 0.000875]",2,0.467875,0.2911565601825714,"ControllerAction(token_budget=517, selected_request_ids=[0, 1, 2, 3, 7, 8], token_allocations={0: 1, 1: 1, 2: 1, 3: 1, 7: 512, 8: 1}, prefill_allocations={7: 512}, decode_allocations={0: 1, 1: 1, 2: 1, 3: 1, 8: 1}, heuristic='LST', strategy='Fixed', mapping=None)","{""type"": ""controller"", ""token_budget"": 517, ""selected_request_ids"": [0, 1, 2, 3, 7, 8], ""token_allocations"": {""0"": 1, ""1"": 1, ""2"": 1, ""3"": 1, ""7"": 512, ""8"": 1}, ""prefill_allocations"": {""7"": 512}, ""decode_allocations"": {""0"": 1, ""1"": 1, ""2"": 1, ""3"": 1, ""8"": 1}, ""heuristic"": ""LST"", ""strategy"": ""Fixed""}",arena_root,best_as_adversary,1.51480455173043,10,1.8026722927033505,11.80267229270335
909001,1000004,37,2873503,controller,4000,-13.180337905883789,"[0.17557314038276672, 0.18583308160305023, 0.29267457127571106, 0.2890567481517792, 0.0038328084629029036, 0.004125269129872322, 0.007536818273365498, 0.007364689372479916, 0.0038554389029741287, 0.003950381185859442, 0.0016857595182955265, 0.0019126804545521736, 0.002315640216693282, 0.0023042589891701937, 0.004685787949711084, 0.0046535395085811615, 0.0012560369214043021, 0.0013428888050839305, 0.0009866906329989433, 0.0012329304590821266, 0.0009585018851794302, 0.000936204451136291, 0.0011145133757963777, 0.0008116528042592108]","[0.1489268596982514, 0.15762967621844529, 0.24825610978193768, 0.24518735430136546, 0.01, 0.01, 0.01, 0.01, 0.01, 0.01, 0.01, 0.01, 0.01, 0.01, 0.01, 0.01, 0.01, 0.01, 0.01, 0.01, 0.01, 0.01, 0.01, 0.01]","[true, true, true, true, true, true, true, true, true, true, true, true, true, true, true, true, true, true, true, true, true, true, true, true]",-14.225069325131463,"[0.021, 0.3211666666666667, 0.3211666666666667, 0.3211666666666667, 0.0, 0.001916666666666667, 0.001916666666666667, 0.001916666666666667, 0.0, 0.0012500000000000002, 0.0012500000000000002, 0.0012500000000000002, 0.0, 0.0, 0.0011250000000000001, 0.0011250000000000001, 0.0, 0.0, 0.001, 0.001, 0.0, 0.0, 0.0008750000000000001, 0.0008750000000000001]",1,0.3211666666666667,0.18583308160305023,"ControllerAction(token_budget=517, selected_request_ids=[0, 1, 2, 3, 4, 8], token_allocations={0: 1, 1: 1, 2: 1, 3: 1, 4: 512, 8: 1}, prefill_allocations={4: 512}, decode_allocations={0: 1, 1: 1, 2: 1, 3: 1, 8: 1}, heuristic='EDF', strategy='Fixed', mapping=None)","{""type"": ""controller"", ""token_budget"": 517, ""selected_request_ids"": [0, 1, 2, 3, 4, 8], ""token_allocations"": {""0"": 1, ""1"": 1, ""2"": 1, ""3"": 1, ""4"": 512, ""8"": 1}, ""prefill_allocations"": {""4"": 512}, ""decode_allocations"": {""0"": 1, ""1"": 1, ""2"": 1, ""3"": 1, ""8"": 1}, ""heuristic"": ""EDF"", ""strategy"": ""Fixed""}",arena_root,best_as_adversary,1.5402073598756234,10,1.9296863334293173,11.929686333429316
909001,1000006,39,2968810,controller,4000,-13.412954330444336,"[0.17636142671108246, 0.18601202964782715, 0.29285240173339844, 0.29016226530075073, 0.0033613238483667374, 0.003655781038105488, 0.006577359978109598, 0.0064260405488312244, 0.003887304337695241, 0.004020368214696646, 0.0017251091776415706, 0.0019545196555554867, 0.002368050394579768, 0.0023694930132478476, 0.004748545121401548, 0.004676997195929289, 0.001290354412049055, 0.0013697142712771893, 0.0010118680074810982, 0.001254444126971066, 0.000996386748738587, 0.0009552285191603005, 0.0011470855679363012, 0.0008159605204127729]","[0.14923938420390553, 0.15740585272446028, 0.2478155961446457, 0.2455391669269884, 0.01, 0.01, 0.01, 0.01, 0.01, 0.01, 0.01, 0.01, 0.01, 0.01, 0.01, 0.01, 0.01, 0.01, 0.01, 0.01, 0.01, 0.01, 0.01, 0.01]","[true, true, true, true, true, true, true, true, true, true, true, true, true, true, true, true, true, true, true, true, true, true, true, true]",-14.308765414573577,"[0.02025, 0.158, 0.404875, 0.404875, 0.0, 0.0, 0.002, 0.002, 0.0, 0.0, 0.00125, 0.00125, 0.0, 0.0, 0.001125, 0.001125, 0.0, 0.0, 0.000875, 0.000875, 0.0, 0.0, 0.00075, 0.00075]",2,0.404875,0.29285240173339844,"ControllerAction(token_budget=517, selected_request_ids=[0, 1, 2, 3, 6, 8], token_allocations={0: 1, 1: 1, 2: 1, 3: 1, 6: 512, 8: 1}, prefill_allocations={6: 512}, decode_allocations={0: 1, 1: 1, 2: 1, 3: 1, 8: 1}, heuristic='LST', strategy='Fixed', mapping=None)","{""type"": ""controller"", ""token_budget"": 517, ""selected_request_ids"": [0, 1, 2, 3, 6, 8], ""token_allocations"": {""0"": 1, ""1"": 1, ""2"": 1, ""3"": 1, ""6"": 512, ""8"": 1}, ""prefill_allocations"": {""6"": 512}, ""decode_allocations"": {""0"": 1, ""1"": 1, ""2"": 1, ""3"": 1, ""8"": 1}, ""heuristic"": ""LST"", ""strategy"": ""Fixed""}",arena_root,best_as_adversary,1.5660539614288167,10,2.058919341195284,12.058919341195285
909001,1000008,41,3064101,controller,4000,-13.652990341186523,"[0.17708714306354523, 0.18612158298492432, 0.2929207980632782, 0.29116302728652954, 0.002946737688034773, 0.0032385147642344236, 0.005737900268286467, 0.005604931619018316, 0.003917967900633812, 0.004090065136551857, 0.0017647164640948176, 0.0019965290557593107, 0.0024207415990531445, 0.0024356627836823463, 0.0048103416338562965, 0.004698813892900944, 0.0013251141645014286, 0.0013965535908937454, 0.0010373005643486977, 0.0012758559314534068, 0.001035383203998208, 0.0009742757538333535, 0.0011801690561696887, 0.0008199851727113128]","[0.14955223097840334, 0.157181924599909, 0.24737515153552458, 0.24589069288616303, 0.01, 0.01, 0.01, 0.01, 0.01, 0.01, 0.01, 0.01, 0.01, 0.01, 0.01, 0.01, 0.01, 0.01, 0.01, 0.01, 0.01, 0.01, 0.01, 0.01]","[true, true, true, true, true, true, true, true, true, true, true, true, true, true, true, true, true, true, true, true, true, true, true, true]",-14.376276300248106,"[0.1225, 0.15725, 0.354375, 0.354375, 0.0, 0.0, 0.002, 0.002, 0.0, 0.0, 0.001125, 0.001125, 0.0, 0.0, 0.001, 0.001, 0.0, 0.0, 0.000875, 0.000875, 0.0, 0.0, 0.00075, 0.00075]",2,0.354375,0.2929207980632782,"ControllerAction(token_budget=517, selected_request_ids=[0, 1, 2, 3, 7, 8], token_allocations={0: 1, 1: 1, 2: 1, 3: 1, 7: 512, 8: 1}, prefill_allocations={7: 512}, decode_allocations={0: 1, 1: 1, 2: 1, 3: 1, 8: 1}, heuristic='LST', strategy='Fixed', mapping=None)","{""type"": ""controller"", ""token_budget"": 517, ""selected_request_ids"": [0, 1, 2, 3, 7, 8], ""token_allocations"": {""0"": 1, ""1"": 1, ""2"": 1, ""3"": 1, ""7"": 512, ""8"": 1}, ""prefill_allocations"": {""7"": 512}, ""decode_allocations"": {""0"": 1, ""1"": 1, ""2"": 1, ""3"": 1, ""8"": 1}, ""heuristic"": ""LST"", ""strategy"": ""Fixed""}",arena_root,best_as_adversary,1.59190056298201,10,2.1881523489612515,12.188152348961252
909001,1000010,43,3159479,controller,4000,-13.535659790039062,"[0.1803429275751114, 0.1896236389875412, 0.29393884539604187, 0.2887728214263916, 0.0024649917613714933, 0.002744225086644292, 0.0049516186118125916, 0.004745176061987877, 0.003607322694733739, 0.0038251958321779966, 0.0015930399531498551, 0.0018832385540008545, 0.0022294793743640184, 0.0022656500805169344, 0.004319199826568365, 0.004392152652144432, 0.001226329361088574, 0.0013289506314322352, 0.0009589424007572234, 0.0011459822999313474, 0.0009341110708191991, 0.0008663859916850924, 0.0010920210042968392, 0.0007478164625354111]","[0.1514407876701969, 0.15923415259631957, 0.24683158287482576, 0.24249347685865769, 0.01, 0.01, 0.01, 0.01, 0.01, 0.01, 0.01, 0.01, 0.01, 0.01, 0.01, 0.01, 0.01, 0.01, 0.01, 0.01, 0.01, 0.01, 0.01, 0.01]","[true, true, true, true, true, true, true, true, true, true, true, true, true, true, true, true, true, true, true, true, true, true, true, true]",-14.45119543151916,"[0.15725000000000003, 0.27525000000000005, 0.27525000000000005, 0.27525000000000005, 0.0, 0.0012500000000000002, 0.0012500000000000002, 0.0012500000000000002, 0.0, 0.0010833333333333333, 0.0010833333333333333, 0.0010833333333333333, 0.0, 0.001166666666666667, 0.001166666666666667, 0.001166666666666667, 0.0, 0.0009166666666666668, 0.0009166666666666668, 0.0009166666666666668, 0.0, 0.0012500000000000002, 0.0012500000000000002, 0.0012500000000000002]",1,0.27525000000000005,0.1896236389875412,"ControllerAction(token_budget=517, selected_request_ids=[0, 1, 2, 3, 4, 8], token_allocations={0: 1, 1: 1, 2: 1, 3: 1, 4: 512, 8: 1}, prefill_allocations={4: 512}, decode_allocations={0: 1, 1: 1, 2: 1, 3: 1, 8: 1}, heuristic='EDF', strategy='Fixed', mapping=None)","{""type"": ""controller"", ""token_budget"": 517, ""selected_request_ids"": [0, 1, 2, 3, 4, 8], ""token_allocations"": {""0"": 1, ""1"": 1, ""2"": 1, ""3"": 1, ""4"": 512, ""8"": 1}, ""prefill_allocations"": {""4"": 512}, ""decode_allocations"": {""0"": 1, ""1"": 1, ""2"": 1, ""3"": 1, ""8"": 1}, ""heuristic"": ""EDF"", ""strategy"": ""Fixed""}",arena_root,best_as_adversary,1.6177471645352033,10,2.317385356727219,12.317385356727218
909001,1000012,45,3255302,controller,4000,-13.780084609985352,"[0.18096444010734558, 0.1896243393421173, 0.29381105303764343, 0.2896139323711395, 0.002154946094378829, 0.0024245143868029118, 0.004306531511247158, 0.004126214887946844, 0.0036350120790302753, 0.0038920335937291384, 0.0016299959970638156, 0.001924100797623396, 0.0022797079291194677, 0.0023294470738619566, 0.0043763103894889355, 0.004412283655256033, 0.0012598630273714662, 0.0013551890151575208, 0.0009833031799644232, 0.0011657775612547994, 0.0009713441249914467, 0.0008840141235850751, 0.0011241567553952336, 0.0007515187608078122]","[0.15174996149807923, 0.159011826727924, 0.24637887951757165, 0.24285933225642492, 0.01, 0.01, 0.01, 0.01, 0.01, 0.01, 0.01, 0.01, 0.01, 0.01, 0.01, 0.01, 0.01, 0.01, 0.01, 0.01, 0.01, 0.01, 0.01, 0.01]","[true, true, true, true, true, true, true, true, true, true, true, true, true, true, true, true, true, true, true, true, true, true, true, true]",-14.535539996846117,"[0.19475, 0.19475, 0.29975, 0.29975, 0.0, 0.0, 0.00125, 0.00125, 0.0, 0.0, 0.001125, 0.001125, 0.0, 0.0, 0.000875, 0.000875, 0.0, 0.0, 0.001125, 0.001125, 0.0, 0.0, 0.001125, 0.001125]",2,0.29975,0.29381105303764343,"ControllerAction(token_budget=517, selected_request_ids=[0, 1, 2, 3, 5, 8], token_allocations={0: 1, 1: 1, 2: 1, 3: 1, 5: 512, 8: 1}, prefill_allocations={5: 512}, decode_allocations={0: 1, 1: 1, 2: 1, 3: 1, 8: 1}, heuristic='LST', strategy='Fixed', mapping=None)","{""type"": ""controller"", ""token_budget"": 517, ""selected_request_ids"": [0, 1, 2, 3, 5, 8], ""token_allocations"": {""0"": 1, ""1"": 1, ""2"": 1, ""3"": 1, ""5"": 512, ""8"": 1}, ""prefill_allocations"": {""5"": 512}, ""decode_allocations"": {""0"": 1, ""1"": 1, ""2"": 1, ""3"": 1, ""8"": 1}, ""heuristic"": ""LST"", ""strategy"": ""Fixed""}",arena_root,best_as_adversary,1.6440726294483965,10,2.449012681293185,12.449012681293185
909001,1000014,47,3351669,controller,4000,-14.030263900756836,"[0.1815413236618042, 0.18957608938217163, 0.2936077415943146, 0.2903825640678406, 0.0018834113143384457, 0.0021414977964013815, 0.003744519781321287, 0.003587065963074565, 0.0036619678139686584, 0.003959018271416426, 0.0016673787031322718, 0.001965341856703162, 0.002330467337742448, 0.002394420560449362, 0.004433031659573317, 0.004431361798197031, 0.0012939806329086423, 0.0013815873535349965, 0.0010080237407237291, 0.0011856094934046268, 0.0010098012862727046, 0.0009017688571475446, 0.0011569394264370203, 0.00075504434062168]","[0.15205935004502763, 0.1587892847428663, 0.2459263899507044, 0.24322497526140163, 0.01, 0.01, 0.01, 0.01, 0.01, 0.01, 0.01, 0.01, 0.01, 0.01, 0.01, 0.01, 0.01, 0.01, 0.01, 0.01, 0.01, 0.01, 0.01, 0.01]","[true, true, true, true, true, true, true, true, true, true, true, true, true, true, true, true, true, true, true, true, true, true, true, true]",-14.637287174521232,"[0.19024999999999997, 0.19024999999999997, 0.30124999999999996, 0.30124999999999996, 0.0009999999999999998, 0.0009999999999999998, 0.001125, 0.001125, 0.0, 0.0, 0.0017499999999999998, 0.0017499999999999998, 0.0, 0.0, 0.001375, 0.001375, 0.0, 0.0, 0.0012499999999999998, 0.0012499999999999998, 0.0, 0.001333333333333333, 0.001333333333333333, 0.001333333333333333]",2,0.30124999999999996,0.2936077415943146,"ControllerAction(token_budget=517, selected_request_ids=[0, 1, 2, 3, 6, 8], token_allocations={0: 1, 1: 1, 2: 1, 3: 1, 6: 512, 8: 1}, prefill_allocations={6: 512}, decode_allocations={0: 1, 1: 1, 2: 1, 3: 1, 8: 1}, heuristic='LST', strategy='Fixed', mapping=None)","{""type"": ""controller"", ""token_budget"": 517, ""selected_request_ids"": [0, 1, 2, 3, 6, 8], ""token_allocations"": {""0"": 1, ""1"": 1, ""2"": 1, ""3"": 1, ""6"": 512, ""8"": 1}, ""prefill_allocations"": {""6"": 512}, ""decode_allocations"": {""0"": 1, ""1"": 1, ""2"": 1, ""3"": 1, ""8"": 1}, ""heuristic"": ""LST"", ""strategy"": ""Fixed""}",arena_root,best_as_adversary,1.6703980943615897,10,2.580640005859151,12.580640005859152
909001,1000016,49,3448577,controller,4000,-14.28506088256836,"[0.18207870423793793, 0.18948480486869812, 0.29333800077438354, 0.2910870611667633, 0.001645718584768474, 0.0018910887883976102, 0.0032551127951592207, 0.0031176568008959293, 0.003688290249556303, 0.004026241600513458, 0.0017052326584234834, 0.0020070115569978952, 0.0023818162735551596, 0.0024606487713754177, 0.004489470738917589, 0.004449515137821436, 0.0013287198962643743, 0.0014081819681450725, 0.0010331313824281096, 0.0012055047554895282, 0.0010495418682694435, 0.0009196706814691424, 0.0011904079001396894, 0.0007584146806038916]","[0.15236893808332952, 0.15856658592561948, 0.24547406499044566, 0.24359041100060505, 0.01, 0.01, 0.01, 0.01, 0.01, 0.01, 0.01, 0.01, 0.01, 0.01, 0.01, 0.01, 0.01, 0.01, 0.01, 0.01, 0.01, 0.01, 0.01, 0.01]","[true, true, true, true, true, true, true, true, true, true, true, true, true, true, true, true, true, true, true, true, true, true, true, true]",-14.755525532488328,"[0.19512499999999997, 0.19512499999999997, 0.289875, 0.289875, 0.0009999999999999998, 0.0009999999999999998, 0.00275, 0.00275, 0.0018749999999999997, 0.0018749999999999997, 0.0021249999999999997, 0.0021249999999999997, 0.0, 0.0, 0.0017499999999999998, 0.0017499999999999998, 0.0, 0.001583333333333333, 0.001583333333333333, 0.001583333333333333, 0.0015624999999999999, 0.0015624999999999999, 0.0015624999999999999, 0.0015624999999999999]",2,0.289875,0.29333800077438354,"ControllerAction(token_budget=517, selected_request_ids=[0, 1, 2, 3, 7, 8], token_allocations={0: 1, 1: 1, 2: 1, 3: 1, 7: 512, 8: 1}, prefill_allocations={7: 512}, decode_allocations={0: 1, 1: 1, 2: 1, 3: 1, 8: 1}, heuristic='LST', strategy='Fixed', mapping=None)","{""type"": ""controller"", ""token_budget"": 517, ""selected_request_ids"": [0, 1, 2, 3, 7, 8], ""token_allocations"": {""0"": 1, ""1"": 1, ""2"": 1, ""3"": 1, ""7"": 512, ""8"": 1}, ""prefill_allocations"": {""7"": 512}, ""decode_allocations"": {""0"": 1, ""1"": 1, ""2"": 1, ""3"": 1, ""8"": 1}, ""heuristic"": ""LST"", ""strategy"": ""Fixed""}",arena_root,best_as_adversary,1.696723559274783,10,2.7122673304251173,12.712267330425117
909001,1000018,51,3546697,controller,4000,-14.15467643737793,"[0.18581867218017578, 0.1934741586446762, 0.29497966170310974, 0.28934624791145325, 0.0013766593765467405, 0.0016026252415031195, 0.0028083177749067545, 0.002638699021190405, 0.0034045882057398558, 0.003776493715122342, 0.0015439871931448579, 0.0018987755756825209, 0.0022003338672220707, 0.0022957816254347563, 0.004043139051645994, 0.004170358180999756, 0.0012335770297795534, 0.0013439408503472805, 0.0009579980978742242, 0.0010860245674848557, 0.0, 0.0, 0.0, 0.0]","[0.1619807482782774, 0.16865414342960872, 0.25713791713683554, 0.25222719115527814, 0.01, 0.01, 0.01, 0.01, 0.01, 0.01, 0.01, 0.01, 0.01, 0.01, 0.01, 0.01, 0.01, 0.01, 0.01, 0.01, 0.0, 0.0, 0.0, 0.0]","[true, true, true, true, true, true, true, true, true, true, true, true, true, true, true, true, true, true, true, true, false, false, false, false]",-14.852177406093865,"[0.235625, 0.235625, 0.235625, 0.235625, 0.0065, 0.0065, 0.0065, 0.0065, 0.0034375, 0.0034375, 0.0034375, 0.0034375, 0.0025, 0.0025, 0.0025, 0.0025, 0.0019375, 0.0019375, 0.0019375, 0.0019375, 0.0, 0.0, 0.0, 0.0]",0,0.235625,0.18581867218017578,"ControllerAction(token_budget=517, selected_request_ids=[0, 1, 2, 3, 4, 8], token_allocations={0: 1, 1: 1, 2: 1, 3: 1, 4: 512, 8: 1}, prefill_allocations={4: 512}, decode_allocations={0: 1, 1: 1, 2: 1, 3: 1, 8: 1}, heuristic='SJF', strategy='Fixed', mapping=None)","{""type"": ""controller"", ""token_budget"": 517, ""selected_request_ids"": [0, 1, 2, 3, 4, 8], ""token_allocations"": {""0"": 1, ""1"": 1, ""2"": 1, ""3"": 1, ""4"": 512, ""8"": 1}, ""prefill_allocations"": {""4"": 512}, ""decode_allocations"": {""0"": 1, ""1"": 1, ""2"": 1, ""3"": 1, ""8"": 1}, ""heuristic"": ""SJF"", ""strategy"": ""Fixed""}",arena_root,best_as_adversary,1.7230490241879761,10,2.8438946549910833,12.843894654991082
909001,1000020,53,3646305,controller,4000,-15.822455406188965,"[0.19644798338413239, 0.20101840794086456, 0.285687118768692, 0.28397831320762634, 0.0014304687501862645, 0.0016741363797336817, 0.0027146784123033285, 0.0025448640808463097, 0.0035414404701441526, 0.003851683344691992, 0.0017650299705564976, 0.002208760241046548, 0.002419308992102742, 0.002514780266210437, 0.0040281000547111034, 0.004174930043518543, 0.0, 0.0, 0.0, 0.0, 0.0, 0.0, 0.0, 0.0]","[0.17874939197836381, 0.18290805320015596, 0.25994870446748025, 0.258393850354, 0.01, 0.01, 0.01, 0.01, 0.01, 0.01, 0.01, 0.01, 0.01, 0.01, 0.01, 0.01, 0.0, 0.0, 0.0, 0.0, 0.0, 0.0, 0.0, 0.0]","[true, true, true, true, true, true, true, true, true, true, true, true, true, true, true, true, false, false, false, false, false, false, false, false]",-14.92607445932532,"[0.2365, 0.2365, 0.2365, 0.2365, 0.0069375, 0.0069375, 0.0069375, 0.0069375, 0.0038125, 0.0038125, 0.0038125, 0.0038125, 0.00275, 0.00275, 0.00275, 0.00275, 0.0, 0.0, 0.0, 0.0, 0.0, 0.0, 0.0, 0.0]",0,0.2365,0.19644798338413239,"ControllerAction(token_budget=518, selected_request_ids=[0, 1, 2, 3, 4, 5, 8], token_allocations={0: 1, 1: 1, 2: 1, 3: 1, 4: 1, 5: 512, 8: 1}, prefill_allocations={5: 512}, decode_allocations={0: 1, 1: 1, 2: 1, 3: 1, 4: 1, 8: 1}, heuristic='SJF', strategy='Fixed', mapping=None)","{""type"": ""controller"", ""token_budget"": 518, ""selected_request_ids"": [0, 1, 2, 3, 4, 5, 8], ""token_allocations"": {""0"": 1, ""1"": 1, ""2"": 1, ""3"": 1, ""4"": 1, ""5"": 512, ""8"": 1}, ""prefill_allocations"": {""5"": 512}, ""decode_allocations"": {""0"": 1, ""1"": 1, ""2"": 1, ""3"": 1, ""4"": 1, ""8"": 1}, ""heuristic"": ""SJF"", ""strategy"": ""Fixed""}",arena_root,best_as_adversary,1.7498864583811695,10,2.9780818259570503,12.97808182595705
909001,1000022,55,3746301,controller,4000,-17.843748092651367,"[0.20926447212696075, 0.21044538915157318, 0.27879127860069275, 0.28083011507987976, 0.0014976068632677197, 0.001762051833793521, 0.0026439628563821316, 0.0024728854186832905, 0.0037118461914360523, 0.0039583188481628895, 0.0020331046544015408, 0.0025889433454722166, 0.0, 0.0, 0.0, 0.0, 0.0, 0.0, 0.0, 0.0, 0.0, 0.0, 0.0, 0.0]","[0.19658651082757797, 0.1976958838381318, 0.2619011442898832, 0.26381646104440704, 0.01, 0.01, 0.01, 0.01, 0.01, 0.01, 0.01, 0.01, 0.0, 0.0, 0.0, 0.0, 0.0, 0.0, 0.0, 0.0, 0.0, 0.0, 0.0, 0.0]","[true, true, true, true, true, true, true, true, true, true, true, true, false, false, false, false, false, false, false, false, false, false, false, false]",-14.981330077696205,"[0.23825, 0.23825, 0.23825, 0.23825, 0.007375, 0.007375, 0.007375, 0.007375, 0.004375, 0.004375, 0.004375, 0.004375, 0.0, 0.0, 0.0, 0.0, 0.0, 0.0, 0.0, 0.0, 0.0, 0.0, 0.0, 0.0]",0,0.23825,0.20926447212696075,"ControllerAction(token_budget=519, selected_request_ids=[0, 1, 2, 3, 4, 5, 6, 8], token_allocations={0: 1, 1: 1, 2: 1, 3: 1, 4: 1, 5: 1, 6: 512, 8: 1}, prefill_allocations={6: 512}, decode_allocations={0: 1, 1: 1, 2: 1, 3: 1, 4: 1, 5: 1, 8: 1}, heuristic='SJF', strategy='Fixed', mapping=None)","{""type"": ""controller"", ""token_budget"": 519, ""selected_request_ids"": [0, 1, 2, 3, 4, 5, 6, 8], ""token_allocations"": {""0"": 1, ""1"": 1, ""2"": 1, ""3"": 1, ""4"": 1, ""5"": 1, ""6"": 512, ""8"": 1}, ""prefill_allocations"": {""6"": 512}, ""decode_allocations"": {""0"": 1, ""1"": 1, ""2"": 1, ""3"": 1, ""4"": 1, ""5"": 1, ""8"": 1}, ""heuristic"": ""SJF"", ""strategy"": ""Fixed""}",arena_root,best_as_adversary,1.776735566174363,10,3.085478257129824,13.085478257129823
909001,1000024,57,3846745,controller,4000,-20.21500015258789,"[0.22260130941867828, 0.22000640630722046, 0.2716761827468872, 0.27733197808265686, 0.0015648931730538607, 0.0018510814988985658, 0.0025700039695948362, 0.0023981896229088306, 0.0, 0.0, 0.0, 0.0, 0.0, 0.0, 0.0, 0.0, 0.0, 0.0, 0.0, 0.0, 0.0, 0.0, 0.0, 0.0]","[0.21550406976565079, 0.21299190044091912, 0.26301427962506957, 0.2684897501683604, 0.01, 0.01, 0.01, 0.01, 0.0, 0.0, 0.0, 0.0, 0.0, 0.0, 0.0, 0.0, 0.0, 0.0, 0.0, 0.0, 0.0, 0.0, 0.0, 0.0]","[true, true, true, true, true, true, true, true, false, false, false, false, false, false, false, false, false, false, false, false, false, false, false, false]",-15.019083207808025,"[0.24225, 0.24225, 0.24225, 0.24225, 0.00775, 0.00775, 0.00775, 0.00775, 0.0, 0.0, 0.0, 0.0, 0.0, 0.0, 0.0, 0.0, 0.0, 0.0, 0.0, 0.0, 0.0, 0.0, 0.0, 0.0]",0,0.24225,0.22260130941867828,"ControllerAction(token_budget=520, selected_request_ids=[0, 1, 2, 3, 4, 5, 6, 7, 8], token_allocations={0: 1, 1: 1, 2: 1, 3: 1, 4: 1, 5: 1, 6: 1, 7: 512, 8: 1}, prefill_allocations={7: 512}, decode_allocations={0: 1, 1: 1, 2: 1, 3: 1, 4: 1, 5: 1, 6: 1, 8: 1}, heuristic='SJF', strategy='Fixed', mapping=None)","{""type"": ""controller"", ""token_budget"": 520, ""selected_request_ids"": [0, 1, 2, 3, 4, 5, 6, 7, 8], ""token_allocations"": {""0"": 1, ""1"": 1, ""2"": 1, ""3"": 1, ""4"": 1, ""5"": 1, ""6"": 1, ""7"": 512, ""8"": 1}, ""prefill_allocations"": {""7"": 512}, ""decode_allocations"": {""0"": 1, ""1"": 1, ""2"": 1, ""3"": 1, ""4"": 1, ""5"": 1, ""6"": 1, ""8"": 1}, ""heuristic"": ""SJF"", ""strategy"": ""Fixed""}",arena_root,best_as_adversary,1.8036972238555562,10,3.1663632301734035,13.166363230173403
909001,1000026,59,3947260,controller,4000,-23.1715087890625,"[0.23551294207572937, 0.22876477241516113, 0.26331695914268494, 0.27240538597106934, 0.0, 0.0, 0.0, 0.0, 0.0, 0.0, 0.0, 0.0, 0.0, 0.0, 0.0, 0.0, 0.0, 0.0, 0.0, 0.0, 0.0, 0.0, 0.0, 0.0]","[0.23551292803806495, 0.22876475877971894, 0.26331694344777207, 0.272405369734444, 0.0, 0.0, 0.0, 0.0, 0.0, 0.0, 0.0, 0.0, 0.0, 0.0, 0.0, 0.0, 0.0, 0.0, 0.0, 0.0, 0.0, 0.0, 0.0, 0.0]","[true, true, true, true, false, false, false, false, false, false, false, false, false, false, false, false, false, false, false, false, false, false, false, false]",-15.041157347544468,"[0.25, 0.25, 0.25, 0.25, 0.0, 0.0, 0.0, 0.0, 0.0, 0.0, 0.0, 0.0, 0.0, 0.0, 0.0, 0.0, 0.0, 0.0, 0.0, 0.0, 0.0, 0.0, 0.0, 0.0]",0,0.25,0.23551294207572937,"ControllerAction(token_budget=521, selected_request_ids=[0, 1, 2, 3, 4, 5, 6, 7, 8, 9], token_allocations={0: 1, 1: 1, 2: 1, 3: 1, 4: 1, 5: 1, 6: 1, 7: 1, 8: 1, 9: 512}, prefill_allocations={9: 512}, decode_allocations={0: 1, 1: 1, 2: 1, 3: 1, 4: 1, 5: 1, 6: 1, 7: 1, 8: 1}, heuristic='SJF', strategy='Fixed', mapping=None)","{""type"": ""controller"", ""token_budget"": 521, ""selected_request_ids"": [0, 1, 2, 3, 4, 5, 6, 7, 8, 9], ""token_allocations"": {""0"": 1, ""1"": 1, ""2"": 1, ""3"": 1, ""4"": 1, ""5"": 1, ""6"": 1, ""7"": 1, ""8"": 1, ""9"": 512}, ""prefill_allocations"": {""9"": 512}, ""decode_allocations"": {""0"": 1, ""1"": 1, ""2"": 1, ""3"": 1, ""4"": 1, ""5"": 1, ""6"": 1, ""7"": 1, ""8"": 1}, ""heuristic"": ""SJF"", ""strategy"": ""Fixed""}",arena_root,best_as_adversary,1.8306995752967494,10,3.2203679330557895,13.22036793305579
909001,1000029,62,4098662,adversary,4000,-31.86626434326172,"[0.08652801811695099, 0.11785566806793213, 0.1488369107246399, 0.18245604634284973, 0.19652846455574036, 0.2677948474884033]","[0.1, 0.11611752583077789, 0.1466418553215435, 0.17976517397521882, 0.1936300513470476, 0.26384539352541214]","[true, true, true, true, true, true]",-16.752012754711945,"[0.01625, 0.04325, 0.1995, 0.238, 0.22375, 0.27925]",5,0.27925,0.2677948474884033,"AdversaryAction(requests=[AdversaryRequestSpec(prefill_tokens=3072, decode_tokens=5000, prefill_slo=0.3874467952163693, decode_slo=0.05), AdversaryRequestSpec(prefill_tokens=3072, decode_tokens=5000, prefill_slo=0.3874467952163693, decode_slo=0.05), AdversaryRequestSpec(prefill_tokens=3072, decode_tokens=5000, prefill_slo=0.3874467952163693, decode_slo=0.05), AdversaryRequestSpec(prefill_tokens=3072, decode_tokens=5000, prefill_slo=0.3874467952163693, decode_slo=0.05), AdversaryRequestSpec(prefill_tokens=3072, decode_tokens=5000, prefill_slo=0.3874467952163693, decode_slo=0.05), AdversaryRequestSpec(prefill_tokens=3072, decode_tokens=5000, prefill_slo=0.3874467952163693, decode_slo=0.05)], stop_decode_ids=[])","{""type"": ""adversary"", ""requests"": [{""prefill_tokens"": 3072, ""decode_tokens"": 5000, ""prefill_slo"": 0.3874467952163693, ""decode_slo"": 0.05}, {""prefill_tokens"": 3072, ""decode_tokens"": 5000, ""prefill_slo"": 0.3874467952163693, ""decode_slo"": 0.05}, {""prefill_tokens"": 3072, ""decode_tokens"": 5000, ""prefill_slo"": 0.3874467952163693, ""decode_slo"": 0.05}, {""prefill_tokens"": 3072, ""decode_tokens"": 5000, ""prefill_slo"": 0.3874467952163693, ""decode_slo"": 0.05}, {""prefill_tokens"": 3072, ""decode_tokens"": 5000, ""prefill_slo"": 0.3874467952163693, ""decode_slo"": 0.05}, {""prefill_tokens"": 3072, ""decode_tokens"": 5000, ""prefill_slo"": 0.3874467952163693, ""decode_slo"": 0.05}], ""stop_decode_ids"": []}",arena_root,best_as_adversary,2.0,10,3.2485056821020506,13.248505682102051
909001,1000030,63,4147364,controller,4000,-13.040763854980469,"[0.10354220867156982, 0.114659883081913, 0.16853100061416626, 0.16708272695541382, 0.07248231023550034, 0.06969773769378662, 0.12659089267253876, 0.12485749274492264, 0.005570114124566317, 0.005138562060892582, 0.0032838124316185713, 0.0031365600880235434, 0.0033277582842856646, 0.003199382685124874, 0.006085062865167856, 0.006024647504091263, 0.0023881313391029835, 0.002395993797108531, 0.0021040102001279593, 0.0023422925733029842, 0.0016283218283206224, 0.0021289284341037273, 0.0019280840642750263, 0.001874001114629209]","[0.09180007693226251, 0.10165695925369962, 0.14941886038886137, 0.14813482719121, 0.0642625045497416, 0.06179371450911565, 0.11223494104828481, 0.11069811612682426, 0.01, 0.01, 0.01, 0.01, 0.01, 0.01, 0.01, 0.01, 0.01, 0.01, 0.01, 0.01, 0.01, 0.01, 0.01, 0.01]","[true, true, true, true, true, true, true, true, true, true, true, true, true, true, true, true, true, true, true, true, true, true, true, true]",-15.116069376056961,"[0.1319375, 0.1319375, 0.1319375, 0.1319375, 0.1036875, 0.1036875, 0.1036875, 0.1036875, 0.0064375, 0.0064375, 0.0064375, 0.0064375, 0.0045, 0.0045, 0.0045, 0.0045, 0.002, 0.002, 0.002, 0.002, 0.0014375, 0.0014375, 0.0014375, 0.0014375]",0,0.1319375,0.10354220867156982,"ControllerAction(token_budget=522, selected_request_ids=[0, 1, 2, 3, 4, 5, 6, 7, 8, 9, 10], token_allocations={0: 1, 1: 1, 2: 1, 3: 1, 4: 1, 5: 1, 6: 1, 7: 1, 8: 1, 9: 1, 10: 512}, prefill_allocations={10: 512}, decode_allocations={0: 1, 1: 1, 2: 1, 3: 1, 4: 1, 5: 1, 6: 1, 7: 1, 8: 1, 9: 1}, heuristic='SJF', strategy='Fixed', mapping=None)","{""type"": ""controller"", ""token_budget"": 522, ""selected_request_ids"": [0, 1, 2, 3, 4, 5, 6, 7, 8, 9, 10], ""token_allocations"": {""0"": 1, ""1"": 1, ""2"": 1, ""3"": 1, ""4"": 1, ""5"": 1, ""6"": 1, ""7"": 1, ""8"": 1, ""9"": 1, ""10"": 512}, ""prefill_allocations"": {""10"": 512}, ""decode_allocations"": {""0"": 1, ""1"": 1, ""2"": 1, ""3"": 1, ""4"": 1, ""5"": 1, ""6"": 1, ""7"": 1, ""8"": 1, ""9"": 1}, ""heuristic"": ""SJF"", ""strategy"": ""Fixed""}",arena_root,best_as_adversary,2.0,10,3.2485056821020506,13.248505682102051
909001,1000032,65,4199159,controller,4000,-13.018658638000488,"[0.10972587019205093, 0.12001822143793106, 0.17653681337833405, 0.17586694657802582, 0.06930262595415115, 0.0654684528708458, 0.11648032814264297, 0.1173504963517189, 0.005315292626619339, 0.0048212818801403046, 0.0029999250546097755, 0.0029102612752467394, 0.0031458709854632616, 0.0030126431956887245, 0.00575809832662344, 0.0057327537797391415, 0.002177528338506818, 0.0021920560393482447, 0.0019299817504361272, 0.00222502532415092, 0.0014932735357433558, 0.0019452059641480446, 0.001795283518731594, 0.0017957183299586177]","[0.09694425950229622, 0.10603768813788585, 0.1559726126382317, 0.1553807764485766, 0.061229787860698305, 0.057842245162571665, 0.10291191255634309, 0.1036807176933965, 0.01, 0.01, 0.01, 0.01, 0.01, 0.01, 0.01, 0.01, 0.01, 0.01, 0.01, 0.01, 0.01, 0.01, 0.01, 0.01]","[true, true, true, true, true, true, true, true, true, true, true, true, true, true, true, true, true, true, true, true, true, true, true, true]",-15.123043009041341,"[0.119875, 0.119875, 0.171625, 0.171625, 0.073, 0.073, 0.110875, 0.110875, 0.0085, 0.0085, 0.0035, 0.0035, 0.00325, 0.00325, 0.00275, 0.00275, 0.001625, 0.001625, 0.002125, 0.002125, 0.0015, 0.0015, 0.001375, 0.001375]",2,0.171625,0.17653681337833405,"ControllerAction(token_budget=522, selected_request_ids=[0, 1, 2, 3, 4, 5, 6, 7, 8, 9, 11], token_allocations={0: 1, 1: 1, 2: 1, 3: 1, 4: 1, 5: 1, 6: 1, 7: 1, 8: 1, 9: 1, 11: 512}, prefill_allocations={11: 512}, decode_allocations={0: 1, 1: 1, 2: 1, 3: 1, 4: 1, 5: 1, 6: 1, 7: 1, 8: 1, 9: 1}, heuristic='LST', strategy='Fixed', mapping=None)","{""type"": ""controller"", ""token_budget"": 522, ""selected_request_ids"": [0, 1, 2, 3, 4, 5, 6, 7, 8, 9, 11], ""token_allocations"": {""0"": 1, ""1"": 1, ""2"": 1, ""3"": 1, ""4"": 1, ""5"": 1, ""6"": 1, ""7"": 1, ""8"": 1, ""9"": 1, ""11"": 512}, ""prefill_allocations"": {""11"": 512}, ""decode_allocations"": {""0"": 1, ""1"": 1, ""2"": 1, ""3"": 1, ""4"": 1, ""5"": 1, ""6"": 1, ""7"": 1, ""8"": 1, ""9"": 1}, ""heuristic"": ""LST"", ""strategy"": ""Fixed""}",arena_root,best_as_adversary,2.025859150390261,10,3.2485056821020506,13.248505682102051
909001,1000034,67,4251415,controller,4000,-13.315786361694336,"[0.11502440273761749, 0.1255665272474289, 0.18447864055633545, 0.18452946841716766, 0.06366434693336487, 0.06073050945997238, 0.10631157457828522, 0.10708922892808914, 0.005614368710666895, 0.005148594733327627, 0.0032203353475779295, 0.0031192637979984283, 0.003376646665856242, 0.0032479227520525455, 0.006130590103566647, 0.006047367118299007, 0.002348880982026458, 0.0023447941057384014, 0.0020760910119861364, 0.002376024844124913, 0.001630654209293425, 0.0020860102958977222, 0.0019420969765633345, 0.0018956578569486737]","[0.10198547491984011, 0.11133256605188203, 0.1635665243367648, 0.16361159045667292, 0.05644748855833242, 0.05384622481828863, 0.09426031489661091, 0.09494981596160793, 0.01, 0.01, 0.01, 0.01, 0.01, 0.01, 0.01, 0.01, 0.01, 0.01, 0.01, 0.01, 0.01, 0.01, 0.01, 0.01]","[true, true, true, true, true, true, true, true, true, true, true, true, true, true, true, true, true, true, true, true, true, true, true, true]",-15.153021472613908,"[0.1255, 0.1255, 0.182, 0.182, 0.07, 0.07, 0.098125, 0.098125, 0.008125, 0.008125, 0.0035, 0.0035, 0.00325, 0.00325, 0.00275, 0.00275, 0.00175, 0.00175, 0.002125, 0.002125, 0.0015, 0.0015, 0.001375, 0.001375]",2,0.182,0.18447864055633545,"ControllerAction(token_budget=522, selected_request_ids=[0, 1, 2, 3, 4, 5, 6, 7, 8, 9, 12], token_allocations={0: 1, 1: 1, 2: 1, 3: 1, 4: 1, 5: 1, 6: 1, 7: 1, 8: 1, 9: 1, 12: 512}, prefill_allocations={12: 512}, decode_allocations={0: 1, 1: 1, 2: 1, 3: 1, 4: 1, 5: 1, 6: 1, 7: 1, 8: 1, 9: 1}, heuristic='LST', strategy='Fixed', mapping=None)","{""type"": ""controller"", ""token_budget"": 522, ""selected_request_ids"": [0, 1, 2, 3, 4, 5, 6, 7, 8, 9, 12], ""token_allocations"": {""0"": 1, ""1"": 1, ""2"": 1, ""3"": 1, ""4"": 1, ""5"": 1, ""6"": 1, ""7"": 1, ""8"": 1, ""9"": 1, ""12"": 512}, ""prefill_allocations"": {""12"": 512}, ""decode_allocations"": {""0"": 1, ""1"": 1, ""2"": 1, ""3"": 1, ""4"": 1, ""5"": 1, ""6"": 1, ""7"": 1, ""8"": 1, ""9"": 1}, ""heuristic"": ""LST"", ""strategy"": ""Fixed""}",arena_root,best_as_adversary,2.0517183007805224,10,3.2485056821020506,13.248505682102051
909001,1000036,69,4304129,controller,4000,-13.628263473510742,"[0.12008454650640488, 0.13083286583423615, 0.19198757410049438, 0.192825049161911, 0.05824507027864456, 0.05610456317663193, 0.09663285315036774, 0.09732463955879211, 0.005905965808779001, 0.005475590471178293, 0.00344276987016201, 0.00332957087084651, 0.003609496634453535, 0.0034872242249548435, 0.006500420160591602, 0.006353097502142191, 0.002523330505937338, 0.0024978937581181526, 0.002224106341600418, 0.0025268718600273132, 0.0017733745044097304, 0.0022278360556811094, 0.0020923037081956863, 0.001992955571040511]","[0.10685068676377459, 0.11641449272505093, 0.17082967575394675, 0.17157485727865804, 0.05182620029751744, 0.04992158675208852, 0.08598347600462528, 0.08659902442433842, 0.01, 0.01, 0.01, 0.01, 0.01, 0.01, 0.01, 0.01, 0.01, 0.01, 0.01, 0.01, 0.01, 0.01, 0.01, 0.01]","[true, true, true, true, true, true, true, true, true, true, true, true, true, true, true, true, true, true, true, true, true, true, true, true]",-15.182379720364889,"[0.132125, 0.132125, 0.190125, 0.190125, 0.061, 0.061, 0.09225, 0.09225, 0.008375, 0.008375, 0.0035, 0.0035, 0.003375, 0.003375, 0.00275, 0.00275, 0.001625, 0.001625, 0.002125, 0.002125, 0.001375, 0.001375, 0.001375, 0.001375]",2,0.190125,0.19198757410049438,"ControllerAction(token_budget=522, selected_request_ids=[0, 1, 2, 3, 4, 5, 6, 7, 8, 9, 13], token_allocations={0: 1, 1: 1, 2: 1, 3: 1, 4: 1, 5: 1, 6: 1, 7: 1, 8: 1, 9: 1, 13: 512}, prefill_allocations={13: 512}, decode_allocations={0: 1, 1: 1, 2: 1, 3: 1, 4: 1, 5: 1, 6: 1, 7: 1, 8: 1, 9: 1}, heuristic='LST', strategy='Fixed', mapping=None)","{""type"": ""controller"", ""token_budget"": 522, ""selected_request_ids"": [0, 1, 2, 3, 4, 5, 6, 7, 8, 9, 13], ""token_allocations"": {""0"": 1, ""1"": 1, ""2"": 1, ""3"": 1, ""4"": 1, ""5"": 1, ""6"": 1, ""7"": 1, ""8"": 1, ""9"": 1, ""13"": 512}, ""prefill_allocations"": {""13"": 512}, ""decode_allocations"": {""0"": 1, ""1"": 1, ""2"": 1, ""3"": 1, ""4"": 1, ""5"": 1, ""6"": 1, ""7"": 1, ""8"": 1, ""9"": 1}, ""heuristic"": ""LST"", ""strategy"": ""Fixed""}",arena_root,best_as_adversary,2.0775774511707836,10,3.2485056821020506,13.248505682102051
909001,1000038,71,4356516,controller,4000,-13.955703735351562,"[0.12487702816724777, 0.1357869654893875, 0.19902080297470093, 0.2007056176662445, 0.05307872220873833, 0.05162828788161278, 0.08749179542064667, 0.08810452371835709, 0.006188410334289074, 0.005800582468509674, 0.0036661732010543346, 0.003540156641975045, 0.003843313315883279, 0.00372951477766037, 0.0068656075745821, 0.00664818100631237, 0.002700137672945857, 0.0026505826972424984, 0.0023733582347631454, 0.002676786854863167, 0.0019210437312722206, 0.0023699994198977947, 0.0022453130222857, 0.0020870519801974297]","[0.11150994080942829, 0.12125205657628518, 0.1777172173718851, 0.17922168612235265, 0.04739706940983127, 0.046101892479858866, 0.07812649829879388, 0.07867363893156457, 0.01, 0.01, 0.01, 0.01, 0.01, 0.01, 0.01, 0.01, 0.01, 0.01, 0.01, 0.01, 0.01, 0.01, 0.01, 0.01]","[true, true, true, true, true, true, true, true, true, true, true, true, true, true, true, true, true, true, true, true, true, true, true, true]",-15.223387583136558,"[0.144375, 0.144375, 0.184625, 0.184625, 0.056, 0.056, 0.0905, 0.0905, 0.007875, 0.007875, 0.003625, 0.003625, 0.0035, 0.0035, 0.002875, 0.002875, 0.00175, 0.00175, 0.002, 0.002, 0.0015, 0.0015, 0.001375, 0.001375]",2,0.184625,0.19902080297470093,"ControllerAction(token_budget=522, selected_request_ids=[0, 1, 2, 3, 4, 5, 6, 7, 8, 9, 14], token_allocations={0: 1, 1: 1, 2: 1, 3: 1, 4: 1, 5: 1, 6: 1, 7: 1, 8: 1, 9: 1, 14: 512}, prefill_allocations={14: 512}, decode_allocations={0: 1, 1: 1, 2: 1, 3: 1, 4: 1, 5: 1, 6: 1, 7: 1, 8: 1, 9: 1}, heuristic='LST', strategy='Fixed', mapping=None)","{""type"": ""controller"", ""token_budget"": 522, ""selected_request_ids"": [0, 1, 2, 3, 4, 5, 6, 7, 8, 9, 14], ""token_allocations"": {""0"": 1, ""1"": 1, ""2"": 1, ""3"": 1, ""4"": 1, ""5"": 1, ""6"": 1, ""7"": 1, ""8"": 1, ""9"": 1, ""14"": 512}, ""prefill_allocations"": {""14"": 512}, ""decode_allocations"": {""0"": 1, ""1"": 1, ""2"": 1, ""3"": 1, ""4"": 1, ""5"": 1, ""6"": 1, ""7"": 1, ""8"": 1, ""9"": 1}, ""heuristic"": ""LST"", ""strategy"": ""Fixed""}",arena_root,best_as_adversary,2.103436601561045,10,3.2485056821020506,13.248505682102051
909001,1000040,73,4408752,controller,4000,-14.297405242919922,"[0.12937994301319122, 0.14040681719779968, 0.2055477499961853, 0.2081347107887268, 0.04819150269031525, 0.04733322560787201, 0.07892213761806488, 0.07946252822875977, 0.0064603546634316444, 0.006122108548879623, 0.003889619605615735, 0.0037501277402043343, 0.004077124409377575, 0.003973871935158968, 0.0072244638577103615, 0.006931213196367025, 0.0028786316979676485, 0.0028021917678415775, 0.002523246454074979, 0.002825096482411027, 0.002073303796350956, 0.002511899685487151, 0.002400590106844902, 0.0021775001659989357]","[0.11593944045197044, 0.12582079913186595, 0.18419463299879085, 0.18651285002511825, 0.04318517790570608, 0.04241606205688342, 0.07072339237140428, 0.07120764505826067, 0.01, 0.01, 0.01, 0.01, 0.01, 0.01, 0.01, 0.01, 0.01, 0.01, 0.01, 0.01, 0.01, 0.01, 0.01, 0.01]","[true, true, true, true, true, true, true, true, true, true, true, true, true, true, true, true, true, true, true, true, true, true, true, true]",-15.318839660453156,"[0.157625, 0.157625, 0.170625, 0.170625, 0.063125, 0.063125, 0.081375, 0.081375, 0.008875, 0.008875, 0.004125, 0.004125, 0.004, 0.004, 0.003125, 0.003125, 0.002, 0.002, 0.002125, 0.002125, 0.0015, 0.0015, 0.0015, 0.0015]",2,0.170625,0.2055477499961853,"ControllerAction(token_budget=522, selected_request_ids=[0, 1, 2, 3, 4, 5, 6, 7, 8, 9, 15], token_allocations={0: 1, 1: 1, 2: 1, 3: 1, 4: 1, 5: 1, 6: 1, 7: 1, 8: 1, 9: 1, 15: 512}, prefill_allocations={15: 512}, decode_allocations={0: 1, 1: 1, 2: 1, 3: 1, 4: 1, 5: 1, 6: 1, 7: 1, 8: 1, 9: 1}, heuristic='LST', strategy='Fixed', mapping=None)","{""type"": ""controller"", ""token_budget"": 522, ""selected_request_ids"": [0, 1, 2, 3, 4, 5, 6, 7, 8, 9, 15], ""token_allocations"": {""0"": 1, ""1"": 1, ""2"": 1, ""3"": 1, ""4"": 1, ""5"": 1, ""6"": 1, ""7"": 1, ""8"": 1, ""9"": 1, ""15"": 512}, ""prefill_allocations"": {""15"": 512}, ""decode_allocations"": {""0"": 1, ""1"": 1, ""2"": 1, ""3"": 1, ""4"": 1, ""5"": 1, ""6"": 1, ""7"": 1, ""8"": 1, ""9"": 1}, ""heuristic"": ""LST"", ""strategy"": ""Fixed""}",arena_root,best_as_adversary,2.129295751951306,10,3.2485056821020506,13.248505682102051
909001,1000042,75,4460494,controller,4000,-14.022615432739258,"[0.1368875652551651, 0.14884771406650543, 0.2144450545310974, 0.21480178833007812, 0.042038511484861374, 0.04179617390036583, 0.07090989500284195, 0.07004314661026001, 0.006203391123563051, 0.005980995949357748, 0.0036667243111878633, 0.003693582257255912, 0.003923588898032904, 0.003858096431940794, 0.0067846504971385, 0.006769667845219374, 0.0027847096789628267, 0.0027839518152177334, 0.0024358308874070644, 0.0026513224001973867, 0.001956126419827342, 0.0023371968418359756, 0.00232424377463758, 0.002075961558148265]","[0.122355015873861, 0.13304542588252372, 0.19167868171454217, 0.1919975431798306, 0.03757552945335639, 0.03735891942787661, 0.06338180763543948, 0.06260707683256983, 0.01, 0.01, 0.01, 0.01, 0.01, 0.01, 0.01, 0.01, 0.01, 0.01, 0.01, 0.01, 0.01, 0.01, 0.01, 0.01]","[true, true, true, true, true, true, true, true, true, true, true, true, true, true, true, true, true, true, true, true, true, true, true, true]",-15.441015673516844,"[0.1765625, 0.1765625, 0.1765625, 0.1765625, 0.0585, 0.0585, 0.0585, 0.0585, 0.0075, 0.0075, 0.0075, 0.0075, 0.0036875, 0.0036875, 0.0036875, 0.0036875, 0.002, 0.002, 0.002, 0.002, 0.00175, 0.00175, 0.00175, 0.00175]",0,0.1765625,0.1368875652551651,"ControllerAction(token_budget=522, selected_request_ids=[0, 1, 2, 3, 4, 5, 6, 7, 8, 9, 10], token_allocations={0: 1, 1: 1, 2: 1, 3: 1, 4: 1, 5: 1, 6: 1, 7: 1, 8: 1, 9: 1, 10: 512}, prefill_allocations={10: 512}, decode_allocations={0: 1, 1: 1, 2: 1, 3: 1, 4: 1, 5: 1, 6: 1, 7: 1, 8: 1, 9: 1}, heuristic='SJF', strategy='Fixed', mapping=None)","{""type"": ""controller"", ""token_budget"": 522, ""selected_request_ids"": [0, 1, 2, 3, 4, 5, 6, 7, 8, 9, 10], ""token_allocations"": {""0"": 1, ""1"": 1, ""2"": 1, ""3"": 1, ""4"": 1, ""5"": 1, ""6"": 1, ""7"": 1, ""8"": 1, ""9"": 1, ""10"": 512}, ""prefill_allocations"": {""10"": 512}, ""decode_allocations"": {""0"": 1, ""1"": 1, ""2"": 1, ""3"": 1, ""4"": 1, ""5"": 1, ""6"": 1, ""7"": 1, ""8"": 1, ""9"": 1}, ""heuristic"": ""SJF"", ""strategy"": ""Fixed""}",arena_root,best_as_adversary,2.1551549023415673,10,3.2485056821020506,13.248505682102051
909001,1000044,77,4513887,controller,4000,-13.984968185424805,"[0.14245793223381042, 0.15301482379436493, 0.22059816122055054, 0.22205577790737152, 0.03941316902637482, 0.03850005567073822, 0.06396680325269699, 0.06454002857208252, 0.005815181881189346, 0.005514071322977543, 0.0032916872296482325, 0.0033676286693662405, 0.0036449627950787544, 0.0035699387080967426, 0.006308722775429487, 0.00632863724604249, 0.0024954224936664104, 0.002502699848264456, 0.002195686800405383, 0.0024748838040977716, 0.0017633832758292556, 0.0020987456664443016, 0.0021271638106554747, 0.001954473787918687]","[0.12669003716736746, 0.1360784437180354, 0.19618134845741844, 0.19747762946707145, 0.035050739334331574, 0.034238693538427734, 0.056886665098165035, 0.0573964432191828, 0.01, 0.01, 0.01, 0.01, 0.01, 0.01, 0.01, 0.01, 0.01, 0.01, 0.01, 0.01, 0.01, 0.01, 0.01, 0.01]","[true, true, true, true, true, true, true, true, true, true, true, true, true, true, true, true, true, true, true, true, true, true, true, true]",-15.474522312974639,"[0.127625, 0.127625, 0.21825, 0.21825, 0.035875, 0.035875, 0.0895, 0.0895, 0.006875, 0.006875, 0.007125, 0.007125, 0.0035, 0.0035, 0.003625, 0.003625, 0.002125, 0.002125, 0.002125, 0.002125, 0.00175, 0.00175, 0.001625, 0.001625]",2,0.21825,0.22059816122055054,"ControllerAction(token_budget=522, selected_request_ids=[0, 1, 2, 3, 4, 5, 6, 7, 8, 9, 11], token_allocations={0: 1, 1: 1, 2: 1, 3: 1, 4: 1, 5: 1, 6: 1, 7: 1, 8: 1, 9: 1, 11: 512}, prefill_allocations={11: 512}, decode_allocations={0: 1, 1: 1, 2: 1, 3: 1, 4: 1, 5: 1, 6: 1, 7: 1, 8: 1, 9: 1}, heuristic='LST', strategy='Fixed', mapping=None)","{""type"": ""controller"", ""token_budget"": 522, ""selected_request_ids"": [0, 1, 2, 3, 4, 5, 6, 7, 8, 9, 11], ""token_allocations"": {""0"": 1, ""1"": 1, ""2"": 1, ""3"": 1, ""4"": 1, ""5"": 1, ""6"": 1, ""7"": 1, ""8"": 1, ""9"": 1, ""11"": 512}, ""prefill_allocations"": {""11"": 512}, ""decode_allocations"": {""0"": 1, ""1"": 1, ""2"": 1, ""3"": 1, ""4"": 1, ""5"": 1, ""6"": 1, ""7"": 1, ""8"": 1, ""9"": 1}, ""heuristic"": ""LST"", ""strategy"": ""Fixed""}",arena_root,best_as_adversary,2.1813543504598285,10,3.2485056821020506,13.248505682102051
909001,1000046,79,4568070,controller,4000,-14.328042030334473,"[0.1462448239326477, 0.15678264200687408, 0.22574849426746368, 0.228190079331398, 0.03540350869297981, 0.0349244698882103, 0.05707716941833496, 0.05757914111018181, 0.006017143838107586, 0.0057697659358382225, 0.003462579334154725, 0.0035369102843105793, 0.0038338936865329742, 0.0037714361678808928, 0.006581824738532305, 0.006540428847074509, 0.0026380415074527264, 0.002623161068186164, 0.0023145307786762714, 0.0025897116865962744, 0.001887564081698656, 0.0022057276219129562, 0.002255447907373309, 0.002021506428718567]","[0.130416273944864, 0.13981354990850683, 0.20131500506701785, 0.20349232948777407, 0.031571672515667656, 0.031144481629090958, 0.05089952288695829, 0.0513471645601201, 0.01, 0.01, 0.01, 0.01, 0.01, 0.01, 0.01, 0.01, 0.01, 0.01, 0.01, 0.01, 0.01, 0.01, 0.01, 0.01]","[true, true, true, true, true, true, true, true, true, true, true, true, true, true, true, true, true, true, true, true, true, true, true, true]",-15.521840264651749,"[0.136375, 0.136375, 0.222875, 0.222875, 0.032625, 0.032625, 0.077125, 0.077125, 0.006625, 0.006625, 0.008625, 0.008625, 0.003875, 0.003875, 0.003875, 0.003875, 0.00225, 0.00225, 0.00225, 0.00225, 0.00175, 0.00175, 0.00175, 0.00175]",2,0.222875,0.22574849426746368,"ControllerAction(token_budget=522, selected_request_ids=[0, 1, 2, 3, 4, 5, 6, 7, 8, 9, 12], token_allocations={0: 1, 1: 1, 2: 1, 3: 1, 4: 1, 5: 1, 6: 1, 7: 1, 8: 1, 9: 1, 12: 512}, prefill_allocations={12: 512}, decode_allocations={0: 1, 1: 1, 2: 1, 3: 1, 4: 1, 5: 1, 6: 1, 7: 1, 8: 1, 9: 1}, heuristic='LST', strategy='Fixed', mapping=None)","{""type"": ""controller"", ""token_budget"": 522, ""selected_request_ids"": [0, 1, 2, 3, 4, 5, 6, 7, 8, 9, 12], ""token_allocations"": {""0"": 1, ""1"": 1, ""2"": 1, ""3"": 1, ""4"": 1, ""5"": 1, ""6"": 1, ""7"": 1, ""8"": 1, ""9"": 1, ""12"": 512}, ""prefill_allocations"": {""12"": 512}, ""decode_allocations"": {""0"": 1, ""1"": 1, ""2"": 1, ""3"": 1, ""4"": 1, ""5"": 1, ""6"": 1, ""7"": 1, ""8"": 1, ""9"": 1}, ""heuristic"": ""LST"", ""strategy"": ""Fixed""}",arena_root,best_as_adversary,2.2075537985780898,10,3.2485056821020506,13.248505682102051
909001,1000048,81,4621465,controller,4000,-14.684516906738281,"[0.1497068703174591, 0.16018790006637573, 0.2303643375635147, 0.2338293194770813, 0.0317116305232048, 0.03159114718437195, 0.05078522861003876, 0.051223400980234146, 0.006208470556885004, 0.006020209286361933, 0.0036320178769528866, 0.0037041741888970137, 0.004021190106868744, 0.0039730132557451725, 0.006847289390861988, 0.006740151438862085, 0.0027809073217213154, 0.0027416290249675512, 0.002432894427329302, 0.0027021877467632294, 0.00201476295478642, 0.002311592223122716, 0.002384691499173641, 0.002084912732243538]","[0.13386607748748738, 0.14323808785375783, 0.20598901170826747, 0.20908735673645923, 0.028356157468738638, 0.028248422720574113, 0.04541153878853324, 0.045803347236182096, 0.01, 0.01, 0.01, 0.01, 0.01, 0.01, 0.01, 0.01, 0.01, 0.01, 0.01, 0.01, 0.01, 0.01, 0.01, 0.01]","[true, true, true, true, true, true, true, true, true, true, true, true, true, true, true, true, true, true, true, true, true, true, true, true]",-15.545536092279903,"[0.14425, 0.14425, 0.229875, 0.229875, 0.0305, 0.0305, 0.068125, 0.068125, 0.00575, 0.00575, 0.008, 0.008, 0.003125, 0.003125, 0.00375, 0.00375, 0.001875, 0.001875, 0.001875, 0.001875, 0.0015, 0.0015, 0.001375, 0.001375]",2,0.229875,0.2303643375635147,"ControllerAction(token_budget=522, selected_request_ids=[0, 1, 2, 3, 4, 5, 6, 7, 8, 9, 13], token_allocations={0: 1, 1: 1, 2: 1, 3: 1, 4: 1, 5: 1, 6: 1, 7: 1, 8: 1, 9: 1, 13: 512}, prefill_allocations={13: 512}, decode_allocations={0: 1, 1: 1, 2: 1, 3: 1, 4: 1, 5: 1, 6: 1, 7: 1, 8: 1, 9: 1}, heuristic='LST', strategy='Fixed', mapping=None)","{""type"": ""controller"", ""token_budget"": 522, ""selected_request_ids"": [0, 1, 2, 3, 4, 5, 6, 7, 8, 9, 13], ""token_allocations"": {""0"": 1, ""1"": 1, ""2"": 1, ""3"": 1, ""4"": 1, ""5"": 1, ""6"": 1, ""7"": 1, ""8"": 1, ""9"": 1, ""13"": 512}, ""prefill_allocations"": {""13"": 512}, ""decode_allocations"": {""0"": 1, ""1"": 1, ""2"": 1, ""3"": 1, ""4"": 1, ""5"": 1, ""6"": 1, ""7"": 1, ""8"": 1, ""9"": 1}, ""heuristic"": ""LST"", ""strategy"": ""Fixed""}",arena_root,best_as_adversary,2.233753246696351,10,3.2485056821020506,13.248505682102051
909001,1000050,83,4671173,controller,4000,-15.05276107788086,"[0.15285268425941467, 0.1632419377565384, 0.23446378111839294, 0.2389853596687317, 0.02833094261586666, 0.02850174531340599, 0.04506949707865715, 0.0454508438706398, 0.006389240734279156, 0.006265201605856419, 0.0037998510524630547, 0.0038692685775458813, 0.004206675570458174, 0.004174490459263325, 0.007104950957000256, 0.006927925627678633, 0.0029238949064165354, 0.0028580003418028355, 0.0025506664533168077, 0.0028122225776314735, 0.0021449471823871136, 0.0024162449408322573, 0.002514788880944252, 0.0021447211038321257]","[0.13704418236660662, 0.14635894682632877, 0.21021480475554077, 0.21426874753345046, 0.025400868066388284, 0.02555400581561199, 0.04040826896004152, 0.040750175676031515, 0.01, 0.01, 0.01, 0.01, 0.01, 0.01, 0.01, 0.01, 0.01, 0.01, 0.01, 0.01, 0.01, 0.01, 0.01, 0.01]","[true, true, true, true, true, true, true, true, true, true, true, true, true, true, true, true, true, true, true, true, true, true, true, true]",-15.57471684033076,"[0.154, 0.154, 0.231625, 0.231625, 0.028, 0.028, 0.062875, 0.062875, 0.005375, 0.005375, 0.007625, 0.007625, 0.002875, 0.002875, 0.00375, 0.00375, 0.00175, 0.00175, 0.001875, 0.001875, 0.000125, 0.000125, 0.000125, 0.000125]",2,0.231625,0.23446378111839294,"ControllerAction(token_budget=522, selected_request_ids=[0, 1, 2, 3, 4, 5, 6, 7, 8, 9, 14], token_allocations={0: 1, 1: 1, 2: 1, 3: 1, 4: 1, 5: 1, 6: 1, 7: 1, 8: 1, 9: 1, 14: 512}, prefill_allocations={14: 512}, decode_allocations={0: 1, 1: 1, 2: 1, 3: 1, 4: 1, 5: 1, 6: 1, 7: 1, 8: 1, 9: 1}, heuristic='LST', strategy='Fixed', mapping=None)","{""type"": ""controller"", ""token_budget"": 522, ""selected_request_ids"": [0, 1, 2, 3, 4, 5, 6, 7, 8, 9, 14], ""token_allocations"": {""0"": 1, ""1"": 1, ""2"": 1, ""3"": 1, ""4"": 1, ""5"": 1, ""6"": 1, ""7"": 1, ""8"": 1, ""9"": 1, ""14"": 512}, ""prefill_allocations"": {""14"": 512}, ""decode_allocations"": {""0"": 1, ""1"": 1, ""2"": 1, ""3"": 1, ""4"": 1, ""5"": 1, ""6"": 1, ""7"": 1, ""8"": 1, ""9"": 1}, ""heuristic"": ""LST"", ""strategy"": ""Fixed""}",arena_root,best_as_adversary,2.2599526948146123,10,3.2485056821020506,13.248505682102051
909001,1000052,85,4717455,controller,4000,-15.430778503417969,"[0.15569478273391724, 0.1659599095582962, 0.23807060718536377, 0.24367620050907135, 0.02525067701935768, 0.02565351128578186, 0.03990224376320839, 0.04023323580622673, 0.006559689529240131, 0.006504712626338005, 0.003966016229242086, 0.004032142460346222, 0.004390289541333914, 0.004375793039798737, 0.0073548369109630585, 0.007104056421667337, 0.003066946752369404, 0.0029722508043050766, 0.0026678016874939203, 0.002919800579547882, 0.0022781300358474255, 0.002519650384783745, 0.0026457004714757204, 0.00220101629383862]","[0.13995917773596372, 0.14918683896177876, 0.2140095245305, 0.21904857733966912, 0.022698666781567244, 0.023060787796174088, 0.035869443592486165, 0.03616698326186072, 0.01, 0.01, 0.01, 0.01, 0.01, 0.01, 0.01, 0.01, 0.01, 0.01, 0.01, 0.01, 0.01, 0.01, 0.01, 0.01]","[true, true, true, true, true, true, true, true, true, true, true, true, true, true, true, true, true, true, true, true, true, true, true, true]",-15.595254783183893,"[0.16975, 0.16975, 0.232875, 0.232875, 0.0265, 0.0265, 0.052375, 0.052375, 0.00475, 0.00475, 0.006625, 0.006625, 0.003125, 0.003125, 0.0035, 0.0035, 0.000125, 0.000125, 0.000125, 0.000125, 0.000125, 0.000125, 0.000125, 0.000125]",2,0.232875,0.23807060718536377,"ControllerAction(token_budget=522, selected_request_ids=[0, 1, 2, 3, 4, 5, 6, 7, 8, 9, 15], token_allocations={0: 1, 1: 1, 2: 1, 3: 1, 4: 1, 5: 1, 6: 1, 7: 1, 8: 1, 9: 1, 15: 512}, prefill_allocations={15: 512}, decode_allocations={0: 1, 1: 1, 2: 1, 3: 1, 4: 1, 5: 1, 6: 1, 7: 1, 8: 1, 9: 1}, heuristic='LST', strategy='Fixed', mapping=None)","{""type"": ""controller"", ""token_budget"": 522, ""selected_request_ids"": [0, 1, 2, 3, 4, 5, 6, 7, 8, 9, 15], ""token_allocations"": {""0"": 1, ""1"": 1, ""2"": 1, ""3"": 1, ""4"": 1, ""5"": 1, ""6"": 1, ""7"": 1, ""8"": 1, ""9"": 1, ""15"": 512}, ""prefill_allocations"": {""15"": 512}, ""decode_allocations"": {""0"": 1, ""1"": 1, ""2"": 1, ""3"": 1, ""4"": 1, ""5"": 1, ""6"": 1, ""7"": 1, ""8"": 1, ""9"": 1}, ""heuristic"": ""LST"", ""strategy"": ""Fixed""}",arena_root,best_as_adversary,2.2861521429328735,10,3.2485056821020506,13.248505682102051
909001,1000054,87,4762299,controller,4000,-15.154172897338867,"[0.1615826040506363, 0.17258590459823608, 0.24363073706626892, 0.24670083820819855, 0.02157341130077839, 0.022188162431120872, 0.03510716184973717, 0.03472753241658211, 0.006180447526276112, 0.006236932706087828, 0.0036696651950478554, 0.0038978776428848505, 0.004147014580667019, 0.004169793333858252, 0.006779341492801905, 0.006808763835579157, 0.0029123998247087, 0.002898165490478277, 0.0025278490502387285, 0.0026895138435065746, 0.0021103553008288145, 0.002301366999745369, 0.00251483335159719, 0.0020592957735061646]","[0.14468597721813106, 0.15453866712685027, 0.2181543705147872, 0.2209034324357065, 0.01931748850268329, 0.019867955358704992, 0.03143602029085079, 0.031096088552285718, 0.01, 0.01, 0.01, 0.01, 0.01, 0.01, 0.01, 0.01, 0.01, 0.01, 0.01, 0.01, 0.01, 0.01, 0.01, 0.01]","[true, true, true, true, true, true, true, true, true, true, true, true, true, true, true, true, true, true, true, true, true, true, true, true]",-15.645640463362238,"[0.2160625, 0.2160625, 0.2160625, 0.2160625, 0.0284375, 0.0284375, 0.0284375, 0.0284375, 0.00475, 0.00475, 0.00475, 0.00475, 0.00025, 0.00025, 0.00025, 0.00025, 0.00025, 0.00025, 0.00025, 0.00025, 0.00025, 0.00025, 0.00025, 0.00025]",0,0.2160625,0.1615826040506363,"ControllerAction(token_budget=522, selected_request_ids=[0, 1, 2, 3, 4, 5, 6, 7, 8, 9, 10], token_allocations={0: 1, 1: 1, 2: 1, 3: 1, 4: 1, 5: 1, 6: 1, 7: 1, 8: 1, 9: 1, 10: 512}, prefill_allocations={10: 512}, decode_allocations={0: 1, 1: 1, 2: 1, 3: 1, 4: 1, 5: 1, 6: 1, 7: 1, 8: 1, 9: 1}, heuristic='SJF', strategy='Fixed', mapping=None)","{""type"": ""controller"", ""token_budget"": 522, ""selected_request_ids"": [0, 1, 2, 3, 4, 5, 6, 7, 8, 9, 10], ""token_allocations"": {""0"": 1, ""1"": 1, ""2"": 1, ""3"": 1, ""4"": 1, ""5"": 1, ""6"": 1, ""7"": 1, ""8"": 1, ""9"": 1, ""10"": 512}, ""prefill_allocations"": {""10"": 512}, ""decode_allocations"": {""0"": 1, ""1"": 1, ""2"": 1, ""3"": 1, ""4"": 1, ""5"": 1, ""6"": 1, ""7"": 1, ""8"": 1, ""9"": 1}, ""heuristic"": ""SJF"", ""strategy"": ""Fixed""}",arena_root,best_as_adversary,2.3123515910511347,10,3.2485056821020506,13.248505682102051
909001,1000056,89,4804625,controller,4000,-15.110377311706543,"[0.16609811782836914, 0.17525900900363922, 0.24755065143108368, 0.2519422769546509, 0.019934341311454773, 0.020145896822214127, 0.031204525381326675, 0.03152861073613167, 0.00572541868314147, 0.005684324540197849, 0.0032570220064371824, 0.003513525240123272, 0.0038090466987341642, 0.0038146304432302713, 0.0062322155572474, 0.006291037891060114, 0.0025807288475334644, 0.002575634280219674, 0.0022528974805027246, 0.0024820188991725445, 0.0018817739328369498, 0.0020435184706002474, 0.002276323502883315, 0.0019163978286087513]","[0.14785188725005335, 0.15600643509722167, 0.22035668725569696, 0.22426588339978484, 0.01774451163276153, 0.017932827321902815, 0.027776642075731817, 0.02806512596684691, 0.01, 0.01, 0.01, 0.01, 0.01, 0.01, 0.01, 0.01, 0.01, 0.01, 0.01, 0.01, 0.01, 0.01, 0.01, 0.01]","[true, true, true, true, true, true, true, true, true, true, true, true, true, true, true, true, true, true, true, true, true, true, true, true]",-15.664163976310972,"[0.167, 0.167, 0.28, 0.28, 0.0005, 0.0005, 0.0505, 0.0505, 0.00025, 0.00025, 0.00025, 0.00025, 0.00025, 0.00025, 0.00025, 0.00025, 0.00025, 0.00025, 0.00025, 0.00025, 0.00025, 0.00025, 0.00025, 0.00025]",2,0.28,0.24755065143108368,"ControllerAction(token_budget=522, selected_request_ids=[0, 1, 2, 3, 4, 5, 6, 7, 8, 9, 11], token_allocations={0: 1, 1: 1, 2: 1, 3: 1, 4: 1, 5: 1, 6: 1, 7: 1, 8: 1, 9: 1, 11: 512}, prefill_allocations={11: 512}, decode_allocations={0: 1, 1: 1, 2: 1, 3: 1, 4: 1, 5: 1, 6: 1, 7: 1, 8: 1, 9: 1}, heuristic='LST', strategy='Fixed', mapping=None)","{""type"": ""controller"", ""token_budget"": 522, ""selected_request_ids"": [0, 1, 2, 3, 4, 5, 6, 7, 8, 9, 11], ""token_allocations"": {""0"": 1, ""1"": 1, ""2"": 1, ""3"": 1, ""4"": 1, ""5"": 1, ""6"": 1, ""7"": 1, ""8"": 1, ""9"": 1, ""11"": 512}, ""prefill_allocations"": {""11"": 512}, ""decode_allocations"": {""0"": 1, ""1"": 1, ""2"": 1, ""3"": 1, ""4"": 1, ""5"": 1, ""6"": 1, ""7"": 1, ""8"": 1, ""9"": 1}, ""heuristic"": ""LST"", ""strategy"": ""Fixed""}",arena_root,best_as_adversary,2.339049196737396,10,3.2485056821020506,13.248505682102051
909001,1000058,91,4846637,controller,4000,-15.492618560791016,"[0.16826798021793365, 0.1772245615720749, 0.24999365210533142, 0.25552767515182495, 0.017631584778428078, 0.017996620386838913, 0.02740909904241562, 0.027688775211572647, 0.005849012639373541, 0.005874477326869965, 0.0033841587137430906, 0.0036448300816118717, 0.003957582172006369, 0.00398055836558342, 0.006422200705856085, 0.006419852375984192, 0.0026952705811709166, 0.0026663043536245823, 0.0023458332289010286, 0.0025652898475527763, 0.0019905809313058853, 0.0021217530593276024, 0.0023848835844546556, 0.001957415835931897]","[0.15008931458545238, 0.1580782804881205, 0.2229858339453954, 0.22792199425867993, 0.01572677387000291, 0.016052373215729332, 0.024447984003569196, 0.024697445633050322, 0.01, 0.01, 0.01, 0.01, 0.01, 0.01, 0.01, 0.01, 0.01, 0.01, 0.01, 0.01, 0.01, 0.01, 0.01, 0.01]","[true, true, true, true, true, true, true, true, true, true, true, true, true, true, true, true, true, true, true, true, true, true, true, true]",-21.076790439994376,"[0.167375, 0.167375, 0.2905, 0.2905, 0.008875, 0.008875, 0.019625, 0.019625, 0.0025, 0.0025, 0.003625, 0.003625, 0.001625, 0.001625, 0.001875, 0.001875, 0.001125, 0.001125, 0.001125, 0.001125, 0.00075, 0.00075, 0.001, 0.001]",2,0.2905,0.24999365210533142,"ControllerAction(token_budget=522, selected_request_ids=[0, 1, 2, 3, 4, 5, 6, 7, 8, 9, 12], token_allocations={0: 1, 1: 1, 2: 1, 3: 1, 4: 1, 5: 1, 6: 1, 7: 1, 8: 1, 9: 1, 12: 512}, prefill_allocations={12: 512}, decode_allocations={0: 1, 1: 1, 2: 1, 3: 1, 4: 1, 5: 1, 6: 1, 7: 1, 8: 1, 9: 1}, heuristic='LST', strategy='Fixed', mapping=None)","{""type"": ""controller"", ""token_budget"": 522, ""selected_request_ids"": [0, 1, 2, 3, 4, 5, 6, 7, 8, 9, 12], ""token_allocations"": {""0"": 1, ""1"": 1, ""2"": 1, ""3"": 1, ""4"": 1, ""5"": 1, ""6"": 1, ""7"": 1, ""8"": 1, ""9"": 1, ""12"": 512}, ""prefill_allocations"": {""12"": 512}, ""decode_allocations"": {""0"": 1, ""1"": 1, ""2"": 1, ""3"": 1, ""4"": 1, ""5"": 1, ""6"": 1, ""7"": 1, ""8"": 1, ""9"": 1}, ""heuristic"": ""LST"", ""strategy"": ""Fixed""}",arena_root,best_as_adversary,2.365746802423657,10,3.2485056821020506,13.248505682102051
909001,1000060,93,4885673,controller,4000,-17.46634292602539,"[0.1773015260696411, 0.19048625230789185, 0.2712816596031189, 0.2604052424430847, 0.010141933336853981, 0.010839298367500305, 0.01847238652408123, 0.017648685723543167, 0.004303887020796537, 0.0042820037342607975, 0.0027253814041614532, 0.002829968696460128, 0.002901212777942419, 0.002906117122620344, 0.004809494595974684, 0.004789396654814482, 0.0019274081569164991, 0.0020920520182698965, 0.001635715365409851, 0.001965048024430871, 0.0015057165874168277, 0.0016030173283070326, 0.0017266847426071763, 0.001419909531250596]","[0.15539537344198984, 0.16695108592197505, 0.23776397043210604, 0.22823136829516497, 0.01, 0.01, 0.016190065962246085, 0.01546813594651795, 0.01, 0.01, 0.01, 0.01, 0.01, 0.01, 0.01, 0.01, 0.01, 0.01, 0.01, 0.01, 0.01, 0.01, 0.01, 0.01]","[true, true, true, true, true, true, true, true, true, true, true, true, true, true, true, true, true, true, true, true, true, true, true, true]",-21.216113542829103,"[0.17175, 0.17175, 0.291625, 0.291625, 0.0065, 0.0065, 0.015, 0.015, 0.002625, 0.002625, 0.003875, 0.003875, 0.001875, 0.001875, 0.002125, 0.002125, 0.00125, 0.00125, 0.001375, 0.001375, 0.000875, 0.000875, 0.001125, 0.001125]",2,0.291625,0.2712816596031189,"ControllerAction(token_budget=522, selected_request_ids=[0, 1, 2, 3, 4, 5, 6, 7, 8, 9, 13], token_allocations={0: 1, 1: 1, 2: 1, 3: 1, 4: 1, 5: 1, 6: 1, 7: 1, 8: 1, 9: 1, 13: 512}, prefill_allocations={13: 512}, decode_allocations={0: 1, 1: 1, 2: 1, 3: 1, 4: 1, 5: 1, 6: 1, 7: 1, 8: 1, 9: 1}, heuristic='LST', strategy='Fixed', mapping=None)","{""type"": ""controller"", ""token_budget"": 522, ""selected_request_ids"": [0, 1, 2, 3, 4, 5, 6, 7, 8, 9, 13], ""token_allocations"": {""0"": 1, ""1"": 1, ""2"": 1, ""3"": 1, ""4"": 1, ""5"": 1, ""6"": 1, ""7"": 1, ""8"": 1, ""9"": 1, ""13"": 512}, ""prefill_allocations"": {""13"": 512}, ""decode_allocations"": {""0"": 1, ""1"": 1, ""2"": 1, ""3"": 1, ""4"": 1, ""5"": 1, ""6"": 1, ""7"": 1, ""8"": 1, ""9"": 1}, ""heuristic"": ""LST"", ""strategy"": ""Fixed""}",arena_root,best_as_adversary,2.392444408109918,16,3.278491359463343,19.27849135946334
909001,1000062,95,4924060,controller,4000,-17.854188919067383,"[0.1786179095506668, 0.1915503293275833, 0.2724338173866272, 0.26264089345932007, 0.008920437656342983, 0.009629004634916782, 0.016135258600115776, 0.015412993729114532, 0.004372319672256708, 0.004400612786412239, 0.0028160028159618378, 0.0029193852096796036, 0.0029975667130202055, 0.0030156481079757214, 0.00492852134630084, 0.004860260058194399, 0.002001747954636812, 0.0021536434069275856, 0.0016937098698690534, 0.002019669394940138, 0.001583913224749267, 0.0016551221488043666, 0.0017989609623327851, 0.0014422264648601413]","[0.15634933965060163, 0.16766945473475964, 0.23846907375662285, 0.22989704873889233, 0.01, 0.01, 0.014123651058093878, 0.01349143206102943, 0.01, 0.01, 0.01, 0.01, 0.01, 0.01, 0.01, 0.01, 0.01, 0.01, 0.01, 0.01, 0.01, 0.01, 0.01, 0.01]","[true, true, true, true, true, true, true, true, true, true, true, true, true, true, true, true, true, true, true, true, true, true, true, true]",-21.17886306248356,"[0.107625, 0.107625, 0.361375, 0.361375, 0.00525, 0.00525, 0.008, 0.008, 0.003, 0.003, 0.003625, 0.003625, 0.00225, 0.00225, 0.0025, 0.0025, 0.00175, 0.00175, 0.00175, 0.00175, 0.001375, 0.001375, 0.0015, 0.0015]",2,0.361375,0.2724338173866272,"ControllerAction(token_budget=522, selected_request_ids=[0, 1, 2, 3, 4, 5, 6, 7, 8, 9, 14], token_allocations={0: 1, 1: 1, 2: 1, 3: 1, 4: 1, 5: 1, 6: 1, 7: 1, 8: 1, 9: 1, 14: 512}, prefill_allocations={14: 512}, decode_allocations={0: 1, 1: 1, 2: 1, 3: 1, 4: 1, 5: 1, 6: 1, 7: 1, 8: 1, 9: 1}, heuristic='LST', strategy='Fixed', mapping=None)","{""type"": ""controller"", ""token_budget"": 522, ""selected_request_ids"": [0, 1, 2, 3, 4, 5, 6, 7, 8, 9, 14], ""token_allocations"": {""0"": 1, ""1"": 1, ""2"": 1, ""3"": 1, ""4"": 1, ""5"": 1, ""6"": 1, ""7"": 1, ""8"": 1, ""9"": 1, ""14"": 512}, ""prefill_allocations"": {""14"": 512}, ""decode_allocations"": {""0"": 1, ""1"": 1, ""2"": 1, ""3"": 1, ""4"": 1, ""5"": 1, ""6"": 1, ""7"": 1, ""8"": 1, ""9"": 1}, ""heuristic"": ""LST"", ""strategy"": ""Fixed""}",arena_root,best_as_adversary,2.419142013796179,16,3.4386769935809096,19.43867699358091
909001,1000064,97,4965120,controller,4000,-18.233699798583984,"[0.17977510392665863, 0.19243958592414856, 0.2733340263366699, 0.264646977186203, 0.007838685996830463, 0.008545815013349056, 0.014080589637160301, 0.013447871431708336, 0.004437672905623913, 0.004518261644989252, 0.0029069045558571815, 0.0030087982304394245, 0.003094214014708996, 0.0031263658311218023, 0.005045751575380564, 0.004927536938339472, 0.002077003475278616, 0.002214964246377349, 0.0017521149711683393, 0.0020738583989441395, 0.0016646067379042506, 0.0017073173075914383, 0.0018725031986832619, 0.0014635196421295404]","[0.15720570332060452, 0.1682802556702934, 0.23901901271734943, 0.23142255669173117, 0.01, 0.01, 0.012312878417145259, 0.011759593182876081, 0.01, 0.01, 0.01, 0.01, 0.01, 0.01, 0.01, 0.01, 0.01, 0.01, 0.01, 0.01, 0.01, 0.01, 0.01, 0.01]","[true, true, true, true, true, true, true, true, true, true, true, true, true, true, true, true, true, true, true, true, true, true, true, true]",-21.225636498726267,"[0.090125, 0.090125, 0.383, 0.383, 0.004375, 0.004375, 0.005875, 0.005875, 0.002875, 0.002875, 0.003125, 0.003125, 0.002125, 0.002125, 0.002375, 0.002375, 0.001625, 0.001625, 0.001625, 0.001625, 0.001375, 0.001375, 0.0015, 0.0015]",2,0.383,0.2733340263366699,"ControllerAction(token_budget=522, selected_request_ids=[0, 1, 2, 3, 4, 5, 6, 7, 8, 9, 15], token_allocations={0: 1, 1: 1, 2: 1, 3: 1, 4: 1, 5: 1, 6: 1, 7: 1, 8: 1, 9: 1, 15: 512}, prefill_allocations={15: 512}, decode_allocations={0: 1, 1: 1, 2: 1, 3: 1, 4: 1, 5: 1, 6: 1, 7: 1, 8: 1, 9: 1}, heuristic='LST', strategy='Fixed', mapping=None)","{""type"": ""controller"", ""token_budget"": 522, ""selected_request_ids"": [0, 1, 2, 3, 4, 5, 6, 7, 8, 9, 15], ""token_allocations"": {""0"": 1, ""1"": 1, ""2"": 1, ""3"": 1, ""4"": 1, ""5"": 1, ""6"": 1, ""7"": 1, ""8"": 1, ""9"": 1, ""15"": 512}, ""prefill_allocations"": {""15"": 512}, ""decode_allocations"": {""0"": 1, ""1"": 1, ""2"": 1, ""3"": 1, ""4"": 1, ""5"": 1, ""6"": 1, ""7"": 1, ""8"": 1, ""9"": 1}, ""heuristic"": ""LST"", ""strategy"": ""Fixed""}",arena_root,best_as_adversary,2.4458396194824403,16,3.5988626276984763,19.598862627698477
909001,1000066,99,5009139,controller,4000,-17.92070960998535,"[0.18367663025856018, 0.1970319151878357, 0.27537381649017334, 0.26380762457847595, 0.006578617263585329, 0.007261473685503006, 0.012166052125394344, 0.011398988775908947, 0.004118138458579779, 0.004268543794751167, 0.0026504090055823326, 0.0028660257812589407, 0.002880183281376958, 0.002935650059953332, 0.004582871682941914, 0.004652209579944611, 0.001943862298503518, 0.002128015272319317, 0.0016360011650249362, 0.001882327371276915, 0.0015202219365164638, 0.0015368956374004483, 0.0017544985748827457, 0.0013489843113347888]","[0.1596235251331578, 0.17122988821031004, 0.2393126401309522, 0.22926108200560535, 0.01, 0.01, 0.010572864519974426, 0.01, 0.01, 0.01, 0.01, 0.01, 0.01, 0.01, 0.01, 0.01, 0.01, 0.01, 0.01, 0.01, 0.01, 0.01, 0.01, 0.01]","[true, true, true, true, true, true, true, true, true, true, true, true, true, true, true, true, true, true, true, true, true, true, true, true]",-21.286489048914266,"[0.2383125, 0.2383125, 0.2383125, 0.2383125, 0.004, 0.004, 0.004, 0.004, 0.0026875, 0.0026875, 0.0026875, 0.0026875, 0.002125, 0.002125, 0.002125, 0.002125, 0.0015625, 0.0015625, 0.0015625, 0.0015625, 0.0013125, 0.0013125, 0.0013125, 0.0013125]",0,0.2383125,0.18367663025856018,"ControllerAction(token_budget=522, selected_request_ids=[0, 1, 2, 3, 4, 5, 6, 7, 8, 9, 10], token_allocations={0: 1, 1: 1, 2: 1, 3: 1, 4: 1, 5: 1, 6: 1, 7: 1, 8: 1, 9: 1, 10: 512}, prefill_allocations={10: 512}, decode_allocations={0: 1, 1: 1, 2: 1, 3: 1, 4: 1, 5: 1, 6: 1, 7: 1, 8: 1, 9: 1}, heuristic='SJF', strategy='Fixed', mapping=None)","{""type"": ""controller"", ""token_budget"": 522, ""selected_request_ids"": [0, 1, 2, 3, 4, 5, 6, 7, 8, 9, 10], ""token_allocations"": {""0"": 1, ""1"": 1, ""2"": 1, ""3"": 1, ""4"": 1, ""5"": 1, ""6"": 1, ""7"": 1, ""8"": 1, ""9"": 1, ""10"": 512}, ""prefill_allocations"": {""10"": 512}, ""decode_allocations"": {""0"": 1, ""1"": 1, ""2"": 1, ""3"": 1, ""4"": 1, ""5"": 1, ""6"": 1, ""7"": 1, ""8"": 1, ""9"": 1}, ""heuristic"": ""SJF"", ""strategy"": ""Fixed""}",arena_root,best_as_adversary,2.4725372251687014,16,3.759048261816043,19.759048261816044
909001,1000068,101,5055658,controller,4000,-17.84920310974121,"[0.1867908239364624, 0.19795916974544525, 0.2768124043941498, 0.2665643095970154, 0.006001992616802454, 0.006510492879897356, 0.010674483142793179, 0.01021566428244114, 0.003775747725740075, 0.003851598361507058, 0.0023291651159524918, 0.0025578495115041733, 0.0026194502133876085, 0.0026590859051793814, 0.004171334207057953, 0.0042548091150820255, 0.0017057511722669005, 0.0018723785178735852, 0.0014437104109674692, 0.0017199167050421238, 0.0013427581870928407, 0.0013514426536858082, 0.0015729214064776897, 0.0012427415931597352]","[0.16100458904346782, 0.17063115896470907, 0.23859880518956494, 0.229765446802258, 0.01, 0.01, 0.01, 0.01, 0.01, 0.01, 0.01, 0.01, 0.01, 0.01, 0.01, 0.01, 0.01, 0.01, 0.01, 0.01, 0.01, 0.01, 0.01, 0.01]","[true, true, true, true, true, true, true, true, true, true, true, true, true, true, true, true, true, true, true, true, true, true, true, true]",-21.456351017275903,"[0.126375, 0.126375, 0.350125, 0.350125, 0.004, 0.004, 0.004125, 0.004125, 0.00275, 0.00275, 0.00275, 0.00275, 0.002, 0.002, 0.002125, 0.002125, 0.0015, 0.0015, 0.001625, 0.001625, 0.00125, 0.00125, 0.001375, 0.001375]",2,0.350125,0.2768124043941498,"ControllerAction(token_budget=522, selected_request_ids=[0, 1, 2, 3, 4, 5, 6, 7, 8, 9, 11], token_allocations={0: 1, 1: 1, 2: 1, 3: 1, 4: 1, 5: 1, 6: 1, 7: 1, 8: 1, 9: 1, 11: 512}, prefill_allocations={11: 512}, decode_allocations={0: 1, 1: 1, 2: 1, 3: 1, 4: 1, 5: 1, 6: 1, 7: 1, 8: 1, 9: 1}, heuristic='LST', strategy='Fixed', mapping=None)","{""type"": ""controller"", ""token_budget"": 522, ""selected_request_ids"": [0, 1, 2, 3, 4, 5, 6, 7, 8, 9, 11], ""token_allocations"": {""0"": 1, ""1"": 1, ""2"": 1, ""3"": 1, ""4"": 1, ""5"": 1, ""6"": 1, ""7"": 1, ""8"": 1, ""9"": 1, ""11"": 512}, ""prefill_allocations"": {""11"": 512}, ""decode_allocations"": {""0"": 1, ""1"": 1, ""2"": 1, ""3"": 1, ""4"": 1, ""5"": 1, ""6"": 1, ""7"": 1, ""8"": 1, ""9"": 1}, ""heuristic"": ""LST"", ""strategy"": ""Fixed""}",arena_root,best_as_adversary,2.4996786242629625,16,3.9218966563816093,19.92189665638161
909001,1000070,103,5101078,controller,4000,-18.22271728515625,"[0.1876193732023239, 0.19848912954330444, 0.27716270089149475, 0.2680874764919281, 0.005253109149634838, 0.0057556647807359695, 0.009275834076106548, 0.008875411935150623, 0.003826012136414647, 0.003949468024075031, 0.0024014711380004883, 0.0026329485699534416, 0.0027007609605789185, 0.00275339069776237, 0.004265326075255871, 0.004307277966290712, 0.001768023706972599, 0.0019232272170484066, 0.00149174511898309, 0.001763894921168685, 0.0014100760454311967, 0.001392603968270123, 0.0016357706626877189, 0.0012593264691531658]","[0.16115756664345632, 0.17049425427875006, 0.23807171763565063, 0.23027646144214273, 0.01, 0.01, 0.01, 0.01, 0.01, 0.01, 0.01, 0.01, 0.01, 0.01, 0.01, 0.01, 0.01, 0.01, 0.01, 0.01, 0.01, 0.01, 0.01, 0.01]","[true, true, true, true, true, true, true, true, true, true, true, true, true, true, true, true, true, true, true, true, true, true, true, true]",-21.567386792790508,"[0.165625, 0.165625, 0.3125, 0.3125, 0.00375, 0.00375, 0.003875, 0.003875, 0.002375, 0.002375, 0.002625, 0.002625, 0.001875, 0.001875, 0.002, 0.002, 0.001375, 0.001375, 0.0015, 0.0015, 0.00125, 0.00125, 0.00125, 0.00125]",2,0.3125,0.27716270089149475,"ControllerAction(token_budget=522, selected_request_ids=[0, 1, 2, 3, 4, 5, 6, 7, 8, 9, 12], token_allocations={0: 1, 1: 1, 2: 1, 3: 1, 4: 1, 5: 1, 6: 1, 7: 1, 8: 1, 9: 1, 12: 512}, prefill_allocations={12: 512}, decode_allocations={0: 1, 1: 1, 2: 1, 3: 1, 4: 1, 5: 1, 6: 1, 7: 1, 8: 1, 9: 1}, heuristic='LST', strategy='Fixed', mapping=None)","{""type"": ""controller"", ""token_budget"": 522, ""selected_request_ids"": [0, 1, 2, 3, 4, 5, 6, 7, 8, 9, 12], ""token_allocations"": {""0"": 1, ""1"": 1, ""2"": 1, ""3"": 1, ""4"": 1, ""5"": 1, ""6"": 1, ""7"": 1, ""8"": 1, ""9"": 1, ""12"": 512}, ""prefill_allocations"": {""12"": 512}, ""decode_allocations"": {""0"": 1, ""1"": 1, ""2"": 1, ""3"": 1, ""4"": 1, ""5"": 1, ""6"": 1, ""7"": 1, ""8"": 1, ""9"": 1}, ""heuristic"": ""LST"", ""strategy"": ""Fixed""}",arena_root,best_as_adversary,2.5268200233572236,16,4.084745050947176,20.084745050947177
909001,1000072,105,5147288,controller,4000,-18.583301544189453,"[0.18834152817726135, 0.19890421628952026, 0.27735137939453125, 0.2694619596004486, 0.0045949798077344894, 0.005085381213575602, 0.008055740036070347, 0.007706489879637957, 0.003874685848131776, 0.004047459922730923, 0.002474575536325574, 0.002708669751882553, 0.002782971365377307, 0.002849374897778034, 0.0043588909320533276, 0.0043578497134149075, 0.0018315004417672753, 0.001974303973838687, 0.0015404794830828905, 0.0018079422879964113, 0.0014799056807532907, 0.00143418088555336, 0.001700139488093555, 0.0012753879418596625]","[0.16131016250427302, 0.17035686055520316, 0.23754504125509993, 0.23078793568542372, 0.01, 0.01, 0.01, 0.01, 0.01, 0.01, 0.01, 0.01, 0.01, 0.01, 0.01, 0.01, 0.01, 0.01, 0.01, 0.01, 0.01, 0.01, 0.01, 0.01]","[true, true, true, true, true, true, true, true, true, true, true, true, true, true, true, true, true, true, true, true, true, true, true, true]",-21.69022281256679,"[0.187125, 0.187125, 0.2915, 0.2915, 0.003625, 0.003625, 0.00375, 0.00375, 0.002375, 0.002375, 0.002625, 0.002625, 0.00175, 0.00175, 0.002, 0.002, 0.001375, 0.001375, 0.0015, 0.0015, 0.001125, 0.001125, 0.00125, 0.00125]",2,0.2915,0.27735137939453125,"ControllerAction(token_budget=522, selected_request_ids=[0, 1, 2, 3, 4, 5, 6, 7, 8, 9, 13], token_allocations={0: 1, 1: 1, 2: 1, 3: 1, 4: 1, 5: 1, 6: 1, 7: 1, 8: 1, 9: 1, 13: 512}, prefill_allocations={13: 512}, decode_allocations={0: 1, 1: 1, 2: 1, 3: 1, 4: 1, 5: 1, 6: 1, 7: 1, 8: 1, 9: 1}, heuristic='LST', strategy='Fixed', mapping=None)","{""type"": ""controller"", ""token_budget"": 522, ""selected_request_ids"": [0, 1, 2, 3, 4, 5, 6, 7, 8, 9, 13], ""token_allocations"": {""0"": 1, ""1"": 1, ""2"": 1, ""3"": 1, ""4"": 1, ""5"": 1, ""6"": 1, ""7"": 1, ""8"": 1, ""9"": 1, ""13"": 512}, ""prefill_allocations"": {""13"": 512}, ""decode_allocations"": {""0"": 1, ""1"": 1, ""2"": 1, ""3"": 1, ""4"": 1, ""5"": 1, ""6"": 1, ""7"": 1, ""8"": 1, ""9"": 1}, ""heuristic"": ""LST"", ""strategy"": ""Fixed""}",arena_root,best_as_adversary,2.5539614224514846,16,4.247593445512742,20.24759344551274
909001,1000074,107,5193978,controller,4000,-18.928770065307617,"[0.1889689862728119, 0.1992175132036209, 0.2773972153663635, 0.2707040011882782, 0.004017234779894352, 0.004490840248763561, 0.006992524489760399, 0.006688073743134737, 0.003921953495591879, 0.004145747981965542, 0.0025485907681286335, 0.0027851343620568514, 0.002866206457838416, 0.002947186352685094, 0.004452211316674948, 0.004406743682920933, 0.0018962777685374022, 0.0020256913267076015, 0.0015899848658591509, 0.001852134126238525, 0.0015523917973041534, 0.0014762382488697767, 0.0017661292804405093, 0.0012909891083836555]","[0.16146232235010133, 0.17021905535456924, 0.23701878011793284, 0.23129984217739644, 0.01, 0.01, 0.01, 0.01, 0.01, 0.01, 0.01, 0.01, 0.01, 0.01, 0.01, 0.01, 0.01, 0.01, 0.01, 0.01, 0.01, 0.01, 0.01, 0.01]","[true, true, true, true, true, true, true, true, true, true, true, true, true, true, true, true, true, true, true, true, true, true, true, true]",-21.828720069105724,"[0.18725, 0.18725, 0.291625, 0.291625, 0.003625, 0.003625, 0.003625, 0.003625, 0.002375, 0.002375, 0.0025, 0.0025, 0.00175, 0.00175, 0.002, 0.002, 0.001375, 0.001375, 0.0015, 0.0015, 0.001125, 0.001125, 0.00125, 0.00125]",2,0.291625,0.2773972153663635,"ControllerAction(token_budget=522, selected_request_ids=[0, 1, 2, 3, 4, 5, 6, 7, 8, 9, 14], token_allocations={0: 1, 1: 1, 2: 1, 3: 1, 4: 1, 5: 1, 6: 1, 7: 1, 8: 1, 9: 1, 14: 512}, prefill_allocations={14: 512}, decode_allocations={0: 1, 1: 1, 2: 1, 3: 1, 4: 1, 5: 1, 6: 1, 7: 1, 8: 1, 9: 1}, heuristic='LST', strategy='Fixed', mapping=None)","{""type"": ""controller"", ""token_budget"": 522, ""selected_request_ids"": [0, 1, 2, 3, 4, 5, 6, 7, 8, 9, 14], ""token_allocations"": {""0"": 1, ""1"": 1, ""2"": 1, ""3"": 1, ""4"": 1, ""5"": 1, ""6"": 1, ""7"": 1, ""8"": 1, ""9"": 1, ""14"": 512}, ""prefill_allocations"": {""14"": 512}, ""decode_allocations"": {""0"": 1, ""1"": 1, ""2"": 1, ""3"": 1, ""4"": 1, ""5"": 1, ""6"": 1, ""7"": 1, ""8"": 1, ""9"": 1}, ""heuristic"": ""LST"", ""strategy"": ""Fixed""}",arena_root,best_as_adversary,2.5811028215457457,16,4.410441840078309,20.41044184007831
909001,1000076,109,5240708,controller,4000,-19.25741195678711,"[0.18951240181922913, 0.19944067299365997, 0.2773168087005615, 0.2718280255794525, 0.003510533832013607, 0.003964004572480917, 0.00606687692925334, 0.0058015999384224415, 0.003967995289713144, 0.004244488663971424, 0.00262362789362669, 0.0028624532278627157, 0.002950589405372739, 0.003046969883143902, 0.004545462783426046, 0.004454160574823618, 0.001962454756721854, 0.002077472396194935, 0.001640336704440415, 0.0018965437775477767, 0.0016276887618005276, 0.0015188375255092978, 0.0018338473746553063, 0.00130618701223284]","[0.16161417692742008, 0.1700809018423331, 0.2364928487848045, 0.2318120724454423, 0.01, 0.01, 0.01, 0.01, 0.01, 0.01, 0.01, 0.01, 0.01, 0.01, 0.01, 0.01, 0.01, 0.01, 0.01, 0.01, 0.01, 0.01, 0.01, 0.01]","[true, true, true, true, true, true, true, true, true, true, true, true, true, true, true, true, true, true, true, true, true, true, true, true]",-21.96642150996484,"[0.18925, 0.18925, 0.29025, 0.29025, 0.003375, 0.003375, 0.003625, 0.003625, 0.002375, 0.002375, 0.0025, 0.0025, 0.00175, 0.00175, 0.001875, 0.001875, 0.001375, 0.001375, 0.001375, 0.001375, 0.001125, 0.001125, 0.001125, 0.001125]",2,0.29025,0.2773168087005615,"ControllerAction(token_budget=522, selected_request_ids=[0, 1, 2, 3, 4, 5, 6, 7, 8, 9, 15], token_allocations={0: 1, 1: 1, 2: 1, 3: 1, 4: 1, 5: 1, 6: 1, 7: 1, 8: 1, 9: 1, 15: 512}, prefill_allocations={15: 512}, decode_allocations={0: 1, 1: 1, 2: 1, 3: 1, 4: 1, 5: 1, 6: 1, 7: 1, 8: 1, 9: 1}, heuristic='LST', strategy='Fixed', mapping=None)","{""type"": ""controller"", ""token_budget"": 522, ""selected_request_ids"": [0, 1, 2, 3, 4, 5, 6, 7, 8, 9, 15], ""token_allocations"": {""0"": 1, ""1"": 1, ""2"": 1, ""3"": 1, ""4"": 1, ""5"": 1, ""6"": 1, ""7"": 1, ""8"": 1, ""9"": 1, ""15"": 512}, ""prefill_allocations"": {""15"": 512}, ""decode_allocations"": {""0"": 1, ""1"": 1, ""2"": 1, ""3"": 1, ""4"": 1, ""5"": 1, ""6"": 1, ""7"": 1, ""8"": 1, ""9"": 1}, ""heuristic"": ""LST"", ""strategy"": ""Fixed""}",arena_root,best_as_adversary,2.6082442206400067,16,4.573290234643875,20.573290234643874
909001,1000078,110,-1,,0,0.0,[],[],[],0.0,[],,0.0,0.0,,,arena_end,best_as_adversary,2.6353856197342678,16,4.736138629209441,20.736138629209442
