Batch Id,batch_num_tokens,batch_num_prefill_tokens,batch_num_decode_tokens,batch_size,batch_num_completed_prefills,batch_execution_time,kv_free_blocks_before,kv_free_blocks_after,batch_request_ids,replica
0,512,512,0,1,0,0.021144,30172,30172,0,0
1,512,512,0,1,0,0.021484,30140,30140,0,0
2,512,512,0,1,0,0.021982,30108,30108,0,0
3,512,512,0,1,0,0.022426,30076,30076,0,0
5,512,512,0,1,0,0.022905,30044,30044,0,0
7,512,512,0,1,0,0.023417,30012,30012,0,0
9,512,512,0,1,0,0.023840,29980,29980,0,0
11,512,512,0,1,0,0.024395,29948,29948,0,0
13,512,512,0,1,0,0.024858,29916,29916,0,0
16,512,512,0,1,0,0.025252,29884,29884,0,0
18,512,512,0,1,0,0.025757,29852,29852,0,0
20,512,512,0,1,0,0.026199,29820,29820,0,0
22,512,512,0,1,0,0.026519,29788,29788,0,0
24,512,512,0,1,0,0.027041,29756,29756,0,0
27,102,102,0,1,1,0.009571,29749,29749,0,0
29,1,0,1,1,0,0.007706,29749,29749,0,0
30,1,0,1,1,0,0.007706,29749,29749,0,0
33,1,0,1,1,0,0.007706,29749,29749,0,0
34,1,0,1,1,0,0.007706,29749,29749,0,0
35,1,0,1,1,0,0.007706,29749,29749,0,0
38,1,0,1,1,0,0.007706,29749,29749,0,0
39,1,0,1,1,0,0.007706,29749,29749,0,0
40,1,0,1,1,0,0.007706,29749,29749,0,0
42,1,0,1,1,0,0.007706,29749,29749,0,0
44,1,0,1,1,0,0.007706,29749,29749,0,0
45,1,0,1,1,0,0.007706,29749,29749,0,0
47,1,0,1,1,0,0.007706,29749,29749,0,0
49,1,0,1,1,0,0.007706,29749,29749,0,0
50,1,0,1,1,0,0.007706,29749,29749,0,0
53,1,0,1,1,0,0.007706,29749,29749,0,0
55,1,0,1,1,0,0.007706,29749,29749,0,0
58,1,0,1,1,0,0.007706,29749,29749,0,0
61,1,0,1,1,0,0.007706,29749,29749,0,0
64,1,0,1,1,0,0.007706,29749,29749,0,0
67,1,0,1,1,0,0.007706,29749,29749,0,0
71,1,0,1,1,0,0.007706,29749,29749,0,0
73,1,0,1,1,0,0.007706,29749,29749,0,0
76,1,0,1,1,0,0.007706,29749,29749,0,0
80,1,0,1,1,0,0.007706,29749,29749,0,0
83,1,0,1,1,0,0.007706,29749,29749,0,0
85,1,0,1,1,0,0.007706,29749,29749,0,0
88,1,0,1,1,0,0.007812,29749,29749,0,0
92,1,0,1,1,0,0.007812,29749,29749,0,0
94,1,0,1,1,0,0.007812,29749,29749,0,0
97,1,0,1,1,0,0.007812,29749,29749,0,0
101,1,0,1,1,0,0.007812,29749,29749,0,0
103,1,0,1,1,0,0.007812,29749,29749,0,0
107,1,0,1,1,0,0.007812,29749,29749,0,0
111,1,0,1,1,0,0.007812,29749,29749,0,0
115,1,0,1,1,0,0.007812,29749,29749,0,0
119,1,0,1,1,0,0.007812,29749,29749,0,0
122,1,0,1,1,0,0.007812,29749,29749,0,0
126,1,0,1,1,0,0.007812,29749,29749,0,0
130,1,0,1,1,0,0.007812,29749,29749,0,0
133,1,0,1,1,0,0.007812,29749,29749,0,0
137,1,0,1,1,0,0.007812,29749,29749,0,0
141,1,0,1,1,0,0.007812,29749,29749,0,0
144,1,0,1,1,0,0.007812,29749,29749,0,0
147,1,0,1,1,0,0.007812,29749,29749,0,0
152,1,0,1,1,0,0.007812,29749,29749,0,0
156,1,0,1,1,0,0.007812,29749,29749,0,0
160,1,0,1,1,0,0.007812,29749,29749,0,0
165,1,0,1,1,0,0.007812,29749,29749,0,0
169,1,0,1,1,0,0.007812,29749,29749,0,0
173,1,0,1,1,0,0.007812,29749,29749,0,0
177,1,0,1,1,0,0.007812,29749,29749,0,0
182,1,0,1,1,0,0.007812,29749,29749,0,0
186,1,0,1,1,0,0.007812,29749,29749,0,0
190,1,0,1,1,0,0.007812,29749,29749,0,0
195,1,0,1,1,0,0.007812,29749,29749,0,0
199,1,0,1,1,0,0.007812,29749,29749,0,0
203,1,0,1,1,0,0.007812,29749,29749,0,0
208,1,0,1,1,0,0.007812,29749,29749,0,0
212,1,0,1,1,0,0.007812,29749,29749,0,0
216,1,0,1,1,0,0.007812,29749,29749,0,0
220,1,0,1,1,0,0.007812,29749,29749,0,0
226,1,0,1,1,0,0.007812,29749,29749,0,0
231,1,0,1,1,0,0.007812,29749,29749,0,0
236,1,0,1,1,0,0.007812,29749,29749,0,0
240,1,0,1,1,0,0.007812,29749,29749,0,0
244,1,0,1,1,0,0.007812,29749,29749,0,0
250,1,0,1,1,0,0.007812,29749,29749,0,0
254,1,0,1,1,0,0.007812,29749,29749,0,0
259,1,0,1,1,0,0.007812,29749,29749,0,0
263,1,0,1,1,0,0.007812,29749,29749,0,0
267,1,0,1,1,0,0.007812,29749,29749,0,0
272,1,0,1,1,0,0.007812,29749,29749,0,0
276,1,0,1,1,0,0.007812,29749,29749,0,0
280,1,0,1,1,0,0.007812,29744,29744,0,0
285,1,0,1,1,0,0.007812,29744,29744,0,0
289,1,0,1,1,0,0.007812,29744,29744,0,0
293,1,0,1,1,0,0.007812,29744,29744,0,0
298,1,0,1,1,0,0.007812,29744,29744,0,0
302,1,0,1,1,0,0.007812,29744,29744,0,0
306,1,0,1,1,0,0.007812,29744,29744,0,0
311,1,0,1,1,0,0.007812,29744,29744,0,0
315,1,0,1,1,0,0.007812,29744,29744,0,0
319,1,0,1,1,0,0.007812,29744,29744,0,0
324,1,0,1,1,0,0.007812,29744,29744,0,0
328,1,0,1,1,0,0.007812,29744,29744,0,0
332,1,0,1,1,0,0.007812,29744,29744,0,0
337,1,0,1,1,0,0.007812,29744,29744,0,0
341,1,0,1,1,0,0.007812,29744,29744,0,0
345,1,0,1,1,0,0.007812,29744,29744,0,0
351,1,0,1,1,0,0.007812,29744,29744,0,0
355,1,0,1,1,0,0.007812,29744,29744,0,0
360,1,0,1,1,0,0.007812,29744,29744,0,0
365,1,0,1,1,0,0.007812,29744,29744,0,0
369,1,0,1,1,0,0.007812,29744,29744,0,0
374,1,0,1,1,0,0.007812,29744,29744,0,0
379,1,0,1,1,0,0.007812,29744,29744,0,0
383,1,0,1,1,0,0.007812,29744,29744,0,0
390,1,0,1,1,0,0.007812,29744,29744,0,0
395,1,0,1,1,0,0.007812,29744,29744,0,0
400,1,0,1,1,0,0.007812,29744,29744,0,0
406,1,0,1,1,0,0.007812,29744,29744,0,0
411,1,0,1,1,0,0.007812,29744,29744,0,0
416,1,0,1,1,0,0.007812,29744,29744,0,0
422,1,0,1,1,0,0.007812,29744,29744,0,0
427,1,0,1,1,0,0.007812,29744,29744,0,0
432,1,0,1,1,0,0.007812,29744,29744,0,0
438,1,0,1,1,0,0.007812,29744,29744,0,0
443,1,0,1,1,0,0.007812,29744,29744,0,0
448,1,0,1,1,0,0.007812,29744,29744,0,0
455,1,0,1,1,0,0.007812,29744,29744,0,0
460,1,0,1,1,0,0.007812,29744,29744,0,0
465,1,0,1,1,0,0.007812,29744,29744,0,0
471,1,0,1,1,0,0.007812,29744,29744,0,0
477,1,0,1,1,0,0.007812,29744,29744,0,0
482,1,0,1,1,0,0.007812,29744,29744,0,0
488,512,511,1,2,0,0.022888,29708,29708,0;8,0
503,512,511,1,2,0,0.023386,29676,29676,0;8,0
517,512,511,1,2,0,0.023830,29644,29644,0;8,0
534,512,511,1,2,0,0.024309,29612,29612,0;8,0
548,512,511,1,2,0,0.024821,29580,29580,0;8,0
562,512,511,1,2,0,0.025244,29548,29548,0;8,0
575,512,511,1,2,0,0.025799,29516,29516,0;8,0
587,512,511,1,2,0,0.026262,29484,29484,0;8,0
599,512,511,1,2,0,0.026656,29452,29452,0;8,0
611,512,511,1,2,0,0.027161,29420,29420,0;8,0
625,512,511,1,2,0,0.027603,29388,29388,0;8,0
636,512,511,1,2,0,0.027924,29356,29356,0;8,0
650,512,511,1,2,0,0.028445,29324,29324,0;8,0
663,512,511,1,2,0,0.028829,29292,29292,0;8,0
676,512,511,1,2,0,0.029145,29260,29260,0;8,0
688,512,511,1,2,0,0.029650,29229,29229,0;8,0
701,512,511,1,2,0,0.029975,29197,29197,0;8,0
713,512,511,1,2,0,0.030333,29165,29165,0;8,0
724,512,511,1,2,0,0.030785,29133,29133,0;8,0
735,512,511,1,2,0,0.031025,29101,29101,0;8,0
745,279,278,1,2,1,0.019036,29083,29083,0;8,0
753,2,0,2,2,0,0.007990,29083,29083,0;8,0
755,2,0,2,2,0,0.007990,29083,29083,0;8,0
759,2,0,2,2,0,0.007990,29083,29083,0;8,0
763,2,0,2,2,0,0.007990,29083,29083,0;8,0
767,2,0,2,2,0,0.007990,29083,29083,0;8,0
769,2,0,2,2,0,0.007990,29083,29083,0;8,0
774,2,0,2,2,0,0.007990,29083,29083,0;8,0
779,2,0,2,2,0,0.007990,29083,29083,0;8,0
782,2,0,2,2,0,0.008015,29083,29083,0;8,0
786,2,0,2,2,0,0.008015,29083,29083,0;8,0
789,2,0,2,2,0,0.008015,29083,29083,0;8,0
793,2,0,2,2,0,0.008015,29083,29083,0;8,0
798,2,0,2,2,0,0.008015,29083,29083,0;8,0
800,2,0,2,2,0,0.008015,29083,29083,0;8,0
803,2,0,2,2,0,0.008015,29083,29083,0;8,0
809,2,0,2,2,0,0.008015,29083,29083,0;8,0
812,2,0,2,2,0,0.008015,29083,29083,0;8,0
814,2,0,2,2,0,0.008015,29078,29078,0;8,0
818,2,0,2,2,0,0.008015,29078,29078,0;8,0
823,2,0,2,2,0,0.008015,29078,29078,0;8,0
826,2,0,2,2,0,0.008015,29078,29078,0;8,0
829,2,0,2,2,0,0.008015,29078,29078,0;8,0
833,2,0,2,2,0,0.008015,29078,29078,0;8,0
837,2,0,2,2,0,0.008015,29078,29078,0;8,0
842,2,0,2,2,0,0.008015,29078,29078,0;8,0
844,2,0,2,2,0,0.008015,29078,29078,0;8,0
848,2,0,2,2,0,0.008015,29078,29078,0;8,0
852,2,0,2,2,0,0.008015,29078,29078,0;8,0
856,2,0,2,2,0,0.008015,29078,29078,0;8,0
859,2,0,2,2,0,0.008015,29078,29078,0;8,0
862,2,0,2,2,0,0.008015,29078,29078,0;8,0
866,2,0,2,2,0,0.008015,29078,29078,0;8,0
869,2,0,2,2,0,0.008015,29078,29078,0;8,0
872,2,0,2,2,0,0.008015,29078,29078,0;8,0
874,2,0,2,2,0,0.008015,29078,29078,0;8,0
877,2,0,2,2,0,0.008015,29078,29078,0;8,0
880,2,0,2,2,0,0.008015,29078,29078,0;8,0
884,2,0,2,2,0,0.008015,29078,29078,0;8,0
885,2,0,2,2,0,0.008015,29078,29078,0;8,0
888,2,0,2,2,0,0.008015,29078,29078,0;8,0
892,2,0,2,2,0,0.008015,29078,29078,0;8,0
896,2,0,2,2,0,0.008015,29078,29078,0;8,0
900,2,0,2,2,0,0.008015,29078,29078,0;8,0
905,2,0,2,2,0,0.008015,29078,29078,0;8,0
910,2,0,2,2,0,0.008015,29078,29078,0;8,0
915,2,0,2,2,0,0.008015,29078,29078,0;8,0
920,2,0,2,2,0,0.008015,29078,29078,0;8,0
925,2,0,2,2,0,0.008015,29078,29078,0;8,0
930,2,0,2,2,0,0.008015,29078,29078,0;8,0
935,2,0,2,2,0,0.008015,29078,29078,0;8,0
940,2,0,2,2,0,0.008015,29078,29078,0;8,0
946,2,0,2,2,0,0.008015,29078,29078,0;8,0
952,2,0,2,2,0,0.008015,29078,29078,0;8,0
956,2,0,2,2,0,0.008015,29078,29078,0;8,0
961,2,0,2,2,0,0.008015,29078,29078,0;8,0
967,2,0,2,2,0,0.008015,29078,29078,0;8,0
972,512,510,2,3,0,0.023122,29042,29042,0;8;16,0
984,407,405,2,3,1,0.017709,29016,29016,0;8;16,0
993,3,0,3,3,0,0.007720,29016,29016,0;8;16,0
997,3,0,3,3,0,0.007720,29016,29016,0;8;16,0
1003,3,0,3,3,0,0.007720,29016,29016,0;8;16,0
1007,3,0,3,3,0,0.007722,29016,29016,0;8;16,0
1013,3,0,3,3,0,0.007722,29016,29016,0;8;16,0
1017,3,0,3,3,0,0.007722,29016,29016,0;8;16,0
1022,3,0,3,3,0,0.007722,29016,29016,0;8;16,0
1027,3,0,3,3,0,0.007722,29016,29016,0;8;16,0
1031,3,0,3,3,0,0.007722,29016,29016,0;8;16,0
1037,3,0,3,3,0,0.007722,29016,29016,0;8;16,0
1042,3,0,3,3,0,0.007722,29016,29016,0;8;16,0
1047,3,0,3,3,0,0.007722,29016,29016,0;8;16,0
1051,3,0,3,3,0,0.007722,29016,29016,0;8;16,0
1055,3,0,3,3,0,0.007722,29016,29016,0;8;16,0
1062,3,0,3,3,0,0.007722,29016,29016,0;8;16,0
1068,3,0,3,3,0,0.007722,29016,29016,0;8;16,0
1072,3,0,3,3,0,0.007722,29016,29016,0;8;16,0
1076,3,0,3,3,0,0.007722,29016,29016,0;8;16,0
1081,3,0,3,3,0,0.007722,29016,29016,0;8;16,0
1088,3,0,3,3,0,0.007722,29011,29011,0;8;16,0
1092,3,0,3,3,0,0.007722,29011,29011,0;8;16,0
1097,3,0,3,3,0,0.007722,29011,29011,0;8;16,0
1101,3,0,3,3,0,0.007722,29011,29011,0;8;16,0
1106,3,0,3,3,0,0.007722,29011,29011,0;8;16,0
1113,3,0,3,3,0,0.007722,29011,29011,0;8;16,0
1117,3,0,3,3,0,0.007722,29011,29011,0;8;16,0
1120,3,0,3,3,0,0.007722,29011,29011,0;8;16,0
1126,3,0,3,3,0,0.007722,29011,29011,0;8;16,0
1130,3,0,3,3,0,0.007722,29011,29011,0;8;16,0
1134,3,0,3,3,0,0.007722,29011,29011,0;8;16,0
1139,3,0,3,3,0,0.007722,29011,29011,0;8;16,0
1144,3,0,3,3,0,0.007722,29011,29011,0;8;16,0
1148,3,0,3,3,0,0.007722,29011,29011,0;8;16,0
1152,3,0,3,3,0,0.007722,29011,29011,0;8;16,0
1158,3,0,3,3,0,0.007722,29011,29011,0;8;16,0
1161,3,0,3,3,0,0.007722,29011,29011,0;8;16,0
1165,3,0,3,3,0,0.007722,29011,29011,0;8;16,0
1170,3,0,3,3,0,0.007722,29011,29011,0;8;16,0
1174,3,0,3,3,0,0.007722,29011,29011,0;8;16,0
1178,3,0,3,3,0,0.007722,29006,29006,0;8;16,0
1182,3,0,3,3,0,0.007722,29006,29006,0;8;16,0
1188,3,0,3,3,0,0.007722,29006,29006,0;8;16,0
1191,3,0,3,3,0,0.007722,29006,29006,0;8;16,0
1194,3,0,3,3,0,0.007722,29006,29006,0;8;16,0
1200,3,0,3,3,0,0.007722,29006,29006,0;8;16,0
1204,3,0,3,3,0,0.007722,29006,29006,0;8;16,0
1208,3,0,3,3,0,0.007722,29006,29006,0;8;16,0
1213,3,0,3,3,0,0.007722,29006,29006,0;8;16,0
1217,3,0,3,3,0,0.007722,29006,29006,0;8;16,0
1221,3,0,3,3,0,0.007722,29006,29006,0;8;16,0
1226,3,0,3,3,0,0.007722,29006,29006,0;8;16,0
1231,3,0,3,3,0,0.007722,29006,29006,0;8;16,0
1235,3,0,3,3,0,0.007722,29006,29006,0;8;16,0
1238,3,0,3,3,0,0.007722,29006,29006,0;8;16,0
1244,3,0,3,3,0,0.007722,29006,29006,0;8;16,0
1248,3,0,3,3,0,0.007722,29006,29006,0;8;16,0
1252,3,0,3,3,0,0.007722,29006,29006,0;8;16,0
1255,3,0,3,3,0,0.007722,29006,29006,0;8;16,0
1260,3,0,3,3,0,0.007722,29006,29006,0;8;16,0
1264,3,0,3,3,0,0.007722,29006,29006,0;8;16,0
1269,3,0,3,3,0,0.007722,29006,29006,0;8;16,0
1273,3,0,3,3,0,0.007722,29006,29006,0;8;16,0
1277,3,0,3,3,0,0.007722,29006,29006,0;8;16,0
1280,3,0,3,3,0,0.007722,29006,29006,0;8;16,0
1285,3,0,3,3,0,0.007722,29006,29006,0;8;16,0
1290,3,0,3,3,0,0.007722,29006,29006,0;8;16,0
1292,3,0,3,3,0,0.007722,29006,29006,0;8;16,0
1295,3,0,3,3,0,0.007722,29006,29006,0;8;16,0
1299,3,0,3,3,0,0.007722,29006,29006,0;8;16,0
1303,3,0,3,3,0,0.007722,29006,29006,0;8;16,0
1307,3,0,3,3,0,0.007722,29006,29006,0;8;16,0
1311,3,0,3,3,0,0.007722,29006,29006,0;8;16,0
1313,3,0,3,3,0,0.007722,29006,29006,0;8;16,0
1316,3,0,3,3,0,0.007722,29006,29006,0;8;16,0
1320,3,0,3,3,0,0.007722,29006,29006,0;8;16,0
1324,3,0,3,3,0,0.007722,29006,29006,0;8;16,0
1328,3,0,3,3,0,0.007722,29001,29001,0;8;16,0
1331,3,0,3,3,0,0.007722,29001,29001,0;8;16,0
1333,3,0,3,3,0,0.007722,29001,29001,0;8;16,0
1337,3,0,3,3,0,0.007722,29001,29001,0;8;16,0
1342,3,0,3,3,0,0.007722,29001,29001,0;8;16,0
1345,3,0,3,3,0,0.007722,29001,29001,0;8;16,0
1347,3,0,3,3,0,0.007722,29001,29001,0;8;16,0
1351,3,0,3,3,0,0.007722,29001,29001,0;8;16,0
1356,3,0,3,3,0,0.007722,29001,29001,0;8;16,0
1358,3,0,3,3,0,0.007722,29001,29001,0;8;16,0
1363,3,0,3,3,0,0.007722,29001,29001,0;8;16,0
1365,3,0,3,3,0,0.007722,29001,29001,0;8;16,0
1369,3,0,3,3,0,0.007722,29001,29001,0;8;16,0
1374,3,0,3,3,0,0.007722,29001,29001,0;8;16,0
1376,3,0,3,3,0,0.007722,29001,29001,0;8;16,0
1378,3,0,3,3,0,0.007722,29001,29001,0;8;16,0
1383,3,0,3,3,0,0.007722,29001,29001,0;8;16,0
1387,3,0,3,3,0,0.007722,29001,29001,0;8;16,0
1390,3,0,3,3,0,0.007722,29001,29001,0;8;16,0
1392,3,0,3,3,0,0.007722,29001,29001,0;8;16,0
1399,3,0,3,3,0,0.007722,29001,29001,0;8;16,0
1401,3,0,3,3,0,0.007722,29001,29001,0;8;16,0
1403,3,0,3,3,0,0.007722,29001,29001,0;8;16,0
1407,3,0,3,3,0,0.007722,28996,28996,0;8;16,0
1411,3,0,3,3,0,0.007722,28996,28996,0;8;16,0
1414,3,0,3,3,0,0.007722,28996,28996,0;8;16,0
1418,3,0,3,3,0,0.007722,28996,28996,0;8;16,0
1423,3,0,3,3,0,0.007722,28996,28996,0;8;16,0
1428,3,0,3,3,0,0.007722,28996,28996,0;8;16,0
1430,3,0,3,3,0,0.007722,28996,28996,0;8;16,0
1435,3,0,3,3,0,0.007722,28996,28996,0;8;16,0
1439,3,0,3,3,0,0.007722,28996,28996,0;8;16,0
1443,3,0,3,3,0,0.007722,28996,28996,0;8;16,0
1448,3,0,3,3,0,0.007722,28996,28996,0;8;16,0
1452,3,0,3,3,0,0.007722,28996,28996,0;8;16,0
1457,3,0,3,3,0,0.007722,28996,28996,0;8;16,0
1462,3,0,3,3,0,0.007722,28996,28996,0;8;16,0
1467,3,0,3,3,0,0.007722,28996,28996,0;8;16,0
1471,3,0,3,3,0,0.007722,28996,28996,0;8;16,0
1477,3,0,3,3,0,0.007722,28996,28996,0;8;16,0
1482,3,0,3,3,0,0.007722,28996,28996,0;8;16,0
1487,3,0,3,3,0,0.007722,28996,28996,0;8;16,0
1492,3,0,3,3,0,0.007722,28996,28996,0;8;16,0
1496,3,0,3,3,0,0.007722,28991,28991,0;8;16,0
1501,3,0,3,3,0,0.007722,28991,28991,0;8;16,0
1506,3,0,3,3,0,0.007722,28991,28991,0;8;16,0
1510,3,0,3,3,0,0.007722,28991,28991,0;8;16,0
1514,3,0,3,3,0,0.007722,28991,28991,0;8;16,0
1518,3,0,3,3,0,0.007722,28991,28991,0;8;16,0
1522,3,0,3,3,0,0.007722,28991,28991,0;8;16,0
1526,3,0,3,3,0,0.007722,28991,28991,0;8;16,0
1531,3,0,3,3,0,0.007722,28991,28991,0;8;16,0
1534,3,0,3,3,0,0.007722,28991,28991,0;8;16,0
1537,3,0,3,3,0,0.007722,28991,28991,0;8;16,0
1543,3,0,3,3,0,0.007722,28991,28991,0;8;16,0
1548,3,0,3,3,0,0.007774,28991,28991,0;8;16,0
1551,3,0,3,3,0,0.007774,28991,28991,0;8;16,0
1555,3,0,3,3,0,0.007774,28991,28991,0;8;16,0
1560,3,0,3,3,0,0.007774,28991,28991,0;8;16,0
1564,3,0,3,3,0,0.007774,28991,28991,0;8;16,0
1568,3,0,3,3,0,0.007774,28991,28991,0;8;16,0
1572,3,0,3,3,0,0.007774,28991,28991,0;8;16,0
1576,3,0,3,3,0,0.007774,28991,28991,0;8;16,0
1581,3,0,3,3,0,0.007774,28991,28991,0;8;16,0
1585,3,0,3,3,0,0.007774,28991,28991,0;8;16,0
1588,3,0,3,3,0,0.007774,28991,28991,0;8;16,0
1593,3,0,3,3,0,0.007774,28991,28991,0;8;16,0
1599,3,0,3,3,0,0.007774,28991,28991,0;8;16,0
1602,3,0,3,3,0,0.007774,28991,28991,0;8;16,0
1606,3,0,3,3,0,0.007774,28991,28991,0;8;16,0
1611,3,0,3,3,0,0.007774,28991,28991,0;8;16,0
1615,3,0,3,3,0,0.007774,28991,28991,0;8;16,0
1620,3,0,3,3,0,0.007774,28991,28991,0;8;16,0
1622,3,0,3,3,0,0.007774,28991,28991,0;8;16,0
1628,3,0,3,3,0,0.007774,28991,28991,0;8;16,0
1632,3,0,3,3,0,0.007774,28991,28991,0;8;16,0
1636,3,0,3,3,0,0.007774,28991,28991,0;8;16,0
1642,3,0,3,3,0,0.007774,28991,28991,0;8;16,0
1647,3,0,3,3,0,0.007774,28991,28991,0;8;16,0
1652,3,0,3,3,0,0.007774,28991,28991,0;8;16,0
1656,3,0,3,3,0,0.007774,28986,28986,0;8;16,0
1661,3,0,3,3,0,0.007774,28986,28986,0;8;16,0
1664,3,0,3,3,0,0.007774,28986,28986,0;8;16,0
1670,3,0,3,3,0,0.007774,28986,28986,0;8;16,0
1674,3,0,3,3,0,0.007774,28986,28986,0;8;16,0
1678,3,0,3,3,0,0.007774,28986,28986,0;8;16,0
1684,3,0,3,3,0,0.007774,28986,28986,0;8;16,0
1689,3,0,3,3,0,0.007774,28986,28986,0;8;16,0
1693,3,0,3,3,0,0.007774,28986,28986,0;8;16,0
1699,3,0,3,3,0,0.007774,28986,28986,0;8;16,0
1703,3,0,3,3,0,0.007774,28986,28986,0;8;16,0
1708,3,0,3,3,0,0.007774,28986,28986,0;8;16,0
1714,3,0,3,3,0,0.007774,28986,28986,0;8;16,0
1718,3,0,3,3,0,0.007774,28986,28986,0;8;16,0
1723,3,0,3,3,0,0.007774,28986,28986,0;8;16,0
1727,3,0,3,3,0,0.007774,28986,28986,0;8;16,0
1733,3,0,3,3,0,0.007774,28986,28986,0;8;16,0
1736,3,0,3,3,0,0.007774,28986,28986,0;8;16,0
1740,3,0,3,3,0,0.007774,28986,28986,0;8;16,0
1745,3,0,3,3,0,0.007774,28986,28986,0;8;16,0
1751,3,0,3,3,0,0.007774,28986,28986,0;8;16,0
1756,3,0,3,3,0,0.007774,28986,28986,0;8;16,0
1761,3,0,3,3,0,0.007774,28986,28986,0;8;16,0
1765,3,0,3,3,0,0.007774,28981,28981,0;8;16,0
1769,512,509,3,4,0,0.022925,28945,28945,0;8;16;24,0
1783,512,509,3,4,0,0.023423,28913,28913,0;8;16;24,0
1794,512,509,3,4,0,0.023867,28881,28881,0;8;16;24,0
1807,512,509,3,4,0,0.024345,28849,28849,0;8;16;24,0
1820,512,509,3,4,0,0.024857,28817,28817,0;8;16;24,0
1832,512,509,3,4,0,0.025281,28786,28786,0;8;16;24,0
1842,512,509,3,4,0,0.025835,28754,28754,0;8;16;24,0
1856,512,509,3,4,0,0.026298,28722,28722,0;8;16;24,0
1871,512,509,3,4,0,0.026692,28690,28690,0;8;16;24,0
1886,512,509,3,4,0,0.027197,28658,28658,0;8;16;24,0
1899,512,509,3,4,0,0.027640,28627,28627,0;8;16;24,0
1915,512,509,3,4,0,0.027960,28595,28595,0;8;16;24,0
1927,512,509,3,4,0,0.028482,28563,28563,0;8;16;24,0
1938,512,509,3,4,0,0.028865,28531,28531,0;8;16;24,0
1951,512,509,3,4,0,0.029181,28499,28499,0;8;16;24,0
1965,512,509,3,4,0,0.029686,28468,28468,0;8;16;24,0
1976,512,509,3,4,0,0.030011,28436,28436,0;8;16;24,0
1991,512,509,3,4,0,0.030369,28404,28404,0;8;16;24,0
2004,512,509,3,4,0,0.030821,28372,28372,0;8;16;24,0
2018,512,509,3,4,0,0.031062,28335,28335,0;8;16;24,0
2033,512,509,3,4,0,0.031447,28303,28303,0;8;16;24,0
2048,512,509,3,4,0,0.031800,28272,28272,0;8;16;24,0
2066,512,509,3,4,0,0.032269,28240,28240,0;8;16;24,0
2083,512,509,3,4,0,0.032737,28208,28208,0;8;16;24,0
2099,512,509,3,4,0,0.032936,28176,28176,0;8;16;24,0
2116,512,509,3,4,0,0.033374,28144,28144,0;8;16;24,0
2132,512,509,3,4,0,0.033837,28113,28113,0;8;16;24,0
2149,512,509,3,4,0,0.034075,28081,28081,0;8;16;24,0
2167,512,509,3,4,0,0.034567,28049,28049,0;8;16;24,0
2184,414,411,3,4,1,0.028740,28023,28023,0;8;16;24,0
2200,512,508,4,5,0,0.023153,27987,27987,0;8;16;24;32,0
2213,512,508,4,5,0,0.023651,27955,27955,0;8;16;24;32,0
2224,512,508,4,5,0,0.024095,27923,27923,0;8;16;24;32,0
2237,512,508,4,5,0,0.024574,27892,27892,0;8;16;24;32,0
2251,512,508,4,5,0,0.025086,27860,27860,0;8;16;24;32,0
2266,512,508,4,5,0,0.025509,27828,27828,0;8;16;24;32,0
2279,512,508,4,5,0,0.026064,27796,27796,0;8;16;24;32,0
2290,254,250,4,5,1,0.016820,27781,27781,0;8;16;24;32,0
2299,5,0,5,5,0,0.007963,27781,27781,0;8;16;24;32,0
2303,5,0,5,5,0,0.007963,27781,27781,0;8;16;24;32,0
2306,5,0,5,5,0,0.007963,27781,27781,0;8;16;24;32,0
2312,5,0,5,5,0,0.007963,27781,27781,0;8;16;24;32,0
2316,5,0,5,5,0,0.007963,27781,27781,0;8;16;24;32,0
2319,5,0,5,5,0,0.007963,27781,27781,0;8;16;24;32,0
2326,5,0,5,5,0,0.007963,27781,27781,0;8;16;24;32,0
2330,5,0,5,5,0,0.007963,27781,27781,0;8;16;24;32,0
2333,5,0,5,5,0,0.007963,27781,27781,0;8;16;24;32,0
2336,5,0,5,5,0,0.007963,27781,27781,0;8;16;24;32,0
2341,5,0,5,5,0,0.007963,27781,27781,0;8;16;24;32,0
2344,5,0,5,5,0,0.007963,27781,27781,0;8;16;24;32,0
2347,5,0,5,5,0,0.007963,27781,27781,0;8;16;24;32,0
2351,5,0,5,5,0,0.007963,27781,27781,0;8;16;24;32,0
2354,5,0,5,5,0,0.007963,27781,27781,0;8;16;24;32,0
2357,5,0,5,5,0,0.007963,27781,27781,0;8;16;24;32,0
2361,5,0,5,5,0,0.007963,27781,27781,0;8;16;24;32,0
2364,5,0,5,5,0,0.007963,27781,27781,0;8;16;24;32,0
2367,5,0,5,5,0,0.007963,27776,27776,0;8;16;24;32,0
2371,5,0,5,5,0,0.007963,27776,27776,0;8;16;24;32,0
2375,5,0,5,5,0,0.007963,27776,27776,0;8;16;24;32,0
2379,5,0,5,5,0,0.007963,27776,27776,0;8;16;24;32,0
2382,5,0,5,5,0,0.007963,27776,27776,0;8;16;24;32,0
2385,5,0,5,5,0,0.007963,27776,27776,0;8;16;24;32,0
2388,5,0,5,5,0,0.007963,27776,27776,0;8;16;24;32,0
2393,5,0,5,5,0,0.007963,27776,27776,0;8;16;24;32,0
2397,5,0,5,5,0,0.007963,27776,27776,0;8;16;24;32,0
2400,5,0,5,5,0,0.007963,27776,27776,0;8;16;24;32,0
2403,5,0,5,5,0,0.007963,27776,27776,0;8;16;24;32,0
2406,5,0,5,5,0,0.007963,27776,27776,0;8;16;24;32,0
2411,5,0,5,5,0,0.007963,27776,27776,0;8;16;24;32,0
2413,5,0,5,5,0,0.007963,27776,27776,0;8;16;24;32,0
2417,5,0,5,5,0,0.007963,27776,27776,0;8;16;24;32,0
2423,5,0,5,5,0,0.007963,27776,27776,0;8;16;24;32,0
2427,5,0,5,5,0,0.007963,27776,27776,0;8;16;24;32,0
2432,5,0,5,5,0,0.007963,27776,27776,0;8;16;24;32,0
2437,5,0,5,5,0,0.007963,27776,27776,0;8;16;24;32,0
2442,5,0,5,5,0,0.007963,27776,27776,0;8;16;24;32,0
2446,5,0,5,5,0,0.007963,27776,27776,0;8;16;24;32,0
2450,512,507,5,6,0,0.023162,27740,27740,0;8;16;24;32;40,0
2464,512,507,5,6,0,0.023660,27708,27708,0;8;16;24;32;40,0
2477,512,507,5,6,0,0.024104,27671,27671,0;8;16;24;32;40,0
2489,386,381,5,6,1,0.023180,27648,27648,0;8;16;24;32;40,0
2501,6,0,6,6,0,0.007952,27648,27648,0;8;16;24;32;40,0
2506,6,0,6,6,0,0.007952,27648,27648,0;8;16;24;32;40,0
2511,6,0,6,6,0,0.007952,27648,27648,0;8;16;24;32;40,0
2515,6,0,6,6,0,0.007952,27648,27648,0;8;16;24;32;40,0
2521,6,0,6,6,0,0.007952,27648,27648,0;8;16;24;32;40,0
2526,6,0,6,6,0,0.007952,27648,27648,0;8;16;24;32;40,0
2531,6,0,6,6,0,0.007952,27648,27648,0;8;16;24;32;40,0
2535,6,0,6,6,0,0.007952,27648,27648,0;8;16;24;32;40,0
2540,6,0,6,6,0,0.007952,27648,27648,0;8;16;24;32;40,0
2546,6,0,6,6,0,0.007952,27648,27648,0;8;16;24;32;40,0
2551,6,0,6,6,0,0.007952,27648,27648,0;8;16;24;32;40,0
2556,6,0,6,6,0,0.007952,27648,27648,0;8;16;24;32;40,0
2560,6,0,6,6,0,0.007952,27648,27648,0;8;16;24;32;40,0
2565,6,0,6,6,0,0.007952,27648,27648,0;8;16;24;32;40,0
2570,6,0,6,6,0,0.007952,27648,27648,0;8;16;24;32;40,0
2575,6,0,6,6,0,0.007952,27648,27648,0;8;16;24;32;40,0
2579,6,0,6,6,0,0.007952,27648,27648,0;8;16;24;32;40,0
2584,6,0,6,6,0,0.007952,27648,27648,0;8;16;24;32;40,0
2589,6,0,6,6,0,0.007952,27643,27643,0;8;16;24;32;40,0
2594,6,0,6,6,0,0.007952,27643,27643,0;8;16;24;32;40,0
2599,6,0,6,6,0,0.007952,27643,27643,0;8;16;24;32;40,0
2604,6,0,6,6,0,0.007952,27643,27643,0;8;16;24;32;40,0
2608,6,0,6,6,0,0.007952,27638,27638,0;8;16;24;32;40,0
2613,6,0,6,6,0,0.007952,27638,27638,0;8;16;24;32;40,0
2617,6,0,6,6,0,0.007952,27633,27633,0;8;16;24;32;40,0
2623,6,0,6,6,0,0.007952,27633,27633,0;8;16;24;32;40,0
2627,6,0,6,6,0,0.007952,27633,27633,0;8;16;24;32;40,0
2631,6,0,6,6,0,0.007952,27633,27633,0;8;16;24;32;40,0
2635,5,0,5,5,0,0.007712,28591,28591,0;8;16;32;40,0
2640,5,0,5,5,0,0.007712,28591,28591,0;8;16;32;40,0
2644,5,0,5,5,0,0.007712,28591,28591,0;8;16;32;40,0
2649,5,0,5,5,0,0.007712,28591,28591,0;8;16;32;40,0
2654,5,0,5,5,0,0.007712,28591,28591,0;8;16;32;40,0
2661,5,0,5,5,0,0.007712,28591,28591,0;8;16;32;40,0
2665,5,0,5,5,0,0.007712,28591,28591,0;8;16;32;40,0
2669,5,0,5,5,0,0.007712,28591,28591,0;8;16;32;40,0
2674,5,0,5,5,0,0.007712,28591,28591,0;8;16;32;40,0
2679,5,0,5,5,0,0.007712,28591,28591,0;8;16;32;40,0
2684,5,0,5,5,0,0.007712,28591,28591,0;8;16;32;40,0
2688,5,0,5,5,0,0.007712,28591,28591,0;8;16;32;40,0
2694,5,0,5,5,0,0.007712,28591,28591,0;8;16;32;40,0
2698,5,0,5,5,0,0.007712,28591,28591,0;8;16;32;40,0
2704,5,0,5,5,0,0.007712,28591,28591,0;8;16;32;40,0
2709,5,0,5,5,0,0.007712,28591,28591,0;8;16;32;40,0
2713,4,0,4,4,0,0.007622,29048,29048,8;16;32;40,0
2716,4,0,4,4,0,0.007622,29048,29048,8;16;32;40,0
2721,4,0,4,4,0,0.007622,29048,29048,8;16;32;40,0
2726,4,0,4,4,0,0.007622,29048,29048,8;16;32;40,0
2733,4,0,4,4,0,0.007622,29048,29048,8;16;32;40,0
2737,4,0,4,4,0,0.007622,29048,29048,8;16;32;40,0
2742,4,0,4,4,0,0.007622,29048,29048,8;16;32;40,0
2748,4,0,4,4,0,0.007622,29048,29048,8;16;32;40,0
2753,4,0,4,4,0,0.007622,29048,29048,8;16;32;40,0
2758,4,0,4,4,0,0.007622,29048,29048,8;16;32;40,0
2763,4,0,4,4,0,0.007622,29048,29048,8;16;32;40,0
2769,4,0,4,4,0,0.007622,29043,29043,8;16;32;40,0
2774,4,0,4,4,0,0.007622,29043,29043,8;16;32;40,0
2779,4,0,4,4,0,0.007622,29043,29043,8;16;32;40,0
2784,4,0,4,4,0,0.007622,29043,29043,8;16;32;40,0
2790,4,0,4,4,0,0.007622,29043,29043,8;16;32;40,0
2794,4,0,4,4,0,0.007622,29043,29043,8;16;32;40,0
2800,4,0,4,4,0,0.007622,29043,29043,8;16;32;40,0
2805,4,0,4,4,0,0.007622,29043,29043,8;16;32;40,0
2811,4,0,4,4,0,0.007622,29043,29043,8;16;32;40,0
2816,4,0,4,4,0,0.007622,29043,29043,8;16;32;40,0
2823,4,0,4,4,0,0.007622,29038,29038,8;16;32;40,0
2828,4,0,4,4,0,0.007622,29038,29038,8;16;32;40,0
2832,4,0,4,4,0,0.007622,29038,29038,8;16;32;40,0
2837,4,0,4,4,0,0.007622,29038,29038,8;16;32;40,0
2842,4,0,4,4,0,0.007622,29038,29038,8;16;32;40,0
2848,4,0,4,4,0,0.007622,29038,29038,8;16;32;40,0
2855,4,0,4,4,0,0.007622,29038,29038,8;16;32;40,0
2859,4,0,4,4,0,0.007622,29038,29038,8;16;32;40,0
2863,4,0,4,4,0,0.007622,29038,29038,8;16;32;40,0
2868,4,0,4,4,0,0.007622,29038,29038,8;16;32;40,0
2872,4,0,4,4,0,0.007622,29038,29038,8;16;32;40,0
2876,4,0,4,4,0,0.007622,29038,29038,8;16;32;40,0
2881,4,0,4,4,0,0.007622,29038,29038,8;16;32;40,0
2885,4,0,4,4,0,0.007622,29033,29033,8;16;32;40,0
2890,4,0,4,4,0,0.007622,29033,29033,8;16;32;40,0
2895,4,0,4,4,0,0.007622,29033,29033,8;16;32;40,0
2900,4,0,4,4,0,0.007622,29033,29033,8;16;32;40,0
2904,3,0,3,3,0,0.007499,29719,29719,16;32;40,0
2909,3,0,3,3,0,0.007499,29719,29719,16;32;40,0
2914,3,0,3,3,0,0.007499,29719,29719,16;32;40,0
2919,3,0,3,3,0,0.007499,29719,29719,16;32;40,0
2923,3,0,3,3,0,0.007499,29719,29719,16;32;40,0
2929,3,0,3,3,0,0.007499,29719,29719,16;32;40,0
2932,3,0,3,3,0,0.007499,29719,29719,16;32;40,0
2936,3,0,3,3,0,0.007499,29719,29719,16;32;40,0
2942,3,0,3,3,0,0.007499,29719,29719,16;32;40,0
2947,3,0,3,3,0,0.007499,29719,29719,16;32;40,0
2951,3,0,3,3,0,0.007499,29719,29719,16;32;40,0
2954,2,0,2,2,0,0.007512,29801,29801,32;40,0
2959,2,0,2,2,0,0.007512,29801,29801,32;40,0
2965,2,0,2,2,0,0.007512,29801,29801,32;40,0
2970,2,0,2,2,0,0.007512,29801,29801,32;40,0
2974,2,0,2,2,0,0.007512,29801,29801,32;40,0
2979,2,0,2,2,0,0.007512,29801,29801,32;40,0
2981,2,0,2,2,0,0.007512,29801,29801,32;40,0
2985,2,0,2,2,0,0.007512,29801,29801,32;40,0
2990,2,0,2,2,0,0.007512,29801,29801,32;40,0
2994,2,0,2,2,0,0.007512,29796,29796,32;40,0
2998,2,0,2,2,0,0.007512,29796,29796,32;40,0
3001,2,0,2,2,0,0.007512,29796,29796,32;40,0
3007,2,0,2,2,0,0.007512,29796,29796,32;40,0
3010,2,0,2,2,0,0.007512,29796,29796,32;40,0
3012,2,0,2,2,0,0.007512,29796,29796,32;40,0
3015,2,0,2,2,0,0.007512,29796,29796,32;40,0
3020,2,0,2,2,0,0.007512,29796,29796,32;40,0
3022,2,0,2,2,0,0.007512,29796,29796,32;40,0
3026,2,0,2,2,0,0.007512,29796,29796,32;40,0
3029,2,0,2,2,0,0.007512,29796,29796,32;40,0
3032,2,0,2,2,0,0.007512,29796,29796,32;40,0
3034,2,0,2,2,0,0.007512,29796,29796,32;40,0
3036,2,0,2,2,0,0.007512,29796,29796,32;40,0
3041,2,0,2,2,0,0.007512,29796,29796,32;40,0
3042,2,0,2,2,0,0.007512,29796,29796,32;40,0
3045,2,0,2,2,0,0.007512,29796,29796,32;40,0
3048,2,0,2,2,0,0.007512,29796,29796,32;40,0
3052,2,0,2,2,0,0.007512,29796,29796,32;40,0
3057,2,0,2,2,0,0.007512,29796,29796,32;40,0
3059,2,0,2,2,0,0.007512,29796,29796,32;40,0
3061,2,0,2,2,0,0.007512,29796,29796,32;40,0
3064,2,0,2,2,0,0.007512,29796,29796,32;40,0
3067,2,0,2,2,0,0.007512,29796,29796,32;40,0
3070,2,0,2,2,0,0.007512,29796,29796,32;40,0
3073,2,0,2,2,0,0.007512,29796,29796,32;40,0
3079,2,0,2,2,0,0.007512,29796,29796,32;40,0
3082,2,0,2,2,0,0.007512,29796,29796,32;40,0
3084,2,0,2,2,0,0.007512,29796,29796,32;40,0
3086,512,510,2,3,0,0.022618,29760,29760,32;40;48,0
3093,512,510,2,3,0,0.023116,29728,29728,32;40;48,0
3102,512,510,2,3,0,0.023573,29696,29696,32;40;48,0
3111,512,510,2,3,0,0.024052,29664,29664,32;40;48,0
3122,512,510,2,3,0,0.024564,29632,29632,32;40;48,0
3131,512,510,2,3,0,0.024988,29600,29600,32;40;48,0
3142,512,510,2,3,0,0.025542,29568,29568,32;40;48,0
3154,512,510,2,3,0,0.026005,29537,29537,32;40;48,0
3167,512,510,2,3,0,0.026399,29505,29505,32;40;48,0
3179,512,510,2,3,0,0.026904,29473,29473,32;40;48,0
3193,293,291,2,3,1,0.016229,29455,29455,32;40;48,0
3199,3,0,3,3,0,0.007542,29455,29455,32;40;48,0
3203,3,0,3,3,0,0.007542,29455,29455,32;40;48,0
3207,3,0,3,3,0,0.007542,29455,29455,32;40;48,0
3210,3,0,3,3,0,0.007542,29450,29450,32;40;48,0
3215,3,0,3,3,0,0.007542,29450,29450,32;40;48,0
3219,3,0,3,3,0,0.007542,29450,29450,32;40;48,0
3223,3,0,3,3,0,0.007542,29450,29450,32;40;48,0
3227,3,0,3,3,0,0.007542,29450,29450,32;40;48,0
3230,3,0,3,3,0,0.007542,29450,29450,32;40;48,0
3236,3,0,3,3,0,0.007542,29450,29450,32;40;48,0
3240,3,0,3,3,0,0.007542,29450,29450,32;40;48,0
3242,3,0,3,3,0,0.007542,29450,29450,32;40;48,0
3246,3,0,3,3,0,0.007542,29450,29450,32;40;48,0
3252,3,0,3,3,0,0.007542,29450,29450,32;40;48,0
3255,3,0,3,3,0,0.007542,29450,29450,32;40;48,0
3258,3,0,3,3,0,0.007542,29450,29450,32;40;48,0
3262,3,0,3,3,0,0.007542,29450,29450,32;40;48,0
3267,3,0,3,3,0,0.007542,29450,29450,32;40;48,0
3270,3,0,3,3,0,0.007542,29450,29450,32;40;48,0
3274,3,0,3,3,0,0.007542,29450,29450,32;40;48,0
3278,3,0,3,3,0,0.007542,29450,29450,32;40;48,0
3282,3,0,3,3,0,0.007542,29450,29450,32;40;48,0
3287,3,0,3,3,0,0.007542,29450,29450,32;40;48,0
3290,3,0,3,3,0,0.007542,29450,29450,32;40;48,0
3294,3,0,3,3,0,0.007542,29450,29450,32;40;48,0
3297,3,0,3,3,0,0.007542,29450,29450,32;40;48,0
3302,3,0,3,3,0,0.007542,29450,29450,32;40;48,0
3306,3,0,3,3,0,0.007542,29450,29450,32;40;48,0
3309,3,0,3,3,0,0.007542,29450,29450,32;40;48,0
3312,3,0,3,3,0,0.007542,29450,29450,32;40;48,0
3318,3,0,3,3,0,0.007542,29450,29450,32;40;48,0
3322,3,0,3,3,0,0.007542,29450,29450,32;40;48,0
3325,3,0,3,3,0,0.007553,29450,29450,32;40;48,0
3329,3,0,3,3,0,0.007553,29450,29450,32;40;48,0
3331,3,0,3,3,0,0.007553,29450,29450,32;40;48,0
3336,3,0,3,3,0,0.007553,29450,29450,32;40;48,0
3340,3,0,3,3,0,0.007553,29450,29450,32;40;48,0
3343,3,0,3,3,0,0.007553,29450,29450,32;40;48,0
3345,3,0,3,3,0,0.007553,29450,29450,32;40;48,0
3351,3,0,3,3,0,0.007553,29450,29450,32;40;48,0
3354,3,0,3,3,0,0.007553,29445,29445,32;40;48,0
3356,3,0,3,3,0,0.007553,29445,29445,32;40;48,0
3360,3,0,3,3,0,0.007553,29445,29445,32;40;48,0
3362,3,0,3,3,0,0.007553,29445,29445,32;40;48,0
3367,3,0,3,3,0,0.007553,29445,29445,32;40;48,0
3369,3,0,3,3,0,0.007553,29445,29445,32;40;48,0
3372,3,0,3,3,0,0.007553,29445,29445,32;40;48,0
3375,3,0,3,3,0,0.007553,29445,29445,32;40;48,0
3378,3,0,3,3,0,0.007553,29445,29445,32;40;48,0
3382,3,0,3,3,0,0.007553,29445,29445,32;40;48,0
3385,3,0,3,3,0,0.007553,29445,29445,32;40;48,0
3388,3,0,3,3,0,0.007553,29445,29445,32;40;48,0
3392,3,0,3,3,0,0.007553,29445,29445,32;40;48,0
3395,3,0,3,3,0,0.007553,29445,29445,32;40;48,0
3398,3,0,3,3,0,0.007553,29445,29445,32;40;48,0
3402,3,0,3,3,0,0.007553,29445,29445,32;40;48,0
3405,3,0,3,3,0,0.007553,29445,29445,32;40;48,0
3406,3,0,3,3,0,0.007553,29445,29445,32;40;48,0
3411,3,0,3,3,0,0.007553,29445,29445,32;40;48,0
3415,3,0,3,3,0,0.007553,29445,29445,32;40;48,0
3417,3,0,3,3,0,0.007553,29445,29445,32;40;48,0
3420,3,0,3,3,0,0.007553,29445,29445,32;40;48,0
3423,3,0,3,3,0,0.007553,29445,29445,32;40;48,0
3427,3,0,3,3,0,0.007553,29445,29445,32;40;48,0
3430,3,0,3,3,0,0.007553,29440,29440,32;40;48,0
3433,3,0,3,3,0,0.007553,29440,29440,32;40;48,0
3436,3,0,3,3,0,0.007553,29440,29440,32;40;48,0
3439,3,0,3,3,0,0.007553,29440,29440,32;40;48,0
3443,3,0,3,3,0,0.007553,29440,29440,32;40;48,0
3445,3,0,3,3,0,0.007553,29440,29440,32;40;48,0
3449,3,0,3,3,0,0.007553,29440,29440,32;40;48,0
3451,512,509,3,4,0,0.022704,29404,29404,32;40;48;56,0
3461,512,509,3,4,0,0.023202,29372,29372,32;40;48;56,0
3468,512,509,3,4,0,0.023646,29340,29340,32;40;48;56,0
3475,512,509,3,4,0,0.024124,29308,29308,32;40;48;56,0
3482,512,509,3,4,0,0.024636,29276,29276,32;40;48;56,0
3490,512,509,3,4,0,0.025060,29245,29245,32;40;48;56,0
3498,512,509,3,4,0,0.025614,29213,29213,32;40;48;56,0
3507,512,509,3,4,0,0.026077,29181,29181,32;40;48;56,0
3514,512,509,3,4,0,0.026471,29149,29149,32;40;48;56,0
3524,512,509,3,4,0,0.026976,29117,29117,32;40;48;56,0
3533,512,509,3,4,0,0.027419,29086,29086,32;40;48;56,0
3542,512,509,3,4,0,0.027739,29054,29054,32;40;48;56,0
3550,512,509,3,4,0,0.028261,29017,29017,32;40;48;56,0
3556,512,509,3,4,0,0.028644,28985,28985,32;40;48;56,0
3564,512,509,3,4,0,0.028960,28953,28953,32;40;48;56,0
3570,512,509,3,4,0,0.029465,28922,28922,32;40;48;56,0
3577,512,509,3,4,0,0.029790,28890,28890,32;40;48;56,0
3584,512,509,3,4,0,0.030148,28858,28858,32;40;48;56,0
3591,512,509,3,4,0,0.030600,28826,28826,32;40;48;56,0
3599,512,509,3,4,0,0.030841,28794,28794,32;40;48;56,0
3606,512,509,3,4,0,0.031225,28762,28762,32;40;48;56,0
3614,355,352,3,4,1,0.023390,28740,28740,32;40;48;56,0
3620,4,0,4,4,0,0.007705,28740,28740,32;40;48;56,0
3622,4,0,4,4,0,0.007705,28740,28740,32;40;48;56,0
3625,4,0,4,4,0,0.007705,28740,28740,32;40;48;56,0
3627,4,0,4,4,0,0.007705,28740,28740,32;40;48;56,0
3631,4,0,4,4,0,0.007705,28740,28740,32;40;48;56,0
3632,4,0,4,4,0,0.007705,28740,28740,32;40;48;56,0
3635,4,0,4,4,0,0.007705,28740,28740,32;40;48;56,0
3639,4,0,4,4,0,0.007705,28740,28740,32;40;48;56,0
3642,4,0,4,4,0,0.007705,28740,28740,32;40;48;56,0
3643,4,0,4,4,0,0.007705,28740,28740,32;40;48;56,0
3646,4,0,4,4,0,0.007705,28740,28740,32;40;48;56,0
3649,4,0,4,4,0,0.007705,28740,28740,32;40;48;56,0
3651,4,0,4,4,0,0.007705,28740,28740,32;40;48;56,0
3653,4,0,4,4,0,0.007705,28740,28740,32;40;48;56,0
3656,4,0,4,4,0,0.007705,28740,28740,32;40;48;56,0
3659,4,0,4,4,0,0.007705,28740,28740,32;40;48;56,0
3663,4,0,4,4,0,0.007705,28740,28740,32;40;48;56,0
3665,4,0,4,4,0,0.007705,28740,28740,32;40;48;56,0
3667,4,0,4,4,0,0.007705,28740,28740,32;40;48;56,0
3670,4,0,4,4,0,0.007705,28740,28740,32;40;48;56,0
3672,4,0,4,4,0,0.007705,28740,28740,32;40;48;56,0
3675,4,0,4,4,0,0.007705,28740,28740,32;40;48;56,0
3678,512,508,4,5,0,0.022876,28704,28704,32;40;48;56;64,0
3684,512,508,4,5,0,0.023374,28672,28672,32;40;48;56;64,0
3688,512,508,4,5,0,0.023818,28640,28640,32;40;48;56;64,0
3695,512,508,4,5,0,0.024297,28609,28609,32;40;48;56;64,0
3701,512,508,4,5,0,0.024809,28577,28577,32;40;48;56;64,0
3707,512,508,4,5,0,0.025232,28540,28540,32;40;48;56;64,0
3713,512,508,4,5,0,0.025787,28508,28508,32;40;48;56;64,0
3721,512,508,4,5,0,0.026250,28477,28477,32;40;48;56;64,0
3725,512,509,3,4,0,0.026641,28707,28707,40;48;56;64,0
3731,512,509,3,4,0,0.027146,28675,28675,40;48;56;64,0
3738,512,509,3,4,0,0.027589,28643,28643,40;48;56;64,0
3746,512,509,3,4,0,0.027909,28611,28611,40;48;56;64,0
3752,512,509,3,4,0,0.028431,28579,28579,40;48;56;64,0
3758,512,509,3,4,0,0.028814,28548,28548,40;48;56;64,0
3766,512,509,3,4,0,0.029130,28516,28516,40;48;56;64,0
3773,512,509,3,4,0,0.029635,28484,28484,40;48;56;64,0
3779,512,509,3,4,0,0.029960,28452,28452,40;48;56;64,0
3785,512,509,3,4,0,0.030318,28420,28420,40;48;56;64,0
3792,512,509,3,4,0,0.030770,28389,28389,40;48;56;64,0
3800,512,509,3,4,0,0.030991,28357,28357,40;48;56;64,0
3808,512,509,3,4,0,0.031395,28325,28325,40;48;56;64,0
3813,512,509,3,4,0,0.031605,28293,28293,40;48;56;64,0
3821,512,509,3,4,0,0.032218,28261,28261,40;48;56;64,0
3829,512,509,3,4,0,0.032686,28230,28230,40;48;56;64,0
3839,512,509,3,4,0,0.032885,28198,28198,40;48;56;64,0
3849,512,509,3,4,0,0.033323,28166,28166,40;48;56;64,0
3859,512,509,3,4,0,0.033786,28134,28134,40;48;56;64,0
3870,512,509,3,4,0,0.034023,28102,28102,40;48;56;64,0
3878,512,509,3,4,0,0.034516,28070,28070,40;48;56;64,0
3887,512,509,3,4,0,0.034863,28034,28034,40;48;56;64,0
3895,512,509,3,4,0,0.035164,28002,28002,40;48;56;64,0
3906,512,509,3,4,0,0.035845,27970,27970,40;48;56;64,0
3917,512,509,3,4,0,0.036072,27938,27938,40;48;56;64,0
3929,512,509,3,4,0,0.036335,27906,27906,40;48;56;64,0
3939,512,509,3,4,0,0.036925,27875,27875,40;48;56;64,0
3950,512,509,3,4,0,0.037138,27843,27843,40;48;56;64,0
3963,512,509,3,4,0,0.037446,27811,27811,40;48;56;64,0
3975,512,509,3,4,0,0.037932,27779,27779,40;48;56;64,0
3986,512,509,3,5,1,0.038295,27743,27743,40;48;56;64;72,0
4000,512,508,4,5,0,0.023264,27711,27711,40;48;56;64;72,0
4010,512,508,4,5,0,0.023705,27680,27680,40;48;56;64;72,0
4016,512,508,4,5,0,0.024211,27648,27648,40;48;56;64;72,0
4025,512,508,4,5,0,0.024680,27616,27616,40;48;56;64;72,0
4033,512,508,4,5,0,0.025168,27584,27584,40;48;56;64;72,0
4042,512,508,4,5,0,0.025617,27553,27553,40;48;56;64;72,0
4050,512,508,4,5,0,0.026190,27521,27521,40;48;56;64;72,0
4059,512,508,4,5,0,0.026554,27489,27489,40;48;56;64;72,0
4068,512,508,4,5,0,0.027030,27457,27457,40;48;56;64;72,0
4077,512,508,4,5,0,0.027511,27421,27421,40;48;56;64;72,0
4088,512,508,4,5,0,0.027889,27389,27389,40;48;56;64;72,0
4096,512,508,4,5,0,0.028289,27357,27357,40;48;56;64;72,0
4106,512,508,4,5,0,0.028812,27325,27325,40;48;56;64;72,0
4115,512,508,4,5,0,0.029105,27294,27294,40;48;56;64;72,0
4123,512,508,4,5,0,0.029523,27262,27262,40;48;56;64;72,0
4131,512,508,4,5,0,0.030006,27230,27230,40;48;56;64;72,0
4141,512,508,4,5,0,0.030264,27198,27198,40;48;56;64;72,0
4149,512,508,4,5,0,0.030696,27162,27162,40;48;56;64;72,0
4157,512,508,4,5,0,0.031127,27130,27130,40;48;56;64;72,0
4164,512,508,4,5,0,0.031300,27098,27098,40;48;56;64;72,0
4172,512,508,4,5,0,0.031777,27066,27066,40;48;56;64;72,0
4180,512,508,4,5,0,0.032147,27035,27035,40;48;56;64;72,0
4186,512,508,4,5,0,0.032642,27003,27003,40;48;56;64;72,0
4197,512,508,4,5,0,0.033041,26971,26971,40;48;56;64;72,0
4207,512,508,4,5,0,0.033393,26939,26939,40;48;56;64;72,0
4214,512,508,4,5,0,0.033713,26908,26908,40;48;56;64;72,0
4224,512,508,4,5,0,0.034148,26876,26876,40;48;56;64;72,0
4230,512,508,4,5,0,0.034486,26844,26844,40;48;56;64;72,0
4238,512,508,4,5,0,0.034913,26812,26812,40;48;56;64;72,0
4247,512,508,4,5,0,0.035222,26781,26781,40;48;56;64;72,0
4257,512,508,4,5,0,0.035741,26749,26749,40;48;56;64;72,0
4267,512,508,4,5,0,0.036171,26717,26717,40;48;56;64;72,0
4277,512,508,4,5,0,0.036397,26685,26685,40;48;56;64;72,0
4291,512,508,4,5,0,0.036783,26654,26654,40;48;56;64;72,0
4302,512,508,4,5,0,0.037247,26622,26622,40;48;56;64;72,0
4310,512,508,4,5,0,0.037453,26590,26590,40;48;56;64;72,0
4318,512,509,3,4,0,0.037727,27258,27258,40;48;64;72,0
4329,512,509,3,4,0,0.038079,27227,27227,40;48;64;72,0
4336,512,509,3,4,0,0.038530,27195,27195,40;48;64;72,0
4346,512,509,3,4,0,0.038985,27163,27163,40;48;64;72,0
4353,512,509,3,4,0,0.039230,27131,27131,40;48;64;72,0
4364,512,509,3,4,0,0.039476,27099,27099,40;48;64;72,0
4372,512,509,3,4,0,0.039973,27068,27068,40;48;64;72,0
4380,512,509,3,4,0,0.040263,27036,27036,40;48;64;72,0
4390,512,509,3,4,0,0.040771,27004,27004,40;48;64;72,0
4397,512,509,3,4,0,0.041245,26972,26972,40;48;64;72,0
4408,512,509,3,4,0,0.041621,26940,26940,40;48;64;72,0
4417,512,509,3,4,0,0.042036,26908,26908,40;48;64;72,0
4427,512,509,3,4,0,0.042213,26877,26877,40;48;64;72,0
4437,512,509,3,4,0,0.042556,26845,26845,40;48;64;72,0
4445,512,509,3,4,0,0.042991,26813,26813,40;48;64;72,0
4454,512,509,3,4,0,0.043272,26781,26781,40;48;64;72,0
4464,512,509,3,4,0,0.043874,26749,26749,40;48;64;72,0
4474,512,509,3,4,0,0.044226,26718,26718,40;48;64;72,0
4485,512,509,3,4,0,0.044624,26686,26686,40;48;64;72,0
4493,512,509,3,5,1,0.044838,26649,26649,40;48;64;72;80,0
4503,512,508,4,5,0,0.023842,26618,26618,40;48;64;72;80,0
4508,512,508,4,5,0,0.024333,26586,26586,40;48;64;72;80,0
4515,512,508,4,5,0,0.024642,26554,26554,40;48;64;72;80,0
4521,512,508,4,5,0,0.025277,26522,26522,40;48;64;72;80,0
4528,512,508,4,5,0,0.025746,26491,26491,40;48;64;72;80,0
4531,512,508,4,5,0,0.026009,26459,26459,40;48;64;72;80,0
4539,512,508,4,5,0,0.026473,26427,26427,40;48;64;72;80,0
4546,512,508,4,5,0,0.027120,26395,26395,40;48;64;72;80,0
4549,512,508,4,5,0,0.027432,26364,26364,40;48;64;72;80,0
4556,512,508,4,5,0,0.027813,26327,26327,40;48;64;72;80,0
4561,512,508,4,5,0,0.028404,26295,26295,40;48;64;72;80,0
4567,512,508,4,5,0,0.028669,26263,26263,40;48;64;72;80,0
4574,512,508,4,5,0,0.029118,26232,26232,40;48;64;72;80,0
4580,512,508,4,5,0,0.029609,26200,26200,40;48;64;72;80,0
4586,512,508,4,5,0,0.029929,26163,26163,40;48;64;72;80,0
4593,512,508,4,5,0,0.030253,26131,26131,40;48;64;72;80,0
4601,512,508,4,5,0,0.030809,26100,26100,40;48;64;72;80,0
4609,512,508,4,5,0,0.031066,26068,26068,40;48;64;72;80,0
4617,512,508,4,5,0,0.031368,26036,26036,40;48;64;72;80,0
4625,512,508,4,5,0,0.031900,26004,26004,40;48;64;72;80,0
4634,512,508,4,5,0,0.032106,25973,25973,40;48;64;72;80,0
4643,512,508,4,5,0,0.032480,25941,25941,40;48;64;72;80,0
4654,512,508,4,5,0,0.032943,25909,25909,40;48;64;72;80,0
4665,512,508,4,5,0,0.033394,25877,25877,40;48;64;72;80,0
4677,512,508,4,5,0,0.033721,25846,25846,40;48;64;72;80,0
4690,512,508,4,5,0,0.034021,25814,25814,40;48;64;72;80,0
4701,512,508,4,5,0,0.034514,25782,25782,40;48;64;72;80,0
4713,512,508,4,5,0,0.034795,25750,25750,40;48;64;72;80,0
4723,512,508,4,5,0,0.035187,25719,25719,40;48;64;72;80,0
4735,512,508,4,5,0,0.035609,25687,25687,40;48;64;72;80,0
4748,512,508,4,6,1,0.035842,25651,25651,40;48;64;72;80;88,0
4759,512,507,5,6,0,0.024000,25619,25619,40;48;64;72;80;88,0
4768,512,507,5,6,0,0.024349,25587,25587,40;48;64;72;80;88,0
4776,512,507,5,6,0,0.024930,25551,25551,40;48;64;72;80;88,0
4783,512,507,5,6,0,0.025376,25519,25519,40;48;64;72;80;88,0
4794,512,507,5,6,0,0.025817,25487,25487,40;48;64;72;80;88,0
4802,512,507,5,6,0,0.026359,25456,25456,40;48;64;72;80;88,0
4811,512,507,5,6,0,0.026843,25424,25424,40;48;64;72;80;88,0
4818,512,507,5,6,0,0.027259,25392,25392,40;48;64;72;80;88,0
4828,512,507,5,6,0,0.027767,25361,25361,40;48;64;72;80;88,0
4836,512,507,5,6,0,0.028061,25329,25329,40;48;64;72;80;88,0
4843,512,507,5,6,0,0.028511,25297,25297,40;48;64;72;80;88,0
4849,512,507,5,6,0,0.028878,25266,25266,40;48;64;72;80;88,0
4854,512,507,5,6,0,0.029383,25234,25234,40;48;64;72;80;88,0
4861,512,507,5,6,0,0.029703,25202,25202,40;48;64;72;80;88,0
4868,512,507,5,6,0,0.030127,25171,25171,40;48;64;72;80;88,0
4876,512,507,5,6,0,0.030534,25139,25139,40;48;64;72;80;88,0
4882,512,507,5,6,0,0.030858,25107,25107,40;48;64;72;80;88,0
4889,512,507,5,6,0,0.031276,25075,25075,40;48;64;72;80;88,0
4896,512,507,5,6,0,0.031680,25044,25044,40;48;64;72;80;88,0
4902,512,507,5,6,0,0.031917,25012,25012,40;48;64;72;80;88,0
4910,512,507,5,7,1,0.032705,24980,24980,40;48;64;72;80;88;96,0
4918,512,506,6,7,0,0.024302,24948,24948,40;48;64;72;80;88;96,0
4923,512,506,6,7,0,0.024793,24916,24916,40;48;64;72;80;88;96,0
4930,512,506,6,7,0,0.025101,24885,24885,40;48;64;72;80;88;96,0
4935,512,506,6,7,0,0.025737,24853,24853,40;48;64;72;80;88;96,0
4942,512,506,6,7,0,0.026206,24822,24822,40;48;64;72;80;88;96,0
4947,512,506,6,7,0,0.026511,24790,24790,40;48;64;72;80;88;96,0
4953,512,506,6,7,0,0.027189,24758,24758,40;48;64;72;80;88;96,0
4959,512,506,6,7,0,0.027617,24727,24727,40;48;64;72;80;88;96,0
4966,512,506,6,7,0,0.027927,24695,24695,40;48;64;72;80;88;96,0
4971,512,506,6,7,0,0.028539,24663,24663,40;48;64;72;80;88;96,0
4979,512,506,6,7,0,0.028890,24632,24632,40;48;64;72;80;88;96,0
4984,512,506,6,7,0,0.029129,24595,24595,40;48;64;72;80;88;96,0
4990,512,506,6,7,0,0.029578,24564,24564,40;48;64;72;80;88;96,0
4998,512,506,6,7,0,0.030068,24532,24532,40;48;64;72;80;88;96,0
5006,512,506,6,7,0,0.030388,24500,24500,40;48;64;72;80;88;96,0
5015,512,506,6,7,0,0.030712,24469,24469,40;48;64;72;80;88;96,0
5026,512,506,6,7,0,0.031268,24437,24437,40;48;64;72;80;88;96,0
5037,512,506,6,7,0,0.031525,24405,24405,40;48;64;72;80;88;96,0
5046,512,506,6,7,0,0.031827,24374,24374,40;48;64;72;80;88;96,0
5056,512,506,6,7,0,0.032360,24342,24342,40;48;64;72;80;88;96,0
5066,512,506,6,7,0,0.032565,24311,24311,40;48;64;72;80;88;96,0
5077,512,506,6,7,0,0.032940,24274,24274,40;48;64;72;80;88;96,0
5085,512,506,6,7,0,0.033402,24242,24242,40;48;64;72;80;88;96,0
5093,512,506,6,7,0,0.033853,24211,24211,40;48;64;72;80;88;96,0
5102,512,506,6,7,0,0.034181,24179,24179,40;48;64;72;80;88;96,0
5110,512,506,6,7,0,0.034480,24147,24147,40;48;64;72;80;88;96,0
5118,512,506,6,7,0,0.034973,24116,24116,40;48;64;72;80;88;96,0
5127,512,506,6,7,0,0.035254,24084,24084,40;48;64;72;80;88;96,0
5137,512,506,6,7,0,0.035647,24053,24053,40;48;64;72;80;88;96,0
5146,512,506,6,7,0,0.036069,24021,24021,40;48;64;72;80;88;96,0
5153,512,506,6,7,0,0.036565,23989,23989,40;48;64;72;80;88;96,0
5163,512,506,6,7,0,0.036833,23958,23958,40;48;64;72;80;88;96,0
5170,512,506,6,7,0,0.037089,23926,23926,40;48;64;72;80;88;96,0
5181,512,507,5,6,0,0.037372,24556,24556,40;48;64;72;80;96,0
5190,512,507,5,6,0,0.037788,24525,24525,40;48;64;72;80;96,0
5203,512,507,5,6,0,0.038092,24493,24493,40;48;64;72;80;96,0
5214,512,507,5,6,0,0.038515,24461,24461,40;48;64;72;80;96,0
5227,512,507,5,6,0,0.038878,24425,24425,40;48;64;72;80;96,0
5241,512,507,5,6,0,0.039375,24393,24393,40;48;64;72;80;96,0
5251,512,507,5,6,0,0.039783,24361,24361,40;48;64;72;80;96,0
5265,512,507,5,6,0,0.040026,24330,24330,40;48;64;72;80;96,0
5275,512,507,5,6,0,0.040308,24298,24298,40;48;64;72;80;96,0
5284,512,507,5,6,0,0.040770,24261,24261,40;48;64;72;80;96,0
5296,512,507,5,6,0,0.041098,24229,24229,40;48;64;72;80;96,0
5304,512,507,5,6,0,0.041635,24198,24198,40;48;64;72;80;96,0
5313,512,507,5,6,0,0.041976,24166,24166,40;48;64;72;80;96,0
5325,512,507,5,6,0,0.042463,24129,24129,40;48;64;72;80;96,0
5336,512,507,5,6,0,0.042859,24098,24098,40;48;64;72;80;96,0
5346,512,507,5,6,0,0.043022,24066,24066,40;48;64;72;80;96,0
5356,512,507,5,6,0,0.043358,24034,24034,40;48;64;72;80;96,0
5366,512,507,5,7,1,0.043803,23998,23998,40;48;64;72;80;96;104,0
5378,512,506,6,7,0,0.024275,23967,23967,40;48;64;72;80;96;104,0
5386,512,506,6,7,0,0.024682,23935,23935,40;48;64;72;80;96;104,0
5392,512,506,6,7,0,0.025247,23904,23904,40;48;64;72;80;96;104,0
5396,512,506,6,7,0,0.025704,23872,23872,40;48;64;72;80;96;104,0
5402,512,506,6,7,0,0.026145,23840,23840,40;48;64;72;80;96;104,0
5410,512,506,6,7,0,0.026655,23809,23809,40;48;64;72;80;96;104,0
5416,512,506,6,7,0,0.027131,23777,23777,40;48;64;72;80;96;104,0
5423,512,506,6,7,0,0.027590,23745,23745,40;48;64;72;80;96;104,0
5430,512,506,6,7,0,0.028008,23714,23714,40;48;64;72;80;96;104,0
5436,512,506,6,7,0,0.028437,23682,23682,40;48;64;72;80;96;104,0
5442,512,506,6,7,0,0.028926,23646,23646,40;48;64;72;80;96;104,0
5451,512,506,6,7,0,0.029267,23614,23614,40;48;64;72;80;96;104,0
5461,512,506,6,7,0,0.029764,23582,23582,40;48;64;72;80;96;104,0
5470,512,506,6,7,0,0.030115,23551,23551,40;48;64;72;80;96;104,0
5480,512,506,6,7,0,0.030500,23519,23519,40;48;64;72;80;96;104,0
5490,512,506,6,7,0,0.030908,23487,23487,40;48;64;72;80;96;104,0
5498,512,506,6,7,0,0.031274,23456,23456,40;48;64;72;80;96;104,0
5509,512,506,6,7,0,0.031673,23424,23424,40;48;64;72;80;96;104,0
5519,512,507,5,6,0,0.031801,24638,24638,40;48;72;80;96;104,0
5528,512,507,5,6,0,0.031974,24606,24606,40;48;72;80;96;104,0
5537,512,507,5,6,0,0.032451,24574,24574,40;48;72;80;96;104,0
5548,512,507,5,6,0,0.032822,24542,24542,40;48;72;80;96;104,0
5559,512,507,5,7,1,0.033231,24506,24506,40;48;72;80;96;104;112,0
5570,512,506,6,7,0,0.024144,24475,24475,40;48;72;80;96;104;112,0
5581,512,506,6,7,0,0.024781,24443,24443,40;48;72;80;96;104;112,0
5591,512,506,6,7,0,0.025108,24411,24411,40;48;72;80;96;104;112,0
5598,512,506,6,7,0,0.025517,24380,24380,40;48;72;80;96;104;112,0
5610,512,506,6,7,0,0.025955,24348,24348,40;48;72;80;96;104;112,0
5620,512,506,6,7,0,0.026496,24316,24316,40;48;72;80;96;104;112,0
5629,512,506,6,7,0,0.026980,24285,24285,40;48;72;80;96;104;112,0
5640,512,506,6,7,0,0.027397,24253,24253,40;48;72;80;96;104;112,0
5651,512,506,6,7,0,0.027905,24222,24222,40;48;72;80;96;104;112,0
5661,512,506,6,7,0,0.028326,24190,24190,40;48;72;80;96;104;112,0
5672,512,506,6,7,0,0.028726,24158,24158,40;48;72;80;96;104;112,0
5682,512,506,6,7,0,0.029166,24127,24127,40;48;72;80;96;104;112,0
5695,512,506,6,7,0,0.029634,24095,24095,40;48;72;80;96;104;112,0
5703,512,506,6,7,0,0.029933,24063,24063,40;48;72;80;96;104;112,0
5716,512,506,6,7,0,0.030401,24032,24032,40;48;72;80;96;104;112,0
5727,512,506,6,7,0,0.030672,24000,24000,40;48;72;80;96;104;112,0
5739,512,506,6,8,1,0.031414,23967,23967,40;48;72;80;96;104;112;120,0
5749,512,505,7,8,0,0.024641,23935,23935,40;48;72;80;96;104;112;120,0
5760,512,505,7,8,0,0.025085,23904,23904,40;48;72;80;96;104;112;120,0
5770,512,505,7,8,0,0.025390,23872,23872,40;48;72;80;96;104;112;120,0
5778,512,505,7,8,0,0.026026,23841,23841,40;48;72;80;96;104;112;120,0
5789,512,505,7,8,0,0.026495,23809,23809,40;48;72;80;96;104;112;120,0
5798,512,505,7,8,0,0.026800,23778,23778,40;48;72;80;96;104;112;120,0
5808,512,505,7,8,0,0.027478,23746,23746,40;48;72;80;96;104;112;120,0
5820,512,506,6,7,0,0.027770,24075,24075,40;72;80;96;104;112;120,0
5829,512,506,6,7,0,0.028080,24044,24044,40;72;80;96;104;112;120,0
5842,167,161,6,7,1,0.012722,24034,24034,40;72;80;96;104;112;120,0
5849,7,0,7,7,0,0.008909,24029,24029,40;72;80;96;104;112;120,0
5853,7,0,7,7,0,0.008909,24029,24029,40;72;80;96;104;112;120,0
5859,7,0,7,7,0,0.008909,24029,24029,40;72;80;96;104;112;120,0
5864,7,0,7,7,0,0.008909,24029,24029,40;72;80;96;104;112;120,0
5868,7,0,7,7,0,0.008909,24029,24029,40;72;80;96;104;112;120,0
5873,7,0,7,7,0,0.008909,24029,24029,40;72;80;96;104;112;120,0
5878,7,0,7,7,0,0.008909,24029,24029,40;72;80;96;104;112;120,0
5883,7,0,7,7,0,0.008909,24029,24029,40;72;80;96;104;112;120,0
5888,7,0,7,7,0,0.008909,24029,24029,40;72;80;96;104;112;120,0
5893,7,0,7,7,0,0.008909,24029,24029,40;72;80;96;104;112;120,0
5898,7,0,7,7,0,0.008909,24029,24029,40;72;80;96;104;112;120,0
5903,7,0,7,7,0,0.008909,24029,24029,40;72;80;96;104;112;120,0
5908,7,0,7,7,0,0.008909,24029,24029,40;72;80;96;104;112;120,0
5913,7,0,7,7,0,0.008909,24029,24029,40;72;80;96;104;112;120,0
5918,7,0,7,7,0,0.008909,24024,24024,40;72;80;96;104;112;120,0
5923,7,0,7,7,0,0.008909,24024,24024,40;72;80;96;104;112;120,0
5928,7,0,7,7,0,0.008909,24019,24019,40;72;80;96;104;112;120,0
5932,7,0,7,7,0,0.008909,24019,24019,40;72;80;96;104;112;120,0
5937,7,0,7,7,0,0.008909,24019,24019,40;72;80;96;104;112;120,0
5942,7,0,7,7,0,0.008909,24019,24019,40;72;80;96;104;112;120,0
5948,7,0,7,7,0,0.008909,24019,24019,40;72;80;96;104;112;120,0
5953,7,0,7,7,0,0.008909,24019,24019,40;72;80;96;104;112;120,0
5957,7,0,7,7,0,0.008909,24019,24019,40;72;80;96;104;112;120,0
5963,7,0,7,7,0,0.008909,24019,24019,40;72;80;96;104;112;120,0
5967,7,0,7,7,0,0.008909,24019,24019,40;72;80;96;104;112;120,0
5973,7,0,7,7,0,0.008909,24014,24014,40;72;80;96;104;112;120,0
5979,7,0,7,7,0,0.008909,24014,24014,40;72;80;96;104;112;120,0
5983,7,0,7,7,0,0.008909,24014,24014,40;72;80;96;104;112;120,0
5987,7,0,7,7,0,0.008909,24014,24014,40;72;80;96;104;112;120,0
5993,7,0,7,7,0,0.008909,24014,24014,40;72;80;96;104;112;120,0
5998,7,0,7,7,0,0.008909,24014,24014,40;72;80;96;104;112;120,0
6004,7,0,7,7,0,0.008909,24014,24014,40;72;80;96;104;112;120,0
6010,7,0,7,7,0,0.008909,24014,24014,40;72;80;96;104;112;120,0
6014,7,0,7,7,0,0.008909,24014,24014,40;72;80;96;104;112;120,0
6018,7,0,7,7,0,0.008909,24014,24014,40;72;80;96;104;112;120,0
6025,7,0,7,7,0,0.008909,24014,24014,40;72;80;96;104;112;120,0
6029,7,0,7,7,0,0.008909,24014,24014,40;72;80;96;104;112;120,0
6033,7,0,7,7,0,0.008909,24014,24014,40;72;80;96;104;112;120,0
6039,7,0,7,7,0,0.008909,24014,24014,40;72;80;96;104;112;120,0
6042,7,0,7,7,0,0.008909,24014,24014,40;72;80;96;104;112;120,0
6047,7,0,7,7,0,0.008909,24009,24009,40;72;80;96;104;112;120,0
6053,7,0,7,7,0,0.008909,24009,24009,40;72;80;96;104;112;120,0
6058,7,0,7,7,0,0.008909,24009,24009,40;72;80;96;104;112;120,0
6063,7,0,7,7,0,0.008909,24009,24009,40;72;80;96;104;112;120,0
6069,7,0,7,7,0,0.008909,24009,24009,40;72;80;96;104;112;120,0
6074,7,0,7,7,0,0.008909,24004,24004,40;72;80;96;104;112;120,0
6078,7,0,7,7,0,0.008909,24004,24004,40;72;80;96;104;112;120,0
6083,7,0,7,7,0,0.008909,24004,24004,40;72;80;96;104;112;120,0
6089,7,0,7,7,0,0.008909,24004,24004,40;72;80;96;104;112;120,0
6094,7,0,7,7,0,0.008909,24004,24004,40;72;80;96;104;112;120,0
6099,7,0,7,7,0,0.008909,24004,24004,40;72;80;96;104;112;120,0
6104,7,0,7,7,0,0.008909,24004,24004,40;72;80;96;104;112;120,0
6109,7,0,7,7,0,0.008909,24004,24004,40;72;80;96;104;112;120,0
6113,7,0,7,7,0,0.008909,24004,24004,40;72;80;96;104;112;120,0
6119,7,0,7,7,0,0.008909,24004,24004,40;72;80;96;104;112;120,0
6125,7,0,7,7,0,0.008909,24004,24004,40;72;80;96;104;112;120,0
6130,7,0,7,7,0,0.008909,24004,24004,40;72;80;96;104;112;120,0
6134,7,0,7,7,0,0.008909,24004,24004,40;72;80;96;104;112;120,0
6140,7,0,7,7,0,0.008909,24004,24004,40;72;80;96;104;112;120,0
6143,7,0,7,7,0,0.008909,24004,24004,40;72;80;96;104;112;120,0
6148,7,0,7,7,0,0.008909,24004,24004,40;72;80;96;104;112;120,0
6155,7,0,7,7,0,0.008909,24004,24004,40;72;80;96;104;112;120,0
6159,7,0,7,7,0,0.008909,24004,24004,40;72;80;96;104;112;120,0
6163,7,0,7,7,0,0.008909,24004,24004,40;72;80;96;104;112;120,0
6168,7,0,7,7,0,0.008909,24004,24004,40;72;80;96;104;112;120,0
6173,7,0,7,7,0,0.008909,24004,24004,40;72;80;96;104;112;120,0
6180,7,0,7,7,0,0.008909,24004,24004,40;72;80;96;104;112;120,0
6184,7,0,7,7,0,0.008909,23999,23999,40;72;80;96;104;112;120,0
6190,7,0,7,7,0,0.008909,23999,23999,40;72;80;96;104;112;120,0
6193,7,0,7,7,0,0.008909,23999,23999,40;72;80;96;104;112;120,0
6197,7,0,7,7,0,0.008909,23999,23999,40;72;80;96;104;112;120,0
6202,7,0,7,7,0,0.008909,23999,23999,40;72;80;96;104;112;120,0
6209,7,0,7,7,0,0.008918,23999,23999,40;72;80;96;104;112;120,0
6213,7,0,7,7,0,0.008918,23999,23999,40;72;80;96;104;112;120,0
6218,7,0,7,7,0,0.008918,23999,23999,40;72;80;96;104;112;120,0
6223,7,0,7,7,0,0.008918,23999,23999,40;72;80;96;104;112;120,0
6227,7,0,7,7,0,0.008918,23999,23999,40;72;80;96;104;112;120,0
6232,7,0,7,7,0,0.008918,23999,23999,40;72;80;96;104;112;120,0
6238,7,0,7,7,0,0.008918,23999,23999,40;72;80;96;104;112;120,0
6243,7,0,7,7,0,0.008918,23999,23999,40;72;80;96;104;112;120,0
6247,7,0,7,7,0,0.008918,23994,23994,40;72;80;96;104;112;120,0
6252,6,0,6,6,0,0.008927,24152,24152,72;80;96;104;112;120,0
6258,6,0,6,6,0,0.008927,24152,24152,72;80;96;104;112;120,0
6262,6,0,6,6,0,0.008927,24152,24152,72;80;96;104;112;120,0
6268,6,0,6,6,0,0.008927,24152,24152,72;80;96;104;112;120,0
6272,6,0,6,6,0,0.008927,24152,24152,72;80;96;104;112;120,0
6277,6,0,6,6,0,0.008927,24152,24152,72;80;96;104;112;120,0
6281,6,0,6,6,0,0.008927,24152,24152,72;80;96;104;112;120,0
6287,6,0,6,6,0,0.008927,24152,24152,72;80;96;104;112;120,0
6290,6,0,6,6,0,0.008927,24152,24152,72;80;96;104;112;120,0
6296,6,0,6,6,0,0.008927,24152,24152,72;80;96;104;112;120,0
6302,6,0,6,6,0,0.008927,24152,24152,72;80;96;104;112;120,0
6306,6,0,6,6,0,0.008927,24152,24152,72;80;96;104;112;120,0
6311,6,0,6,6,0,0.008927,24152,24152,72;80;96;104;112;120,0
6316,6,0,6,6,0,0.008927,24147,24147,72;80;96;104;112;120,0
6321,6,0,6,6,0,0.008927,24147,24147,72;80;96;104;112;120,0
6325,6,0,6,6,0,0.008927,24142,24142,72;80;96;104;112;120,0
6329,6,0,6,6,0,0.008927,24142,24142,72;80;96;104;112;120,0
6335,6,0,6,6,0,0.008927,24142,24142,72;80;96;104;112;120,0
6340,6,0,6,6,0,0.008927,24142,24142,72;80;96;104;112;120,0
6344,6,0,6,6,0,0.008927,24142,24142,72;80;96;104;112;120,0
6350,6,0,6,6,0,0.008927,24142,24142,72;80;96;104;112;120,0
6355,6,0,6,6,0,0.008927,24142,24142,72;80;96;104;112;120,0
6360,6,0,6,6,0,0.008927,24142,24142,72;80;96;104;112;120,0
6365,6,0,6,6,0,0.008927,24142,24142,72;80;96;104;112;120,0
6371,6,0,6,6,0,0.008927,24137,24137,72;80;96;104;112;120,0
6375,6,0,6,6,0,0.008927,24137,24137,72;80;96;104;112;120,0
6378,6,0,6,6,0,0.008927,24137,24137,72;80;96;104;112;120,0
6382,6,0,6,6,0,0.008927,24137,24137,72;80;96;104;112;120,0
6389,6,0,6,6,0,0.008927,24137,24137,72;80;96;104;112;120,0
6394,6,0,6,6,0,0.008927,24137,24137,72;80;96;104;112;120,0
6398,6,0,6,6,0,0.008927,24137,24137,72;80;96;104;112;120,0
6403,6,0,6,6,0,0.008927,24137,24137,72;80;96;104;112;120,0
6409,6,0,6,6,0,0.008927,24137,24137,72;80;96;104;112;120,0
6413,6,0,6,6,0,0.008927,24137,24137,72;80;96;104;112;120,0
6418,6,0,6,6,0,0.008927,24137,24137,72;80;96;104;112;120,0
6424,6,0,6,6,0,0.008927,24137,24137,72;80;96;104;112;120,0
6428,6,0,6,6,0,0.008927,24137,24137,72;80;96;104;112;120,0
6432,6,0,6,6,0,0.008927,24137,24137,72;80;96;104;112;120,0
6436,6,0,6,6,0,0.008927,24137,24137,72;80;96;104;112;120,0
6441,6,0,6,6,0,0.008927,24137,24137,72;80;96;104;112;120,0
6447,6,0,6,6,0,0.008927,24137,24137,72;80;96;104;112;120,0
6451,6,0,6,6,0,0.008927,24137,24137,72;80;96;104;112;120,0
6455,6,0,6,6,0,0.008927,24137,24137,72;80;96;104;112;120,0
6461,6,0,6,6,0,0.008927,24137,24137,72;80;96;104;112;120,0
6465,6,0,6,6,0,0.008927,24132,24132,72;80;96;104;112;120,0
6470,6,0,6,6,0,0.008927,24132,24132,72;80;96;104;112;120,0
6475,6,0,6,6,0,0.008927,24132,24132,72;80;96;104;112;120,0
6480,6,0,6,6,0,0.008927,24132,24132,72;80;96;104;112;120,0
6485,6,0,6,6,0,0.008927,24132,24132,72;80;96;104;112;120,0
6490,6,0,6,6,0,0.008927,24132,24132,72;80;96;104;112;120,0
6494,6,0,6,6,0,0.008927,24132,24132,72;80;96;104;112;120,0
6500,6,0,6,6,0,0.008927,24132,24132,72;80;96;104;112;120,0
6504,6,0,6,6,0,0.008927,24132,24132,72;80;96;104;112;120,0
6509,6,0,6,6,0,0.008927,24132,24132,72;80;96;104;112;120,0
6515,6,0,6,6,0,0.008927,24132,24132,72;80;96;104;112;120,0
6519,6,0,6,6,0,0.008927,24132,24132,72;80;96;104;112;120,0
6523,6,0,6,6,0,0.008927,24132,24132,72;80;96;104;112;120,0
6529,6,0,6,6,0,0.008927,24132,24132,72;80;96;104;112;120,0
6533,6,0,6,6,0,0.008927,24132,24132,72;80;96;104;112;120,0
6538,6,0,6,6,0,0.008927,24132,24132,72;80;96;104;112;120,0
6542,6,0,6,6,0,0.008927,24132,24132,72;80;96;104;112;120,0
6548,6,0,6,6,0,0.008927,24132,24132,72;80;96;104;112;120,0
6552,6,0,6,6,0,0.008927,24132,24132,72;80;96;104;112;120,0
6558,6,0,6,6,0,0.008927,24132,24132,72;80;96;104;112;120,0
6562,6,0,6,6,0,0.008927,24132,24132,72;80;96;104;112;120,0
6566,6,0,6,6,0,0.008927,24132,24132,72;80;96;104;112;120,0
6572,6,0,6,6,0,0.008927,24127,24127,72;80;96;104;112;120,0
6578,6,0,6,6,0,0.008927,24127,24127,72;80;96;104;112;120,0
6582,6,0,6,6,0,0.008927,24127,24127,72;80;96;104;112;120,0
6587,6,0,6,6,0,0.008927,24127,24127,72;80;96;104;112;120,0
6593,6,0,6,6,0,0.008927,24127,24127,72;80;96;104;112;120,0
6598,6,0,6,6,0,0.008927,24127,24127,72;80;96;104;112;120,0
6603,6,0,6,6,0,0.008927,24127,24127,72;80;96;104;112;120,0
6608,6,0,6,6,0,0.008927,24127,24127,72;80;96;104;112;120,0
6613,6,0,6,6,0,0.008927,24127,24127,72;80;96;104;112;120,0
6619,6,0,6,6,0,0.008927,24127,24127,72;80;96;104;112;120,0
6624,6,0,6,6,0,0.008927,24127,24127,72;80;96;104;112;120,0
6629,6,0,6,6,0,0.008927,24127,24127,72;80;96;104;112;120,0
6635,6,0,6,6,0,0.008927,24127,24127,72;80;96;104;112;120,0
6641,6,0,6,6,0,0.008927,24122,24122,72;80;96;104;112;120,0
6648,6,0,6,6,0,0.008927,24122,24122,72;80;96;104;112;120,0
6653,6,0,6,6,0,0.008927,24122,24122,72;80;96;104;112;120,0
6658,6,0,6,6,0,0.008927,24122,24122,72;80;96;104;112;120,0
6663,6,0,6,6,0,0.008927,24122,24122,72;80;96;104;112;120,0
6668,6,0,6,6,0,0.008927,24122,24122,72;80;96;104;112;120,0
6673,6,0,6,6,0,0.008927,24122,24122,72;80;96;104;112;120,0
6679,6,0,6,6,0,0.008927,24122,24122,72;80;96;104;112;120,0
6685,6,0,6,6,0,0.008927,24122,24122,72;80;96;104;112;120,0
6691,6,0,6,6,0,0.008927,24122,24122,72;80;96;104;112;120,0
6697,6,0,6,6,0,0.008927,24122,24122,72;80;96;104;112;120,0
6702,6,0,6,6,0,0.008927,24122,24122,72;80;96;104;112;120,0
6707,6,0,6,6,0,0.008927,24122,24122,72;80;96;104;112;120,0
6713,6,0,6,6,0,0.008927,24122,24122,72;80;96;104;112;120,0
6717,6,0,6,6,0,0.008927,24117,24117,72;80;96;104;112;120,0
6723,6,0,6,6,0,0.008927,24117,24117,72;80;96;104;112;120,0
6728,6,0,6,6,0,0.008927,24112,24112,72;80;96;104;112;120,0
6732,6,0,6,6,0,0.008927,24112,24112,72;80;96;104;112;120,0
6739,6,0,6,6,0,0.008927,24112,24112,72;80;96;104;112;120,0
6744,6,0,6,6,0,0.008927,24112,24112,72;80;96;104;112;120,0
6750,6,0,6,6,0,0.008927,24112,24112,72;80;96;104;112;120,0
6755,6,0,6,6,0,0.008927,24112,24112,72;80;96;104;112;120,0
6762,6,0,6,6,0,0.008927,24112,24112,72;80;96;104;112;120,0
6767,6,0,6,6,0,0.008927,24112,24112,72;80;96;104;112;120,0
6772,6,0,6,6,0,0.008927,24112,24112,72;80;96;104;112;120,0
6777,6,0,6,6,0,0.008927,24107,24107,72;80;96;104;112;120,0
6783,6,0,6,6,0,0.008927,24107,24107,72;80;96;104;112;120,0
6788,6,0,6,6,0,0.008938,24107,24107,72;80;96;104;112;120,0
6794,6,0,6,6,0,0.008938,24107,24107,72;80;96;104;112;120,0
6800,6,0,6,6,0,0.008938,24107,24107,72;80;96;104;112;120,0
6805,6,0,6,6,0,0.008938,24107,24107,72;80;96;104;112;120,0
6809,6,0,6,6,0,0.008938,24107,24107,72;80;96;104;112;120,0
6816,6,0,6,6,0,0.008938,24107,24107,72;80;96;104;112;120,0
6822,6,0,6,6,0,0.008938,24107,24107,72;80;96;104;112;120,0
6827,6,0,6,6,0,0.008938,24107,24107,72;80;96;104;112;120,0
6833,6,0,6,6,0,0.008938,24107,24107,72;80;96;104;112;120,0
6838,6,0,6,6,0,0.008938,24107,24107,72;80;96;104;112;120,0
6844,6,0,6,6,0,0.008938,24107,24107,72;80;96;104;112;120,0
6849,6,0,6,6,0,0.008938,24107,24107,72;80;96;104;112;120,0
6854,6,0,6,6,0,0.008938,24107,24107,72;80;96;104;112;120,0
6859,6,0,6,6,0,0.008938,24107,24107,72;80;96;104;112;120,0
6864,6,0,6,6,0,0.008938,24107,24107,72;80;96;104;112;120,0
6871,6,0,6,6,0,0.008938,24107,24107,72;80;96;104;112;120,0
6876,6,0,6,6,0,0.008938,24107,24107,72;80;96;104;112;120,0
6882,6,0,6,6,0,0.008938,24107,24107,72;80;96;104;112;120,0
6887,6,0,6,6,0,0.008938,24102,24102,72;80;96;104;112;120,0
6892,6,0,6,6,0,0.008938,24102,24102,72;80;96;104;112;120,0
6898,6,0,6,6,0,0.008938,24102,24102,72;80;96;104;112;120,0
6903,6,0,6,6,0,0.008938,24102,24102,72;80;96;104;112;120,0
6909,6,0,6,6,0,0.008938,24102,24102,72;80;96;104;112;120,0
6916,6,0,6,6,0,0.008938,24102,24102,72;80;96;104;112;120,0
6921,6,0,6,6,0,0.008938,24102,24102,72;80;96;104;112;120,0
6926,6,0,6,6,0,0.008938,24102,24102,72;80;96;104;112;120,0
6931,6,0,6,6,0,0.008938,24102,24102,72;80;96;104;112;120,0
6937,6,0,6,6,0,0.008938,24102,24102,72;80;96;104;112;120,0
6942,6,0,6,6,0,0.008938,24102,24102,72;80;96;104;112;120,0
6948,6,0,6,6,0,0.008938,24102,24102,72;80;96;104;112;120,0
6955,6,0,6,6,0,0.008938,24102,24102,72;80;96;104;112;120,0
6960,6,0,6,6,0,0.008938,24102,24102,72;80;96;104;112;120,0
6964,6,0,6,6,0,0.008938,24102,24102,72;80;96;104;112;120,0
6969,6,0,6,6,0,0.008938,24102,24102,72;80;96;104;112;120,0
6975,6,0,6,6,0,0.008938,24102,24102,72;80;96;104;112;120,0
6981,6,0,6,6,0,0.008938,24102,24102,72;80;96;104;112;120,0
6988,6,0,6,6,0,0.008938,24102,24102,72;80;96;104;112;120,0
6993,6,0,6,6,0,0.008938,24102,24102,72;80;96;104;112;120,0
6998,6,0,6,6,0,0.008938,24102,24102,72;80;96;104;112;120,0
7003,6,0,6,6,0,0.008938,24102,24102,72;80;96;104;112;120,0
7008,6,0,6,6,0,0.008938,24097,24097,72;80;96;104;112;120,0
7014,6,0,6,6,0,0.008938,24097,24097,72;80;96;104;112;120,0
7020,6,0,6,6,0,0.008938,24097,24097,72;80;96;104;112;120,0
7026,6,0,6,6,0,0.008938,24097,24097,72;80;96;104;112;120,0
7032,6,0,6,6,0,0.008938,24097,24097,72;80;96;104;112;120,0
7038,6,0,6,6,0,0.008938,24097,24097,72;80;96;104;112;120,0
7043,6,0,6,6,0,0.008938,24097,24097,72;80;96;104;112;120,0
7047,6,0,6,6,0,0.008938,24097,24097,72;80;96;104;112;120,0
7053,6,0,6,6,0,0.008938,24097,24097,72;80;96;104;112;120,0
7059,6,0,6,6,0,0.008938,24097,24097,72;80;96;104;112;120,0
7066,6,0,6,6,0,0.008938,24097,24097,72;80;96;104;112;120,0
7071,6,0,6,6,0,0.008938,24097,24097,72;80;96;104;112;120,0
7076,6,0,6,6,0,0.008938,24097,24097,72;80;96;104;112;120,0
7082,6,0,6,6,0,0.008938,24092,24092,72;80;96;104;112;120,0
7086,6,0,6,6,0,0.008938,24092,24092,72;80;96;104;112;120,0
7094,6,0,6,6,0,0.008938,24092,24092,72;80;96;104;112;120,0
7099,6,0,6,6,0,0.008938,24092,24092,72;80;96;104;112;120,0
7105,6,0,6,6,0,0.008938,24092,24092,72;80;96;104;112;120,0
7110,6,0,6,6,0,0.008938,24092,24092,72;80;96;104;112;120,0
7115,6,0,6,6,0,0.008938,24092,24092,72;80;96;104;112;120,0
7121,6,0,6,6,0,0.008938,24092,24092,72;80;96;104;112;120,0
7125,6,0,6,6,0,0.008938,24092,24092,72;80;96;104;112;120,0
7132,6,0,6,6,0,0.008938,24092,24092,72;80;96;104;112;120,0
7137,6,0,6,6,0,0.008938,24092,24092,72;80;96;104;112;120,0
7142,6,0,6,6,0,0.008938,24092,24092,72;80;96;104;112;120,0
7148,6,0,6,6,0,0.008938,24092,24092,72;80;96;104;112;120,0
7154,6,0,6,6,0,0.008938,24092,24092,72;80;96;104;112;120,0
7159,6,0,6,6,0,0.008938,24087,24087,72;80;96;104;112;120,0
7164,6,0,6,6,0,0.008938,24087,24087,72;80;96;104;112;120,0
7170,6,0,6,6,0,0.008938,24082,24082,72;80;96;104;112;120,0
7175,6,0,6,6,0,0.008938,24082,24082,72;80;96;104;112;120,0
7181,6,0,6,6,0,0.008938,24082,24082,72;80;96;104;112;120,0
7187,6,0,6,6,0,0.008938,24082,24082,72;80;96;104;112;120,0
7192,6,0,6,6,0,0.008938,24082,24082,72;80;96;104;112;120,0
7197,6,0,6,6,0,0.008938,24082,24082,72;80;96;104;112;120,0
7202,6,0,6,6,0,0.008938,24082,24082,72;80;96;104;112;120,0
7209,6,0,6,6,0,0.008938,24082,24082,72;80;96;104;112;120,0
7214,6,0,6,6,0,0.008938,24082,24082,72;80;96;104;112;120,0
7219,6,0,6,6,0,0.008938,24077,24077,72;80;96;104;112;120,0
7225,6,0,6,6,0,0.008938,24077,24077,72;80;96;104;112;120,0
7230,6,0,6,6,0,0.008938,24077,24077,72;80;96;104;112;120,0
7236,6,0,6,6,0,0.008938,24077,24077,72;80;96;104;112;120,0
7241,6,0,6,6,0,0.008938,24077,24077,72;80;96;104;112;120,0
7247,6,0,6,6,0,0.008938,24077,24077,72;80;96;104;112;120,0
7252,6,0,6,6,0,0.008938,24077,24077,72;80;96;104;112;120,0
7258,6,0,6,6,0,0.008938,24077,24077,72;80;96;104;112;120,0
7264,6,0,6,6,0,0.008938,24077,24077,72;80;96;104;112;120,0
7270,6,0,6,6,0,0.008938,24077,24077,72;80;96;104;112;120,0
7276,6,0,6,6,0,0.008938,24077,24077,72;80;96;104;112;120,0
7280,6,0,6,6,0,0.008938,24077,24077,72;80;96;104;112;120,0
7285,6,0,6,6,0,0.008938,24077,24077,72;80;96;104;112;120,0
7290,6,0,6,6,0,0.008938,24077,24077,72;80;96;104;112;120,0
7296,6,0,6,6,0,0.008938,24077,24077,72;80;96;104;112;120,0
7301,6,0,6,6,0,0.008938,24077,24077,72;80;96;104;112;120,0
7308,6,0,6,6,0,0.008938,24077,24077,72;80;96;104;112;120,0
7314,6,0,6,6,0,0.008938,24077,24077,72;80;96;104;112;120,0
7319,6,0,6,6,0,0.008938,24077,24077,72;80;96;104;112;120,0
7323,6,0,6,6,0,0.008938,24077,24077,72;80;96;104;112;120,0
7329,6,0,6,6,0,0.008938,24072,24072,72;80;96;104;112;120,0
7334,6,0,6,6,0,0.008938,24072,24072,72;80;96;104;112;120,0
7339,6,0,6,6,0,0.008938,24072,24072,72;80;96;104;112;120,0
7345,6,0,6,6,0,0.008938,24072,24072,72;80;96;104;112;120,0
7351,6,0,6,6,0,0.008938,24072,24072,72;80;96;104;112;120,0
7358,6,0,6,6,0,0.008938,24072,24072,72;80;96;104;112;120,0
7362,6,0,6,6,0,0.008938,24072,24072,72;80;96;104;112;120,0
7368,6,0,6,6,0,0.008938,24072,24072,72;80;96;104;112;120,0
7373,6,0,6,6,0,0.008938,24072,24072,72;80;96;104;112;120,0
7378,6,0,6,6,0,0.008938,24072,24072,72;80;96;104;112;120,0
7384,5,0,5,5,0,0.008863,24624,24624,72;80;96;104;120,0
7391,5,0,5,5,0,0.008863,24624,24624,72;80;96;104;120,0
7396,5,0,5,5,0,0.008863,24624,24624,72;80;96;104;120,0
7400,5,0,5,5,0,0.008863,24624,24624,72;80;96;104;120,0
7405,5,0,5,5,0,0.008863,24624,24624,72;80;96;104;120,0
7411,5,0,5,5,0,0.008863,24624,24624,72;80;96;104;120,0
7417,5,0,5,5,0,0.008863,24624,24624,72;80;96;104;120,0
7424,5,0,5,5,0,0.008863,24624,24624,72;80;96;104;120,0
7430,5,0,5,5,0,0.008863,24624,24624,72;80;96;104;120,0
7434,5,0,5,5,0,0.008863,24624,24624,72;80;96;104;120,0
7439,5,0,5,5,0,0.008863,24624,24624,72;80;96;104;120,0
7444,5,0,5,5,0,0.008863,24624,24624,72;80;96;104;120,0
7450,5,0,5,5,0,0.008863,24619,24619,72;80;96;104;120,0
7455,5,0,5,5,0,0.008863,24619,24619,72;80;96;104;120,0
7461,5,0,5,5,0,0.008863,24619,24619,72;80;96;104;120,0
7467,5,0,5,5,0,0.008863,24619,24619,72;80;96;104;120,0
7472,5,0,5,5,0,0.008863,24619,24619,72;80;96;104;120,0
7477,5,0,5,5,0,0.008863,24619,24619,72;80;96;104;120,0
7483,5,0,5,5,0,0.008863,24619,24619,72;80;96;104;120,0
7488,5,0,5,5,0,0.008863,24619,24619,72;80;96;104;120,0
7493,5,0,5,5,0,0.008863,24619,24619,72;80;96;104;120,0
7499,5,0,5,5,0,0.008863,24619,24619,72;80;96;104;120,0
7504,5,0,5,5,0,0.008863,24619,24619,72;80;96;104;120,0
7510,5,0,5,5,0,0.008863,24619,24619,72;80;96;104;120,0
7515,5,0,5,5,0,0.008863,24619,24619,72;80;96;104;120,0
7521,5,0,5,5,0,0.008863,24614,24614,72;80;96;104;120,0
7526,5,0,5,5,0,0.008863,24614,24614,72;80;96;104;120,0
7532,5,0,5,5,0,0.008863,24614,24614,72;80;96;104;120,0
7538,5,0,5,5,0,0.008863,24614,24614,72;80;96;104;120,0
7543,5,0,5,5,0,0.008863,24614,24614,72;80;96;104;120,0
7549,5,0,5,5,0,0.008863,24614,24614,72;80;96;104;120,0
7555,5,0,5,5,0,0.008863,24614,24614,72;80;96;104;120,0
7560,5,0,5,5,0,0.008863,24614,24614,72;80;96;104;120,0
7565,5,0,5,5,0,0.008863,24614,24614,72;80;96;104;120,0
7570,5,0,5,5,0,0.008863,24614,24614,72;80;96;104;120,0
7577,5,0,5,5,0,0.008863,24614,24614,72;80;96;104;120,0
7584,5,0,5,5,0,0.008863,24614,24614,72;80;96;104;120,0
7589,5,0,5,5,0,0.008863,24614,24614,72;80;96;104;120,0
7594,5,0,5,5,0,0.008863,24614,24614,72;80;96;104;120,0
7599,5,0,5,5,0,0.008863,24614,24614,72;80;96;104;120,0
7604,5,0,5,5,0,0.008863,24614,24614,72;80;96;104;120,0
7609,5,0,5,5,0,0.008863,24609,24609,72;80;96;104;120,0
7616,5,0,5,5,0,0.008863,24609,24609,72;80;96;104;120,0
7623,5,0,5,5,0,0.008863,24609,24609,72;80;96;104;120,0
7630,5,0,5,5,0,0.008863,24609,24609,72;80;96;104;120,0
7635,5,0,5,5,0,0.008863,24609,24609,72;80;96;104;120,0
7640,5,0,5,5,0,0.008863,24609,24609,72;80;96;104;120,0
7647,5,0,5,5,0,0.008863,24609,24609,72;80;96;104;120,0
7652,5,0,5,5,0,0.008863,24609,24609,72;80;96;104;120,0
7658,5,0,5,5,0,0.008863,24609,24609,72;80;96;104;120,0
7665,4,0,4,4,0,0.008643,25349,25349,72;80;96;120,0
7670,4,0,4,4,0,0.008643,25349,25349,72;80;96;120,0
7675,4,0,4,4,0,0.008643,25349,25349,72;80;96;120,0
7681,4,0,4,4,0,0.008643,25349,25349,72;80;96;120,0
7685,4,0,4,4,0,0.008643,25349,25349,72;80;96;120,0
7691,4,0,4,4,0,0.008643,25349,25349,72;80;96;120,0
7698,4,0,4,4,0,0.008643,25349,25349,72;80;96;120,0
7704,4,0,4,4,0,0.008643,25349,25349,72;80;96;120,0
7709,4,0,4,4,0,0.008643,25349,25349,72;80;96;120,0
7715,4,0,4,4,0,0.008643,25349,25349,72;80;96;120,0
7721,4,0,4,4,0,0.008643,25349,25349,72;80;96;120,0
7726,4,0,4,4,0,0.008643,25349,25349,72;80;96;120,0
7730,4,0,4,4,0,0.008643,25349,25349,72;80;96;120,0
7737,4,0,4,4,0,0.008643,25349,25349,72;80;96;120,0
7743,4,0,4,4,0,0.008643,25349,25349,72;80;96;120,0
7748,4,0,4,4,0,0.008643,25349,25349,72;80;96;120,0
7754,4,0,4,4,0,0.008643,25349,25349,72;80;96;120,0
7759,4,0,4,4,0,0.008643,25349,25349,72;80;96;120,0
7765,4,0,4,4,0,0.008643,25349,25349,72;80;96;120,0
7771,4,0,4,4,0,0.008643,25349,25349,72;80;96;120,0
7776,4,0,4,4,0,0.008643,25349,25349,72;80;96;120,0
7783,4,0,4,4,0,0.008643,25349,25349,72;80;96;120,0
7788,4,0,4,4,0,0.008643,25349,25349,72;80;96;120,0
7794,4,0,4,4,0,0.008643,25349,25349,72;80;96;120,0
7799,4,0,4,4,0,0.008643,25349,25349,72;80;96;120,0
7804,4,0,4,4,0,0.008643,25349,25349,72;80;96;120,0
7811,4,0,4,4,0,0.008643,25349,25349,72;80;96;120,0
7816,4,0,4,4,0,0.008643,25349,25349,72;80;96;120,0
7821,4,0,4,4,0,0.008643,25349,25349,72;80;96;120,0
7828,4,0,4,4,0,0.008643,25349,25349,72;80;96;120,0
7833,4,0,4,4,0,0.008643,25349,25349,72;80;96;120,0
7838,4,0,4,4,0,0.008643,25349,25349,72;80;96;120,0
7843,4,0,4,4,0,0.008643,25349,25349,72;80;96;120,0
7850,4,0,4,4,0,0.008643,25349,25349,72;80;96;120,0
7855,4,0,4,4,0,0.008643,25349,25349,72;80;96;120,0
7861,4,0,4,4,0,0.008643,25349,25349,72;80;96;120,0
7867,4,0,4,4,0,0.008643,25349,25349,72;80;96;120,0
7874,4,0,4,4,0,0.008643,25349,25349,72;80;96;120,0
7879,4,0,4,4,0,0.008643,25349,25349,72;80;96;120,0
7884,4,0,4,4,0,0.008643,25349,25349,72;80;96;120,0
7889,4,0,4,4,0,0.008643,25349,25349,72;80;96;120,0
7894,4,0,4,4,0,0.008643,25349,25349,72;80;96;120,0
7899,4,0,4,4,0,0.008643,25344,25344,72;80;96;120,0
7905,4,0,4,4,0,0.008643,25344,25344,72;80;96;120,0
7912,4,0,4,4,0,0.008643,25344,25344,72;80;96;120,0
7918,4,0,4,4,0,0.008643,25344,25344,72;80;96;120,0
7923,4,0,4,4,0,0.008643,25344,25344,72;80;96;120,0
7929,4,0,4,4,0,0.008643,25344,25344,72;80;96;120,0
7935,4,0,4,4,0,0.008643,25344,25344,72;80;96;120,0
7940,4,0,4,4,0,0.008643,25344,25344,72;80;96;120,0
7944,4,0,4,4,0,0.008643,25344,25344,72;80;96;120,0
7949,4,0,4,4,0,0.008643,25344,25344,72;80;96;120,0
7955,4,0,4,4,0,0.008643,25344,25344,72;80;96;120,0
7960,4,0,4,4,0,0.008643,25344,25344,72;80;96;120,0
7964,4,0,4,4,0,0.008643,25344,25344,72;80;96;120,0
7969,4,0,4,4,0,0.008643,25339,25339,72;80;96;120,0
7973,4,0,4,4,0,0.008643,25339,25339,72;80;96;120,0
7977,4,0,4,4,0,0.008643,25339,25339,72;80;96;120,0
7981,4,0,4,4,0,0.008643,25339,25339,72;80;96;120,0
7987,4,0,4,4,0,0.008643,25339,25339,72;80;96;120,0
7991,4,0,4,4,0,0.008643,25339,25339,72;80;96;120,0
7995,4,0,4,4,0,0.008643,25339,25339,72;80;96;120,0
8000,4,0,4,4,0,0.008643,25339,25339,72;80;96;120,0
8005,4,0,4,4,0,0.008643,25339,25339,72;80;96;120,0
8009,4,0,4,4,0,0.008643,25339,25339,72;80;96;120,0
8013,4,0,4,4,0,0.008643,25339,25339,72;80;96;120,0
8017,4,0,4,4,0,0.008643,25339,25339,72;80;96;120,0
8024,4,0,4,4,0,0.008643,25339,25339,72;80;96;120,0
8028,4,0,4,4,0,0.008643,25339,25339,72;80;96;120,0
8032,4,0,4,4,0,0.008643,25339,25339,72;80;96;120,0
8036,4,0,4,4,0,0.008643,25339,25339,72;80;96;120,0
8041,4,0,4,4,0,0.008643,25334,25334,72;80;96;120,0
8045,4,0,4,4,0,0.008643,25334,25334,72;80;96;120,0
8049,4,0,4,4,0,0.008643,25334,25334,72;80;96;120,0
8055,4,0,4,4,0,0.008643,25334,25334,72;80;96;120,0
8060,4,0,4,4,0,0.008643,25334,25334,72;80;96;120,0
8064,4,0,4,4,0,0.008643,25334,25334,72;80;96;120,0
8068,4,0,4,4,0,0.008643,25334,25334,72;80;96;120,0
8072,4,0,4,4,0,0.008643,25334,25334,72;80;96;120,0
8077,4,0,4,4,0,0.008643,25334,25334,72;80;96;120,0
8081,4,0,4,4,0,0.008643,25329,25329,72;80;96;120,0
8086,4,0,4,4,0,0.008643,25329,25329,72;80;96;120,0
8091,4,0,4,4,0,0.008643,25329,25329,72;80;96;120,0
8096,4,0,4,4,0,0.008696,25329,25329,72;80;96;120,0
8100,4,0,4,4,0,0.008696,25329,25329,72;80;96;120,0
8104,4,0,4,4,0,0.008696,25329,25329,72;80;96;120,0
8108,4,0,4,4,0,0.008696,25329,25329,72;80;96;120,0
8114,4,0,4,4,0,0.008696,25329,25329,72;80;96;120,0
8119,4,0,4,4,0,0.008696,25329,25329,72;80;96;120,0
8122,4,0,4,4,0,0.008696,25329,25329,72;80;96;120,0
8127,4,0,4,4,0,0.008696,25329,25329,72;80;96;120,0
8132,4,0,4,4,0,0.008696,25329,25329,72;80;96;120,0
8137,4,0,4,4,0,0.008696,25329,25329,72;80;96;120,0
8141,4,0,4,4,0,0.008696,25329,25329,72;80;96;120,0
8145,4,0,4,4,0,0.008696,25329,25329,72;80;96;120,0
8151,4,0,4,4,0,0.008696,25329,25329,72;80;96;120,0
8156,4,0,4,4,0,0.008696,25329,25329,72;80;96;120,0
8160,4,0,4,4,0,0.008696,25329,25329,72;80;96;120,0
8165,4,0,4,4,0,0.008696,25329,25329,72;80;96;120,0
8169,4,0,4,4,0,0.008696,25329,25329,72;80;96;120,0
8173,4,0,4,4,0,0.008696,25329,25329,72;80;96;120,0
8177,4,0,4,4,0,0.008696,25329,25329,72;80;96;120,0
8182,4,0,4,4,0,0.008696,25329,25329,72;80;96;120,0
8186,4,0,4,4,0,0.008696,25329,25329,72;80;96;120,0
8192,3,0,3,3,0,0.008284,27132,27132,80;96;120,0
8196,3,0,3,3,0,0.008284,27132,27132,80;96;120,0
8201,3,0,3,3,0,0.008284,27132,27132,80;96;120,0
8205,3,0,3,3,0,0.008284,27132,27132,80;96;120,0
8208,3,0,3,3,0,0.008284,27132,27132,80;96;120,0
8213,3,0,3,3,0,0.008284,27132,27132,80;96;120,0
8218,3,0,3,3,0,0.008284,27132,27132,80;96;120,0
8222,3,0,3,3,0,0.008284,27132,27132,80;96;120,0
8226,3,0,3,3,0,0.008284,27132,27132,80;96;120,0
8232,3,0,3,3,0,0.008284,27132,27132,80;96;120,0
8237,3,0,3,3,0,0.008284,27132,27132,80;96;120,0
8241,3,0,3,3,0,0.008284,27132,27132,80;96;120,0
8244,3,0,3,3,0,0.008284,27132,27132,80;96;120,0
8248,3,0,3,3,0,0.008284,27132,27132,80;96;120,0
8253,3,0,3,3,0,0.008284,27132,27132,80;96;120,0
8257,3,0,3,3,0,0.008284,27132,27132,80;96;120,0
8261,3,0,3,3,0,0.008284,27132,27132,80;96;120,0
8266,3,0,3,3,0,0.008284,27132,27132,80;96;120,0
8271,3,0,3,3,0,0.008284,27127,27127,80;96;120,0
8275,3,0,3,3,0,0.008284,27127,27127,80;96;120,0
8279,3,0,3,3,0,0.008284,27127,27127,80;96;120,0
8283,3,0,3,3,0,0.008284,27127,27127,80;96;120,0
8287,3,0,3,3,0,0.008284,27127,27127,80;96;120,0
8291,3,0,3,3,0,0.008284,27127,27127,80;96;120,0
8296,3,0,3,3,0,0.008284,27127,27127,80;96;120,0
8300,3,0,3,3,0,0.008284,27127,27127,80;96;120,0
8303,3,0,3,3,0,0.008284,27127,27127,80;96;120,0
8311,3,0,3,3,0,0.008284,27127,27127,80;96;120,0
8315,3,0,3,3,0,0.008284,27127,27127,80;96;120,0
8319,3,0,3,3,0,0.008284,27127,27127,80;96;120,0
8323,3,0,3,3,0,0.008284,27127,27127,80;96;120,0
8326,3,0,3,3,0,0.008284,27127,27127,80;96;120,0
8329,3,0,3,3,0,0.008284,27127,27127,80;96;120,0
8332,3,0,3,3,0,0.008284,27127,27127,80;96;120,0
8335,3,0,3,3,0,0.008284,27127,27127,80;96;120,0
8339,3,0,3,3,0,0.008284,27127,27127,80;96;120,0
8344,3,0,3,3,0,0.008284,27127,27127,80;96;120,0
8347,3,0,3,3,0,0.008284,27127,27127,80;96;120,0
8350,3,0,3,3,0,0.008284,27127,27127,80;96;120,0
8353,3,0,3,3,0,0.008284,27127,27127,80;96;120,0
8356,3,0,3,3,0,0.008284,27127,27127,80;96;120,0
8359,3,0,3,3,0,0.008284,27127,27127,80;96;120,0
8362,3,0,3,3,0,0.008284,27127,27127,80;96;120,0
8366,3,0,3,3,0,0.008284,27127,27127,80;96;120,0
8370,2,0,2,2,0,0.008335,27484,27484,80;96,0
8374,2,0,2,2,0,0.008335,27484,27484,80;96,0
8377,2,0,2,2,0,0.008335,27484,27484,80;96,0
8381,2,0,2,2,0,0.008335,27479,27479,80;96,0
8383,2,0,2,2,0,0.008335,27479,27479,80;96,0
8386,2,0,2,2,0,0.008335,27479,27479,80;96,0
8390,2,0,2,2,0,0.008335,27479,27479,80;96,0
8393,2,0,2,2,0,0.008335,27479,27479,80;96,0
8397,2,0,2,2,0,0.008335,27479,27479,80;96,0
8400,2,0,2,2,0,0.008335,27479,27479,80;96,0
8405,2,0,2,2,0,0.008335,27479,27479,80;96,0
8407,2,0,2,2,0,0.008335,27479,27479,80;96,0
8410,2,0,2,2,0,0.008335,27474,27474,80;96,0
8414,1,0,1,1,0,0.008585,28509,28509,96,0
8417,1,0,1,1,0,0.008585,28509,28509,96,0
8420,1,0,1,1,0,0.008585,28509,28509,96,0
8423,1,0,1,1,0,0.008585,28509,28509,96,0
8428,1,0,1,1,0,0.008585,28509,28509,96,0
8431,1,0,1,1,0,0.008585,28509,28509,96,0
8435,1,0,1,1,0,0.008585,28509,28509,96,0
8438,1,0,1,1,0,0.008585,28509,28509,96,0
8441,1,0,1,1,0,0.008585,28509,28509,96,0
8444,1,0,1,1,0,0.008585,28509,28509,96,0
8447,1,0,1,1,0,0.008585,28509,28509,96,0
8451,1,0,1,1,0,0.008585,28509,28509,96,0
8455,1,0,1,1,0,0.008585,28509,28509,96,0
8458,1,0,1,1,0,0.008585,28509,28509,96,0
8461,1,0,1,1,0,0.008585,28509,28509,96,0
8466,1,0,1,1,0,0.008585,28509,28509,96,0
8469,1,0,1,1,0,0.008585,28509,28509,96,0
8472,1,0,1,1,0,0.008585,28509,28509,96,0
8475,1,0,1,1,0,0.008585,28509,28509,96,0
8478,1,0,1,1,0,0.008585,28509,28509,96,0
8482,1,0,1,1,0,0.008585,28509,28509,96,0
4,512,512,0,1,0,0.021144,30172,30172,1,1
6,512,512,0,1,0,0.021484,30140,30140,1,1
8,512,512,0,1,0,0.021982,30108,30108,1,1
10,512,512,0,1,0,0.022426,30076,30076,1,1
12,512,512,0,1,0,0.022905,30044,30044,1,1
14,512,512,0,1,0,0.023417,30012,30012,1,1
15,512,512,0,1,0,0.023840,29980,29980,1,1
17,512,512,0,1,0,0.024395,29948,29948,1,1
19,512,512,0,1,0,0.024858,29916,29916,1,1
21,512,512,0,1,0,0.025252,29884,29884,1,1
23,512,512,0,1,0,0.025757,29852,29852,1,1
26,512,512,0,1,0,0.026199,29820,29820,1,1
31,512,512,0,1,0,0.026519,29788,29788,1,1
37,512,512,0,1,0,0.027041,29756,29756,1,1
43,512,512,0,1,0,0.027424,29724,29724,1,1
48,154,154,0,1,1,0.010694,29714,29714,1,1
51,1,0,1,1,0,0.007808,29714,29714,1,1
54,1,0,1,1,0,0.007808,29714,29714,1,1
56,1,0,1,1,0,0.007808,29714,29714,1,1
59,1,0,1,1,0,0.007808,29714,29714,1,1
63,1,0,1,1,0,0.007808,29714,29714,1,1
65,1,0,1,1,0,0.007808,29714,29714,1,1
68,1,0,1,1,0,0.007808,29714,29714,1,1
72,1,0,1,1,0,0.007808,29714,29714,1,1
75,1,0,1,1,0,0.007808,29714,29714,1,1
77,1,0,1,1,0,0.007808,29714,29714,1,1
81,1,0,1,1,0,0.007808,29714,29714,1,1
84,1,0,1,1,0,0.007808,29714,29714,1,1
86,1,0,1,1,0,0.007808,29714,29714,1,1
90,1,0,1,1,0,0.007808,29714,29714,1,1
93,1,0,1,1,0,0.007808,29714,29714,1,1
95,1,0,1,1,0,0.007808,29714,29714,1,1
98,1,0,1,1,0,0.007808,29714,29714,1,1
102,1,0,1,1,0,0.007808,29714,29714,1,1
105,1,0,1,1,0,0.007808,29714,29714,1,1
109,1,0,1,1,0,0.007808,29714,29714,1,1
113,1,0,1,1,0,0.007808,29714,29714,1,1
116,1,0,1,1,0,0.007808,29714,29714,1,1
120,1,0,1,1,0,0.007808,29714,29714,1,1
124,1,0,1,1,0,0.007808,29714,29714,1,1
127,1,0,1,1,0,0.007808,29714,29714,1,1
131,1,0,1,1,0,0.007808,29714,29714,1,1
134,1,0,1,1,0,0.007808,29714,29714,1,1
138,1,0,1,1,0,0.007808,29714,29714,1,1
142,1,0,1,1,0,0.007808,29714,29714,1,1
145,1,0,1,1,0,0.007808,29714,29714,1,1
149,1,0,1,1,0,0.007808,29714,29714,1,1
153,1,0,1,1,0,0.007808,29714,29714,1,1
157,1,0,1,1,0,0.007808,29714,29714,1,1
161,1,0,1,1,0,0.007808,29714,29714,1,1
166,1,0,1,1,0,0.007808,29714,29714,1,1
170,1,0,1,1,0,0.007808,29714,29714,1,1
175,1,0,1,1,0,0.007808,29714,29714,1,1
180,1,0,1,1,0,0.007808,29714,29714,1,1
184,1,0,1,1,0,0.007808,29714,29714,1,1
188,1,0,1,1,0,0.007808,29714,29714,1,1
192,1,0,1,1,0,0.007808,29714,29714,1,1
197,1,0,1,1,0,0.007808,29714,29714,1,1
201,1,0,1,1,0,0.007808,29714,29714,1,1
205,1,0,1,1,0,0.007808,29714,29714,1,1
210,1,0,1,1,0,0.007808,29714,29714,1,1
214,1,0,1,1,0,0.007808,29714,29714,1,1
219,1,0,1,1,0,0.007808,29714,29714,1,1
223,1,0,1,1,0,0.007808,29714,29714,1,1
228,1,0,1,1,0,0.007808,29714,29714,1,1
233,1,0,1,1,0,0.007808,29714,29714,1,1
238,1,0,1,1,0,0.007808,29714,29714,1,1
242,1,0,1,1,0,0.007808,29714,29714,1,1
247,1,0,1,1,0,0.007808,29714,29714,1,1
251,1,0,1,1,0,0.007808,29714,29714,1,1
255,1,0,1,1,0,0.007808,29714,29714,1,1
260,1,0,1,1,0,0.007808,29714,29714,1,1
264,1,0,1,1,0,0.007808,29714,29714,1,1
268,1,0,1,1,0,0.007808,29714,29714,1,1
273,1,0,1,1,0,0.007808,29714,29714,1,1
277,1,0,1,1,0,0.007808,29714,29714,1,1
281,1,0,1,1,0,0.007808,29714,29714,1,1
286,1,0,1,1,0,0.007808,29714,29714,1,1
290,1,0,1,1,0,0.007808,29714,29714,1,1
294,1,0,1,1,0,0.007808,29714,29714,1,1
299,1,0,1,1,0,0.007808,29714,29714,1,1
303,1,0,1,1,0,0.007808,29714,29714,1,1
307,1,0,1,1,0,0.007808,29714,29714,1,1
312,1,0,1,1,0,0.007808,29714,29714,1,1
316,1,0,1,1,0,0.007808,29714,29714,1,1
320,1,0,1,1,0,0.007808,29709,29709,1,1
325,1,0,1,1,0,0.007808,29709,29709,1,1
329,1,0,1,1,0,0.007808,29709,29709,1,1
333,1,0,1,1,0,0.007808,29709,29709,1,1
338,1,0,1,1,0,0.007808,29709,29709,1,1
342,1,0,1,1,0,0.007808,29709,29709,1,1
347,1,0,1,1,0,0.007808,29709,29709,1,1
352,1,0,1,1,0,0.007808,29709,29709,1,1
357,1,0,1,1,0,0.007808,29709,29709,1,1
362,1,0,1,1,0,0.007808,29709,29709,1,1
367,1,0,1,1,0,0.007808,29709,29709,1,1
371,1,0,1,1,0,0.007808,29709,29709,1,1
376,1,0,1,1,0,0.007808,29709,29709,1,1
381,1,0,1,1,0,0.007808,29709,29709,1,1
385,1,0,1,1,0,0.007808,29709,29709,1,1
391,1,0,1,1,0,0.007808,29709,29709,1,1
396,1,0,1,1,0,0.007808,29709,29709,1,1
402,1,0,1,1,0,0.007808,29709,29709,1,1
408,1,0,1,1,0,0.007808,29709,29709,1,1
413,1,0,1,1,0,0.007808,29709,29709,1,1
419,1,0,1,1,0,0.007808,29709,29709,1,1
425,1,0,1,1,0,0.007808,29709,29709,1,1
430,1,0,1,1,0,0.007808,29709,29709,1,1
436,1,0,1,1,0,0.007808,29709,29709,1,1
441,1,0,1,1,0,0.007808,29709,29709,1,1
446,1,0,1,1,0,0.007808,29709,29709,1,1
451,1,0,1,1,0,0.007808,29709,29709,1,1
457,1,0,1,1,0,0.007808,29709,29709,1,1
462,1,0,1,1,0,0.007808,29709,29709,1,1
467,1,0,1,1,0,0.007808,29709,29709,1,1
473,1,0,1,1,0,0.007808,29709,29709,1,1
479,1,0,1,1,0,0.007808,29709,29709,1,1
484,1,0,1,1,0,0.007808,29709,29709,1,1
490,1,0,1,1,0,0.007834,29709,29709,1,1
495,1,0,1,1,0,0.007834,29709,29709,1,1
499,1,0,1,1,0,0.007834,29709,29709,1,1
506,1,0,1,1,0,0.007834,29709,29709,1,1
511,1,0,1,1,0,0.007834,29709,29709,1,1
515,1,0,1,1,0,0.007834,29709,29709,1,1
522,1,0,1,1,0,0.007834,29709,29709,1,1
526,1,0,1,1,0,0.007834,29709,29709,1,1
530,1,0,1,1,0,0.007834,29709,29709,1,1
536,1,0,1,1,0,0.007834,29709,29709,1,1
541,512,511,1,2,0,0.022910,29673,29673,1;9,1
554,512,511,1,2,0,0.023409,29641,29641,1;9,1
566,512,511,1,2,0,0.023852,29609,29609,1;9,1
578,512,511,1,2,0,0.024331,29577,29577,1;9,1
589,512,511,1,2,0,0.024843,29545,29545,1;9,1
601,512,511,1,2,0,0.025267,29513,29513,1;9,1
612,512,511,1,2,0,0.025821,29481,29481,1;9,1
624,512,511,1,2,0,0.026284,29449,29449,1;9,1
635,512,511,1,2,0,0.026678,29417,29417,1;9,1
648,512,511,1,2,0,0.027183,29385,29385,1;9,1
660,512,511,1,2,0,0.027626,29353,29353,1;9,1
673,512,511,1,2,0,0.027946,29321,29321,1;9,1
685,512,511,1,2,0,0.028468,29289,29289,1;9,1
697,512,511,1,2,0,0.028851,29257,29257,1;9,1
709,512,511,1,2,0,0.029167,29225,29225,1;9,1
721,512,511,1,2,0,0.029672,29194,29194,1;9,1
731,512,511,1,2,0,0.029997,29162,29162,1;9,1
742,512,511,1,2,0,0.030355,29130,29130,1;9,1
752,512,511,1,2,0,0.030807,29098,29098,1;9,1
766,512,511,1,2,0,0.031047,29066,29066,1;9,1
780,512,511,1,2,0,0.031432,29034,29034,1;9,1
796,512,511,1,2,0,0.031785,29002,29002,1;9,1
811,512,511,1,2,0,0.032320,28970,28970,1;9,1
825,512,511,1,2,0,0.032722,28938,28938,1;9,1
840,512,511,1,2,0,0.033069,28906,28906,1;9,1
855,512,511,1,2,0,0.033392,28874,28874,1;9,1
868,512,511,1,2,0,0.033823,28842,28842,1;9,1
881,512,511,1,2,0,0.034173,28810,28810,1;9,1
893,512,511,1,2,0,0.034598,28778,28778,1;9,1
914,512,511,1,2,0,0.034898,28746,28746,1;9,1
937,512,511,1,2,0,0.035417,28714,28714,1;9,1
958,512,511,1,2,0,0.035855,28683,28683,1;9,1
979,512,511,1,2,0,0.036056,28651,28651,1;9,1
1002,512,511,1,2,0,0.036465,28619,28619,1;9,1
1025,512,511,1,3,1,0.036711,28582,28582,1;9;17,1
1046,512,510,2,3,0,0.023662,28550,28550,1;9;17,1
1064,512,510,2,3,0,0.024154,28519,28519,1;9;17,1
1077,512,510,2,3,0,0.024462,28482,28482,1;9;17,1
1094,512,510,2,3,0,0.025097,28450,28450,1;9;17,1
1111,512,510,2,3,0,0.025566,28418,28418,1;9;17,1
1124,512,510,2,3,0,0.025872,28386,28386,1;9;17,1
1140,512,510,2,3,0,0.026549,28354,28354,1;9;17,1
1156,512,510,2,3,0,0.026978,28322,28322,1;9;17,1
1171,512,510,2,3,0,0.027288,28290,28290,1;9;17,1
1186,512,510,2,3,0,0.027899,28259,28259,1;9;17,1
1202,512,510,2,3,0,0.028250,28227,28227,1;9;17,1
1216,512,510,2,3,0,0.028520,28195,28195,1;9;17,1
1232,512,510,2,3,0,0.029114,28163,28163,1;9;17,1
1249,512,510,2,3,0,0.029471,28131,28131,1;9;17,1
1266,512,510,2,3,0,0.029760,28099,28099,1;9;17,1
1281,512,510,2,3,0,0.030264,28067,28067,1;9;17,1
1296,512,510,2,3,0,0.030659,28035,28035,1;9;17,1
1309,512,510,2,3,0,0.030904,28004,28004,1;9;17,1
1323,512,510,2,3,0,0.031332,27972,27972,1;9;17,1
1338,512,510,2,3,0,0.031736,27940,27940,1;9;17,1
1352,512,510,2,3,0,0.031946,27908,27908,1;9;17,1
1367,512,510,2,3,0,0.032560,27876,27876,1;9;17,1
1381,512,510,2,3,0,0.033027,27844,27844,1;9;17,1
1398,512,510,2,3,0,0.033227,27812,27812,1;9;17,1
1412,173,171,2,3,1,0.013751,27802,27802,1;9;17,1
1417,3,0,3,3,0,0.008112,27802,27802,1;9;17,1
1422,3,0,3,3,0,0.008112,27802,27802,1;9;17,1
1427,3,0,3,3,0,0.008112,27802,27802,1;9;17,1
1431,3,0,3,3,0,0.008112,27802,27802,1;9;17,1
1436,3,0,3,3,0,0.008112,27802,27802,1;9;17,1
1440,3,0,3,3,0,0.008112,27802,27802,1;9;17,1
1444,3,0,3,3,0,0.008112,27802,27802,1;9;17,1
1450,3,0,3,3,0,0.008112,27802,27802,1;9;17,1
1455,3,0,3,3,0,0.008112,27802,27802,1;9;17,1
1459,3,0,3,3,0,0.008112,27802,27802,1;9;17,1
1465,3,0,3,3,0,0.008112,27802,27802,1;9;17,1
1469,3,0,3,3,0,0.008112,27802,27802,1;9;17,1
1474,3,0,3,3,0,0.008112,27802,27802,1;9;17,1
1478,3,0,3,3,0,0.008112,27802,27802,1;9;17,1
1484,3,0,3,3,0,0.008112,27802,27802,1;9;17,1
1489,3,0,3,3,0,0.008112,27802,27802,1;9;17,1
1494,3,0,3,3,0,0.008112,27802,27802,1;9;17,1
1499,3,0,3,3,0,0.008112,27802,27802,1;9;17,1
1505,3,0,3,3,0,0.008112,27802,27802,1;9;17,1
1509,3,0,3,3,0,0.008112,27802,27802,1;9;17,1
1512,3,0,3,3,0,0.008112,27802,27802,1;9;17,1
1517,3,0,3,3,0,0.008112,27802,27802,1;9;17,1
1521,3,0,3,3,0,0.008112,27802,27802,1;9;17,1
1527,3,0,3,3,0,0.008112,27802,27802,1;9;17,1
1532,3,0,3,3,0,0.008112,27802,27802,1;9;17,1
1535,3,0,3,3,0,0.008112,27802,27802,1;9;17,1
1538,3,0,3,3,0,0.008112,27802,27802,1;9;17,1
1544,3,0,3,3,0,0.008112,27802,27802,1;9;17,1
1549,3,0,3,3,0,0.008112,27802,27802,1;9;17,1
1553,3,0,3,3,0,0.008112,27802,27802,1;9;17,1
1557,3,0,3,3,0,0.008112,27802,27802,1;9;17,1
1563,3,0,3,3,0,0.008112,27802,27802,1;9;17,1
1566,3,0,3,3,0,0.008112,27802,27802,1;9;17,1
1571,3,0,3,3,0,0.008112,27802,27802,1;9;17,1
1574,3,0,3,3,0,0.008112,27802,27802,1;9;17,1
1580,3,0,3,3,0,0.008112,27802,27802,1;9;17,1
1584,3,0,3,3,0,0.008112,27802,27802,1;9;17,1
1587,3,0,3,3,0,0.008112,27802,27802,1;9;17,1
1592,3,0,3,3,0,0.008112,27802,27802,1;9;17,1
1597,3,0,3,3,0,0.008112,27802,27802,1;9;17,1
1601,3,0,3,3,0,0.008112,27802,27802,1;9;17,1
1604,3,0,3,3,0,0.008112,27802,27802,1;9;17,1
1608,3,0,3,3,0,0.008112,27802,27802,1;9;17,1
1613,3,0,3,3,0,0.008112,27802,27802,1;9;17,1
1619,3,0,3,3,0,0.008112,27797,27797,1;9;17,1
1623,3,0,3,3,0,0.008112,27797,27797,1;9;17,1
1629,3,0,3,3,0,0.008112,27797,27797,1;9;17,1
1633,3,0,3,3,0,0.008112,27797,27797,1;9;17,1
1638,3,0,3,3,0,0.008112,27797,27797,1;9;17,1
1643,3,0,3,3,0,0.008112,27797,27797,1;9;17,1
1649,3,0,3,3,0,0.008112,27797,27797,1;9;17,1
1653,3,0,3,3,0,0.008112,27797,27797,1;9;17,1
1657,3,0,3,3,0,0.008112,27797,27797,1;9;17,1
1662,3,0,3,3,0,0.008112,27797,27797,1;9;17,1
1666,3,0,3,3,0,0.008112,27797,27797,1;9;17,1
1671,3,0,3,3,0,0.008112,27797,27797,1;9;17,1
1675,3,0,3,3,0,0.008112,27797,27797,1;9;17,1
1680,3,0,3,3,0,0.008112,27792,27792,1;9;17,1
1686,3,0,3,3,0,0.008112,27792,27792,1;9;17,1
1691,3,0,3,3,0,0.008112,27792,27792,1;9;17,1
1696,3,0,3,3,0,0.008112,27792,27792,1;9;17,1
1701,3,0,3,3,0,0.008112,27792,27792,1;9;17,1
1706,3,0,3,3,0,0.008112,27792,27792,1;9;17,1
1711,3,0,3,3,0,0.008112,27792,27792,1;9;17,1
1716,3,0,3,3,0,0.008112,27792,27792,1;9;17,1
1721,3,0,3,3,0,0.008112,27787,27787,1;9;17,1
1725,3,0,3,3,0,0.008112,27787,27787,1;9;17,1
1732,3,0,3,3,0,0.008210,27787,27787,1;9;17,1
1737,3,0,3,3,0,0.008210,27787,27787,1;9;17,1
1741,3,0,3,3,0,0.008210,27787,27787,1;9;17,1
1746,3,0,3,3,0,0.008210,27787,27787,1;9;17,1
1753,3,0,3,3,0,0.008210,27787,27787,1;9;17,1
1758,3,0,3,3,0,0.008210,27787,27787,1;9;17,1
1764,3,0,3,3,0,0.008210,27787,27787,1;9;17,1
1768,3,0,3,3,0,0.008210,27787,27787,1;9;17,1
1772,3,0,3,3,0,0.008210,27787,27787,1;9;17,1
1779,3,0,3,3,0,0.008210,27787,27787,1;9;17,1
1782,3,0,3,3,0,0.008210,27787,27787,1;9;17,1
1786,512,509,3,4,0,0.023361,27751,27751,1;9;17;25,1
1796,512,509,3,4,0,0.023860,27719,27719,1;9;17;25,1
1809,512,509,3,4,0,0.024303,27687,27687,1;9;17;25,1
1822,512,509,3,4,0,0.024782,27655,27655,1;9;17;25,1
1835,512,509,3,4,0,0.025294,27623,27623,1;9;17;25,1
1847,512,509,3,4,0,0.025718,27592,27592,1;9;17;25,1
1859,512,509,3,4,0,0.026272,27560,27560,1;9;17;25,1
1874,512,509,3,4,0,0.026735,27528,27528,1;9;17;25,1
1887,512,509,3,4,0,0.027129,27496,27496,1;9;17;25,1
1903,512,509,3,4,0,0.027634,27464,27464,1;9;17;25,1
1916,512,509,3,4,0,0.028077,27433,27433,1;9;17;25,1
1930,512,509,3,4,0,0.028397,27401,27401,1;9;17;25,1
1942,512,509,3,4,0,0.028919,27369,27369,1;9;17;25,1
1955,512,509,3,4,0,0.029302,27337,27337,1;9;17;25,1
1967,512,509,3,4,0,0.029618,27305,27305,1;9;17;25,1
1979,512,509,3,4,0,0.030123,27274,27274,1;9;17;25,1
1995,512,509,3,4,0,0.030448,27242,27242,1;9;17;25,1
2006,512,509,3,4,0,0.030806,27210,27210,1;9;17;25,1
2020,512,509,3,4,0,0.031258,27178,27178,1;9;17;25,1
2037,512,509,3,4,0,0.031498,27146,27146,1;9;17;25,1
2054,512,509,3,4,0,0.031883,27114,27114,1;9;17;25,1
2069,512,509,3,4,0,0.032236,27083,27083,1;9;17;25,1
2086,512,509,3,4,0,0.032706,27051,27051,1;9;17;25,1
2102,512,509,3,4,0,0.033174,27019,27019,1;9;17;25,1
2119,512,509,3,4,0,0.033373,26987,26987,1;9;17;25,1
2136,512,509,3,4,0,0.033811,26955,26955,1;9;17;25,1
2151,512,509,3,4,0,0.034274,26924,26924,1;9;17;25,1
2169,512,509,3,4,0,0.034512,26892,26892,1;9;17;25,1
2189,512,509,3,4,0,0.035004,26860,26860,1;9;17;25,1
2207,512,509,3,4,0,0.035351,26828,26828,1;9;17;25,1
2226,512,509,3,4,0,0.035601,26796,26796,1;9;17;25,1
2247,512,509,3,4,0,0.036282,26765,26765,1;9;17;25,1
2263,512,509,3,4,0,0.036508,26733,26733,1;9;17;25,1
2283,512,509,3,4,0,0.036772,26701,26701,1;9;17;25,1
2301,512,509,3,4,0,0.037362,26669,26669,1;9;17;25,1
2320,512,509,3,4,0,0.037575,26637,26637,1;9;17;25,1
2340,512,509,3,4,0,0.037882,26605,26605,1;9;17;25,1
2355,512,509,3,4,0,0.038369,26574,26574,1;9;17;25,1
2373,512,509,3,4,0,0.038907,26542,26542,1;9;17;25,1
2389,512,509,3,4,0,0.039146,26510,26510,1;9;17;25,1
2407,512,509,3,4,0,0.039560,26478,26478,1;9;17;25,1
2428,512,509,3,4,0,0.039852,26446,26446,1;9;17;25,1
2451,512,509,3,4,0,0.040064,26415,26415,1;9;17;25,1
2473,512,509,3,4,0,0.040428,26383,26383,1;9;17;25,1
2495,512,509,3,4,0,0.041142,26351,26351,1;9;17;25,1
2519,512,509,3,4,0,0.041429,26319,26319,1;9;17;25,1
2543,512,509,3,4,0,0.041713,26282,26282,1;9;17;25,1
2571,512,509,3,4,0,0.042402,26251,26251,1;9;17;25,1
2595,512,509,3,4,0,0.042505,26219,26219,1;9;17;25,1
2621,512,509,3,4,0,0.042765,26187,26187,1;9;17;25,1
2648,512,509,3,4,0,0.043357,26155,26155,1;9;17;25,1
2672,512,509,3,4,0,0.043577,26123,26123,1;9;17;25,1
2700,512,509,3,4,0,0.043858,26091,26091,1;9;17;25,1
2729,512,509,3,4,0,0.044587,26060,26060,1;9;17;25,1
2759,512,509,3,4,0,0.044790,26028,26028,1;9;17;25,1
2788,512,509,3,4,0,0.045149,25996,25996,1;9;17;25,1
2820,512,509,3,4,0,0.045659,25964,25964,1;9;17;25,1
2854,512,509,3,4,0,0.045864,25932,25932,1;9;17;25,1
2879,512,509,3,4,0,0.046095,25901,25901,1;9;17;25,1
2908,512,509,3,4,0,0.046650,25864,25864,1;9;17;25,1
2937,512,509,3,4,0,0.046884,25832,25832,1;9;17;25,1
2967,512,509,3,4,0,0.047297,25800,25800,1;9;17;25,1
2993,512,509,3,4,0,0.048006,25768,25768,1;9;17;25,1
3016,512,509,3,4,0,0.048239,25737,25737,1;9;17;25,1
3035,512,509,3,4,0,0.048424,25705,25705,1;9;17;25,1
3055,512,509,3,4,0,0.048864,25673,25673,1;9;17;25,1
3074,512,509,3,4,0,0.049290,25641,25641,1;9;17;25,1
3094,512,509,3,4,0,0.049561,25604,25604,1;9;17;25,1
3112,512,509,3,4,0,0.049858,25572,25572,1;9;17;25,1
3133,512,509,3,4,0,0.050475,25541,25541,1;9;17;25,1
3155,512,509,3,4,0,0.050741,25509,25509,1;9;17;25,1
3181,512,509,3,4,0,0.051177,25477,25477,1;9;17;25,1
3206,512,509,3,4,0,0.051478,25445,25445,1;9;17;25,1
3231,512,509,3,4,0,0.051824,25413,25413,1;9;17;25,1
3260,512,509,3,4,0,0.052164,25382,25382,1;9;17;25,1
3288,512,509,3,4,0,0.052774,25350,25350,1;9;17;25,1
3314,512,509,3,4,0,0.053055,25318,25318,1;9;17;25,1
3341,512,509,3,4,0,0.053456,25286,25286,1;9;17;25,1
3363,512,509,3,4,0,0.053780,25254,25254,1;9;17;25,1
3386,512,509,3,4,0,0.054122,25223,25223,1;9;17;25,1
3408,512,509,3,4,0,0.054406,25191,25191,1;9;17;25,1
3432,512,509,3,4,0,0.054965,25159,25159,1;9;17;25,1
3454,512,509,3,4,0,0.055300,25127,25127,1;9;17;25,1
3471,512,509,3,4,0,0.055798,25095,25095,1;9;17;25,1
3489,512,509,3,4,0,0.056182,25063,25063,1;9;17;25,1
3509,512,509,3,4,0,0.056494,25032,25032,1;9;17;25,1
3527,512,509,3,4,0,0.056608,25000,25000,1;9;17;25,1
3544,512,509,3,4,0,0.057055,24968,24968,1;9;17;25,1
3558,512,509,3,4,0,0.057367,24936,24936,1;9;17;25,1
3573,512,509,3,4,0,0.057904,24904,24904,1;9;17;25,1
3588,512,509,3,5,1,0.058266,24868,24868,1;9;17;25;33,1
3602,512,508,4,5,0,0.024429,24836,24836,1;9;17;25;33,1
3607,512,508,4,5,0,0.024921,24804,24804,1;9;17;25;33,1
3612,512,508,4,5,0,0.025229,24772,24772,1;9;17;25;33,1
3619,512,508,4,5,0,0.025864,24741,24741,1;9;17;25;33,1
3628,512,508,4,5,0,0.026266,24709,24709,1;9;17;25;33,1
3637,512,508,4,5,0,0.026596,24677,24677,1;9;17;25;33,1
3645,512,508,4,5,0,0.027060,24645,24645,1;9;17;25;33,1
3654,512,508,4,5,0,0.027707,24614,24614,1;9;17;25;33,1
3664,512,508,4,5,0,0.028020,24582,24582,1;9;17;25;33,1
3674,512,508,4,5,0,0.028400,24550,24550,1;9;17;25;33,1
3682,512,508,4,5,0,0.028991,24518,24518,1;9;17;25;33,1
3689,512,508,4,5,0,0.029257,24487,24487,1;9;17;25;33,1
3696,512,508,4,5,0,0.029705,24455,24455,1;9;17;25;33,1
3705,512,508,4,5,0,0.030196,24423,24423,1;9;17;25;33,1
3712,512,508,4,5,0,0.030516,24391,24391,1;9;17;25;33,1
3720,512,508,4,5,0,0.030840,24360,24360,1;9;17;25;33,1
3726,512,508,4,6,1,0.031273,24323,24323,1;9;17;25;33;41,1
3732,512,508,4,5,0,0.024216,24844,24844,1;9;17;25;41,1
3740,512,508,4,5,0,0.024566,24813,24813,1;9;17;25;41,1
3745,512,508,4,5,0,0.025047,24781,24781,1;9;17;25;41,1
3750,512,508,4,5,0,0.025504,24749,24749,1;9;17;25;41,1
3756,512,508,4,5,0,0.025946,24717,24717,1;9;17;25;41,1
3762,512,508,4,5,0,0.026456,24686,24686,1;9;17;25;41,1
3768,512,508,4,5,0,0.026991,24654,24654,1;9;17;25;41,1
3776,512,508,4,5,0,0.027390,24622,24622,1;9;17;25;41,1
3783,512,508,4,5,0,0.027849,24590,24590,1;9;17;25;41,1
3790,512,508,4,5,0,0.028277,24559,24559,1;9;17;25;41,1
3796,512,508,4,5,0,0.028728,24527,24527,1;9;17;25;41,1
3802,512,508,4,5,0,0.029094,24495,24495,1;9;17;25;41,1
3810,512,508,4,5,0,0.029599,24463,24463,1;9;17;25;41,1
3814,512,508,4,5,0,0.029920,24432,24432,1;9;17;25;41,1
3822,512,508,4,5,0,0.030344,24400,24400,1;9;17;25;41,1
3828,512,508,4,5,0,0.030750,24368,24368,1;9;17;25;41,1
3837,512,508,4,5,0,0.031074,24336,24336,1;9;17;25;41,1
3847,512,508,4,5,0,0.031493,24305,24305,1;9;17;25;41,1
3856,512,508,4,5,0,0.031854,24268,24268,1;9;17;25;41,1
3868,512,508,4,5,0,0.032133,24236,24236,1;9;17;25;41,1
3876,512,508,4,5,0,0.032555,24204,24204,1;9;17;25;41,1
3882,512,508,4,5,0,0.032879,24173,24173,1;9;17;25;41,1
3891,512,508,4,5,0,0.033411,24141,24141,1;9;17;25;41,1
3901,512,508,4,5,0,0.033847,24109,24109,1;9;17;25;41,1
3912,512,508,4,5,0,0.034148,24077,24077,1;9;17;25;41,1
3920,512,508,4,5,0,0.034499,24046,24046,1;9;17;25;41,1
3931,512,508,4,5,0,0.034952,24014,24014,1;9;17;25;41,1
3943,512,508,4,6,1,0.035706,23982,23982,1;9;17;25;41;49,1
3955,512,507,5,6,0,0.024562,23950,23950,1;9;17;25;41;49,1
3961,512,507,5,6,0,0.025054,23918,23918,1;9;17;25;41;49,1
3970,512,507,5,6,0,0.025362,23887,23887,1;9;17;25;41;49,1
3979,512,507,5,6,0,0.025997,23850,23850,1;9;17;25;41;49,1
3988,512,507,5,6,0,0.026467,23818,23818,1;9;17;25;41;49,1
3997,512,507,5,6,0,0.026772,23787,23787,1;9;17;25;41;49,1
4006,512,507,5,6,0,0.027449,23750,23750,1;9;17;25;41;49,1
4015,512,507,5,6,0,0.027878,23718,23718,1;9;17;25;41;49,1
4024,512,507,5,6,0,0.028188,23687,23687,1;9;17;25;41;49,1
4035,512,507,5,6,0,0.028799,23655,23655,1;9;17;25;41;49,1
4044,512,507,5,6,0,0.029150,23623,23623,1;9;17;25;41;49,1
4053,512,507,5,6,0,0.029420,23587,23587,1;9;17;25;41;49,1
4063,512,507,5,6,0,0.029839,23555,23555,1;9;17;25;41;49,1
4073,512,507,5,6,0,0.030329,23523,23523,1;9;17;25;41;49,1
4084,512,507,5,6,0,0.030649,23491,23491,1;9;17;25;41;49,1
4093,512,507,5,6,0,0.030973,23460,23460,1;9;17;25;41;49,1
4103,512,507,5,6,0,0.031529,23428,23428,1;9;17;25;41;49,1
4116,512,507,5,6,0,0.031786,23396,23396,1;9;17;25;41;49,1
4125,512,507,5,6,0,0.032088,23365,23365,1;9;17;25;41;49,1
4136,512,507,5,6,0,0.032644,23333,23333,1;9;17;25;41;49,1
4147,512,507,5,6,0,0.032850,23301,23301,1;9;17;25;41;49,1
4154,512,507,5,6,0,0.033222,23270,23270,1;9;17;25;41;49,1
4162,512,507,5,6,0,0.033935,23238,23238,1;9;17;25;41;49,1
4169,512,507,5,6,0,0.034143,23206,23206,1;9;17;25;41;49,1
4177,512,507,5,6,0,0.034456,23175,23175,1;9;17;25;41;49,1
4184,512,507,5,6,0,0.034765,23143,23143,1;9;17;25;41;49,1
4193,512,507,5,6,0,0.035257,23111,23111,1;9;17;25;41;49,1
4204,512,507,5,6,0,0.035538,23080,23080,1;9;17;25;41;49,1
4213,512,507,5,6,0,0.035931,23048,23048,1;9;17;25;41;49,1
4223,512,507,5,6,0,0.036353,23016,23016,1;9;17;25;41;49,1
4231,512,507,5,6,0,0.036849,22984,22984,1;9;17;25;41;49,1
4239,512,507,5,6,0,0.037117,22953,22953,1;9;17;25;41;49,1
4248,512,507,5,6,0,0.037521,22916,22916,1;9;17;25;41;49,1
4259,512,507,5,6,0,0.037862,22884,22884,1;9;17;25;41;49,1
4271,512,507,5,6,0,0.038192,22853,22853,1;9;17;25;41;49,1
4283,512,507,5,6,0,0.038633,22821,22821,1;9;17;25;41;49,1
4295,512,507,5,6,0,0.038967,22789,22789,1;9;17;25;41;49,1
4308,512,507,5,6,0,0.039387,22758,22758,1;9;17;25;41;49,1
4316,512,507,5,6,0,0.039748,22726,22726,1;9;17;25;41;49,1
4323,512,507,5,6,0,0.040156,22694,22694,1;9;17;25;41;49,1
4333,512,507,5,6,0,0.040399,22663,22663,1;9;17;25;41;49,1
4342,512,507,5,6,0,0.040681,22631,22631,1;9;17;25;41;49,1
4352,512,507,5,6,0,0.041143,22599,22599,1;9;17;25;41;49,1
4360,512,507,5,6,0,0.041471,22568,22568,1;9;17;25;41;49,1
4370,512,507,5,6,0,0.042008,22536,22536,1;9;17;25;41;49,1
4379,512,507,5,7,1,0.042472,22500,22500,1;9;17;25;41;49;57,1
4389,512,506,6,7,0,0.024593,22468,22468,1;9;17;25;41;49;57,1
4394,512,506,6,7,0,0.025034,22437,22437,1;9;17;25;41;49;57,1
4399,512,506,6,7,0,0.025541,22405,22405,1;9;17;25;41;49;57,1
4405,512,506,6,7,0,0.026034,22374,22374,1;9;17;25;41;49;57,1
4412,512,506,6,7,0,0.026411,22342,22342,1;9;17;25;41;49;57,1
4419,512,506,6,7,0,0.026944,22310,22310,1;9;17;25;41;49;57,1
4424,512,506,6,7,0,0.027519,22279,22279,1;9;17;25;41;49;57,1
4430,512,506,6,7,0,0.027883,22247,22247,1;9;17;25;41;49;57,1
4436,512,506,6,7,0,0.028359,22215,22215,1;9;17;25;41;49;57,1
4443,512,506,6,8,1,0.028917,22179,22179,1;9;17;25;41;49;57;65,1
4448,512,505,7,8,0,0.024874,22148,22148,1;9;17;25;41;49;57;65,1
4453,512,505,7,8,0,0.025511,22116,22116,1;9;17;25;41;49;57;65,1
4460,512,505,7,8,0,0.025844,22084,22084,1;9;17;25;41;49;57;65,1
4466,512,505,7,8,0,0.026252,22053,22053,1;9;17;25;41;49;57;65,1
4470,512,505,7,8,0,0.026923,22021,22021,1;9;17;25;41;49;57;65,1
4477,512,505,7,9,1,0.027573,21986,21986,1;9;17;25;41;49;57;65;73,1
4483,512,504,8,9,0,0.024603,21954,21954,1;9;17;25;41;49;57;65;73,1
4488,512,504,8,9,0,0.025010,21923,21923,1;9;17;25;41;49;57;65;73,1
4495,512,504,8,9,0,0.025516,21891,21891,1;9;17;25;41;49;57;65;73,1
4500,512,504,8,9,0,0.025985,21860,21860,1;9;17;25;41;49;57;65;73,1
4506,512,504,8,9,0,0.026473,21828,21828,1;9;17;25;41;49;57;65;73,1
4513,512,504,8,9,0,0.026922,21797,21797,1;9;17;25;41;49;57;65;73,1
4519,512,504,8,9,0,0.027459,21765,21765,1;9;17;25;41;49;57;65;73,1
4523,512,504,8,9,0,0.027918,21734,21734,1;9;17;25;41;49;57;65;73,1
4529,512,504,8,9,0,0.028336,21697,21697,1;9;17;25;41;49;57;65;73,1
4537,512,504,8,9,0,0.028764,21666,21666,1;9;17;25;41;49;57;65;73,1
4544,512,504,8,9,0,0.029195,21634,21634,1;9;17;25;41;49;57;65;73,1
4548,512,504,8,9,0,0.029594,21603,21603,1;9;17;25;41;49;57;65;73,1
4557,512,504,8,9,0,0.030118,21571,21571,1;9;17;25;41;49;57;65;73,1
4563,512,504,8,9,0,0.030411,21540,21540,1;9;17;25;41;49;57;65;73,1
4568,512,504,8,9,0,0.030828,21508,21508,1;9;17;25;41;49;57;65;73,1
4576,512,504,8,9,0,0.031311,21477,21477,1;9;17;25;41;49;57;65;73,1
4581,512,504,8,9,0,0.031569,21445,21445,1;9;17;25;41;49;57;65;73,1
4589,512,505,7,8,0,0.032131,21721,21721,1;9;17;25;41;49;65;73,1
4597,512,505,7,8,0,0.032546,21689,21689,1;9;17;25;41;49;65;73,1
4604,512,505,7,8,0,0.032803,21658,21658,1;9;17;25;41;49;65;73,1
4613,512,505,7,8,0,0.033194,21626,21626,1;9;17;25;41;49;65;73,1
4623,512,505,7,8,0,0.033551,21589,21589,1;9;17;25;41;49;65;73,1
4630,512,505,7,8,0,0.034077,21558,21558,1;9;17;25;41;49;65;73,1
4641,512,505,7,8,0,0.034476,21526,21526,1;9;17;25;41;49;65;73,1
4653,512,505,7,8,0,0.034828,21490,21490,1;9;17;25;41;49;65;73,1
4664,512,505,7,8,0,0.035148,21458,21458,1;9;17;25;41;49;65;73,1
4676,512,505,7,8,0,0.035583,21427,21427,1;9;17;25;41;49;65;73,1
4691,512,505,7,8,0,0.035902,21395,21395,1;9;17;25;41;49;65;73,1
4702,512,505,7,8,0,0.036327,21363,21363,1;9;17;25;41;49;65;73,1
4715,512,505,7,8,0,0.036627,21327,21327,1;9;17;25;41;49;65;73,1
4726,512,505,7,8,0,0.037145,21295,21295,1;9;17;25;41;49;65;73,1
4739,512,505,7,8,0,0.037584,21264,21264,1;9;17;25;41;49;65;73,1
4750,512,505,7,8,0,0.037784,21232,21232,1;9;17;25;41;49;65;73,1
4764,512,505,7,8,0,0.038193,21201,21201,1;9;17;25;41;49;65;73,1
4778,512,505,7,8,0,0.038665,21169,21169,1;9;17;25;41;49;65;73,1
4791,512,505,7,8,0,0.038850,21138,21138,1;9;17;25;41;49;65;73,1
4803,512,505,7,8,0,0.039160,21106,21106,1;9;17;25;41;49;65;73,1
4815,512,505,7,8,0,0.039647,21074,21074,1;9;17;25;41;49;65;73,1
4829,512,505,7,8,0,0.040184,21043,21043,1;9;17;25;41;49;65;73,1
4837,512,505,7,8,0,0.040423,21011,21011,1;9;17;25;41;49;65;73,1
4846,512,505,7,8,0,0.040837,20980,20980,1;9;17;25;41;49;65;73,1
4857,512,506,6,7,0,0.040862,21440,21440,9;17;25;41;49;65;73,1
4867,512,506,6,7,0,0.041074,21408,21408,9;17;25;41;49;65;73,1
4877,512,506,6,7,0,0.041611,21377,21377,9;17;25;41;49;65;73,1
4886,512,506,6,7,0,0.042155,21345,21345,9;17;25;41;49;65;73,1
4895,512,506,6,7,0,0.042442,21314,21314,9;17;25;41;49;65;73,1
4904,512,506,6,7,0,0.042723,21282,21282,9;17;25;41;49;65;73,1
4915,512,506,6,7,0,0.043412,21250,21250,9;17;25;41;49;65;73,1
4925,512,506,6,7,0,0.043516,21214,21214,9;17;25;41;49;65;73,1
4934,512,506,6,7,0,0.043775,21182,21182,9;17;25;41;49;65;73,1
4944,512,506,6,7,0,0.044367,21145,21145,9;17;25;41;49;65;73,1
4954,512,506,6,7,0,0.044588,21114,21114,9;17;25;41;49;65;73,1
4964,512,506,6,8,1,0.045200,21078,21078,9;17;25;41;49;65;73;81,1
4973,512,505,7,8,0,0.024991,21046,21046,9;17;25;41;49;65;73;81,1
4980,512,505,7,8,0,0.025356,21015,21015,9;17;25;41;49;65;73;81,1
4987,512,506,6,7,0,0.025363,22668,22668,9;17;25;41;49;65;81,1
4992,512,506,6,7,0,0.025820,22637,22637,9;17;25;41;49;65;81,1
4997,512,506,6,7,0,0.026314,22605,22605,9;17;25;41;49;65;81,1
5004,512,506,6,7,0,0.026769,22573,22573,9;17;25;41;49;65;81,1
5011,512,506,6,7,0,0.027307,22542,22542,9;17;25;41;49;65;81,1
5021,512,506,6,7,0,0.027767,22510,22510,9;17;25;41;49;65;81,1
5030,512,506,6,7,0,0.028180,22478,22478,9;17;25;41;49;65;81,1
5040,512,506,6,7,0,0.028659,22447,22447,9;17;25;41;49;65;81,1
5049,512,506,6,7,0,0.029109,22410,22410,9;17;25;41;49;65;81,1
5058,512,506,6,7,0,0.029431,22379,22379,9;17;25;41;49;65;81,1
5068,512,506,6,7,0,0.029929,22347,22347,9;17;25;41;49;65;81,1
5078,512,506,6,7,0,0.030312,22315,22315,9;17;25;41;49;65;81,1
5084,512,506,6,7,0,0.030628,22284,22284,9;17;25;41;49;65;81,1
5092,512,506,6,7,0,0.031133,22252,22252,9;17;25;41;49;65;81,1
5100,512,506,6,7,0,0.031458,22220,22220,9;17;25;41;49;65;81,1
5108,512,506,6,7,0,0.031816,22189,22189,9;17;25;41;49;65;81,1
5115,512,506,6,8,1,0.032225,22157,22157,9;17;25;41;49;65;81;89,1
5123,512,505,7,8,0,0.025086,22125,22125,9;17;25;41;49;65;81;89,1
5130,512,505,7,8,0,0.025578,22094,22094,9;17;25;41;49;65;81;89,1
5135,512,505,7,8,0,0.025886,22062,22062,9;17;25;41;49;65;81;89,1
5142,512,505,7,8,0,0.026521,22031,22031,9;17;25;41;49;65;81;89,1
5148,512,505,7,8,0,0.026990,21999,21999,9;17;25;41;49;65;81;89,1
5156,512,505,7,8,0,0.027295,21962,21962,9;17;25;41;49;65;81;89,1
5162,512,505,7,8,0,0.027973,21931,21931,9;17;25;41;49;65;81;89,1
5168,512,505,7,8,0,0.028402,21899,21899,9;17;25;41;49;65;81;89,1
5175,512,505,7,8,0,0.028712,21868,21868,9;17;25;41;49;65;81;89,1
5182,512,505,7,8,0,0.029057,21836,21836,9;17;25;41;49;65;81;89,1
5191,512,505,7,8,0,0.029648,21805,21805,9;17;25;41;49;65;81;89,1
5200,512,505,7,8,0,0.029914,21773,21773,9;17;25;41;49;65;81;89,1
5209,512,505,7,8,0,0.030362,21741,21741,9;17;25;41;49;65;81;89,1
5219,512,505,7,8,0,0.030853,21710,21710,9;17;25;41;49;65;81;89,1
5230,512,505,7,8,0,0.031173,21678,21678,9;17;25;41;49;65;81;89,1
5240,512,505,7,8,0,0.031497,21647,21647,9;17;25;41;49;65;81;89,1
5249,512,505,7,8,0,0.032053,21610,21610,9;17;25;41;49;65;81;89,1
5260,512,505,7,8,0,0.032310,21579,21579,9;17;25;41;49;65;81;89,1
5270,512,505,7,8,0,0.032623,21547,21547,9;17;25;41;49;65;81;89,1
5277,512,505,7,8,0,0.032897,21516,21516,9;17;25;41;49;65;81;89,1
5285,512,505,7,8,0,0.033337,21484,21484,9;17;25;41;49;65;81;89,1
5293,512,505,7,8,0,0.033724,21452,21452,9;17;25;41;49;65;81;89,1
5301,512,505,7,8,0,0.034187,21421,21421,9;17;25;41;49;65;81;89,1
5310,512,505,7,8,0,0.034638,21389,21389,9;17;25;41;49;65;81;89,1
5318,512,505,7,8,0,0.034966,21358,21358,9;17;25;41;49;65;81;89,1
5326,512,505,7,8,0,0.035265,21326,21326,9;17;25;41;49;65;81;89,1
5334,512,505,7,9,1,0.036039,21293,21293,9;17;25;41;49;65;81;89;97,1
5344,512,504,8,9,0,0.025064,21261,21261,9;17;25;41;49;65;81;89;97,1
5350,512,504,8,9,0,0.025508,21230,21230,9;17;25;41;49;65;81;89;97,1
5357,512,504,8,9,0,0.025813,21198,21198,9;17;25;41;49;65;81;89;97,1
5363,512,504,8,9,0,0.026448,21167,21167,9;17;25;41;49;65;81;89;97,1
5369,512,504,8,9,0,0.026917,21135,21135,9;17;25;41;49;65;81;89;97,1
5375,512,504,8,9,0,0.027222,21099,21099,9;17;25;41;49;65;81;89;97,1
5383,512,504,8,9,0,0.027900,21067,21067,9;17;25;41;49;65;81;89;97,1
5389,512,504,8,9,0,0.028329,21036,21036,9;17;25;41;49;65;81;89;97,1
5397,512,504,8,9,0,0.028638,21004,21004,9;17;25;41;49;65;81;89;97,1
5404,512,504,8,9,0,0.029250,20973,20973,9;17;25;41;49;65;81;89;97,1
5412,512,504,8,9,0,0.029575,20936,20936,9;17;25;41;49;65;81;89;97,1
5419,512,504,8,9,0,0.029840,20905,20905,9;17;25;41;49;65;81;89;97,1
5426,512,504,8,9,0,0.030289,20873,20873,9;17;25;41;49;65;81;89;97,1
5433,512,504,8,9,0,0.030780,20842,20842,9;17;25;41;49;65;81;89;97,1
5441,512,504,8,9,0,0.031100,20810,20810,9;17;25;41;49;65;81;89;97,1
5448,512,504,8,9,0,0.031423,20779,20779,9;17;25;41;49;65;81;89;97,1
5458,512,504,8,9,0,0.031980,20747,20747,9;17;25;41;49;65;81;89;97,1
5469,512,504,8,9,0,0.032237,20716,20716,9;17;25;41;49;65;81;89;97,1
5479,512,504,8,9,0,0.032550,20684,20684,9;17;25;41;49;65;81;89;97,1
5491,512,504,8,9,0,0.032824,20653,20653,9;17;25;41;49;65;81;89;97,1
5501,512,504,8,9,0,0.033263,20621,20621,9;17;25;41;49;65;81;89;97,1
5510,512,504,8,9,0,0.033651,20590,20590,9;17;25;41;49;65;81;89;97,1
5520,512,504,8,9,0,0.034114,20558,20558,9;17;25;41;49;65;81;89;97,1
5532,512,504,8,9,0,0.034564,20527,20527,9;17;25;41;49;65;81;89;97,1
5544,512,504,8,9,0,0.034892,20495,20495,9;17;25;41;49;65;81;89;97,1
5555,512,504,8,9,0,0.035192,20464,20464,9;17;25;41;49;65;81;89;97,1
5565,512,504,8,9,0,0.035571,20432,20432,9;17;25;41;49;65;81;89;97,1
5577,512,504,8,9,0,0.035851,20401,20401,9;17;25;41;49;65;81;89;97,1
5592,512,504,8,9,0,0.036290,20369,20369,9;17;25;41;49;65;81;89;97,1
5607,512,504,8,9,0,0.036618,20333,20333,9;17;25;41;49;65;81;89;97,1
5621,512,504,8,9,0,0.037135,20301,20301,9;17;25;41;49;65;81;89;97,1
5634,512,504,8,9,0,0.037516,20260,20260,9;17;25;41;49;65;81;89;97,1
5649,512,504,8,9,0,0.037800,20228,20228,9;17;25;41;49;65;81;89;97,1
5663,512,504,8,9,0,0.038172,20197,20197,9;17;25;41;49;65;81;89;97,1
5678,512,504,8,9,0,0.038588,20165,20165,9;17;25;41;49;65;81;89;97,1
5692,512,504,8,9,0,0.038836,20134,20134,9;17;25;41;49;65;81;89;97,1
5708,512,504,8,9,0,0.039258,20102,20102,9;17;25;41;49;65;81;89;97,1
5721,512,504,8,9,0,0.039679,20071,20071,9;17;25;41;49;65;81;89;97,1
5734,512,504,8,9,0,0.040156,20039,20039,9;17;25;41;49;65;81;89;97,1
5750,512,504,8,9,0,0.040533,20008,20008,9;17;25;41;49;65;81;89;97,1
5766,512,504,8,9,0,0.040827,19976,19976,9;17;25;41;49;65;81;89;97,1
5781,512,504,8,9,0,0.041090,19945,19945,9;17;25;41;49;65;81;89;97,1
5797,512,504,8,9,0,0.041605,19913,19913,9;17;25;41;49;65;81;89;97,1
5812,512,504,8,9,0,0.041839,19882,19882,9;17;25;41;49;65;81;89;97,1
5828,512,504,8,9,0,0.042405,19845,19845,9;17;25;41;49;65;81;89;97,1
5848,512,504,8,9,0,0.042877,19814,19814,9;17;25;41;49;65;81;89;97,1
5871,512,504,8,9,0,0.043176,19782,19782,9;17;25;41;49;65;81;89;97,1
5895,512,504,8,9,0,0.043659,19751,19751,9;17;25;41;49;65;81;89;97,1
5921,512,504,8,9,0,0.043846,19719,19719,9;17;25;41;49;65;81;89;97,1
5945,512,504,8,9,0,0.044098,19688,19688,9;17;25;41;49;65;81;89;97,1
5970,512,504,8,9,0,0.044616,19656,19656,9;17;25;41;49;65;81;89;97,1
5995,512,504,8,9,0,0.044885,19625,19625,9;17;25;41;49;65;81;89;97,1
6020,512,504,8,9,0,0.045477,19593,19593,9;17;25;41;49;65;81;89;97,1
6046,512,504,8,9,0,0.045820,19562,19562,9;17;25;41;49;65;81;89;97,1
6072,512,504,8,9,0,0.046228,19530,19530,9;17;25;41;49;65;81;89;97,1
6098,512,504,8,9,0,0.046632,19499,19499,9;17;25;41;49;65;81;89;97,1
6126,512,504,8,9,0,0.046913,19467,19467,9;17;25;41;49;65;81;89;97,1
6150,512,504,8,9,0,0.047145,19436,19436,9;17;25;41;49;65;81;89;97,1
6177,512,505,7,8,0,0.047268,22289,22289,9;17;41;49;65;81;89;97,1
6203,512,505,7,8,0,0.047446,22257,22257,9;17;41;49;65;81;89;97,1
6230,512,505,7,8,0,0.047970,22226,22226,9;17;41;49;65;81;89;97,1
6256,512,505,7,8,0,0.048208,22194,22194,9;17;41;49;65;81;89;97,1
6282,512,505,7,8,0,0.048815,22163,22163,9;17;41;49;65;81;89;97,1
6308,512,505,7,8,0,0.049124,22131,22131,9;17;41;49;65;81;89;97,1
6337,512,505,7,8,0,0.049493,22100,22100,9;17;41;49;65;81;89;97,1
6362,512,506,6,7,0,0.049501,22961,22961,9;17;49;65;81;89;97,1
6390,512,506,6,7,0,0.049981,22929,22929,9;17;49;65;81;89;97,1
6416,512,506,6,7,0,0.050166,22898,22898,9;17;49;65;81;89;97,1
6444,512,506,6,7,0,0.050691,22866,22866,9;17;49;65;81;89;97,1
6471,512,506,6,7,0,0.050956,22830,22830,9;17;49;65;81;89;97,1
6498,512,506,6,7,0,0.051574,22798,22798,9;17;49;65;81;89;97,1
6525,512,506,6,7,0,0.051773,22766,22766,9;17;49;65;81;89;97,1
6555,512,506,6,7,0,0.051962,22735,22735,9;17;49;65;81;89;97,1
6583,512,506,6,7,0,0.052439,22703,22703,9;17;49;65;81;89;97,1
6615,512,506,6,7,0,0.053042,22671,22671,9;17;49;65;81;89;97,1
6647,512,506,6,7,0,0.053256,22640,22640,9;17;49;65;81;89;97,1
6678,512,506,6,7,0,0.053824,22608,22608,9;17;49;65;81;89;97,1
6712,512,506,6,7,0,0.054095,22577,22577,9;17;49;65;81;89;97,1
6745,512,506,6,7,0,0.054240,22545,22545,9;17;49;65;81;89;97,1
6778,512,506,6,7,0,0.054572,22513,22513,9;17;49;65;81;89;97,1
6812,512,506,6,7,0,0.055112,22482,22482,9;17;49;65;81;89;97,1
6846,512,506,6,7,0,0.055422,22450,22450,9;17;49;65;81;89;97,1
6880,512,506,6,7,0,0.055759,22418,22418,9;17;49;65;81;89;97,1
6914,512,506,6,7,0,0.056402,22387,22387,9;17;49;65;81;89;97,1
6949,512,506,6,7,0,0.056642,22355,22355,9;17;49;65;81;89;97,1
6983,512,506,6,7,0,0.056933,22324,22324,9;17;49;65;81;89;97,1
7019,512,506,6,7,0,0.057350,22292,22292,9;17;49;65;81;89;97,1
7055,512,506,6,7,0,0.057658,22260,22260,9;17;49;65;81;89;97,1
7090,512,506,6,7,0,0.057942,22229,22229,9;17;49;65;81;89;97,1
7128,512,506,6,7,0,0.058485,22197,22197,9;17;49;65;81;89;97,1
7163,512,507,5,6,0,0.058806,22997,22997,9;49;65;81;89;97,1
7200,512,507,5,6,0,0.059114,22966,22966,9;49;65;81;89;97,1
7235,512,507,5,6,0,0.059461,22934,22934,9;49;65;81;89;97,1
7272,512,507,5,6,0,0.059869,22902,22902,9;49;65;81;89;97,1
7309,512,507,5,6,0,0.060042,22871,22871,9;49;65;81;89;97,1
7346,512,508,4,5,0,0.060331,23052,23052,9;49;81;89;97,1
7382,512,508,4,5,0,0.060765,23020,23020,9;49;81;89;97,1
7419,512,508,4,5,0,0.061204,22988,22988,9;49;81;89;97,1
7457,512,508,4,5,0,0.061590,22957,22957,9;49;81;89;97,1
7496,512,508,4,5,0,0.062186,22925,22925,9;49;81;89;97,1
7535,512,508,4,5,0,0.062387,22893,22893,9;49;81;89;97,1
7574,512,508,4,5,0,0.062785,22861,22861,9;49;81;89;97,1
7615,512,508,4,5,0,0.063075,22830,22830,9;49;81;89;97,1
7656,512,508,4,5,0,0.063290,22798,22798,9;49;81;89;97,1
7699,512,508,4,5,0,0.063630,22766,22766,9;49;81;89;97,1
7739,512,508,4,5,0,0.064094,22734,22734,9;49;81;89;97,1
7781,512,508,4,5,0,0.064405,22703,22703,9;49;81;89;97,1
7822,512,508,4,5,0,0.065117,22671,22671,9;49;81;89;97,1
7864,512,508,4,5,0,0.065357,22639,22639,9;49;81;89;97,1
7907,512,508,4,5,0,0.065782,22602,22602,9;49;81;89;97,1
7948,512,508,4,5,0,0.065999,22571,22571,9;49;81;89;97,1
7983,512,508,4,5,0,0.066415,22534,22534,9;49;81;89;97,1
8019,512,508,4,5,0,0.066601,22502,22502,9;49;81;89;97,1
8053,512,508,4,5,0,0.067154,22470,22470,9;49;81;89;97,1
8089,512,508,4,5,0,0.067435,22439,22439,9;49;81;89;97,1
8125,512,508,4,5,0,0.068014,22407,22407,9;49;81;89;97,1
8161,512,508,4,5,0,0.068265,22375,22375,9;49;81;89;97,1
8197,512,508,4,5,0,0.068851,22343,22343,9;49;81;89;97,1
8233,512,508,4,5,0,0.069041,22312,22312,9;49;81;89;97,1
8269,512,508,4,5,0,0.069410,22280,22280,9;49;81;89;97,1
8308,512,508,4,5,0,0.069698,22248,22248,9;49;81;89;97,1
8338,512,508,4,5,0,0.069989,22216,22216,9;49;81;89;97,1
8367,512,508,4,5,0,0.070498,22185,22185,9;49;81;89;97,1
8395,512,508,4,5,0,0.071266,22153,22153,9;49;81;89;97,1
8424,512,508,4,5,0,0.071279,22121,22121,9;49;81;89;97,1
8452,512,508,4,5,0,0.072002,22089,22089,9;49;81;89;97,1
8481,512,508,4,5,0,0.072036,22058,22058,9;49;81;89;97,1
8502,512,508,4,5,0,0.072355,22026,22026,9;49;81;89;97,1
8522,512,508,4,5,0,0.072659,21994,21994,9;49;81;89;97,1
8542,512,508,4,5,0,0.073092,21962,21962,9;49;81;89;97,1
8564,512,508,4,5,0,0.073490,21931,21931,9;49;81;89;97,1
8585,512,508,4,5,0,0.074350,21899,21899,9;49;81;89;97,1
8605,512,508,4,5,0,0.074324,21867,21867,9;49;81;89;97,1
8626,512,508,4,5,0,0.074823,21835,21835,9;49;81;89;97,1
8647,512,508,4,5,0,0.075061,21804,21804,9;49;81;89;97,1
8667,512,508,4,5,0,0.075348,21772,21772,9;49;81;89;97,1
8685,512,508,4,5,0,0.075807,21740,21740,9;49;81;89;97,1
8699,512,508,4,5,0,0.076227,21708,21708,9;49;81;89;97,1
8713,512,508,4,5,0,0.076711,21672,21672,9;49;81;89;97,1
8726,512,508,4,5,0,0.077357,21640,21640,9;49;81;89;97,1
8739,512,508,4,5,0,0.077276,21608,21608,9;49;81;89;97,1
8753,512,508,4,5,0,0.078164,21576,21576,9;49;81;89;97,1
8766,512,508,4,5,0,0.078237,21545,21545,9;49;81;89;97,1
8779,512,508,4,5,0,0.078588,21513,21513,9;49;81;89;97,1
8793,512,508,4,5,0,0.078910,21481,21481,9;49;81;89;97,1
8806,512,508,4,5,0,0.079079,21449,21449,9;49;81;89;97,1
8820,512,508,4,5,0,0.079436,21418,21418,9;49;81;89;97,1
8835,512,508,4,5,0,0.080260,21386,21386,9;49;81;89;97,1
8851,512,508,4,5,0,0.080409,21354,21354,9;49;81;89;97,1
8867,512,508,4,5,0,0.081079,21317,21317,9;49;81;89;97,1
8881,512,508,4,5,0,0.081234,21286,21286,9;49;81;89;97,1
8897,512,508,4,5,0,0.081495,21254,21254,9;49;81;89;97,1
8912,512,508,4,5,0,0.081815,21222,21222,9;49;81;89;97,1
8930,512,508,4,5,0,0.082158,21190,21190,9;49;81;89;97,1
8943,512,508,4,5,0,0.082667,21159,21159,9;49;81;89;97,1
8949,512,508,4,5,0,0.083457,21127,21127,9;49;81;89;97,1
8956,512,508,4,5,0,0.083545,21095,21095,9;49;81;89;97,1
8962,512,508,4,5,0,0.084296,21063,21063,9;49;81;89;97,1
8968,512,508,4,5,0,0.084223,21032,21032,9;49;81;89;97,1
8973,512,508,4,5,0,0.084576,21000,21000,9;49;81;89;97,1
8980,512,508,4,5,0,0.084874,20968,20968,9;49;81;89;97,1
8985,512,508,4,5,0,0.085247,20936,20936,9;49;81;89;97,1
8991,512,508,4,5,0,0.085768,20905,20905,9;49;81;89;97,1
8996,512,508,4,5,0,0.086305,20873,20873,9;49;81;89;97,1
9002,512,508,4,5,0,0.086509,20841,20841,9;49;81;89;97,1
9007,512,508,4,5,0,0.087402,20809,20809,9;49;81;89;97,1
9012,512,508,4,5,0,0.087350,20778,20778,9;49;81;89;97,1
9017,512,508,4,5,0,0.087680,20746,20746,9;49;81;89;97,1
9023,512,508,4,5,0,0.087971,20714,20714,9;49;81;89;97,1
9028,512,508,4,5,0,0.088197,20682,20682,9;49;81;89;97,1
9032,512,508,4,5,0,0.088628,20651,20651,9;49;81;89;97,1
9037,512,508,4,5,0,0.089290,20619,20619,9;49;81;89;97,1
9043,512,508,4,5,0,0.089475,20587,20587,9;49;81;89;97,1
9049,512,508,4,5,0,0.090323,20555,20555,9;49;81;89;97,1
9056,512,508,4,5,0,0.090374,20524,20524,9;49;81;89;97,1
9062,512,508,4,5,0,0.090613,20492,20492,9;49;81;89;97,1
9067,512,508,4,5,0,0.090910,20460,20460,9;49;81;89;97,1
9072,512,508,4,5,0,0.091216,20428,20428,9;49;81;89;97,1
9078,512,508,4,5,0,0.091776,20397,20397,9;49;81;89;97,1
9084,512,508,4,5,0,0.092499,20365,20365,9;49;81;89;97,1
9088,512,508,4,5,0,0.092573,20333,20333,9;49;81;89;97,1
9094,512,508,4,5,0,0.093084,20301,20301,9;49;81;89;97,1
9099,512,508,4,5,0,0.093196,20270,20270,9;49;81;89;97,1
9104,512,508,4,5,0,0.093618,20238,20238,9;49;81;89;97,1
9109,512,508,4,5,0,0.094069,20206,20206,9;49;81;89;97,1
9115,512,508,4,5,0,0.094405,20174,20174,9;49;81;89;97,1
9119,512,508,4,5,0,0.094792,20143,20143,9;49;81;89;97,1
9124,512,508,4,5,0,0.094916,20111,20111,9;49;81;89;97,1
9129,512,508,4,5,0,0.095426,20079,20079,9;49;81;89;97,1
9134,512,508,4,5,0,0.096107,20042,20042,9;49;81;89;97,1
9139,512,508,4,5,0,0.096471,20011,20011,9;49;81;89;97,1
9143,512,508,4,5,0,0.096832,19974,19974,9;49;81;89;97,1
9148,512,508,4,5,0,0.097163,19942,19942,9;49;81;89;97,1
9153,512,508,4,5,0,0.097059,19910,19910,9;49;81;89;97,1
9157,512,508,4,5,0,0.097612,19879,19879,9;49;81;89;97,1
9162,512,508,4,5,0,0.098425,19847,19847,9;49;81;89;97,1
9166,512,508,4,5,0,0.098595,19815,19815,9;49;81;89;97,1
9171,512,508,4,5,0,0.099232,19783,19783,9;49;81;89;97,1
9176,512,508,4,5,0,0.099625,19752,19752,9;49;81;89;97,1
9180,512,508,4,5,0,0.099627,19720,19720,9;49;81;89;97,1
9185,512,508,4,5,0,0.099938,19688,19688,9;49;81;89;97,1
9189,512,508,4,5,0,0.100397,19656,19656,9;49;81;89;97,1
9194,512,508,4,5,0,0.100765,19625,19625,9;49;81;89;97,1
9198,512,508,4,5,0,0.101038,19593,19593,9;49;81;89;97,1
9203,512,508,4,5,0,0.101945,19561,19561,9;49;81;89;97,1
9206,512,508,4,5,0,0.102308,19529,19529,9;49;81;89;97,1
9211,512,508,4,5,0,0.102594,19498,19498,9;49;81;89;97,1
9215,512,508,4,5,0,0.102722,19466,19466,9;49;81;89;97,1
9220,512,508,4,5,0,0.103100,19434,19434,9;49;81;89;97,1
9224,512,509,3,4,0,0.102962,20532,20532,49;81;89;97,1
9228,512,509,3,4,0,0.103860,20500,20500,49;81;89;97,1
9232,512,509,3,4,0,0.104079,20469,20469,49;81;89;97,1
9237,512,509,3,4,0,0.104500,20437,20437,49;81;89;97,1
9241,512,509,3,4,0,0.105295,20405,20405,49;81;89;97,1
9245,512,509,3,4,0,0.105341,20373,20373,49;81;89;97,1
9249,512,509,3,4,0,0.105332,20341,20341,49;81;89;97,1
9254,512,509,3,4,0,0.106266,20310,20310,49;81;89;97,1
9257,512,509,3,4,0,0.106276,20278,20278,49;81;89;97,1
9261,512,509,3,4,0,0.106536,20241,20241,49;81;89;97,1
9266,512,509,3,4,0,0.107019,20209,20209,49;81;89;97,1
9269,512,509,3,4,0,0.107617,20177,20177,49;81;89;97,1
9274,512,509,3,4,0,0.107830,20146,20146,49;81;89;97,1
9278,512,509,3,4,0,0.108327,20114,20114,49;81;89;97,1
9285,512,509,3,4,0,0.108346,20082,20082,49;81;89;97,1
9299,512,509,3,4,0,0.108718,20050,20050,49;81;89;97,1
9312,512,509,3,4,0,0.109118,20018,20018,49;81;89;97,1
9326,512,509,3,4,0,0.109789,19986,19986,49;81;89;97,1
9341,512,509,3,4,0,0.110081,19955,19955,49;81;89;97,1
9354,512,509,3,4,0,0.110747,19923,19923,49;81;89;97,1
9369,512,509,3,4,0,0.111136,19891,19891,49;81;89;97,1
9382,512,509,3,4,0,0.111275,19859,19859,49;81;89;97,1
9397,512,509,3,4,0,0.111546,19827,19827,49;81;89;97,1
9411,512,509,3,4,0,0.112163,19796,19796,49;81;89;97,1
9426,512,509,3,4,0,0.112272,19764,19764,49;81;89;97,1
9440,512,509,3,4,0,0.112830,19732,19732,49;81;89;97,1
9456,512,509,3,4,0,0.112963,19700,19700,49;81;89;97,1
9471,512,509,3,4,0,0.113426,19668,19668,49;81;89;97,1
9485,512,509,3,5,1,0.114600,19635,19635,49;81;89;97;105,1
9501,512,508,4,5,0,0.025693,19603,19603,49;81;89;97;105,1
9505,512,508,4,6,1,0.026446,19568,19568,49;81;89;97;105;113,1
9508,512,507,5,6,0,0.025472,19536,19536,49;81;89;97;105;113,1
9513,512,507,5,6,0,0.026109,19504,19504,49;81;89;97;105;113,1
9517,512,507,5,6,0,0.026436,19472,19472,49;81;89;97;105;113,1
9521,512,507,5,6,0,0.026844,19441,19441,49;81;89;97;105;113,1
9526,512,507,5,6,0,0.027515,19409,19409,49;81;89;97;105;113,1
9530,512,507,5,6,0,0.027845,19377,19377,49;81;89;97;105;113,1
9534,512,508,4,5,0,0.028064,20847,20847,81;89;97;105;113,1
9539,512,508,4,5,0,0.028711,20815,20815,81;89;97;105;113,1
9543,512,508,4,5,0,0.029023,20783,20783,81;89;97;105;113,1
9547,512,508,4,5,0,0.029404,20751,20751,81;89;97;105;113,1
9552,512,508,4,5,0,0.029994,20720,20720,81;89;97;105;113,1
9557,512,508,4,5,0,0.030260,20688,20688,81;89;97;105;113,1
9562,512,508,4,5,0,0.030709,20656,20656,81;89;97;105;113,1
9566,512,508,4,5,0,0.031199,20624,20624,81;89;97;105;113,1
9571,512,508,4,5,0,0.031519,20593,20593,81;89;97;105;113,1
9576,512,508,4,5,0,0.031848,20561,20561,81;89;97;105;113,1
9580,512,508,4,5,0,0.032186,20529,20529,81;89;97;105;113,1
9586,512,508,4,6,1,0.032611,20493,20493,81;89;97;105;113;121,1
9590,512,507,5,6,0,0.025173,20461,20461,81;89;97;105;113;121,1
9594,512,507,5,6,0,0.025522,20430,20430,81;89;97;105;113;121,1
9599,512,507,5,6,0,0.026103,20393,20393,81;89;97;105;113;121,1
9603,512,507,5,6,0,0.026549,20361,20361,81;89;97;105;113;121,1
9607,512,507,5,6,0,0.026990,20330,20330,81;89;97;105;113;121,1
9612,512,507,5,6,0,0.027531,20298,20298,81;89;97;105;113;121,1
9616,512,507,5,6,0,0.028015,20266,20266,81;89;97;105;113;121,1
9620,512,507,5,6,0,0.028432,20235,20235,81;89;97;105;113;121,1
9625,512,507,5,6,0,0.028806,20203,20203,81;89;97;105;113;121,1
9629,512,507,5,6,0,0.029234,20171,20171,81;89;97;105;113;121,1
9633,512,507,5,6,0,0.029684,20140,20140,81;89;97;105;113;121,1
9638,186,181,5,6,1,0.013947,20128,20128,81;89;97;105;113;121,1
9641,6,0,6,6,0,0.009859,20128,20128,81;89;97;105;113;121,1
9643,6,0,6,6,0,0.009859,20123,20123,81;89;97;105;113;121,1
9645,6,0,6,6,0,0.009859,20123,20123,81;89;97;105;113;121,1
9647,6,0,6,6,0,0.009869,20123,20123,81;89;97;105;113;121,1
9650,6,0,6,6,0,0.009869,20123,20123,81;89;97;105;113;121,1
9652,6,0,6,6,0,0.009869,20123,20123,81;89;97;105;113;121,1
9654,6,0,6,6,0,0.009869,20123,20123,81;89;97;105;113;121,1
9656,6,0,6,6,0,0.009869,20123,20123,81;89;97;105;113;121,1
9659,6,0,6,6,0,0.009869,20123,20123,81;89;97;105;113;121,1
9661,6,0,6,6,0,0.009869,20123,20123,81;89;97;105;113;121,1
9663,6,0,6,6,0,0.009869,20123,20123,81;89;97;105;113;121,1
9665,6,0,6,6,0,0.009869,20123,20123,81;89;97;105;113;121,1
9667,6,0,6,6,0,0.009869,20123,20123,81;89;97;105;113;121,1
9670,6,0,6,6,0,0.009869,20123,20123,81;89;97;105;113;121,1
9672,6,0,6,6,0,0.009869,20123,20123,81;89;97;105;113;121,1
9674,6,0,6,6,0,0.009869,20123,20123,81;89;97;105;113;121,1
9676,6,0,6,6,0,0.009869,20123,20123,81;89;97;105;113;121,1
9679,6,0,6,6,0,0.009869,20123,20123,81;89;97;105;113;121,1
9681,6,0,6,6,0,0.009869,20123,20123,81;89;97;105;113;121,1
9683,6,0,6,6,0,0.009869,20123,20123,81;89;97;105;113;121,1
9685,6,0,6,6,0,0.009869,20123,20123,81;89;97;105;113;121,1
9688,6,0,6,6,0,0.009869,20123,20123,81;89;97;105;113;121,1
9690,6,0,6,6,0,0.009869,20123,20123,81;89;97;105;113;121,1
9692,6,0,6,6,0,0.009869,20123,20123,81;89;97;105;113;121,1
9694,6,0,6,6,0,0.009869,20123,20123,81;89;97;105;113;121,1
9696,6,0,6,6,0,0.009869,20123,20123,81;89;97;105;113;121,1
9698,6,0,6,6,0,0.009869,20123,20123,81;89;97;105;113;121,1
9701,6,0,6,6,0,0.009869,20123,20123,81;89;97;105;113;121,1
9703,6,0,6,6,0,0.009869,20118,20118,81;89;97;105;113;121,1
9706,6,0,6,6,0,0.009869,20118,20118,81;89;97;105;113;121,1
9708,6,0,6,6,0,0.009869,20118,20118,81;89;97;105;113;121,1
9710,6,0,6,6,0,0.009869,20118,20118,81;89;97;105;113;121,1
9712,6,0,6,6,0,0.009869,20118,20118,81;89;97;105;113;121,1
9714,6,0,6,6,0,0.009869,20118,20118,81;89;97;105;113;121,1
9716,6,0,6,6,0,0.009869,20113,20113,81;89;97;105;113;121,1
9718,6,0,6,6,0,0.009869,20113,20113,81;89;97;105;113;121,1
9721,6,0,6,6,0,0.009869,20113,20113,81;89;97;105;113;121,1
9724,6,0,6,6,0,0.009869,20113,20113,81;89;97;105;113;121,1
9726,6,0,6,6,0,0.009869,20113,20113,81;89;97;105;113;121,1
9728,6,0,6,6,0,0.009869,20113,20113,81;89;97;105;113;121,1
9730,6,0,6,6,0,0.009869,20113,20113,81;89;97;105;113;121,1
9732,6,0,6,6,0,0.009869,20113,20113,81;89;97;105;113;121,1
9734,6,0,6,6,0,0.009869,20113,20113,81;89;97;105;113;121,1
9736,6,0,6,6,0,0.009869,20113,20113,81;89;97;105;113;121,1
9738,6,0,6,6,0,0.009869,20113,20113,81;89;97;105;113;121,1
9740,6,0,6,6,0,0.009869,20113,20113,81;89;97;105;113;121,1
9744,6,0,6,6,0,0.009869,20113,20113,81;89;97;105;113;121,1
9746,6,0,6,6,0,0.009869,20113,20113,81;89;97;105;113;121,1
9748,6,0,6,6,0,0.009869,20113,20113,81;89;97;105;113;121,1
9750,6,0,6,6,0,0.009869,20113,20113,81;89;97;105;113;121,1
9752,6,0,6,6,0,0.009869,20113,20113,81;89;97;105;113;121,1
9754,6,0,6,6,0,0.009869,20113,20113,81;89;97;105;113;121,1
9756,6,0,6,6,0,0.009869,20113,20113,81;89;97;105;113;121,1
9758,6,0,6,6,0,0.009869,20113,20113,81;89;97;105;113;121,1
9761,6,0,6,6,0,0.009869,20113,20113,81;89;97;105;113;121,1
9763,6,0,6,6,0,0.009869,20113,20113,81;89;97;105;113;121,1
9766,6,0,6,6,0,0.009869,20108,20108,81;89;97;105;113;121,1
9768,6,0,6,6,0,0.009869,20108,20108,81;89;97;105;113;121,1
9770,6,0,6,6,0,0.009869,20108,20108,81;89;97;105;113;121,1
9772,6,0,6,6,0,0.009869,20108,20108,81;89;97;105;113;121,1
9774,6,0,6,6,0,0.009869,20108,20108,81;89;97;105;113;121,1
9776,6,0,6,6,0,0.009869,20108,20108,81;89;97;105;113;121,1
9779,6,0,6,6,0,0.009869,20108,20108,81;89;97;105;113;121,1
9781,6,0,6,6,0,0.009869,20108,20108,81;89;97;105;113;121,1
9783,6,0,6,6,0,0.009869,20108,20108,81;89;97;105;113;121,1
9785,6,0,6,6,0,0.009869,20108,20108,81;89;97;105;113;121,1
9787,6,0,6,6,0,0.009869,20108,20108,81;89;97;105;113;121,1
9789,6,0,6,6,0,0.009869,20108,20108,81;89;97;105;113;121,1
9791,6,0,6,6,0,0.009869,20108,20108,81;89;97;105;113;121,1
9793,6,0,6,6,0,0.009869,20108,20108,81;89;97;105;113;121,1
9796,6,0,6,6,0,0.009869,20103,20103,81;89;97;105;113;121,1
9799,6,0,6,6,0,0.009869,20103,20103,81;89;97;105;113;121,1
9801,6,0,6,6,0,0.009869,20103,20103,81;89;97;105;113;121,1
9803,6,0,6,6,0,0.009869,20103,20103,81;89;97;105;113;121,1
9805,6,0,6,6,0,0.009869,20098,20098,81;89;97;105;113;121,1
9807,6,0,6,6,0,0.009869,20098,20098,81;89;97;105;113;121,1
9809,6,0,6,6,0,0.009869,20098,20098,81;89;97;105;113;121,1
9811,6,0,6,6,0,0.009869,20098,20098,81;89;97;105;113;121,1
9813,6,0,6,6,0,0.009869,20098,20098,81;89;97;105;113;121,1
9816,6,0,6,6,0,0.009869,20098,20098,81;89;97;105;113;121,1
9818,6,0,6,6,0,0.009869,20098,20098,81;89;97;105;113;121,1
9820,6,0,6,6,0,0.009869,20093,20093,81;89;97;105;113;121,1
9822,6,0,6,6,0,0.009869,20093,20093,81;89;97;105;113;121,1
9824,6,0,6,6,0,0.009869,20093,20093,81;89;97;105;113;121,1
9827,6,0,6,6,0,0.009869,20093,20093,81;89;97;105;113;121,1
9829,6,0,6,6,0,0.009869,20093,20093,81;89;97;105;113;121,1
9831,6,0,6,6,0,0.009869,20093,20093,81;89;97;105;113;121,1
9833,6,0,6,6,0,0.009869,20093,20093,81;89;97;105;113;121,1
9836,5,0,5,5,0,0.009743,20481,20481,81;89;97;105;113,1
9838,5,0,5,5,0,0.009743,20481,20481,81;89;97;105;113,1
9840,5,0,5,5,0,0.009743,20481,20481,81;89;97;105;113,1
9842,5,0,5,5,0,0.009743,20481,20481,81;89;97;105;113,1
9844,5,0,5,5,0,0.009743,20481,20481,81;89;97;105;113,1
9846,5,0,5,5,0,0.009743,20481,20481,81;89;97;105;113,1
9848,5,0,5,5,0,0.009743,20481,20481,81;89;97;105;113,1
9850,5,0,5,5,0,0.009743,20481,20481,81;89;97;105;113,1
9853,5,0,5,5,0,0.009743,20481,20481,81;89;97;105;113,1
9855,5,0,5,5,0,0.009743,20481,20481,81;89;97;105;113,1
9857,5,0,5,5,0,0.009743,20481,20481,81;89;97;105;113,1
9859,5,0,5,5,0,0.009743,20481,20481,81;89;97;105;113,1
9861,5,0,5,5,0,0.009743,20481,20481,81;89;97;105;113,1
9863,5,0,5,5,0,0.009743,20481,20481,81;89;97;105;113,1
9865,5,0,5,5,0,0.009743,20481,20481,81;89;97;105;113,1
9867,5,0,5,5,0,0.009743,20481,20481,81;89;97;105;113,1
9869,5,0,5,5,0,0.009743,20481,20481,81;89;97;105;113,1
9872,5,0,5,5,0,0.009743,20481,20481,81;89;97;105;113,1
9874,5,0,5,5,0,0.009743,20481,20481,81;89;97;105;113,1
9876,5,0,5,5,0,0.009743,20481,20481,81;89;97;105;113,1
9878,5,0,5,5,0,0.009743,20476,20476,81;89;97;105;113,1
9880,5,0,5,5,0,0.009743,20476,20476,81;89;97;105;113,1
9882,5,0,5,5,0,0.009743,20476,20476,81;89;97;105;113,1
9884,5,0,5,5,0,0.009743,20476,20476,81;89;97;105;113,1
9886,5,0,5,5,0,0.009743,20476,20476,81;89;97;105;113,1
9888,5,0,5,5,0,0.009743,20476,20476,81;89;97;105;113,1
9890,5,0,5,5,0,0.009743,20471,20471,81;89;97;105;113,1
9891,5,0,5,5,0,0.009743,20471,20471,81;89;97;105;113,1
9892,5,0,5,5,0,0.009743,20471,20471,81;89;97;105;113,1
9893,5,0,5,5,0,0.009743,20471,20471,81;89;97;105;113,1
9894,5,0,5,5,0,0.009743,20471,20471,81;89;97;105;113,1
9895,5,0,5,5,0,0.009743,20471,20471,81;89;97;105;113,1
9896,5,0,5,5,0,0.009743,20471,20471,81;89;97;105;113,1
9897,5,0,5,5,0,0.009743,20471,20471,81;89;97;105;113,1
9899,5,0,5,5,0,0.009743,20471,20471,81;89;97;105;113,1
9900,5,0,5,5,0,0.009743,20471,20471,81;89;97;105;113,1
9901,5,0,5,5,0,0.009743,20471,20471,81;89;97;105;113,1
9902,5,0,5,5,0,0.009743,20471,20471,81;89;97;105;113,1
9903,5,0,5,5,0,0.009743,20471,20471,81;89;97;105;113,1
9904,5,0,5,5,0,0.009743,20471,20471,81;89;97;105;113,1
9905,5,0,5,5,0,0.009743,20471,20471,81;89;97;105;113,1
9906,5,0,5,5,0,0.009743,20471,20471,81;89;97;105;113,1
9907,5,0,5,5,0,0.009743,20471,20471,81;89;97;105;113,1
9909,5,0,5,5,0,0.009743,20471,20471,81;89;97;105;113,1
9910,5,0,5,5,0,0.009743,20471,20471,81;89;97;105;113,1
9911,5,0,5,5,0,0.009743,20471,20471,81;89;97;105;113,1
9912,5,0,5,5,0,0.009743,20471,20471,81;89;97;105;113,1
9913,5,0,5,5,0,0.009743,20471,20471,81;89;97;105;113,1
9914,5,0,5,5,0,0.009743,20466,20466,81;89;97;105;113,1
9915,5,0,5,5,0,0.009743,20466,20466,81;89;97;105;113,1
9916,5,0,5,5,0,0.009743,20466,20466,81;89;97;105;113,1
9917,5,0,5,5,0,0.009743,20466,20466,81;89;97;105;113,1
9919,5,0,5,5,0,0.009743,20466,20466,81;89;97;105;113,1
9920,5,0,5,5,0,0.009743,20466,20466,81;89;97;105;113,1
9921,5,0,5,5,0,0.009743,20466,20466,81;89;97;105;113,1
9922,5,0,5,5,0,0.009743,20466,20466,81;89;97;105;113,1
9923,5,0,5,5,0,0.009743,20466,20466,81;89;97;105;113,1
9924,5,0,5,5,0,0.009743,20466,20466,81;89;97;105;113,1
9925,5,0,5,5,0,0.009743,20466,20466,81;89;97;105;113,1
9926,4,0,4,4,0,0.009855,21057,21057,81;89;97;105,1
9927,4,0,4,4,0,0.009855,21057,21057,81;89;97;105,1
9929,4,0,4,4,0,0.009855,21057,21057,81;89;97;105,1
9930,4,0,4,4,0,0.009855,21052,21052,81;89;97;105,1
9931,4,0,4,4,0,0.009855,21052,21052,81;89;97;105,1
9932,4,0,4,4,0,0.009855,21052,21052,81;89;97;105,1
9933,4,0,4,4,0,0.009855,21052,21052,81;89;97;105,1
9934,4,0,4,4,0,0.009855,21052,21052,81;89;97;105,1
9935,4,0,4,4,0,0.009855,21052,21052,81;89;97;105,1
9936,4,0,4,4,0,0.009855,21052,21052,81;89;97;105,1
9937,4,0,4,4,0,0.009855,21052,21052,81;89;97;105,1
9939,4,0,4,4,0,0.009855,21052,21052,81;89;97;105,1
9940,4,0,4,4,0,0.009855,21052,21052,81;89;97;105,1
9941,4,0,4,4,0,0.009855,21052,21052,81;89;97;105,1
9942,4,0,4,4,0,0.009855,21047,21047,81;89;97;105,1
9943,4,0,4,4,0,0.009855,21047,21047,81;89;97;105,1
9944,4,0,4,4,0,0.009855,21047,21047,81;89;97;105,1
9945,4,0,4,4,0,0.009855,21047,21047,81;89;97;105,1
9946,4,0,4,4,0,0.009855,21047,21047,81;89;97;105,1
9948,4,0,4,4,0,0.009855,21047,21047,81;89;97;105,1
9949,4,0,4,4,0,0.009855,21047,21047,81;89;97;105,1
9950,4,0,4,4,0,0.009855,21047,21047,81;89;97;105,1
9951,4,0,4,4,0,0.009855,21047,21047,81;89;97;105,1
9952,4,0,4,4,0,0.009855,21047,21047,81;89;97;105,1
9953,4,0,4,4,0,0.009855,21047,21047,81;89;97;105,1
9954,4,0,4,4,0,0.009855,21047,21047,81;89;97;105,1
9955,4,0,4,4,0,0.009855,21047,21047,81;89;97;105,1
9956,4,0,4,4,0,0.009855,21047,21047,81;89;97;105,1
9958,4,0,4,4,0,0.009855,21047,21047,81;89;97;105,1
9959,4,0,4,4,0,0.009855,21047,21047,81;89;97;105,1
9960,4,0,4,4,0,0.009855,21047,21047,81;89;97;105,1
9961,4,0,4,4,0,0.009855,21047,21047,81;89;97;105,1
9962,4,0,4,4,0,0.009885,21047,21047,81;89;97;105,1
9963,4,0,4,4,0,0.009885,21047,21047,81;89;97;105,1
9964,4,0,4,4,0,0.009885,21047,21047,81;89;97;105,1
9965,4,0,4,4,0,0.009885,21047,21047,81;89;97;105,1
9966,4,0,4,4,0,0.009885,21047,21047,81;89;97;105,1
9968,4,0,4,4,0,0.009885,21047,21047,81;89;97;105,1
9969,4,0,4,4,0,0.009885,21047,21047,81;89;97;105,1
9970,4,0,4,4,0,0.009885,21047,21047,81;89;97;105,1
9971,4,0,4,4,0,0.009885,21047,21047,81;89;97;105,1
9972,4,0,4,4,0,0.009885,21042,21042,81;89;97;105,1
9973,4,0,4,4,0,0.009885,21042,21042,81;89;97;105,1
9974,4,0,4,4,0,0.009885,21042,21042,81;89;97;105,1
9975,4,0,4,4,0,0.009885,21042,21042,81;89;97;105,1
9976,4,0,4,4,0,0.009885,21042,21042,81;89;97;105,1
9978,4,0,4,4,0,0.009885,21042,21042,81;89;97;105,1
9979,4,0,4,4,0,0.009885,21037,21037,81;89;97;105,1
9980,4,0,4,4,0,0.009885,21037,21037,81;89;97;105,1
9981,4,0,4,4,0,0.009885,21037,21037,81;89;97;105,1
9982,4,0,4,4,0,0.009885,21037,21037,81;89;97;105,1
9983,4,0,4,4,0,0.009885,21037,21037,81;89;97;105,1
9984,4,0,4,4,0,0.009885,21037,21037,81;89;97;105,1
9985,4,0,4,4,0,0.009885,21037,21037,81;89;97;105,1
9986,4,0,4,4,0,0.009885,21037,21037,81;89;97;105,1
9988,4,0,4,4,0,0.009885,21037,21037,81;89;97;105,1
9989,4,0,4,4,0,0.009885,21037,21037,81;89;97;105,1
9990,4,0,4,4,0,0.009885,21037,21037,81;89;97;105,1
9991,4,0,4,4,0,0.009885,21037,21037,81;89;97;105,1
9992,4,0,4,4,0,0.009885,21037,21037,81;89;97;105,1
9993,4,0,4,4,0,0.009885,21037,21037,81;89;97;105,1
9994,4,0,4,4,0,0.009885,21037,21037,81;89;97;105,1
9995,4,0,4,4,0,0.009885,21037,21037,81;89;97;105,1
9996,4,0,4,4,0,0.009885,21037,21037,81;89;97;105,1
9998,4,0,4,4,0,0.009885,21037,21037,81;89;97;105,1
9999,4,0,4,4,0,0.009885,21037,21037,81;89;97;105,1
10000,4,0,4,4,0,0.009885,21037,21037,81;89;97;105,1
10001,4,0,4,4,0,0.009885,21037,21037,81;89;97;105,1
10002,4,0,4,4,0,0.009885,21037,21037,81;89;97;105,1
10003,4,0,4,4,0,0.009885,21037,21037,81;89;97;105,1
10004,4,0,4,4,0,0.009885,21037,21037,81;89;97;105,1
10005,4,0,4,4,0,0.009885,21037,21037,81;89;97;105,1
10006,4,0,4,4,0,0.009885,21037,21037,81;89;97;105,1
10008,4,0,4,4,0,0.009885,21037,21037,81;89;97;105,1
10009,3,0,3,3,0,0.009764,21920,21920,81;97;105,1
10010,3,0,3,3,0,0.009764,21920,21920,81;97;105,1
10011,3,0,3,3,0,0.009764,21920,21920,81;97;105,1
10012,3,0,3,3,0,0.009764,21920,21920,81;97;105,1
10013,3,0,3,3,0,0.009764,21920,21920,81;97;105,1
10014,3,0,3,3,0,0.009764,21920,21920,81;97;105,1
10015,3,0,3,3,0,0.009764,21920,21920,81;97;105,1
10016,3,0,3,3,0,0.009764,21920,21920,81;97;105,1
10018,3,0,3,3,0,0.009764,21920,21920,81;97;105,1
10019,3,0,3,3,0,0.009764,21915,21915,81;97;105,1
10020,3,0,3,3,0,0.009764,21915,21915,81;97;105,1
10021,3,0,3,3,0,0.009764,21915,21915,81;97;105,1
10022,3,0,3,3,0,0.009764,21915,21915,81;97;105,1
10023,3,0,3,3,0,0.009764,21915,21915,81;97;105,1
10024,3,0,3,3,0,0.009764,21915,21915,81;97;105,1
10025,3,0,3,3,0,0.009764,21915,21915,81;97;105,1
10026,3,0,3,3,0,0.009764,21915,21915,81;97;105,1
10027,3,0,3,3,0,0.009764,21915,21915,81;97;105,1
10029,3,0,3,3,0,0.009764,21915,21915,81;97;105,1
10030,3,0,3,3,0,0.009764,21915,21915,81;97;105,1
10031,3,0,3,3,0,0.009764,21915,21915,81;97;105,1
10032,3,0,3,3,0,0.009764,21915,21915,81;97;105,1
10033,3,0,3,3,0,0.009764,21915,21915,81;97;105,1
10034,3,0,3,3,0,0.009764,21915,21915,81;97;105,1
10035,3,0,3,3,0,0.009764,21915,21915,81;97;105,1
10036,3,0,3,3,0,0.009764,21915,21915,81;97;105,1
10037,3,0,3,3,0,0.009764,21915,21915,81;97;105,1
10039,3,0,3,3,0,0.009764,21915,21915,81;97;105,1
10040,3,0,3,3,0,0.009764,21915,21915,81;97;105,1
10042,3,0,3,3,0,0.009764,21915,21915,81;97;105,1
10044,3,0,3,3,0,0.009764,21915,21915,81;97;105,1
10046,3,0,3,3,0,0.009764,21915,21915,81;97;105,1
10048,3,0,3,3,0,0.009764,21915,21915,81;97;105,1
10049,3,0,3,3,0,0.009764,21915,21915,81;97;105,1
10051,3,0,3,3,0,0.009764,21915,21915,81;97;105,1
10053,3,0,3,3,0,0.009764,21915,21915,81;97;105,1
10055,3,0,3,3,0,0.009764,21915,21915,81;97;105,1
10057,3,0,3,3,0,0.009764,21915,21915,81;97;105,1
10059,3,0,3,3,0,0.009771,21915,21915,81;97;105,1
10061,3,0,3,3,0,0.009771,21915,21915,81;97;105,1
10063,3,0,3,3,0,0.009771,21915,21915,81;97;105,1
10065,3,0,3,3,0,0.009771,21915,21915,81;97;105,1
10067,3,0,3,3,0,0.009771,21915,21915,81;97;105,1
10069,3,0,3,3,0,0.009771,21915,21915,81;97;105,1
10071,3,0,3,3,0,0.009771,21915,21915,81;97;105,1
10073,3,0,3,3,0,0.009771,21915,21915,81;97;105,1
10075,3,0,3,3,0,0.009771,21915,21915,81;97;105,1
10077,3,0,3,3,0,0.009771,21910,21910,81;97;105,1
10079,3,0,3,3,0,0.009771,21910,21910,81;97;105,1
10081,3,0,3,3,0,0.009771,21910,21910,81;97;105,1
10083,3,0,3,3,0,0.009771,21910,21910,81;97;105,1
10085,3,0,3,3,0,0.009771,21910,21910,81;97;105,1
10087,3,0,3,3,0,0.009771,21910,21910,81;97;105,1
10089,3,0,3,3,0,0.009771,21905,21905,81;97;105,1
10091,3,0,3,3,0,0.009771,21905,21905,81;97;105,1
10093,3,0,3,3,0,0.009771,21905,21905,81;97;105,1
10095,3,0,3,3,0,0.009771,21905,21905,81;97;105,1
10097,3,0,3,3,0,0.009771,21905,21905,81;97;105,1
10099,3,0,3,3,0,0.009771,21905,21905,81;97;105,1
10101,3,0,3,3,0,0.009771,21905,21905,81;97;105,1
10103,3,0,3,3,0,0.009771,21905,21905,81;97;105,1
10105,3,0,3,3,0,0.009771,21905,21905,81;97;105,1
10107,3,0,3,3,0,0.009771,21905,21905,81;97;105,1
10109,3,0,3,3,0,0.009771,21905,21905,81;97;105,1
10111,3,0,3,3,0,0.009771,21905,21905,81;97;105,1
10113,3,0,3,3,0,0.009771,21905,21905,81;97;105,1
10115,3,0,3,3,0,0.009771,21905,21905,81;97;105,1
10117,3,0,3,3,0,0.009771,21905,21905,81;97;105,1
10119,3,0,3,3,0,0.009771,21905,21905,81;97;105,1
10121,3,0,3,3,0,0.009771,21905,21905,81;97;105,1
10123,3,0,3,3,0,0.009771,21905,21905,81;97;105,1
10125,3,0,3,3,0,0.009771,21905,21905,81;97;105,1
10127,3,0,3,3,0,0.009771,21905,21905,81;97;105,1
10129,3,0,3,3,0,0.009771,21905,21905,81;97;105,1
10131,3,0,3,3,0,0.009771,21905,21905,81;97;105,1
10133,3,0,3,3,0,0.009771,21905,21905,81;97;105,1
10135,3,0,3,3,0,0.009771,21905,21905,81;97;105,1
10137,3,0,3,3,0,0.009771,21905,21905,81;97;105,1
10139,3,0,3,3,0,0.009771,21905,21905,81;97;105,1
10141,3,0,3,3,0,0.009771,21905,21905,81;97;105,1
10143,3,0,3,3,0,0.009771,21905,21905,81;97;105,1
10145,3,0,3,3,0,0.009771,21905,21905,81;97;105,1
10147,3,0,3,3,0,0.009771,21905,21905,81;97;105,1
10149,3,0,3,3,0,0.009771,21905,21905,81;97;105,1
10151,3,0,3,3,0,0.009771,21905,21905,81;97;105,1
10153,3,0,3,3,0,0.009771,21905,21905,81;97;105,1
10155,3,0,3,3,0,0.009771,21905,21905,81;97;105,1
10157,3,0,3,3,0,0.009771,21905,21905,81;97;105,1
10159,3,0,3,3,0,0.009771,21905,21905,81;97;105,1
10161,3,0,3,3,0,0.009771,21900,21900,81;97;105,1
10163,3,0,3,3,0,0.009771,21900,21900,81;97;105,1
10165,3,0,3,3,0,0.009771,21900,21900,81;97;105,1
10167,3,0,3,3,0,0.009771,21900,21900,81;97;105,1
10169,3,0,3,3,0,0.009771,21900,21900,81;97;105,1
10171,3,0,3,3,0,0.009771,21900,21900,81;97;105,1
10173,3,0,3,3,0,0.009771,21900,21900,81;97;105,1
10175,3,0,3,3,0,0.009771,21900,21900,81;97;105,1
10177,3,0,3,3,0,0.009771,21900,21900,81;97;105,1
10179,3,0,3,3,0,0.009771,21900,21900,81;97;105,1
10181,3,0,3,3,0,0.009771,21900,21900,81;97;105,1
10183,3,0,3,3,0,0.009771,21900,21900,81;97;105,1
10185,3,0,3,3,0,0.009771,21900,21900,81;97;105,1
10187,3,0,3,3,0,0.009771,21900,21900,81;97;105,1
10189,3,0,3,3,0,0.009771,21900,21900,81;97;105,1
10191,3,0,3,3,0,0.009771,21900,21900,81;97;105,1
10193,3,0,3,3,0,0.009771,21900,21900,81;97;105,1
10195,3,0,3,3,0,0.009771,21900,21900,81;97;105,1
10197,3,0,3,3,0,0.009771,21900,21900,81;97;105,1
10199,3,0,3,3,0,0.009771,21900,21900,81;97;105,1
10201,3,0,3,3,0,0.009771,21900,21900,81;97;105,1
10203,3,0,3,3,0,0.009771,21900,21900,81;97;105,1
10205,3,0,3,3,0,0.009771,21900,21900,81;97;105,1
10207,3,0,3,3,0,0.009771,21900,21900,81;97;105,1
10209,2,0,2,2,0,0.010145,22518,22518,97;105,1
10211,2,0,2,2,0,0.010145,22518,22518,97;105,1
10213,2,0,2,2,0,0.010145,22518,22518,97;105,1
10215,2,0,2,2,0,0.010145,22518,22518,97;105,1
10217,2,0,2,2,0,0.010145,22518,22518,97;105,1
10219,2,0,2,2,0,0.010145,22518,22518,97;105,1
10222,2,0,2,2,0,0.010145,22518,22518,97;105,1
10224,2,0,2,2,0,0.010145,22518,22518,97;105,1
10226,2,0,2,2,0,0.010145,22518,22518,97;105,1
10228,2,0,2,2,0,0.010145,22518,22518,97;105,1
10230,2,0,2,2,0,0.010145,22518,22518,97;105,1
10232,2,0,2,2,0,0.010145,22518,22518,97;105,1
10234,2,0,2,2,0,0.010145,22518,22518,97;105,1
10236,2,0,2,2,0,0.010145,22518,22518,97;105,1
10238,2,0,2,2,0,0.010145,22518,22518,97;105,1
10240,2,0,2,2,0,0.010145,22518,22518,97;105,1
10242,2,0,2,2,0,0.010145,22518,22518,97;105,1
10244,2,0,2,2,0,0.010145,22518,22518,97;105,1
10247,2,0,2,2,0,0.010145,22518,22518,97;105,1
10249,2,0,2,2,0,0.010145,22518,22518,97;105,1
10251,2,0,2,2,0,0.010145,22513,22513,97;105,1
10253,2,0,2,2,0,0.010145,22513,22513,97;105,1
10255,2,0,2,2,0,0.010145,22513,22513,97;105,1
10257,2,0,2,2,0,0.010145,22513,22513,97;105,1
10259,2,0,2,2,0,0.010145,22513,22513,97;105,1
10261,2,0,2,2,0,0.010145,22513,22513,97;105,1
10263,2,0,2,2,0,0.010145,22513,22513,97;105,1
10265,2,0,2,2,0,0.010145,22513,22513,97;105,1
10267,2,0,2,2,0,0.010145,22513,22513,97;105,1
10270,2,0,2,2,0,0.010145,22513,22513,97;105,1
10272,2,0,2,2,0,0.010145,22513,22513,97;105,1
10274,2,0,2,2,0,0.010145,22513,22513,97;105,1
10276,2,0,2,2,0,0.010145,22513,22513,97;105,1
10278,2,0,2,2,0,0.010145,22513,22513,97;105,1
10280,2,0,2,2,0,0.010145,22513,22513,97;105,1
10282,2,0,2,2,0,0.010145,22513,22513,97;105,1
10284,2,0,2,2,0,0.010145,22513,22513,97;105,1
10286,2,0,2,2,0,0.010145,22513,22513,97;105,1
10288,2,0,2,2,0,0.010145,22513,22513,97;105,1
10290,2,0,2,2,0,0.010145,22513,22513,97;105,1
10293,2,0,2,2,0,0.010145,22513,22513,97;105,1
10295,2,0,2,2,0,0.010145,22513,22513,97;105,1
10297,2,0,2,2,0,0.010145,22513,22513,97;105,1
10299,2,0,2,2,0,0.010145,22513,22513,97;105,1
10301,2,0,2,2,0,0.010145,22513,22513,97;105,1
10303,2,0,2,2,0,0.010145,22513,22513,97;105,1
10305,2,0,2,2,0,0.010145,22513,22513,97;105,1
10307,2,0,2,2,0,0.010145,22513,22513,97;105,1
10309,2,0,2,2,0,0.010145,22513,22513,97;105,1
10311,2,0,2,2,0,0.010145,22513,22513,97;105,1
10313,2,0,2,2,0,0.010145,22513,22513,97;105,1
10316,2,0,2,2,0,0.010145,22513,22513,97;105,1
10318,2,0,2,2,0,0.010145,22513,22513,97;105,1
10320,2,0,2,2,0,0.010145,22513,22513,97;105,1
10322,2,0,2,2,0,0.010145,22513,22513,97;105,1
10324,2,0,2,2,0,0.010145,22513,22513,97;105,1
10326,2,0,2,2,0,0.010145,22508,22508,97;105,1
10328,2,0,2,2,0,0.010145,22508,22508,97;105,1
10330,2,0,2,2,0,0.010145,22508,22508,97;105,1
10332,2,0,2,2,0,0.010145,22508,22508,97;105,1
10334,2,0,2,2,0,0.010145,22508,22508,97;105,1
10336,2,0,2,2,0,0.010145,22508,22508,97;105,1
10339,2,0,2,2,0,0.010145,22508,22508,97;105,1
10341,2,0,2,2,0,0.010145,22508,22508,97;105,1
10343,2,0,2,2,0,0.010145,22508,22508,97;105,1
10345,2,0,2,2,0,0.010145,22508,22508,97;105,1
10347,2,0,2,2,0,0.010145,22508,22508,97;105,1
10349,2,0,2,2,0,0.010145,22508,22508,97;105,1
10351,2,0,2,2,0,0.010145,22508,22508,97;105,1
10353,2,0,2,2,0,0.010145,22508,22508,97;105,1
10355,2,0,2,2,0,0.010145,22508,22508,97;105,1
10357,2,0,2,2,0,0.010145,22508,22508,97;105,1
10359,2,0,2,2,0,0.010145,22508,22508,97;105,1
10362,2,0,2,2,0,0.010145,22508,22508,97;105,1
10364,2,0,2,2,0,0.010145,22508,22508,97;105,1
10366,2,0,2,2,0,0.010145,22508,22508,97;105,1
10368,2,0,2,2,0,0.010145,22508,22508,97;105,1
10370,2,0,2,2,0,0.010145,22508,22508,97;105,1
10372,2,0,2,2,0,0.010145,22508,22508,97;105,1
10374,2,0,2,2,0,0.010145,22508,22508,97;105,1
10376,2,0,2,2,0,0.010145,22508,22508,97;105,1
10378,2,0,2,2,0,0.010145,22508,22508,97;105,1
10380,2,0,2,2,0,0.010145,22508,22508,97;105,1
10382,2,0,2,2,0,0.010145,22508,22508,97;105,1
10385,2,0,2,2,0,0.010145,22508,22508,97;105,1
10387,2,0,2,2,0,0.010145,22508,22508,97;105,1
10389,2,0,2,2,0,0.010145,22508,22508,97;105,1
10391,2,0,2,2,0,0.009895,22508,22508,97;105,1
10393,2,0,2,2,0,0.009895,22508,22508,97;105,1
10395,2,0,2,2,0,0.009895,22508,22508,97;105,1
10397,2,0,2,2,0,0.009895,22508,22508,97;105,1
10399,2,0,2,2,0,0.009895,22508,22508,97;105,1
10401,2,0,2,2,0,0.009895,22508,22508,97;105,1
10403,2,0,2,2,0,0.009895,22508,22508,97;105,1
10405,2,0,2,2,0,0.009895,22508,22508,97;105,1
10407,2,0,2,2,0,0.009895,22508,22508,97;105,1
10409,2,0,2,2,0,0.009895,22508,22508,97;105,1
10411,2,0,2,2,0,0.009895,22508,22508,97;105,1
10413,2,0,2,2,0,0.009895,22508,22508,97;105,1
10416,2,0,2,2,0,0.009895,22508,22508,97;105,1
10418,2,0,2,2,0,0.009895,22503,22503,97;105,1
10420,2,0,2,2,0,0.009895,22503,22503,97;105,1
10422,2,0,2,2,0,0.009895,22503,22503,97;105,1
10424,2,0,2,2,0,0.009895,22503,22503,97;105,1
10426,2,0,2,2,0,0.009895,22503,22503,97;105,1
10428,2,0,2,2,0,0.009895,22503,22503,97;105,1
10430,2,0,2,2,0,0.009895,22503,22503,97;105,1
10432,2,0,2,2,0,0.009895,22503,22503,97;105,1
10434,2,0,2,2,0,0.009895,22503,22503,97;105,1
10436,2,0,2,2,0,0.009895,22503,22503,97;105,1
10438,2,0,2,2,0,0.009895,22503,22503,97;105,1
10440,2,0,2,2,0,0.009895,22503,22503,97;105,1
10442,2,0,2,2,0,0.009895,22503,22503,97;105,1
10444,2,0,2,2,0,0.009895,22503,22503,97;105,1
10447,2,0,2,2,0,0.009895,22503,22503,97;105,1
10449,2,0,2,2,0,0.009895,22503,22503,97;105,1
10451,2,0,2,2,0,0.009895,22503,22503,97;105,1
10453,2,0,2,2,0,0.009895,22503,22503,97;105,1
10455,2,0,2,2,0,0.009895,22503,22503,97;105,1
10457,2,0,2,2,0,0.009895,22503,22503,97;105,1
10459,2,0,2,2,0,0.009895,22503,22503,97;105,1
10461,2,0,2,2,0,0.009895,22503,22503,97;105,1
10463,2,0,2,2,0,0.009895,22503,22503,97;105,1
10465,2,0,2,2,0,0.009895,22503,22503,97;105,1
10467,2,0,2,2,0,0.009895,22503,22503,97;105,1
10469,2,0,2,2,0,0.009895,22503,22503,97;105,1
10471,2,0,2,2,0,0.009895,22503,22503,97;105,1
10473,2,0,2,2,0,0.009895,22503,22503,97;105,1
10475,2,0,2,2,0,0.009895,22503,22503,97;105,1
10477,2,0,2,2,0,0.009895,22503,22503,97;105,1
10480,2,0,2,2,0,0.009895,22503,22503,97;105,1
10482,2,0,2,2,0,0.009895,22503,22503,97;105,1
10484,2,0,2,2,0,0.009895,22503,22503,97;105,1
10486,2,0,2,2,0,0.009895,22503,22503,97;105,1
10488,2,0,2,2,0,0.009895,22503,22503,97;105,1
10490,2,0,2,2,0,0.009895,22503,22503,97;105,1
10492,2,0,2,2,0,0.009895,22498,22498,97;105,1
10494,2,0,2,2,0,0.009895,22498,22498,97;105,1
10496,2,0,2,2,0,0.009895,22498,22498,97;105,1
10498,2,0,2,2,0,0.009895,22498,22498,97;105,1
10500,1,0,1,1,0,0.010138,22600,22600,97,1
10502,1,0,1,1,0,0.010138,22600,22600,97,1
10504,1,0,1,1,0,0.010138,22600,22600,97,1
10506,1,0,1,1,0,0.010138,22600,22600,97,1
10509,1,0,1,1,0,0.010138,22600,22600,97,1
10511,1,0,1,1,0,0.010138,22600,22600,97,1
10513,1,0,1,1,0,0.010138,22600,22600,97,1
10515,1,0,1,1,0,0.010138,22600,22600,97,1
10517,1,0,1,1,0,0.010138,22600,22600,97,1
10519,1,0,1,1,0,0.010138,22600,22600,97,1
10521,1,0,1,1,0,0.010138,22600,22600,97,1
10523,1,0,1,1,0,0.010138,22600,22600,97,1
10525,1,0,1,1,0,0.010138,22600,22600,97,1
10527,1,0,1,1,0,0.010138,22600,22600,97,1
10529,1,0,1,1,0,0.010138,22600,22600,97,1
10532,1,0,1,1,0,0.010138,22600,22600,97,1
10534,1,0,1,1,0,0.010138,22600,22600,97,1
10536,1,0,1,1,0,0.010138,22600,22600,97,1
10538,1,0,1,1,0,0.010138,22600,22600,97,1
10540,1,0,1,1,0,0.010138,22600,22600,97,1
10542,1,0,1,1,0,0.010138,22600,22600,97,1
10544,1,0,1,1,0,0.010138,22600,22600,97,1
10546,1,0,1,1,0,0.010138,22600,22600,97,1
10548,1,0,1,1,0,0.010138,22600,22600,97,1
10550,1,0,1,1,0,0.010138,22600,22600,97,1
10552,1,0,1,1,0,0.010138,22600,22600,97,1
10555,1,0,1,1,0,0.010138,22600,22600,97,1
10557,1,0,1,1,0,0.010138,22600,22600,97,1
10559,1,0,1,1,0,0.010138,22600,22600,97,1
10561,1,0,1,1,0,0.010138,22600,22600,97,1
10563,1,0,1,1,0,0.010138,22600,22600,97,1
10565,1,0,1,1,0,0.010138,22600,22600,97,1
10567,1,0,1,1,0,0.010138,22600,22600,97,1
10569,1,0,1,1,0,0.010138,22600,22600,97,1
10571,1,0,1,1,0,0.010138,22600,22600,97,1
10573,1,0,1,1,0,0.010138,22600,22600,97,1
10576,1,0,1,1,0,0.010138,22600,22600,97,1
10578,1,0,1,1,0,0.010138,22600,22600,97,1
10580,1,0,1,1,0,0.010138,22600,22600,97,1
10582,1,0,1,1,0,0.010138,22600,22600,97,1
10584,1,0,1,1,0,0.010138,22600,22600,97,1
10586,1,0,1,1,0,0.010138,22600,22600,97,1
10588,1,0,1,1,0,0.010138,22600,22600,97,1
10590,1,0,1,1,0,0.010138,22600,22600,97,1
10592,1,0,1,1,0,0.010138,22600,22600,97,1
10595,1,0,1,1,0,0.010138,22600,22600,97,1
10597,1,0,1,1,0,0.010138,22600,22600,97,1
10599,1,0,1,1,0,0.010138,22600,22600,97,1
10601,1,0,1,1,0,0.010138,22600,22600,97,1
10603,1,0,1,1,0,0.010138,22600,22600,97,1
10605,1,0,1,1,0,0.010138,22600,22600,97,1
10607,1,0,1,1,0,0.010138,22600,22600,97,1
10609,1,0,1,1,0,0.010138,22600,22600,97,1
10611,1,0,1,1,0,0.010138,22600,22600,97,1
10613,1,0,1,1,0,0.010138,22600,22600,97,1
10616,1,0,1,1,0,0.010138,22600,22600,97,1
10618,1,0,1,1,0,0.010138,22600,22600,97,1
10620,1,0,1,1,0,0.010138,22600,22600,97,1
10622,1,0,1,1,0,0.010138,22600,22600,97,1
10624,1,0,1,1,0,0.010138,22600,22600,97,1
10626,1,0,1,1,0,0.010138,22600,22600,97,1
10628,1,0,1,1,0,0.010138,22600,22600,97,1
10630,1,0,1,1,0,0.010138,22600,22600,97,1
10632,1,0,1,1,0,0.010138,22600,22600,97,1
10634,1,0,1,1,0,0.010138,22600,22600,97,1
10636,1,0,1,1,0,0.010138,22600,22600,97,1
10638,1,0,1,1,0,0.010138,22600,22600,97,1
10641,1,0,1,1,0,0.010138,22600,22600,97,1
10643,1,0,1,1,0,0.010138,22600,22600,97,1
10645,1,0,1,1,0,0.010138,22600,22600,97,1
10647,1,0,1,1,0,0.010138,22600,22600,97,1
10649,1,0,1,1,0,0.010138,22600,22600,97,1
10651,1,0,1,1,0,0.010138,22600,22600,97,1
25,512,512,0,1,0,0.021144,30172,30172,2,2
28,512,512,0,1,0,0.021484,30140,30140,2,2
32,512,512,0,1,0,0.021982,30108,30108,2,2
36,512,512,0,1,0,0.022426,30076,30076,2,2
41,512,512,0,1,0,0.022905,30044,30044,2,2
46,512,512,0,1,0,0.023417,30012,30012,2,2
52,512,512,0,1,0,0.023840,29980,29980,2,2
60,512,512,0,1,0,0.024395,29948,29948,2,2
69,512,512,0,1,0,0.024858,29916,29916,2,2
79,512,512,0,1,0,0.025252,29884,29884,2,2
89,512,512,0,1,0,0.025757,29852,29852,2,2
99,512,512,0,1,0,0.026199,29820,29820,2,2
110,512,512,0,1,0,0.026519,29788,29788,2,2
123,512,512,0,1,0,0.027041,29756,29756,2,2
135,512,512,0,1,0,0.027424,29724,29724,2,2
148,68,68,0,1,1,0.008915,29719,29719,2,2
154,1,0,1,1,0,0.007654,29719,29719,2,2
158,1,0,1,1,0,0.007654,29719,29719,2,2
162,1,0,1,1,0,0.007654,29719,29719,2,2
167,1,0,1,1,0,0.007654,29719,29719,2,2
171,1,0,1,1,0,0.007654,29719,29719,2,2
174,1,0,1,1,0,0.007654,29719,29719,2,2
179,1,0,1,1,0,0.007654,29719,29719,2,2
183,1,0,1,1,0,0.007654,29719,29719,2,2
187,1,0,1,1,0,0.007654,29719,29719,2,2
191,1,0,1,1,0,0.007654,29719,29719,2,2
196,1,0,1,1,0,0.007654,29719,29719,2,2
200,1,0,1,1,0,0.007654,29719,29719,2,2
204,1,0,1,1,0,0.007654,29719,29719,2,2
209,1,0,1,1,0,0.007654,29719,29719,2,2
213,1,0,1,1,0,0.007654,29719,29719,2,2
217,1,0,1,1,0,0.007654,29719,29719,2,2
221,1,0,1,1,0,0.007654,29719,29719,2,2
225,1,0,1,1,0,0.007654,29719,29719,2,2
230,1,0,1,1,0,0.007654,29719,29719,2,2
235,1,0,1,1,0,0.007654,29719,29719,2,2
239,1,0,1,1,0,0.007654,29719,29719,2,2
243,1,0,1,1,0,0.007654,29719,29719,2,2
248,1,0,1,1,0,0.007654,29719,29719,2,2
252,1,0,1,1,0,0.007654,29719,29719,2,2
256,1,0,1,1,0,0.007654,29719,29719,2,2
261,1,0,1,1,0,0.007654,29719,29719,2,2
265,1,0,1,1,0,0.007654,29719,29719,2,2
270,1,0,1,1,0,0.007654,29719,29719,2,2
274,1,0,1,1,0,0.007654,29719,29719,2,2
278,1,0,1,1,0,0.007654,29719,29719,2,2
283,1,0,1,1,0,0.007654,29719,29719,2,2
287,1,0,1,1,0,0.007654,29719,29719,2,2
292,1,0,1,1,0,0.007654,29719,29719,2,2
297,1,0,1,1,0,0.007654,29719,29719,2,2
301,1,0,1,1,0,0.007654,29719,29719,2,2
305,1,0,1,1,0,0.007654,29719,29719,2,2
310,1,0,1,1,0,0.007654,29719,29719,2,2
314,1,0,1,1,0,0.007654,29719,29719,2,2
318,1,0,1,1,0,0.007654,29719,29719,2,2
323,1,0,1,1,0,0.007654,29719,29719,2,2
327,1,0,1,1,0,0.007654,29719,29719,2,2
331,1,0,1,1,0,0.007654,29719,29719,2,2
336,1,0,1,1,0,0.007654,29719,29719,2,2
340,1,0,1,1,0,0.007654,29719,29719,2,2
344,1,0,1,1,0,0.007654,29719,29719,2,2
349,1,0,1,1,0,0.007654,29719,29719,2,2
354,1,0,1,1,0,0.007654,29719,29719,2,2
358,1,0,1,1,0,0.007654,29719,29719,2,2
363,1,0,1,1,0,0.007654,29719,29719,2,2
368,1,0,1,1,0,0.007654,29719,29719,2,2
372,1,0,1,1,0,0.007654,29719,29719,2,2
377,1,0,1,1,0,0.007654,29719,29719,2,2
382,1,0,1,1,0,0.007654,29719,29719,2,2
386,1,0,1,1,0,0.007654,29719,29719,2,2
392,1,0,1,1,0,0.007654,29719,29719,2,2
397,1,0,1,1,0,0.007654,29719,29719,2,2
401,1,0,1,1,0,0.007654,29719,29719,2,2
407,1,0,1,1,0,0.007654,29719,29719,2,2
412,1,0,1,1,0,0.007654,29719,29719,2,2
417,1,0,1,1,0,0.007654,29719,29719,2,2
423,1,0,1,1,0,0.007808,29719,29719,2,2
428,1,0,1,1,0,0.007808,29719,29719,2,2
433,1,0,1,1,0,0.007808,29719,29719,2,2
440,1,0,1,1,0,0.007808,29719,29719,2,2
445,1,0,1,1,0,0.007808,29719,29719,2,2
450,1,0,1,1,0,0.007808,29719,29719,2,2
456,1,0,1,1,0,0.007808,29719,29719,2,2
461,1,0,1,1,0,0.007808,29719,29719,2,2
466,1,0,1,1,0,0.007808,29719,29719,2,2
472,1,0,1,1,0,0.007808,29719,29719,2,2
478,1,0,1,1,0,0.007808,29719,29719,2,2
483,1,0,1,1,0,0.007808,29719,29719,2,2
489,1,0,1,1,0,0.007808,29719,29719,2,2
494,1,0,1,1,0,0.007808,29719,29719,2,2
498,1,0,1,1,0,0.007808,29719,29719,2,2
504,1,0,1,1,0,0.007808,29714,29714,2,2
509,1,0,1,1,0,0.007808,29714,29714,2,2
513,1,0,1,1,0,0.007808,29714,29714,2,2
521,1,0,1,1,0,0.007808,29714,29714,2,2
525,1,0,1,1,0,0.007808,29714,29714,2,2
529,1,0,1,1,0,0.007808,29714,29714,2,2
535,1,0,1,1,0,0.007808,29714,29714,2,2
540,1,0,1,1,0,0.007808,29714,29714,2,2
544,1,0,1,1,0,0.007808,29714,29714,2,2
549,1,0,1,1,0,0.007808,29714,29714,2,2
553,1,0,1,1,0,0.007808,29714,29714,2,2
557,1,0,1,1,0,0.007808,29714,29714,2,2
561,1,0,1,1,0,0.007808,29714,29714,2,2
565,1,0,1,1,0,0.007808,29714,29714,2,2
570,512,511,1,2,0,0.022884,29678,29678,2;10,2
581,512,511,1,2,0,0.023382,29646,29646,2;10,2
591,512,511,1,2,0,0.023826,29614,29614,2;10,2
603,512,511,1,2,0,0.024305,29582,29582,2;10,2
615,512,511,1,2,0,0.024817,29550,29550,2;10,2
626,512,511,1,2,0,0.025240,29518,29518,2;10,2
637,512,511,1,2,0,0.025795,29486,29486,2;10,2
649,512,511,1,2,0,0.026258,29454,29454,2;10,2
659,512,511,1,2,0,0.026652,29422,29422,2;10,2
671,512,511,1,2,0,0.027157,29390,29390,2;10,2
682,512,511,1,2,0,0.027599,29358,29358,2;10,2
695,512,511,1,2,0,0.027919,29326,29326,2;10,2
708,512,511,1,2,0,0.028441,29294,29294,2;10,2
720,512,511,1,2,0,0.028825,29262,29262,2;10,2
729,512,511,1,2,0,0.029140,29230,29230,2;10,2
739,512,511,1,2,0,0.029646,29199,29199,2;10,2
750,512,511,1,2,0,0.029971,29167,29167,2;10,2
762,512,511,1,2,0,0.030328,29135,29135,2;10,2
777,512,511,1,2,0,0.030781,29103,29103,2;10,2
791,512,511,1,2,0,0.031021,29071,29071,2;10,2
805,512,511,1,2,0,0.031406,29039,29039,2;10,2
820,512,511,1,2,0,0.031759,29007,29007,2;10,2
835,512,511,1,2,0,0.032293,28975,28975,2;10,2
849,512,511,1,2,0,0.032696,28943,28943,2;10,2
864,512,511,1,2,0,0.033043,28911,28911,2;10,2
876,512,511,1,2,0,0.033365,28879,28879,2;10,2
887,259,258,1,2,1,0.022929,28863,28863,2;10,2
898,2,0,2,2,0,0.007883,28863,28863,2;10,2
902,2,0,2,2,0,0.007883,28863,28863,2;10,2
908,2,0,2,2,0,0.007883,28863,28863,2;10,2
913,2,0,2,2,0,0.007883,28863,28863,2;10,2
918,2,0,2,2,0,0.007883,28863,28863,2;10,2
923,2,0,2,2,0,0.007883,28863,28863,2;10,2
929,2,0,2,2,0,0.007883,28863,28863,2;10,2
933,2,0,2,2,0,0.007883,28863,28863,2;10,2
938,2,0,2,2,0,0.007883,28863,28863,2;10,2
943,2,0,2,2,0,0.007883,28863,28863,2;10,2
948,2,0,2,2,0,0.007883,28863,28863,2;10,2
953,2,0,2,2,0,0.007883,28863,28863,2;10,2
957,2,0,2,2,0,0.007883,28863,28863,2;10,2
962,2,0,2,2,0,0.007883,28863,28863,2;10,2
968,2,0,2,2,0,0.007883,28863,28863,2;10,2
973,2,0,2,2,0,0.007883,28863,28863,2;10,2
976,2,0,2,2,0,0.007883,28863,28863,2;10,2
980,2,0,2,2,0,0.007883,28863,28863,2;10,2
985,2,0,2,2,0,0.007883,28863,28863,2;10,2
989,2,0,2,2,0,0.007883,28863,28863,2;10,2
994,2,0,2,2,0,0.007883,28863,28863,2;10,2
998,2,0,2,2,0,0.007883,28863,28863,2;10,2
1004,2,0,2,2,0,0.007883,28863,28863,2;10,2
1008,2,0,2,2,0,0.007883,28863,28863,2;10,2
1014,2,0,2,2,0,0.007883,28863,28863,2;10,2
1018,2,0,2,2,0,0.007883,28863,28863,2;10,2
1023,2,0,2,2,0,0.007883,28863,28863,2;10,2
1029,2,0,2,2,0,0.007883,28863,28863,2;10,2
1033,2,0,2,2,0,0.007883,28863,28863,2;10,2
1039,2,0,2,2,0,0.007883,28863,28863,2;10,2
1044,2,0,2,2,0,0.007883,28863,28863,2;10,2
1049,2,0,2,2,0,0.007883,28863,28863,2;10,2
1054,2,0,2,2,0,0.007883,28863,28863,2;10,2
1059,2,0,2,2,0,0.007883,28863,28863,2;10,2
1066,2,0,2,2,0,0.007883,28863,28863,2;10,2
1070,2,0,2,2,0,0.007883,28863,28863,2;10,2
1074,2,0,2,2,0,0.007883,28863,28863,2;10,2
1079,2,0,2,2,0,0.007883,28863,28863,2;10,2
1086,2,0,2,2,0,0.007883,28863,28863,2;10,2
1090,2,0,2,2,0,0.007883,28858,28858,2;10,2
1095,2,0,2,2,0,0.007883,28858,28858,2;10,2
1099,2,0,2,2,0,0.007883,28858,28858,2;10,2
1103,2,0,2,2,0,0.007883,28858,28858,2;10,2
1110,2,0,2,2,0,0.007883,28858,28858,2;10,2
1115,512,510,2,3,0,0.022989,28822,28822,2;10;18,2
1128,512,510,2,3,0,0.023487,28790,28790,2;10;18,2
1141,512,510,2,3,0,0.023931,28758,28758,2;10;18,2
1155,512,510,2,3,0,0.024410,28726,28726,2;10;18,2
1168,512,510,2,3,0,0.024907,28694,28694,2;10;18,2
1183,512,510,2,3,0,0.025331,28662,28662,2;10;18,2
1198,512,510,2,3,0,0.025885,28630,28630,2;10;18,2
1211,512,510,2,3,0,0.026348,28599,28599,2;10;18,2
1227,512,510,2,3,0,0.026742,28567,28567,2;10;18,2
1239,512,510,2,3,0,0.027247,28535,28535,2;10;18,2
1256,512,510,2,3,0,0.027690,28503,28503,2;10;18,2
1271,512,510,2,3,0,0.028010,28471,28471,2;10;18,2
1287,512,510,2,3,0,0.028532,28439,28439,2;10;18,2
1298,512,510,2,3,0,0.028915,28407,28407,2;10;18,2
1312,512,510,2,3,0,0.029231,28375,28375,2;10;18,2
1326,512,510,2,3,0,0.029736,28344,28344,2;10;18,2
1339,512,510,2,3,0,0.030061,28312,28312,2;10;18,2
1353,512,510,2,3,0,0.030419,28280,28280,2;10;18,2
1366,512,510,2,3,0,0.030871,28248,28248,2;10;18,2
1379,512,510,2,3,0,0.031111,28216,28216,2;10;18,2
1394,512,510,2,3,0,0.031496,28184,28184,2;10;18,2
1409,512,510,2,3,0,0.031850,28152,28152,2;10;18,2
1424,512,510,2,3,0,0.032384,28120,28120,2;10;18,2
1441,512,510,2,3,0,0.032786,28089,28089,2;10;18,2
1461,512,510,2,3,0,0.033133,28057,28057,2;10;18,2
1483,512,510,2,3,0,0.033456,28025,28025,2;10;18,2
1503,512,511,1,2,0,0.033797,28844,28844,2;18,2
1520,512,511,1,2,0,0.034147,28812,28812,2;18,2
1539,512,511,1,2,0,0.034598,28780,28780,2;18,2
1559,512,511,1,2,0,0.034898,28748,28748,2;18,2
1579,512,511,1,2,0,0.035417,28716,28716,2;18,2
1598,512,511,1,2,0,0.035855,28684,28684,2;18,2
1617,512,511,1,2,0,0.036056,28652,28652,2;18,2
1637,512,511,1,2,0,0.036465,28620,28620,2;18,2
1659,512,511,1,2,0,0.036937,28588,28588,2;18,2
1679,512,511,1,2,0,0.037122,28556,28556,2;18,2
1704,512,511,1,2,0,0.037626,28524,28524,2;18,2
1728,512,511,1,2,0,0.037967,28493,28493,2;18,2
1750,512,511,1,2,0,0.038456,28461,28461,2;18,2
1774,512,511,1,2,0,0.038695,28429,28429,2;18,2
1793,93,92,1,2,1,0.012768,28423,28423,2;18,2
1800,2,0,2,2,0,0.008153,28423,28423,2;18,2
1804,2,0,2,2,0,0.008153,28423,28423,2;18,2
1808,2,0,2,2,0,0.008153,28423,28423,2;18,2
1813,2,0,2,2,0,0.008153,28423,28423,2;18,2
1816,2,0,2,2,0,0.008153,28423,28423,2;18,2
1821,2,0,2,2,0,0.008153,28423,28423,2;18,2
1827,512,510,2,3,0,0.023259,28387,28387,2;18;26,2
1838,512,510,2,3,0,0.023757,28355,28355,2;18;26,2
1850,35,33,2,3,1,0.009291,28355,28355,2;18;26,2
1853,3,0,3,3,0,0.008083,28355,28355,2;18;26,2
1857,3,0,3,3,0,0.008083,28355,28355,2;18;26,2
1862,3,0,3,3,0,0.008083,28355,28355,2;18;26,2
1866,3,0,3,3,0,0.008083,28355,28355,2;18;26,2
1870,3,0,3,3,0,0.008083,28355,28355,2;18;26,2
1875,3,0,3,3,0,0.008083,28355,28355,2;18;26,2
1879,3,0,3,3,0,0.008083,28355,28355,2;18;26,2
1882,3,0,3,3,0,0.008083,28355,28355,2;18;26,2
1888,3,0,3,3,0,0.008083,28355,28355,2;18;26,2
1892,3,0,3,3,0,0.008083,28355,28355,2;18;26,2
1897,3,0,3,3,0,0.008083,28355,28355,2;18;26,2
1901,3,0,3,3,0,0.008083,28355,28355,2;18;26,2
1905,3,0,3,3,0,0.008083,28355,28355,2;18;26,2
1909,3,0,3,3,0,0.008083,28355,28355,2;18;26,2
1913,3,0,3,3,0,0.008083,28355,28355,2;18;26,2
1917,3,0,3,3,0,0.008083,28355,28355,2;18;26,2
1920,3,0,3,3,0,0.008083,28355,28355,2;18;26,2
1925,3,0,3,3,0,0.008083,28355,28355,2;18;26,2
1928,3,0,3,3,0,0.008083,28355,28355,2;18;26,2
1931,3,0,3,3,0,0.008083,28355,28355,2;18;26,2
1934,3,0,3,3,0,0.008083,28355,28355,2;18;26,2
1937,3,0,3,3,0,0.008083,28355,28355,2;18;26,2
1943,3,0,3,3,0,0.008083,28355,28355,2;18;26,2
1946,3,0,3,3,0,0.008083,28355,28355,2;18;26,2
1948,3,0,3,3,0,0.008083,28355,28355,2;18;26,2
1952,2,0,2,2,0,0.008153,28418,28418,2;18,2
1956,2,0,2,2,0,0.008153,28418,28418,2;18,2
1959,2,0,2,2,0,0.008153,28418,28418,2;18,2
1962,2,0,2,2,0,0.008153,28418,28418,2;18,2
1968,2,0,2,2,0,0.008153,28418,28418,2;18,2
1970,2,0,2,2,0,0.008153,28418,28418,2;18,2
1972,2,0,2,2,0,0.008153,28418,28418,2;18,2
1977,2,0,2,2,0,0.008153,28418,28418,2;18,2
1981,2,0,2,2,0,0.008153,28418,28418,2;18,2
1984,2,0,2,2,0,0.008153,28418,28418,2;18,2
1988,2,0,2,2,0,0.008153,28418,28418,2;18,2
1992,2,0,2,2,0,0.008153,28418,28418,2;18,2
1996,2,0,2,2,0,0.008153,28418,28418,2;18,2
2000,2,0,2,2,0,0.008153,28418,28418,2;18,2
2002,2,0,2,2,0,0.008153,28418,28418,2;18,2
2007,2,0,2,2,0,0.008153,28418,28418,2;18,2
2012,2,0,2,2,0,0.008153,28418,28418,2;18,2
2014,2,0,2,2,0,0.008153,28418,28418,2;18,2
2016,2,0,2,2,0,0.008153,28418,28418,2;18,2
2021,2,0,2,2,0,0.008153,28418,28418,2;18,2
2025,2,0,2,2,0,0.008153,28418,28418,2;18,2
2030,2,0,2,2,0,0.008153,28418,28418,2;18,2
2034,2,0,2,2,0,0.008153,28418,28418,2;18,2
2039,2,0,2,2,0,0.008153,28418,28418,2;18,2
2042,2,0,2,2,0,0.008153,28418,28418,2;18,2
2045,2,0,2,2,0,0.008153,28418,28418,2;18,2
2050,2,0,2,2,0,0.008153,28418,28418,2;18,2
2056,2,0,2,2,0,0.008153,28418,28418,2;18,2
2059,2,0,2,2,0,0.008153,28418,28418,2;18,2
2062,2,0,2,2,0,0.008153,28418,28418,2;18,2
2068,2,0,2,2,0,0.008153,28418,28418,2;18,2
2073,2,0,2,2,0,0.008153,28418,28418,2;18,2
2076,2,0,2,2,0,0.008153,28418,28418,2;18,2
2080,2,0,2,2,0,0.008153,28418,28418,2;18,2
2085,2,0,2,2,0,0.008153,28418,28418,2;18,2
2089,2,0,2,2,0,0.008153,28413,28413,2;18,2
2092,2,0,2,2,0,0.008153,28413,28413,2;18,2
2097,2,0,2,2,0,0.008153,28413,28413,2;18,2
2101,2,0,2,2,0,0.008153,28413,28413,2;18,2
2105,2,0,2,2,0,0.008153,28413,28413,2;18,2
2109,2,0,2,2,0,0.008153,28413,28413,2;18,2
2113,2,0,2,2,0,0.008153,28413,28413,2;18,2
2118,2,0,2,2,0,0.008153,28413,28413,2;18,2
2122,2,0,2,2,0,0.008153,28413,28413,2;18,2
2126,2,0,2,2,0,0.008153,28413,28413,2;18,2
2129,2,0,2,2,0,0.008153,28413,28413,2;18,2
2134,2,0,2,2,0,0.008153,28413,28413,2;18,2
2139,2,0,2,2,0,0.008153,28413,28413,2;18,2
2143,2,0,2,2,0,0.008153,28413,28413,2;18,2
2146,2,0,2,2,0,0.008153,28413,28413,2;18,2
2150,2,0,2,2,0,0.008153,28413,28413,2;18,2
2154,2,0,2,2,0,0.008153,28413,28413,2;18,2
2160,2,0,2,2,0,0.008153,28413,28413,2;18,2
2163,2,0,2,2,0,0.008153,28413,28413,2;18,2
2166,2,0,2,2,0,0.008153,28413,28413,2;18,2
2171,2,0,2,2,0,0.008153,28413,28413,2;18,2
2175,2,0,2,2,0,0.008153,28413,28413,2;18,2
2179,2,0,2,2,0,0.008153,28413,28413,2;18,2
2183,2,0,2,2,0,0.008153,28413,28413,2;18,2
2188,2,0,2,2,0,0.008153,28413,28413,2;18,2
2193,2,0,2,2,0,0.008153,28413,28413,2;18,2
2196,2,0,2,2,0,0.008153,28413,28413,2;18,2
2201,2,0,2,2,0,0.008153,28413,28413,2;18,2
2205,2,0,2,2,0,0.008153,28413,28413,2;18,2
2209,2,0,2,2,0,0.008153,28413,28413,2;18,2
2215,2,0,2,2,0,0.008153,28413,28413,2;18,2
2219,2,0,2,2,0,0.008153,28413,28413,2;18,2
2222,2,0,2,2,0,0.008153,28413,28413,2;18,2
2229,2,0,2,2,0,0.008153,28413,28413,2;18,2
2233,2,0,2,2,0,0.008153,28413,28413,2;18,2
2236,2,0,2,2,0,0.008153,28413,28413,2;18,2
2242,2,0,2,2,0,0.008153,28413,28413,2;18,2
2246,2,0,2,2,0,0.008153,28413,28413,2;18,2
2250,2,0,2,2,0,0.008153,28413,28413,2;18,2
2254,2,0,2,2,0,0.008153,28413,28413,2;18,2
2258,2,0,2,2,0,0.008182,28413,28413,2;18,2
2262,2,0,2,2,0,0.008182,28413,28413,2;18,2
2267,2,0,2,2,0,0.008182,28413,28413,2;18,2
2272,2,0,2,2,0,0.008182,28413,28413,2;18,2
2276,512,510,2,3,0,0.023289,28377,28377,2;18;34,2
2287,512,510,2,3,0,0.023787,28340,28340,2;18;34,2
2297,512,510,2,3,0,0.024231,28308,28308,2;18;34,2
2310,512,510,2,3,0,0.024709,28276,28276,2;18;34,2
2323,512,510,2,3,0,0.025221,28244,28244,2;18;34,2
2337,512,510,2,3,0,0.025645,28212,28212,2;18;34,2
2348,512,510,2,3,0,0.026199,28180,28180,2;18;34,2
2358,512,510,2,3,0,0.026662,28149,28149,2;18;34,2
2370,512,510,2,3,0,0.027056,28117,28117,2;18;34,2
2383,512,510,2,3,0,0.027561,28085,28085,2;18;34,2
2395,512,510,2,3,0,0.028004,28053,28053,2;18;34,2
2409,512,510,2,3,0,0.028324,28021,28021,2;18;34,2
2421,512,510,2,3,0,0.028846,27989,27989,2;18;34,2
2439,512,510,2,3,0,0.029229,27957,27957,2;18;34,2
2457,512,510,2,3,0,0.029545,27925,27925,2;18;34,2
2471,512,510,2,3,0,0.030050,27894,27894,2;18;34,2
2487,512,510,2,3,0,0.030375,27862,27862,2;18;34,2
2504,512,510,2,3,0,0.030733,27830,27830,2;18;34,2
2523,512,510,2,3,0,0.031185,27798,27798,2;18;34,2
2541,512,510,2,3,0,0.031426,27766,27766,2;18;34,2
2561,512,510,2,3,0,0.031811,27734,27734,2;18;34,2
2580,512,510,2,3,0,0.032164,27702,27702,2;18;34,2
2600,512,510,2,3,0,0.032698,27670,27670,2;18;34,2
2619,512,510,2,3,0,0.033100,27639,27639,2;18;34,2
2639,512,510,2,3,0,0.033447,27607,27607,2;18;34,2
2659,512,510,2,3,0,0.033770,27575,27575,2;18;34,2
2681,512,510,2,3,0,0.034201,27543,27543,2;18;34,2
2701,512,510,2,3,0,0.034551,27511,27511,2;18;34,2
2723,512,510,2,3,0,0.034977,27479,27479,2;18;34,2
2746,512,510,2,3,0,0.035277,27447,27447,2;18;34,2
2772,512,510,2,3,0,0.035795,27415,27415,2;18;34,2
2797,512,510,2,3,0,0.036233,27384,27384,2;18;34,2
2822,512,510,2,3,0,0.036436,27352,27352,2;18;34,2
2846,512,510,2,3,0,0.036699,27320,27320,2;18;34,2
2870,512,510,2,3,0,0.037289,27288,27288,2;18;34,2
2894,512,510,2,3,0,0.037502,27256,27256,2;18;34,2
2915,512,510,2,3,0,0.037810,27219,27219,2;18;34,2
2939,512,510,2,3,0,0.038296,27187,27187,2;18;34,2
2961,512,510,2,3,0,0.038834,27155,27155,2;18;34,2
2984,512,510,2,3,0,0.039073,27124,27124,2;18;34,2
3006,512,510,2,3,0,0.039487,27092,27092,2;18;34,2
3023,512,510,2,3,0,0.039779,27060,27060,2;18;34,2
3039,512,510,2,3,0,0.039991,27028,27028,2;18;34,2
3054,512,510,2,3,0,0.040528,26996,26996,2;18;34,2
3071,512,510,2,3,0,0.041072,26964,26964,2;18;34,2
3089,512,510,2,3,0,0.041359,26932,26932,2;18;34,2
3103,512,510,2,3,0,0.041873,26900,26900,2;18;34,2
3118,512,510,2,3,0,0.042342,26869,26869,2;18;34,2
3136,512,510,2,3,0,0.042439,26837,26837,2;18;34,2
3157,512,510,2,3,0,0.042840,26805,26805,2;18;34,2
3178,512,510,2,3,0,0.043294,26773,26773,2;18;34,2
3197,512,510,2,4,1,0.043820,26737,26737,2;18;34;42,2
3220,512,509,3,4,0,0.023766,26705,26705,2;18;34;42,2
3233,512,509,3,4,0,0.024403,26673,26673,2;18;34;42,2
3244,512,509,3,4,0,0.024730,26641,26641,2;18;34;42,2
3257,512,509,3,4,0,0.025139,26610,26610,2;18;34;42,2
3271,512,509,3,4,0,0.025810,26578,26578,2;18;34;42,2
3285,512,509,3,4,0,0.026140,26546,26546,2;18;34;42,2
3298,512,509,3,4,0,0.026604,26514,26514,2;18;34;42,2
3311,512,509,3,4,0,0.027251,26482,26482,2;18;34;42,2
3326,512,509,3,4,0,0.027563,26450,26450,2;18;34;42,2
3339,512,509,3,4,0,0.027944,26419,26419,2;18;34;42,2
3353,512,509,3,4,0,0.028535,26387,26387,2;18;34;42,2
3364,512,509,3,4,0,0.028800,26355,26355,2;18;34;42,2
3376,512,509,3,4,0,0.029249,26323,26323,2;18;34;42,2
3389,512,509,3,4,0,0.029739,26291,26291,2;18;34;42,2
3401,512,509,3,4,0,0.030060,26260,26260,2;18;34;42,2
3414,512,509,3,4,0,0.030389,26228,26228,2;18;34;42,2
3426,512,509,3,4,0,0.030726,26196,26196,2;18;34;42,2
3441,512,509,3,4,0,0.031182,26164,26164,2;18;34;42,2
3452,512,509,3,4,0,0.031510,26132,26132,2;18;34;42,2
3463,512,509,3,4,0,0.031784,26101,26101,2;18;34;42,2
3473,512,509,3,4,0,0.032223,26069,26069,2;18;34;42,2
3484,512,509,3,4,0,0.032611,26037,26037,2;18;34;42,2
3494,512,509,3,4,0,0.033074,26005,26005,2;18;34;42,2
3505,512,509,3,5,1,0.033852,25970,25970,2;18;34;42;50,2
3516,512,508,4,5,0,0.024086,25938,25938,2;18;34;42;50,2
3522,512,508,4,5,0,0.024530,25907,25907,2;18;34;42;50,2
3532,512,508,4,5,0,0.025009,25875,25875,2;18;34;42;50,2
3540,512,508,4,5,0,0.025521,25843,25843,2;18;34;42;50,2
3548,512,508,4,5,0,0.025944,25811,25811,2;18;34;42;50,2
3554,512,508,4,5,0,0.026499,25775,25775,2;18;34;42;50,2
3561,512,508,4,5,0,0.026962,25743,25743,2;18;34;42;50,2
3567,512,508,4,5,0,0.027356,25711,25711,2;18;34;42;50,2
3574,512,508,4,5,0,0.027861,25679,25679,2;18;34;42;50,2
3581,512,508,4,5,0,0.028303,25648,25648,2;18;34;42;50,2
3587,512,508,4,5,0,0.028624,25616,25616,2;18;34;42;50,2
3594,512,508,4,5,0,0.028893,25584,25584,2;18;34;42;50,2
3601,512,508,4,5,0,0.029488,25552,25552,2;18;34;42;50,2
3608,512,508,4,5,0,0.029845,25521,25521,2;18;34;42;50,2
3616,512,508,4,5,0,0.030133,25489,25489,2;18;34;42;50,2
3623,512,508,4,5,0,0.030637,25457,25457,2;18;34;42;50,2
3633,512,508,4,5,0,0.031033,25425,25425,2;18;34;42;50,2
3644,512,508,4,5,0,0.031277,25394,25394,2;18;34;42;50,2
3655,512,508,4,5,0,0.031705,25362,25362,2;18;34;42;50,2
3666,512,508,4,5,0,0.032110,25330,25330,2;18;34;42;50,2
3676,512,508,4,5,0,0.032320,25298,25298,2;18;34;42;50,2
3686,512,508,4,5,0,0.032933,25267,25267,2;18;34;42;50,2
3693,512,508,4,5,0,0.033401,25235,25235,2;18;34;42;50,2
3702,512,508,4,5,0,0.033600,25203,25203,2;18;34;42;50,2
3710,512,508,4,5,0,0.034038,25171,25171,2;18;34;42;50,2
3718,512,508,4,5,0,0.034501,25140,25140,2;18;34;42;50,2
3728,512,508,4,5,0,0.034723,25108,25108,2;18;34;42;50,2
3735,512,508,4,5,0,0.034984,25076,25076,2;18;34;42;50,2
3743,512,508,4,5,0,0.035558,25044,25044,2;18;34;42;50,2
3751,512,508,4,5,0,0.035814,25013,25013,2;18;34;42;50,2
3760,512,508,4,5,0,0.036290,24981,24981,2;18;34;42;50,2
3767,512,508,4,5,0,0.036726,24949,24949,2;18;34;42;50,2
3777,512,508,4,5,0,0.036990,24917,24917,2;18;34;42;50,2
3784,512,508,4,5,0,0.037307,24886,24886,2;18;34;42;50,2
3795,512,508,4,5,0,0.037797,24854,24854,2;18;34;42;50,2
3803,512,508,4,5,0,0.038093,24822,24822,2;18;34;42;50,2
3811,512,508,4,5,0,0.038408,24790,24790,2;18;34;42;50,2
3819,512,508,4,5,0,0.039122,24759,24759,2;18;34;42;50,2
3830,512,508,4,5,0,0.039366,24727,24727,2;18;34;42;50,2
3842,512,508,4,5,0,0.039651,24695,24695,2;18;34;42;50,2
3853,512,508,4,5,0,0.040073,24658,24658,2;18;34;42;50,2
3865,512,508,4,5,0,0.040284,24627,24627,2;18;34;42;50,2
3877,512,508,4,5,0,0.040662,24595,24595,2;18;34;42;50,2
3888,512,508,4,5,0,0.041047,24558,24558,2;18;34;42;50,2
3898,512,508,4,5,0,0.041642,24526,24526,2;18;34;42;50,2
3911,512,508,4,5,0,0.041945,24495,24495,2;18;34;42;50,2
3921,512,508,4,5,0,0.042404,24463,24463,2;18;34;42;50,2
3935,512,508,4,5,0,0.042730,24431,24431,2;18;34;42;50,2
3947,512,508,4,5,0,0.042998,24394,24394,2;18;34;42;50,2
3964,512,508,4,5,0,0.043287,24363,24363,2;18;34;42;50,2
3978,512,508,4,5,0,0.043801,24331,24331,2;18;34;42;50,2
3992,512,508,4,5,0,0.044076,24299,24299,2;18;34;42;50,2
4007,512,508,4,5,0,0.044606,24267,24267,2;18;34;42;50,2
4022,512,508,4,5,0,0.045004,24236,24236,2;18;34;42;50,2
4038,512,508,4,5,0,0.045388,24204,24204,2;18;34;42;50,2
4052,512,508,4,5,0,0.045697,24172,24172,2;18;34;42;50,2
4067,512,508,4,5,0,0.046084,24140,24140,2;18;34;42;50,2
4082,512,508,4,5,0,0.046315,24109,24109,2;18;34;42;50,2
4098,512,508,4,5,0,0.046750,24077,24077,2;18;34;42;50,2
4113,512,508,4,5,0,0.046954,24045,24045,2;18;34;42;50,2
4129,512,508,4,5,0,0.047476,24013,24013,2;18;34;42;50,2
4144,512,508,4,5,0,0.047659,23982,23982,2;18;34;42;50,2
4156,512,508,4,5,0,0.048382,23950,23950,2;18;34;42;50,2
4167,512,508,4,5,0,0.048567,23918,23918,2;18;34;42;50,2
4178,512,508,4,5,0,0.048995,23886,23886,2;18;34;42;50,2
4190,512,508,4,5,0,0.049342,23855,23855,2;18;34;42;50,2
4205,512,508,4,5,0,0.049755,23823,23823,2;18;34;42;50,2
4219,512,508,4,5,0,0.049985,23791,23791,2;18;34;42;50,2
4229,512,508,4,5,0,0.050583,23759,23759,2;18;34;42;50,2
4242,512,508,4,5,0,0.050859,23728,23728,2;18;34;42;50,2
4253,512,508,4,5,0,0.051404,23696,23696,2;18;34;42;50,2
4268,512,508,4,5,0,0.051595,23664,23664,2;18;34;42;50,2
4286,512,508,4,5,0,0.051943,23632,23632,2;18;34;42;50,2
4301,512,508,4,5,0,0.052268,23601,23601,2;18;34;42;50,2
4314,512,508,4,6,1,0.052768,23565,23565,2;18;34;42;50;58,2
4325,512,507,5,6,0,0.024380,23533,23533,2;18;34;42;50;58,2
4331,512,507,5,6,0,0.024788,23502,23502,2;18;34;42;50;58,2
4337,512,507,5,6,0,0.025294,23470,23470,2;18;34;42;50;58,2
4343,512,507,5,6,0,0.025763,23438,23438,2;18;34;42;50;58,2
4348,512,507,5,7,1,0.026470,23402,23402,2;18;34;42;50;58;66,2
4354,512,506,6,7,0,0.024701,23371,23371,2;18;34;42;50;58;66,2
4359,512,506,6,7,0,0.025131,23339,23339,2;18;34;42;50;58;66,2
4366,512,506,6,7,0,0.025458,23307,23307,2;18;34;42;50;58;66,2
4373,512,506,6,7,0,0.025867,23276,23276,2;18;34;42;50;58;66,2
4376,512,506,6,8,1,0.026748,23240,23240,2;18;34;42;50;58;66;74,2
4383,512,505,7,8,0,0.024530,23203,23203,2;18;34;42;50;58;66;74,2
4388,512,505,7,8,0,0.024880,23172,23172,2;18;34;42;50;58;66;74,2
4395,512,505,7,8,0,0.025361,23140,23140,2;18;34;42;50;58;66;74,2
4400,512,505,7,9,1,0.026109,23104,23104,2;18;34;42;50;58;66;74;82,2
4406,512,504,8,9,0,0.024223,23072,23072,2;18;34;42;50;58;66;74;82,2
4411,512,504,8,9,0,0.024664,23041,23041,2;18;34;42;50;58;66;74;82,2
4416,512,504,8,9,0,0.025170,23009,23009,2;18;34;42;50;58;66;74;82,2
4422,512,504,8,9,0,0.025639,22978,22978,2;18;34;42;50;58;66;74;82,2
4428,512,504,8,9,0,0.026041,22946,22946,2;18;34;42;50;58;66;74;82,2
4434,512,504,8,9,0,0.026574,22915,22915,2;18;34;42;50;58;66;74;82,2
4440,512,504,8,9,0,0.027149,22883,22883,2;18;34;42;50;58;66;74;82,2
4446,512,504,8,9,0,0.027513,22852,22852,2;18;34;42;50;58;66;74;82,2
4452,512,504,8,9,0,0.027989,22820,22820,2;18;34;42;50;58;66;74;82,2
4459,512,504,8,9,0,0.028470,22789,22789,2;18;34;42;50;58;66;74;82,2
4465,512,504,8,9,0,0.028848,22757,22757,2;18;34;42;50;58;66;74;82,2
4468,512,504,8,9,0,0.029248,22726,22726,2;18;34;42;50;58;66;74;82,2
4478,512,504,8,9,0,0.029748,22694,22694,2;18;34;42;50;58;66;74;82,2
4484,512,504,8,9,0,0.030116,22663,22663,2;18;34;42;50;58;66;74;82,2
4490,512,504,8,9,0,0.030450,22631,22631,2;18;34;42;50;58;66;74;82,2
4497,512,504,8,9,0,0.030953,22600,22600,2;18;34;42;50;58;66;74;82,2
4504,512,504,8,9,0,0.031278,22568,22568,2;18;34;42;50;58;66;74;82,2
4511,512,504,8,9,0,0.031643,22537,22537,2;18;34;42;50;58;66;74;82,2
4520,512,504,8,9,0,0.032084,22505,22505,2;18;34;42;50;58;66;74;82,2
4526,512,504,8,9,0,0.032342,22474,22474,2;18;34;42;50;58;66;74;82,2
4533,512,504,8,9,0,0.032699,22442,22442,2;18;34;42;50;58;66;74;82,2
4540,512,504,8,9,0,0.033052,22411,22411,2;18;34;42;50;58;66;74;82,2
4547,512,504,8,9,0,0.033587,22379,22379,2;18;34;42;50;58;66;74;82,2
4555,512,504,8,9,0,0.033989,22348,22348,2;18;34;42;50;58;66;74;82,2
4562,512,504,8,9,0,0.034336,22316,22316,2;18;34;42;50;58;66;74;82,2
4570,512,504,8,10,1,0.034578,22281,22281,2;18;34;42;50;58;66;74;82;90,2
4578,512,503,9,10,0,0.024907,22249,22249,2;18;34;42;50;58;66;74;82;90,2
4582,512,503,9,10,0,0.025544,22218,22218,2;18;34;42;50;58;66;74;82;90,2
4587,512,503,9,10,0,0.025831,22187,22187,2;18;34;42;50;58;66;74;82;90,2
4594,512,503,9,10,0,0.026277,22155,22155,2;18;34;42;50;58;66;74;82;90,2
4600,512,503,9,10,0,0.026718,22124,22124,2;18;34;42;50;58;66;74;82;90,2
4607,512,503,9,10,0,0.027260,22087,22087,2;18;34;42;50;58;66;74;82;90,2
4615,512,503,9,10,0,0.027743,22056,22056,2;18;34;42;50;58;66;74;82;90,2
4622,512,503,9,10,0,0.028160,22024,22024,2;18;34;42;50;58;66;74;82;90,2
4628,512,503,9,10,0,0.028668,21988,21988,2;18;34;42;50;58;66;74;82;90,2
4637,512,503,9,10,0,0.028962,21957,21957,2;18;34;42;50;58;66;74;82;90,2
4645,512,503,9,10,0,0.029412,21925,21925,2;18;34;42;50;58;66;74;82;90,2
4656,512,503,9,10,0,0.029779,21894,21894,2;18;34;42;50;58;66;74;82;90,2
4668,512,503,9,10,0,0.030284,21862,21862,2;18;34;42;50;58;66;74;82;90,2
4678,512,503,9,10,0,0.030604,21826,21826,2;18;34;42;50;58;66;74;82;90,2
4687,512,503,9,10,0,0.031028,21794,21794,2;18;34;42;50;58;66;74;82;90,2
4698,512,503,9,10,0,0.031435,21763,21763,2;18;34;42;50;58;66;74;82;90,2
4708,512,503,9,10,0,0.031759,21731,21731,2;18;34;42;50;58;66;74;82;90,2
4720,512,503,9,10,0,0.032158,21700,21700,2;18;34;42;50;58;66;74;82;90,2
4731,512,503,9,10,0,0.032538,21669,21669,2;18;34;42;50;58;66;74;82;90,2
4742,512,503,9,10,0,0.032818,21637,21637,2;18;34;42;50;58;66;74;82;90,2
4752,512,503,9,10,0,0.033239,21606,21606,2;18;34;42;50;58;66;74;82;90,2
4763,512,503,9,10,0,0.033564,21574,21574,2;18;34;42;50;58;66;74;82;90,2
4774,512,503,9,10,0,0.034095,21543,21543,2;18;34;42;50;58;66;74;82;90,2
4785,512,503,9,10,0,0.034532,21511,21511,2;18;34;42;50;58;66;74;82;90,2
4796,512,503,9,10,0,0.034871,21475,21475,2;18;34;42;50;58;66;74;82;90,2
4809,512,503,9,10,0,0.035114,21444,21444,2;18;34;42;50;58;66;74;82;90,2
4821,512,503,9,10,0,0.035637,21412,21412,2;18;34;42;50;58;66;74;82;90,2
4832,512,503,9,10,0,0.035964,21381,21381,2;18;34;42;50;58;66;74;82;90,2
4841,512,503,9,10,0,0.036323,21349,21349,2;18;34;42;50;58;66;74;82;90,2
4851,512,503,9,10,0,0.036700,21318,21318,2;18;34;42;50;58;66;74;82;90,2
4859,512,503,9,10,0,0.037203,21281,21281,2;18;34;42;50;58;66;74;82;90,2
4866,512,503,9,10,0,0.037633,21250,21250,2;18;34;42;50;58;66;74;82;90,2
4874,512,503,9,10,0,0.037859,21218,21218,2;18;34;42;50;58;66;74;82;90,2
4884,512,503,9,10,0,0.038245,21187,21187,2;18;34;42;50;58;66;74;82;90,2
4892,512,503,9,10,0,0.038709,21156,21156,2;18;34;42;50;58;66;74;82;90,2
4901,512,503,9,10,0,0.038916,21124,21124,2;18;34;42;50;58;66;74;82;90,2
4909,512,503,9,10,0,0.039408,21093,21093,2;18;34;42;50;58;66;74;82;90,2
4919,512,503,9,10,0,0.039723,21061,21061,2;18;34;42;50;58;66;74;82;90,2
4927,512,503,9,10,0,0.040212,21025,21025,2;18;34;42;50;58;66;74;82;90,2
4938,512,503,9,10,0,0.040667,20993,20993,2;18;34;42;50;58;66;74;82;90,2
4946,512,503,9,10,0,0.040911,20962,20962,2;18;34;42;50;58;66;74;82;90,2
4956,512,503,9,10,0,0.041157,20931,20931,2;18;34;42;50;58;66;74;82;90,2
4965,512,503,9,10,0,0.041654,20899,20899,2;18;34;42;50;58;66;74;82;90,2
4972,512,503,9,10,0,0.041944,20868,20868,2;18;34;42;50;58;66;74;82;90,2
4982,512,503,9,10,0,0.042449,20836,20836,2;18;34;42;50;58;66;74;82;90,2
4994,512,503,9,10,0,0.042736,20805,20805,2;18;34;42;50;58;66;74;82;90,2
5003,512,503,9,10,0,0.043250,20773,20773,2;18;34;42;50;58;66;74;82;90,2
5016,512,503,9,10,0,0.043719,20742,20742,2;18;34;42;50;58;66;74;82;90,2
5031,512,503,9,10,0,0.043817,20705,20705,2;18;34;42;50;58;66;74;82;90,2
5045,512,503,9,10,0,0.044218,20674,20674,2;18;34;42;50;58;66;74;82;90,2
5060,512,503,9,10,0,0.044671,20638,20638,2;18;34;42;50;58;66;74;82;90,2
5075,512,503,9,10,0,0.044882,20606,20606,2;18;34;42;50;58;66;74;82;90,2
5087,512,503,9,10,0,0.045163,20575,20575,2;18;34;42;50;58;66;74;82;90,2
5097,512,503,9,10,0,0.045892,20543,20543,2;18;34;42;50;58;66;74;82;90,2
5109,512,503,9,10,0,0.046095,20512,20512,2;18;34;42;50;58;66;74;82;90,2
5119,512,503,9,10,0,0.046454,20480,20480,2;18;34;42;50;58;66;74;82;90,2
5131,512,503,9,10,0,0.046964,20449,20449,2;18;34;42;50;58;66;74;82;90,2
5143,512,503,9,10,0,0.047168,20418,20418,2;18;34;42;50;58;66;74;82;90,2
5154,512,503,9,10,0,0.047393,20386,20386,2;18;34;42;50;58;66;74;82;90,2
5166,512,503,9,10,0,0.047834,20355,20355,2;18;34;42;50;58;66;74;82;90,2
5176,512,503,9,10,0,0.048175,20323,20323,2;18;34;42;50;58;66;74;82;90,2
5189,512,503,9,10,0,0.048609,20292,20292,2;18;34;42;50;58;66;74;82;90,2
5204,512,503,9,10,0,0.048878,20260,20260,2;18;34;42;50;58;66;74;82;90,2
5221,512,503,9,10,0,0.049539,20229,20229,2;18;34;42;50;58;66;74;82;90,2
5237,512,503,9,10,0,0.049728,20192,20192,2;18;34;42;50;58;66;74;82;90,2
5253,512,503,9,10,0,0.050169,20161,20161,2;18;34;42;50;58;66;74;82;90,2
5268,512,503,9,10,0,0.050420,20130,20130,2;18;34;42;50;58;66;74;82;90,2
5280,512,503,9,10,0,0.050833,20098,20098,2;18;34;42;50;58;66;74;82;90,2
5292,512,503,9,10,0,0.051063,20067,20067,2;18;34;42;50;58;66;74;82;90,2
5305,512,503,9,10,0,0.051661,20035,20035,2;18;34;42;50;58;66;74;82;90,2
5317,512,503,9,10,0,0.051937,20004,20004,2;18;34;42;50;58;66;74;82;90,2
5329,512,503,9,10,0,0.052482,19972,19972,2;18;34;42;50;58;66;74;82;90,2
5343,512,503,9,10,0,0.052673,19941,19941,2;18;34;42;50;58;66;74;82;90,2
5354,512,503,9,10,0,0.052965,19910,19910,2;18;34;42;50;58;66;74;82;90,2
5368,512,503,9,10,0,0.053342,19878,19878,2;18;34;42;50;58;66;74;82;90,2
5381,512,503,9,10,0,0.053952,19847,19847,2;18;34;42;50;58;66;74;82;90,2
5394,512,503,9,10,0,0.054174,19815,19815,2;18;34;42;50;58;66;74;82;90,2
5409,512,503,9,10,0,0.054723,19784,19784,2;18;34;42;50;58;66;74;82;90,2
5424,512,503,9,10,0,0.054981,19752,19752,2;18;34;42;50;58;66;74;82;90,2
5435,512,503,9,10,0,0.055247,19721,19721,2;18;34;42;50;58;66;74;82;90,2
5450,512,503,9,10,0,0.055550,19689,19689,2;18;34;42;50;58;66;74;82;90,2
5468,512,503,9,10,0,0.056051,19658,19658,2;18;34;42;50;58;66;74;82;90,2
5487,512,503,9,10,0,0.056408,19627,19627,2;18;34;42;50;58;66;74;82;90,2
5504,512,503,9,10,0,0.057014,19595,19595,2;18;34;42;50;58;66;74;82;90,2
5523,512,503,9,10,0,0.057318,19564,19564,2;18;34;42;50;58;66;74;82;90,2
5541,512,503,9,10,0,0.057751,19527,19527,2;18;34;42;50;58;66;74;82;90,2
5557,512,503,9,10,0,0.057878,19496,19496,2;18;34;42;50;58;66;74;82;90,2
5578,512,503,9,10,0,0.058255,19464,19464,2;18;34;42;50;58;66;74;82;90,2
5600,512,503,9,10,0,0.058667,19428,19428,2;18;34;42;50;58;66;74;82;90,2
5624,512,503,9,10,0,0.059181,19397,19397,2;18;34;42;50;58;66;74;82;90,2
5645,512,503,9,10,0,0.059668,19365,19365,2;18;34;42;50;58;66;74;82;90,2
5668,512,503,9,10,0,0.060105,19334,19334,2;18;34;42;50;58;66;74;82;90,2
5691,512,503,9,10,0,0.060365,19302,19302,2;18;34;42;50;58;66;74;82;90,2
5714,512,503,9,10,0,0.060765,19266,19266,2;18;34;42;50;58;66;74;82;90,2
5737,512,503,9,10,0,0.060989,19234,19234,2;18;34;42;50;58;66;74;82;90,2
5761,512,503,9,10,0,0.061359,19203,19203,2;18;34;42;50;58;66;74;82;90,2
5783,512,503,9,10,0,0.061709,19171,19171,2;18;34;42;50;58;66;74;82;90,2
5806,512,503,9,10,0,0.062046,19140,19140,2;18;34;42;50;58;66;74;82;90,2
5830,512,504,8,10,1,0.061692,20758,20758,2;18;42;50;58;66;74;82;90;98,2
5861,512,503,9,10,0,0.025090,20727,20727,2;18;42;50;58;66;74;82;90;98,2
5875,512,503,9,10,0,0.025498,20696,20696,2;18;42;50;58;66;74;82;90;98,2
5890,512,503,9,11,1,0.026368,20660,20660,2;18;42;50;58;66;74;82;90;98;106,2
5904,512,502,10,11,0,0.025234,20628,20628,2;18;42;50;58;66;74;82;90;98;106,2
5916,512,502,10,11,0,0.025726,20597,20597,2;18;42;50;58;66;74;82;90;98;106,2
5931,512,502,10,11,0,0.026034,20561,20561,2;18;42;50;58;66;74;82;90;98;106,2
5946,512,502,10,12,1,0.027071,20525,20525,2;18;42;50;58;66;74;82;90;98;106;114,2
5961,512,501,11,12,0,0.024631,20493,20493,2;18;42;50;58;66;74;82;90;98;106;114,2
5976,512,501,11,12,0,0.025115,20462,20462,2;18;42;50;58;66;74;82;90;98;106;114,2
5989,512,501,11,12,0,0.025589,20431,20431,2;18;42;50;58;66;74;82;90;98;106;114,2
6005,512,501,11,12,0,0.026018,20399,20399,2;18;42;50;58;66;74;82;90;98;106;114,2
6019,512,501,11,12,0,0.026530,20363,20363,2;18;42;50;58;66;74;82;90;98;106;114,2
6035,512,501,11,12,0,0.026954,20332,20332,2;18;42;50;58;66;74;82;90;98;106;114,2
6050,512,501,11,13,1,0.027971,20296,20296,2;18;42;50;58;66;74;82;90;98;106;114;122,2
6066,512,500,12,13,0,0.025130,20265,20265,2;18;42;50;58;66;74;82;90;98;106;114;122,2
6079,512,500,12,13,0,0.025595,20234,20234,2;18;42;50;58;66;74;82;90;98;106;114;122,2
6093,512,500,12,13,0,0.026039,20203,20203,2;18;42;50;58;66;74;82;90;98;106;114;122,2
6108,512,500,12,13,0,0.026518,20171,20171,2;18;42;50;58;66;74;82;90;98;106;114;122,2
6123,512,500,12,13,0,0.027030,20140,20140,2;18;42;50;58;66;74;82;90;98;106;114;122,2
6138,512,500,12,13,0,0.027453,20104,20104,2;18;42;50;58;66;74;82;90;98;106;114;122,2
6154,512,500,12,13,0,0.027754,20073,20073,2;18;42;50;58;66;74;82;90;98;106;114;122,2
6169,512,500,12,13,0,0.028431,20041,20041,2;18;42;50;58;66;74;82;90;98;106;114;122,2
6185,512,500,12,13,0,0.028860,20010,20010,2;18;42;50;58;66;74;82;90;98;106;114;122,2
6199,512,500,12,13,0,0.029170,19979,19979,2;18;42;50;58;66;74;82;90;98;106;114;122,2
6216,512,501,11,12,0,0.029235,20722,20722,2;18;50;58;66;74;82;90;98;106;114;122,2
6234,512,501,11,12,0,0.029560,20690,20690,2;18;50;58;66;74;82;90;98;106;114;122,2
6249,512,501,11,12,0,0.029825,20659,20659,2;18;50;58;66;74;82;90;98;106;114;122,2
6265,512,501,11,12,0,0.030274,20628,20628,2;18;50;58;66;74;82;90;98;106;114;122,2
6283,512,501,11,12,0,0.030765,20596,20596,2;18;50;58;66;74;82;90;98;106;114;122,2
6299,512,501,11,12,0,0.031085,20560,20560,2;18;50;58;66;74;82;90;98;106;114;122,2
6317,512,501,11,12,0,0.031408,20529,20529,2;18;50;58;66;74;82;90;98;106;114;122,2
6334,512,501,11,12,0,0.031751,20492,20492,2;18;50;58;66;74;82;90;98;106;114;122,2
6351,512,501,11,12,0,0.032208,20461,20461,2;18;50;58;66;74;82;90;98;106;114;122,2
6368,512,501,11,12,0,0.032535,20430,20430,2;18;50;58;66;74;82;90;98;106;114;122,2
6385,512,501,11,12,0,0.032809,20399,20399,2;18;50;58;66;74;82;90;98;106;114;122,2
6404,512,501,11,12,0,0.033248,20367,20367,2;18;50;58;66;74;82;90;98;106;114;122,2
6422,512,501,11,12,0,0.033636,20336,20336,2;18;50;58;66;74;82;90;98;106;114;122,2
6439,512,501,11,12,0,0.033980,20305,20305,2;18;50;58;66;74;82;90;98;106;114;122,2
6458,512,501,11,12,0,0.034434,20273,20273,2;18;50;58;66;74;82;90;98;106;114;122,2
6476,512,501,11,12,0,0.034770,20242,20242,2;18;50;58;66;74;82;90;98;106;114;122,2
6495,512,501,11,12,0,0.035069,20211,20211,2;18;50;58;66;74;82;90;98;106;114;122,2
6516,512,501,11,12,0,0.035556,20179,20179,2;18;50;58;66;74;82;90;98;106;114;122,2
6534,512,501,11,12,0,0.035836,20148,20148,2;18;50;58;66;74;82;90;98;106;114;122,2
6553,512,501,11,12,0,0.036275,20117,20117,2;18;50;58;66;74;82;90;98;106;114;122,2
6573,444,433,11,12,1,0.030232,20090,20090,2;18;50;58;66;74;82;90;98;106;114;122,2
6588,12,0,12,12,0,0.010040,20085,20085,2;18;50;58;66;74;82;90;98;106;114;122,2
6595,12,0,12,12,0,0.010040,20085,20085,2;18;50;58;66;74;82;90;98;106;114;122,2
6600,12,0,12,12,0,0.010040,20085,20085,2;18;50;58;66;74;82;90;98;106;114;122,2
6605,12,0,12,12,0,0.010040,20085,20085,2;18;50;58;66;74;82;90;98;106;114;122,2
6612,12,0,12,12,0,0.010040,20085,20085,2;18;50;58;66;74;82;90;98;106;114;122,2
6621,12,0,12,12,0,0.010040,20085,20085,2;18;50;58;66;74;82;90;98;106;114;122,2
6627,12,0,12,12,0,0.010040,20085,20085,2;18;50;58;66;74;82;90;98;106;114;122,2
6632,12,0,12,12,0,0.010040,20085,20085,2;18;50;58;66;74;82;90;98;106;114;122,2
6637,12,0,12,12,0,0.010040,20085,20085,2;18;50;58;66;74;82;90;98;106;114;122,2
6643,12,0,12,12,0,0.010040,20085,20085,2;18;50;58;66;74;82;90;98;106;114;122,2
6651,12,0,12,12,0,0.010040,20085,20085,2;18;50;58;66;74;82;90;98;106;114;122,2
6656,12,0,12,12,0,0.010040,20085,20085,2;18;50;58;66;74;82;90;98;106;114;122,2
6662,12,0,12,12,0,0.010040,20085,20085,2;18;50;58;66;74;82;90;98;106;114;122,2
6669,12,0,12,12,0,0.010040,20085,20085,2;18;50;58;66;74;82;90;98;106;114;122,2
6674,12,0,12,12,0,0.010040,20085,20085,2;18;50;58;66;74;82;90;98;106;114;122,2
6681,12,0,12,12,0,0.010040,20085,20085,2;18;50;58;66;74;82;90;98;106;114;122,2
6687,12,0,12,12,0,0.010040,20085,20085,2;18;50;58;66;74;82;90;98;106;114;122,2
6693,12,0,12,12,0,0.010040,20085,20085,2;18;50;58;66;74;82;90;98;106;114;122,2
6698,12,0,12,12,0,0.010040,20085,20085,2;18;50;58;66;74;82;90;98;106;114;122,2
6704,12,0,12,12,0,0.010040,20085,20085,2;18;50;58;66;74;82;90;98;106;114;122,2
6710,12,0,12,12,0,0.010040,20080,20080,2;18;50;58;66;74;82;90;98;106;114;122,2
6719,12,0,12,12,0,0.010040,20075,20075,2;18;50;58;66;74;82;90;98;106;114;122,2
6725,12,0,12,12,0,0.010040,20075,20075,2;18;50;58;66;74;82;90;98;106;114;122,2
6730,12,0,12,12,0,0.010040,20075,20075,2;18;50;58;66;74;82;90;98;106;114;122,2
6736,12,0,12,12,0,0.010040,20075,20075,2;18;50;58;66;74;82;90;98;106;114;122,2
6742,12,0,12,12,0,0.010040,20075,20075,2;18;50;58;66;74;82;90;98;106;114;122,2
6748,12,0,12,12,0,0.010040,20075,20075,2;18;50;58;66;74;82;90;98;106;114;122,2
6753,12,0,12,12,0,0.010040,20070,20070,2;18;50;58;66;74;82;90;98;106;114;122,2
6761,12,0,12,12,0,0.010040,20070,20070,2;18;50;58;66;74;82;90;98;106;114;122,2
6768,12,0,12,12,0,0.010040,20070,20070,2;18;50;58;66;74;82;90;98;106;114;122,2
6773,12,0,12,12,0,0.010040,20070,20070,2;18;50;58;66;74;82;90;98;106;114;122,2
6779,12,0,12,12,0,0.010040,20070,20070,2;18;50;58;66;74;82;90;98;106;114;122,2
6784,12,0,12,12,0,0.010040,20070,20070,2;18;50;58;66;74;82;90;98;106;114;122,2
6791,12,0,12,12,0,0.010398,20060,20060,2;18;50;58;66;74;82;90;98;106;114;122,2
6799,12,0,12,12,0,0.010398,20060,20060,2;18;50;58;66;74;82;90;98;106;114;122,2
6804,12,0,12,12,0,0.010398,20060,20060,2;18;50;58;66;74;82;90;98;106;114;122,2
6810,12,0,12,12,0,0.010398,20060,20060,2;18;50;58;66;74;82;90;98;106;114;122,2
6818,12,0,12,12,0,0.010398,20060,20060,2;18;50;58;66;74;82;90;98;106;114;122,2
6823,12,0,12,12,0,0.010398,20060,20060,2;18;50;58;66;74;82;90;98;106;114;122,2
6830,12,0,12,12,0,0.010398,20060,20060,2;18;50;58;66;74;82;90;98;106;114;122,2
6837,12,0,12,12,0,0.010398,20055,20055,2;18;50;58;66;74;82;90;98;106;114;122,2
6843,12,0,12,12,0,0.010398,20055,20055,2;18;50;58;66;74;82;90;98;106;114;122,2
6850,12,0,12,12,0,0.010398,20055,20055,2;18;50;58;66;74;82;90;98;106;114;122,2
6855,12,0,12,12,0,0.010398,20055,20055,2;18;50;58;66;74;82;90;98;106;114;122,2
6862,12,0,12,12,0,0.010398,20055,20055,2;18;50;58;66;74;82;90;98;106;114;122,2
6869,12,0,12,12,0,0.010398,20055,20055,2;18;50;58;66;74;82;90;98;106;114;122,2
6875,12,0,12,12,0,0.010398,20050,20050,2;18;50;58;66;74;82;90;98;106;114;122,2
6881,12,0,12,12,0,0.010398,20050,20050,2;18;50;58;66;74;82;90;98;106;114;122,2
6888,12,0,12,12,0,0.010398,20050,20050,2;18;50;58;66;74;82;90;98;106;114;122,2
6894,12,0,12,12,0,0.010398,20050,20050,2;18;50;58;66;74;82;90;98;106;114;122,2
6901,12,0,12,12,0,0.010398,20050,20050,2;18;50;58;66;74;82;90;98;106;114;122,2
6906,12,0,12,12,0,0.010398,20050,20050,2;18;50;58;66;74;82;90;98;106;114;122,2
6913,12,0,12,12,0,0.010398,20050,20050,2;18;50;58;66;74;82;90;98;106;114;122,2
6919,12,0,12,12,0,0.010398,20050,20050,2;18;50;58;66;74;82;90;98;106;114;122,2
6927,12,0,12,12,0,0.010398,20045,20045,2;18;50;58;66;74;82;90;98;106;114;122,2
6933,12,0,12,12,0,0.010398,20045,20045,2;18;50;58;66;74;82;90;98;106;114;122,2
6939,12,0,12,12,0,0.010398,20045,20045,2;18;50;58;66;74;82;90;98;106;114;122,2
6944,12,0,12,12,0,0.010398,20045,20045,2;18;50;58;66;74;82;90;98;106;114;122,2
6953,12,0,12,12,0,0.010398,20045,20045,2;18;50;58;66;74;82;90;98;106;114;122,2
6959,12,0,12,12,0,0.010398,20045,20045,2;18;50;58;66;74;82;90;98;106;114;122,2
6965,12,0,12,12,0,0.010398,20045,20045,2;18;50;58;66;74;82;90;98;106;114;122,2
6972,12,0,12,12,0,0.010398,20045,20045,2;18;50;58;66;74;82;90;98;106;114;122,2
6978,12,0,12,12,0,0.010398,20045,20045,2;18;50;58;66;74;82;90;98;106;114;122,2
6984,12,0,12,12,0,0.010398,20045,20045,2;18;50;58;66;74;82;90;98;106;114;122,2
6992,12,0,12,12,0,0.010398,20040,20040,2;18;50;58;66;74;82;90;98;106;114;122,2
6997,12,0,12,12,0,0.010398,20035,20035,2;18;50;58;66;74;82;90;98;106;114;122,2
7002,12,0,12,12,0,0.010398,20030,20030,2;18;50;58;66;74;82;90;98;106;114;122,2
7011,12,0,12,12,0,0.010398,20030,20030,2;18;50;58;66;74;82;90;98;106;114;122,2
7016,12,0,12,12,0,0.010398,20030,20030,2;18;50;58;66;74;82;90;98;106;114;122,2
7023,12,0,12,12,0,0.010398,20030,20030,2;18;50;58;66;74;82;90;98;106;114;122,2
7030,12,0,12,12,0,0.010398,20030,20030,2;18;50;58;66;74;82;90;98;106;114;122,2
7036,12,0,12,12,0,0.010398,20030,20030,2;18;50;58;66;74;82;90;98;106;114;122,2
7041,12,0,12,12,0,0.010398,20030,20030,2;18;50;58;66;74;82;90;98;106;114;122,2
7049,12,0,12,12,0,0.010398,20030,20030,2;18;50;58;66;74;82;90;98;106;114;122,2
7056,12,0,12,12,0,0.010398,20030,20030,2;18;50;58;66;74;82;90;98;106;114;122,2
7061,12,0,12,12,0,0.010398,20030,20030,2;18;50;58;66;74;82;90;98;106;114;122,2
7069,12,0,12,12,0,0.010398,20030,20030,2;18;50;58;66;74;82;90;98;106;114;122,2
7074,12,0,12,12,0,0.010398,20030,20030,2;18;50;58;66;74;82;90;98;106;114;122,2
7080,12,0,12,12,0,0.010398,20030,20030,2;18;50;58;66;74;82;90;98;106;114;122,2
7088,12,0,12,12,0,0.010398,20030,20030,2;18;50;58;66;74;82;90;98;106;114;122,2
7095,12,0,12,12,0,0.010398,20025,20025,2;18;50;58;66;74;82;90;98;106;114;122,2
7100,12,0,12,12,0,0.010398,20025,20025,2;18;50;58;66;74;82;90;98;106;114;122,2
7107,12,0,12,12,0,0.010398,20025,20025,2;18;50;58;66;74;82;90;98;106;114;122,2
7112,12,0,12,12,0,0.010398,20025,20025,2;18;50;58;66;74;82;90;98;106;114;122,2
7120,12,0,12,12,0,0.010398,20025,20025,2;18;50;58;66;74;82;90;98;106;114;122,2
7127,12,0,12,12,0,0.010398,20025,20025,2;18;50;58;66;74;82;90;98;106;114;122,2
7133,12,0,12,12,0,0.010398,20025,20025,2;18;50;58;66;74;82;90;98;106;114;122,2
7138,12,0,12,12,0,0.010398,20025,20025,2;18;50;58;66;74;82;90;98;106;114;122,2
7145,12,0,12,12,0,0.010398,20025,20025,2;18;50;58;66;74;82;90;98;106;114;122,2
7153,12,0,12,12,0,0.010398,20025,20025,2;18;50;58;66;74;82;90;98;106;114;122,2
7158,12,0,12,12,0,0.010398,20025,20025,2;18;50;58;66;74;82;90;98;106;114;122,2
7166,12,0,12,12,0,0.010398,20025,20025,2;18;50;58;66;74;82;90;98;106;114;122,2
7171,12,0,12,12,0,0.010398,20025,20025,2;18;50;58;66;74;82;90;98;106;114;122,2
7176,12,0,12,12,0,0.010398,20025,20025,2;18;50;58;66;74;82;90;98;106;114;122,2
7185,12,0,12,12,0,0.010398,20025,20025,2;18;50;58;66;74;82;90;98;106;114;122,2
7191,12,0,12,12,0,0.010398,20025,20025,2;18;50;58;66;74;82;90;98;106;114;122,2
7196,12,0,12,12,0,0.010398,20025,20025,2;18;50;58;66;74;82;90;98;106;114;122,2
7203,12,0,12,12,0,0.010398,20025,20025,2;18;50;58;66;74;82;90;98;106;114;122,2
7210,12,0,12,12,0,0.010398,20025,20025,2;18;50;58;66;74;82;90;98;106;114;122,2
7216,12,0,12,12,0,0.010398,20025,20025,2;18;50;58;66;74;82;90;98;106;114;122,2
7221,12,0,12,12,0,0.010398,20020,20020,2;18;50;58;66;74;82;90;98;106;114;122,2
7229,12,0,12,12,0,0.010398,20015,20015,2;18;50;58;66;74;82;90;98;106;114;122,2
7234,12,0,12,12,0,0.010398,20015,20015,2;18;50;58;66;74;82;90;98;106;114;122,2
7243,12,0,12,12,0,0.010398,20015,20015,2;18;50;58;66;74;82;90;98;106;114;122,2
7249,12,0,12,12,0,0.010398,20015,20015,2;18;50;58;66;74;82;90;98;106;114;122,2
7254,12,0,12,12,0,0.010398,20015,20015,2;18;50;58;66;74;82;90;98;106;114;122,2
7260,12,0,12,12,0,0.010398,20015,20015,2;18;50;58;66;74;82;90;98;106;114;122,2
7267,12,0,12,12,0,0.010398,20010,20010,2;18;50;58;66;74;82;90;98;106;114;122,2
7275,12,0,12,12,0,0.010398,20010,20010,2;18;50;58;66;74;82;90;98;106;114;122,2
7281,12,0,12,12,0,0.010398,20010,20010,2;18;50;58;66;74;82;90;98;106;114;122,2
7286,12,0,12,12,0,0.010398,20010,20010,2;18;50;58;66;74;82;90;98;106;114;122,2
7292,12,0,12,12,0,0.010398,20010,20010,2;18;50;58;66;74;82;90;98;106;114;122,2
7299,12,0,12,12,0,0.010398,20010,20010,2;18;50;58;66;74;82;90;98;106;114;122,2
7306,12,0,12,12,0,0.010398,20000,20000,2;18;50;58;66;74;82;90;98;106;114;122,2
7312,12,0,12,12,0,0.010398,20000,20000,2;18;50;58;66;74;82;90;98;106;114;122,2
7318,12,0,12,12,0,0.010398,20000,20000,2;18;50;58;66;74;82;90;98;106;114;122,2
7324,12,0,12,12,0,0.010398,20000,20000,2;18;50;58;66;74;82;90;98;106;114;122,2
7331,12,0,12,12,0,0.010398,20000,20000,2;18;50;58;66;74;82;90;98;106;114;122,2
7338,12,0,12,12,0,0.010398,20000,20000,2;18;50;58;66;74;82;90;98;106;114;122,2
7343,12,0,12,12,0,0.010398,20000,20000,2;18;50;58;66;74;82;90;98;106;114;122,2
7350,12,0,12,12,0,0.010398,19995,19995,2;18;50;58;66;74;82;90;98;106;114;122,2
7355,12,0,12,12,0,0.010398,19995,19995,2;18;50;58;66;74;82;90;98;106;114;122,2
7364,12,0,12,12,0,0.010398,19995,19995,2;18;50;58;66;74;82;90;98;106;114;122,2
7370,12,0,12,12,0,0.010398,19995,19995,2;18;50;58;66;74;82;90;98;106;114;122,2
7375,12,0,12,12,0,0.010398,19995,19995,2;18;50;58;66;74;82;90;98;106;114;122,2
7381,12,0,12,12,0,0.010398,19995,19995,2;18;50;58;66;74;82;90;98;106;114;122,2
7389,12,0,12,12,0,0.010398,19990,19990,2;18;50;58;66;74;82;90;98;106;114;122,2
7395,12,0,12,12,0,0.010398,19990,19990,2;18;50;58;66;74;82;90;98;106;114;122,2
7403,12,0,12,12,0,0.010398,19990,19990,2;18;50;58;66;74;82;90;98;106;114;122,2
7408,12,0,12,12,0,0.010398,19990,19990,2;18;50;58;66;74;82;90;98;106;114;122,2
7413,12,0,12,12,0,0.010398,19990,19990,2;18;50;58;66;74;82;90;98;106;114;122,2
7420,12,0,12,12,0,0.010398,19990,19990,2;18;50;58;66;74;82;90;98;106;114;122,2
7428,12,0,12,12,0,0.010398,19990,19990,2;18;50;58;66;74;82;90;98;106;114;122,2
7435,12,0,12,12,0,0.010398,19990,19990,2;18;50;58;66;74;82;90;98;106;114;122,2
7440,12,0,12,12,0,0.010398,19985,19985,2;18;50;58;66;74;82;90;98;106;114;122,2
7446,12,0,12,12,0,0.010398,19985,19985,2;18;50;58;66;74;82;90;98;106;114;122,2
7452,12,0,12,12,0,0.010398,19985,19985,2;18;50;58;66;74;82;90;98;106;114;122,2
7459,12,0,12,12,0,0.010398,19985,19985,2;18;50;58;66;74;82;90;98;106;114;122,2
7465,12,0,12,12,0,0.010398,19985,19985,2;18;50;58;66;74;82;90;98;106;114;122,2
7473,12,0,12,12,0,0.010398,19985,19985,2;18;50;58;66;74;82;90;98;106;114;122,2
7478,12,0,12,12,0,0.010398,19985,19985,2;18;50;58;66;74;82;90;98;106;114;122,2
7484,12,0,12,12,0,0.010398,19985,19985,2;18;50;58;66;74;82;90;98;106;114;122,2
7491,12,0,12,12,0,0.010398,19985,19985,2;18;50;58;66;74;82;90;98;106;114;122,2
7498,12,0,12,12,0,0.010398,19985,19985,2;18;50;58;66;74;82;90;98;106;114;122,2
7503,11,0,11,11,0,0.009478,20482,20482,18;50;58;66;74;82;90;98;106;114;122,2
7509,11,0,11,11,0,0.009478,20477,20477,18;50;58;66;74;82;90;98;106;114;122,2
7517,11,0,11,11,0,0.009478,20477,20477,18;50;58;66;74;82;90;98;106;114;122,2
7523,11,0,11,11,0,0.009478,20477,20477,18;50;58;66;74;82;90;98;106;114;122,2
7528,11,0,11,11,0,0.009478,20477,20477,18;50;58;66;74;82;90;98;106;114;122,2
7533,11,0,11,11,0,0.009478,20477,20477,18;50;58;66;74;82;90;98;106;114;122,2
7539,11,0,11,11,0,0.009478,20477,20477,18;50;58;66;74;82;90;98;106;114;122,2
7546,11,0,11,11,0,0.009478,20477,20477,18;50;58;66;74;82;90;98;106;114;122,2
7552,11,0,11,11,0,0.009478,20477,20477,18;50;58;66;74;82;90;98;106;114;122,2
7559,11,0,11,11,0,0.009478,20477,20477,18;50;58;66;74;82;90;98;106;114;122,2
7564,11,0,11,11,0,0.009478,20477,20477,18;50;58;66;74;82;90;98;106;114;122,2
7569,11,0,11,11,0,0.009478,20477,20477,18;50;58;66;74;82;90;98;106;114;122,2
7575,11,0,11,11,0,0.009478,20477,20477,18;50;58;66;74;82;90;98;106;114;122,2
7581,11,0,11,11,0,0.009478,20477,20477,18;50;58;66;74;82;90;98;106;114;122,2
7588,11,0,11,11,0,0.009478,20477,20477,18;50;58;66;74;82;90;98;106;114;122,2
7593,11,0,11,11,0,0.009478,20477,20477,18;50;58;66;74;82;90;98;106;114;122,2
7600,11,0,11,11,0,0.009478,20472,20472,18;50;58;66;74;82;90;98;106;114;122,2
7606,11,0,11,11,0,0.009478,20472,20472,18;50;58;66;74;82;90;98;106;114;122,2
7612,11,0,11,11,0,0.009478,20472,20472,18;50;58;66;74;82;90;98;106;114;122,2
7620,11,0,11,11,0,0.009478,20472,20472,18;50;58;66;74;82;90;98;106;114;122,2
7625,11,0,11,11,0,0.009478,20472,20472,18;50;58;66;74;82;90;98;106;114;122,2
7631,11,0,11,11,0,0.009478,20472,20472,18;50;58;66;74;82;90;98;106;114;122,2
7636,11,0,11,11,0,0.009478,20472,20472,18;50;58;66;74;82;90;98;106;114;122,2
7643,11,0,11,11,0,0.009478,20472,20472,18;50;58;66;74;82;90;98;106;114;122,2
7649,11,0,11,11,0,0.009478,20472,20472,18;50;58;66;74;82;90;98;106;114;122,2
7655,11,0,11,11,0,0.009478,20472,20472,18;50;58;66;74;82;90;98;106;114;122,2
7662,11,0,11,11,0,0.009476,20472,20472,18;50;58;66;74;82;90;98;106;114;122,2
7668,11,0,11,11,0,0.009476,20472,20472,18;50;58;66;74;82;90;98;106;114;122,2
7674,11,0,11,11,0,0.009476,20472,20472,18;50;58;66;74;82;90;98;106;114;122,2
7680,11,0,11,11,0,0.009476,20472,20472,18;50;58;66;74;82;90;98;106;114;122,2
7687,11,0,11,11,0,0.009476,20472,20472,18;50;58;66;74;82;90;98;106;114;122,2
7693,10,0,10,10,0,0.009671,20643,20643,18;50;66;74;82;90;98;106;114;122,2
7701,9,0,9,9,0,0.009886,20801,20801,18;50;66;82;90;98;106;114;122,2
7706,9,0,9,9,0,0.009886,20801,20801,18;50;66;82;90;98;106;114;122,2
7711,9,0,9,9,0,0.009886,20801,20801,18;50;66;82;90;98;106;114;122,2
7718,9,0,9,9,0,0.009886,20801,20801,18;50;66;82;90;98;106;114;122,2
7725,9,0,9,9,0,0.009886,20796,20796,18;50;66;82;90;98;106;114;122,2
7731,9,0,9,9,0,0.009886,20791,20791,18;50;66;82;90;98;106;114;122,2
7738,9,0,9,9,0,0.009886,20791,20791,18;50;66;82;90;98;106;114;122,2
7745,9,0,9,9,0,0.009886,20791,20791,18;50;66;82;90;98;106;114;122,2
7751,9,0,9,9,0,0.009886,20791,20791,18;50;66;82;90;98;106;114;122,2
7757,9,0,9,9,0,0.009886,20791,20791,18;50;66;82;90;98;106;114;122,2
7762,9,0,9,9,0,0.009886,20791,20791,18;50;66;82;90;98;106;114;122,2
7769,9,0,9,9,0,0.009886,20786,20786,18;50;66;82;90;98;106;114;122,2
7777,9,0,9,9,0,0.009886,20786,20786,18;50;66;82;90;98;106;114;122,2
7784,9,0,9,9,0,0.009886,20786,20786,18;50;66;82;90;98;106;114;122,2
7789,9,0,9,9,0,0.009886,20786,20786,18;50;66;82;90;98;106;114;122,2
7796,8,0,8,8,0,0.009498,20976,20976,18;50;82;90;98;106;114;122,2
7801,8,0,8,8,0,0.009498,20976,20976,18;50;82;90;98;106;114;122,2
7807,8,0,8,8,0,0.009498,20966,20966,18;50;82;90;98;106;114;122,2
7814,8,0,8,8,0,0.009498,20966,20966,18;50;82;90;98;106;114;122,2
7820,8,0,8,8,0,0.009498,20966,20966,18;50;82;90;98;106;114;122,2
7827,7,0,7,7,0,0.009612,21206,21206,18;50;82;90;98;106;122,2
7834,7,0,7,7,0,0.009612,21206,21206,18;50;82;90;98;106;122,2
7840,7,0,7,7,0,0.009612,21206,21206,18;50;82;90;98;106;122,2
7846,7,0,7,7,0,0.009612,21206,21206,18;50;82;90;98;106;122,2
7852,7,0,7,7,0,0.009612,21201,21201,18;50;82;90;98;106;122,2
7857,7,0,7,7,0,0.009612,21201,21201,18;50;82;90;98;106;122,2
7862,7,0,7,7,0,0.009612,21201,21201,18;50;82;90;98;106;122,2
7873,7,0,7,7,0,0.009612,21201,21201,18;50;82;90;98;106;122,2
7878,7,0,7,7,0,0.009612,21201,21201,18;50;82;90;98;106;122,2
7883,7,0,7,7,0,0.009612,21201,21201,18;50;82;90;98;106;122,2
7890,7,0,7,7,0,0.009612,21201,21201,18;50;82;90;98;106;122,2
7896,7,0,7,7,0,0.009612,21201,21201,18;50;82;90;98;106;122,2
7901,7,0,7,7,0,0.009612,21201,21201,18;50;82;90;98;106;122,2
7908,7,0,7,7,0,0.009612,21201,21201,18;50;82;90;98;106;122,2
7914,7,0,7,7,0,0.009612,21201,21201,18;50;82;90;98;106;122,2
7920,7,0,7,7,0,0.009612,21201,21201,18;50;82;90;98;106;122,2
7927,7,0,7,7,0,0.009612,21201,21201,18;50;82;90;98;106;122,2
7933,7,0,7,7,0,0.009612,21201,21201,18;50;82;90;98;106;122,2
7939,7,0,7,7,0,0.009612,21201,21201,18;50;82;90;98;106;122,2
7945,7,0,7,7,0,0.009612,21201,21201,18;50;82;90;98;106;122,2
7952,7,0,7,7,0,0.009612,21201,21201,18;50;82;90;98;106;122,2
7956,7,0,7,7,0,0.009612,21201,21201,18;50;82;90;98;106;122,2
7961,7,0,7,7,0,0.009612,21201,21201,18;50;82;90;98;106;122,2
7965,7,0,7,7,0,0.009612,21201,21201,18;50;82;90;98;106;122,2
7971,7,0,7,7,0,0.009612,21201,21201,18;50;82;90;98;106;122,2
7976,7,0,7,7,0,0.009612,21201,21201,18;50;82;90;98;106;122,2
7980,7,0,7,7,0,0.009612,21201,21201,18;50;82;90;98;106;122,2
7986,7,0,7,7,0,0.009612,21201,21201,18;50;82;90;98;106;122,2
7992,7,0,7,7,0,0.009612,21201,21201,18;50;82;90;98;106;122,2
7996,7,0,7,7,0,0.009623,21196,21196,18;50;82;90;98;106;122,2
8001,7,0,7,7,0,0.009623,21196,21196,18;50;82;90;98;106;122,2
8006,7,0,7,7,0,0.009623,21196,21196,18;50;82;90;98;106;122,2
8011,7,0,7,7,0,0.009623,21196,21196,18;50;82;90;98;106;122,2
8016,7,0,7,7,0,0.009623,21196,21196,18;50;82;90;98;106;122,2
8022,7,0,7,7,0,0.009623,21196,21196,18;50;82;90;98;106;122,2
8027,7,0,7,7,0,0.009623,21196,21196,18;50;82;90;98;106;122,2
8031,7,0,7,7,0,0.009623,21196,21196,18;50;82;90;98;106;122,2
8037,7,0,7,7,0,0.009623,21196,21196,18;50;82;90;98;106;122,2
8042,7,0,7,7,0,0.009623,21196,21196,18;50;82;90;98;106;122,2
8047,7,0,7,7,0,0.009623,21196,21196,18;50;82;90;98;106;122,2
8052,7,0,7,7,0,0.009623,21196,21196,18;50;82;90;98;106;122,2
8057,7,0,7,7,0,0.009623,21196,21196,18;50;82;90;98;106;122,2
8062,7,0,7,7,0,0.009623,21196,21196,18;50;82;90;98;106;122,2
8067,7,0,7,7,0,0.009623,21196,21196,18;50;82;90;98;106;122,2
8071,7,0,7,7,0,0.009623,21191,21191,18;50;82;90;98;106;122,2
8078,7,0,7,7,0,0.009623,21191,21191,18;50;82;90;98;106;122,2
8083,7,0,7,7,0,0.009623,21191,21191,18;50;82;90;98;106;122,2
8088,7,0,7,7,0,0.009623,21191,21191,18;50;82;90;98;106;122,2
8093,7,0,7,7,0,0.009623,21191,21191,18;50;82;90;98;106;122,2
8098,7,0,7,7,0,0.009623,21191,21191,18;50;82;90;98;106;122,2
8103,7,0,7,7,0,0.009623,21191,21191,18;50;82;90;98;106;122,2
8107,7,0,7,7,0,0.009623,21191,21191,18;50;82;90;98;106;122,2
8112,7,0,7,7,0,0.009623,21191,21191,18;50;82;90;98;106;122,2
8117,7,0,7,7,0,0.009623,21191,21191,18;50;82;90;98;106;122,2
8123,7,0,7,7,0,0.009623,21191,21191,18;50;82;90;98;106;122,2
8129,7,0,7,7,0,0.009623,21191,21191,18;50;82;90;98;106;122,2
8134,7,0,7,7,0,0.009623,21191,21191,18;50;82;90;98;106;122,2
8139,7,0,7,7,0,0.009623,21191,21191,18;50;82;90;98;106;122,2
8143,7,0,7,7,0,0.009623,21191,21191,18;50;82;90;98;106;122,2
8147,7,0,7,7,0,0.009623,21191,21191,18;50;82;90;98;106;122,2
8153,7,0,7,7,0,0.009623,21191,21191,18;50;82;90;98;106;122,2
8158,7,0,7,7,0,0.009623,21191,21191,18;50;82;90;98;106;122,2
8164,7,0,7,7,0,0.009623,21191,21191,18;50;82;90;98;106;122,2
8168,7,0,7,7,0,0.009623,21191,21191,18;50;82;90;98;106;122,2
8174,7,0,7,7,0,0.009623,21186,21186,18;50;82;90;98;106;122,2
8179,7,0,7,7,0,0.009623,21181,21181,18;50;82;90;98;106;122,2
8183,7,0,7,7,0,0.009623,21181,21181,18;50;82;90;98;106;122,2
8188,7,0,7,7,0,0.009623,21181,21181,18;50;82;90;98;106;122,2
8194,7,0,7,7,0,0.009623,21181,21181,18;50;82;90;98;106;122,2
8200,7,0,7,7,0,0.009623,21181,21181,18;50;82;90;98;106;122,2
8204,7,0,7,7,0,0.009623,21181,21181,18;50;82;90;98;106;122,2
8209,7,0,7,7,0,0.009623,21176,21176,18;50;82;90;98;106;122,2
8215,7,0,7,7,0,0.009623,21176,21176,18;50;82;90;98;106;122,2
8219,7,0,7,7,0,0.009623,21176,21176,18;50;82;90;98;106;122,2
8223,7,0,7,7,0,0.009623,21176,21176,18;50;82;90;98;106;122,2
8228,7,0,7,7,0,0.009623,21176,21176,18;50;82;90;98;106;122,2
8235,7,0,7,7,0,0.009623,21176,21176,18;50;82;90;98;106;122,2
8240,7,0,7,7,0,0.009623,21171,21171,18;50;82;90;98;106;122,2
8245,7,0,7,7,0,0.009623,21171,21171,18;50;82;90;98;106;122,2
8250,7,0,7,7,0,0.009623,21171,21171,18;50;82;90;98;106;122,2
8255,7,0,7,7,0,0.009623,21171,21171,18;50;82;90;98;106;122,2
8259,7,0,7,7,0,0.009623,21171,21171,18;50;82;90;98;106;122,2
8263,7,0,7,7,0,0.009623,21171,21171,18;50;82;90;98;106;122,2
8270,7,0,7,7,0,0.009623,21171,21171,18;50;82;90;98;106;122,2
8277,7,0,7,7,0,0.009623,21166,21166,18;50;82;90;98;106;122,2
8281,7,0,7,7,0,0.009623,21166,21166,18;50;82;90;98;106;122,2
8285,7,0,7,7,0,0.009623,21166,21166,18;50;82;90;98;106;122,2
8290,7,0,7,7,0,0.009623,21166,21166,18;50;82;90;98;106;122,2
8295,7,0,7,7,0,0.009623,21166,21166,18;50;82;90;98;106;122,2
8299,7,0,7,7,0,0.009623,21166,21166,18;50;82;90;98;106;122,2
8305,7,0,7,7,0,0.009623,21166,21166,18;50;82;90;98;106;122,2
8313,7,0,7,7,0,0.009623,21166,21166,18;50;82;90;98;106;122,2
8317,7,0,7,7,0,0.009623,21166,21166,18;50;82;90;98;106;122,2
8322,7,0,7,7,0,0.009623,21166,21166,18;50;82;90;98;106;122,2
8325,7,0,7,7,0,0.009623,21166,21166,18;50;82;90;98;106;122,2
8328,7,0,7,7,0,0.009623,21166,21166,18;50;82;90;98;106;122,2
8333,7,0,7,7,0,0.009623,21166,21166,18;50;82;90;98;106;122,2
8336,7,0,7,7,0,0.009623,21166,21166,18;50;82;90;98;106;122,2
8341,7,0,7,7,0,0.009623,21166,21166,18;50;82;90;98;106;122,2
8346,7,0,7,7,0,0.009623,21166,21166,18;50;82;90;98;106;122,2
8349,7,0,7,7,0,0.009623,21166,21166,18;50;82;90;98;106;122,2
8352,7,0,7,7,0,0.009623,21166,21166,18;50;82;90;98;106;122,2
8357,7,0,7,7,0,0.009623,21166,21166,18;50;82;90;98;106;122,2
8360,7,0,7,7,0,0.009623,21166,21166,18;50;82;90;98;106;122,2
8363,7,0,7,7,0,0.009623,21166,21166,18;50;82;90;98;106;122,2
8368,7,0,7,7,0,0.009623,21166,21166,18;50;82;90;98;106;122,2
8373,7,0,7,7,0,0.009623,21166,21166,18;50;82;90;98;106;122,2
8376,7,0,7,7,0,0.009623,21166,21166,18;50;82;90;98;106;122,2
8380,7,0,7,7,0,0.009623,21166,21166,18;50;82;90;98;106;122,2
8384,7,0,7,7,0,0.009623,21161,21161,18;50;82;90;98;106;122,2
8387,7,0,7,7,0,0.009623,21161,21161,18;50;82;90;98;106;122,2
8391,7,0,7,7,0,0.009623,21161,21161,18;50;82;90;98;106;122,2
8394,7,0,7,7,0,0.009623,21161,21161,18;50;82;90;98;106;122,2
8399,7,0,7,7,0,0.009623,21161,21161,18;50;82;90;98;106;122,2
8404,7,0,7,7,0,0.009623,21161,21161,18;50;82;90;98;106;122,2
8408,7,0,7,7,0,0.009623,21161,21161,18;50;82;90;98;106;122,2
8411,7,0,7,7,0,0.009623,21161,21161,18;50;82;90;98;106;122,2
8415,7,0,7,7,0,0.009623,21161,21161,18;50;82;90;98;106;122,2
8418,7,0,7,7,0,0.009623,21161,21161,18;50;82;90;98;106;122,2
8421,6,0,6,6,0,0.009465,21998,21998,18;50;90;98;106;122,2
8426,6,0,6,6,0,0.009465,21998,21998,18;50;90;98;106;122,2
8430,6,0,6,6,0,0.009465,21998,21998,18;50;90;98;106;122,2
8434,6,0,6,6,0,0.009465,21998,21998,18;50;90;98;106;122,2
8439,6,0,6,6,0,0.009465,21998,21998,18;50;90;98;106;122,2
8442,6,0,6,6,0,0.009465,21998,21998,18;50;90;98;106;122,2
8445,6,0,6,6,0,0.009465,21998,21998,18;50;90;98;106;122,2
8448,6,0,6,6,0,0.009465,21998,21998,18;50;90;98;106;122,2
8453,6,0,6,6,0,0.009465,21998,21998,18;50;90;98;106;122,2
8456,6,0,6,6,0,0.009465,21998,21998,18;50;90;98;106;122,2
8460,6,0,6,6,0,0.009465,21998,21998,18;50;90;98;106;122,2
8465,6,0,6,6,0,0.009465,21998,21998,18;50;90;98;106;122,2
8468,6,0,6,6,0,0.009465,21998,21998,18;50;90;98;106;122,2
8471,6,0,6,6,0,0.009465,21998,21998,18;50;90;98;106;122,2
8476,6,0,6,6,0,0.009465,21998,21998,18;50;90;98;106;122,2
8479,6,0,6,6,0,0.009465,21998,21998,18;50;90;98;106;122,2
8483,6,0,6,6,0,0.009465,21998,21998,18;50;90;98;106;122,2
8485,6,0,6,6,0,0.009465,21998,21998,18;50;90;98;106;122,2
8488,6,0,6,6,0,0.009465,21998,21998,18;50;90;98;106;122,2
8492,6,0,6,6,0,0.009465,21998,21998,18;50;90;98;106;122,2
8494,6,0,6,6,0,0.009465,21998,21998,18;50;90;98;106;122,2
8497,6,0,6,6,0,0.009465,21998,21998,18;50;90;98;106;122,2
8499,5,0,5,5,0,0.009275,22988,22988,18;50;90;98;106,2
8501,5,0,5,5,0,0.009275,22988,22988,18;50;90;98;106,2
8504,5,0,5,5,0,0.009275,22988,22988,18;50;90;98;106,2
8507,5,0,5,5,0,0.009275,22983,22983,18;50;90;98;106,2
8509,5,0,5,5,0,0.009275,22978,22978,18;50;90;98;106,2
8511,5,0,5,5,0,0.009275,22978,22978,18;50;90;98;106,2
8516,5,0,5,5,0,0.009275,22978,22978,18;50;90;98;106,2
8518,5,0,5,5,0,0.009275,22978,22978,18;50;90;98;106,2
8520,5,0,5,5,0,0.009275,22978,22978,18;50;90;98;106,2
8523,5,0,5,5,0,0.009275,22978,22978,18;50;90;98;106,2
8526,5,0,5,5,0,0.009275,22973,22973,18;50;90;98;106,2
8528,5,0,5,5,0,0.009275,22973,22973,18;50;90;98;106,2
8530,5,0,5,5,0,0.009275,22973,22973,18;50;90;98;106,2
8532,5,0,5,5,0,0.009275,22973,22973,18;50;90;98;106,2
8536,5,0,5,5,0,0.009275,22973,22973,18;50;90;98;106,2
8538,5,0,5,5,0,0.009275,22973,22973,18;50;90;98;106,2
8540,5,0,5,5,0,0.009275,22968,22968,18;50;90;98;106,2
8545,5,0,5,5,0,0.009275,22968,22968,18;50;90;98;106,2
8547,5,0,5,5,0,0.009275,22968,22968,18;50;90;98;106,2
8549,5,0,5,5,0,0.009275,22968,22968,18;50;90;98;106,2
8551,5,0,5,5,0,0.009275,22968,22968,18;50;90;98;106,2
8554,5,0,5,5,0,0.009275,22968,22968,18;50;90;98;106,2
8556,5,0,5,5,0,0.009275,22968,22968,18;50;90;98;106,2
8559,5,0,5,5,0,0.009275,22963,22963,18;50;90;98;106,2
8561,5,0,5,5,0,0.009275,22963,22963,18;50;90;98;106,2
8565,5,0,5,5,0,0.009275,22963,22963,18;50;90;98;106,2
8567,5,0,5,5,0,0.009275,22963,22963,18;50;90;98;106,2
8569,5,0,5,5,0,0.009275,22963,22963,18;50;90;98;106,2
8571,5,0,5,5,0,0.009275,22963,22963,18;50;90;98;106,2
8575,5,0,5,5,0,0.009275,22963,22963,18;50;90;98;106,2
8577,5,0,5,5,0,0.009275,22963,22963,18;50;90;98;106,2
8580,5,0,5,5,0,0.009275,22963,22963,18;50;90;98;106,2
8582,5,0,5,5,0,0.009275,22963,22963,18;50;90;98;106,2
8586,5,0,5,5,0,0.009275,22963,22963,18;50;90;98;106,2
8588,5,0,5,5,0,0.009275,22963,22963,18;50;90;98;106,2
8590,5,0,5,5,0,0.009275,22963,22963,18;50;90;98;106,2
8592,5,0,5,5,0,0.009275,22963,22963,18;50;90;98;106,2
8595,5,0,5,5,0,0.009275,22963,22963,18;50;90;98;106,2
8597,5,0,5,5,0,0.009275,22963,22963,18;50;90;98;106,2
8600,5,0,5,5,0,0.009275,22963,22963,18;50;90;98;106,2
8602,5,0,5,5,0,0.009275,22963,22963,18;50;90;98;106,2
8607,5,0,5,5,0,0.009275,22963,22963,18;50;90;98;106,2
8609,5,0,5,5,0,0.009275,22963,22963,18;50;90;98;106,2
8611,5,0,5,5,0,0.009275,22963,22963,18;50;90;98;106,2
8613,5,0,5,5,0,0.009275,22963,22963,18;50;90;98;106,2
8616,5,0,5,5,0,0.009275,22963,22963,18;50;90;98;106,2
8618,5,0,5,5,0,0.009275,22963,22963,18;50;90;98;106,2
8620,5,0,5,5,0,0.009275,22963,22963,18;50;90;98;106,2
8623,5,0,5,5,0,0.009275,22963,22963,18;50;90;98;106,2
8627,5,0,5,5,0,0.009275,22963,22963,18;50;90;98;106,2
8629,5,0,5,5,0,0.009275,22963,22963,18;50;90;98;106,2
8631,5,0,5,5,0,0.009283,22963,22963,18;50;90;98;106,2
8633,5,0,5,5,0,0.009283,22963,22963,18;50;90;98;106,2
8637,5,0,5,5,0,0.009283,22963,22963,18;50;90;98;106,2
8639,5,0,5,5,0,0.009283,22963,22963,18;50;90;98;106,2
8641,5,0,5,5,0,0.009283,22963,22963,18;50;90;98;106,2
8643,5,0,5,5,0,0.009283,22963,22963,18;50;90;98;106,2
8648,5,0,5,5,0,0.009283,22963,22963,18;50;90;98;106,2
8650,5,0,5,5,0,0.009283,22963,22963,18;50;90;98;106,2
8652,5,0,5,5,0,0.009283,22963,22963,18;50;90;98;106,2
8654,5,0,5,5,0,0.009283,22963,22963,18;50;90;98;106,2
8657,5,0,5,5,0,0.009283,22963,22963,18;50;90;98;106,2
8659,5,0,5,5,0,0.009283,22963,22963,18;50;90;98;106,2
8661,5,0,5,5,0,0.009283,22963,22963,18;50;90;98;106,2
8663,5,0,5,5,0,0.009283,22963,22963,18;50;90;98;106,2
8669,5,0,5,5,0,0.009283,22963,22963,18;50;90;98;106,2
8671,5,0,5,5,0,0.009283,22963,22963,18;50;90;98;106,2
8673,4,0,4,4,0,0.008624,25401,25401,18;90;98;106,2
8676,4,0,4,4,0,0.008624,25401,25401,18;90;98;106,2
8678,4,0,4,4,0,0.008624,25401,25401,18;90;98;106,2
8680,4,0,4,4,0,0.008624,25401,25401,18;90;98;106,2
8682,4,0,4,4,0,0.008624,25401,25401,18;90;98;106,2
8683,4,0,4,4,0,0.008624,25401,25401,18;90;98;106,2
8684,4,0,4,4,0,0.008624,25401,25401,18;90;98;106,2
8688,4,0,4,4,0,0.008624,25401,25401,18;90;98;106,2
8689,4,0,4,4,0,0.008624,25401,25401,18;90;98;106,2
8690,4,0,4,4,0,0.008624,25401,25401,18;90;98;106,2
8692,4,0,4,4,0,0.008624,25401,25401,18;90;98;106,2
8693,4,0,4,4,0,0.008624,25401,25401,18;90;98;106,2
8694,4,0,4,4,0,0.008624,25401,25401,18;90;98;106,2
8696,4,0,4,4,0,0.008624,25401,25401,18;90;98;106,2
8697,4,0,4,4,0,0.008624,25401,25401,18;90;98;106,2
8698,4,0,4,4,0,0.008624,25401,25401,18;90;98;106,2
8701,4,0,4,4,0,0.008624,25396,25396,18;90;98;106,2
8703,4,0,4,4,0,0.008624,25391,25391,18;90;98;106,2
8704,4,0,4,4,0,0.008624,25391,25391,18;90;98;106,2
8705,4,0,4,4,0,0.008624,25391,25391,18;90;98;106,2
8707,4,0,4,4,0,0.008624,25391,25391,18;90;98;106,2
8708,4,0,4,4,0,0.008624,25391,25391,18;90;98;106,2
8709,4,0,4,4,0,0.008624,25391,25391,18;90;98;106,2
8711,4,0,4,4,0,0.008624,25386,25386,18;90;98;106,2
8712,4,0,4,4,0,0.008624,25386,25386,18;90;98;106,2
8714,4,0,4,4,0,0.008624,25386,25386,18;90;98;106,2
8717,4,0,4,4,0,0.008624,25386,25386,18;90;98;106,2
8718,4,0,4,4,0,0.008624,25386,25386,18;90;98;106,2
8719,4,0,4,4,0,0.008624,25386,25386,18;90;98;106,2
8720,4,0,4,4,0,0.008624,25381,25381,18;90;98;106,2
8722,4,0,4,4,0,0.008624,25381,25381,18;90;98;106,2
8723,4,0,4,4,0,0.008624,25381,25381,18;90;98;106,2
8724,4,0,4,4,0,0.008624,25381,25381,18;90;98;106,2
8727,4,0,4,4,0,0.008624,25381,25381,18;90;98;106,2
8728,4,0,4,4,0,0.008624,25381,25381,18;90;98;106,2
8730,4,0,4,4,0,0.008624,25381,25381,18;90;98;106,2
8732,4,0,4,4,0,0.008624,25381,25381,18;90;98;106,2
8733,4,0,4,4,0,0.008624,25381,25381,18;90;98;106,2
8734,4,0,4,4,0,0.008624,25381,25381,18;90;98;106,2
8735,4,0,4,4,0,0.008624,25381,25381,18;90;98;106,2
8737,4,0,4,4,0,0.008624,25381,25381,18;90;98;106,2
8738,4,0,4,4,0,0.008624,25381,25381,18;90;98;106,2
8740,4,0,4,4,0,0.008624,25381,25381,18;90;98;106,2
8741,4,0,4,4,0,0.008624,25381,25381,18;90;98;106,2
8743,4,0,4,4,0,0.008624,25381,25381,18;90;98;106,2
8745,4,0,4,4,0,0.008624,25381,25381,18;90;98;106,2
8746,4,0,4,4,0,0.008624,25381,25381,18;90;98;106,2
8748,4,0,4,4,0,0.008624,25381,25381,18;90;98;106,2
8749,4,0,4,4,0,0.008624,25381,25381,18;90;98;106,2
8750,4,0,4,4,0,0.008624,25381,25381,18;90;98;106,2
8751,4,0,4,4,0,0.008624,25381,25381,18;90;98;106,2
8754,4,0,4,4,0,0.008624,25381,25381,18;90;98;106,2
8755,4,0,4,4,0,0.008624,25381,25381,18;90;98;106,2
8756,4,0,4,4,0,0.008624,25381,25381,18;90;98;106,2
8758,4,0,4,4,0,0.008624,25381,25381,18;90;98;106,2
8760,4,0,4,4,0,0.008624,25381,25381,18;90;98;106,2
8761,4,0,4,4,0,0.008624,25381,25381,18;90;98;106,2
8762,4,0,4,4,0,0.008624,25381,25381,18;90;98;106,2
8764,4,0,4,4,0,0.008624,25381,25381,18;90;98;106,2
8765,4,0,4,4,0,0.008624,25381,25381,18;90;98;106,2
8767,4,0,4,4,0,0.008624,25381,25381,18;90;98;106,2
8768,4,0,4,4,0,0.008624,25381,25381,18;90;98;106,2
8770,4,0,4,4,0,0.008624,25381,25381,18;90;98;106,2
8771,4,0,4,4,0,0.008624,25381,25381,18;90;98;106,2
8773,4,0,4,4,0,0.008624,25381,25381,18;90;98;106,2
8774,4,0,4,4,0,0.008624,25381,25381,18;90;98;106,2
8776,4,0,4,4,0,0.008624,25381,25381,18;90;98;106,2
8777,3,0,3,3,0,0.008725,25498,25498,18;90;106,2
8778,3,0,3,3,0,0.008725,25498,25498,18;90;106,2
8780,3,0,3,3,0,0.008725,25498,25498,18;90;106,2
8782,3,0,3,3,0,0.008725,25498,25498,18;90;106,2
8783,3,0,3,3,0,0.008725,25498,25498,18;90;106,2
8784,3,0,3,3,0,0.008725,25498,25498,18;90;106,2
8786,3,0,3,3,0,0.008725,25498,25498,18;90;106,2
8788,3,0,3,3,0,0.008725,25498,25498,18;90;106,2
8789,3,0,3,3,0,0.008725,25498,25498,18;90;106,2
8790,2,0,2,2,0,0.008835,26839,26839,90;106,2
8792,2,0,2,2,0,0.008835,26839,26839,90;106,2
8794,2,0,2,2,0,0.008835,26839,26839,90;106,2
8795,2,0,2,2,0,0.008835,26839,26839,90;106,2
8796,2,0,2,2,0,0.008835,26839,26839,90;106,2
8798,2,0,2,2,0,0.008835,26839,26839,90;106,2
8799,2,0,2,2,0,0.008835,26839,26839,90;106,2
8801,2,0,2,2,0,0.008835,26839,26839,90;106,2
8802,2,0,2,2,0,0.008835,26839,26839,90;106,2
8804,2,0,2,2,0,0.008835,26839,26839,90;106,2
8805,2,0,2,2,0,0.008835,26839,26839,90;106,2
8807,2,0,2,2,0,0.008835,26839,26839,90;106,2
8809,2,0,2,2,0,0.008835,26839,26839,90;106,2
8810,2,0,2,2,0,0.008835,26839,26839,90;106,2
8811,2,0,2,2,0,0.008835,26839,26839,90;106,2
8813,2,0,2,2,0,0.008835,26839,26839,90;106,2
8815,2,0,2,2,0,0.008835,26839,26839,90;106,2
8816,2,0,2,2,0,0.008835,26839,26839,90;106,2
8818,2,0,2,2,0,0.008835,26839,26839,90;106,2
8819,2,0,2,2,0,0.008835,26839,26839,90;106,2
8821,2,0,2,2,0,0.008835,26834,26834,90;106,2
8823,2,0,2,2,0,0.008835,26834,26834,90;106,2
8824,2,0,2,2,0,0.008835,26834,26834,90;106,2
8825,1,0,1,1,0,0.007552,29992,29992,106,2
8826,1,0,1,1,0,0.007552,29992,29992,106,2
8828,1,0,1,1,0,0.007552,29992,29992,106,2
8830,1,0,1,1,0,0.007552,29992,29992,106,2
8831,1,0,1,1,0,0.007552,29992,29992,106,2
8833,1,0,1,1,0,0.007552,29992,29992,106,2
8834,1,0,1,1,0,0.007552,29992,29992,106,2
8836,1,0,1,1,0,0.007552,29992,29992,106,2
8837,1,0,1,1,0,0.007552,29992,29992,106,2
8839,1,0,1,1,0,0.007552,29992,29992,106,2
8840,1,0,1,1,0,0.007552,29987,29987,106,2
8841,1,0,1,1,0,0.007540,29987,29987,106,2
8842,1,0,1,1,0,0.007540,29987,29987,106,2
8844,1,0,1,1,0,0.007540,29987,29987,106,2
8846,1,0,1,1,0,0.007540,29987,29987,106,2
8847,1,0,1,1,0,0.007540,29987,29987,106,2
8849,1,0,1,1,0,0.007540,29987,29987,106,2
8850,1,0,1,1,0,0.007540,29987,29987,106,2
8852,1,0,1,1,0,0.007540,29987,29987,106,2
8853,1,0,1,1,0,0.007540,29987,29987,106,2
8855,1,0,1,1,0,0.007540,29987,29987,106,2
8856,1,0,1,1,0,0.007540,29987,29987,106,2
8857,1,0,1,1,0,0.007540,29987,29987,106,2
8858,1,0,1,1,0,0.007540,29987,29987,106,2
8860,1,0,1,1,0,0.007540,29987,29987,106,2
8861,1,0,1,1,0,0.007540,29987,29987,106,2
8863,1,0,1,1,0,0.007540,29987,29987,106,2
8864,1,0,1,1,0,0.007540,29987,29987,106,2
8866,1,0,1,1,0,0.007540,29987,29987,106,2
8868,1,0,1,1,0,0.007540,29987,29987,106,2
8869,1,0,1,1,0,0.007540,29987,29987,106,2
8870,1,0,1,1,0,0.007540,29987,29987,106,2
8872,1,0,1,1,0,0.007540,29987,29987,106,2
8873,1,0,1,1,0,0.007540,29987,29987,106,2
8874,1,0,1,1,0,0.007540,29987,29987,106,2
8875,1,0,1,1,0,0.007540,29987,29987,106,2
8877,1,0,1,1,0,0.007540,29987,29987,106,2
8879,1,0,1,1,0,0.007540,29987,29987,106,2
8880,1,0,1,1,0,0.007540,29987,29987,106,2
8882,1,0,1,1,0,0.007540,29987,29987,106,2
8884,1,0,1,1,0,0.007540,29987,29987,106,2
8885,1,0,1,1,0,0.007540,29987,29987,106,2
8886,1,0,1,1,0,0.007540,29987,29987,106,2
8887,1,0,1,1,0,0.007540,29987,29987,106,2
8889,1,0,1,1,0,0.007540,29987,29987,106,2
8890,1,0,1,1,0,0.007540,29987,29987,106,2
8891,1,0,1,1,0,0.007540,29987,29987,106,2
8892,1,0,1,1,0,0.007540,29987,29987,106,2
8894,1,0,1,1,0,0.007540,29987,29987,106,2
8896,1,0,1,1,0,0.007540,29987,29987,106,2
8898,1,0,1,1,0,0.007540,29987,29987,106,2
8899,1,0,1,1,0,0.007540,29987,29987,106,2
8900,1,0,1,1,0,0.007540,29987,29987,106,2
8902,1,0,1,1,0,0.007540,29987,29987,106,2
8903,1,0,1,1,0,0.007540,29987,29987,106,2
8904,1,0,1,1,0,0.007540,29987,29987,106,2
8905,1,0,1,1,0,0.007540,29987,29987,106,2
8907,1,0,1,1,0,0.007540,29987,29987,106,2
8908,1,0,1,1,0,0.007540,29987,29987,106,2
8909,1,0,1,1,0,0.007540,29987,29987,106,2
8911,1,0,1,1,0,0.007540,29987,29987,106,2
8913,1,0,1,1,0,0.007540,29987,29987,106,2
8915,1,0,1,1,0,0.007540,29987,29987,106,2
8917,1,0,1,1,0,0.007540,29987,29987,106,2
8918,1,0,1,1,0,0.007540,29987,29987,106,2
8919,1,0,1,1,0,0.007540,29987,29987,106,2
8921,1,0,1,1,0,0.007540,29987,29987,106,2
8923,1,0,1,1,0,0.007540,29987,29987,106,2
8924,1,0,1,1,0,0.007540,29987,29987,106,2
8925,1,0,1,1,0,0.007540,29987,29987,106,2
8927,1,0,1,1,0,0.007540,29987,29987,106,2
8929,1,0,1,1,0,0.007540,29987,29987,106,2
8931,1,0,1,1,0,0.007540,29987,29987,106,2
8932,1,0,1,1,0,0.007540,29987,29987,106,2
8934,1,0,1,1,0,0.007540,29987,29987,106,2
8936,1,0,1,1,0,0.007569,29987,29987,106,2
8937,1,0,1,1,0,0.007569,29987,29987,106,2
8939,1,0,1,1,0,0.007569,29987,29987,106,2
8940,1,0,1,1,0,0.007569,29987,29987,106,2
57,512,512,0,1,0,0.021144,30172,30172,3,3
66,512,512,0,1,0,0.021484,30140,30140,3,3
74,512,512,0,1,0,0.021982,30108,30108,3,3
82,512,512,0,1,0,0.022426,30076,30076,3,3
91,512,512,0,1,0,0.022905,30044,30044,3,3
100,242,242,0,1,1,0.010618,30028,30028,3,3
104,1,0,1,1,0,0.007609,30028,30028,3,3
108,1,0,1,1,0,0.007609,30028,30028,3,3
112,1,0,1,1,0,0.007609,30028,30028,3,3
114,1,0,1,1,0,0.007609,30028,30028,3,3
118,1,0,1,1,0,0.007609,30028,30028,3,3
121,1,0,1,1,0,0.007609,30028,30028,3,3
125,1,0,1,1,0,0.007609,30028,30028,3,3
129,1,0,1,1,0,0.007609,30028,30028,3,3
132,1,0,1,1,0,0.007609,30028,30028,3,3
136,1,0,1,1,0,0.007609,30028,30028,3,3
140,1,0,1,1,0,0.007609,30028,30028,3,3
143,1,0,1,1,0,0.007609,30028,30028,3,3
146,1,0,1,1,0,0.007609,30028,30028,3,3
151,1,0,1,1,0,0.007609,30028,30028,3,3
155,1,0,1,1,0,0.007562,30028,30028,3,3
159,1,0,1,1,0,0.007562,30028,30028,3,3
163,1,0,1,1,0,0.007562,30028,30028,3,3
168,1,0,1,1,0,0.007562,30028,30028,3,3
172,1,0,1,1,0,0.007562,30028,30028,3,3
176,1,0,1,1,0,0.007562,30028,30028,3,3
181,1,0,1,1,0,0.007562,30028,30028,3,3
185,1,0,1,1,0,0.007562,30028,30028,3,3
189,1,0,1,1,0,0.007562,30028,30028,3,3
193,1,0,1,1,0,0.007562,30028,30028,3,3
198,1,0,1,1,0,0.007562,30028,30028,3,3
202,1,0,1,1,0,0.007562,30028,30028,3,3
206,1,0,1,1,0,0.007562,30028,30028,3,3
211,1,0,1,1,0,0.007562,30028,30028,3,3
215,1,0,1,1,0,0.007562,30028,30028,3,3
218,1,0,1,1,0,0.007562,30028,30028,3,3
222,1,0,1,1,0,0.007562,30028,30028,3,3
227,1,0,1,1,0,0.007562,30028,30028,3,3
232,1,0,1,1,0,0.007562,30028,30028,3,3
237,1,0,1,1,0,0.007562,30028,30028,3,3
241,1,0,1,1,0,0.007562,30028,30028,3,3
245,1,0,1,1,0,0.007562,30028,30028,3,3
249,1,0,1,1,0,0.007562,30028,30028,3,3
253,1,0,1,1,0,0.007562,30028,30028,3,3
258,1,0,1,1,0,0.007562,30028,30028,3,3
262,1,0,1,1,0,0.007562,30028,30028,3,3
266,1,0,1,1,0,0.007562,30028,30028,3,3
271,1,0,1,1,0,0.007562,30028,30028,3,3
275,1,0,1,1,0,0.007562,30028,30028,3,3
279,1,0,1,1,0,0.007562,30028,30028,3,3
284,1,0,1,1,0,0.007562,30028,30028,3,3
288,1,0,1,1,0,0.007562,30028,30028,3,3
291,1,0,1,1,0,0.007562,30028,30028,3,3
296,1,0,1,1,0,0.007562,30028,30028,3,3
300,1,0,1,1,0,0.007562,30028,30028,3,3
304,1,0,1,1,0,0.007562,30028,30028,3,3
309,1,0,1,1,0,0.007562,30028,30028,3,3
313,1,0,1,1,0,0.007562,30028,30028,3,3
317,1,0,1,1,0,0.007562,30028,30028,3,3
322,1,0,1,1,0,0.007562,30028,30028,3,3
326,1,0,1,1,0,0.007562,30028,30028,3,3
330,1,0,1,1,0,0.007562,30028,30028,3,3
335,1,0,1,1,0,0.007562,30028,30028,3,3
339,1,0,1,1,0,0.007562,30028,30028,3,3
343,1,0,1,1,0,0.007562,30028,30028,3,3
348,1,0,1,1,0,0.007562,30028,30028,3,3
353,1,0,1,1,0,0.007562,30028,30028,3,3
356,1,0,1,1,0,0.007562,30028,30028,3,3
361,1,0,1,1,0,0.007562,30028,30028,3,3
366,1,0,1,1,0,0.007562,30028,30028,3,3
370,1,0,1,1,0,0.007562,30028,30028,3,3
375,1,0,1,1,0,0.007562,30028,30028,3,3
380,1,0,1,1,0,0.007562,30028,30028,3,3
384,1,0,1,1,0,0.007562,30028,30028,3,3
389,1,0,1,1,0,0.007562,30028,30028,3,3
394,1,0,1,1,0,0.007562,30028,30028,3,3
399,1,0,1,1,0,0.007562,30028,30028,3,3
405,1,0,1,1,0,0.007562,30028,30028,3,3
410,1,0,1,1,0,0.007562,30028,30028,3,3
415,1,0,1,1,0,0.007562,30028,30028,3,3
421,1,0,1,1,0,0.007562,30028,30028,3,3
426,1,0,1,1,0,0.007562,30028,30028,3,3
431,1,0,1,1,0,0.007562,30028,30028,3,3
437,1,0,1,1,0,0.007562,30023,30023,3,3
442,1,0,1,1,0,0.007510,30023,30023,3,3
447,1,0,1,1,0,0.007510,30023,30023,3,3
453,1,0,1,1,0,0.007510,30023,30023,3,3
458,1,0,1,1,0,0.007510,30023,30023,3,3
463,1,0,1,1,0,0.007510,30023,30023,3,3
469,1,0,1,1,0,0.007510,30023,30023,3,3
474,1,0,1,1,0,0.007510,30023,30023,3,3
480,1,0,1,1,0,0.007510,30023,30023,3,3
485,1,0,1,1,0,0.007510,30023,30023,3,3
491,1,0,1,1,0,0.007510,30023,30023,3,3
496,1,0,1,1,0,0.007510,30023,30023,3,3
500,1,0,1,1,0,0.007510,30023,30023,3,3
505,1,0,1,1,0,0.007510,30023,30023,3,3
510,1,0,1,1,0,0.007510,30023,30023,3,3
514,1,0,1,1,0,0.007510,30023,30023,3,3
519,1,0,1,1,0,0.007510,30023,30023,3,3
524,1,0,1,1,0,0.007510,30023,30023,3,3
528,1,0,1,1,0,0.007510,30023,30023,3,3
533,1,0,1,1,0,0.007510,30023,30023,3,3
539,1,0,1,1,0,0.007510,30023,30023,3,3
543,1,0,1,1,0,0.007510,30023,30023,3,3
546,1,0,1,1,0,0.007510,30023,30023,3,3
551,1,0,1,1,0,0.007510,30023,30023,3,3
556,1,0,1,1,0,0.007510,30023,30023,3,3
559,1,0,1,1,0,0.007510,30023,30023,3,3
564,1,0,1,1,0,0.007510,30023,30023,3,3
569,1,0,1,1,0,0.007510,30023,30023,3,3
572,1,0,1,1,0,0.007510,30023,30023,3,3
576,1,0,1,1,0,0.007510,30023,30023,3,3
579,1,0,1,1,0,0.007510,30023,30023,3,3
583,1,0,1,1,0,0.007510,30023,30023,3,3
586,1,0,1,1,0,0.007510,30023,30023,3,3
590,1,0,1,1,0,0.007510,30023,30023,3,3
594,1,0,1,1,0,0.007510,30023,30023,3,3
597,1,0,1,1,0,0.007510,30023,30023,3,3
600,1,0,1,1,0,0.007510,30023,30023,3,3
604,1,0,1,1,0,0.007510,30023,30023,3,3
607,1,0,1,1,0,0.007510,30023,30023,3,3
610,1,0,1,1,0,0.007510,30023,30023,3,3
614,1,0,1,1,0,0.007510,30023,30023,3,3
617,1,0,1,1,0,0.007510,30023,30023,3,3
621,1,0,1,1,0,0.007510,30023,30023,3,3
623,1,0,1,1,0,0.007510,30023,30023,3,3
628,1,0,1,1,0,0.007510,30023,30023,3,3
630,1,0,1,1,0,0.007510,30023,30023,3,3
634,1,0,1,1,0,0.007510,30023,30023,3,3
639,1,0,1,1,0,0.007510,30023,30023,3,3
641,1,0,1,1,0,0.007510,30023,30023,3,3
644,1,0,1,1,0,0.007510,30023,30023,3,3
647,1,0,1,1,0,0.007510,30023,30023,3,3
652,1,0,1,1,0,0.007510,30023,30023,3,3
654,1,0,1,1,0,0.007510,30023,30023,3,3
657,1,0,1,1,0,0.007510,30023,30023,3,3
662,1,0,1,1,0,0.007510,30023,30023,3,3
665,1,0,1,1,0,0.007510,30023,30023,3,3
668,1,0,1,1,0,0.007510,30023,30023,3,3
670,1,0,1,1,0,0.007510,30023,30023,3,3
675,1,0,1,1,0,0.007510,30023,30023,3,3
678,1,0,1,1,0,0.007510,30023,30023,3,3
681,1,0,1,1,0,0.007510,30023,30023,3,3
684,1,0,1,1,0,0.007510,30023,30023,3,3
689,1,0,1,1,0,0.007510,30023,30023,3,3
691,1,0,1,1,0,0.007510,30023,30023,3,3
694,1,0,1,1,0,0.007510,30023,30023,3,3
698,1,0,1,1,0,0.007564,30023,30023,3,3
702,1,0,1,1,0,0.007564,30023,30023,3,3
704,1,0,1,1,0,0.007564,30023,30023,3,3
707,1,0,1,1,0,0.007564,30023,30023,3,3
711,1,0,1,1,0,0.007564,30023,30023,3,3
715,1,0,1,1,0,0.007564,30023,30023,3,3
717,512,511,1,2,0,0.022640,29987,29987,3;11,3
726,512,511,1,2,0,0.023138,29955,29955,3;11,3
733,512,511,1,2,0,0.023582,29923,29923,3;11,3
741,512,511,1,2,0,0.024061,29891,29891,3;11,3
749,512,511,1,2,0,0.024573,29859,29859,3;11,3
758,512,511,1,2,0,0.024996,29827,29827,3;11,3
771,512,511,1,2,0,0.025551,29795,29795,3;11,3
783,512,511,1,2,0,0.026014,29763,29763,3;11,3
795,512,511,1,2,0,0.026408,29731,29731,3;11,3
808,512,511,1,2,0,0.026913,29694,29694,3;11,3
819,512,511,1,2,0,0.027355,29662,29662,3;11,3
831,512,511,1,2,0,0.027676,29630,29630,3;11,3
845,512,511,1,2,0,0.028197,29598,29598,3;11,3
857,512,511,1,2,0,0.028581,29566,29566,3;11,3
870,512,511,1,2,0,0.028897,29534,29534,3;11,3
878,512,511,1,2,0,0.029402,29503,29503,3;11,3
891,512,511,1,2,0,0.029727,29471,29471,3;11,3
906,512,511,1,2,0,0.030085,29439,29439,3;11,3
924,512,511,1,2,0,0.030537,29407,29407,3;11,3
944,512,511,1,2,0,0.030777,29375,29375,3;11,3
963,512,511,1,2,0,0.031162,29343,29343,3;11,3
981,512,511,1,2,0,0.031515,29311,29311,3;11,3
1000,512,511,1,2,0,0.032050,29279,29279,3;11,3
1021,512,511,1,2,0,0.032452,29247,29247,3;11,3
1041,512,511,1,2,0,0.032799,29215,29215,3;11,3
1061,512,511,1,2,0,0.033122,29183,29183,3;11,3
1083,512,511,1,2,0,0.033553,29151,29151,3;11,3
1104,512,511,1,2,0,0.033903,29119,29119,3;11,3
1125,512,511,1,2,0,0.034328,29087,29087,3;11,3
1145,512,511,1,2,0,0.034628,29055,29055,3;11,3
1163,512,511,1,2,0,0.035146,29023,29023,3;11,3
1185,512,511,1,2,0,0.035585,28992,28992,3;11,3
1205,512,511,1,2,0,0.035786,28960,28960,3;11,3
1223,512,511,1,2,0,0.036195,28928,28928,3;11,3
1245,512,511,1,2,0,0.036666,28896,28896,3;11,3
1265,512,511,1,2,0,0.036851,28864,28864,3;11,3
1284,512,511,1,2,0,0.037356,28832,28832,3;11,3
1302,512,511,1,2,0,0.037697,28800,28800,3;11,3
1319,512,511,1,2,0,0.038186,28768,28768,3;11,3
1335,512,511,1,2,0,0.038641,28736,28736,3;11,3
1354,512,511,1,2,0,0.038885,28704,28704,3;11,3
1370,512,511,1,2,0,0.039131,28672,28672,3;11,3
1389,512,511,1,2,0,0.039628,28640,28640,3;11,3
1405,512,511,1,2,0,0.039918,28608,28608,3;11,3
1426,512,511,1,2,0,0.040427,28576,28576,3;11,3
1449,512,511,1,2,0,0.040901,28544,28544,3;11,3
1473,512,511,1,2,0,0.041276,28512,28512,3;11,3
1500,512,511,1,2,0,0.041691,28481,28481,3;11,3
1523,512,511,1,2,0,0.041868,28449,28449,3;11,3
1547,512,511,1,2,0,0.042211,28417,28417,3;11,3
1569,512,511,1,2,0,0.042646,28385,28385,3;11,3
1590,512,511,1,2,0,0.042928,28353,28353,3;11,3
1616,512,511,1,2,0,0.043529,28321,28321,3;11,3
1640,512,511,1,2,0,0.043882,28289,28289,3;11,3
1665,512,511,1,2,0,0.044279,28257,28257,3;11,3
1694,512,511,1,2,0,0.044697,28225,28225,3;11,3
1720,512,511,1,2,0,0.044951,28193,28193,3;11,3
1749,512,511,1,2,0,0.045199,28161,28161,3;11,3
1777,512,511,1,2,0,0.045781,28129,28129,3;11,3
1799,512,511,1,2,0,0.045959,28097,28097,3;11,3
1825,512,511,1,2,0,0.046483,28065,28065,3;11,3
1846,512,511,1,2,0,0.046721,28033,28033,3;11,3
1869,512,511,1,2,0,0.047328,28001,28001,3;11,3
1895,512,511,1,2,0,0.047637,27970,27970,3;11,3
1919,512,511,1,2,0,0.047940,27938,27938,3;11,3
1941,512,511,1,2,0,0.048348,27906,27906,3;11,3
1961,512,511,1,2,0,0.048609,27874,27874,3;11,3
1983,512,511,1,2,0,0.048977,27842,27842,3;11,3
2005,512,511,1,2,0,0.049538,27810,27810,3;11,3
2028,512,511,1,2,0,0.049803,27778,27778,3;11,3
2055,512,511,1,2,0,0.050421,27746,27746,3;11,3
2078,512,511,1,2,0,0.050612,27714,27714,3;11,3
2106,512,511,1,2,0,0.050801,27682,27682,3;11,3
2130,512,511,1,2,0,0.051278,27650,27650,3;11,3
2156,512,511,1,2,0,0.051881,27618,27618,3;11,3
2182,512,511,1,2,0,0.052094,27586,27586,3;11,3
2211,512,511,1,2,0,0.052663,27554,27554,3;11,3
2239,512,511,1,2,0,0.052934,27522,27522,3;11,3
2268,512,511,1,2,0,0.053087,27490,27490,3;11,3
2293,512,511,1,2,0,0.053569,27459,27459,3;11,3
2321,512,511,1,2,0,0.053954,27427,27427,3;11,3
2349,512,511,1,2,0,0.054270,27395,27395,3;11,3
2372,512,511,1,2,0,0.054978,27363,27363,3;11,3
2396,512,511,1,2,0,0.055241,27331,27331,3;11,3
2422,512,511,1,2,0,0.055488,27299,27299,3;11,3
2455,512,511,1,2,0,0.055881,27267,27267,3;11,3
2484,512,511,1,2,0,0.056194,27235,27235,3;11,3
2516,512,511,1,2,0,0.056505,27203,27203,3;11,3
2552,512,511,1,2,0,0.057055,27171,27171,3;11,3
2585,512,511,1,2,0,0.057632,27134,27134,3;11,3
2620,512,511,1,2,0,0.057847,27102,27102,3;11,3
2656,512,511,1,2,0,0.058292,27070,27070,3;11,3
2691,512,511,1,2,0,0.058719,27038,27038,3;11,3
2730,512,511,1,2,0,0.058924,27006,27006,3;11,3
2768,512,511,1,2,0,0.059323,26974,26974,3;11,3
2810,512,511,1,2,0,0.059700,26943,26943,3;11,3
2851,512,511,1,2,0,0.059866,26911,26911,3;11,3
2889,512,511,1,2,0,0.060442,26879,26879,3;11,3
2924,512,511,1,2,0,0.061028,26847,26847,3;11,3
2962,512,511,1,2,0,0.061285,26815,26815,3;11,3
2997,512,511,1,2,0,0.061817,26783,26783,3;11,3
3025,512,511,1,2,0,0.061988,26751,26751,3;11,3
3049,512,511,1,2,0,0.062168,26719,26719,3;11,3
3075,512,511,1,2,0,0.062630,26687,26687,3;11,3
3099,512,511,1,2,0,0.062968,26655,26655,3;11,3
3124,512,511,1,2,0,0.063349,26623,26623,3;11,3
3150,512,511,1,2,0,0.064047,26591,26591,3;11,3
3184,512,511,1,2,0,0.064344,26559,26559,3;11,3
3214,512,511,1,2,0,0.064650,26527,26527,3;11,3
3248,512,511,1,2,0,0.065028,26495,26495,3;11,3
3280,512,511,1,2,0,0.065287,26463,26463,3;11,3
3315,512,511,1,2,0,0.065644,26432,26432,3;11,3
3347,512,511,1,2,0,0.066038,26400,26400,3;11,3
3374,512,511,1,2,0,0.066496,26368,26368,3;11,3
3403,512,511,1,2,0,0.066753,26336,26336,3;11,3
3431,512,511,1,2,0,0.067274,26304,26304,3;11,3
3459,512,511,1,2,0,0.067796,26272,26272,3;11,3
3480,512,511,1,2,0,0.068050,26240,26240,3;11,3
3501,512,511,1,2,0,0.068397,26208,26208,3;11,3
3525,512,511,1,2,0,0.068762,26176,26176,3;11,3
3546,512,511,1,2,0,0.068892,26144,26144,3;11,3
3563,512,511,1,2,0,0.069463,26112,26112,3;11,3
3580,512,511,1,2,0,0.070245,26080,26080,3;11,3
3595,512,511,1,2,0,0.070351,26048,26048,3;11,3
3613,512,511,1,2,0,0.070908,26016,26016,3;11,3
3636,512,511,1,2,0,0.071049,25984,25984,3;11,3
3660,512,511,1,2,0,0.071206,25952,25952,3;11,3
3683,512,511,1,2,0,0.071674,25921,25921,3;11,3
3700,512,511,1,2,0,0.072000,25889,25889,3;11,3
3717,512,511,1,2,0,0.072536,25857,25857,3;11,3
3736,512,511,1,2,0,0.072720,25825,25825,3;11,3
3754,512,511,1,2,0,0.073322,25793,25793,3;11,3
3769,512,511,1,2,0,0.073582,25761,25761,3;11,3
3787,512,511,1,2,0,0.073936,25729,25729,3;11,3
3804,512,511,1,2,0,0.074330,25697,25697,3;11,3
3820,512,511,1,2,0,0.074701,25665,25665,3;11,3
3840,512,511,1,2,0,0.074862,25633,25633,3;11,3
3863,512,511,1,2,0,0.075664,25601,25601,3;11,3
3883,512,511,1,2,0,0.075918,25569,25569,3;11,3
3904,512,511,1,2,0,0.076205,25537,25537,3;11,3
3927,512,511,1,2,0,0.077063,25505,25505,3;11,3
3952,512,511,1,2,0,0.077242,25473,25473,3;11,3
3977,512,511,1,2,0,0.077317,25441,25441,3;11,3
4003,512,511,1,2,0,0.077889,25410,25410,3;11,3
4029,512,511,1,2,0,0.077931,25378,25378,3;11,3
4056,512,511,1,2,0,0.078250,25346,25346,3;11,3
4080,512,511,1,2,0,0.079178,25314,25314,3;11,3
4108,512,511,1,2,0,0.079392,25282,25282,3;11,3
4133,512,511,1,2,0,0.079557,25250,25250,3;11,3
4155,512,511,1,2,0,0.080208,25218,25218,3;11,3
4174,512,511,1,2,0,0.080287,25186,25186,3;11,3
4192,512,511,1,2,0,0.080684,25154,25154,3;11,3
4215,512,511,1,2,0,0.081090,25122,25122,3;11,3
4236,512,511,1,2,0,0.081552,25090,25090,3;11,3
4256,512,511,1,2,0,0.081762,25058,25058,3;11,3
4281,512,511,1,2,0,0.082496,25026,25026,3;11,3
4304,512,511,1,2,0,0.082770,24994,24994,3;11,3
4324,512,511,1,2,0,0.083139,24962,24962,3;11,3
4344,512,511,1,2,0,0.083519,24930,24930,3;11,3
4361,512,511,1,2,0,0.083846,24899,24899,3;11,3
4381,512,511,1,2,0,0.083854,24867,24867,3;11,3
4398,512,511,1,2,0,0.084748,24835,24835,3;11,3
4420,512,511,1,2,0,0.084853,24803,24803,3;11,3
4438,512,511,1,2,0,0.085294,24771,24771,3;11,3
4456,512,511,1,2,0,0.086361,24739,24739,3;11,3
4475,512,511,1,2,0,0.086337,24707,24707,3;11,3
4496,512,511,1,2,0,0.086380,24675,24675,3;11,3
4514,512,512,0,1,0,0.085838,24806,24806,11,3
4534,512,512,0,1,0,0.085931,24774,24774,11,3
4553,512,512,0,1,0,0.086216,24742,24742,11,3
4572,512,512,0,2,1,0.087074,24705,24705,11;19,3
4590,512,511,1,2,0,0.025308,24673,24673,11;19,3
4596,512,511,1,2,0,0.025715,24641,24641,11;19,3
4603,512,511,1,2,0,0.026280,24609,24609,11;19,3
4610,512,511,1,2,0,0.026737,24577,24577,11;19,3
4616,512,511,1,2,0,0.027178,24545,24545,11;19,3
4624,512,511,1,2,0,0.027689,24513,24513,11;19,3
4629,512,511,1,2,0,0.028224,24481,24481,11;19,3
4638,512,511,1,2,0,0.028623,24450,24450,11;19,3
4648,512,511,1,2,0,0.029082,24418,24418,11;19,3
4659,512,511,1,2,0,0.029510,24386,24386,11;19,3
4670,512,511,1,2,0,0.029960,24354,24354,11;19,3
4681,512,511,1,2,0,0.030327,24322,24322,11;19,3
4688,512,511,1,2,0,0.030832,24290,24290,11;19,3
4699,512,511,1,2,0,0.031152,24258,24258,11;19,3
4710,512,511,1,2,0,0.031576,24226,24226,11;19,3
4721,512,511,1,2,0,0.031983,24194,24194,11;19,3
4732,512,511,1,2,0,0.032307,24162,24162,11;19,3
4743,512,511,1,2,0,0.032725,24130,24130,11;19,3
4753,512,511,1,2,0,0.033129,24098,24098,11;19,3
4765,512,511,1,2,0,0.033366,24066,24066,11;19,3
4775,512,511,1,2,0,0.033801,24034,24034,11;19,3
4786,512,511,1,2,0,0.034154,24002,24002,11;19,3
4798,512,511,1,2,0,0.034644,23970,23970,11;19,3
4810,512,511,1,2,0,0.035098,23939,23939,11;19,3
4822,512,511,1,2,0,0.035380,23907,23907,11;19,3
4830,512,511,1,2,0,0.035732,23875,23875,11;19,3
4840,512,511,1,2,0,0.036185,23843,23843,11;19,3
4850,512,511,1,2,0,0.036467,23811,23811,11;19,3
4858,512,511,1,2,0,0.036939,23779,23779,11;19,3
4865,512,511,1,2,0,0.037249,23747,23747,11;19,3
4873,512,511,1,2,0,0.037726,23715,23715,11;19,3
4883,512,511,1,2,0,0.038161,23683,23683,11;19,3
4891,512,511,1,3,1,0.038770,23649,23649,11;19;27,3
4900,512,510,2,3,0,0.025360,23617,23617,11;19;27,3
4907,512,510,2,3,0,0.025804,23585,23585,11;19;27,3
4911,512,510,2,3,0,0.026282,23554,23554,11;19;27,3
4917,512,510,2,3,0,0.026794,23522,23522,11;19;27,3
4924,512,510,2,3,0,0.027218,23490,23490,11;19;27,3
4931,512,510,2,3,0,0.027772,23458,23458,11;19;27,3
4937,512,510,2,3,0,0.028235,23426,23426,11;19;27,3
4943,512,510,2,3,0,0.028629,23394,23394,11;19;27,3
4950,512,510,2,3,0,0.029134,23362,23362,11;19;27,3
4957,512,510,2,3,0,0.029577,23330,23330,11;19;27,3
4962,512,510,2,4,1,0.030057,23294,23294,11;19;27;35,3
4970,512,509,3,4,0,0.024803,23263,23263,11;19;27;35,3
4974,512,509,3,4,0,0.025440,23231,23231,11;19;27;35,3
4981,512,509,3,4,0,0.025768,23199,23199,11;19;27;35,3
4988,512,509,3,4,0,0.026176,23167,23167,11;19;27;35,3
4993,512,509,3,4,0,0.026847,23135,23135,11;19;27;35,3
4999,512,509,3,4,0,0.027177,23104,23104,11;19;27;35,3
5007,512,509,3,4,0,0.027641,23072,23072,11;19;27;35,3
5014,512,509,3,4,0,0.028288,23040,23040,11;19;27;35,3
5024,512,509,3,4,0,0.028601,23008,23008,11;19;27;35,3
5034,512,509,3,4,0,0.028981,22976,22976,11;19;27;35,3
5042,512,509,3,4,0,0.029572,22944,22944,11;19;27;35,3
5052,512,509,3,4,0,0.029837,22913,22913,11;19;27;35,3
5062,512,509,3,4,0,0.030286,22881,22881,11;19;27;35,3
5072,512,509,3,4,0,0.030777,22849,22849,11;19;27;35,3
5081,512,509,3,4,0,0.031097,22817,22817,11;19;27;35,3
5089,512,509,3,4,0,0.031421,22785,22785,11;19;27;35,3
5096,512,509,3,4,0,0.031977,22754,22754,11;19;27;35,3
5103,512,509,3,4,0,0.032220,22722,22722,11;19;27;35,3
5111,512,509,3,4,0,0.032547,22690,22690,11;19;27;35,3
5120,512,509,3,4,0,0.032821,22653,22653,11;19;27;35,3
5128,512,509,3,4,0,0.033261,22621,22621,11;19;27;35,3
5136,512,509,3,4,0,0.033648,22590,22590,11;19;27;35,3
5145,512,509,3,4,0,0.034111,22558,22558,11;19;27;35,3
5152,512,509,3,4,0,0.034562,22526,22526,11;19;27;35,3
5159,512,509,3,4,0,0.034889,22494,22494,11;19;27;35,3
5169,512,509,3,4,0,0.035189,22462,22462,11;19;27;35,3
5177,512,509,3,4,0,0.035682,22430,22430,11;19;27;35,3
5186,512,509,3,4,0,0.035963,22399,22399,11;19;27;35,3
5197,512,509,3,4,0,0.036355,22367,22367,11;19;27;35,3
5210,512,509,3,4,0,0.036778,22335,22335,11;19;27;35,3
5223,512,509,3,4,0,0.037273,22303,22303,11;19;27;35,3
5233,512,509,3,5,1,0.037945,22267,22267,11;19;27;35;43,3
5247,512,508,4,5,0,0.024568,22235,22235,11;19;27;35;43,3
5255,512,508,4,5,0,0.025052,22204,22204,11;19;27;35;43,3
5262,512,508,4,6,1,0.025984,22164,22164,11;19;27;35;43;51,3
5269,512,507,5,6,0,0.025085,22133,22133,11;19;27;35;43;51,3
5276,512,507,5,6,0,0.025529,22101,22101,11;19;27;35;43;51,3
5281,512,507,5,6,0,0.026067,22069,22069,11;19;27;35;43;51,3
5288,512,507,5,6,0,0.026579,22038,22038,11;19;27;35;43;51,3
5295,512,507,5,6,0,0.027002,22006,22006,11;19;27;35;43;51,3
5300,512,507,5,6,0,0.027557,21974,21974,11;19;27;35;43;51,3
5306,512,507,5,6,0,0.028020,21943,21943,11;19;27;35;43;51,3
5312,512,507,5,6,0,0.028409,21911,21911,11;19;27;35;43;51,3
5320,512,507,5,6,0,0.028719,21879,21879,11;19;27;35;43;51,3
5328,512,507,5,6,0,0.029330,21848,21848,11;19;27;35;43;51,3
5335,512,507,5,6,0,0.029681,21816,21816,11;19;27;35;43;51,3
5341,512,507,5,6,0,0.029951,21784,21784,11;19;27;35;43;51,3
5349,512,507,5,6,0,0.030545,21753,21753,11;19;27;35;43;51,3
5358,512,507,5,7,1,0.031191,21716,21716,11;19;27;35;43;51;59,3
5364,512,506,6,7,0,0.024742,21685,21685,11;19;27;35;43;51;59,3
5372,512,506,6,8,1,0.025411,21648,21648,11;19;27;35;43;51;59;67,3
5377,512,505,7,8,0,0.024850,21617,21617,11;19;27;35;43;51;59;67,3
5384,512,505,7,8,0,0.025215,21585,21585,11;19;27;35;43;51;59;67,3
5391,512,505,7,8,0,0.025783,21554,21554,11;19;27;35;43;51;59;67,3
5395,512,505,7,8,0,0.026276,21522,21522,11;19;27;35;43;51;59;67,3
5403,512,505,7,8,0,0.026653,21491,21491,11;19;27;35;43;51;59;67,3
5411,512,505,7,8,0,0.027186,21459,21459,11;19;27;35;43;51;59;67,3
5417,512,505,7,8,0,0.027761,21427,21427,11;19;27;35;43;51;59;67,3
5425,512,505,7,8,0,0.028124,21396,21396,11;19;27;35;43;51;59;67,3
5432,512,505,7,8,0,0.028582,21364,21364,11;19;27;35;43;51;59;67,3
5439,512,505,7,8,0,0.029061,21333,21333,11;19;27;35;43;51;59;67,3
5445,512,505,7,8,0,0.029511,21301,21301,11;19;27;35;43;51;59;67,3
5453,512,505,7,8,0,0.029833,21270,21270,11;19;27;35;43;51;59;67,3
5462,512,505,7,8,0,0.030360,21238,21238,11;19;27;35;43;51;59;67,3
5472,512,505,7,8,0,0.030728,21207,21207,11;19;27;35;43;51;59;67,3
5482,512,505,7,8,0,0.031062,21170,21170,11;19;27;35;43;51;59;67,3
5492,512,505,7,8,0,0.031565,21138,21138,11;19;27;35;43;51;59;67,3
5502,512,505,7,8,0,0.031890,21107,21107,11;19;27;35;43;51;59;67,3
5512,512,505,7,8,0,0.032219,21075,21075,11;19;27;35;43;51;59;67,3
5522,512,505,7,8,0,0.032671,21044,21044,11;19;27;35;43;51;59;67,3
5533,512,505,7,8,0,0.032911,21012,21012,11;19;27;35;43;51;59;67,3
5542,512,505,7,8,0,0.033296,20981,20981,11;19;27;35;43;51;59;67,3
5551,512,505,7,8,0,0.033649,20944,20944,11;19;27;35;43;51;59;67,3
5563,512,505,7,8,0,0.034184,20912,20912,11;19;27;35;43;51;59;67,3
5575,512,505,7,8,0,0.034586,20881,20881,11;19;27;35;43;51;59;67,3
5589,512,505,7,8,0,0.034933,20849,20849,11;19;27;35;43;51;59;67,3
5603,512,505,7,8,0,0.035256,20818,20818,11;19;27;35;43;51;59;67,3
5615,512,505,7,8,0,0.035687,20786,20786,11;19;27;35;43;51;59;67,3
5630,512,505,7,8,0,0.035925,20755,20755,11;19;27;35;43;51;59;67,3
5643,512,505,7,8,0,0.036417,20723,20723,11;19;27;35;43;51;59;67,3
5658,512,505,7,8,0,0.036764,20692,20692,11;19;27;35;43;51;59;67,3
5673,512,505,7,8,0,0.037014,20660,20660,11;19;27;35;43;51;59;67,3
5685,512,505,7,8,0,0.037695,20628,20628,11;19;27;35;43;51;59;67,3
5700,512,505,7,8,0,0.037921,20597,20597,11;19;27;35;43;51;59;67,3
5713,512,505,7,8,0,0.038185,20565,20565,11;19;27;35;43;51;59;67,3
5729,512,505,7,8,0,0.038775,20534,20534,11;19;27;35;43;51;59;67,3
5743,512,505,7,8,0,0.038984,20502,20502,11;19;27;35;43;51;59;67,3
5756,512,505,7,8,0,0.039280,20471,20471,11;19;27;35;43;51;59;67,3
5772,512,505,7,8,0,0.039594,20439,20439,11;19;27;35;43;51;59;67,3
5787,512,505,7,8,0,0.040309,20407,20407,11;19;27;35;43;51;59;67,3
5802,512,505,7,8,0,0.040553,20376,20376,11;19;27;35;43;51;59;67,3
5817,512,505,7,8,0,0.040837,20344,20344,11;19;27;35;43;51;59;67,3
5835,512,505,7,8,0,0.041257,20313,20313,11;19;27;35;43;51;59;67,3
5854,512,505,7,8,0,0.041468,20281,20281,11;19;27;35;43;51;59;67,3
5877,512,505,7,8,0,0.041839,20250,20250,11;19;27;35;43;51;59;67,3
5900,512,505,7,8,0,0.042231,20218,20218,11;19;27;35;43;51;59;67,3
5924,512,505,7,9,1,0.042747,20182,20182,11;19;27;35;43;51;59;67;75,3
5949,512,504,8,9,0,0.024980,20150,20150,11;19;27;35;43;51;59;67;75,3
5962,512,504,8,9,0,0.025387,20119,20119,11;19;27;35;43;51;59;67;75,3
5978,512,504,8,9,0,0.025893,20082,20082,11;19;27;35;43;51;59;67;75,3
5991,512,504,8,9,0,0.026362,20046,20046,11;19;27;35;43;51;59;67;75,3
6006,512,504,8,9,0,0.026850,20014,20014,11;19;27;35;43;51;59;67;75,3
6021,512,504,8,9,0,0.027299,19983,19983,11;19;27;35;43;51;59;67;75,3
6037,512,504,8,9,0,0.027836,19951,19951,11;19;27;35;43;51;59;67;75,3
6052,512,504,8,9,0,0.028295,19920,19920,11;19;27;35;43;51;59;67;75,3
6068,512,504,8,9,0,0.028713,19888,19888,11;19;27;35;43;51;59;67;75,3
6084,512,504,8,9,0,0.029142,19857,19857,11;19;27;35;43;51;59;67;75,3
6101,512,504,8,9,0,0.029572,19825,19825,11;19;27;35;43;51;59;67;75,3
6117,512,504,8,9,0,0.029971,19794,19794,11;19;27;35;43;51;59;67;75,3
6135,512,504,8,9,0,0.030495,19762,19762,11;19;27;35;43;51;59;67;75,3
6152,512,504,8,9,0,0.030788,19731,19731,11;19;27;35;43;51;59;67;75,3
6167,512,504,8,9,0,0.031206,19699,19699,11;19;27;35;43;51;59;67;75,3
6186,512,504,8,9,0,0.031689,19668,19668,11;19;27;35;43;51;59;67;75,3
6204,512,504,8,9,0,0.031946,19636,19636,11;19;27;35;43;51;59;67;75,3
6221,512,504,8,9,0,0.032378,19600,19600,11;19;27;35;43;51;59;67;75,3
6240,512,504,8,9,0,0.032793,19568,19568,11;19;27;35;43;51;59;67;75,3
6257,512,504,8,9,0,0.033051,19537,19537,11;19;27;35;43;51;59;67;75,3
6275,512,504,8,9,0,0.033441,19505,19505,11;19;27;35;43;51;59;67;75,3
6293,512,504,8,9,0,0.033799,19474,19474,11;19;27;35;43;51;59;67;75,3
6312,512,504,8,9,0,0.034325,19442,19442,11;19;27;35;43;51;59;67;75,3
6330,512,504,8,9,0,0.034723,19411,19411,11;19;27;35;43;51;59;67;75,3
6348,512,504,8,9,0,0.035075,19374,19374,11;19;27;35;43;51;59;67;75,3
6369,512,505,7,8,0,0.035281,20794,20794,11;19;27;35;43;51;59;75,3
6387,512,505,7,8,0,0.035685,20762,20762,11;19;27;35;43;51;59;75,3
6406,512,505,7,8,0,0.036035,20726,20726,11;19;27;35;43;51;59;75,3
6427,512,505,7,8,0,0.036460,20694,20694,11;19;27;35;43;51;59;75,3
6445,512,505,7,8,0,0.036760,20663,20663,11;19;27;35;43;51;59;75,3
6466,512,505,7,8,0,0.037278,20631,20631,11;19;27;35;43;51;59;75,3
6486,512,505,7,8,0,0.037717,20600,20600,11;19;27;35;43;51;59;75,3
6506,512,505,7,8,0,0.037917,20568,20568,11;19;27;35;43;51;59;75,3
6526,512,505,7,8,0,0.038327,20536,20536,11;19;27;35;43;51;59;75,3
6547,512,505,7,8,0,0.038798,20505,20505,11;19;27;35;43;51;59;75,3
6568,512,505,7,8,0,0.038985,20473,20473,11;19;27;35;43;51;59;75,3
6590,512,505,7,8,0,0.039293,20442,20442,11;19;27;35;43;51;59;75,3
6616,512,505,7,8,0,0.039780,20410,20410,11;19;27;35;43;51;59;75,3
6638,512,505,7,8,0,0.040317,20379,20379,11;19;27;35;43;51;59;75,3
6664,512,505,7,8,0,0.040556,20347,20347,11;19;27;35;43;51;59;75,3
6688,512,505,7,8,0,0.040971,20315,20315,11;19;27;35;43;51;59;75,3
6714,512,505,7,8,0,0.041263,20284,20284,11;19;27;35;43;51;59;75,3
6737,512,505,7,8,0,0.041474,20252,20252,11;19;27;35;43;51;59;75,3
6763,512,505,7,8,0,0.042011,20221,20221,11;19;27;35;43;51;59;75,3
6789,512,505,7,8,0,0.042552,20189,20189,11;19;27;35;43;51;59;75,3
6815,512,505,7,8,0,0.042839,20158,20158,11;19;27;35;43;51;59;75,3
6842,512,505,7,8,0,0.043123,20126,20126,11;19;27;35;43;51;59;75,3
6868,512,505,7,8,0,0.043812,20095,20095,11;19;27;35;43;51;59;75,3
6896,512,505,7,8,0,0.043916,20058,20058,11;19;27;35;43;51;59;75,3
6923,512,505,7,8,0,0.044175,20026,20026,11;19;27;35;43;51;59;75,3
6951,512,505,7,8,0,0.044767,19995,19995,11;19;27;35;43;51;59;75,3
6977,512,505,7,8,0,0.044988,19963,19963,11;19;27;35;43;51;59;75,3
7006,512,505,7,8,0,0.045269,19932,19932,11;19;27;35;43;51;59;75,3
7034,512,505,7,8,0,0.045790,19900,19900,11;19;27;35;43;51;59;75,3
7062,512,505,7,8,0,0.046187,19869,19869,11;19;27;35;43;51;59;75,3
7089,512,505,7,8,0,0.046572,19832,19832,11;19;27;35;43;51;59;75,3
7119,512,505,7,8,0,0.046880,19800,19800,11;19;27;35;43;51;59;75,3
7149,512,505,7,8,0,0.047267,19769,19769,11;19;27;35;43;51;59;75,3
7178,512,505,7,8,0,0.047499,19737,19737,11;19;27;35;43;51;59;75,3
7207,512,505,7,8,0,0.047940,19706,19706,11;19;27;35;43;51;59;75,3
7238,512,505,7,8,0,0.048281,19674,19674,11;19;27;35;43;51;59;75,3
7266,512,505,7,8,0,0.048715,19643,19643,11;19;27;35;43;51;59;75,3
7295,512,505,7,8,0,0.048843,19611,19611,11;19;27;35;43;51;59;75,3
7326,512,505,7,8,0,0.049565,19580,19580,11;19;27;35;43;51;59;75,3
7356,512,505,7,8,0,0.049751,19548,19548,11;19;27;35;43;51;59;75,3
7388,512,505,7,8,0,0.050178,19516,19516,11;19;27;35;43;51;59;75,3
7418,512,505,7,8,0,0.050526,19485,19485,11;19;27;35;43;51;59;75,3
7449,512,505,7,8,0,0.050939,19453,19453,11;19;27;35;43;51;59;75,3
7481,512,505,7,8,0,0.051168,19422,19422,11;19;27;35;43;51;59;75,3
7513,512,505,7,8,0,0.051767,19390,19390,11;19;27;35;43;51;59;75,3
7544,512,505,7,8,0,0.052043,19359,19359,11;19;27;35;43;51;59;75,3
7579,512,505,7,9,1,0.052484,19322,19322,11;19;27;35;43;51;59;75;83,3
7611,512,504,8,9,0,0.025109,19291,19291,11;19;27;35;43;51;59;75;83,3
7627,512,504,8,9,0,0.025475,19259,19259,11;19;27;35;43;51;59;75;83,3
7645,512,504,8,9,0,0.026042,19228,19228,11;19;27;35;43;51;59;75;83,3
7661,512,504,8,9,0,0.026535,19196,19196,11;19;27;35;43;51;59;75;83,3
7678,512,504,8,9,0,0.026912,19165,19165,11;19;27;35;43;51;59;75;83,3
7696,512,504,8,9,0,0.027445,19133,19133,11;19;27;35;43;51;59;75;83,3
7716,512,504,8,9,0,0.028020,19102,19102,11;19;27;35;43;51;59;75;83,3
7733,512,504,8,9,0,0.028430,19070,19070,11;19;27;35;43;51;59;75;83,3
7752,512,504,8,9,0,0.028842,19039,19039,11;19;27;35;43;51;59;75;83,3
7770,512,504,8,9,0,0.029321,19007,19007,11;19;27;35;43;51;59;75;83,3
7790,512,504,8,9,0,0.029771,18971,18971,11;19;27;35;43;51;59;75;83,3
7809,512,504,8,9,0,0.030093,18934,18934,11;19;27;35;43;51;59;75;83,3
7829,512,504,8,9,0,0.030619,18903,18903,11;19;27;35;43;51;59;75;83,3
7848,512,504,8,9,0,0.030987,18871,18871,11;19;27;35;43;51;59;75;83,3
7868,512,504,8,9,0,0.031321,18840,18840,11;19;27;35;43;51;59;75;83,3
7888,512,504,8,9,0,0.031795,18808,18808,11;19;27;35;43;51;59;75;83,3
7910,512,504,8,9,0,0.032120,18777,18777,11;19;27;35;43;51;59;75;83,3
7930,512,504,8,9,0,0.032478,18745,18745,11;19;27;35;43;51;59;75;83,3
7951,512,504,8,9,0,0.032931,18714,18714,11;19;27;35;43;51;59;75;83,3
7968,512,504,8,9,0,0.033171,18682,18682,11;19;27;35;43;51;59;75;83,3
7985,512,504,8,9,0,0.033556,18651,18651,11;19;27;35;43;51;59;75;83,3
8003,512,504,8,9,0,0.033909,18619,18619,11;19;27;35;43;51;59;75;83,3
8021,512,504,8,9,0,0.034443,18588,18588,11;19;27;35;43;51;59;75;83,3
8040,512,504,8,9,0,0.034846,18556,18556,11;19;27;35;43;51;59;75;83,3
8058,512,504,8,9,0,0.035046,18525,18525,11;19;27;35;43;51;59;75;83,3
8076,512,504,8,9,0,0.035484,18488,18488,11;19;27;35;43;51;59;75;83,3
8095,512,504,8,9,0,0.035947,18457,18457,11;19;27;35;43;51;59;75;83,3
8113,512,504,8,9,0,0.036184,18425,18425,11;19;27;35;43;51;59;75;83,3
8133,512,504,8,9,0,0.036676,18394,18394,11;19;27;35;43;51;59;75;83,3
8152,512,504,8,9,0,0.037024,18362,18362,11;19;27;35;43;51;59;75;83,3
8171,512,504,8,9,0,0.037273,18331,18331,11;19;27;35;43;51;59;75;83,3
8191,512,504,8,9,0,0.037735,18299,18299,11;19;27;35;43;51;59;75;83,3
8211,512,504,8,9,0,0.038172,18263,18263,11;19;27;35;43;51;59;75;83,3
8231,512,504,8,9,0,0.038435,18231,18231,11;19;27;35;43;51;59;75;83,3
8251,512,504,8,9,0,0.038752,18200,18200,11;19;27;35;43;51;59;75;83,3
8273,512,504,8,10,1,0.039539,18162,18162,11;19;27;35;43;51;59;75;83;91,3
8292,512,503,9,10,0,0.025922,18130,18130,11;19;27;35;43;51;59;75;83;91,3
8307,512,503,9,10,0,0.026366,18099,18099,11;19;27;35;43;51;59;75;83;91,3
8321,512,503,9,10,0,0.026671,18068,18068,11;19;27;35;43;51;59;75;83;91,3
8331,512,503,9,10,0,0.027306,18036,18036,11;19;27;35;43;51;59;75;83;91,3
8343,512,503,9,10,0,0.027775,18005,18005,11;19;27;35;43;51;59;75;83;91,3
8354,512,503,9,10,0,0.028080,17973,17973,11;19;27;35;43;51;59;75;83;91,3
8365,512,503,9,10,0,0.028758,17942,17942,11;19;27;35;43;51;59;75;83;91,3
8378,512,503,9,10,0,0.029187,17910,17910,11;19;27;35;43;51;59;75;83;91,3
8388,512,503,9,10,0,0.029497,17879,17879,11;19;27;35;43;51;59;75;83;91,3
8401,512,503,9,10,0,0.029842,17847,17847,11;19;27;35;43;51;59;75;83;91,3
8412,512,503,9,10,0,0.030433,17816,17816,11;19;27;35;43;51;59;75;83;91,3
8425,512,503,9,10,0,0.030698,17785,17785,11;19;27;35;43;51;59;75;83;91,3
8437,512,503,9,10,0,0.031147,17753,17753,11;19;27;35;43;51;59;75;83;91,3
8449,512,503,9,10,0,0.031638,17722,17722,11;19;27;35;43;51;59;75;83;91,3
8462,512,503,9,10,0,0.031958,17690,17690,11;19;27;35;43;51;59;75;83;91,3
8474,512,503,9,10,0,0.032282,17659,17659,11;19;27;35;43;51;59;75;83;91,3
8487,512,503,9,10,0,0.032624,17627,17627,11;19;27;35;43;51;59;75;83;91,3
8496,512,503,9,10,0,0.033081,17596,17596,11;19;27;35;43;51;59;75;83;91,3
8505,512,503,9,10,0,0.033408,17565,17565,11;19;27;35;43;51;59;75;83;91,3
8514,512,503,9,10,0,0.033682,17533,17533,11;19;27;35;43;51;59;75;83;91,3
8524,512,503,9,10,0,0.034122,17497,17497,11;19;27;35;43;51;59;75;83;91,3
8533,512,503,9,10,0,0.034509,17465,17465,11;19;27;35;43;51;59;75;83;91,3
8543,512,503,9,10,0,0.034972,17434,17434,11;19;27;35;43;51;59;75;83;91,3
8553,512,503,9,10,0,0.035308,17402,17402,11;19;27;35;43;51;59;75;83;91,3
8563,512,503,9,10,0,0.035643,17366,17366,11;19;27;35;43;51;59;75;83;91,3
8573,512,503,9,10,0,0.035942,17334,17334,11;19;27;35;43;51;59;75;83;91,3
8583,512,503,9,10,0,0.036429,17303,17303,11;19;27;35;43;51;59;75;83;91,3
8593,512,503,9,10,0,0.036709,17267,17267,11;19;27;35;43;51;59;75;83;91,3
8604,512,503,9,10,0,0.037148,17235,17235,11;19;27;35;43;51;59;75;83;91,3
8614,512,503,9,10,0,0.037476,17204,17204,11;19;27;35;43;51;59;75;83;91,3
8624,512,503,9,10,0,0.037935,17172,17172,11;19;27;35;43;51;59;75;83;91,3
8635,512,503,9,10,0,0.038371,17141,17141,11;19;27;35;43;51;59;75;83;91,3
8645,512,503,9,10,0,0.038632,17109,17109,11;19;27;35;43;51;59;75;83;91,3
8656,512,503,9,11,1,0.039446,17074,17074,11;19;27;35;43;51;59;75;83;91;99,3
8666,512,502,10,12,1,0.026281,17038,17038,11;19;27;35;43;51;59;75;83;91;99;107,3
8674,512,501,11,12,0,0.025364,17006,17006,11;19;27;35;43;51;59;75;83;91;99;107,3
8681,512,501,11,12,0,0.025730,16975,16975,11;19;27;35;43;51;59;75;83;91;99;107,3
8686,512,501,11,12,0,0.026280,16939,16939,11;19;27;35;43;51;59;75;83;91;99;107,3
8691,512,501,11,12,0,0.026737,16908,16908,11;19;27;35;43;51;59;75;83;91;99;107,3
8695,512,501,11,12,0,0.027231,16876,16876,11;19;27;35;43;51;59;75;83;91;99;107,3
8700,512,501,11,12,0,0.027686,16845,16845,11;19;27;35;43;51;59;75;83;91;99;107,3
8706,512,501,11,12,0,0.028224,16814,16814,11;19;27;35;43;51;59;75;83;91;99;107,3
8710,512,501,11,12,0,0.028663,16782,16782,11;19;27;35;43;51;59;75;83;91;99;107,3
8716,512,501,11,12,0,0.029057,16751,16751,11;19;27;35;43;51;59;75;83;91;99;107,3
8721,512,501,11,12,0,0.029562,16720,16720,11;19;27;35;43;51;59;75;83;91;99;107,3
8725,512,501,11,12,0,0.030004,16688,16688,11;19;27;35;43;51;59;75;83;91;99;107,3
8731,512,501,11,12,0,0.030324,16657,16657,11;19;27;35;43;51;59;75;83;91;99;107,3
8736,512,501,11,12,0,0.030846,16626,16626,11;19;27;35;43;51;59;75;83;91;99;107,3
8742,512,501,11,12,0,0.031188,16594,16594,11;19;27;35;43;51;59;75;83;91;99;107,3
8747,512,501,11,12,0,0.031545,16563,16563,11;19;27;35;43;51;59;75;83;91;99;107,3
8752,512,501,11,12,0,0.031834,16532,16532,11;19;27;35;43;51;59;75;83;91;99;107,3
8759,512,501,11,12,0,0.032338,16500,16500,11;19;27;35;43;51;59;75;83;91;99;107,3
8763,512,501,11,12,0,0.032733,16469,16469,11;19;27;35;43;51;59;75;83;91;99;107,3
8769,512,501,11,12,0,0.032978,16438,16438,11;19;27;35;43;51;59;75;83;91;99;107,3
8775,512,501,11,12,0,0.033262,16402,16402,11;19;27;35;43;51;59;75;83;91;99;107,3
8781,512,501,11,12,0,0.033794,16365,16365,11;19;27;35;43;51;59;75;83;91;99;107,3
8787,512,501,11,12,0,0.034000,16334,16334,11;19;27;35;43;51;59;75;83;91;99;107,3
8791,512,501,11,12,0,0.034373,16303,16303,11;19;27;35;43;51;59;75;83;91;99;107,3
8797,512,501,11,13,1,0.034711,16267,16267,11;19;27;35;43;51;59;75;83;91;99;107;115,3
8803,512,500,12,13,0,0.026320,16236,16236,11;19;27;35;43;51;59;75;83;91;99;107;115,3
8808,512,500,12,13,0,0.026685,16205,16205,11;19;27;35;43;51;59;75;83;91;99;107;115,3
8812,512,500,12,14,1,0.027580,16169,16169,11;19;27;35;43;51;59;75;83;91;99;107;115;123,3
8817,512,499,13,14,0,0.026378,16138,16138,11;19;27;35;43;51;59;75;83;91;99;107;115;123,3
8822,512,499,13,14,0,0.026808,16107,16107,11;19;27;35;43;51;59;75;83;91;99;107;115;123,3
8827,512,499,13,14,0,0.027136,16075,16075,11;19;27;35;43;51;59;75;83;91;99;107;115;123,3
8832,512,499,13,14,0,0.027544,16044,16044,11;19;27;35;43;51;59;75;83;91;99;107;115;123,3
8838,512,499,13,14,0,0.028215,16013,16013,11;19;27;35;43;51;59;75;83;91;99;107;115;123,3
8843,512,499,13,14,0,0.028545,15982,15982,11;19;27;35;43;51;59;75;83;91;99;107;115;123,3
8848,512,499,13,14,0,0.029008,15951,15951,11;19;27;35;43;51;59;75;83;91;99;107;115;123,3
8854,512,499,13,14,0,0.029424,15914,15914,11;19;27;35;43;51;59;75;83;91;99;107;115;123,3
8859,512,499,13,14,0,0.029932,15883,15883,11;19;27;35;43;51;59;75;83;91;99;107;115;123,3
8865,512,499,13,14,0,0.030354,15852,15852,11;19;27;35;43;51;59;75;83;91;99;107;115;123,3
8871,512,499,13,14,0,0.030754,15821,15821,11;19;27;35;43;51;59;75;83;91;99;107;115;123,3
8876,512,499,13,14,0,0.031043,15790,15790,11;19;27;35;43;51;59;75;83;91;99;107;115;123,3
8883,512,499,13,14,0,0.031548,15758,15758,11;19;27;35;43;51;59;75;83;91;99;107;115;123,3
8888,512,499,13,14,0,0.031869,15727,15727,11;19;27;35;43;51;59;75;83;91;99;107;115;123,3
8895,512,499,13,14,0,0.032292,15691,15691,11;19;27;35;43;51;59;75;83;91;99;107;115;123,3
8901,512,499,13,14,0,0.032699,15660,15660,11;19;27;35;43;51;59;75;83;91;99;107;115;123,3
8906,512,499,13,14,0,0.033023,15629,15629,11;19;27;35;43;51;59;75;83;91;99;107;115;123,3
8914,512,499,13,14,0,0.033423,15593,15593,11;19;27;35;43;51;59;75;83;91;99;107;115;123,3
8920,512,499,13,14,0,0.033803,15561,15561,11;19;27;35;43;51;59;75;83;91;99;107;115;123,3
8928,512,499,13,14,0,0.034082,15530,15530,11;19;27;35;43;51;59;75;83;91;99;107;115;123,3
8935,512,499,13,14,0,0.034504,15499,15499,11;19;27;35;43;51;59;75;83;91;99;107;115;123,3
8941,512,499,13,14,0,0.034874,15468,15468,11;19;27;35;43;51;59;75;83;91;99;107;115;123,3
8945,512,499,13,14,0,0.035304,15437,15437,11;19;27;35;43;51;59;75;83;91;99;107;115;123,3
8947,512,499,13,14,0,0.035796,15405,15405,11;19;27;35;43;51;59;75;83;91;99;107;115;123,3
8950,512,499,13,14,0,0.036135,15374,15374,11;19;27;35;43;51;59;75;83;91;99;107;115;123,3
8953,512,499,13,14,0,0.036378,15343,15343,11;19;27;35;43;51;59;75;83;91;99;107;115;123,3
8955,512,499,13,14,0,0.036875,15312,15312,11;19;27;35;43;51;59;75;83;91;99;107;115;123,3
8958,512,499,13,14,0,0.037213,15281,15281,11;19;27;35;43;51;59;75;83;91;99;107;115;123,3
8960,512,499,13,14,0,0.037640,15249,15249,11;19;27;35;43;51;59;75;83;91;99;107;115;123,3
8964,512,499,13,14,0,0.037949,15218,15218,11;19;27;35;43;51;59;75;83;91;99;107;115;123,3
8966,512,499,13,14,0,0.038468,15187,15187,11;19;27;35;43;51;59;75;83;91;99;107;115;123,3
8969,512,499,13,14,0,0.038875,15156,15156,11;19;27;35;43;51;59;75;83;91;99;107;115;123,3
8971,512,499,13,14,0,0.039076,15125,15125,11;19;27;35;43;51;59;75;83;91;99;107;115;123,3
8974,512,499,13,14,0,0.039485,15094,15094,11;19;27;35;43;51;59;75;83;91;99;107;115;123,3
8977,512,499,13,14,0,0.039957,15062,15062,11;19;27;35;43;51;59;75;83;91;99;107;115;123,3
8979,512,499,13,14,0,0.040142,15031,15031,11;19;27;35;43;51;59;75;83;91;99;107;115;123,3
8982,512,499,13,14,0,0.040452,14995,14995,11;19;27;35;43;51;59;75;83;91;99;107;115;123,3
8984,512,499,13,14,0,0.040938,14964,14964,11;19;27;35;43;51;59;75;83;91;99;107;115;123,3
8987,512,499,13,14,0,0.041476,14928,14928,11;19;27;35;43;51;59;75;83;91;99;107;115;123,3
8990,512,499,13,14,0,0.041715,14896,14896,11;19;27;35;43;51;59;75;83;91;99;107;115;123,3
8993,512,499,13,14,0,0.042129,14865,14865,11;19;27;35;43;51;59;75;83;91;99;107;115;123,3
8995,512,499,13,14,0,0.042416,14834,14834,11;19;27;35;43;51;59;75;83;91;99;107;115;123,3
8998,512,499,13,14,0,0.042626,14798,14798,11;19;27;35;43;51;59;75;83;91;99;107;115;123,3
9000,512,499,13,14,0,0.042997,14767,14767,11;19;27;35;43;51;59;75;83;91;99;107;115;123,3
9003,512,499,13,14,0,0.043711,14735,14735,11;19;27;35;43;51;59;75;83;91;99;107;115;123,3
9006,512,499,13,14,0,0.043998,14699,14699,11;19;27;35;43;51;59;75;83;91;99;107;115;123,3
9009,512,499,13,14,0,0.044288,14668,14668,11;19;27;35;43;51;59;75;83;91;99;107;115;123,3
9011,512,499,13,14,0,0.044747,14637,14637,11;19;27;35;43;51;59;75;83;91;99;107;115;123,3
9014,512,499,13,14,0,0.045072,14601,14601,11;19;27;35;43;51;59;75;83;91;99;107;115;123,3
9016,512,499,13,14,0,0.045341,14570,14570,11;19;27;35;43;51;59;75;83;91;99;107;115;123,3
9019,512,499,13,14,0,0.045524,14538,14538,11;19;27;35;43;51;59;75;83;91;99;107;115;123,3
9022,512,499,13,14,0,0.046064,14507,14507,11;19;27;35;43;51;59;75;83;91;99;107;115;123,3
9025,512,499,13,14,0,0.046287,14476,14476,11;19;27;35;43;51;59;75;83;91;99;107;115;123,3
9027,512,499,13,14,0,0.046860,14445,14445,11;19;27;35;43;51;59;75;83;91;99;107;115;123,3
9030,512,499,13,14,0,0.047203,14414,14414,11;19;27;35;43;51;59;75;83;91;99;107;115;123,3
9033,512,499,13,14,0,0.047553,14377,14377,11;19;27;35;43;51;59;75;83;91;99;107;115;123,3
9035,512,499,13,14,0,0.048007,14346,14346,11;19;27;35;43;51;59;75;83;91;99;107;115;123,3
9038,512,499,13,14,0,0.048285,14315,14315,11;19;27;35;43;51;59;75;83;91;99;107;115;123,3
9041,512,499,13,14,0,0.048493,14284,14284,11;19;27;35;43;51;59;75;83;91;99;107;115;123,3
9045,512,499,13,14,0,0.049093,14253,14253,11;19;27;35;43;51;59;75;83;91;99;107;115;123,3
9048,512,499,13,14,0,0.049273,14216,14216,11;19;27;35;43;51;59;75;83;91;99;107;115;123,3
9051,512,499,13,14,0,0.049802,14185,14185,11;19;27;35;43;51;59;75;83;91;99;107;115;123,3
9054,512,499,13,14,0,0.049936,14154,14154,11;19;27;35;43;51;59;75;83;91;99;107;115;123,3
9058,512,499,13,14,0,0.050688,14123,14123,11;19;27;35;43;51;59;75;83;91;99;107;115;123,3
9061,512,499,13,14,0,0.050940,14092,14092,11;19;27;35;43;51;59;75;83;91;99;107;115;123,3
9064,512,499,13,14,0,0.051301,14061,14061,11;19;27;35;43;51;59;75;83;91;99;107;115;123,3
9068,512,499,13,14,0,0.051642,14029,14029,11;19;27;35;43;51;59;75;83;91;99;107;115;123,3
9070,512,499,13,14,0,0.052124,13998,13998,11;19;27;35;43;51;59;75;83;91;99;107;115;123,3
9074,512,499,13,14,0,0.052295,13967,13967,11;19;27;35;43;51;59;75;83;91;99;107;115;123,3
9077,512,499,13,14,0,0.052855,13936,13936,11;19;27;35;43;51;59;75;83;91;99;107;115;123,3
9080,512,500,12,13,0,0.053148,14965,14965,11;27;35;43;51;59;75;83;91;99;107;115;123,3
9083,512,500,12,13,0,0.053725,14933,14933,11;27;35;43;51;59;75;83;91;99;107;115;123,3
9086,512,500,12,13,0,0.053854,14902,14902,11;27;35;43;51;59;75;83;91;99;107;115;123,3
9090,512,500,12,13,0,0.054176,14861,14861,11;27;35;43;51;59;75;83;91;99;107;115;123,3
9092,512,500,12,13,0,0.054545,14830,14830,11;27;35;43;51;59;75;83;91;99;107;115;123,3
9096,512,500,12,13,0,0.055125,14798,14798,11;27;35;43;51;59;75;83;91;99;107;115;123,3
9098,512,500,12,13,0,0.055339,14767,14767,11;27;35;43;51;59;75;83;91;99;107;115;123,3
9102,512,500,12,13,0,0.055907,14736,14736,11;27;35;43;51;59;75;83;91;99;107;115;123,3
9105,512,500,12,13,0,0.056178,14705,14705,11;27;35;43;51;59;75;83;91;99;107;115;123,3
9108,512,500,12,13,0,0.056331,14673,14673,11;27;35;43;51;59;75;83;91;99;107;115;123,3
9111,512,500,12,13,0,0.056813,14642,14642,11;27;35;43;51;59;75;83;91;99;107;115;123,3
9113,512,500,12,13,0,0.057196,14611,14611,11;27;35;43;51;59;75;83;91;99;107;115;123,3
9117,512,500,12,13,0,0.057505,14580,14580,11;27;35;43;51;59;75;83;91;99;107;115;123,3
9120,512,500,12,13,0,0.057842,14548,14548,11;27;35;43;51;59;75;83;91;99;107;115;123,3
9123,512,500,12,13,0,0.058485,14517,14517,11;27;35;43;51;59;75;83;91;99;107;115;123,3
9126,512,500,12,13,0,0.058725,14486,14486,11;27;35;43;51;59;75;83;91;99;107;115;123,3
9128,512,500,12,13,0,0.059035,14455,14455,11;27;35;43;51;59;75;83;91;99;107;115;123,3
9132,512,500,12,13,0,0.059243,14418,14418,11;27;35;43;51;59;75;83;91;99;107;115;123,3
9135,512,500,12,13,0,0.059741,14387,14387,11;27;35;43;51;59;75;83;91;99;107;115;123,3
9137,512,500,12,13,0,0.060024,14356,14356,11;27;35;43;51;59;75;83;91;99;107;115;123,3
9141,512,501,11,12,0,0.058806,19802,19802,27;35;43;51;59;75;83;91;99;107;115;123,3
9144,512,502,10,11,0,0.059703,19860,19860,27;35;51;59;75;83;91;99;107;115;123,3
9146,512,502,10,11,0,0.059956,19829,19829,27;35;51;59;75;83;91;99;107;115;123,3
9150,512,502,10,11,0,0.060224,19797,19797,27;35;51;59;75;83;91;99;107;115;123,3
9152,512,502,10,11,0,0.060685,19761,19761,27;35;51;59;75;83;91;99;107;115;123,3
9155,512,502,10,11,0,0.060858,19730,19730,27;35;51;59;75;83;91;99;107;115;123,3
9159,512,502,10,11,0,0.061206,19698,19698,27;35;51;59;75;83;91;99;107;115;123,3
9161,512,502,10,11,0,0.061575,19662,19662,27;35;51;59;75;83;91;99;107;115;123,3
9164,512,502,10,11,0,0.061928,19630,19630,27;35;51;59;75;83;91;99;107;115;123,3
9167,512,502,10,11,0,0.062355,19599,19599,27;35;51;59;75;83;91;99;107;115;123,3
9170,512,502,10,11,0,0.062957,19568,19568,27;35;51;59;75;83;91;99;107;115;123,3
9173,512,502,10,11,0,0.063150,19536,19536,27;35;51;59;75;83;91;99;107;115;123,3
9175,512,502,10,11,0,0.063720,19505,19505,27;35;51;59;75;83;91;99;107;115;123,3
9178,512,502,10,11,0,0.063874,19474,19474,27;35;51;59;75;83;91;99;107;115;123,3
9182,512,502,10,11,0,0.064215,19442,19442,27;35;51;59;75;83;91;99;107;115;123,3
9184,512,502,10,11,0,0.064510,19411,19411,27;35;51;59;75;83;91;99;107;115;123,3
9187,512,502,10,11,0,0.064907,19379,19379,27;35;51;59;75;83;91;99;107;115;123,3
9190,512,502,10,11,0,0.065307,19348,19348,27;35;51;59;75;83;91;99;107;115;123,3
9193,512,502,10,11,0,0.065965,19317,19317,27;35;51;59;75;83;91;99;107;115;123,3
9196,512,502,10,11,0,0.066266,19285,19285,27;35;51;59;75;83;91;99;107;115;123,3
9199,512,502,10,11,0,0.066698,19254,19254,27;35;51;59;75;83;91;99;107;115;123,3
9201,512,502,10,11,0,0.066914,19223,19223,27;35;51;59;75;83;91;99;107;115;123,3
9204,512,502,10,11,0,0.067185,19191,19191,27;35;51;59;75;83;91;99;107;115;123,3
9208,512,502,10,11,0,0.067579,19160,19160,27;35;51;59;75;83;91;99;107;115;123,3
9210,512,502,10,11,0,0.068017,19128,19128,27;35;51;59;75;83;91;99;107;115;123,3
9213,512,502,10,11,0,0.068366,19097,19097,27;35;51;59;75;83;91;99;107;115;123,3
9216,512,502,10,11,0,0.068947,19061,19061,27;35;51;59;75;83;91;99;107;115;123,3
9219,512,502,10,11,0,0.069163,19029,19029,27;35;51;59;75;83;91;99;107;115;123,3
9222,512,502,10,11,0,0.069650,18993,18993,27;35;51;59;75;83;91;99;107;115;123,3
9225,512,502,10,11,0,0.069932,18962,18962,27;35;51;59;75;83;91;99;107;115;123,3
9227,512,502,10,11,0,0.070313,18930,18930,27;35;51;59;75;83;91;99;107;115;123,3
9230,512,502,10,11,0,0.070611,18899,18899,27;35;51;59;75;83;91;99;107;115;123,3
9233,512,502,10,11,0,0.070910,18862,18862,27;35;51;59;75;83;91;99;107;115;123,3
9236,512,502,10,11,0,0.071367,18831,18831,27;35;51;59;75;83;91;99;107;115;123,3
9239,512,502,10,11,0,0.072132,18800,18800,27;35;51;59;75;83;91;99;107;115;123,3
9242,512,502,10,11,0,0.072238,18768,18768,27;35;51;59;75;83;91;99;107;115;123,3
9244,512,502,10,11,0,0.072795,18737,18737,27;35;51;59;75;83;91;99;107;115;123,3
9247,512,502,10,11,0,0.072937,18706,18706,27;35;51;59;75;83;91;99;107;115;123,3
9251,512,502,10,11,0,0.073094,18669,18669,27;35;51;59;75;83;91;99;107;115;123,3
9253,512,502,10,11,0,0.073562,18638,18638,27;35;51;59;75;83;91;99;107;115;123,3
9256,512,502,10,11,0,0.073887,18606,18606,27;35;51;59;75;83;91;99;107;115;123,3
9259,512,502,10,11,0,0.074424,18575,18575,27;35;51;59;75;83;91;99;107;115;123,3
9262,512,502,10,11,0,0.074608,18544,18544,27;35;51;59;75;83;91;99;107;115;123,3
9264,512,502,10,11,0,0.075210,18512,18512,27;35;51;59;75;83;91;99;107;115;123,3
9267,512,502,10,11,0,0.075469,18481,18481,27;35;51;59;75;83;91;99;107;115;123,3
9271,512,502,10,11,0,0.075824,18445,18445,27;35;51;59;75;83;91;99;107;115;123,3
9273,512,502,10,11,0,0.076067,18413,18413,27;35;51;59;75;83;91;99;107;115;123,3
9276,512,502,10,11,0,0.076577,18382,18382,27;35;51;59;75;83;91;99;107;115;123,3
9279,236,226,10,11,1,0.039825,18368,18368,27;35;51;59;75;83;91;99;107;115;123,3
9281,11,0,11,11,0,0.010007,18368,18368,27;35;51;59;75;83;91;99;107;115;123,3
9282,11,0,11,11,0,0.010007,18363,18363,27;35;51;59;75;83;91;99;107;115;123,3
9283,11,0,11,11,0,0.010007,18363,18363,27;35;51;59;75;83;91;99;107;115;123,3
9284,11,0,11,11,0,0.010007,18363,18363,27;35;51;59;75;83;91;99;107;115;123,3
9286,11,0,11,11,0,0.010007,18363,18363,27;35;51;59;75;83;91;99;107;115;123,3
9287,11,0,11,11,0,0.010007,18363,18363,27;35;51;59;75;83;91;99;107;115;123,3
9289,11,0,11,11,0,0.010007,18363,18363,27;35;51;59;75;83;91;99;107;115;123,3
9290,11,0,11,11,0,0.010007,18363,18363,27;35;51;59;75;83;91;99;107;115;123,3
9291,11,0,11,11,0,0.010007,18363,18363,27;35;51;59;75;83;91;99;107;115;123,3
9292,11,0,11,11,0,0.010007,18363,18363,27;35;51;59;75;83;91;99;107;115;123,3
9293,11,0,11,11,0,0.010007,18363,18363,27;35;51;59;75;83;91;99;107;115;123,3
9294,11,0,11,11,0,0.010007,18363,18363,27;35;51;59;75;83;91;99;107;115;123,3
9295,11,0,11,11,0,0.010007,18363,18363,27;35;51;59;75;83;91;99;107;115;123,3
9297,11,0,11,11,0,0.010007,18363,18363,27;35;51;59;75;83;91;99;107;115;123,3
9298,11,0,11,11,0,0.010007,18353,18353,27;35;51;59;75;83;91;99;107;115;123,3
9300,11,0,11,11,0,0.010007,18353,18353,27;35;51;59;75;83;91;99;107;115;123,3
9301,11,0,11,11,0,0.010007,18353,18353,27;35;51;59;75;83;91;99;107;115;123,3
9302,10,0,10,10,0,0.009671,20649,20649,27;35;51;59;83;91;99;107;115;123,3
9303,10,0,10,10,0,0.009671,20649,20649,27;35;51;59;83;91;99;107;115;123,3
9304,10,0,10,10,0,0.009671,20649,20649,27;35;51;59;83;91;99;107;115;123,3
9306,10,0,10,10,0,0.009671,20649,20649,27;35;51;59;83;91;99;107;115;123,3
9307,10,0,10,10,0,0.009671,20649,20649,27;35;51;59;83;91;99;107;115;123,3
9308,10,0,10,10,0,0.009671,20649,20649,27;35;51;59;83;91;99;107;115;123,3
9309,10,0,10,10,0,0.009671,20649,20649,27;35;51;59;83;91;99;107;115;123,3
9310,10,0,10,10,0,0.009671,20649,20649,27;35;51;59;83;91;99;107;115;123,3
9311,10,0,10,10,0,0.009671,20649,20649,27;35;51;59;83;91;99;107;115;123,3
9313,10,0,10,10,0,0.009671,20649,20649,27;35;51;59;83;91;99;107;115;123,3
9315,10,0,10,10,0,0.009671,20649,20649,27;35;51;59;83;91;99;107;115;123,3
9316,10,0,10,10,0,0.009671,20649,20649,27;35;51;59;83;91;99;107;115;123,3
9317,10,0,10,10,0,0.009671,20649,20649,27;35;51;59;83;91;99;107;115;123,3
9318,10,0,10,10,0,0.009671,20649,20649,27;35;51;59;83;91;99;107;115;123,3
9319,10,0,10,10,0,0.009671,20649,20649,27;35;51;59;83;91;99;107;115;123,3
9320,10,0,10,10,0,0.009671,20649,20649,27;35;51;59;83;91;99;107;115;123,3
9321,10,0,10,10,0,0.009671,20649,20649,27;35;51;59;83;91;99;107;115;123,3
9323,10,0,10,10,0,0.009671,20649,20649,27;35;51;59;83;91;99;107;115;123,3
9324,10,0,10,10,0,0.009671,20644,20644,27;35;51;59;83;91;99;107;115;123,3
9325,10,0,10,10,0,0.009671,20644,20644,27;35;51;59;83;91;99;107;115;123,3
9327,10,0,10,10,0,0.009671,20644,20644,27;35;51;59;83;91;99;107;115;123,3
9328,10,0,10,10,0,0.009671,20639,20639,27;35;51;59;83;91;99;107;115;123,3
9329,10,0,10,10,0,0.009671,20639,20639,27;35;51;59;83;91;99;107;115;123,3
9330,10,0,10,10,0,0.009671,20639,20639,27;35;51;59;83;91;99;107;115;123,3
9332,10,0,10,10,0,0.009671,20639,20639,27;35;51;59;83;91;99;107;115;123,3
9333,10,0,10,10,0,0.009671,20639,20639,27;35;51;59;83;91;99;107;115;123,3
9334,10,0,10,10,0,0.009671,20639,20639,27;35;51;59;83;91;99;107;115;123,3
9335,10,0,10,10,0,0.009671,20639,20639,27;35;51;59;83;91;99;107;115;123,3
9336,10,0,10,10,0,0.009671,20639,20639,27;35;51;59;83;91;99;107;115;123,3
9337,10,0,10,10,0,0.009671,20639,20639,27;35;51;59;83;91;99;107;115;123,3
9338,10,0,10,10,0,0.009671,20639,20639,27;35;51;59;83;91;99;107;115;123,3
9340,10,0,10,10,0,0.009671,20639,20639,27;35;51;59;83;91;99;107;115;123,3
9342,10,0,10,10,0,0.009671,20639,20639,27;35;51;59;83;91;99;107;115;123,3
9343,10,0,10,10,0,0.009671,20639,20639,27;35;51;59;83;91;99;107;115;123,3
9344,10,0,10,10,0,0.009671,20639,20639,27;35;51;59;83;91;99;107;115;123,3
9345,10,0,10,10,0,0.009671,20639,20639,27;35;51;59;83;91;99;107;115;123,3
9346,10,0,10,10,0,0.009671,20639,20639,27;35;51;59;83;91;99;107;115;123,3
9347,10,0,10,10,0,0.009671,20639,20639,27;35;51;59;83;91;99;107;115;123,3
9349,10,0,10,10,0,0.009671,20639,20639,27;35;51;59;83;91;99;107;115;123,3
9350,10,0,10,10,0,0.009771,20639,20639,27;35;51;59;83;91;99;107;115;123,3
9351,9,0,9,9,0,0.009794,21135,21135,27;35;59;83;91;99;107;115;123,3
9352,9,0,9,9,0,0.009794,21135,21135,27;35;59;83;91;99;107;115;123,3
9353,9,0,9,9,0,0.009794,21130,21130,27;35;59;83;91;99;107;115;123,3
9355,9,0,9,9,0,0.009794,21130,21130,27;35;59;83;91;99;107;115;123,3
9356,9,0,9,9,0,0.009794,21130,21130,27;35;59;83;91;99;107;115;123,3
9358,9,0,9,9,0,0.009794,21130,21130,27;35;59;83;91;99;107;115;123,3
9359,9,0,9,9,0,0.009794,21125,21125,27;35;59;83;91;99;107;115;123,3
9360,9,0,9,9,0,0.009794,21125,21125,27;35;59;83;91;99;107;115;123,3
9361,8,0,8,8,0,0.009482,21213,21213,27;35;83;91;99;107;115;123,3
9362,8,0,8,8,0,0.009482,21208,21208,27;35;83;91;99;107;115;123,3
9363,8,0,8,8,0,0.009482,21208,21208,27;35;83;91;99;107;115;123,3
9364,8,0,8,8,0,0.009482,21208,21208,27;35;83;91;99;107;115;123,3
9365,8,0,8,8,0,0.009482,21203,21203,27;35;83;91;99;107;115;123,3
9367,8,0,8,8,0,0.009482,21203,21203,27;35;83;91;99;107;115;123,3
9368,8,0,8,8,0,0.009482,21203,21203,27;35;83;91;99;107;115;123,3
9370,8,0,8,8,0,0.009482,21203,21203,27;35;83;91;99;107;115;123,3
9371,8,0,8,8,0,0.009482,21203,21203,27;35;83;91;99;107;115;123,3
9372,7,0,7,7,0,0.009413,22272,22272,27;83;91;99;107;115;123,3
9373,7,0,7,7,0,0.009413,22272,22272,27;83;91;99;107;115;123,3
9374,7,0,7,7,0,0.009413,22272,22272,27;83;91;99;107;115;123,3
9376,7,0,7,7,0,0.009413,22272,22272,27;83;91;99;107;115;123,3
9377,7,0,7,7,0,0.009413,22272,22272,27;83;91;99;107;115;123,3
9378,7,0,7,7,0,0.009413,22272,22272,27;83;91;99;107;115;123,3
9379,7,0,7,7,0,0.009413,22272,22272,27;83;91;99;107;115;123,3
9380,7,0,7,7,0,0.009413,22267,22267,27;83;91;99;107;115;123,3
9381,7,0,7,7,0,0.009413,22267,22267,27;83;91;99;107;115;123,3
9383,6,0,6,6,0,0.009350,22357,22357,27;83;91;99;107;123,3
9384,6,0,6,6,0,0.009350,22357,22357,27;83;91;99;107;123,3
9386,6,0,6,6,0,0.009350,22357,22357,27;83;91;99;107;123,3
9387,6,0,6,6,0,0.009350,22357,22357,27;83;91;99;107;123,3
9388,6,0,6,6,0,0.009350,22357,22357,27;83;91;99;107;123,3
9389,6,0,6,6,0,0.009350,22357,22357,27;83;91;99;107;123,3
9390,6,0,6,6,0,0.009350,22357,22357,27;83;91;99;107;123,3
9391,6,0,6,6,0,0.009350,22357,22357,27;83;91;99;107;123,3
9392,6,0,6,6,0,0.009350,22357,22357,27;83;91;99;107;123,3
9393,6,0,6,6,0,0.009350,22357,22357,27;83;91;99;107;123,3
9395,6,0,6,6,0,0.009350,22357,22357,27;83;91;99;107;123,3
9396,6,0,6,6,0,0.009350,22357,22357,27;83;91;99;107;123,3
9398,6,0,6,6,0,0.009350,22357,22357,27;83;91;99;107;123,3
9399,6,0,6,6,0,0.009350,22357,22357,27;83;91;99;107;123,3
9400,6,0,6,6,0,0.009350,22357,22357,27;83;91;99;107;123,3
9401,5,0,5,5,0,0.009293,22434,22434,27;83;91;107;123,3
9402,5,0,5,5,0,0.009293,22434,22434,27;83;91;107;123,3
9404,5,0,5,5,0,0.009293,22434,22434,27;83;91;107;123,3
9405,5,0,5,5,0,0.009293,22434,22434,27;83;91;107;123,3
9406,5,0,5,5,0,0.009293,22434,22434,27;83;91;107;123,3
9407,5,0,5,5,0,0.009293,22434,22434,27;83;91;107;123,3
9408,5,0,5,5,0,0.009293,22434,22434,27;83;91;107;123,3
9409,5,0,5,5,0,0.009293,22434,22434,27;83;91;107;123,3
9410,5,0,5,5,0,0.009293,22434,22434,27;83;91;107;123,3
9412,5,0,5,5,0,0.009293,22434,22434,27;83;91;107;123,3
9414,5,0,5,5,0,0.009293,22434,22434,27;83;91;107;123,3
9415,5,0,5,5,0,0.009293,22434,22434,27;83;91;107;123,3
9416,5,0,5,5,0,0.009293,22434,22434,27;83;91;107;123,3
9417,5,0,5,5,0,0.009293,22434,22434,27;83;91;107;123,3
9418,5,0,5,5,0,0.009293,22434,22434,27;83;91;107;123,3
9419,5,0,5,5,0,0.009293,22434,22434,27;83;91;107;123,3
9420,5,0,5,5,0,0.009293,22434,22434,27;83;91;107;123,3
9421,5,0,5,5,0,0.009293,22434,22434,27;83;91;107;123,3
9423,5,0,5,5,0,0.009293,22434,22434,27;83;91;107;123,3
9424,5,0,5,5,0,0.009293,22434,22434,27;83;91;107;123,3
9425,5,0,5,5,0,0.009293,22434,22434,27;83;91;107;123,3
9427,5,0,5,5,0,0.009293,22434,22434,27;83;91;107;123,3
9428,5,0,5,5,0,0.009293,22434,22434,27;83;91;107;123,3
9429,5,0,5,5,0,0.009293,22434,22434,27;83;91;107;123,3
9430,5,0,5,5,0,0.009293,22434,22434,27;83;91;107;123,3
9431,5,0,5,5,0,0.009293,22434,22434,27;83;91;107;123,3
9433,5,0,5,5,0,0.009293,22434,22434,27;83;91;107;123,3
9434,5,0,5,5,0,0.009293,22434,22434,27;83;91;107;123,3
9435,5,0,5,5,0,0.009293,22434,22434,27;83;91;107;123,3
9436,5,0,5,5,0,0.009293,22434,22434,27;83;91;107;123,3
9437,5,0,5,5,0,0.009293,22434,22434,27;83;91;107;123,3
9438,5,0,5,5,0,0.009293,22434,22434,27;83;91;107;123,3
9439,5,0,5,5,0,0.009293,22434,22434,27;83;91;107;123,3
9441,5,0,5,5,0,0.009293,22434,22434,27;83;91;107;123,3
9443,5,0,5,5,0,0.009293,22434,22434,27;83;91;107;123,3
9444,5,0,5,5,0,0.009293,22434,22434,27;83;91;107;123,3
9445,5,0,5,5,0,0.009293,22434,22434,27;83;91;107;123,3
9446,5,0,5,5,0,0.009293,22434,22434,27;83;91;107;123,3
9447,5,0,5,5,0,0.009293,22434,22434,27;83;91;107;123,3
9448,5,0,5,5,0,0.009293,22429,22429,27;83;91;107;123,3
9449,5,0,5,5,0,0.009293,22429,22429,27;83;91;107;123,3
9450,5,0,5,5,0,0.009293,22424,22424,27;83;91;107;123,3
9452,5,0,5,5,0,0.009293,22424,22424,27;83;91;107;123,3
9453,5,0,5,5,0,0.009293,22424,22424,27;83;91;107;123,3
9454,5,0,5,5,0,0.009293,22424,22424,27;83;91;107;123,3
9455,4,0,4,4,0,0.009163,23558,23558,27;91;107;123,3
9457,4,0,4,4,0,0.009163,23558,23558,27;91;107;123,3
9458,4,0,4,4,0,0.009163,23558,23558,27;91;107;123,3
9459,4,0,4,4,0,0.009163,23553,23553,27;91;107;123,3
9460,4,0,4,4,0,0.009163,23553,23553,27;91;107;123,3
9462,4,0,4,4,0,0.009163,23553,23553,27;91;107;123,3
9463,4,0,4,4,0,0.009163,23553,23553,27;91;107;123,3
9464,4,0,4,4,0,0.009163,23553,23553,27;91;107;123,3
9465,4,0,4,4,0,0.009163,23553,23553,27;91;107;123,3
9466,4,0,4,4,0,0.009163,23553,23553,27;91;107;123,3
9467,4,0,4,4,0,0.009163,23553,23553,27;91;107;123,3
9468,4,0,4,4,0,0.009163,23553,23553,27;91;107;123,3
9469,4,0,4,4,0,0.009163,23553,23553,27;91;107;123,3
9472,4,0,4,4,0,0.009163,23553,23553,27;91;107;123,3
9473,4,0,4,4,0,0.009163,23553,23553,27;91;107;123,3
9474,4,0,4,4,0,0.009163,23553,23553,27;91;107;123,3
9475,4,0,4,4,0,0.009163,23553,23553,27;91;107;123,3
9476,4,0,4,4,0,0.009163,23553,23553,27;91;107;123,3
9477,4,0,4,4,0,0.009163,23548,23548,27;91;107;123,3
9478,4,0,4,4,0,0.009163,23548,23548,27;91;107;123,3
9479,4,0,4,4,0,0.009163,23548,23548,27;91;107;123,3
9481,4,0,4,4,0,0.009163,23548,23548,27;91;107;123,3
9482,4,0,4,4,0,0.009163,23548,23548,27;91;107;123,3
9483,4,0,4,4,0,0.009163,23548,23548,27;91;107;123,3
9484,4,0,4,4,0,0.009163,23548,23548,27;91;107;123,3
9486,4,0,4,4,0,0.009163,23548,23548,27;91;107;123,3
9487,4,0,4,4,0,0.009163,23548,23548,27;91;107;123,3
9488,4,0,4,4,0,0.009163,23548,23548,27;91;107;123,3
9489,4,0,4,4,0,0.009163,23548,23548,27;91;107;123,3
9491,4,0,4,4,0,0.009163,23548,23548,27;91;107;123,3
9492,4,0,4,4,0,0.009163,23548,23548,27;91;107;123,3
9493,4,0,4,4,0,0.009163,23548,23548,27;91;107;123,3
9494,4,0,4,4,0,0.009163,23548,23548,27;91;107;123,3
9495,4,0,4,4,0,0.009163,23548,23548,27;91;107;123,3
9496,4,0,4,4,0,0.009163,23548,23548,27;91;107;123,3
9497,4,0,4,4,0,0.009163,23548,23548,27;91;107;123,3
9498,4,0,4,4,0,0.009163,23548,23548,27;91;107;123,3
9500,4,0,4,4,0,0.009163,23548,23548,27;91;107;123,3
9502,4,0,4,4,0,0.009163,23548,23548,27;91;107;123,3
9503,4,0,4,4,0,0.009163,23548,23548,27;91;107;123,3
9504,4,0,4,4,0,0.009163,23548,23548,27;91;107;123,3
9506,4,0,4,4,0,0.009163,23548,23548,27;91;107;123,3
9507,4,0,4,4,0,0.009163,23548,23548,27;91;107;123,3
9509,4,0,4,4,0,0.009163,23548,23548,27;91;107;123,3
9510,4,0,4,4,0,0.009163,23548,23548,27;91;107;123,3
9511,4,0,4,4,0,0.009163,23548,23548,27;91;107;123,3
9514,4,0,4,4,0,0.009163,23548,23548,27;91;107;123,3
9515,4,0,4,4,0,0.009163,23548,23548,27;91;107;123,3
9516,4,0,4,4,0,0.009163,23548,23548,27;91;107;123,3
9518,4,0,4,4,0,0.009163,23548,23548,27;91;107;123,3
9519,4,0,4,4,0,0.009163,23548,23548,27;91;107;123,3
9520,4,0,4,4,0,0.009163,23548,23548,27;91;107;123,3
9522,4,0,4,4,0,0.009163,23548,23548,27;91;107;123,3
9523,4,0,4,4,0,0.009163,23548,23548,27;91;107;123,3
9525,4,0,4,4,0,0.009163,23548,23548,27;91;107;123,3
9527,4,0,4,4,0,0.009163,23548,23548,27;91;107;123,3
9528,4,0,4,4,0,0.009163,23548,23548,27;91;107;123,3
9529,4,0,4,4,0,0.009163,23548,23548,27;91;107;123,3
9531,4,0,4,4,0,0.009163,23548,23548,27;91;107;123,3
9532,4,0,4,4,0,0.009163,23548,23548,27;91;107;123,3
9533,4,0,4,4,0,0.009163,23548,23548,27;91;107;123,3
9535,4,0,4,4,0,0.009163,23548,23548,27;91;107;123,3
9537,4,0,4,4,0,0.009163,23548,23548,27;91;107;123,3
9538,4,0,4,4,0,0.009163,23548,23548,27;91;107;123,3
9540,4,0,4,4,0,0.009163,23548,23548,27;91;107;123,3
9541,4,0,4,4,0,0.009163,23548,23548,27;91;107;123,3
9542,4,0,4,4,0,0.009163,23548,23548,27;91;107;123,3
9544,4,0,4,4,0,0.009163,23548,23548,27;91;107;123,3
9545,4,0,4,4,0,0.009270,23548,23548,27;91;107;123,3
9546,4,0,4,4,0,0.009270,23548,23548,27;91;107;123,3
9548,4,0,4,4,0,0.009270,23548,23548,27;91;107;123,3
9550,4,0,4,4,0,0.009270,23548,23548,27;91;107;123,3
9551,4,0,4,4,0,0.009270,23548,23548,27;91;107;123,3
9553,4,0,4,4,0,0.009270,23548,23548,27;91;107;123,3
9554,4,0,4,4,0,0.009270,23543,23543,27;91;107;123,3
9555,4,0,4,4,0,0.009270,23543,23543,27;91;107;123,3
9556,4,0,4,4,0,0.009270,23538,23538,27;91;107;123,3
9558,4,0,4,4,0,0.009270,23538,23538,27;91;107;123,3
9559,4,0,4,4,0,0.009270,23538,23538,27;91;107;123,3
9561,4,0,4,4,0,0.009270,23538,23538,27;91;107;123,3
9563,4,0,4,4,0,0.009270,23538,23538,27;91;107;123,3
9564,4,0,4,4,0,0.009270,23538,23538,27;91;107;123,3
9565,4,0,4,4,0,0.009270,23538,23538,27;91;107;123,3
9567,4,0,4,4,0,0.009270,23533,23533,27;91;107;123,3
9568,4,0,4,4,0,0.009270,23533,23533,27;91;107;123,3
9569,4,0,4,4,0,0.009270,23533,23533,27;91;107;123,3
9570,4,0,4,4,0,0.009270,23533,23533,27;91;107;123,3
9572,4,0,4,4,0,0.009270,23533,23533,27;91;107;123,3
9574,4,0,4,4,0,0.009270,23533,23533,27;91;107;123,3
9575,4,0,4,4,0,0.009270,23533,23533,27;91;107;123,3
9577,4,0,4,4,0,0.009270,23533,23533,27;91;107;123,3
9578,4,0,4,4,0,0.009270,23533,23533,27;91;107;123,3
9579,4,0,4,4,0,0.009270,23533,23533,27;91;107;123,3
9581,4,0,4,4,0,0.009270,23533,23533,27;91;107;123,3
9582,4,0,4,4,0,0.009270,23533,23533,27;91;107;123,3
9583,4,0,4,4,0,0.009270,23533,23533,27;91;107;123,3
9585,4,0,4,4,0,0.009270,23533,23533,27;91;107;123,3
9587,4,0,4,4,0,0.009270,23533,23533,27;91;107;123,3
9588,4,0,4,4,0,0.009270,23528,23528,27;91;107;123,3
9589,4,0,4,4,0,0.009270,23528,23528,27;91;107;123,3
9591,4,0,4,4,0,0.009270,23528,23528,27;91;107;123,3
9592,4,0,4,4,0,0.009270,23528,23528,27;91;107;123,3
9593,4,0,4,4,0,0.009270,23528,23528,27;91;107;123,3
9595,4,0,4,4,0,0.009270,23528,23528,27;91;107;123,3
9597,4,0,4,4,0,0.009270,23528,23528,27;91;107;123,3
9598,4,0,4,4,0,0.009270,23528,23528,27;91;107;123,3
9600,4,0,4,4,0,0.009270,23528,23528,27;91;107;123,3
9601,4,0,4,4,0,0.009270,23528,23528,27;91;107;123,3
9602,4,0,4,4,0,0.009270,23528,23528,27;91;107;123,3
9604,4,0,4,4,0,0.009270,23528,23528,27;91;107;123,3
9605,4,0,4,4,0,0.009270,23528,23528,27;91;107;123,3
9606,4,0,4,4,0,0.009270,23528,23528,27;91;107;123,3
9608,4,0,4,4,0,0.009270,23528,23528,27;91;107;123,3
9610,4,0,4,4,0,0.009270,23528,23528,27;91;107;123,3
9611,4,0,4,4,0,0.009270,23528,23528,27;91;107;123,3
9613,4,0,4,4,0,0.009270,23528,23528,27;91;107;123,3
9614,4,0,4,4,0,0.009270,23528,23528,27;91;107;123,3
9615,4,0,4,4,0,0.009270,23528,23528,27;91;107;123,3
9617,4,0,4,4,0,0.009270,23528,23528,27;91;107;123,3
9618,4,0,4,4,0,0.009270,23528,23528,27;91;107;123,3
9619,4,0,4,4,0,0.009270,23528,23528,27;91;107;123,3
9621,4,0,4,4,0,0.009270,23528,23528,27;91;107;123,3
9623,4,0,4,4,0,0.009270,23528,23528,27;91;107;123,3
9624,4,0,4,4,0,0.009270,23528,23528,27;91;107;123,3
9626,4,0,4,4,0,0.009270,23528,23528,27;91;107;123,3
9627,4,0,4,4,0,0.009270,23528,23528,27;91;107;123,3
9628,4,0,4,4,0,0.009270,23528,23528,27;91;107;123,3
9630,4,0,4,4,0,0.009270,23528,23528,27;91;107;123,3
9631,4,0,4,4,0,0.009270,23528,23528,27;91;107;123,3
9632,3,0,3,3,0,0.008934,24624,24624,27;107;123,3
9635,3,0,3,3,0,0.008934,24624,24624,27;107;123,3
9636,3,0,3,3,0,0.008934,24624,24624,27;107;123,3
9637,3,0,3,3,0,0.008934,24624,24624,27;107;123,3
9639,3,0,3,3,0,0.008934,24624,24624,27;107;123,3
9640,3,0,3,3,0,0.008934,24624,24624,27;107;123,3
9642,3,0,3,3,0,0.008934,24624,24624,27;107;123,3
9644,3,0,3,3,0,0.008934,24624,24624,27;107;123,3
9646,3,0,3,3,0,0.008934,24624,24624,27;107;123,3
9648,3,0,3,3,0,0.008934,24624,24624,27;107;123,3
9651,3,0,3,3,0,0.008934,24624,24624,27;107;123,3
9653,3,0,3,3,0,0.008934,24624,24624,27;107;123,3
9655,3,0,3,3,0,0.008934,24624,24624,27;107;123,3
9657,3,0,3,3,0,0.008934,24624,24624,27;107;123,3
9658,3,0,3,3,0,0.008934,24624,24624,27;107;123,3
9660,3,0,3,3,0,0.008934,24624,24624,27;107;123,3
9662,3,0,3,3,0,0.008934,24624,24624,27;107;123,3
9664,3,0,3,3,0,0.008934,24624,24624,27;107;123,3
9666,3,0,3,3,0,0.008934,24624,24624,27;107;123,3
9669,3,0,3,3,0,0.008934,24624,24624,27;107;123,3
9671,3,0,3,3,0,0.008934,24624,24624,27;107;123,3
9673,3,0,3,3,0,0.008934,24624,24624,27;107;123,3
9675,3,0,3,3,0,0.008934,24624,24624,27;107;123,3
9677,3,0,3,3,0,0.008934,24624,24624,27;107;123,3
9678,3,0,3,3,0,0.008934,24624,24624,27;107;123,3
9680,3,0,3,3,0,0.008934,24624,24624,27;107;123,3
9682,3,0,3,3,0,0.008934,24624,24624,27;107;123,3
9684,3,0,3,3,0,0.008934,24619,24619,27;107;123,3
9687,3,0,3,3,0,0.008934,24619,24619,27;107;123,3
9689,3,0,3,3,0,0.008934,24619,24619,27;107;123,3
9691,3,0,3,3,0,0.008934,24619,24619,27;107;123,3
9693,3,0,3,3,0,0.008934,24619,24619,27;107;123,3
9695,3,0,3,3,0,0.008934,24619,24619,27;107;123,3
9697,3,0,3,3,0,0.008934,24619,24619,27;107;123,3
9699,3,0,3,3,0,0.008934,24614,24614,27;107;123,3
9700,3,0,3,3,0,0.008934,24614,24614,27;107;123,3
9702,3,0,3,3,0,0.008934,24614,24614,27;107;123,3
9705,3,0,3,3,0,0.008934,24614,24614,27;107;123,3
9707,3,0,3,3,0,0.008934,24614,24614,27;107;123,3
9709,3,0,3,3,0,0.008934,24614,24614,27;107;123,3
9711,3,0,3,3,0,0.008934,24614,24614,27;107;123,3
9713,3,0,3,3,0,0.008934,24614,24614,27;107;123,3
9715,3,0,3,3,0,0.008934,24614,24614,27;107;123,3
9717,3,0,3,3,0,0.008934,24614,24614,27;107;123,3
9719,3,0,3,3,0,0.008934,24614,24614,27;107;123,3
9720,3,0,3,3,0,0.008934,24614,24614,27;107;123,3
9723,3,0,3,3,0,0.008934,24614,24614,27;107;123,3
9725,3,0,3,3,0,0.008934,24614,24614,27;107;123,3
9727,3,0,3,3,0,0.008934,24614,24614,27;107;123,3
9729,3,0,3,3,0,0.008934,24609,24609,27;107;123,3
9731,3,0,3,3,0,0.008934,24609,24609,27;107;123,3
9733,3,0,3,3,0,0.008934,24609,24609,27;107;123,3
9735,3,0,3,3,0,0.008934,24609,24609,27;107;123,3
9737,3,0,3,3,0,0.008934,24609,24609,27;107;123,3
9739,3,0,3,3,0,0.008934,24609,24609,27;107;123,3
9742,3,0,3,3,0,0.008934,24609,24609,27;107;123,3
9743,3,0,3,3,0,0.008934,24609,24609,27;107;123,3
9745,3,0,3,3,0,0.008934,24609,24609,27;107;123,3
9747,3,0,3,3,0,0.008934,24609,24609,27;107;123,3
9749,3,0,3,3,0,0.008934,24609,24609,27;107;123,3
9751,3,0,3,3,0,0.008934,24609,24609,27;107;123,3
9753,3,0,3,3,0,0.008934,24609,24609,27;107;123,3
9755,3,0,3,3,0,0.008934,24609,24609,27;107;123,3
9757,3,0,3,3,0,0.008934,24609,24609,27;107;123,3
9759,3,0,3,3,0,0.008934,24609,24609,27;107;123,3
9762,3,0,3,3,0,0.008934,24609,24609,27;107;123,3
9764,2,0,2,2,0,0.009221,25015,25015,107;123,3
9765,2,0,2,2,0,0.009221,25015,25015,107;123,3
9767,2,0,2,2,0,0.009221,25015,25015,107;123,3
9769,2,0,2,2,0,0.009221,25015,25015,107;123,3
9771,2,0,2,2,0,0.009221,25015,25015,107;123,3
9773,2,0,2,2,0,0.009221,25015,25015,107;123,3
9775,2,0,2,2,0,0.009221,25015,25015,107;123,3
9777,2,0,2,2,0,0.009221,25015,25015,107;123,3
9780,2,0,2,2,0,0.009221,25015,25015,107;123,3
9782,2,0,2,2,0,0.009221,25015,25015,107;123,3
9784,2,0,2,2,0,0.009221,25015,25015,107;123,3
9786,2,0,2,2,0,0.009221,25015,25015,107;123,3
9788,2,0,2,2,0,0.009221,25015,25015,107;123,3
9790,2,0,2,2,0,0.009221,25015,25015,107;123,3
9792,2,0,2,2,0,0.009221,25015,25015,107;123,3
9794,2,0,2,2,0,0.009221,25015,25015,107;123,3
9795,2,0,2,2,0,0.009221,25015,25015,107;123,3
9798,2,0,2,2,0,0.009221,25015,25015,107;123,3
9800,2,0,2,2,0,0.009221,25015,25015,107;123,3
9802,2,0,2,2,0,0.009221,25015,25015,107;123,3
9804,2,0,2,2,0,0.009221,25015,25015,107;123,3
9806,2,0,2,2,0,0.009221,25015,25015,107;123,3
9808,2,0,2,2,0,0.009221,25015,25015,107;123,3
9810,2,0,2,2,0,0.009221,25015,25015,107;123,3
9812,2,0,2,2,0,0.009221,25015,25015,107;123,3
9814,2,0,2,2,0,0.009221,25015,25015,107;123,3
9817,2,0,2,2,0,0.009221,25015,25015,107;123,3
9819,2,0,2,2,0,0.009221,25015,25015,107;123,3
9821,2,0,2,2,0,0.009221,25015,25015,107;123,3
9823,2,0,2,2,0,0.009221,25015,25015,107;123,3
9825,2,0,2,2,0,0.009221,25015,25015,107;123,3
9826,2,0,2,2,0,0.009221,25015,25015,107;123,3
9828,2,0,2,2,0,0.009221,25015,25015,107;123,3
9830,2,0,2,2,0,0.009221,25015,25015,107;123,3
9832,2,0,2,2,0,0.009221,25015,25015,107;123,3
9835,2,0,2,2,0,0.009221,25015,25015,107;123,3
9837,2,0,2,2,0,0.009221,25015,25015,107;123,3
9839,2,0,2,2,0,0.009221,25015,25015,107;123,3
9841,2,0,2,2,0,0.009221,25015,25015,107;123,3
9843,2,0,2,2,0,0.009221,25015,25015,107;123,3
9845,2,0,2,2,0,0.009221,25015,25015,107;123,3
9847,2,0,2,2,0,0.009221,25015,25015,107;123,3
9849,2,0,2,2,0,0.009221,25015,25015,107;123,3
9851,2,0,2,2,0,0.009221,25015,25015,107;123,3
9854,2,0,2,2,0,0.009221,25015,25015,107;123,3
9856,2,0,2,2,0,0.009221,25015,25015,107;123,3
9858,2,0,2,2,0,0.009221,25015,25015,107;123,3
9860,2,0,2,2,0,0.009221,25015,25015,107;123,3
9862,1,0,1,1,0,0.010138,25794,25794,123,3
9864,1,0,1,1,0,0.010138,25794,25794,123,3
9866,1,0,1,1,0,0.010138,25794,25794,123,3
9868,1,0,1,1,0,0.010138,25794,25794,123,3
9870,1,0,1,1,0,0.010138,25794,25794,123,3
9873,1,0,1,1,0,0.010138,25794,25794,123,3
9875,1,0,1,1,0,0.010138,25794,25794,123,3
9877,1,0,1,1,0,0.010138,25794,25794,123,3
9879,1,0,1,1,0,0.010138,25794,25794,123,3
9881,1,0,1,1,0,0.010138,25794,25794,123,3
9883,1,0,1,1,0,0.010138,25794,25794,123,3
9885,1,0,1,1,0,0.010138,25794,25794,123,3
9887,1,0,1,1,0,0.010138,25794,25794,123,3
62,512,512,0,1,0,0.021144,30172,30172,4,4
70,512,512,0,1,0,0.021484,30140,30140,4,4
78,512,512,0,1,0,0.021982,30108,30108,4,4
87,512,512,0,1,0,0.022426,30076,30076,4,4
96,512,512,0,1,0,0.022905,30044,30044,4,4
106,512,512,0,1,0,0.023417,30012,30012,4,4
117,512,512,0,1,0,0.023840,29980,29980,4,4
128,512,512,0,1,0,0.024395,29948,29948,4,4
139,512,512,0,1,0,0.024858,29916,29916,4,4
150,512,512,0,1,0,0.025252,29884,29884,4,4
164,512,512,0,1,0,0.025757,29852,29852,4,4
178,512,512,0,1,0,0.026199,29820,29820,4,4
194,512,512,0,1,0,0.026519,29788,29788,4,4
207,512,512,0,1,0,0.027041,29756,29756,4,4
224,104,104,0,1,1,0.009572,29749,29749,4,4
229,1,0,1,1,0,0.007706,29749,29749,4,4
234,1,0,1,1,0,0.007706,29749,29749,4,4
765,512,512,0,1,0,0.021484,30140,30140,12,4
772,512,512,0,1,0,0.021982,30108,30108,12,4
784,512,512,0,1,0,0.022426,30076,30076,12,4
794,512,512,0,1,0,0.022905,30044,30044,12,4
804,512,512,0,1,0,0.023417,30012,30012,12,4
815,512,512,0,1,0,0.023840,29980,29980,12,4
828,512,512,0,1,0,0.024395,29948,29948,12,4
839,512,512,0,1,0,0.024858,29916,29916,12,4
850,512,512,0,1,0,0.025252,29884,29884,12,4
860,512,512,0,1,0,0.025757,29852,29852,12,4
871,512,512,0,1,0,0.026199,29820,29820,12,4
879,512,512,0,1,0,0.026519,29788,29788,12,4
890,180,180,0,1,1,0.010479,29776,29776,12,4
894,1,0,1,1,0,0.007619,29776,29776,12,4
899,1,0,1,1,0,0.007619,29776,29776,12,4
903,1,0,1,1,0,0.007619,29776,29776,12,4
909,1,0,1,1,0,0.007619,29776,29776,12,4
912,1,0,1,1,0,0.007619,29776,29776,12,4
917,1,0,1,1,0,0.007619,29776,29776,12,4
922,1,0,1,1,0,0.007619,29776,29776,12,4
928,1,0,1,1,0,0.007619,29776,29776,12,4
932,1,0,1,1,0,0.007619,29776,29776,12,4
936,1,0,1,1,0,0.007619,29776,29776,12,4
942,1,0,1,1,0,0.007619,29776,29776,12,4
947,1,0,1,1,0,0.007619,29776,29776,12,4
951,1,0,1,1,0,0.007619,29776,29776,12,4
955,1,0,1,1,0,0.007619,29776,29776,12,4
960,1,0,1,1,0,0.007619,29776,29776,12,4
966,1,0,1,1,0,0.007619,29776,29776,12,4
970,1,0,1,1,0,0.007619,29776,29776,12,4
975,1,0,1,1,0,0.007619,29776,29776,12,4
978,1,0,1,1,0,0.007619,29776,29776,12,4
983,1,0,1,1,0,0.007619,29776,29776,12,4
988,1,0,1,1,0,0.007619,29776,29776,12,4
992,1,0,1,1,0,0.007619,29776,29776,12,4
996,1,0,1,1,0,0.007619,29776,29776,12,4
1001,1,0,1,1,0,0.007619,29776,29776,12,4
1006,1,0,1,1,0,0.007619,29776,29776,12,4
1011,1,0,1,1,0,0.007619,29776,29776,12,4
1016,1,0,1,1,0,0.007619,29776,29776,12,4
1020,1,0,1,1,0,0.007619,29776,29776,12,4
1026,1,0,1,1,0,0.007619,29776,29776,12,4
1030,1,0,1,1,0,0.007619,29776,29776,12,4
1035,1,0,1,1,0,0.007619,29776,29776,12,4
1040,1,0,1,1,0,0.007619,29776,29776,12,4
1045,1,0,1,1,0,0.007619,29776,29776,12,4
1050,1,0,1,1,0,0.007619,29776,29776,12,4
1053,1,0,1,1,0,0.007619,29776,29776,12,4
1058,1,0,1,1,0,0.007619,29776,29776,12,4
1065,1,0,1,1,0,0.007619,29776,29776,12,4
1069,1,0,1,1,0,0.007619,29776,29776,12,4
1073,1,0,1,1,0,0.007619,29776,29776,12,4
1078,1,0,1,1,0,0.007619,29776,29776,12,4
1082,1,0,1,1,0,0.007619,29776,29776,12,4
1089,1,0,1,1,0,0.007619,29776,29776,12,4
1093,1,0,1,1,0,0.007619,29776,29776,12,4
1098,1,0,1,1,0,0.007619,29776,29776,12,4
1102,1,0,1,1,0,0.007619,29776,29776,12,4
1107,1,0,1,1,0,0.007619,29776,29776,12,4
1114,1,0,1,1,0,0.007619,29776,29776,12,4
1118,1,0,1,1,0,0.007619,29776,29776,12,4
1121,1,0,1,1,0,0.007619,29776,29776,12,4
1127,1,0,1,1,0,0.007619,29776,29776,12,4
1131,1,0,1,1,0,0.007619,29776,29776,12,4
1135,1,0,1,1,0,0.007619,29776,29776,12,4
1138,1,0,1,1,0,0.007619,29776,29776,12,4
1143,1,0,1,1,0,0.007619,29776,29776,12,4
1147,1,0,1,1,0,0.007619,29776,29776,12,4
1150,1,0,1,1,0,0.007619,29776,29776,12,4
1157,1,0,1,1,0,0.007619,29776,29776,12,4
1160,1,0,1,1,0,0.007619,29776,29776,12,4
1164,1,0,1,1,0,0.007619,29776,29776,12,4
1169,1,0,1,1,0,0.007619,29776,29776,12,4
1173,1,0,1,1,0,0.007619,29776,29776,12,4
1177,1,0,1,1,0,0.007619,29776,29776,12,4
1181,1,0,1,1,0,0.007619,29776,29776,12,4
1187,1,0,1,1,0,0.007619,29776,29776,12,4
1190,1,0,1,1,0,0.007619,29776,29776,12,4
1193,1,0,1,1,0,0.007619,29776,29776,12,4
1199,1,0,1,1,0,0.007619,29776,29776,12,4
1203,1,0,1,1,0,0.007619,29776,29776,12,4
1207,1,0,1,1,0,0.007619,29776,29776,12,4
1212,1,0,1,1,0,0.007619,29776,29776,12,4
1215,1,0,1,1,0,0.007619,29776,29776,12,4
1220,1,0,1,1,0,0.007619,29776,29776,12,4
1224,1,0,1,1,0,0.007619,29776,29776,12,4
1229,1,0,1,1,0,0.007619,29776,29776,12,4
1233,1,0,1,1,0,0.007619,29776,29776,12,4
1236,1,0,1,1,0,0.007619,29771,29771,12,4
1242,1,0,1,1,0,0.007632,29771,29771,12,4
1246,1,0,1,1,0,0.007632,29771,29771,12,4
1250,1,0,1,1,0,0.007632,29771,29771,12,4
1253,1,0,1,1,0,0.007632,29771,29771,12,4
1258,1,0,1,1,0,0.007632,29771,29771,12,4
1261,1,0,1,1,0,0.007632,29771,29771,12,4
1267,1,0,1,1,0,0.007632,29771,29771,12,4
1270,1,0,1,1,0,0.007632,29771,29771,12,4
1275,1,0,1,1,0,0.007632,29771,29771,12,4
1278,1,0,1,1,0,0.007632,29771,29771,12,4
1282,512,511,1,2,0,0.022708,29735,29735,12;20,4
1293,512,511,1,2,0,0.023206,29703,29703,12;20,4
1306,512,511,1,2,0,0.023650,29671,29671,12;20,4
1315,512,511,1,2,0,0.024129,29639,29639,12;20,4
1327,512,511,1,2,0,0.024641,29607,29607,12;20,4
1336,512,511,1,2,0,0.025064,29575,29575,12;20,4
1348,512,511,1,2,0,0.025619,29543,29543,12;20,4
1359,512,511,1,2,0,0.026082,29511,29511,12;20,4
1372,512,511,1,2,0,0.026476,29479,29479,12;20,4
1385,512,511,1,2,0,0.026981,29447,29447,12;20,4
1397,512,511,1,2,0,0.027423,29415,29415,12;20,4
1410,512,511,1,2,0,0.027743,29383,29383,12;20,4
1421,512,511,1,2,0,0.028265,29351,29351,12;20,4
1437,512,511,1,2,0,0.028648,29319,29319,12;20,4
1454,512,511,1,2,0,0.028964,29287,29287,12;20,4
1472,512,511,1,2,0,0.029469,29256,29256,12;20,4
1490,512,511,1,2,0,0.029794,29224,29224,12;20,4
1508,512,511,1,2,0,0.030152,29192,29192,12;20,4
1525,512,511,1,2,0,0.030604,29160,29160,12;20,4
1542,512,511,1,2,0,0.030845,29128,29128,12;20,4
1558,512,511,1,2,0,0.031230,29096,29096,12;20,4
1575,512,511,1,2,0,0.031583,29064,29064,12;20,4
1591,512,511,1,2,0,0.032117,29032,29032,12;20,4
1607,512,511,1,2,0,0.032519,29000,29000,12;20,4
1627,512,511,1,2,0,0.032866,28968,28968,12;20,4
1648,512,511,1,2,0,0.033189,28936,28936,12;20,4
1667,512,511,1,2,0,0.033621,28904,28904,12;20,4
1688,512,511,1,2,0,0.033971,28872,28872,12;20,4
1709,512,511,1,2,0,0.034396,28840,28840,12;20,4
1731,512,511,1,2,0,0.034696,28808,28808,12;20,4
1752,512,511,1,2,0,0.035214,28776,28776,12;20,4
1773,512,511,1,2,0,0.035653,28745,28745,12;20,4
1791,512,511,1,2,0,0.035853,28713,28713,12;20,4
1810,512,511,1,2,0,0.036262,28681,28681,12;20,4
1829,512,511,1,2,0,0.036734,28649,28649,12;20,4
1844,512,511,1,2,0,0.036919,28617,28617,12;20,4
1865,512,511,1,2,0,0.037423,28585,28585,12;20,4
1885,512,511,1,2,0,0.037765,28553,28553,12;20,4
1906,512,511,1,2,0,0.038253,28521,28521,12;20,4
1923,512,511,1,2,0,0.038708,28489,28489,12;20,4
1940,512,511,1,2,0,0.038953,28457,28457,12;20,4
1958,512,511,1,2,0,0.039198,28425,28425,12;20,4
1973,512,511,1,2,0,0.039696,28393,28393,12;20,4
1993,512,511,1,2,0,0.039986,28361,28361,12;20,4
2010,512,511,1,2,0,0.040494,28329,28329,12;20,4
2029,512,511,1,2,0,0.040968,28297,28297,12;20,4
2049,512,511,1,2,0,0.041344,28265,28265,12;20,4
2071,512,511,1,2,0,0.041759,28234,28234,12;20,4
2093,512,511,1,2,0,0.041936,28202,28202,12;20,4
2114,512,511,1,2,0,0.042279,28170,28170,12;20,4
2135,512,511,1,2,0,0.042714,28138,28138,12;20,4
2157,512,511,1,3,1,0.043328,28101,28101,12;20;28,4
2178,512,510,2,3,0,0.023367,28069,28069,12;20;28,4
2192,512,510,2,3,0,0.023774,28037,28037,12;20;28,4
2204,512,510,2,3,0,0.024339,28005,28005,12;20;28,4
2218,512,510,2,3,0,0.024796,27973,27973,12;20;28,4
2231,512,510,2,3,0,0.025237,27941,27941,12;20;28,4
2245,512,510,2,3,0,0.025748,27910,27910,12;20;28,4
2259,512,510,2,3,0,0.026283,27878,27878,12;20;28,4
2273,512,510,2,3,0,0.026682,27846,27846,12;20;28,4
2285,512,510,2,3,0,0.027141,27814,27814,12;20;28,4
2298,512,510,2,3,0,0.027569,27782,27782,12;20;28,4
2313,512,510,2,3,0,0.028019,27750,27750,12;20;28,4
2328,512,510,2,3,0,0.028386,27718,27718,12;20;28,4
2342,512,510,2,3,0,0.028891,27686,27686,12;20;28,4
2353,512,510,2,4,1,0.029302,27650,27650,12;20;28;36,4
2365,512,509,3,4,0,0.023514,27618,27618,12;20;28;36,4
2377,512,509,3,4,0,0.023880,27586,27586,12;20;28;36,4
2387,512,509,3,4,0,0.024447,27555,27555,12;20;28;36,4
2399,512,509,3,4,0,0.024941,27518,27518,12;20;28;36,4
2410,139,136,3,4,1,0.011385,27509,27509,12;20;28;36,4
2416,4,0,4,4,0,0.008049,27509,27509,12;20;28;36,4
2420,4,0,4,4,0,0.008049,27509,27509,12;20;28;36,4
2425,4,0,4,4,0,0.008049,27509,27509,12;20;28;36,4
2429,4,0,4,4,0,0.008049,27509,27509,12;20;28;36,4
2433,4,0,4,4,0,0.008049,27509,27509,12;20;28;36,4
2438,3,0,3,3,0,0.008018,27966,27966,12;20;36,4
2443,3,0,3,3,0,0.008018,27966,27966,12;20;36,4
2447,3,0,3,3,0,0.008018,27966,27966,12;20;36,4
2452,3,0,3,3,0,0.008018,27966,27966,12;20;36,4
2458,3,0,3,3,0,0.008018,27966,27966,12;20;36,4
2461,3,0,3,3,0,0.008018,27966,27966,12;20;36,4
2465,3,0,3,3,0,0.008018,27966,27966,12;20;36,4
2468,3,0,3,3,0,0.008018,27966,27966,12;20;36,4
2474,3,0,3,3,0,0.008018,27966,27966,12;20;36,4
2478,3,0,3,3,0,0.008018,27966,27966,12;20;36,4
2481,3,0,3,3,0,0.008018,27966,27966,12;20;36,4
2485,3,0,3,3,0,0.008018,27966,27966,12;20;36,4
2492,3,0,3,3,0,0.008018,27966,27966,12;20;36,4
2496,3,0,3,3,0,0.008018,27966,27966,12;20;36,4
2499,3,0,3,3,0,0.008018,27966,27966,12;20;36,4
2503,3,0,3,3,0,0.008018,27966,27966,12;20;36,4
2509,3,0,3,3,0,0.008018,27966,27966,12;20;36,4
2513,3,0,3,3,0,0.008018,27966,27966,12;20;36,4
2518,3,0,3,3,0,0.008018,27966,27966,12;20;36,4
2524,3,0,3,3,0,0.008018,27966,27966,12;20;36,4
2529,3,0,3,3,0,0.008018,27966,27966,12;20;36,4
2533,3,0,3,3,0,0.008018,27966,27966,12;20;36,4
2537,3,0,3,3,0,0.008018,27966,27966,12;20;36,4
2542,3,0,3,3,0,0.008018,27966,27966,12;20;36,4
2547,3,0,3,3,0,0.008018,27966,27966,12;20;36,4
2553,2,0,2,2,0,0.008167,28114,28114,12;20,4
2557,2,0,2,2,0,0.008167,28114,28114,12;20,4
2562,2,0,2,2,0,0.008167,28114,28114,12;20,4
2566,2,0,2,2,0,0.008167,28114,28114,12;20,4
2573,2,0,2,2,0,0.008167,28114,28114,12;20,4
2577,2,0,2,2,0,0.008167,28114,28114,12;20,4
2582,2,0,2,2,0,0.008167,28114,28114,12;20,4
2587,2,0,2,2,0,0.008167,28114,28114,12;20,4
2592,2,0,2,2,0,0.008167,28114,28114,12;20,4
2597,2,0,2,2,0,0.008167,28114,28114,12;20,4
2602,2,0,2,2,0,0.008167,28114,28114,12;20,4
2606,2,0,2,2,0,0.008167,28114,28114,12;20,4
2611,2,0,2,2,0,0.008167,28114,28114,12;20,4
2616,2,0,2,2,0,0.008167,28114,28114,12;20,4
2624,2,0,2,2,0,0.008167,28114,28114,12;20,4
2628,2,0,2,2,0,0.008167,28114,28114,12;20,4
2633,2,0,2,2,0,0.008167,28114,28114,12;20,4
2638,2,0,2,2,0,0.008167,28114,28114,12;20,4
2643,2,0,2,2,0,0.008167,28114,28114,12;20,4
2647,2,0,2,2,0,0.008167,28114,28114,12;20,4
2652,2,0,2,2,0,0.008167,28114,28114,12;20,4
2658,2,0,2,2,0,0.008167,28114,28114,12;20,4
2663,2,0,2,2,0,0.008167,28114,28114,12;20,4
2667,2,0,2,2,0,0.008167,28114,28114,12;20,4
2671,2,0,2,2,0,0.008167,28114,28114,12;20,4
2677,2,0,2,2,0,0.008167,28114,28114,12;20,4
2682,2,0,2,2,0,0.008167,28114,28114,12;20,4
2686,2,0,2,2,0,0.008167,28114,28114,12;20,4
2692,2,0,2,2,0,0.008167,28114,28114,12;20,4
2696,2,0,2,2,0,0.008167,28109,28109,12;20,4
2702,2,0,2,2,0,0.008167,28109,28109,12;20,4
2707,2,0,2,2,0,0.008167,28109,28109,12;20,4
2712,2,0,2,2,0,0.008167,28109,28109,12;20,4
2717,2,0,2,2,0,0.008167,28109,28109,12;20,4
2722,2,0,2,2,0,0.008167,28109,28109,12;20,4
2728,2,0,2,2,0,0.008167,28109,28109,12;20,4
2734,2,0,2,2,0,0.008167,28109,28109,12;20,4
2739,2,0,2,2,0,0.008167,28109,28109,12;20,4
2744,2,0,2,2,0,0.008167,28109,28109,12;20,4
2750,2,0,2,2,0,0.008167,28109,28109,12;20,4
2755,2,0,2,2,0,0.008167,28109,28109,12;20,4
2761,2,0,2,2,0,0.008167,28109,28109,12;20,4
2766,2,0,2,2,0,0.008167,28109,28109,12;20,4
2773,2,0,2,2,0,0.008167,28109,28109,12;20,4
2778,2,0,2,2,0,0.008167,28109,28109,12;20,4
2783,2,0,2,2,0,0.008167,28109,28109,12;20,4
2789,2,0,2,2,0,0.008167,28109,28109,12;20,4
2795,2,0,2,2,0,0.008167,28109,28109,12;20,4
2801,2,0,2,2,0,0.008167,28104,28104,12;20,4
2806,2,0,2,2,0,0.008167,28104,28104,12;20,4
2813,2,0,2,2,0,0.008167,28104,28104,12;20,4
2818,2,0,2,2,0,0.008167,28104,28104,12;20,4
2825,2,0,2,2,0,0.008167,28104,28104,12;20,4
2830,2,0,2,2,0,0.008167,28104,28104,12;20,4
2835,2,0,2,2,0,0.008167,28104,28104,12;20,4
2840,2,0,2,2,0,0.008167,28104,28104,12;20,4
2845,2,0,2,2,0,0.008153,28104,28104,12;20,4
2852,512,510,2,3,0,0.023259,28068,28068,12;20;44,4
2866,512,510,2,3,0,0.023757,28036,28036,12;20;44,4
2880,512,510,2,3,0,0.024201,28004,28004,12;20;44,4
2896,512,510,2,3,0,0.024680,27972,27972,12;20;44,4
2910,512,510,2,3,0,0.025192,27940,27940,12;20;44,4
2927,512,510,2,3,0,0.025615,27908,27908,12;20;44,4
2943,512,510,2,3,0,0.026170,27876,27876,12;20;44,4
2957,512,510,2,3,0,0.026633,27845,27845,12;20;44,4
2975,512,510,2,3,0,0.027027,27813,27813,12;20;44,4
2988,512,510,2,3,0,0.027532,27781,27781,12;20;44,4
3003,512,510,2,3,0,0.027974,27749,27749,12;20;44,4
3017,512,510,2,3,0,0.028294,27717,27717,12;20;44,4
3028,512,510,2,3,0,0.028816,27685,27685,12;20;44,4
3040,512,510,2,3,0,0.029200,27653,27653,12;20;44,4
3050,512,510,2,3,0,0.029515,27621,27621,12;20;44,4
3063,512,510,2,3,0,0.030021,27590,27590,12;20;44,4
3076,512,510,2,3,0,0.030346,27558,27558,12;20;44,4
3088,512,510,2,3,0,0.030703,27526,27526,12;20;44,4
3098,437,435,2,3,1,0.024893,27499,27499,12;20;44,4
3107,3,0,3,3,0,0.008161,27499,27499,12;20;44,4
3110,3,0,3,3,0,0.008161,27499,27499,12;20;44,4
3114,3,0,3,3,0,0.008161,27499,27499,12;20;44,4
3116,3,0,3,3,0,0.008161,27499,27499,12;20;44,4
3121,3,0,3,3,0,0.008161,27499,27499,12;20;44,4
3125,3,0,3,3,0,0.008161,27499,27499,12;20;44,4
3127,3,0,3,3,0,0.008161,27499,27499,12;20;44,4
3130,3,0,3,3,0,0.008161,27499,27499,12;20;44,4
3135,3,0,3,3,0,0.008161,27499,27499,12;20;44,4
3138,3,0,3,3,0,0.008161,27499,27499,12;20;44,4
3140,3,0,3,3,0,0.008161,27499,27499,12;20;44,4
3145,3,0,3,3,0,0.008161,27499,27499,12;20;44,4
3148,3,0,3,3,0,0.008161,27499,27499,12;20;44,4
3152,3,0,3,3,0,0.008161,27499,27499,12;20;44,4
3159,3,0,3,3,0,0.008161,27499,27499,12;20;44,4
3162,3,0,3,3,0,0.008161,27499,27499,12;20;44,4
3165,3,0,3,3,0,0.008161,27499,27499,12;20;44,4
3169,3,0,3,3,0,0.008161,27499,27499,12;20;44,4
3173,3,0,3,3,0,0.008161,27499,27499,12;20;44,4
3176,3,0,3,3,0,0.008161,27499,27499,12;20;44,4
3182,3,0,3,3,0,0.008161,27499,27499,12;20;44,4
3187,3,0,3,3,0,0.008161,27499,27499,12;20;44,4
3191,512,509,3,4,0,0.023312,27463,27463,12;20;44;52,4
3198,512,509,3,4,0,0.023810,27431,27431,12;20;44;52,4
3211,512,509,3,4,0,0.024254,27399,27399,12;20;44;52,4
3224,512,509,3,4,0,0.024733,27367,27367,12;20;44;52,4
3237,512,509,3,4,0,0.025245,27335,27335,12;20;44;52,4
3250,512,509,3,4,0,0.025668,27304,27304,12;20;44;52,4
3264,512,509,3,4,0,0.026223,27272,27272,12;20;44;52,4
3276,512,509,3,4,0,0.026686,27240,27240,12;20;44;52,4
3292,512,509,3,4,0,0.027080,27208,27208,12;20;44;52,4
3305,512,509,3,4,0,0.027585,27176,27176,12;20;44;52,4
3320,512,509,3,4,0,0.028027,27145,27145,12;20;44;52,4
3333,512,509,3,4,0,0.028347,27108,27108,12;20;44;52,4
3346,512,509,3,4,0,0.028869,27076,27076,12;20;44;52,4
3359,512,509,3,4,0,0.029252,27044,27044,12;20;44;52,4
3371,512,509,3,4,0,0.029568,27012,27012,12;20;44;52,4
3384,512,509,3,4,0,0.030073,26981,26981,12;20;44;52,4
3396,512,509,3,4,0,0.030398,26949,26949,12;20;44;52,4
3410,324,321,3,4,1,0.022168,26929,26929,12;20;44;52,4
3419,4,0,4,4,0,0.008396,26929,26929,12;20;44;52,4
3421,4,0,4,4,0,0.008396,26929,26929,12;20;44;52,4
3425,4,0,4,4,0,0.008396,26929,26929,12;20;44;52,4
3429,4,0,4,4,0,0.008396,26929,26929,12;20;44;52,4
3434,4,0,4,4,0,0.008396,26929,26929,12;20;44;52,4
3437,4,0,4,4,0,0.008396,26929,26929,12;20;44;52,4
3442,4,0,4,4,0,0.008396,26929,26929,12;20;44;52,4
3444,4,0,4,4,0,0.008396,26929,26929,12;20;44;52,4
3447,4,0,4,4,0,0.008396,26929,26929,12;20;44;52,4
3450,4,0,4,4,0,0.008396,26929,26929,12;20;44;52,4
3453,4,0,4,4,0,0.008396,26929,26929,12;20;44;52,4
3456,4,0,4,4,0,0.008396,26929,26929,12;20;44;52,4
3460,4,0,4,4,0,0.008396,26924,26924,12;20;44;52,4
3462,4,0,4,4,0,0.008396,26924,26924,12;20;44;52,4
3464,4,0,4,4,0,0.008396,26924,26924,12;20;44;52,4
3469,4,0,4,4,0,0.008396,26924,26924,12;20;44;52,4
3470,4,0,4,4,0,0.008396,26924,26924,12;20;44;52,4
3472,4,0,4,4,0,0.008396,26924,26924,12;20;44;52,4
3477,4,0,4,4,0,0.008396,26924,26924,12;20;44;52,4
3478,4,0,4,4,0,0.008396,26924,26924,12;20;44;52,4
3481,4,0,4,4,0,0.008396,26924,26924,12;20;44;52,4
3485,4,0,4,4,0,0.008396,26924,26924,12;20;44;52,4
3487,4,0,4,4,0,0.008396,26924,26924,12;20;44;52,4
3488,4,0,4,4,0,0.008396,26924,26924,12;20;44;52,4
3493,4,0,4,4,0,0.008396,26919,26919,12;20;44;52,4
3496,4,0,4,4,0,0.008396,26919,26919,12;20;44;52,4
3497,4,0,4,4,0,0.008396,26919,26919,12;20;44;52,4
3499,4,0,4,4,0,0.008396,26919,26919,12;20;44;52,4
3502,4,0,4,4,0,0.008396,26919,26919,12;20;44;52,4
3506,4,0,4,4,0,0.008396,26919,26919,12;20;44;52,4
3508,4,0,4,4,0,0.008396,26919,26919,12;20;44;52,4
3511,4,0,4,4,0,0.008396,26919,26919,12;20;44;52,4
3512,4,0,4,4,0,0.008396,26919,26919,12;20;44;52,4
3517,4,0,4,4,0,0.008396,26919,26919,12;20;44;52,4
3519,4,0,4,4,0,0.008396,26919,26919,12;20;44;52,4
3520,4,0,4,4,0,0.008396,26919,26919,12;20;44;52,4
3526,4,0,4,4,0,0.008396,26919,26919,12;20;44;52,4
3528,4,0,4,4,0,0.008396,26919,26919,12;20;44;52,4
3530,4,0,4,4,0,0.008396,26919,26919,12;20;44;52,4
3534,4,0,4,4,0,0.008396,26919,26919,12;20;44;52,4
3536,4,0,4,4,0,0.008396,26919,26919,12;20;44;52,4
3538,4,0,4,4,0,0.008396,26919,26919,12;20;44;52,4
3541,512,508,4,5,0,0.023567,26883,26883,12;20;44;52;60,4
3549,512,508,4,5,0,0.024065,26851,26851,12;20;44;52;60,4
3555,512,508,4,5,0,0.024509,26819,26819,12;20;44;52;60,4
3559,512,508,4,5,0,0.024988,26788,26788,12;20;44;52;60,4
3566,512,508,4,5,0,0.025500,26756,26756,12;20;44;52;60,4
3571,512,508,4,5,0,0.025923,26724,26724,12;20;44;52;60,4
3578,512,508,4,5,0,0.026478,26692,26692,12;20;44;52;60,4
3585,512,508,4,5,0,0.026941,26661,26661,12;20;44;52;60,4
3590,512,508,4,5,0,0.027335,26629,26629,12;20;44;52;60,4
3596,512,508,4,5,0,0.027840,26597,26597,12;20;44;52;60,4
3603,512,508,4,5,0,0.028282,26565,26565,12;20;44;52;60,4
3610,512,508,4,5,0,0.028602,26534,26534,12;20;44;52;60,4
3618,512,508,4,5,0,0.029124,26502,26502,12;20;44;52;60,4
3626,512,508,4,5,0,0.029507,26470,26470,12;20;44;52;60,4
3638,512,508,4,5,0,0.029823,26438,26438,12;20;44;52;60,4
3648,512,508,4,5,0,0.030328,26407,26407,12;20;44;52;60,4
3657,512,508,4,5,0,0.030616,26375,26375,12;20;44;52;60,4
3668,512,508,4,5,0,0.031011,26343,26343,12;20;44;52;60,4
3679,512,508,4,5,0,0.031256,26311,26311,12;20;44;52;60,4
3687,512,508,4,5,0,0.031684,26280,26280,12;20;44;52;60,4
3694,512,508,4,5,0,0.032088,26248,26248,12;20;44;52;60,4
3703,512,508,4,5,0,0.032298,26216,26216,12;20;44;52;60,4
3711,512,508,4,5,0,0.032911,26184,26184,12;20;44;52;60,4
3719,512,508,4,5,0,0.033379,26148,26148,12;20;44;52;60,4
3727,512,508,4,5,0,0.033579,26116,26116,12;20;44;52;60,4
3734,512,508,4,5,0,0.034017,26084,26084,12;20;44;52;60,4
3741,512,508,4,5,0,0.034480,26052,26052,12;20;44;52;60,4
3748,512,508,4,6,1,0.034844,26016,26016,12;20;44;52;60;68,4
3759,512,507,5,6,0,0.023702,25984,25984,12;20;44;52;60;68,4
3764,512,507,5,6,0,0.024142,25952,25952,12;20;44;52;60;68,4
3770,512,507,5,6,0,0.024648,25921,25921,12;20;44;52;60;68,4
3775,512,507,5,6,0,0.025143,25884,25884,12;20;44;52;60;68,4
3782,512,507,5,6,0,0.025520,25852,25852,12;20;44;52;60;68,4
3788,512,507,5,6,0,0.026053,25820,25820,12;20;44;52;60;68,4
3794,512,507,5,6,0,0.026628,25789,25789,12;20;44;52;60;68,4
3799,512,507,5,6,0,0.026991,25757,25757,12;20;44;52;60;68,4
3805,512,507,5,6,0,0.027468,25725,25725,12;20;44;52;60;68,4
3812,512,507,5,6,0,0.027949,25694,25694,12;20;44;52;60;68,4
3818,512,507,5,6,0,0.028327,25662,25662,12;20;44;52;60;68,4
3825,207,202,5,6,1,0.014771,25649,25649,12;20;44;52;60;68,4
3827,6,0,6,6,0,0.008466,25649,25649,12;20;44;52;60;68,4
3831,6,0,6,6,0,0.008466,25649,25649,12;20;44;52;60;68,4
3833,6,0,6,6,0,0.008466,25649,25649,12;20;44;52;60;68,4
3835,6,0,6,6,0,0.008466,25649,25649,12;20;44;52;60;68,4
3838,6,0,6,6,0,0.008466,25649,25649,12;20;44;52;60;68,4
3841,6,0,6,6,0,0.008466,25649,25649,12;20;44;52;60;68,4
3844,6,0,6,6,0,0.008466,25649,25649,12;20;44;52;60;68,4
3846,6,0,6,6,0,0.008466,25649,25649,12;20;44;52;60;68,4
3848,6,0,6,6,0,0.008466,25649,25649,12;20;44;52;60;68,4
3851,6,0,6,6,0,0.008466,25649,25649,12;20;44;52;60;68,4
3854,6,0,6,6,0,0.008466,25644,25644,12;20;44;52;60;68,4
3855,6,0,6,6,0,0.008466,25644,25644,12;20;44;52;60;68,4
3858,6,0,6,6,0,0.008466,25644,25644,12;20;44;52;60;68,4
3861,6,0,6,6,0,0.008482,25644,25644,12;20;44;52;60;68,4
3864,6,0,6,6,0,0.008482,25644,25644,12;20;44;52;60;68,4
3867,6,0,6,6,0,0.008482,25644,25644,12;20;44;52;60;68,4
3869,6,0,6,6,0,0.008482,25644,25644,12;20;44;52;60;68,4
3872,6,0,6,6,0,0.008482,25644,25644,12;20;44;52;60;68,4
3874,512,506,6,7,0,0.023696,25608,25608,12;20;44;52;60;68;76,4
3880,512,506,6,7,0,0.024194,25576,25576,12;20;44;52;60;68;76,4
3885,418,412,6,7,1,0.018554,25551,25551,12;20;44;52;60;68;76,4
3890,7,0,7,7,0,0.008488,25551,25551,12;20;44;52;60;68;76,4
3893,7,0,7,7,0,0.008488,25546,25546,12;20;44;52;60;68;76,4
3894,7,0,7,7,0,0.008488,25546,25546,12;20;44;52;60;68;76,4
3897,7,0,7,7,0,0.008488,25546,25546,12;20;44;52;60;68;76,4
3899,7,0,7,7,0,0.008488,25546,25546,12;20;44;52;60;68;76,4
3903,7,0,7,7,0,0.008488,25546,25546,12;20;44;52;60;68;76,4
3905,7,0,7,7,0,0.008488,25546,25546,12;20;44;52;60;68;76,4
3907,7,0,7,7,0,0.008488,25546,25546,12;20;44;52;60;68;76,4
3910,7,0,7,7,0,0.008488,25546,25546,12;20;44;52;60;68;76,4
3913,7,0,7,7,0,0.008488,25546,25546,12;20;44;52;60;68;76,4
3915,7,0,7,7,0,0.008488,25546,25546,12;20;44;52;60;68;76,4
3918,7,0,7,7,0,0.008488,25546,25546,12;20;44;52;60;68;76,4
3919,7,0,7,7,0,0.008488,25546,25546,12;20;44;52;60;68;76,4
3922,7,0,7,7,0,0.008488,25546,25546,12;20;44;52;60;68;76,4
3925,7,0,7,7,0,0.008488,25546,25546,12;20;44;52;60;68;76,4
3928,7,0,7,7,0,0.008488,25546,25546,12;20;44;52;60;68;76,4
3930,7,0,7,7,0,0.008488,25546,25546,12;20;44;52;60;68;76,4
3933,7,0,7,7,0,0.008488,25546,25546,12;20;44;52;60;68;76,4
3936,7,0,7,7,0,0.008488,25546,25546,12;20;44;52;60;68;76,4
3938,7,0,7,7,0,0.008488,25546,25546,12;20;44;52;60;68;76,4
3940,7,0,7,7,0,0.008488,25546,25546,12;20;44;52;60;68;76,4
3944,7,0,7,7,0,0.008488,25546,25546,12;20;44;52;60;68;76,4
3945,7,0,7,7,0,0.008488,25546,25546,12;20;44;52;60;68;76,4
3946,7,0,7,7,0,0.008488,25546,25546,12;20;44;52;60;68;76,4
3953,7,0,7,7,0,0.008488,25546,25546,12;20;44;52;60;68;76,4
3954,7,0,7,7,0,0.008488,25546,25546,12;20;44;52;60;68;76,4
3956,7,0,7,7,0,0.008488,25546,25546,12;20;44;52;60;68;76,4
3959,7,0,7,7,0,0.008488,25546,25546,12;20;44;52;60;68;76,4
3962,7,0,7,7,0,0.008488,25546,25546,12;20;44;52;60;68;76,4
3965,7,0,7,7,0,0.008488,25546,25546,12;20;44;52;60;68;76,4
3968,7,0,7,7,0,0.008488,25546,25546,12;20;44;52;60;68;76,4
3971,7,0,7,7,0,0.008488,25546,25546,12;20;44;52;60;68;76,4
3972,7,0,7,7,0,0.008488,25546,25546,12;20;44;52;60;68;76,4
3976,7,0,7,7,0,0.008488,25546,25546,12;20;44;52;60;68;76,4
3980,7,0,7,7,0,0.008488,25546,25546,12;20;44;52;60;68;76,4
3982,7,0,7,7,0,0.008488,25546,25546,12;20;44;52;60;68;76,4
3985,7,0,7,7,0,0.008488,25546,25546,12;20;44;52;60;68;76,4
3987,7,0,7,7,0,0.008488,25546,25546,12;20;44;52;60;68;76,4
3991,7,0,7,7,0,0.008488,25546,25546,12;20;44;52;60;68;76,4
3994,7,0,7,7,0,0.008488,25546,25546,12;20;44;52;60;68;76,4
3996,7,0,7,7,0,0.008488,25546,25546,12;20;44;52;60;68;76,4
3998,7,0,7,7,0,0.008488,25546,25546,12;20;44;52;60;68;76,4
4002,7,0,7,7,0,0.008488,25541,25541,12;20;44;52;60;68;76,4
4005,7,0,7,7,0,0.008488,25541,25541,12;20;44;52;60;68;76,4
4008,7,0,7,7,0,0.008488,25541,25541,12;20;44;52;60;68;76,4
4012,7,0,7,7,0,0.008488,25536,25536,12;20;44;52;60;68;76,4
4014,7,0,7,7,0,0.008488,25536,25536,12;20;44;52;60;68;76,4
4017,7,0,7,7,0,0.008488,25536,25536,12;20;44;52;60;68;76,4
4019,7,0,7,7,0,0.008488,25536,25536,12;20;44;52;60;68;76,4
4023,7,0,7,7,0,0.008488,25536,25536,12;20;44;52;60;68;76,4
4026,7,0,7,7,0,0.008488,25531,25531,12;20;44;52;60;68;76,4
4028,7,0,7,7,0,0.008488,25531,25531,12;20;44;52;60;68;76,4
4032,7,0,7,7,0,0.008488,25531,25531,12;20;44;52;60;68;76,4
4034,7,0,7,7,0,0.008488,25531,25531,12;20;44;52;60;68;76,4
4037,7,0,7,7,0,0.008488,25531,25531,12;20;44;52;60;68;76,4
4040,7,0,7,7,0,0.008488,25531,25531,12;20;44;52;60;68;76,4
4043,7,0,7,7,0,0.008488,25526,25526,12;20;44;52;60;68;76,4
4046,7,0,7,7,0,0.008488,25526,25526,12;20;44;52;60;68;76,4
4048,7,0,7,7,0,0.008488,25526,25526,12;20;44;52;60;68;76,4
4051,6,0,6,6,0,0.008397,26141,26141,12;20;52;60;68;76,4
4054,6,0,6,6,0,0.008397,26141,26141,12;20;52;60;68;76,4
4057,6,0,6,6,0,0.008397,26141,26141,12;20;52;60;68;76,4
4060,6,0,6,6,0,0.008397,26141,26141,12;20;52;60;68;76,4
4062,6,0,6,6,0,0.008397,26136,26136,12;20;52;60;68;76,4
4065,6,0,6,6,0,0.008397,26136,26136,12;20;52;60;68;76,4
4069,6,0,6,6,0,0.008397,26136,26136,12;20;52;60;68;76,4
4071,6,0,6,6,0,0.008397,26136,26136,12;20;52;60;68;76,4
4072,6,0,6,6,0,0.008397,26136,26136,12;20;52;60;68;76,4
4076,6,0,6,6,0,0.008397,26136,26136,12;20;52;60;68;76,4
4079,6,0,6,6,0,0.008397,26131,26131,12;20;52;60;68;76,4
4081,6,0,6,6,0,0.008397,26131,26131,12;20;52;60;68;76,4
4085,6,0,6,6,0,0.008397,26131,26131,12;20;52;60;68;76,4
4089,6,0,6,6,0,0.008397,26131,26131,12;20;52;60;68;76,4
4090,6,0,6,6,0,0.008397,26131,26131,12;20;52;60;68;76,4
4091,6,0,6,6,0,0.008397,26131,26131,12;20;52;60;68;76,4
4097,6,0,6,6,0,0.008397,26131,26131,12;20;52;60;68;76,4
4099,6,0,6,6,0,0.008397,26131,26131,12;20;52;60;68;76,4
4100,6,0,6,6,0,0.008397,26131,26131,12;20;52;60;68;76,4
4105,6,0,6,6,0,0.008397,26131,26131,12;20;52;60;68;76,4
4107,6,0,6,6,0,0.008397,26131,26131,12;20;52;60;68;76,4
4109,6,0,6,6,0,0.008397,26131,26131,12;20;52;60;68;76,4
4111,6,0,6,6,0,0.008397,26131,26131,12;20;52;60;68;76,4
4117,6,0,6,6,0,0.008397,26131,26131,12;20;52;60;68;76,4
4118,6,0,6,6,0,0.008397,26131,26131,12;20;52;60;68;76,4
4120,6,0,6,6,0,0.008397,26131,26131,12;20;52;60;68;76,4
4121,6,0,6,6,0,0.008397,26131,26131,12;20;52;60;68;76,4
4126,6,0,6,6,0,0.008397,26131,26131,12;20;52;60;68;76,4
4128,6,0,6,6,0,0.008397,26131,26131,12;20;52;60;68;76,4
4130,6,0,6,6,0,0.008397,26131,26131,12;20;52;60;68;76,4
4135,6,0,6,6,0,0.008397,26131,26131,12;20;52;60;68;76,4
4138,6,0,6,6,0,0.008397,26131,26131,12;20;52;60;68;76,4
4139,6,0,6,6,0,0.008397,26131,26131,12;20;52;60;68;76,4
4140,6,0,6,6,0,0.008397,26131,26131,12;20;52;60;68;76,4
4145,6,0,6,6,0,0.008397,26131,26131,12;20;52;60;68;76,4
4148,512,506,6,7,0,0.023611,26095,26095,12;20;52;60;68;76;84,4
4153,512,506,6,7,0,0.024109,26063,26063,12;20;52;60;68;76;84,4
4158,512,506,6,7,0,0.024553,26032,26032,12;20;52;60;68;76;84,4
4163,512,506,6,7,0,0.025032,26000,26000,12;20;52;60;68;76;84,4
4170,512,506,6,7,0,0.025544,25968,25968,12;20;52;60;68;76;84,4
4176,512,506,6,7,0,0.025967,25937,25937,12;20;52;60;68;76;84,4
4182,512,506,6,7,0,0.026522,25905,25905,12;20;52;60;68;76;84,4
4187,512,507,5,6,0,0.026536,27545,27545,12;52;60;68;76;84,4
4196,512,507,5,6,0,0.026930,27514,27514,12;52;60;68;76;84,4
4203,512,507,5,6,0,0.027435,27482,27482,12;52;60;68;76;84,4
4212,512,507,5,6,0,0.027877,27450,27450,12;52;60;68;76;84,4
4220,512,507,5,6,0,0.028197,27419,27419,12;52;60;68;76;84,4
4225,512,507,5,6,0,0.028467,27387,27387,12;52;60;68;76;84,4
4232,512,507,5,6,0,0.029061,27355,27355,12;52;60;68;76;84,4
4237,512,507,5,6,0,0.029418,27324,27324,12;52;60;68;76;84,4
4244,441,436,5,6,1,0.023436,27296,27296,12;52;60;68;76;84,4
4250,5,0,5,5,0,0.007963,27803,27803,12;52;60;68;76,4
4251,5,0,5,5,0,0.007963,27803,27803,12;52;60;68;76,4
4255,5,0,5,5,0,0.007963,27803,27803,12;52;60;68;76,4
4258,5,0,5,5,0,0.007963,27803,27803,12;52;60;68;76,4
4260,5,0,5,5,0,0.007963,27803,27803,12;52;60;68;76,4
4264,4,0,4,4,0,0.007855,28378,28378,12;60;68;76,4
4265,4,0,4,4,0,0.007833,28378,28378,12;60;68;76,4
4266,4,0,4,4,0,0.007833,28378,28378,12;60;68;76,4
4269,4,0,4,4,0,0.007833,28378,28378,12;60;68;76,4
4274,4,0,4,4,0,0.007833,28378,28378,12;60;68;76,4
4275,4,0,4,4,0,0.007833,28378,28378,12;60;68;76,4
4276,4,0,4,4,0,0.007833,28378,28378,12;60;68;76,4
4279,4,0,4,4,0,0.007833,28378,28378,12;60;68;76,4
4282,4,0,4,4,0,0.007833,28378,28378,12;60;68;76,4
4285,4,0,4,4,0,0.007833,28378,28378,12;60;68;76,4
4287,4,0,4,4,0,0.007833,28373,28373,12;60;68;76,4
4290,4,0,4,4,0,0.007833,28373,28373,12;60;68;76,4
4292,4,0,4,4,0,0.007833,28373,28373,12;60;68;76,4
4293,4,0,4,4,0,0.007833,28373,28373,12;60;68;76,4
4296,4,0,4,4,0,0.007833,28373,28373,12;60;68;76,4
4299,4,0,4,4,0,0.007833,28373,28373,12;60;68;76,4
4300,4,0,4,4,0,0.007833,28373,28373,12;60;68;76,4
4303,4,0,4,4,0,0.007833,28373,28373,12;60;68;76,4
4306,512,508,4,5,0,0.023004,28337,28337,12;60;68;76;92,4
4311,512,508,4,5,0,0.023502,28305,28305,12;60;68;76;92,4
4317,512,508,4,5,0,0.023946,28273,28273,12;60;68;76;92,4
4321,512,508,4,5,0,0.024425,28237,28237,12;60;68;76;92,4
4327,512,508,4,5,0,0.024937,28205,28205,12;60;68;76;92,4
4332,512,508,4,5,0,0.025360,28173,28173,12;60;68;76;92,4
4338,512,508,4,5,0,0.025915,28141,28141,12;60;68;76;92,4
4345,512,508,4,5,0,0.026378,28110,28110,12;60;68;76;92,4
4351,512,509,3,4,0,0.026651,28508,28508,60;68;76;92,4
4356,512,509,3,4,0,0.027156,28476,28476,60;68;76;92,4
4362,512,509,3,4,0,0.027598,28439,28439,60;68;76;92,4
4368,512,509,3,4,0,0.027918,28407,28407,60;68;76;92,4
4374,512,509,3,4,0,0.028440,28375,28375,60;68;76;92,4
4382,512,509,3,4,0,0.028824,28344,28344,60;68;76;92,4
4387,512,509,3,4,0,0.029139,28312,28312,60;68;76;92,4
4393,512,509,3,4,0,0.029645,28280,28280,60;68;76;92,4
4402,512,509,3,4,0,0.029970,28248,28248,60;68;76;92,4
4407,512,509,3,4,0,0.030327,28216,28216,60;68;76;92,4
4414,512,509,3,4,0,0.030780,28185,28185,60;68;76;92,4
4421,512,509,3,4,0,0.031000,28153,28153,60;68;76;92,4
4429,512,509,3,4,0,0.031404,28121,28121,60;68;76;92,4
4435,512,509,3,4,0,0.031615,28089,28089,60;68;76;92,4
4444,512,509,3,4,0,0.032228,28057,28057,60;68;76;92,4
4449,512,509,3,4,0,0.032696,28026,28026,60;68;76;92,4
4457,512,509,3,4,0,0.032895,27994,27994,60;68;76;92,4
4462,512,509,3,4,0,0.033333,27962,27962,60;68;76;92,4
4471,512,509,3,4,0,0.033796,27930,27930,60;68;76;92,4
4479,512,509,3,4,0,0.034033,27898,27898,60;68;76;92,4
4486,512,509,3,4,0,0.034525,27866,27866,60;68;76;92,4
4494,512,509,3,4,0,0.034873,27835,27835,60;68;76;92,4
4502,512,509,3,4,0,0.035123,27803,27803,60;68;76;92,4
4509,512,509,3,4,0,0.035803,27771,27771,60;68;76;92,4
4518,512,509,3,4,0,0.036030,27739,27739,60;68;76;92,4
4527,512,509,3,4,0,0.036293,27707,27707,60;68;76;92,4
4536,512,509,3,4,0,0.036883,27676,27676,60;68;76;92,4
4541,512,509,3,4,0,0.037096,27644,27644,60;68;76;92,4
4551,512,509,3,4,0,0.037404,27612,27612,60;68;76;92,4
4559,512,509,3,4,0,0.037891,27580,27580,60;68;76;92,4
4566,512,509,3,4,0,0.038429,27548,27548,60;68;76;92,4
4575,512,509,3,4,0,0.038668,27517,27517,60;68;76;92,4
4584,512,509,3,4,0,0.038946,27485,27485,60;68;76;92,4
4592,512,509,3,5,1,0.039276,27448,27448,60;68;76;92;100,4
4602,512,508,4,5,0,0.023503,27417,27417,60;68;76;92;100,4
4608,512,508,4,5,0,0.023852,27385,27385,60;68;76;92;100,4
4614,512,508,4,5,0,0.024433,27353,27353,60;68;76;92;100,4
4620,512,508,4,5,0,0.024879,27321,27321,60;68;76;92;100,4
4627,512,508,4,5,0,0.025320,27290,27290,60;68;76;92;100,4
4635,73,69,4,5,1,0.010038,27285,27285,60;68;76;92;100,4
4636,5,0,5,5,0,0.008116,27285,27285,60;68;76;92;100,4
4639,5,0,5,5,0,0.008116,27285,27285,60;68;76;92;100,4
4642,5,0,5,5,0,0.008116,27285,27285,60;68;76;92;100,4
4644,5,0,5,5,0,0.008116,27285,27285,60;68;76;92;100,4
4647,5,0,5,5,0,0.008116,27285,27285,60;68;76;92;100,4
4651,5,0,5,5,0,0.008116,27285,27285,60;68;76;92;100,4
4652,5,0,5,5,0,0.008116,27285,27285,60;68;76;92;100,4
4655,5,0,5,5,0,0.008116,27285,27285,60;68;76;92;100,4
4660,5,0,5,5,0,0.008116,27285,27285,60;68;76;92;100,4
4661,5,0,5,5,0,0.008116,27285,27285,60;68;76;92;100,4
4663,5,0,5,5,0,0.008116,27285,27285,60;68;76;92;100,4
4667,5,0,5,5,0,0.008116,27285,27285,60;68;76;92;100,4
4671,5,0,5,5,0,0.008116,27285,27285,60;68;76;92;100,4
4672,5,0,5,5,0,0.008116,27285,27285,60;68;76;92;100,4
4674,5,0,5,5,0,0.008116,27285,27285,60;68;76;92;100,4
4679,5,0,5,5,0,0.008121,27285,27285,60;68;76;92;100,4
4682,5,0,5,5,0,0.008121,27285,27285,60;68;76;92;100,4
4683,5,0,5,5,0,0.008121,27285,27285,60;68;76;92;100,4
4685,5,0,5,5,0,0.008121,27285,27285,60;68;76;92;100,4
4689,5,0,5,5,0,0.008121,27285,27285,60;68;76;92;100,4
4692,5,0,5,5,0,0.008121,27285,27285,60;68;76;92;100,4
4695,5,0,5,5,0,0.008121,27285,27285,60;68;76;92;100,4
4697,5,0,5,5,0,0.008121,27285,27285,60;68;76;92;100,4
4700,5,0,5,5,0,0.008121,27285,27285,60;68;76;92;100,4
4704,5,0,5,5,0,0.008121,27280,27280,60;68;76;92;100,4
4705,5,0,5,5,0,0.008121,27280,27280,60;68;76;92;100,4
4707,5,0,5,5,0,0.008121,27280,27280,60;68;76;92;100,4
4712,5,0,5,5,0,0.008121,27280,27280,60;68;76;92;100,4
4714,5,0,5,5,0,0.008121,27280,27280,60;68;76;92;100,4
4717,5,0,5,5,0,0.008121,27280,27280,60;68;76;92;100,4
4718,5,0,5,5,0,0.008121,27280,27280,60;68;76;92;100,4
4722,5,0,5,5,0,0.008121,27280,27280,60;68;76;92;100,4
4724,5,0,5,5,0,0.008121,27280,27280,60;68;76;92;100,4
4728,5,0,5,5,0,0.008121,27280,27280,60;68;76;92;100,4
4730,5,0,5,5,0,0.008121,27280,27280,60;68;76;92;100,4
4733,5,0,5,5,0,0.008121,27275,27275,60;68;76;92;100,4
4734,5,0,5,5,0,0.008121,27275,27275,60;68;76;92;100,4
4738,5,0,5,5,0,0.008121,27275,27275,60;68;76;92;100,4
4741,5,0,5,5,0,0.008121,27275,27275,60;68;76;92;100,4
4744,5,0,5,5,0,0.008121,27275,27275,60;68;76;92;100,4
4746,5,0,5,5,0,0.008121,27275,27275,60;68;76;92;100,4
4749,5,0,5,5,0,0.008121,27275,27275,60;68;76;92;100,4
4751,5,0,5,5,0,0.008121,27270,27270,60;68;76;92;100,4
4755,5,0,5,5,0,0.008121,27270,27270,60;68;76;92;100,4
4758,5,0,5,5,0,0.008121,27270,27270,60;68;76;92;100,4
4760,5,0,5,5,0,0.008121,27270,27270,60;68;76;92;100,4
4762,5,0,5,5,0,0.008121,27270,27270,60;68;76;92;100,4
4766,5,0,5,5,0,0.008121,27270,27270,60;68;76;92;100,4
4769,5,0,5,5,0,0.008121,27270,27270,60;68;76;92;100,4
4770,5,0,5,5,0,0.008121,27270,27270,60;68;76;92;100,4
4773,5,0,5,5,0,0.008121,27270,27270,60;68;76;92;100,4
4777,5,0,5,5,0,0.008121,27270,27270,60;68;76;92;100,4
4780,5,0,5,5,0,0.008121,27270,27270,60;68;76;92;100,4
4782,5,0,5,5,0,0.008121,27270,27270,60;68;76;92;100,4
4784,5,0,5,5,0,0.008121,27270,27270,60;68;76;92;100,4
4787,5,0,5,5,0,0.008121,27270,27270,60;68;76;92;100,4
4792,5,0,5,5,0,0.008121,27270,27270,60;68;76;92;100,4
4793,5,0,5,5,0,0.008121,27270,27270,60;68;76;92;100,4
4795,5,0,5,5,0,0.008121,27270,27270,60;68;76;92;100,4
4797,5,0,5,5,0,0.008121,27270,27270,60;68;76;92;100,4
4801,5,0,5,5,0,0.008121,27270,27270,60;68;76;92;100,4
4804,5,0,5,5,0,0.008121,27270,27270,60;68;76;92;100,4
4806,5,0,5,5,0,0.008121,27270,27270,60;68;76;92;100,4
4808,5,0,5,5,0,0.008121,27270,27270,60;68;76;92;100,4
4813,5,0,5,5,0,0.008121,27270,27270,60;68;76;92;100,4
4814,5,0,5,5,0,0.008121,27270,27270,60;68;76;92;100,4
4817,5,0,5,5,0,0.008121,27270,27270,60;68;76;92;100,4
4819,5,0,5,5,0,0.008121,27265,27265,60;68;76;92;100,4
4824,5,0,5,5,0,0.008121,27265,27265,60;68;76;92;100,4
4825,5,0,5,5,0,0.008121,27265,27265,60;68;76;92;100,4
4827,512,507,5,6,0,0.023319,27229,27229,60;68;76;92;100;108,4
4833,512,507,5,6,0,0.023818,27197,27197,60;68;76;92;100;108,4
4838,512,507,5,6,0,0.024261,27165,27165,60;68;76;92;100;108,4
4844,512,507,5,6,0,0.024740,27134,27134,60;68;76;92;100;108,4
4852,512,507,5,6,0,0.025252,27097,27097,60;68;76;92;100;108,4
4856,512,507,5,6,0,0.025676,27065,27065,60;68;76;92;100;108,4
4863,512,507,5,6,0,0.026230,27034,27034,60;68;76;92;100;108,4
4869,512,507,5,6,0,0.026693,27002,27002,60;68;76;92;100;108,4
4875,512,507,5,6,0,0.027087,26970,26970,60;68;76;92;100;108,4
4880,512,507,5,6,0,0.027592,26939,26939,60;68;76;92;100;108,4
4887,512,507,5,6,0,0.028035,26907,26907,60;68;76;92;100;108,4
4894,512,507,5,6,0,0.028355,26875,26875,60;68;76;92;100;108,4
4899,512,507,5,6,0,0.028877,26844,26844,60;68;76;92;100;108,4
4908,512,507,5,6,0,0.029219,26812,26812,60;68;76;92;100;108,4
4913,512,507,5,6,0,0.029576,26780,26780,60;68;76;92;100;108,4
4920,512,507,5,6,0,0.029864,26749,26749,60;68;76;92;100;108,4
4926,512,507,5,6,0,0.030368,26717,26717,60;68;76;92;100;108,4
4933,512,507,5,6,0,0.030764,26685,26685,60;68;76;92;100;108,4
4941,512,507,5,6,0,0.031008,26653,26653,60;68;76;92;100;108,4
4948,512,507,5,6,0,0.031437,26622,26622,60;68;76;92;100;108,4
4955,512,507,5,6,0,0.031841,26590,26590,60;68;76;92;100;108,4
4961,512,507,5,6,0,0.032051,26558,26558,60;68;76;92;100;108,4
4969,512,507,5,6,0,0.032664,26527,26527,60;68;76;92;100;108,4
4977,512,507,5,6,0,0.033132,26495,26495,60;68;76;92;100;108,4
4983,512,507,5,6,0,0.033331,26463,26463,60;68;76;92;100;108,4
4991,512,507,5,6,0,0.033769,26432,26432,60;68;76;92;100;108,4
5000,369,364,5,6,1,0.025793,26409,26409,60;68;76;92;100;108,4
5008,6,0,6,6,0,0.008248,26409,26409,60;68;76;92;100;108,4
5009,6,0,6,6,0,0.008248,26409,26409,60;68;76;92;100;108,4
5010,6,0,6,6,0,0.008248,26409,26409,60;68;76;92;100;108,4
5013,6,0,6,6,0,0.008248,26409,26409,60;68;76;92;100;108,4
5017,6,0,6,6,0,0.008248,26409,26409,60;68;76;92;100;108,4
5020,6,0,6,6,0,0.008248,26409,26409,60;68;76;92;100;108,4
5023,6,0,6,6,0,0.008248,26409,26409,60;68;76;92;100;108,4
5025,6,0,6,6,0,0.008248,26404,26404,60;68;76;92;100;108,4
5027,6,0,6,6,0,0.008248,26404,26404,60;68;76;92;100;108,4
5029,6,0,6,6,0,0.008248,26404,26404,60;68;76;92;100;108,4
5033,6,0,6,6,0,0.008248,26404,26404,60;68;76;92;100;108,4
5036,5,0,5,5,0,0.008277,26512,26512,60;68;92;100;108,4
5038,5,0,5,5,0,0.008277,26512,26512,60;68;92;100;108,4
5041,5,0,5,5,0,0.008277,26512,26512,60;68;92;100;108,4
5043,5,0,5,5,0,0.008277,26512,26512,60;68;92;100;108,4
5047,5,0,5,5,0,0.008277,26512,26512,60;68;92;100;108,4
5050,4,0,4,4,0,0.008151,27363,27363,60;68;92;100,4
5051,4,0,4,4,0,0.008151,27363,27363,60;68;92;100,4
5054,4,0,4,4,0,0.008151,27358,27358,60;68;92;100,4
5057,4,0,4,4,0,0.008151,27358,27358,60;68;92;100,4
5061,4,0,4,4,0,0.008151,27358,27358,60;68;92;100,4
5063,4,0,4,4,0,0.008151,27358,27358,60;68;92;100,4
5065,4,0,4,4,0,0.008151,27358,27358,60;68;92;100,4
5067,4,0,4,4,0,0.008151,27358,27358,60;68;92;100,4
5069,4,0,4,4,0,0.008151,27358,27358,60;68;92;100,4
5073,4,0,4,4,0,0.008151,27358,27358,60;68;92;100,4
5076,4,0,4,4,0,0.008151,27358,27358,60;68;92;100,4
5079,512,508,4,5,0,0.023322,27322,27322,60;68;92;100;116,4
5082,512,508,4,5,0,0.023820,27290,27290,60;68;92;100;116,4
5090,512,508,4,5,0,0.024264,27258,27258,60;68;92;100;116,4
5095,512,508,4,5,0,0.024743,27227,27227,60;68;92;100;116,4
5101,512,508,4,5,0,0.025255,27195,27195,60;68;92;100;116,4
5107,512,508,4,5,0,0.025678,27163,27163,60;68;92;100;116,4
5114,512,508,4,5,0,0.026233,27131,27131,60;68;92;100;116,4
5122,512,508,4,5,0,0.026696,27100,27100,60;68;92;100;116,4
5125,512,508,4,5,0,0.027090,27068,27068,60;68;92;100;116,4
5133,512,508,4,5,0,0.027595,27036,27036,60;68;92;100;116,4
5140,512,508,4,5,0,0.028037,27004,27004,60;68;92;100;116,4
5147,512,508,4,5,0,0.028357,26973,26973,60;68;92;100;116,4
5155,512,508,4,5,0,0.028879,26941,26941,60;68;92;100;116,4
5160,512,508,4,5,0,0.029263,26909,26909,60;68;92;100;116,4
5167,512,508,4,5,0,0.029578,26877,26877,60;68;92;100;116,4
5174,512,508,4,5,0,0.030083,26846,26846,60;68;92;100;116,4
5183,396,392,4,5,1,0.024211,26821,26821,60;68;92;100;116,4
5188,5,0,5,5,0,0.008203,26821,26821,60;68;92;100;116,4
5192,5,0,5,5,0,0.008203,26821,26821,60;68;92;100;116,4
5194,5,0,5,5,0,0.008203,26821,26821,60;68;92;100;116,4
5196,5,0,5,5,0,0.008203,26821,26821,60;68;92;100;116,4
5199,5,0,5,5,0,0.008203,26821,26821,60;68;92;100;116,4
5202,5,0,5,5,0,0.008203,26821,26821,60;68;92;100;116,4
5205,5,0,5,5,0,0.008203,26816,26816,60;68;92;100;116,4
5207,5,0,5,5,0,0.008203,26816,26816,60;68;92;100;116,4
5212,5,0,5,5,0,0.008203,26816,26816,60;68;92;100;116,4
5213,5,0,5,5,0,0.008203,26816,26816,60;68;92;100;116,4
5216,5,0,5,5,0,0.008203,26816,26816,60;68;92;100;116,4
5217,5,0,5,5,0,0.008203,26816,26816,60;68;92;100;116,4
5222,5,0,5,5,0,0.008203,26816,26816,60;68;92;100;116,4
5224,5,0,5,5,0,0.008203,26811,26811,60;68;92;100;116,4
5226,5,0,5,5,0,0.008203,26811,26811,60;68;92;100;116,4
5229,5,0,5,5,0,0.008203,26811,26811,60;68;92;100;116,4
5231,5,0,5,5,0,0.008203,26811,26811,60;68;92;100;116,4
5234,5,0,5,5,0,0.008203,26811,26811,60;68;92;100;116,4
5238,5,0,5,5,0,0.008203,26811,26811,60;68;92;100;116,4
5239,5,0,5,5,0,0.008203,26811,26811,60;68;92;100;116,4
5242,5,0,5,5,0,0.008203,26811,26811,60;68;92;100;116,4
5244,5,0,5,5,0,0.008203,26811,26811,60;68;92;100;116,4
5248,5,0,5,5,0,0.008203,26811,26811,60;68;92;100;116,4
5250,5,0,5,5,0,0.008203,26811,26811,60;68;92;100;116,4
5252,5,0,5,5,0,0.008203,26811,26811,60;68;92;100;116,4
5257,5,0,5,5,0,0.008203,26811,26811,60;68;92;100;116,4
5259,5,0,5,5,0,0.008203,26811,26811,60;68;92;100;116,4
5261,512,507,5,6,0,0.023401,26775,26775,60;68;92;100;116;124,4
5267,512,507,5,6,0,0.023899,26743,26743,60;68;92;100;116;124,4
5272,512,507,5,6,0,0.024343,26711,26711,60;68;92;100;116;124,4
5279,512,507,5,6,0,0.024822,26680,26680,60;68;92;100;116;124,4
5286,512,507,5,6,0,0.025334,26648,26648,60;68;92;100;116;124,4
5290,512,507,5,6,0,0.025757,26616,26616,60;68;92;100;116;124,4
5297,512,507,5,6,0,0.026312,26585,26585,60;68;92;100;116;124,4
5303,512,507,5,6,0,0.026775,26553,26553,60;68;92;100;116;124,4
5311,512,507,5,6,0,0.027169,26521,26521,60;68;92;100;116;124,4
5316,512,507,5,6,0,0.027674,26490,26490,60;68;92;100;116;124,4
5322,512,507,5,6,0,0.028116,26458,26458,60;68;92;100;116;124,4
5331,512,507,5,6,0,0.028437,26426,26426,60;68;92;100;116;124,4
5338,512,507,5,6,0,0.028958,26395,26395,60;68;92;100;116;124,4
5345,512,507,5,6,0,0.029301,26363,26363,60;68;92;100;116;124,4
5352,512,507,5,6,0,0.029658,26331,26331,60;68;92;100;116;124,4
5359,512,507,5,6,0,0.029946,26300,26300,60;68;92;100;116;124,4
5365,512,507,5,6,0,0.030450,26263,26263,60;68;92;100;116;124,4
5373,512,507,5,6,0,0.030846,26231,26231,60;68;92;100;116;124,4
5380,512,507,5,6,0,0.031090,26199,26199,60;68;92;100;116;124,4
5388,512,507,5,6,0,0.031518,26168,26168,60;68;92;100;116;124,4
5398,512,507,5,6,0,0.031923,26136,26136,60;68;92;100;116;124,4
5406,512,507,5,6,0,0.032133,26104,26104,60;68;92;100;116;124,4
5414,512,507,5,6,0,0.032746,26073,26073,60;68;92;100;116;124,4
5422,512,507,5,6,0,0.033214,26041,26041,60;68;92;100;116;124,4
5431,512,507,5,6,0,0.033413,26009,26009,60;68;92;100;116;124,4
5440,512,507,5,6,0,0.033851,25978,25978,60;68;92;100;116;124,4
5446,6,1,5,6,1,0.009946,25978,25978,60;68;92;100;116;124,4
5449,6,0,6,6,0,0.008452,25973,25973,60;68;92;100;116;124,4
5452,6,0,6,6,0,0.008452,25973,25973,60;68;92;100;116;124,4
5456,6,0,6,6,0,0.008452,25973,25973,60;68;92;100;116;124,4
5457,6,0,6,6,0,0.008452,25973,25973,60;68;92;100;116;124,4
5459,6,0,6,6,0,0.008452,25973,25973,60;68;92;100;116;124,4
5463,6,0,6,6,0,0.008452,25973,25973,60;68;92;100;116;124,4
5466,6,0,6,6,0,0.008452,25973,25973,60;68;92;100;116;124,4
5467,6,0,6,6,0,0.008452,25973,25973,60;68;92;100;116;124,4
5471,6,0,6,6,0,0.008452,25973,25973,60;68;92;100;116;124,4
5474,6,0,6,6,0,0.008452,25973,25973,60;68;92;100;116;124,4
5477,6,0,6,6,0,0.008452,25973,25973,60;68;92;100;116;124,4
5478,6,0,6,6,0,0.008452,25973,25973,60;68;92;100;116;124,4
5481,6,0,6,6,0,0.008452,25973,25973,60;68;92;100;116;124,4
5483,6,0,6,6,0,0.008452,25973,25973,60;68;92;100;116;124,4
5488,6,0,6,6,0,0.008452,25973,25973,60;68;92;100;116;124,4
5489,6,0,6,6,0,0.008452,25973,25973,60;68;92;100;116;124,4
5493,6,0,6,6,0,0.008452,25973,25973,60;68;92;100;116;124,4
5494,6,0,6,6,0,0.008452,25968,25968,60;68;92;100;116;124,4
5497,6,0,6,6,0,0.008452,25968,25968,60;68;92;100;116;124,4
5500,6,0,6,6,0,0.008452,25968,25968,60;68;92;100;116;124,4
5503,6,0,6,6,0,0.008452,25968,25968,60;68;92;100;116;124,4
5505,6,0,6,6,0,0.008452,25968,25968,60;68;92;100;116;124,4
5508,6,0,6,6,0,0.008452,25968,25968,60;68;92;100;116;124,4
5511,6,0,6,6,0,0.008452,25968,25968,60;68;92;100;116;124,4
5514,6,0,6,6,0,0.008452,25968,25968,60;68;92;100;116;124,4
5515,6,0,6,6,0,0.008452,25968,25968,60;68;92;100;116;124,4
5518,6,0,6,6,0,0.008452,25968,25968,60;68;92;100;116;124,4
5521,6,0,6,6,0,0.008452,25968,25968,60;68;92;100;116;124,4
5524,6,0,6,6,0,0.008452,25968,25968,60;68;92;100;116;124,4
5526,6,0,6,6,0,0.008452,25968,25968,60;68;92;100;116;124,4
5529,6,0,6,6,0,0.008452,25968,25968,60;68;92;100;116;124,4
5531,6,0,6,6,0,0.008452,25968,25968,60;68;92;100;116;124,4
5534,6,0,6,6,0,0.008452,25963,25963,60;68;92;100;116;124,4
5535,6,0,6,6,0,0.008452,25963,25963,60;68;92;100;116;124,4
5540,6,0,6,6,0,0.008452,25963,25963,60;68;92;100;116;124,4
5543,6,0,6,6,0,0.008452,25963,25963,60;68;92;100;116;124,4
5545,6,0,6,6,0,0.008452,25963,25963,60;68;92;100;116;124,4
5547,6,0,6,6,0,0.008452,25963,25963,60;68;92;100;116;124,4
5549,6,0,6,6,0,0.008452,25963,25963,60;68;92;100;116;124,4
5552,6,0,6,6,0,0.008452,25958,25958,60;68;92;100;116;124,4
5556,6,0,6,6,0,0.008452,25958,25958,60;68;92;100;116;124,4
5558,6,0,6,6,0,0.008452,25958,25958,60;68;92;100;116;124,4
5560,6,0,6,6,0,0.008452,25958,25958,60;68;92;100;116;124,4
5564,6,0,6,6,0,0.008452,25958,25958,60;68;92;100;116;124,4
5566,6,0,6,6,0,0.008452,25958,25958,60;68;92;100;116;124,4
5569,6,0,6,6,0,0.008452,25958,25958,60;68;92;100;116;124,4
5572,6,0,6,6,0,0.008452,25958,25958,60;68;92;100;116;124,4
5576,6,0,6,6,0,0.008452,25958,25958,60;68;92;100;116;124,4
5580,6,0,6,6,0,0.008452,25958,25958,60;68;92;100;116;124,4
5583,6,0,6,6,0,0.008452,25958,25958,60;68;92;100;116;124,4
5586,6,0,6,6,0,0.008452,25958,25958,60;68;92;100;116;124,4
5588,6,0,6,6,0,0.008452,25958,25958,60;68;92;100;116;124,4
5593,6,0,6,6,0,0.008452,25958,25958,60;68;92;100;116;124,4
5595,6,0,6,6,0,0.008452,25958,25958,60;68;92;100;116;124,4
5597,6,0,6,6,0,0.008452,25958,25958,60;68;92;100;116;124,4
5602,6,0,6,6,0,0.008452,25958,25958,60;68;92;100;116;124,4
5606,6,0,6,6,0,0.008452,25958,25958,60;68;92;100;116;124,4
5609,6,0,6,6,0,0.008452,25958,25958,60;68;92;100;116;124,4
5612,6,0,6,6,0,0.008452,25958,25958,60;68;92;100;116;124,4
5614,6,0,6,6,0,0.008452,25958,25958,60;68;92;100;116;124,4
5619,6,0,6,6,0,0.008452,25958,25958,60;68;92;100;116;124,4
5623,6,0,6,6,0,0.008452,25958,25958,60;68;92;100;116;124,4
5625,6,0,6,6,0,0.008452,25958,25958,60;68;92;100;116;124,4
5627,6,0,6,6,0,0.008452,25958,25958,60;68;92;100;116;124,4
5631,6,0,6,6,0,0.008452,25953,25953,60;68;92;100;116;124,4
5635,6,0,6,6,0,0.008452,25953,25953,60;68;92;100;116;124,4
5638,6,0,6,6,0,0.008452,25953,25953,60;68;92;100;116;124,4
5641,6,0,6,6,0,0.008452,25953,25953,60;68;92;100;116;124,4
5644,6,0,6,6,0,0.008452,25953,25953,60;68;92;100;116;124,4
5648,6,0,6,6,0,0.008452,25948,25948,60;68;92;100;116;124,4
5652,6,0,6,6,0,0.008452,25948,25948,60;68;92;100;116;124,4
5655,6,0,6,6,0,0.008452,25948,25948,60;68;92;100;116;124,4
5657,6,0,6,6,0,0.008452,25948,25948,60;68;92;100;116;124,4
5659,6,0,6,6,0,0.008452,25948,25948,60;68;92;100;116;124,4
5664,6,0,6,6,0,0.008452,25948,25948,60;68;92;100;116;124,4
5666,6,0,6,6,0,0.008452,25948,25948,60;68;92;100;116;124,4
5669,6,0,6,6,0,0.008452,25948,25948,60;68;92;100;116;124,4
5674,6,0,6,6,0,0.008452,25948,25948,60;68;92;100;116;124,4
5677,6,0,6,6,0,0.008452,25948,25948,60;68;92;100;116;124,4
5680,6,0,6,6,0,0.008452,25948,25948,60;68;92;100;116;124,4
5683,6,0,6,6,0,0.008452,25943,25943,60;68;92;100;116;124,4
5686,6,0,6,6,0,0.008452,25943,25943,60;68;92;100;116;124,4
5689,6,0,6,6,0,0.008452,25943,25943,60;68;92;100;116;124,4
5694,6,0,6,6,0,0.008452,25943,25943,60;68;92;100;116;124,4
5696,6,0,6,6,0,0.008452,25943,25943,60;68;92;100;116;124,4
5698,6,0,6,6,0,0.008452,25943,25943,60;68;92;100;116;124,4
5701,6,0,6,6,0,0.008452,25943,25943,60;68;92;100;116;124,4
5704,6,0,6,6,0,0.008452,25943,25943,60;68;92;100;116;124,4
5709,6,0,6,6,0,0.008452,25943,25943,60;68;92;100;116;124,4
5711,6,0,6,6,0,0.008452,25943,25943,60;68;92;100;116;124,4
5715,6,0,6,6,0,0.008452,25943,25943,60;68;92;100;116;124,4
5718,6,0,6,6,0,0.008452,25943,25943,60;68;92;100;116;124,4
5720,6,0,6,6,0,0.008452,25943,25943,60;68;92;100;116;124,4
5725,6,0,6,6,0,0.008452,25943,25943,60;68;92;100;116;124,4
5728,6,0,6,6,0,0.008452,25943,25943,60;68;92;100;116;124,4
5730,6,0,6,6,0,0.008452,25943,25943,60;68;92;100;116;124,4
5732,6,0,6,6,0,0.008452,25943,25943,60;68;92;100;116;124,4
5736,6,0,6,6,0,0.008452,25938,25938,60;68;92;100;116;124,4
5740,6,0,6,6,0,0.008452,25938,25938,60;68;92;100;116;124,4
5744,6,0,6,6,0,0.008452,25938,25938,60;68;92;100;116;124,4
5746,6,0,6,6,0,0.008452,25938,25938,60;68;92;100;116;124,4
5748,6,0,6,6,0,0.008452,25938,25938,60;68;92;100;116;124,4
5753,6,0,6,6,0,0.008452,25938,25938,60;68;92;100;116;124,4
5755,6,0,6,6,0,0.008452,25938,25938,60;68;92;100;116;124,4
5759,6,0,6,6,0,0.008452,25938,25938,60;68;92;100;116;124,4
5763,6,0,6,6,0,0.008452,25938,25938,60;68;92;100;116;124,4
5764,6,0,6,6,0,0.008452,25938,25938,60;68;92;100;116;124,4
5768,6,0,6,6,0,0.008452,25938,25938,60;68;92;100;116;124,4
5771,6,0,6,6,0,0.008469,25938,25938,60;68;92;100;116;124,4
5774,6,0,6,6,0,0.008469,25938,25938,60;68;92;100;116;124,4
5777,6,0,6,6,0,0.008469,25938,25938,60;68;92;100;116;124,4
5780,6,0,6,6,0,0.008469,25938,25938,60;68;92;100;116;124,4
5785,5,0,5,5,0,0.008204,26848,26848,68;92;100;116;124,4
5788,5,0,5,5,0,0.008204,26848,26848,68;92;100;116;124,4
5791,5,0,5,5,0,0.008204,26848,26848,68;92;100;116;124,4
5793,5,0,5,5,0,0.008204,26848,26848,68;92;100;116;124,4
5795,5,0,5,5,0,0.008204,26848,26848,68;92;100;116;124,4
5800,5,0,5,5,0,0.008204,26848,26848,68;92;100;116;124,4
5803,5,0,5,5,0,0.008204,26848,26848,68;92;100;116;124,4
5805,5,0,5,5,0,0.008204,26843,26843,68;92;100;116;124,4
5809,5,0,5,5,0,0.008204,26843,26843,68;92;100;116;124,4
5811,5,0,5,5,0,0.008204,26843,26843,68;92;100;116;124,4
5816,5,0,5,5,0,0.008204,26843,26843,68;92;100;116;124,4
5819,5,0,5,5,0,0.008204,26843,26843,68;92;100;116;124,4
5822,5,0,5,5,0,0.008204,26843,26843,68;92;100;116;124,4
5824,5,0,5,5,0,0.008204,26843,26843,68;92;100;116;124,4
5826,5,0,5,5,0,0.008204,26843,26843,68;92;100;116;124,4
5832,5,0,5,5,0,0.008204,26843,26843,68;92;100;116;124,4
5837,5,0,5,5,0,0.008204,26843,26843,68;92;100;116;124,4
5839,5,0,5,5,0,0.008204,26843,26843,68;92;100;116;124,4
5843,5,0,5,5,0,0.008204,26843,26843,68;92;100;116;124,4
5846,5,0,5,5,0,0.008204,26843,26843,68;92;100;116;124,4
5851,5,0,5,5,0,0.008204,26843,26843,68;92;100;116;124,4
5856,5,0,5,5,0,0.008204,26843,26843,68;92;100;116;124,4
5860,5,0,5,5,0,0.008203,26843,26843,68;92;100;116;124,4
5865,5,0,5,5,0,0.008203,26843,26843,68;92;100;116;124,4
5869,5,0,5,5,0,0.008203,26843,26843,68;92;100;116;124,4
5874,5,0,5,5,0,0.008203,26843,26843,68;92;100;116;124,4
5879,5,0,5,5,0,0.008203,26843,26843,68;92;100;116;124,4
5882,5,0,5,5,0,0.008203,26843,26843,68;92;100;116;124,4
5887,5,0,5,5,0,0.008203,26843,26843,68;92;100;116;124,4
5892,5,0,5,5,0,0.008203,26843,26843,68;92;100;116;124,4
5896,5,0,5,5,0,0.008203,26843,26843,68;92;100;116;124,4
5901,5,0,5,5,0,0.008203,26843,26843,68;92;100;116;124,4
5906,4,0,4,4,0,0.008234,27243,27243,92;100;116;124,4
5910,4,0,4,4,0,0.008234,27243,27243,92;100;116;124,4
5915,4,0,4,4,0,0.008234,27243,27243,92;100;116;124,4
5920,4,0,4,4,0,0.008234,27243,27243,92;100;116;124,4
5925,4,0,4,4,0,0.008234,27243,27243,92;100;116;124,4
5929,4,0,4,4,0,0.008234,27243,27243,92;100;116;124,4
5934,4,0,4,4,0,0.008234,27243,27243,92;100;116;124,4
5936,4,0,4,4,0,0.008234,27243,27243,92;100;116;124,4
5941,4,0,4,4,0,0.008234,27243,27243,92;100;116;124,4
5947,4,0,4,4,0,0.008234,27243,27243,92;100;116;124,4
5952,4,0,4,4,0,0.008234,27243,27243,92;100;116;124,4
5956,4,0,4,4,0,0.008234,27243,27243,92;100;116;124,4
5960,4,0,4,4,0,0.008234,27243,27243,92;100;116;124,4
5965,4,0,4,4,0,0.008234,27243,27243,92;100;116;124,4
5971,4,0,4,4,0,0.008234,27243,27243,92;100;116;124,4
5974,4,0,4,4,0,0.008234,27243,27243,92;100;116;124,4
5980,4,0,4,4,0,0.008234,27243,27243,92;100;116;124,4
5984,4,0,4,4,0,0.008234,27243,27243,92;100;116;124,4
5988,4,0,4,4,0,0.008234,27243,27243,92;100;116;124,4
5994,4,0,4,4,0,0.008234,27243,27243,92;100;116;124,4
5999,4,0,4,4,0,0.008234,27243,27243,92;100;116;124,4
6003,4,0,4,4,0,0.008234,27243,27243,92;100;116;124,4
6009,4,0,4,4,0,0.008234,27243,27243,92;100;116;124,4
6012,4,0,4,4,0,0.008234,27243,27243,92;100;116;124,4
6015,4,0,4,4,0,0.008234,27243,27243,92;100;116;124,4
6022,4,0,4,4,0,0.008234,27243,27243,92;100;116;124,4
6026,4,0,4,4,0,0.008234,27243,27243,92;100;116;124,4
6031,4,0,4,4,0,0.008234,27243,27243,92;100;116;124,4
6036,4,0,4,4,0,0.008234,27243,27243,92;100;116;124,4
6041,4,0,4,4,0,0.008234,27243,27243,92;100;116;124,4
6045,4,0,4,4,0,0.008234,27243,27243,92;100;116;124,4
6051,4,0,4,4,0,0.008234,27243,27243,92;100;116;124,4
6054,4,0,4,4,0,0.008234,27243,27243,92;100;116;124,4
6059,3,0,3,3,0,0.008210,27790,27790,92;100;124,4
6062,3,0,3,3,0,0.008210,27790,27790,92;100;124,4
6067,3,0,3,3,0,0.008210,27790,27790,92;100;124,4
6073,3,0,3,3,0,0.008210,27790,27790,92;100;124,4
6077,3,0,3,3,0,0.008210,27790,27790,92;100;124,4
6082,3,0,3,3,0,0.008210,27790,27790,92;100;124,4
6087,3,0,3,3,0,0.008210,27790,27790,92;100;124,4
6091,3,0,3,3,0,0.008210,27790,27790,92;100;124,4
6096,3,0,3,3,0,0.008210,27790,27790,92;100;124,4
6100,3,0,3,3,0,0.008210,27790,27790,92;100;124,4
6105,3,0,3,3,0,0.008210,27790,27790,92;100;124,4
6110,3,0,3,3,0,0.008210,27790,27790,92;100;124,4
6114,3,0,3,3,0,0.008210,27790,27790,92;100;124,4
6120,3,0,3,3,0,0.008210,27790,27790,92;100;124,4
6124,3,0,3,3,0,0.008210,27790,27790,92;100;124,4
6128,3,0,3,3,0,0.008210,27785,27785,92;100;124,4
6132,3,0,3,3,0,0.008210,27785,27785,92;100;124,4
6137,3,0,3,3,0,0.008210,27785,27785,92;100;124,4
6141,3,0,3,3,0,0.008210,27785,27785,92;100;124,4
6145,3,0,3,3,0,0.008210,27785,27785,92;100;124,4
6151,3,0,3,3,0,0.008210,27785,27785,92;100;124,4
6157,3,0,3,3,0,0.008210,27785,27785,92;100;124,4
6161,3,0,3,3,0,0.008210,27780,27780,92;100;124,4
6164,3,0,3,3,0,0.008210,27780,27780,92;100;124,4
6170,3,0,3,3,0,0.008210,27780,27780,92;100;124,4
6174,3,0,3,3,0,0.008210,27780,27780,92;100;124,4
6179,3,0,3,3,0,0.008210,27780,27780,92;100;124,4
6182,3,0,3,3,0,0.008210,27780,27780,92;100;124,4
6188,3,0,3,3,0,0.008210,27780,27780,92;100;124,4
6192,3,0,3,3,0,0.008210,27780,27780,92;100;124,4
6196,3,0,3,3,0,0.008210,27780,27780,92;100;124,4
6200,3,0,3,3,0,0.008210,27780,27780,92;100;124,4
6206,3,0,3,3,0,0.008210,27780,27780,92;100;124,4
6211,3,0,3,3,0,0.008210,27780,27780,92;100;124,4
6215,3,0,3,3,0,0.008210,27780,27780,92;100;124,4
6220,3,0,3,3,0,0.008210,27780,27780,92;100;124,4
6224,3,0,3,3,0,0.008210,27780,27780,92;100;124,4
6228,3,0,3,3,0,0.008210,27780,27780,92;100;124,4
6233,3,0,3,3,0,0.008210,27780,27780,92;100;124,4
6237,3,0,3,3,0,0.008210,27780,27780,92;100;124,4
6242,3,0,3,3,0,0.008210,27780,27780,92;100;124,4
6246,3,0,3,3,0,0.008210,27780,27780,92;100;124,4
6251,3,0,3,3,0,0.008210,27780,27780,92;100;124,4
6255,3,0,3,3,0,0.008210,27780,27780,92;100;124,4
6260,3,0,3,3,0,0.008210,27780,27780,92;100;124,4
6264,3,0,3,3,0,0.008210,27780,27780,92;100;124,4
6270,3,0,3,3,0,0.008210,27780,27780,92;100;124,4
6273,3,0,3,3,0,0.008210,27775,27775,92;100;124,4
6278,3,0,3,3,0,0.008210,27775,27775,92;100;124,4
6284,3,0,3,3,0,0.008210,27775,27775,92;100;124,4
6288,3,0,3,3,0,0.008210,27775,27775,92;100;124,4
6291,3,0,3,3,0,0.008210,27775,27775,92;100;124,4
6295,3,0,3,3,0,0.008210,27775,27775,92;100;124,4
6301,3,0,3,3,0,0.008210,27775,27775,92;100;124,4
6305,3,0,3,3,0,0.008210,27775,27775,92;100;124,4
6309,3,0,3,3,0,0.008210,27775,27775,92;100;124,4
6314,3,0,3,3,0,0.008210,27775,27775,92;100;124,4
6319,3,0,3,3,0,0.008210,27775,27775,92;100;124,4
6323,3,0,3,3,0,0.008210,27775,27775,92;100;124,4
6326,3,0,3,3,0,0.008210,27775,27775,92;100;124,4
6332,3,0,3,3,0,0.008210,27775,27775,92;100;124,4
6338,3,0,3,3,0,0.008210,27775,27775,92;100;124,4
6341,3,0,3,3,0,0.008210,27775,27775,92;100;124,4
6345,3,0,3,3,0,0.008210,27775,27775,92;100;124,4
6349,3,0,3,3,0,0.008210,27775,27775,92;100;124,4
6354,3,0,3,3,0,0.008210,27775,27775,92;100;124,4
6359,3,0,3,3,0,0.008210,27775,27775,92;100;124,4
6363,3,0,3,3,0,0.008210,27775,27775,92;100;124,4
6367,3,0,3,3,0,0.008210,27775,27775,92;100;124,4
6373,3,0,3,3,0,0.008210,27775,27775,92;100;124,4
6376,3,0,3,3,0,0.008210,27775,27775,92;100;124,4
6380,3,0,3,3,0,0.008210,27775,27775,92;100;124,4
6384,3,0,3,3,0,0.008210,27775,27775,92;100;124,4
6392,3,0,3,3,0,0.008210,27775,27775,92;100;124,4
6395,3,0,3,3,0,0.008210,27775,27775,92;100;124,4
6399,3,0,3,3,0,0.008210,27775,27775,92;100;124,4
6402,3,0,3,3,0,0.008210,27775,27775,92;100;124,4
6408,3,0,3,3,0,0.008210,27775,27775,92;100;124,4
6411,3,0,3,3,0,0.008210,27775,27775,92;100;124,4
6415,3,0,3,3,0,0.008210,27775,27775,92;100;124,4
6421,3,0,3,3,0,0.008210,27775,27775,92;100;124,4
6425,3,0,3,3,0,0.008210,27775,27775,92;100;124,4
6430,3,0,3,3,0,0.008210,27775,27775,92;100;124,4
6434,3,0,3,3,0,0.008210,27775,27775,92;100;124,4
6438,3,0,3,3,0,0.008210,27775,27775,92;100;124,4
6443,3,0,3,3,0,0.008210,27775,27775,92;100;124,4
6448,3,0,3,3,0,0.008210,27775,27775,92;100;124,4
6453,3,0,3,3,0,0.008210,27775,27775,92;100;124,4
6456,3,0,3,3,0,0.008210,27775,27775,92;100;124,4
6460,3,0,3,3,0,0.008210,27775,27775,92;100;124,4
6464,3,0,3,3,0,0.008210,27775,27775,92;100;124,4
6469,3,0,3,3,0,0.008210,27775,27775,92;100;124,4
6474,3,0,3,3,0,0.008210,27775,27775,92;100;124,4
6479,3,0,3,3,0,0.008210,27775,27775,92;100;124,4
6483,3,0,3,3,0,0.008210,27775,27775,92;100;124,4
6487,3,0,3,3,0,0.008210,27770,27770,92;100;124,4
6491,3,0,3,3,0,0.008210,27770,27770,92;100;124,4
6496,3,0,3,3,0,0.008210,27770,27770,92;100;124,4
6501,3,0,3,3,0,0.008210,27770,27770,92;100;124,4
6505,3,0,3,3,0,0.008210,27770,27770,92;100;124,4
6510,3,0,3,3,0,0.008210,27770,27770,92;100;124,4
6514,3,0,3,3,0,0.008210,27770,27770,92;100;124,4
6518,3,0,3,3,0,0.008210,27765,27765,92;100;124,4
6521,3,0,3,3,0,0.008210,27765,27765,92;100;124,4
6527,3,0,3,3,0,0.008218,27765,27765,92;100;124,4
6531,3,0,3,3,0,0.008218,27765,27765,92;100;124,4
6536,3,0,3,3,0,0.008218,27765,27765,92;100;124,4
6540,3,0,3,3,0,0.008218,27765,27765,92;100;124,4
6545,3,0,3,3,0,0.008218,27765,27765,92;100;124,4
6549,3,0,3,3,0,0.008218,27765,27765,92;100;124,4
6554,3,0,3,3,0,0.008218,27765,27765,92;100;124,4
6559,3,0,3,3,0,0.008218,27765,27765,92;100;124,4
6563,3,0,3,3,0,0.008218,27765,27765,92;100;124,4
6567,3,0,3,3,0,0.008218,27765,27765,92;100;124,4
6571,3,0,3,3,0,0.008218,27765,27765,92;100;124,4
6576,3,0,3,3,0,0.008218,27765,27765,92;100;124,4
6580,3,0,3,3,0,0.008218,27765,27765,92;100;124,4
6584,3,0,3,3,0,0.008218,27765,27765,92;100;124,4
6589,3,0,3,3,0,0.008218,27765,27765,92;100;124,4
6594,3,0,3,3,0,0.008218,27765,27765,92;100;124,4
6599,3,0,3,3,0,0.008218,27765,27765,92;100;124,4
6604,3,0,3,3,0,0.008218,27765,27765,92;100;124,4
6610,3,0,3,3,0,0.008218,27765,27765,92;100;124,4
6617,3,0,3,3,0,0.008218,27765,27765,92;100;124,4
6622,3,0,3,3,0,0.008218,27765,27765,92;100;124,4
6625,3,0,3,3,0,0.008218,27765,27765,92;100;124,4
6630,3,0,3,3,0,0.008218,27765,27765,92;100;124,4
6634,3,0,3,3,0,0.008218,27760,27760,92;100;124,4
6639,3,0,3,3,0,0.008218,27760,27760,92;100;124,4
6644,3,0,3,3,0,0.008218,27760,27760,92;100;124,4
6650,3,0,3,3,0,0.008218,27760,27760,92;100;124,4
6655,3,0,3,3,0,0.008218,27760,27760,92;100;124,4
6660,3,0,3,3,0,0.008218,27760,27760,92;100;124,4
6665,3,0,3,3,0,0.008218,27760,27760,92;100;124,4
6670,3,0,3,3,0,0.008218,27760,27760,92;100;124,4
6675,3,0,3,3,0,0.008218,27760,27760,92;100;124,4
6680,3,0,3,3,0,0.008218,27760,27760,92;100;124,4
6686,3,0,3,3,0,0.008218,27760,27760,92;100;124,4
6692,3,0,3,3,0,0.008218,27760,27760,92;100;124,4
6696,3,0,3,3,0,0.008218,27760,27760,92;100;124,4
6700,3,0,3,3,0,0.008218,27760,27760,92;100;124,4
6703,3,0,3,3,0,0.008218,27760,27760,92;100;124,4
6708,3,0,3,3,0,0.008218,27760,27760,92;100;124,4
6715,3,0,3,3,0,0.008218,27760,27760,92;100;124,4
6721,3,0,3,3,0,0.008218,27760,27760,92;100;124,4
6726,3,0,3,3,0,0.008218,27760,27760,92;100;124,4
6731,3,0,3,3,0,0.008218,27760,27760,92;100;124,4
6735,3,0,3,3,0,0.008218,27760,27760,92;100;124,4
6741,3,0,3,3,0,0.008218,27760,27760,92;100;124,4
6746,3,0,3,3,0,0.008218,27760,27760,92;100;124,4
6751,3,0,3,3,0,0.008218,27760,27760,92;100;124,4
6756,3,0,3,3,0,0.008218,27760,27760,92;100;124,4
6760,3,0,3,3,0,0.008218,27760,27760,92;100;124,4
6766,3,0,3,3,0,0.008218,27760,27760,92;100;124,4
6770,3,0,3,3,0,0.008218,27760,27760,92;100;124,4
6775,3,0,3,3,0,0.008218,27760,27760,92;100;124,4
6781,3,0,3,3,0,0.008218,27760,27760,92;100;124,4
6785,3,0,3,3,0,0.008218,27760,27760,92;100;124,4
6790,3,0,3,3,0,0.008218,27760,27760,92;100;124,4
6796,3,0,3,3,0,0.008218,27760,27760,92;100;124,4
6801,3,0,3,3,0,0.008218,27760,27760,92;100;124,4
6806,3,0,3,3,0,0.008218,27760,27760,92;100;124,4
6811,3,0,3,3,0,0.008218,27760,27760,92;100;124,4
6817,3,0,3,3,0,0.008218,27760,27760,92;100;124,4
6821,3,0,3,3,0,0.008218,27760,27760,92;100;124,4
6826,3,0,3,3,0,0.008218,27760,27760,92;100;124,4
6831,3,0,3,3,0,0.008218,27760,27760,92;100;124,4
6836,3,0,3,3,0,0.008218,27760,27760,92;100;124,4
6841,3,0,3,3,0,0.008218,27760,27760,92;100;124,4
6848,3,0,3,3,0,0.008218,27760,27760,92;100;124,4
6853,3,0,3,3,0,0.008218,27760,27760,92;100;124,4
6857,3,0,3,3,0,0.008218,27760,27760,92;100;124,4
6861,3,0,3,3,0,0.008218,27760,27760,92;100;124,4
6865,3,0,3,3,0,0.008218,27760,27760,92;100;124,4
6872,3,0,3,3,0,0.008218,27760,27760,92;100;124,4
6877,3,0,3,3,0,0.008218,27755,27755,92;100;124,4
6883,3,0,3,3,0,0.008218,27755,27755,92;100;124,4
6886,3,0,3,3,0,0.008218,27755,27755,92;100;124,4
6891,3,0,3,3,0,0.008218,27755,27755,92;100;124,4
6897,3,0,3,3,0,0.008218,27755,27755,92;100;124,4
6902,3,0,3,3,0,0.008218,27755,27755,92;100;124,4
6907,3,0,3,3,0,0.008218,27755,27755,92;100;124,4
6912,3,0,3,3,0,0.008218,27750,27750,92;100;124,4
6918,3,0,3,3,0,0.008218,27750,27750,92;100;124,4
6924,2,0,2,2,0,0.007802,29108,29108,100;124,4
6929,2,0,2,2,0,0.007802,29108,29108,100;124,4
6932,2,0,2,2,0,0.007802,29108,29108,100;124,4
6936,2,0,2,2,0,0.007802,29108,29108,100;124,4
6941,2,0,2,2,0,0.007802,29108,29108,100;124,4
6946,2,0,2,2,0,0.007802,29108,29108,100;124,4
6952,2,0,2,2,0,0.007802,29108,29108,100;124,4
6957,2,0,2,2,0,0.007802,29108,29108,100;124,4
6962,2,0,2,2,0,0.007802,29108,29108,100;124,4
6967,2,0,2,2,0,0.007802,29108,29108,100;124,4
6970,2,0,2,2,0,0.007802,29108,29108,100;124,4
6974,2,0,2,2,0,0.007802,29108,29108,100;124,4
6980,2,0,2,2,0,0.007802,29108,29108,100;124,4
6987,2,0,2,2,0,0.007802,29108,29108,100;124,4
6991,2,0,2,2,0,0.007802,29108,29108,100;124,4
6995,2,0,2,2,0,0.007802,29108,29108,100;124,4
7000,2,0,2,2,0,0.007802,29108,29108,100;124,4
7005,2,0,2,2,0,0.007802,29108,29108,100;124,4
7010,2,0,2,2,0,0.007802,29108,29108,100;124,4
7013,2,0,2,2,0,0.007802,29108,29108,100;124,4
7018,2,0,2,2,0,0.007802,29108,29108,100;124,4
7024,2,0,2,2,0,0.007802,29108,29108,100;124,4
7029,2,0,2,2,0,0.007802,29108,29108,100;124,4
7035,2,0,2,2,0,0.007802,29103,29103,100;124,4
7040,2,0,2,2,0,0.007802,29103,29103,100;124,4
7044,2,0,2,2,0,0.007802,29103,29103,100;124,4
7048,2,0,2,2,0,0.007802,29103,29103,100;124,4
7051,2,0,2,2,0,0.007802,29103,29103,100;124,4
7057,2,0,2,2,0,0.007802,29103,29103,100;124,4
7063,2,0,2,2,0,0.007802,29103,29103,100;124,4
7068,2,0,2,2,0,0.007802,29103,29103,100;124,4
7073,2,0,2,2,0,0.007802,29103,29103,100;124,4
7078,2,0,2,2,0,0.007802,29103,29103,100;124,4
7083,2,0,2,2,0,0.007802,29103,29103,100;124,4
7087,2,0,2,2,0,0.007802,29103,29103,100;124,4
7092,2,0,2,2,0,0.007802,29103,29103,100;124,4
7096,2,0,2,2,0,0.007802,29103,29103,100;124,4
7101,2,0,2,2,0,0.007802,29103,29103,100;124,4
7106,2,0,2,2,0,0.007802,29103,29103,100;124,4
7111,2,0,2,2,0,0.007802,29103,29103,100;124,4
7116,2,0,2,2,0,0.007802,29103,29103,100;124,4
7122,2,0,2,2,0,0.007802,29103,29103,100;124,4
7126,2,0,2,2,0,0.007802,29103,29103,100;124,4
7131,2,0,2,2,0,0.007802,29103,29103,100;124,4
7136,2,0,2,2,0,0.007802,29103,29103,100;124,4
7140,2,0,2,2,0,0.007802,29103,29103,100;124,4
7144,2,0,2,2,0,0.007802,29103,29103,100;124,4
7150,2,0,2,2,0,0.007802,29103,29103,100;124,4
7155,2,0,2,2,0,0.007802,29103,29103,100;124,4
7160,2,0,2,2,0,0.007802,29103,29103,100;124,4
7165,2,0,2,2,0,0.007802,29103,29103,100;124,4
7169,2,0,2,2,0,0.007802,29103,29103,100;124,4
7174,2,0,2,2,0,0.007802,29103,29103,100;124,4
7179,2,0,2,2,0,0.007802,29103,29103,100;124,4
7184,2,0,2,2,0,0.007802,29103,29103,100;124,4
7189,2,0,2,2,0,0.007802,29103,29103,100;124,4
7193,1,0,1,1,0,0.008052,29323,29323,124,4
7198,1,0,1,1,0,0.008052,29323,29323,124,4
7204,1,0,1,1,0,0.008052,29323,29323,124,4
7208,1,0,1,1,0,0.008052,29323,29323,124,4
7213,1,0,1,1,0,0.008052,29323,29323,124,4
7218,1,0,1,1,0,0.008052,29323,29323,124,4
7224,1,0,1,1,0,0.008052,29323,29323,124,4
7228,1,0,1,1,0,0.008052,29323,29323,124,4
7232,1,0,1,1,0,0.008052,29323,29323,124,4
7239,1,0,1,1,0,0.008052,29323,29323,124,4
7244,1,0,1,1,0,0.008052,29323,29323,124,4
7248,1,0,1,1,0,0.008052,29323,29323,124,4
7253,1,0,1,1,0,0.008052,29323,29323,124,4
7257,1,0,1,1,0,0.008052,29323,29323,124,4
7261,1,0,1,1,0,0.008052,29323,29323,124,4
7268,1,0,1,1,0,0.008052,29323,29323,124,4
7273,1,0,1,1,0,0.008052,29323,29323,124,4
7278,1,0,1,1,0,0.008052,29323,29323,124,4
7283,1,0,1,1,0,0.008052,29323,29323,124,4
7287,1,0,1,1,0,0.008052,29323,29323,124,4
7291,1,0,1,1,0,0.008052,29323,29323,124,4
7297,1,0,1,1,0,0.008052,29323,29323,124,4
7302,1,0,1,1,0,0.008052,29323,29323,124,4
7307,1,0,1,1,0,0.008052,29323,29323,124,4
7313,1,0,1,1,0,0.008052,29323,29323,124,4
7317,1,0,1,1,0,0.008052,29323,29323,124,4
7322,1,0,1,1,0,0.008052,29323,29323,124,4
7328,1,0,1,1,0,0.008052,29323,29323,124,4
7333,1,0,1,1,0,0.008052,29323,29323,124,4
7336,1,0,1,1,0,0.008052,29323,29323,124,4
7341,1,0,1,1,0,0.008052,29323,29323,124,4
7348,1,0,1,1,0,0.008052,29323,29323,124,4
7352,1,0,1,1,0,0.008052,29323,29323,124,4
7357,1,0,1,1,0,0.008052,29323,29323,124,4
7361,1,0,1,1,0,0.008052,29323,29323,124,4
7366,1,0,1,1,0,0.008052,29323,29323,124,4
7371,1,0,1,1,0,0.008052,29323,29323,124,4
7376,1,0,1,1,0,0.008052,29323,29323,124,4
7380,1,0,1,1,0,0.008052,29323,29323,124,4
7387,1,0,1,1,0,0.008052,29323,29323,124,4
7393,1,0,1,1,0,0.008052,29323,29323,124,4
7398,1,0,1,1,0,0.008052,29323,29323,124,4
7402,1,0,1,1,0,0.008052,29323,29323,124,4
7406,1,0,1,1,0,0.008052,29323,29323,124,4
7410,1,0,1,1,0,0.008052,29323,29323,124,4
7415,1,0,1,1,0,0.008052,29323,29323,124,4
7422,1,0,1,1,0,0.008052,29323,29323,124,4
7425,1,0,1,1,0,0.008052,29318,29318,124,4
7431,1,0,1,1,0,0.008052,29318,29318,124,4
7436,1,0,1,1,0,0.008052,29318,29318,124,4
7441,1,0,1,1,0,0.008052,29318,29318,124,4
7445,1,0,1,1,0,0.008052,29318,29318,124,4
7451,1,0,1,1,0,0.008052,29318,29318,124,4
7456,1,0,1,1,0,0.008052,29318,29318,124,4
7462,1,0,1,1,0,0.008052,29318,29318,124,4
7466,1,0,1,1,0,0.008052,29318,29318,124,4
7471,1,0,1,1,0,0.008052,29318,29318,124,4
7476,1,0,1,1,0,0.008052,29318,29318,124,4
7480,1,0,1,1,0,0.008052,29318,29318,124,4
7486,1,0,1,1,0,0.008052,29318,29318,124,4
7490,1,0,1,1,0,0.008052,29318,29318,124,4
7495,1,0,1,1,0,0.008052,29318,29318,124,4
7500,1,0,1,1,0,0.008052,29318,29318,124,4
7505,1,0,1,1,0,0.008052,29318,29318,124,4
7511,1,0,1,1,0,0.008052,29318,29318,124,4
7516,1,0,1,1,0,0.008052,29318,29318,124,4
7520,1,0,1,1,0,0.008052,29318,29318,124,4
7525,1,0,1,1,0,0.008052,29318,29318,124,4
7530,1,0,1,1,0,0.008052,29318,29318,124,4
7536,1,0,1,1,0,0.008052,29318,29318,124,4
7541,1,0,1,1,0,0.008052,29318,29318,124,4
7547,1,0,1,1,0,0.008052,29318,29318,124,4
7551,1,0,1,1,0,0.008052,29318,29318,124,4
7556,1,0,1,1,0,0.008052,29318,29318,124,4
7561,1,0,1,1,0,0.008052,29318,29318,124,4
7566,1,0,1,1,0,0.008052,29318,29318,124,4
7571,1,0,1,1,0,0.008052,29318,29318,124,4
7576,1,0,1,1,0,0.008052,29318,29318,124,4
7582,1,0,1,1,0,0.008052,29318,29318,124,4
7586,1,0,1,1,0,0.008052,29318,29318,124,4
7591,1,0,1,1,0,0.008052,29318,29318,124,4
7598,1,0,1,1,0,0.008052,29318,29318,124,4
7603,1,0,1,1,0,0.008052,29318,29318,124,4
7608,1,0,1,1,0,0.008052,29318,29318,124,4
7614,1,0,1,1,0,0.008052,29318,29318,124,4
7619,1,0,1,1,0,0.008052,29318,29318,124,4
7624,1,0,1,1,0,0.008052,29318,29318,124,4
7629,1,0,1,1,0,0.008052,29318,29318,124,4
7633,1,0,1,1,0,0.008052,29318,29318,124,4
7638,1,0,1,1,0,0.008052,29318,29318,124,4
7644,1,0,1,1,0,0.008052,29318,29318,124,4
7650,1,0,1,1,0,0.008052,29318,29318,124,4
7654,1,0,1,1,0,0.008052,29318,29318,124,4
7660,1,0,1,1,0,0.008052,29318,29318,124,4
7666,1,0,1,1,0,0.008052,29318,29318,124,4
7671,1,0,1,1,0,0.008052,29318,29318,124,4
7676,1,0,1,1,0,0.008057,29318,29318,124,4
7682,1,0,1,1,0,0.008057,29318,29318,124,4
7688,1,0,1,1,0,0.008057,29318,29318,124,4
7692,1,0,1,1,0,0.008057,29318,29318,124,4
7697,1,0,1,1,0,0.008057,29318,29318,124,4
7703,1,0,1,1,0,0.008057,29318,29318,124,4
7708,1,0,1,1,0,0.008057,29318,29318,124,4
7712,1,0,1,1,0,0.008057,29318,29318,124,4
7717,1,0,1,1,0,0.008057,29318,29318,124,4
7722,1,0,1,1,0,0.008057,29318,29318,124,4
7727,1,0,1,1,0,0.008057,29318,29318,124,4
7734,1,0,1,1,0,0.008057,29318,29318,124,4
7741,1,0,1,1,0,0.008057,29318,29318,124,4
7746,1,0,1,1,0,0.008057,29318,29318,124,4
7750,1,0,1,1,0,0.008057,29318,29318,124,4
7756,1,0,1,1,0,0.008057,29318,29318,124,4
7761,1,0,1,1,0,0.008057,29318,29318,124,4
7766,1,0,1,1,0,0.008057,29318,29318,124,4
7772,1,0,1,1,0,0.008057,29318,29318,124,4
7775,1,0,1,1,0,0.008057,29318,29318,124,4
7782,1,0,1,1,0,0.008057,29318,29318,124,4
7787,1,0,1,1,0,0.008057,29318,29318,124,4
7793,1,0,1,1,0,0.008057,29318,29318,124,4
7797,1,0,1,1,0,0.008057,29318,29318,124,4
7802,1,0,1,1,0,0.008057,29318,29318,124,4
7806,1,0,1,1,0,0.008057,29318,29318,124,4
7812,1,0,1,1,0,0.008057,29318,29318,124,4
7817,1,0,1,1,0,0.008057,29318,29318,124,4
7824,1,0,1,1,0,0.008057,29318,29318,124,4
7830,1,0,1,1,0,0.008057,29318,29318,124,4
7835,1,0,1,1,0,0.008057,29318,29318,124,4
7839,1,0,1,1,0,0.008057,29313,29313,124,4
7844,1,0,1,1,0,0.008057,29313,29313,124,4
7849,1,0,1,1,0,0.008057,29313,29313,124,4
7854,1,0,1,1,0,0.008057,29313,29313,124,4
7859,1,0,1,1,0,0.008057,29313,29313,124,4
7865,1,0,1,1,0,0.008057,29313,29313,124,4
7872,1,0,1,1,0,0.008057,29313,29313,124,4
7876,1,0,1,1,0,0.008057,29313,29313,124,4
7881,1,0,1,1,0,0.008057,29313,29313,124,4
7886,1,0,1,1,0,0.008057,29313,29313,124,4
7892,1,0,1,1,0,0.008057,29313,29313,124,4
7897,1,0,1,1,0,0.008057,29313,29313,124,4
7902,1,0,1,1,0,0.008057,29313,29313,124,4
7906,1,0,1,1,0,0.008057,29313,29313,124,4
7913,1,0,1,1,0,0.008057,29313,29313,124,4
7919,1,0,1,1,0,0.008057,29313,29313,124,4
7924,1,0,1,1,0,0.008057,29313,29313,124,4
7928,1,0,1,1,0,0.008057,29313,29313,124,4
7934,1,0,1,1,0,0.008057,29313,29313,124,4
7938,1,0,1,1,0,0.008057,29313,29313,124,4
7943,1,0,1,1,0,0.008057,29313,29313,124,4
246,512,512,0,1,0,0.021144,30172,30172,5,5
257,512,512,0,1,0,0.021484,30140,30140,5,5
269,512,512,0,1,0,0.021982,30108,30108,5,5
282,512,512,0,1,0,0.022426,30076,30076,5,5
295,512,512,0,1,0,0.022905,30044,30044,5,5
308,512,512,0,1,0,0.023417,30012,30012,5,5
321,512,512,0,1,0,0.023840,29980,29980,5,5
334,512,512,0,1,0,0.024395,29948,29948,5,5
350,512,512,0,1,0,0.024858,29916,29916,5,5
364,512,512,0,1,0,0.025252,29884,29884,5,5
378,226,226,0,1,1,0.011875,29869,29869,5,5
387,1,0,1,1,0,0.007572,29869,29869,5,5
393,1,0,1,1,0,0.007572,29869,29869,5,5
398,1,0,1,1,0,0.007572,29869,29869,5,5
404,1,0,1,1,0,0.007572,29869,29869,5,5
409,1,0,1,1,0,0.007572,29869,29869,5,5
414,1,0,1,1,0,0.007572,29869,29869,5,5
420,1,0,1,1,0,0.007572,29869,29869,5,5
424,1,0,1,1,0,0.007572,29869,29869,5,5
429,1,0,1,1,0,0.007572,29869,29869,5,5
434,1,0,1,1,0,0.007572,29869,29869,5,5
439,1,0,1,1,0,0.007572,29869,29869,5,5
444,1,0,1,1,0,0.007572,29869,29869,5,5
449,1,0,1,1,0,0.007572,29869,29869,5,5
454,1,0,1,1,0,0.007572,29869,29869,5,5
459,1,0,1,1,0,0.007572,29869,29869,5,5
464,1,0,1,1,0,0.007572,29869,29869,5,5
470,1,0,1,1,0,0.007572,29869,29869,5,5
476,1,0,1,1,0,0.007572,29869,29869,5,5
481,1,0,1,1,0,0.007572,29869,29869,5,5
487,1,0,1,1,0,0.007572,29869,29869,5,5
493,1,0,1,1,0,0.007572,29869,29869,5,5
497,1,0,1,1,0,0.007572,29869,29869,5,5
501,1,0,1,1,0,0.007572,29869,29869,5,5
508,1,0,1,1,0,0.007572,29869,29869,5,5
512,1,0,1,1,0,0.007572,29869,29869,5,5
516,1,0,1,1,0,0.007572,29869,29869,5,5
523,1,0,1,1,0,0.007572,29869,29869,5,5
527,1,0,1,1,0,0.007572,29869,29869,5,5
531,1,0,1,1,0,0.007572,29869,29869,5,5
538,1,0,1,1,0,0.007572,29869,29869,5,5
542,1,0,1,1,0,0.007558,29869,29869,5,5
545,1,0,1,1,0,0.007558,29869,29869,5,5
550,1,0,1,1,0,0.007558,29869,29869,5,5
555,1,0,1,1,0,0.007558,29869,29869,5,5
558,1,0,1,1,0,0.007558,29869,29869,5,5
563,1,0,1,1,0,0.007558,29869,29869,5,5
567,1,0,1,1,0,0.007558,29869,29869,5,5
571,1,0,1,1,0,0.007558,29869,29869,5,5
574,1,0,1,1,0,0.007558,29869,29869,5,5
577,1,0,1,1,0,0.007558,29869,29869,5,5
582,1,0,1,1,0,0.007558,29869,29869,5,5
585,1,0,1,1,0,0.007558,29869,29869,5,5
588,1,0,1,1,0,0.007558,29869,29869,5,5
592,1,0,1,1,0,0.007558,29869,29869,5,5
595,1,0,1,1,0,0.007558,29869,29869,5,5
598,1,0,1,1,0,0.007558,29869,29869,5,5
602,1,0,1,1,0,0.007558,29869,29869,5,5
605,1,0,1,1,0,0.007558,29869,29869,5,5
609,1,0,1,1,0,0.007558,29869,29869,5,5
613,1,0,1,1,0,0.007558,29869,29869,5,5
616,1,0,1,1,0,0.007558,29869,29869,5,5
620,1,0,1,1,0,0.007558,29869,29869,5,5
622,1,0,1,1,0,0.007558,29869,29869,5,5
627,1,0,1,1,0,0.007558,29869,29869,5,5
629,1,0,1,1,0,0.007558,29869,29869,5,5
633,1,0,1,1,0,0.007558,29869,29869,5,5
638,1,0,1,1,0,0.007558,29869,29869,5,5
640,1,0,1,1,0,0.007558,29869,29869,5,5
643,1,0,1,1,0,0.007558,29869,29869,5,5
646,1,0,1,1,0,0.007558,29869,29869,5,5
651,1,0,1,1,0,0.007558,29869,29869,5,5
653,1,0,1,1,0,0.007558,29869,29869,5,5
656,1,0,1,1,0,0.007558,29869,29869,5,5
661,1,0,1,1,0,0.007558,29869,29869,5,5
664,1,0,1,1,0,0.007558,29869,29869,5,5
666,1,0,1,1,0,0.007558,29869,29869,5,5
669,1,0,1,1,0,0.007558,29869,29869,5,5
674,1,0,1,1,0,0.007558,29869,29869,5,5
677,1,0,1,1,0,0.007558,29869,29869,5,5
680,1,0,1,1,0,0.007558,29869,29869,5,5
683,1,0,1,1,0,0.007558,29869,29869,5,5
687,1,0,1,1,0,0.007558,29869,29869,5,5
690,1,0,1,1,0,0.007558,29869,29869,5,5
693,1,0,1,1,0,0.007558,29869,29869,5,5
696,1,0,1,1,0,0.007558,29869,29869,5,5
700,1,0,1,1,0,0.007558,29869,29869,5,5
703,1,0,1,1,0,0.007558,29869,29869,5,5
706,1,0,1,1,0,0.007558,29864,29864,5,5
710,1,0,1,1,0,0.007558,29864,29864,5,5
714,1,0,1,1,0,0.007558,29864,29864,5,5
716,1,0,1,1,0,0.007558,29864,29864,5,5
719,1,0,1,1,0,0.007558,29864,29864,5,5
722,1,0,1,1,0,0.007558,29864,29864,5,5
725,1,0,1,1,0,0.007558,29864,29864,5,5
727,1,0,1,1,0,0.007558,29864,29864,5,5
730,1,0,1,1,0,0.007558,29864,29864,5,5
732,1,0,1,1,0,0.007558,29864,29864,5,5
734,1,0,1,1,0,0.007558,29864,29864,5,5
738,1,0,1,1,0,0.007558,29864,29864,5,5
740,1,0,1,1,0,0.007558,29864,29864,5,5
743,1,0,1,1,0,0.007558,29864,29864,5,5
744,1,0,1,1,0,0.007558,29864,29864,5,5
748,1,0,1,1,0,0.007558,29864,29864,5,5
751,1,0,1,1,0,0.007558,29864,29864,5,5
754,1,0,1,1,0,0.007558,29864,29864,5,5
756,1,0,1,1,0,0.007558,29864,29864,5,5
761,1,0,1,1,0,0.007558,29864,29864,5,5
764,1,0,1,1,0,0.007558,29864,29864,5,5
768,1,0,1,1,0,0.007558,29864,29864,5,5
770,1,0,1,1,0,0.007558,29864,29864,5,5
773,1,0,1,1,0,0.007558,29864,29864,5,5
778,1,0,1,1,0,0.007558,29864,29864,5,5
781,1,0,1,1,0,0.007558,29864,29864,5,5
785,1,0,1,1,0,0.007558,29864,29864,5,5
787,1,0,1,1,0,0.007558,29864,29864,5,5
792,1,0,1,1,0,0.007558,29864,29864,5,5
797,1,0,1,1,0,0.007558,29864,29864,5,5
799,1,0,1,1,0,0.007558,29864,29864,5,5
801,1,0,1,1,0,0.007558,29864,29864,5,5
806,1,0,1,1,0,0.007558,29864,29864,5,5
810,1,0,1,1,0,0.007558,29864,29864,5,5
813,1,0,1,1,0,0.007558,29864,29864,5,5
816,1,0,1,1,0,0.007558,29864,29864,5,5
821,1,0,1,1,0,0.007558,29864,29864,5,5
824,1,0,1,1,0,0.007558,29864,29864,5,5
827,1,0,1,1,0,0.007558,29864,29864,5,5
830,1,0,1,1,0,0.007558,29864,29864,5,5
834,1,0,1,1,0,0.007558,29864,29864,5,5
836,1,0,1,1,0,0.007558,29864,29864,5,5
841,1,0,1,1,0,0.007558,29864,29864,5,5
843,1,0,1,1,0,0.007558,29864,29864,5,5
846,1,0,1,1,0,0.007558,29864,29864,5,5
851,1,0,1,1,0,0.007558,29864,29864,5,5
854,1,0,1,1,0,0.007558,29864,29864,5,5
858,1,0,1,1,0,0.007558,29864,29864,5,5
861,1,0,1,1,0,0.007558,29864,29864,5,5
865,512,511,1,2,0,0.022634,29828,29828,5;13,5
873,512,511,1,2,0,0.023133,29796,29796,5;13,5
882,512,511,1,2,0,0.023576,29764,29764,5;13,5
889,480,479,1,2,1,0.017750,29734,29734,5;13,5
897,2,0,2,2,0,0.007617,29734,29734,5;13,5
901,2,0,2,2,0,0.007617,29734,29734,5;13,5
907,2,0,2,2,0,0.007617,29734,29734,5;13,5
911,2,0,2,2,0,0.007617,29734,29734,5;13,5
916,2,0,2,2,0,0.007617,29734,29734,5;13,5
921,2,0,2,2,0,0.007617,29734,29734,5;13,5
926,2,0,2,2,0,0.007617,29734,29734,5;13,5
931,2,0,2,2,0,0.007617,29734,29734,5;13,5
934,2,0,2,2,0,0.007617,29734,29734,5;13,5
939,2,0,2,2,0,0.007617,29734,29734,5;13,5
945,2,0,2,2,0,0.007617,29734,29734,5;13,5
950,2,0,2,2,0,0.007617,29734,29734,5;13,5
954,2,0,2,2,0,0.007617,29734,29734,5;13,5
959,2,0,2,2,0,0.007617,29734,29734,5;13,5
964,2,0,2,2,0,0.007617,29734,29734,5;13,5
969,2,0,2,2,0,0.007617,29734,29734,5;13,5
974,2,0,2,2,0,0.007617,29734,29734,5;13,5
977,2,0,2,2,0,0.007617,29734,29734,5;13,5
982,2,0,2,2,0,0.007617,29734,29734,5;13,5
986,2,0,2,2,0,0.007617,29734,29734,5;13,5
990,2,0,2,2,0,0.007617,29734,29734,5;13,5
995,2,0,2,2,0,0.007617,29734,29734,5;13,5
999,2,0,2,2,0,0.007617,29734,29734,5;13,5
1005,2,0,2,2,0,0.007617,29734,29734,5;13,5
1009,2,0,2,2,0,0.007617,29734,29734,5;13,5
1015,2,0,2,2,0,0.007617,29734,29734,5;13,5
1019,2,0,2,2,0,0.007617,29734,29734,5;13,5
1024,2,0,2,2,0,0.007617,29729,29729,5;13,5
1028,2,0,2,2,0,0.007617,29729,29729,5;13,5
1032,2,0,2,2,0,0.007617,29729,29729,5;13,5
1038,2,0,2,2,0,0.007617,29729,29729,5;13,5
1043,2,0,2,2,0,0.007617,29729,29729,5;13,5
1048,2,0,2,2,0,0.007507,29729,29729,5;13,5
1052,2,0,2,2,0,0.007507,29729,29729,5;13,5
1056,2,0,2,2,0,0.007507,29729,29729,5;13,5
1063,2,0,2,2,0,0.007507,29729,29729,5;13,5
1067,2,0,2,2,0,0.007507,29729,29729,5;13,5
1071,2,0,2,2,0,0.007507,29729,29729,5;13,5
1075,2,0,2,2,0,0.007507,29729,29729,5;13,5
1080,2,0,2,2,0,0.007507,29729,29729,5;13,5
1087,2,0,2,2,0,0.007507,29729,29729,5;13,5
1091,2,0,2,2,0,0.007507,29729,29729,5;13,5
1096,1,0,1,1,0,0.007510,30046,30046,13,5
1100,1,0,1,1,0,0.007510,30046,30046,13,5
1105,1,0,1,1,0,0.007510,30046,30046,13,5
1112,1,0,1,1,0,0.007510,30046,30046,13,5
1116,1,0,1,1,0,0.007510,30046,30046,13,5
1119,1,0,1,1,0,0.007510,30046,30046,13,5
1123,1,0,1,1,0,0.007510,30046,30046,13,5
1129,1,0,1,1,0,0.007510,30046,30046,13,5
1133,1,0,1,1,0,0.007510,30046,30046,13,5
1136,1,0,1,1,0,0.007510,30046,30046,13,5
1142,1,0,1,1,0,0.007510,30046,30046,13,5
1146,1,0,1,1,0,0.007510,30046,30046,13,5
1149,1,0,1,1,0,0.007510,30046,30046,13,5
1154,1,0,1,1,0,0.007510,30046,30046,13,5
1159,1,0,1,1,0,0.007510,30046,30046,13,5
1162,1,0,1,1,0,0.007510,30046,30046,13,5
1167,1,0,1,1,0,0.007510,30046,30046,13,5
1172,1,0,1,1,0,0.007510,30046,30046,13,5
1176,1,0,1,1,0,0.007510,30046,30046,13,5
1179,1,0,1,1,0,0.007510,30046,30046,13,5
1184,1,0,1,1,0,0.007510,30046,30046,13,5
1189,1,0,1,1,0,0.007510,30046,30046,13,5
1192,1,0,1,1,0,0.007510,30046,30046,13,5
1196,1,0,1,1,0,0.007510,30046,30046,13,5
1201,1,0,1,1,0,0.007510,30046,30046,13,5
1206,1,0,1,1,0,0.007510,30041,30041,13,5
1209,1,0,1,1,0,0.007510,30041,30041,13,5
1214,1,0,1,1,0,0.007510,30041,30041,13,5
1218,1,0,1,1,0,0.007510,30041,30041,13,5
1222,1,0,1,1,0,0.007510,30041,30041,13,5
1225,1,0,1,1,0,0.007510,30041,30041,13,5
1230,1,0,1,1,0,0.007510,30041,30041,13,5
1234,1,0,1,1,0,0.007510,30041,30041,13,5
1237,1,0,1,1,0,0.007510,30041,30041,13,5
1243,1,0,1,1,0,0.007510,30041,30041,13,5
1247,1,0,1,1,0,0.007510,30041,30041,13,5
1251,1,0,1,1,0,0.007510,30041,30041,13,5
1254,1,0,1,1,0,0.007510,30041,30041,13,5
1259,1,0,1,1,0,0.007510,30041,30041,13,5
1262,1,0,1,1,0,0.007510,30041,30041,13,5
1268,1,0,1,1,0,0.007510,30041,30041,13,5
1272,1,0,1,1,0,0.007510,30041,30041,13,5
1276,1,0,1,1,0,0.007510,30041,30041,13,5
1279,1,0,1,1,0,0.007510,30041,30041,13,5
1283,1,0,1,1,0,0.007510,30041,30041,13,5
1288,1,0,1,1,0,0.007510,30041,30041,13,5
1291,1,0,1,1,0,0.007510,30041,30041,13,5
1294,1,0,1,1,0,0.007510,30041,30041,13,5
1297,1,0,1,1,0,0.007510,30041,30041,13,5
1300,1,0,1,1,0,0.007510,30041,30041,13,5
1304,1,0,1,1,0,0.007510,30041,30041,13,5
1308,512,511,1,2,0,0.022586,30005,30005,13;21,5
1318,512,511,1,2,0,0.023084,29973,29973,13;21,5
1330,512,511,1,2,0,0.023528,29941,29941,13;21,5
1341,512,511,1,2,0,0.024007,29909,29909,13;21,5
1349,512,511,1,2,0,0.024519,29877,29877,13;21,5
1360,512,511,1,2,0,0.024942,29845,29845,13;21,5
1373,512,511,1,2,0,0.025497,29813,29813,13;21,5
1384,512,511,1,2,0,0.025939,29781,29781,13;21,5
1395,512,511,1,2,0,0.026333,29749,29749,13;21,5
1406,512,511,1,2,0,0.026838,29717,29717,13;21,5
1420,512,511,1,2,0,0.027280,29685,29685,13;21,5
1434,439,438,1,2,1,0.021311,29658,29658,13;21,5
1446,2,0,2,2,0,0.007578,29658,29658,13;21,5
1451,2,0,2,2,0,0.007578,29658,29658,13;21,5
1456,2,0,2,2,0,0.007578,29658,29658,13;21,5
1460,2,0,2,2,0,0.007578,29658,29658,13;21,5
1466,2,0,2,2,0,0.007578,29658,29658,13;21,5
1470,2,0,2,2,0,0.007578,29658,29658,13;21,5
1476,2,0,2,2,0,0.007578,29658,29658,13;21,5
1479,2,0,2,2,0,0.007578,29658,29658,13;21,5
1485,2,0,2,2,0,0.007591,29658,29658,13;21,5
1488,2,0,2,2,0,0.007591,29658,29658,13;21,5
1493,2,0,2,2,0,0.007591,29658,29658,13;21,5
1498,2,0,2,2,0,0.007591,29658,29658,13;21,5
1504,2,0,2,2,0,0.007591,29658,29658,13;21,5
1507,2,0,2,2,0,0.007591,29658,29658,13;21,5
1511,2,0,2,2,0,0.007591,29658,29658,13;21,5
1516,2,0,2,2,0,0.007591,29658,29658,13;21,5
1519,2,0,2,2,0,0.007591,29658,29658,13;21,5
1524,2,0,2,2,0,0.007591,29658,29658,13;21,5
1529,2,0,2,2,0,0.007591,29658,29658,13;21,5
1533,2,0,2,2,0,0.007591,29658,29658,13;21,5
1536,2,0,2,2,0,0.007591,29658,29658,13;21,5
1540,2,0,2,2,0,0.007591,29658,29658,13;21,5
1545,2,0,2,2,0,0.007591,29658,29658,13;21,5
1550,2,0,2,2,0,0.007591,29658,29658,13;21,5
1552,2,0,2,2,0,0.007591,29658,29658,13;21,5
1556,2,0,2,2,0,0.007591,29658,29658,13;21,5
1562,2,0,2,2,0,0.007591,29658,29658,13;21,5
1565,2,0,2,2,0,0.007591,29658,29658,13;21,5
1570,2,0,2,2,0,0.007591,29658,29658,13;21,5
1573,2,0,2,2,0,0.007591,29658,29658,13;21,5
1578,2,0,2,2,0,0.007591,29658,29658,13;21,5
1582,2,0,2,2,0,0.007591,29658,29658,13;21,5
1586,2,0,2,2,0,0.007591,29658,29658,13;21,5
1589,2,0,2,2,0,0.007591,29658,29658,13;21,5
1595,2,0,2,2,0,0.007591,29658,29658,13;21,5
1600,2,0,2,2,0,0.007591,29658,29658,13;21,5
1603,2,0,2,2,0,0.007591,29658,29658,13;21,5
1605,2,0,2,2,0,0.007591,29658,29658,13;21,5
1610,2,0,2,2,0,0.007591,29658,29658,13;21,5
1614,2,0,2,2,0,0.007591,29658,29658,13;21,5
1618,2,0,2,2,0,0.007591,29658,29658,13;21,5
1621,2,0,2,2,0,0.007591,29658,29658,13;21,5
1626,2,0,2,2,0,0.007591,29653,29653,13;21,5
1631,2,0,2,2,0,0.007591,29653,29653,13;21,5
1635,2,0,2,2,0,0.007591,29653,29653,13;21,5
1641,2,0,2,2,0,0.007591,29653,29653,13;21,5
1646,2,0,2,2,0,0.007591,29653,29653,13;21,5
1651,2,0,2,2,0,0.007591,29653,29653,13;21,5
1655,2,0,2,2,0,0.007591,29653,29653,13;21,5
1658,2,0,2,2,0,0.007591,29653,29653,13;21,5
1663,2,0,2,2,0,0.007591,29653,29653,13;21,5
1669,2,0,2,2,0,0.007591,29653,29653,13;21,5
1673,2,0,2,2,0,0.007591,29653,29653,13;21,5
1677,2,0,2,2,0,0.007591,29653,29653,13;21,5
1681,2,0,2,2,0,0.007591,29653,29653,13;21,5
1685,2,0,2,2,0,0.007591,29653,29653,13;21,5
1690,2,0,2,2,0,0.007591,29653,29653,13;21,5
1695,2,0,2,2,0,0.007591,29653,29653,13;21,5
1700,2,0,2,2,0,0.007591,29653,29653,13;21,5
1705,2,0,2,2,0,0.007591,29653,29653,13;21,5
1710,2,0,2,2,0,0.007591,29653,29653,13;21,5
1715,2,0,2,2,0,0.007591,29653,29653,13;21,5
1719,2,0,2,2,0,0.007591,29653,29653,13;21,5
1724,2,0,2,2,0,0.007591,29653,29653,13;21,5
1730,2,0,2,2,0,0.007591,29653,29653,13;21,5
1735,2,0,2,2,0,0.007591,29653,29653,13;21,5
1739,2,0,2,2,0,0.007591,29653,29653,13;21,5
1743,2,0,2,2,0,0.007591,29653,29653,13;21,5
1748,2,0,2,2,0,0.007591,29648,29648,13;21,5
1755,2,0,2,2,0,0.007591,29648,29648,13;21,5
1757,2,0,2,2,0,0.007591,29648,29648,13;21,5
1762,2,0,2,2,0,0.007591,29648,29648,13;21,5
1766,2,0,2,2,0,0.007591,29648,29648,13;21,5
1770,2,0,2,2,0,0.007591,29648,29648,13;21,5
1775,2,0,2,2,0,0.007591,29648,29648,13;21,5
1780,2,0,2,2,0,0.007591,29648,29648,13;21,5
1784,2,0,2,2,0,0.007591,29648,29648,13;21,5
1787,2,0,2,2,0,0.007591,29648,29648,13;21,5
1790,2,0,2,2,0,0.007591,29648,29648,13;21,5
1795,2,0,2,2,0,0.007591,29648,29648,13;21,5
1798,2,0,2,2,0,0.007591,29648,29648,13;21,5
1802,2,0,2,2,0,0.007591,29648,29648,13;21,5
1806,2,0,2,2,0,0.007591,29648,29648,13;21,5
1812,2,0,2,2,0,0.007591,29648,29648,13;21,5
1815,2,0,2,2,0,0.007591,29648,29648,13;21,5
1818,2,0,2,2,0,0.007591,29648,29648,13;21,5
1823,2,0,2,2,0,0.007591,29648,29648,13;21,5
1826,2,0,2,2,0,0.007591,29648,29648,13;21,5
1830,2,0,2,2,0,0.007591,29648,29648,13;21,5
1834,2,0,2,2,0,0.007591,29648,29648,13;21,5
1837,2,0,2,2,0,0.007591,29648,29648,13;21,5
1840,2,0,2,2,0,0.007591,29648,29648,13;21,5
1843,2,0,2,2,0,0.007591,29648,29648,13;21,5
1849,2,0,2,2,0,0.007591,29648,29648,13;21,5
1852,2,0,2,2,0,0.007591,29648,29648,13;21,5
1855,2,0,2,2,0,0.007591,29648,29648,13;21,5
1860,2,0,2,2,0,0.007591,29648,29648,13;21,5
1864,2,0,2,2,0,0.007591,29648,29648,13;21,5
1868,2,0,2,2,0,0.007591,29648,29648,13;21,5
1873,2,0,2,2,0,0.007591,29648,29648,13;21,5
1877,2,0,2,2,0,0.007591,29648,29648,13;21,5
1881,2,0,2,2,0,0.007591,29648,29648,13;21,5
1883,2,0,2,2,0,0.007591,29648,29648,13;21,5
1889,2,0,2,2,0,0.007591,29648,29648,13;21,5
1891,2,0,2,2,0,0.007591,29648,29648,13;21,5
1896,2,0,2,2,0,0.007591,29648,29648,13;21,5
1900,2,0,2,2,0,0.007591,29648,29648,13;21,5
1904,2,0,2,2,0,0.007591,29648,29648,13;21,5
1908,2,0,2,2,0,0.007591,29648,29648,13;21,5
1912,512,510,2,3,0,0.022698,29612,29612,13;21;29,5
1922,512,510,2,3,0,0.023196,29580,29580,13;21;29,5
1933,512,510,2,3,0,0.023640,29548,29548,13;21;29,5
1945,512,510,2,3,0,0.024118,29516,29516,13;21;29,5
1954,512,510,2,3,0,0.024630,29484,29484,13;21;29,5
1964,512,510,2,3,0,0.025054,29452,29452,13;21;29,5
1975,512,510,2,3,0,0.025608,29420,29420,13;21;29,5
1987,512,510,2,3,0,0.026071,29389,29389,13;21;29,5
1998,512,510,2,3,0,0.026465,29357,29357,13;21;29,5
2011,512,510,2,3,0,0.026970,29325,29325,13;21;29,5
2023,512,510,2,3,0,0.027413,29293,29293,13;21;29,5
2038,512,510,2,3,0,0.027733,29261,29261,13;21;29,5
2052,512,510,2,3,0,0.028255,29229,29229,13;21;29,5
2065,512,510,2,3,0,0.028638,29192,29192,13;21;29,5
2081,512,510,2,3,0,0.028954,29160,29160,13;21;29,5
2094,512,510,2,3,0,0.029459,29129,29129,13;21;29,5
2110,512,510,2,3,0,0.029784,29097,29097,13;21;29,5
2124,512,510,2,3,0,0.030142,29065,29065,13;21;29,5
2140,512,510,2,3,0,0.030594,29033,29033,13;21;29,5
2155,512,510,2,3,0,0.030835,29001,29001,13;21;29,5
2172,157,155,2,3,1,0.012602,28991,28991,13;21;29,5
2176,3,0,3,3,0,0.007722,28991,28991,13;21;29,5
2180,3,0,3,3,0,0.007722,28991,28991,13;21;29,5
2185,3,0,3,3,0,0.007722,28991,28991,13;21;29,5
2190,3,0,3,3,0,0.007722,28991,28991,13;21;29,5
2194,3,0,3,3,0,0.007722,28991,28991,13;21;29,5
2197,3,0,3,3,0,0.007722,28991,28991,13;21;29,5
2202,3,0,3,3,0,0.007722,28991,28991,13;21;29,5
2206,3,0,3,3,0,0.007722,28991,28991,13;21;29,5
2210,3,0,3,3,0,0.007722,28991,28991,13;21;29,5
2216,3,0,3,3,0,0.007774,28991,28991,13;21;29,5
2220,3,0,3,3,0,0.007774,28991,28991,13;21;29,5
2223,3,0,3,3,0,0.007774,28991,28991,13;21;29,5
2228,3,0,3,3,0,0.007774,28991,28991,13;21;29,5
2232,3,0,3,3,0,0.007774,28991,28991,13;21;29,5
2235,3,0,3,3,0,0.007774,28991,28991,13;21;29,5
2240,3,0,3,3,0,0.007774,28991,28991,13;21;29,5
2244,3,0,3,3,0,0.007774,28991,28991,13;21;29,5
2249,3,0,3,3,0,0.007774,28991,28991,13;21;29,5
2253,3,0,3,3,0,0.007774,28986,28986,13;21;29,5
2257,3,0,3,3,0,0.007774,28986,28986,13;21;29,5
2260,3,0,3,3,0,0.007774,28986,28986,13;21;29,5
2264,3,0,3,3,0,0.007774,28986,28986,13;21;29,5
2270,3,0,3,3,0,0.007774,28986,28986,13;21;29,5
2274,3,0,3,3,0,0.007774,28986,28986,13;21;29,5
2277,3,0,3,3,0,0.007774,28986,28986,13;21;29,5
2280,3,0,3,3,0,0.007774,28986,28986,13;21;29,5
2284,3,0,3,3,0,0.007774,28986,28986,13;21;29,5
2288,3,0,3,3,0,0.007774,28986,28986,13;21;29,5
2291,3,0,3,3,0,0.007774,28986,28986,13;21;29,5
2295,3,0,3,3,0,0.007774,28986,28986,13;21;29,5
2300,3,0,3,3,0,0.007774,28986,28986,13;21;29,5
2304,3,0,3,3,0,0.007774,28986,28986,13;21;29,5
2307,3,0,3,3,0,0.007774,28986,28986,13;21;29,5
2311,3,0,3,3,0,0.007774,28986,28986,13;21;29,5
2315,3,0,3,3,0,0.007774,28986,28986,13;21;29,5
2318,3,0,3,3,0,0.007774,28986,28986,13;21;29,5
2325,3,0,3,3,0,0.007774,28986,28986,13;21;29,5
2329,3,0,3,3,0,0.007774,28986,28986,13;21;29,5
2332,3,0,3,3,0,0.007774,28986,28986,13;21;29,5
2335,512,509,3,4,0,0.022925,28950,28950,13;21;29;37,5
2346,512,509,3,4,0,0.023423,28918,28918,13;21;29;37,5
2356,95,92,3,4,1,0.009516,28912,28912,13;21;29;37,5
2360,4,0,4,4,0,0.007599,28912,28912,13;21;29;37,5
2363,4,0,4,4,0,0.007599,28912,28912,13;21;29;37,5
2366,4,0,4,4,0,0.007599,28912,28912,13;21;29;37,5
2369,4,0,4,4,0,0.007599,28912,28912,13;21;29;37,5
2374,4,0,4,4,0,0.007599,28912,28912,13;21;29;37,5
2378,4,0,4,4,0,0.007599,28912,28912,13;21;29;37,5
2381,4,0,4,4,0,0.007599,28912,28912,13;21;29;37,5
2384,4,0,4,4,0,0.007599,28912,28912,13;21;29;37,5
2386,4,0,4,4,0,0.007599,28912,28912,13;21;29;37,5
2391,4,0,4,4,0,0.007599,28912,28912,13;21;29;37,5
2394,4,0,4,4,0,0.007599,28912,28912,13;21;29;37,5
2398,4,0,4,4,0,0.007599,28912,28912,13;21;29;37,5
2401,4,0,4,4,0,0.007599,28912,28912,13;21;29;37,5
2405,4,0,4,4,0,0.007599,28912,28912,13;21;29;37,5
2408,4,0,4,4,0,0.007599,28912,28912,13;21;29;37,5
2412,4,0,4,4,0,0.007599,28912,28912,13;21;29;37,5
2415,4,0,4,4,0,0.007599,28912,28912,13;21;29;37,5
2419,4,0,4,4,0,0.007599,28912,28912,13;21;29;37,5
2424,4,0,4,4,0,0.007599,28912,28912,13;21;29;37,5
2426,4,0,4,4,0,0.007599,28912,28912,13;21;29;37,5
2431,4,0,4,4,0,0.007599,28912,28912,13;21;29;37,5
2435,4,0,4,4,0,0.007599,28912,28912,13;21;29;37,5
2441,4,0,4,4,0,0.007599,28912,28912,13;21;29;37,5
2445,4,0,4,4,0,0.007599,28912,28912,13;21;29;37,5
2449,4,0,4,4,0,0.007599,28912,28912,13;21;29;37,5
2454,4,0,4,4,0,0.007599,28912,28912,13;21;29;37,5
2460,4,0,4,4,0,0.007599,28912,28912,13;21;29;37,5
2463,4,0,4,4,0,0.007599,28912,28912,13;21;29;37,5
2466,4,0,4,4,0,0.007599,28912,28912,13;21;29;37,5
2469,4,0,4,4,0,0.007599,28912,28912,13;21;29;37,5
2475,4,0,4,4,0,0.007599,28907,28907,13;21;29;37,5
2479,4,0,4,4,0,0.007599,28907,28907,13;21;29;37,5
2482,4,0,4,4,0,0.007599,28907,28907,13;21;29;37,5
2486,4,0,4,4,0,0.007599,28907,28907,13;21;29;37,5
2491,4,0,4,4,0,0.007599,28902,28902,13;21;29;37,5
2494,4,0,4,4,0,0.007599,28902,28902,13;21;29;37,5
2498,4,0,4,4,0,0.007599,28902,28902,13;21;29;37,5
2502,4,0,4,4,0,0.007599,28902,28902,13;21;29;37,5
2507,4,0,4,4,0,0.007599,28902,28902,13;21;29;37,5
2512,4,0,4,4,0,0.007599,28902,28902,13;21;29;37,5
2517,4,0,4,4,0,0.007599,28902,28902,13;21;29;37,5
2522,4,0,4,4,0,0.007599,28902,28902,13;21;29;37,5
2527,4,0,4,4,0,0.007599,28902,28902,13;21;29;37,5
2532,4,0,4,4,0,0.007599,28902,28902,13;21;29;37,5
2536,4,0,4,4,0,0.007599,28902,28902,13;21;29;37,5
2539,4,0,4,4,0,0.007599,28902,28902,13;21;29;37,5
2545,4,0,4,4,0,0.007599,28902,28902,13;21;29;37,5
2550,4,0,4,4,0,0.007599,28902,28902,13;21;29;37,5
2554,4,0,4,4,0,0.007599,28902,28902,13;21;29;37,5
2558,4,0,4,4,0,0.007599,28902,28902,13;21;29;37,5
2563,4,0,4,4,0,0.007599,28902,28902,13;21;29;37,5
2567,4,0,4,4,0,0.007599,28902,28902,13;21;29;37,5
2572,4,0,4,4,0,0.007599,28902,28902,13;21;29;37,5
2576,4,0,4,4,0,0.007599,28902,28902,13;21;29;37,5
2581,4,0,4,4,0,0.007599,28902,28902,13;21;29;37,5
2586,4,0,4,4,0,0.007599,28902,28902,13;21;29;37,5
2591,4,0,4,4,0,0.007599,28897,28897,13;21;29;37,5
2596,4,0,4,4,0,0.007599,28897,28897,13;21;29;37,5
2601,4,0,4,4,0,0.007599,28897,28897,13;21;29;37,5
2605,4,0,4,4,0,0.007599,28897,28897,13;21;29;37,5
2609,4,0,4,4,0,0.007599,28897,28897,13;21;29;37,5
2614,4,0,4,4,0,0.007599,28897,28897,13;21;29;37,5
2618,4,0,4,4,0,0.007599,28897,28897,13;21;29;37,5
2625,4,0,4,4,0,0.007599,28897,28897,13;21;29;37,5
2629,4,0,4,4,0,0.007599,28897,28897,13;21;29;37,5
2634,4,0,4,4,0,0.007599,28897,28897,13;21;29;37,5
2637,4,0,4,4,0,0.007599,28897,28897,13;21;29;37,5
2642,4,0,4,4,0,0.007599,28897,28897,13;21;29;37,5
2645,4,0,4,4,0,0.007599,28897,28897,13;21;29;37,5
2650,4,0,4,4,0,0.007599,28897,28897,13;21;29;37,5
2655,4,0,4,4,0,0.007599,28897,28897,13;21;29;37,5
2660,4,0,4,4,0,0.007599,28897,28897,13;21;29;37,5
2664,4,0,4,4,0,0.007599,28897,28897,13;21;29;37,5
2668,4,0,4,4,0,0.007599,28892,28892,13;21;29;37,5
2673,4,0,4,4,0,0.007599,28892,28892,13;21;29;37,5
2678,4,0,4,4,0,0.007599,28892,28892,13;21;29;37,5
2683,3,0,3,3,0,0.007734,29042,29042,21;29;37,5
2687,3,0,3,3,0,0.007734,29042,29042,21;29;37,5
2693,3,0,3,3,0,0.007734,29042,29042,21;29;37,5
2697,3,0,3,3,0,0.007734,29042,29042,21;29;37,5
2703,3,0,3,3,0,0.007734,29042,29042,21;29;37,5
2708,3,0,3,3,0,0.007734,29042,29042,21;29;37,5
2711,3,0,3,3,0,0.007734,29042,29042,21;29;37,5
2715,3,0,3,3,0,0.007734,29042,29042,21;29;37,5
2720,3,0,3,3,0,0.007734,29042,29042,21;29;37,5
2725,3,0,3,3,0,0.007734,29042,29042,21;29;37,5
2732,3,0,3,3,0,0.007734,29042,29042,21;29;37,5
2738,3,0,3,3,0,0.007734,29042,29042,21;29;37,5
2743,3,0,3,3,0,0.007734,29042,29042,21;29;37,5
2749,3,0,3,3,0,0.007734,29042,29042,21;29;37,5
2754,3,0,3,3,0,0.007734,29042,29042,21;29;37,5
2760,3,0,3,3,0,0.007734,29042,29042,21;29;37,5
2765,3,0,3,3,0,0.007734,29042,29042,21;29;37,5
2771,3,0,3,3,0,0.007734,29042,29042,21;29;37,5
2776,3,0,3,3,0,0.007734,29042,29042,21;29;37,5
2780,3,0,3,3,0,0.007734,29042,29042,21;29;37,5
2785,3,0,3,3,0,0.007734,29042,29042,21;29;37,5
2791,3,0,3,3,0,0.007734,29042,29042,21;29;37,5
2796,3,0,3,3,0,0.007734,29042,29042,21;29;37,5
2802,3,0,3,3,0,0.007734,29042,29042,21;29;37,5
2807,3,0,3,3,0,0.007734,29042,29042,21;29;37,5
2812,3,0,3,3,0,0.007734,29042,29042,21;29;37,5
2817,3,0,3,3,0,0.007734,29042,29042,21;29;37,5
2824,3,0,3,3,0,0.007734,29042,29042,21;29;37,5
2829,3,0,3,3,0,0.007720,29042,29042,21;29;37,5
2834,3,0,3,3,0,0.007720,29042,29042,21;29;37,5
2839,3,0,3,3,0,0.007720,29042,29042,21;29;37,5
2844,3,0,3,3,0,0.007720,29042,29042,21;29;37,5
2849,3,0,3,3,0,0.007720,29042,29042,21;29;37,5
2856,3,0,3,3,0,0.007720,29042,29042,21;29;37,5
2860,3,0,3,3,0,0.007720,29042,29042,21;29;37,5
2864,3,0,3,3,0,0.007720,29042,29042,21;29;37,5
2869,3,0,3,3,0,0.007720,29042,29042,21;29;37,5
2874,3,0,3,3,0,0.007720,29042,29042,21;29;37,5
2878,3,0,3,3,0,0.007720,29037,29037,21;29;37,5
2884,3,0,3,3,0,0.007720,29037,29037,21;29;37,5
2888,3,0,3,3,0,0.007720,29037,29037,21;29;37,5
2893,3,0,3,3,0,0.007720,29037,29037,21;29;37,5
2899,3,0,3,3,0,0.007720,29037,29037,21;29;37,5
2903,3,0,3,3,0,0.007720,29037,29037,21;29;37,5
2906,3,0,3,3,0,0.007720,29037,29037,21;29;37,5
2912,3,0,3,3,0,0.007720,29037,29037,21;29;37,5
2917,3,0,3,3,0,0.007720,29037,29037,21;29;37,5
2920,3,0,3,3,0,0.007720,29037,29037,21;29;37,5
2925,3,0,3,3,0,0.007720,29037,29037,21;29;37,5
2930,3,0,3,3,0,0.007720,29037,29037,21;29;37,5
2934,3,0,3,3,0,0.007720,29037,29037,21;29;37,5
2940,3,0,3,3,0,0.007720,29037,29037,21;29;37,5
2945,3,0,3,3,0,0.007720,29037,29037,21;29;37,5
2949,3,0,3,3,0,0.007720,29037,29037,21;29;37,5
2953,3,0,3,3,0,0.007720,29037,29037,21;29;37,5
2958,3,0,3,3,0,0.007720,29037,29037,21;29;37,5
2964,3,0,3,3,0,0.007720,29037,29037,21;29;37,5
2969,3,0,3,3,0,0.007720,29037,29037,21;29;37,5
2973,3,0,3,3,0,0.007720,29037,29037,21;29;37,5
2977,512,509,3,4,0,0.022871,29001,29001,21;29;37;45,5
2989,512,509,3,4,0,0.023369,28964,28964,21;29;37;45,5
3002,512,509,3,4,0,0.023813,28932,28932,21;29;37;45,5
3013,512,509,3,4,0,0.024292,28900,28900,21;29;37;45,5
3024,512,509,3,4,0,0.024804,28868,28868,21;29;37;45,5
3033,512,509,3,4,0,0.025227,28837,28837,21;29;37;45,5
3043,512,509,3,4,0,0.025782,28805,28805,21;29;37;45,5
3053,512,509,3,4,0,0.026245,28773,28773,21;29;37;45,5
3065,512,509,3,4,0,0.026638,28741,28741,21;29;37;45,5
3078,512,509,3,4,0,0.027143,28709,28709,21;29;37;45,5
3087,512,509,3,4,0,0.027586,28678,28678,21;29;37;45,5
3096,512,509,3,4,0,0.027906,28646,28646,21;29;37;45,5
3105,512,509,3,4,0,0.028428,28614,28614,21;29;37;45,5
3117,512,509,3,4,0,0.028811,28582,28582,21;29;37;45,5
3128,512,509,3,4,0,0.029127,28550,28550,21;29;37;45,5
3143,512,509,3,4,0,0.029632,28519,28519,21;29;37;45,5
3156,512,509,3,4,0,0.029957,28487,28487,21;29;37;45,5
3171,512,509,3,4,0,0.030315,28455,28455,21;29;37;45,5
3188,512,509,3,4,0,0.030767,28418,28418,21;29;37;45,5
3201,512,509,3,4,0,0.031008,28386,28386,21;29;37;45,5
3216,512,509,3,4,0,0.031393,28354,28354,21;29;37;45,5
3232,512,509,3,4,0,0.031746,28323,28323,21;29;37;45,5
3249,512,509,3,4,0,0.032215,28291,28291,21;29;37;45,5
3266,512,509,3,4,0,0.032683,28259,28259,21;29;37;45,5
3283,512,509,3,4,0,0.032882,28227,28227,21;29;37;45,5
3300,512,509,3,4,0,0.033320,28195,28195,21;29;37;45,5
3317,512,509,3,4,0,0.033784,28164,28164,21;29;37;45,5
3334,512,509,3,4,0,0.034021,28132,28132,21;29;37;45,5
3350,512,509,3,4,0,0.034513,28100,28100,21;29;37;45,5
3365,512,509,3,4,0,0.034860,28068,28068,21;29;37;45,5
3379,512,509,3,4,0,0.035110,28036,28036,21;29;37;45,5
3394,512,509,3,4,0,0.035791,28005,28005,21;29;37;45,5
3409,512,509,3,4,0,0.036018,27973,27973,21;29;37;45,5
3424,512,509,3,4,0,0.036281,27941,27941,21;29;37;45,5
3440,512,509,3,4,0,0.036871,27909,27909,21;29;37;45,5
3455,512,509,3,4,0,0.037084,27877,27877,21;29;37;45,5
3467,512,509,3,4,0,0.037392,27845,27845,21;29;37;45,5
3479,512,509,3,4,0,0.037878,27814,27814,21;29;37;45,5
3491,512,509,3,4,0,0.038416,27782,27782,21;29;37;45,5
3503,512,509,3,5,1,0.038681,27746,27746,21;29;37;45;53,5
3515,512,508,4,5,0,0.023357,27714,27714,21;29;37;45;53,5
3521,512,508,4,5,0,0.023994,27682,27682,21;29;37;45;53,5
3531,512,508,4,5,0,0.024322,27650,27650,21;29;37;45;53,5
3539,512,508,4,5,0,0.024730,27619,27619,21;29;37;45;53,5
3547,512,508,4,5,0,0.025401,27587,27587,21;29;37;45;53,5
3552,512,508,4,5,0,0.025731,27555,27555,21;29;37;45;53,5
3557,512,508,4,5,0,0.026195,27523,27523,21;29;37;45;53,5
3565,512,508,4,5,0,0.026842,27492,27492,21;29;37;45;53,5
3572,512,508,4,5,0,0.027155,27460,27460,21;29;37;45;53,5
3579,512,508,4,5,0,0.027535,27428,27428,21;29;37;45;53,5
3586,512,508,4,5,0,0.028126,27396,27396,21;29;37;45;53,5
3592,512,508,4,5,0,0.028391,27365,27365,21;29;37;45;53,5
3598,512,508,4,5,0,0.028840,27333,27333,21;29;37;45;53,5
3604,512,508,4,5,0,0.029331,27301,27301,21;29;37;45;53,5
3611,512,508,4,5,0,0.029651,27269,27269,21;29;37;45;53,5
3621,512,508,4,5,0,0.029975,27238,27238,21;29;37;45;53,5
3630,512,508,4,5,0,0.030317,27206,27206,21;29;37;45;53,5
3641,512,508,4,5,0,0.030774,27174,27174,21;29;37;45;53,5
3650,512,508,4,5,0,0.031101,27142,27142,21;29;37;45;53,5
3662,512,508,4,5,0,0.031375,27106,27106,21;29;37;45;53,5
3673,512,508,4,5,0,0.031815,27074,27074,21;29;37;45;53,5
3681,512,508,4,5,0,0.032202,27042,27042,21;29;37;45;53,5
3691,512,508,4,5,0,0.032665,27010,27010,21;29;37;45;53,5
3698,512,508,4,5,0,0.033116,26979,26979,21;29;37;45;53,5
3706,512,508,4,5,0,0.033443,26947,26947,21;29;37;45;53,5
3714,512,508,4,5,0,0.033743,26915,26915,21;29;37;45;53,5
3722,512,508,4,5,0,0.034236,26883,26883,21;29;37;45;53,5
3730,512,508,4,5,0,0.034517,26852,26852,21;29;37;45;53,5
3739,512,508,4,5,0,0.034909,26820,26820,21;29;37;45;53,5
3747,512,508,4,5,0,0.035332,26788,26788,21;29;37;45;53,5
3755,512,508,4,5,0,0.035827,26756,26756,21;29;37;45;53,5
3763,512,508,4,5,0,0.036096,26725,26725,21;29;37;45;53,5
3774,512,508,4,5,0,0.036351,26693,26693,21;29;37;45;53,5
3781,512,508,4,5,0,0.036723,26661,26661,21;29;37;45;53,5
3791,512,508,4,5,0,0.037139,26629,26629,21;29;37;45;53,5
3798,512,508,4,5,0,0.037443,26598,26598,21;29;37;45;53,5
3806,512,508,4,5,0,0.037867,26566,26566,21;29;37;45;53,5
3815,512,508,4,5,0,0.038230,26534,26534,21;29;37;45;53,5
3824,512,508,4,5,0,0.038726,26502,26502,21;29;37;45;53,5
3834,512,508,4,5,0,0.039134,26471,26471,21;29;37;45;53,5
3845,512,508,4,5,0,0.039378,26439,26439,21;29;37;45;53,5
3857,512,508,4,5,0,0.039747,26402,26402,21;29;37;45;53,5
3871,512,508,4,5,0,0.040209,26370,26370,21;29;37;45;53,5
3881,512,508,4,5,0,0.040537,26339,26339,21;29;37;45;53,5
3889,512,508,4,5,0,0.041073,26307,26307,21;29;37;45;53,5
3902,512,508,4,5,0,0.041454,26275,26275,21;29;37;45;53,5
3914,512,508,4,6,1,0.042311,26239,26239,21;29;37;45;53;61,5
3926,512,507,5,6,0,0.023607,26207,26207,21;29;37;45;53;61,5
3934,512,507,5,6,0,0.024091,26175,26175,21;29;37;45;53;61,5
3941,512,507,5,6,0,0.024565,26144,26144,21;29;37;45;53;61,5
3948,512,507,5,6,0,0.024995,26112,26112,21;29;37;45;53;61,5
3957,512,507,5,6,0,0.025507,26080,26080,21;29;37;45;53;61,5
3966,512,507,5,6,0,0.025930,26049,26049,21;29;37;45;53;61,5
3974,512,507,5,6,0,0.026485,26017,26017,21;29;37;45;53;61,5
3984,512,507,5,6,0,0.026948,25985,25985,21;29;37;45;53;61,5
3993,512,507,5,6,0,0.027342,25953,25953,21;29;37;45;53;61,5
4001,512,507,5,6,0,0.027846,25922,25922,21;29;37;45;53;61,5
4011,512,507,5,6,0,0.028309,25890,25890,21;29;37;45;53;61,5
4020,512,507,5,6,0,0.028629,25853,25853,21;29;37;45;53;61,5
4031,512,507,5,6,0,0.029151,25822,25822,21;29;37;45;53;61,5
4041,512,507,5,6,0,0.029534,25790,25790,21;29;37;45;53;61,5
4049,512,507,5,6,0,0.029850,25758,25758,21;29;37;45;53;61,5
4061,512,507,5,7,1,0.030376,25723,25723,21;29;37;45;53;61;69,5
4070,512,506,6,7,0,0.023702,25691,25691,21;29;37;45;53;61;69,5
4078,512,507,5,6,0,0.024120,25748,25748,21;29;45;53;61;69,5
4087,512,507,5,6,0,0.024626,25717,25717,21;29;45;53;61;69,5
4094,512,507,5,6,0,0.025095,25685,25685,21;29;45;53;61;69,5
4101,512,507,5,6,0,0.025583,25653,25653,21;29;45;53;61;69,5
4110,512,507,5,6,0,0.026032,25622,25622,21;29;45;53;61;69,5
4119,512,507,5,6,0,0.026569,25590,25590,21;29;45;53;61;69,5
4127,512,507,5,6,0,0.027028,25558,25558,21;29;45;53;61;69,5
4137,512,507,5,6,0,0.027446,25521,25521,21;29;45;53;61;69,5
4146,512,507,5,6,0,0.027874,25490,25490,21;29;45;53;61;69,5
4152,512,507,5,6,0,0.028364,25458,25458,21;29;45;53;61;69,5
4160,512,507,5,6,0,0.028705,25426,25426,21;29;45;53;61;69,5
4165,512,507,5,6,0,0.029202,25395,25395,21;29;45;53;61;69,5
4171,512,507,5,6,0,0.029521,25363,25363,21;29;45;53;61;69,5
4179,512,507,5,6,0,0.029938,25331,25331,21;29;45;53;61;69,5
4185,512,507,5,6,0,0.030421,25300,25300,21;29;45;53;61;69,5
4194,512,507,5,7,1,0.030682,25264,25264,21;29;45;53;61;69;77,5
4202,512,506,6,7,0,0.024090,25232,25232,21;29;45;53;61;69;77,5
4210,512,506,6,7,0,0.024727,25201,25201,21;29;45;53;61;69;77,5
4216,512,506,6,7,0,0.025054,25169,25169,21;29;45;53;61;69;77,5
4221,512,506,6,7,0,0.025463,25137,25137,21;29;45;53;61;69;77,5
4227,512,506,6,7,0,0.026134,25106,25106,21;29;45;53;61;69;77,5
4235,512,506,6,7,0,0.026464,25074,25074,21;29;45;53;61;69;77,5
4241,512,506,6,7,0,0.026928,25042,25042,21;29;45;53;61;69;77,5
4246,512,506,6,7,0,0.027575,25011,25011,21;29;45;53;61;69;77,5
4254,512,506,6,7,0,0.027887,24979,24979,21;29;45;53;61;69;77,5
4263,512,506,6,7,0,0.028268,24948,24948,21;29;45;53;61;69;77,5
4272,512,506,6,7,0,0.028673,24916,24916,21;29;45;53;61;69;77,5
4280,512,506,6,7,0,0.029113,24884,24884,21;29;45;53;61;69;77,5
4289,512,506,6,7,0,0.029580,24853,24853,21;29;45;53;61;69;77,5
4298,512,506,6,7,0,0.029879,24821,24821,21;29;45;53;61;69;77,5
4309,512,506,6,7,0,0.030347,24789,24789,21;29;45;53;61;69;77,5
4313,512,506,6,7,0,0.030713,24758,24758,21;29;45;53;61;69;77,5
4320,512,506,6,7,0,0.031050,24726,24726,21;29;45;53;61;69;77,5
4328,512,506,6,7,0,0.031506,24695,24695,21;29;45;53;61;69;77,5
4335,512,506,6,7,0,0.031834,24663,24663,21;29;45;53;61;69;77,5
4341,512,506,6,7,0,0.032108,24626,24626,21;29;45;53;61;69;77,5
4349,512,506,6,7,0,0.032547,24595,24595,21;29;45;53;61;69;77,5
4357,512,506,6,7,0,0.032789,24563,24563,21;29;45;53;61;69;77,5
4365,512,506,6,7,0,0.033279,24531,24531,21;29;45;53;61;69;77,5
4371,512,506,6,7,0,0.033733,24500,24500,21;29;45;53;61;69;77,5
4378,512,507,5,6,0,0.033702,25726,25726,21;29;53;61;69;77,5
4386,512,507,5,6,0,0.034001,25694,25694,21;29;53;61;69;77,5
4392,512,507,5,6,0,0.034487,25663,25663,21;29;53;61;69;77,5
4403,512,507,5,6,0,0.034767,25631,25631,21;29;53;61;69;77,5
4410,512,507,5,6,0,0.035206,25599,25599,21;29;53;61;69;77,5
4418,512,507,5,6,0,0.035535,25568,25568,21;29;53;61;69;77,5
4426,512,507,5,6,0,0.036052,25536,25536,21;29;53;61;69;77,5
4433,512,507,5,6,0,0.036433,25504,25504,21;29;53;61;69;77,5
4441,512,507,5,6,0,0.036717,25473,25473,21;29;53;61;69;77,5
4450,512,507,5,6,0,0.037037,25441,25441,21;29;53;61;69;77,5
4458,512,507,5,7,1,0.037753,25405,25405,21;29;53;61;69;77;85,5
4467,512,506,6,7,0,0.023823,25373,25373,21;29;53;61;69;77;85,5
4472,512,506,6,7,0,0.024307,25342,25342,21;29;53;61;69;77;85,5
4476,512,506,6,7,0,0.024732,25310,25310,21;29;53;61;69;77;85,5
4482,512,506,6,7,0,0.025211,25278,25278,21;29;53;61;69;77;85,5
4487,512,506,6,7,0,0.025723,25247,25247,21;29;53;61;69;77;85,5
4492,512,506,6,7,0,0.026146,25210,25210,21;29;53;61;69;77;85,5
4499,512,506,6,7,0,0.026701,25174,25174,21;29;53;61;69;77;85,5
4505,512,506,6,7,0,0.027164,25142,25142,21;29;53;61;69;77;85,5
4512,512,506,6,7,0,0.027558,25110,25110,21;29;53;61;69;77;85,5
4517,512,506,6,7,0,0.028063,25079,25079,21;29;53;61;69;77;85,5
4524,512,506,6,7,0,0.028505,25047,25047,21;29;53;61;69;77;85,5
4530,512,506,6,7,0,0.028825,25015,25015,21;29;53;61;69;77;85,5
4538,512,507,5,6,0,0.029176,25392,25392,29;53;61;69;77;85,5
4545,512,507,5,6,0,0.029519,25360,25360,29;53;61;69;77;85,5
4550,512,507,5,6,0,0.029875,25328,25328,29;53;61;69;77;85,5
4558,512,507,5,6,0,0.030164,25297,25297,29;53;61;69;77;85,5
4564,512,507,5,6,0,0.030668,25265,25265,29;53;61;69;77;85,5
4569,512,507,5,6,0,0.031064,25233,25233,29;53;61;69;77;85,5
4577,512,507,5,6,0,0.031308,25202,25202,29;53;61;69;77;85,5
4583,512,507,5,6,0,0.031736,25170,25170,29;53;61;69;77;85,5
4591,512,507,5,6,0,0.032140,25138,25138,29;53;61;69;77;85,5
4598,512,507,5,7,1,0.032640,25102,25102,29;53;61;69;77;85;93,5
4605,512,506,6,7,0,0.024258,25070,25070,29;53;61;69;77;85;93,5
4612,512,506,6,7,0,0.024749,25038,25038,29;53;61;69;77;85;93,5
4618,512,506,6,7,0,0.025058,25007,25007,29;53;61;69;77;85;93,5
4626,512,506,6,7,0,0.025424,24975,24975,29;53;61;69;77;85;93,5
4631,512,506,6,7,0,0.026095,24944,24944,29;53;61;69;77;85;93,5
4640,512,506,6,7,0,0.026425,24912,24912,29;53;61;69;77;85;93,5
4649,512,506,6,7,0,0.026889,24880,24880,29;53;61;69;77;85;93,5
4657,512,506,6,7,0,0.027536,24849,24849,29;53;61;69;77;85;93,5
4669,512,506,6,7,0,0.027848,24817,24817,29;53;61;69;77;85;93,5
4675,512,506,6,7,0,0.028229,24780,24780,29;53;61;69;77;85;93,5
4686,512,506,6,7,0,0.028820,24749,24749,29;53;61;69;77;85;93,5
4696,512,506,6,7,0,0.029085,24717,24717,29;53;61;69;77;85;93,5
4706,512,506,6,7,0,0.029534,24686,24686,29;53;61;69;77;85;93,5
4716,512,506,6,7,0,0.029841,24654,24654,29;53;61;69;77;85;93,5
4727,512,506,6,7,0,0.030308,24622,24622,29;53;61;69;77;85;93,5
4736,512,506,6,7,0,0.030674,24591,24591,29;53;61;69;77;85;93,5
4747,512,506,6,7,0,0.031011,24559,24559,29;53;61;69;77;85;93,5
4757,512,506,6,7,0,0.031468,24527,24527,29;53;61;69;77;85;93,5
4767,512,506,6,7,0,0.031795,24496,24496,29;53;61;69;77;85;93,5
4779,512,506,6,7,0,0.032069,24464,24464,29;53;61;69;77;85;93,5
4789,512,506,6,7,0,0.032509,24433,24433,29;53;61;69;77;85;93,5
4800,512,506,6,7,0,0.032896,24401,24401,29;53;61;69;77;85;93,5
4812,512,506,6,7,0,0.033359,24369,24369,29;53;61;69;77;85;93,5
4823,512,506,6,7,0,0.033809,24338,24338,29;53;61;69;77;85;93,5
4831,512,506,6,7,0,0.034030,24306,24306,29;53;61;69;77;85;93,5
4839,512,506,6,7,0,0.034329,24274,24274,29;53;61;69;77;85;93,5
4848,512,506,6,7,0,0.034816,24243,24243,29;53;61;69;77;85;93,5
4855,512,506,6,7,0,0.035096,24211,24211,29;53;61;69;77;85;93,5
4864,512,506,6,7,0,0.035535,24180,24180,29;53;61;69;77;85;93,5
4872,512,506,6,7,0,0.035863,24148,24148,29;53;61;69;77;85;93,5
4879,512,506,6,7,0,0.036380,24116,24116,29;53;61;69;77;85;93,5
4888,512,506,6,7,0,0.036761,24085,24085,29;53;61;69;77;85;93,5
4897,512,506,6,7,0,0.037045,24053,24053,29;53;61;69;77;85;93,5
4906,512,506,6,7,0,0.037417,24021,24021,29;53;61;69;77;85;93,5
4914,512,506,6,7,0,0.037833,23990,23990,29;53;61;69;77;85;93,5
4922,512,506,6,7,0,0.038081,23958,23958,29;53;61;69;77;85;93,5
4932,512,506,6,7,0,0.038503,23927,23927,29;53;61;69;77;85;93,5
4940,512,506,6,7,0,0.038924,23895,23895,29;53;61;69;77;85;93,5
4949,512,506,6,7,0,0.039401,23863,23863,29;53;61;69;77;85;93,5
4958,512,506,6,7,0,0.039778,23832,23832,29;53;61;69;77;85;93,5
4967,512,506,6,7,0,0.040072,23800,23800,29;53;61;69;77;85;93,5
4975,512,506,6,7,0,0.040335,23768,23768,29;53;61;69;77;85;93,5
4986,512,506,6,7,0,0.040781,23732,23732,29;53;61;69;77;85;93,5
4996,512,506,6,7,0,0.041143,23700,23700,29;53;61;69;77;85;93,5
5005,512,506,6,7,0,0.041651,23669,23669,29;53;61;69;77;85;93,5
5019,512,506,6,7,0,0.042122,23632,23632,29;53;61;69;77;85;93,5
5032,512,506,6,7,0,0.042421,23600,23600,29;53;61;69;77;85;93,5
5044,512,506,6,7,0,0.042905,23569,23569,29;53;61;69;77;85;93,5
5059,512,506,6,7,0,0.043091,23537,23537,29;53;61;69;77;85;93,5
5074,512,506,6,7,0,0.043343,23505,23505,29;53;61;69;77;85;93,5
5083,512,506,6,7,0,0.043881,23474,23474,29;53;61;69;77;85;93,5
5094,512,506,6,7,0,0.044153,23442,23442,29;53;61;69;77;85;93,5
5106,512,506,6,7,0,0.044659,23411,23411,29;53;61;69;77;85;93,5
5116,512,506,6,7,0,0.045087,23379,23379,29;53;61;69;77;85;93,5
5129,512,506,6,7,0,0.045488,23347,23347,29;53;61;69;77;85;93,5
5139,512,506,6,7,0,0.045825,23316,23316,29;53;61;69;77;85;93,5
5150,512,506,6,7,0,0.046158,23284,23284,29;53;61;69;77;85;93,5
5161,512,506,6,8,1,0.046947,23249,23249,29;53;61;69;77;85;93;101,5
5173,512,505,7,8,0,0.024732,23218,23218,29;53;61;69;77;85;93;101,5
5179,512,505,7,8,0,0.025176,23186,23186,29;53;61;69;77;85;93;101,5
5184,512,505,7,8,0,0.025655,23155,23155,29;53;61;69;77;85;93;101,5
5193,512,505,7,8,0,0.026167,23123,23123,29;53;61;69;77;85;93;101,5
5201,512,505,7,8,0,0.026590,23092,23092,29;53;61;69;77;85;93;101,5
5211,512,505,7,8,0,0.026891,23055,23055,29;53;61;69;77;85;93;101,5
5218,512,505,7,8,0,0.027569,23024,23024,29;53;61;69;77;85;93;101,5
5228,512,505,7,8,0,0.027997,22992,22992,29;53;61;69;77;85;93;101,5
5236,512,505,7,8,0,0.028307,22960,22960,29;53;61;69;77;85;93;101,5
5245,512,505,7,8,0,0.028919,22929,22929,29;53;61;69;77;85;93;101,5
5256,512,505,7,8,0,0.029270,22897,22897,29;53;61;69;77;85;93;101,5
5263,512,505,7,8,0,0.029539,22866,22866,29;53;61;69;77;85;93;101,5
5271,512,505,7,8,0,0.030134,22829,22829,29;53;61;69;77;85;93;101,5
5278,512,505,7,8,0,0.030490,22798,22798,29;53;61;69;77;85;93;101,5
5287,512,505,7,8,0,0.030768,22766,22766,29;53;61;69;77;85;93;101,5
5294,512,505,7,8,0,0.031092,22734,22734,29;53;61;69;77;85;93;101,5
5302,512,505,7,9,1,0.031905,22702,22702,29;53;61;69;77;85;93;101;109,5
5309,512,504,8,9,0,0.024836,22670,22670,29;53;61;69;77;85;93;101;109,5
5314,512,504,8,9,0,0.025328,22639,22639,29;53;61;69;77;85;93;101;109,5
5321,512,504,8,9,0,0.025636,22607,22607,29;53;61;69;77;85;93;101;109,5
5327,512,504,8,9,0,0.026271,22571,22571,29;53;61;69;77;85;93;101;109,5
5333,512,504,8,9,0,0.026739,22539,22539,29;53;61;69;77;85;93;101;109,5
5339,512,504,8,9,0,0.027044,22508,22508,29;53;61;69;77;85;93;101;109,5
5347,512,504,8,9,0,0.027722,22476,22476,29;53;61;69;77;85;93;101;109,5
5353,512,504,8,9,0,0.028150,22445,22445,29;53;61;69;77;85;93;101;109,5
5361,512,504,8,9,0,0.028425,22413,22413,29;53;61;69;77;85;93;101;109,5
5367,512,504,8,9,0,0.028806,22382,22382,29;53;61;69;77;85;93;101;109,5
5374,512,504,8,9,0,0.029397,22350,22350,29;53;61;69;77;85;93;101;109,5
5382,512,504,8,9,0,0.029662,22319,22319,29;53;61;69;77;85;93;101;109,5
5390,512,504,8,9,0,0.030111,22287,22287,29;53;61;69;77;85;93;101;109,5
5399,512,504,8,9,0,0.030601,22256,22256,29;53;61;69;77;85;93;101;109,5
5405,512,504,8,9,0,0.030921,22219,22219,29;53;61;69;77;85;93;101;109,5
5413,512,504,8,9,0,0.031245,22188,22188,29;53;61;69;77;85;93;101;109,5
5420,512,504,8,9,0,0.031588,22156,22156,29;53;61;69;77;85;93;101;109,5
5428,512,504,8,9,0,0.032044,22125,22125,29;53;61;69;77;85;93;101;109,5
5434,512,504,8,9,0,0.032371,22093,22093,29;53;61;69;77;85;93;101;109,5
5443,512,504,8,9,0,0.032645,22062,22062,29;53;61;69;77;85;93;101;109,5
5454,512,504,8,9,0,0.033085,22025,22025,29;53;61;69;77;85;93;101;109,5
5465,512,504,8,9,0,0.033472,21994,21994,29;53;61;69;77;85;93;101;109,5
5476,512,504,8,9,0,0.033935,21962,21962,29;53;61;69;77;85;93;101;109,5
5485,512,504,8,9,0,0.034386,21931,21931,29;53;61;69;77;85;93;101;109,5
5496,512,504,8,9,0,0.034607,21899,21899,29;53;61;69;77;85;93;101;109,5
5507,512,504,8,9,0,0.034906,21868,21868,29;53;61;69;77;85;93;101;109,5
5517,512,504,8,10,1,0.035375,21832,21832,29;53;61;69;77;85;93;101;109;117,5
5530,512,503,9,10,0,0.025022,21800,21800,29;53;61;69;77;85;93;101;109;117,5
5536,512,503,9,11,1,0.025986,21766,21766,29;53;61;69;77;85;93;101;109;117;125,5
5546,512,502,10,11,0,0.025072,21729,21729,29;53;61;69;77;85;93;101;109;117;125,5
5554,512,502,10,11,0,0.025515,21698,21698,29;53;61;69;77;85;93;101;109;117;125,5
5561,426,416,10,11,1,0.019938,21672,21672,29;53;61;69;77;85;93;101;109;117;125,5
5568,11,0,11,11,0,0.009290,21672,21672,29;53;61;69;77;85;93;101;109;117;125,5
5571,11,0,11,11,0,0.009290,21672,21672,29;53;61;69;77;85;93;101;109;117;125,5
5574,11,0,11,11,0,0.009290,21672,21672,29;53;61;69;77;85;93;101;109;117;125,5
5579,11,0,11,11,0,0.009290,21672,21672,29;53;61;69;77;85;93;101;109;117;125,5
5582,11,0,11,11,0,0.009290,21672,21672,29;53;61;69;77;85;93;101;109;117;125,5
5585,11,0,11,11,0,0.009290,21672,21672,29;53;61;69;77;85;93;101;109;117;125,5
5590,11,0,11,11,0,0.009290,21672,21672,29;53;61;69;77;85;93;101;109;117;125,5
5594,11,0,11,11,0,0.009290,21672,21672,29;53;61;69;77;85;93;101;109;117;125,5
5596,11,0,11,11,0,0.009290,21672,21672,29;53;61;69;77;85;93;101;109;117;125,5
5599,11,0,11,11,0,0.009290,21672,21672,29;53;61;69;77;85;93;101;109;117;125,5
5605,11,0,11,11,0,0.009290,21672,21672,29;53;61;69;77;85;93;101;109;117;125,5
5608,11,0,11,11,0,0.009290,21672,21672,29;53;61;69;77;85;93;101;109;117;125,5
5611,11,0,11,11,0,0.009290,21672,21672,29;53;61;69;77;85;93;101;109;117;125,5
5613,11,0,11,11,0,0.009290,21672,21672,29;53;61;69;77;85;93;101;109;117;125,5
5617,11,0,11,11,0,0.009290,21672,21672,29;53;61;69;77;85;93;101;109;117;125,5
5622,11,0,11,11,0,0.009290,21667,21667,29;53;61;69;77;85;93;101;109;117;125,5
5626,11,0,11,11,0,0.009290,21667,21667,29;53;61;69;77;85;93;101;109;117;125,5
5628,11,0,11,11,0,0.009290,21667,21667,29;53;61;69;77;85;93;101;109;117;125,5
5632,11,0,11,11,0,0.009290,21662,21662,29;53;61;69;77;85;93;101;109;117;125,5
5637,11,0,11,11,0,0.009290,21662,21662,29;53;61;69;77;85;93;101;109;117;125,5
5639,11,0,11,11,0,0.009290,21662,21662,29;53;61;69;77;85;93;101;109;117;125,5
5642,11,0,11,11,0,0.009290,21662,21662,29;53;61;69;77;85;93;101;109;117;125,5
5646,11,0,11,11,0,0.009290,21662,21662,29;53;61;69;77;85;93;101;109;117;125,5
5650,11,0,11,11,0,0.009290,21662,21662,29;53;61;69;77;85;93;101;109;117;125,5
5654,11,0,11,11,0,0.009290,21662,21662,29;53;61;69;77;85;93;101;109;117;125,5
5656,11,0,11,11,0,0.009290,21662,21662,29;53;61;69;77;85;93;101;109;117;125,5
5660,11,0,11,11,0,0.009290,21662,21662,29;53;61;69;77;85;93;101;109;117;125,5
5665,11,0,11,11,0,0.009290,21662,21662,29;53;61;69;77;85;93;101;109;117;125,5
5667,11,0,11,11,0,0.009290,21662,21662,29;53;61;69;77;85;93;101;109;117;125,5
5671,11,0,11,11,0,0.009290,21662,21662,29;53;61;69;77;85;93;101;109;117;125,5
5675,11,0,11,11,0,0.009290,21662,21662,29;53;61;69;77;85;93;101;109;117;125,5
5679,11,0,11,11,0,0.009290,21662,21662,29;53;61;69;77;85;93;101;109;117;125,5
5681,11,0,11,11,0,0.009290,21662,21662,29;53;61;69;77;85;93;101;109;117;125,5
5684,11,0,11,11,0,0.009290,21662,21662,29;53;61;69;77;85;93;101;109;117;125,5
5688,11,0,11,11,0,0.009290,21662,21662,29;53;61;69;77;85;93;101;109;117;125,5
5693,11,0,11,11,0,0.009290,21662,21662,29;53;61;69;77;85;93;101;109;117;125,5
5697,11,0,11,11,0,0.009290,21657,21657,29;53;61;69;77;85;93;101;109;117;125,5
5699,11,0,11,11,0,0.009290,21657,21657,29;53;61;69;77;85;93;101;109;117;125,5
5702,11,0,11,11,0,0.009290,21657,21657,29;53;61;69;77;85;93;101;109;117;125,5
5706,11,0,11,11,0,0.009290,21657,21657,29;53;61;69;77;85;93;101;109;117;125,5
5710,11,0,11,11,0,0.009290,21657,21657,29;53;61;69;77;85;93;101;109;117;125,5
5712,11,0,11,11,0,0.009290,21657,21657,29;53;61;69;77;85;93;101;109;117;125,5
5717,11,0,11,11,0,0.009290,21657,21657,29;53;61;69;77;85;93;101;109;117;125,5
5719,11,0,11,11,0,0.009290,21647,21647,29;53;61;69;77;85;93;101;109;117;125,5
5724,11,0,11,11,0,0.009290,21647,21647,29;53;61;69;77;85;93;101;109;117;125,5
5726,11,0,11,11,0,0.009290,21647,21647,29;53;61;69;77;85;93;101;109;117;125,5
5731,11,0,11,11,0,0.009290,21647,21647,29;53;61;69;77;85;93;101;109;117;125,5
5733,11,0,11,11,0,0.009290,21647,21647,29;53;61;69;77;85;93;101;109;117;125,5
5738,11,0,11,11,0,0.009290,21647,21647,29;53;61;69;77;85;93;101;109;117;125,5
5742,11,0,11,11,0,0.009290,21647,21647,29;53;61;69;77;85;93;101;109;117;125,5
5745,11,0,11,11,0,0.009290,21647,21647,29;53;61;69;77;85;93;101;109;117;125,5
5747,11,0,11,11,0,0.009290,21642,21642,29;53;61;69;77;85;93;101;109;117;125,5
5751,11,0,11,11,0,0.009290,21642,21642,29;53;61;69;77;85;93;101;109;117;125,5
5754,11,0,11,11,0,0.009290,21642,21642,29;53;61;69;77;85;93;101;109;117;125,5
5757,11,0,11,11,0,0.009290,21642,21642,29;53;61;69;77;85;93;101;109;117;125,5
5762,11,0,11,11,0,0.009290,21642,21642,29;53;61;69;77;85;93;101;109;117;125,5
5765,11,0,11,11,0,0.009290,21642,21642,29;53;61;69;77;85;93;101;109;117;125,5
5769,11,0,11,11,0,0.009290,21642,21642,29;53;61;69;77;85;93;101;109;117;125,5
5773,11,0,11,11,0,0.009290,21642,21642,29;53;61;69;77;85;93;101;109;117;125,5
5775,11,0,11,11,0,0.009290,21642,21642,29;53;61;69;77;85;93;101;109;117;125,5
5779,11,0,11,11,0,0.009290,21642,21642,29;53;61;69;77;85;93;101;109;117;125,5
5782,11,0,11,11,0,0.009290,21642,21642,29;53;61;69;77;85;93;101;109;117;125,5
5786,11,0,11,11,0,0.009290,21637,21637,29;53;61;69;77;85;93;101;109;117;125,5
5790,11,0,11,11,0,0.009290,21637,21637,29;53;61;69;77;85;93;101;109;117;125,5
5792,11,0,11,11,0,0.009290,21637,21637,29;53;61;69;77;85;93;101;109;117;125,5
5796,11,0,11,11,0,0.009290,21632,21632,29;53;61;69;77;85;93;101;109;117;125,5
5801,11,0,11,11,0,0.009290,21632,21632,29;53;61;69;77;85;93;101;109;117;125,5
5804,11,0,11,11,0,0.009290,21632,21632,29;53;61;69;77;85;93;101;109;117;125,5
5807,11,0,11,11,0,0.009290,21627,21627,29;53;61;69;77;85;93;101;109;117;125,5
5810,11,0,11,11,0,0.009290,21627,21627,29;53;61;69;77;85;93;101;109;117;125,5
5814,11,0,11,11,0,0.009290,21627,21627,29;53;61;69;77;85;93;101;109;117;125,5
5818,11,0,11,11,0,0.009290,21627,21627,29;53;61;69;77;85;93;101;109;117;125,5
5821,11,0,11,11,0,0.009290,21622,21622,29;53;61;69;77;85;93;101;109;117;125,5
5825,11,0,11,11,0,0.009290,21622,21622,29;53;61;69;77;85;93;101;109;117;125,5
5827,11,0,11,11,0,0.009290,21622,21622,29;53;61;69;77;85;93;101;109;117;125,5
5834,11,0,11,11,0,0.009290,21622,21622,29;53;61;69;77;85;93;101;109;117;125,5
5838,11,0,11,11,0,0.009290,21622,21622,29;53;61;69;77;85;93;101;109;117;125,5
5841,11,0,11,11,0,0.009290,21617,21617,29;53;61;69;77;85;93;101;109;117;125,5
5845,11,0,11,11,0,0.009290,21617,21617,29;53;61;69;77;85;93;101;109;117;125,5
5850,11,0,11,11,0,0.009290,21617,21617,29;53;61;69;77;85;93;101;109;117;125,5
5855,11,0,11,11,0,0.009290,21617,21617,29;53;61;69;77;85;93;101;109;117;125,5
5862,11,0,11,11,0,0.009290,21617,21617,29;53;61;69;77;85;93;101;109;117;125,5
5866,11,0,11,11,0,0.009290,21617,21617,29;53;61;69;77;85;93;101;109;117;125,5
5870,11,0,11,11,0,0.009290,21617,21617,29;53;61;69;77;85;93;101;109;117;125,5
5876,11,0,11,11,0,0.009290,21617,21617,29;53;61;69;77;85;93;101;109;117;125,5
5881,11,0,11,11,0,0.009290,21617,21617,29;53;61;69;77;85;93;101;109;117;125,5
5886,11,0,11,11,0,0.009290,21617,21617,29;53;61;69;77;85;93;101;109;117;125,5
5891,11,0,11,11,0,0.009290,21617,21617,29;53;61;69;77;85;93;101;109;117;125,5
5897,11,0,11,11,0,0.009290,21617,21617,29;53;61;69;77;85;93;101;109;117;125,5
5902,11,0,11,11,0,0.009290,21617,21617,29;53;61;69;77;85;93;101;109;117;125,5
5907,11,0,11,11,0,0.009290,21617,21617,29;53;61;69;77;85;93;101;109;117;125,5
5911,11,0,11,11,0,0.009290,21617,21617,29;53;61;69;77;85;93;101;109;117;125,5
5917,11,0,11,11,0,0.009290,21617,21617,29;53;61;69;77;85;93;101;109;117;125,5
5922,11,0,11,11,0,0.009290,21617,21617,29;53;61;69;77;85;93;101;109;117;125,5
5927,11,0,11,11,0,0.009290,21617,21617,29;53;61;69;77;85;93;101;109;117;125,5
5933,11,0,11,11,0,0.009290,21612,21612,29;53;61;69;77;85;93;101;109;117;125,5
5938,11,0,11,11,0,0.009290,21612,21612,29;53;61;69;77;85;93;101;109;117;125,5
5943,11,0,11,11,0,0.009290,21612,21612,29;53;61;69;77;85;93;101;109;117;125,5
5950,11,0,11,11,0,0.009338,21607,21607,29;53;61;69;77;85;93;101;109;117;125,5
5954,11,0,11,11,0,0.009338,21607,21607,29;53;61;69;77;85;93;101;109;117;125,5
5958,11,0,11,11,0,0.009338,21607,21607,29;53;61;69;77;85;93;101;109;117;125,5
5964,11,0,11,11,0,0.009338,21607,21607,29;53;61;69;77;85;93;101;109;117;125,5
5968,11,0,11,11,0,0.009338,21607,21607,29;53;61;69;77;85;93;101;109;117;125,5
5975,11,0,11,11,0,0.009338,21607,21607,29;53;61;69;77;85;93;101;109;117;125,5
5981,11,0,11,11,0,0.009338,21607,21607,29;53;61;69;77;85;93;101;109;117;125,5
5985,11,0,11,11,0,0.009338,21607,21607,29;53;61;69;77;85;93;101;109;117;125,5
5990,11,0,11,11,0,0.009338,21607,21607,29;53;61;69;77;85;93;101;109;117;125,5
5996,11,0,11,11,0,0.009338,21607,21607,29;53;61;69;77;85;93;101;109;117;125,5
6001,11,0,11,11,0,0.009338,21607,21607,29;53;61;69;77;85;93;101;109;117;125,5
6007,11,0,11,11,0,0.009338,21607,21607,29;53;61;69;77;85;93;101;109;117;125,5
6011,11,0,11,11,0,0.009338,21607,21607,29;53;61;69;77;85;93;101;109;117;125,5
6016,11,0,11,11,0,0.009338,21607,21607,29;53;61;69;77;85;93;101;109;117;125,5
6023,11,0,11,11,0,0.009338,21607,21607,29;53;61;69;77;85;93;101;109;117;125,5
6027,11,0,11,11,0,0.009338,21607,21607,29;53;61;69;77;85;93;101;109;117;125,5
6032,11,0,11,11,0,0.009338,21607,21607,29;53;61;69;77;85;93;101;109;117;125,5
6038,11,0,11,11,0,0.009338,21607,21607,29;53;61;69;77;85;93;101;109;117;125,5
6043,11,0,11,11,0,0.009338,21602,21602,29;53;61;69;77;85;93;101;109;117;125,5
6048,11,0,11,11,0,0.009338,21602,21602,29;53;61;69;77;85;93;101;109;117;125,5
6055,11,0,11,11,0,0.009338,21602,21602,29;53;61;69;77;85;93;101;109;117;125,5
6061,11,0,11,11,0,0.009338,21602,21602,29;53;61;69;77;85;93;101;109;117;125,5
6065,11,0,11,11,0,0.009338,21602,21602,29;53;61;69;77;85;93;101;109;117;125,5
6071,11,0,11,11,0,0.009338,21602,21602,29;53;61;69;77;85;93;101;109;117;125,5
6076,10,0,10,10,0,0.009406,22289,22289,53;61;69;77;85;93;101;109;117;125,5
6081,10,0,10,10,0,0.009406,22279,22279,53;61;69;77;85;93;101;109;117;125,5
6086,10,0,10,10,0,0.009406,22279,22279,53;61;69;77;85;93;101;109;117;125,5
6092,10,0,10,10,0,0.009406,22279,22279,53;61;69;77;85;93;101;109;117;125,5
6097,10,0,10,10,0,0.009406,22279,22279,53;61;69;77;85;93;101;109;117;125,5
6103,10,0,10,10,0,0.009406,22279,22279,53;61;69;77;85;93;101;109;117;125,5
6107,10,0,10,10,0,0.009406,22279,22279,53;61;69;77;85;93;101;109;117;125,5
6112,10,0,10,10,0,0.009406,22279,22279,53;61;69;77;85;93;101;109;117;125,5
6118,10,0,10,10,0,0.009406,22279,22279,53;61;69;77;85;93;101;109;117;125,5
6122,10,0,10,10,0,0.009406,22274,22274,53;61;69;77;85;93;101;109;117;125,5
6129,10,0,10,10,0,0.009406,22274,22274,53;61;69;77;85;93;101;109;117;125,5
6133,10,0,10,10,0,0.009406,22274,22274,53;61;69;77;85;93;101;109;117;125,5
6139,10,0,10,10,0,0.009406,22274,22274,53;61;69;77;85;93;101;109;117;125,5
6144,10,0,10,10,0,0.009406,22274,22274,53;61;69;77;85;93;101;109;117;125,5
6149,10,0,10,10,0,0.009406,22274,22274,53;61;69;77;85;93;101;109;117;125,5
6156,10,0,10,10,0,0.009406,22274,22274,53;61;69;77;85;93;101;109;117;125,5
6160,10,0,10,10,0,0.009406,22274,22274,53;61;69;77;85;93;101;109;117;125,5
6165,10,0,10,10,0,0.009406,22274,22274,53;61;69;77;85;93;101;109;117;125,5
6171,10,0,10,10,0,0.009406,22274,22274,53;61;69;77;85;93;101;109;117;125,5
6175,10,0,10,10,0,0.009406,22274,22274,53;61;69;77;85;93;101;109;117;125,5
6181,10,0,10,10,0,0.009406,22269,22269,53;61;69;77;85;93;101;109;117;125,5
6187,10,0,10,10,0,0.009406,22269,22269,53;61;69;77;85;93;101;109;117;125,5
6191,10,0,10,10,0,0.009406,22269,22269,53;61;69;77;85;93;101;109;117;125,5
6195,10,0,10,10,0,0.009406,22264,22264,53;61;69;77;85;93;101;109;117;125,5
6201,10,0,10,10,0,0.009406,22264,22264,53;61;69;77;85;93;101;109;117;125,5
6207,10,0,10,10,0,0.009406,22264,22264,53;61;69;77;85;93;101;109;117;125,5
6212,10,0,10,10,0,0.009406,22259,22259,53;61;69;77;85;93;101;109;117;125,5
6217,10,0,10,10,0,0.009406,22259,22259,53;61;69;77;85;93;101;109;117;125,5
6222,10,0,10,10,0,0.009406,22259,22259,53;61;69;77;85;93;101;109;117;125,5
6226,10,0,10,10,0,0.009406,22259,22259,53;61;69;77;85;93;101;109;117;125,5
6231,10,0,10,10,0,0.009406,22254,22254,53;61;69;77;85;93;101;109;117;125,5
6239,10,0,10,10,0,0.009406,22254,22254,53;61;69;77;85;93;101;109;117;125,5
6244,10,0,10,10,0,0.009406,22254,22254,53;61;69;77;85;93;101;109;117;125,5
6248,10,0,10,10,0,0.009406,22254,22254,53;61;69;77;85;93;101;109;117;125,5
6253,10,0,10,10,0,0.009406,22254,22254,53;61;69;77;85;93;101;109;117;125,5
6259,10,0,10,10,0,0.009406,22249,22249,53;61;69;77;85;93;101;109;117;125,5
6263,10,0,10,10,0,0.009406,22249,22249,53;61;69;77;85;93;101;109;117;125,5
6269,10,0,10,10,0,0.009406,22249,22249,53;61;69;77;85;93;101;109;117;125,5
6274,10,0,10,10,0,0.009406,22249,22249,53;61;69;77;85;93;101;109;117;125,5
6279,10,0,10,10,0,0.009406,22249,22249,53;61;69;77;85;93;101;109;117;125,5
6285,10,0,10,10,0,0.009406,22249,22249,53;61;69;77;85;93;101;109;117;125,5
6289,10,0,10,10,0,0.009406,22249,22249,53;61;69;77;85;93;101;109;117;125,5
6294,10,0,10,10,0,0.009406,22249,22249,53;61;69;77;85;93;101;109;117;125,5
6300,10,0,10,10,0,0.009406,22249,22249,53;61;69;77;85;93;101;109;117;125,5
6304,10,0,10,10,0,0.009406,22249,22249,53;61;69;77;85;93;101;109;117;125,5
6310,10,0,10,10,0,0.009406,22249,22249,53;61;69;77;85;93;101;109;117;125,5
6315,10,0,10,10,0,0.009406,22249,22249,53;61;69;77;85;93;101;109;117;125,5
6320,10,0,10,10,0,0.009406,22249,22249,53;61;69;77;85;93;101;109;117;125,5
6324,10,0,10,10,0,0.009406,22249,22249,53;61;69;77;85;93;101;109;117;125,5
6331,10,0,10,10,0,0.009406,22249,22249,53;61;69;77;85;93;101;109;117;125,5
6336,10,0,10,10,0,0.009406,22249,22249,53;61;69;77;85;93;101;109;117;125,5
6342,10,0,10,10,0,0.009406,22249,22249,53;61;69;77;85;93;101;109;117;125,5
6346,10,0,10,10,0,0.009406,22249,22249,53;61;69;77;85;93;101;109;117;125,5
6352,10,0,10,10,0,0.009406,22249,22249,53;61;69;77;85;93;101;109;117;125,5
6356,10,0,10,10,0,0.009406,22249,22249,53;61;69;77;85;93;101;109;117;125,5
6361,10,0,10,10,0,0.009406,22249,22249,53;61;69;77;85;93;101;109;117;125,5
6366,10,0,10,10,0,0.009406,22244,22244,53;61;69;77;85;93;101;109;117;125,5
6372,10,0,10,10,0,0.009406,22244,22244,53;61;69;77;85;93;101;109;117;125,5
6377,10,0,10,10,0,0.009406,22244,22244,53;61;69;77;85;93;101;109;117;125,5
6381,10,0,10,10,0,0.009406,22244,22244,53;61;69;77;85;93;101;109;117;125,5
6386,10,0,10,10,0,0.009406,22244,22244,53;61;69;77;85;93;101;109;117;125,5
6393,10,0,10,10,0,0.009406,22244,22244,53;61;69;77;85;93;101;109;117;125,5
6397,10,0,10,10,0,0.009406,22244,22244,53;61;69;77;85;93;101;109;117;125,5
6401,10,0,10,10,0,0.009406,22244,22244,53;61;69;77;85;93;101;109;117;125,5
6407,10,0,10,10,0,0.009406,22244,22244,53;61;69;77;85;93;101;109;117;125,5
6412,10,0,10,10,0,0.009406,22244,22244,53;61;69;77;85;93;101;109;117;125,5
6417,10,0,10,10,0,0.009406,22244,22244,53;61;69;77;85;93;101;109;117;125,5
6423,10,0,10,10,0,0.009406,22244,22244,53;61;69;77;85;93;101;109;117;125,5
6429,10,0,10,10,0,0.009406,22244,22244,53;61;69;77;85;93;101;109;117;125,5
6433,10,0,10,10,0,0.009406,22244,22244,53;61;69;77;85;93;101;109;117;125,5
6437,10,0,10,10,0,0.009406,22244,22244,53;61;69;77;85;93;101;109;117;125,5
6442,9,0,9,9,0,0.009426,22764,22764,53;69;77;85;93;101;109;117;125,5
6449,9,0,9,9,0,0.009426,22764,22764,53;69;77;85;93;101;109;117;125,5
6454,9,0,9,9,0,0.009426,22764,22764,53;69;77;85;93;101;109;117;125,5
6459,9,0,9,9,0,0.009426,22759,22759,53;69;77;85;93;101;109;117;125,5
6463,9,0,9,9,0,0.009426,22759,22759,53;69;77;85;93;101;109;117;125,5
6468,9,0,9,9,0,0.009426,22759,22759,53;69;77;85;93;101;109;117;125,5
6473,9,0,9,9,0,0.009426,22759,22759,53;69;77;85;93;101;109;117;125,5
6478,9,0,9,9,0,0.009426,22759,22759,53;69;77;85;93;101;109;117;125,5
6484,9,0,9,9,0,0.009426,22759,22759,53;69;77;85;93;101;109;117;125,5
6489,9,0,9,9,0,0.009426,22759,22759,53;69;77;85;93;101;109;117;125,5
6493,9,0,9,9,0,0.009426,22754,22754,53;69;77;85;93;101;109;117;125,5
6499,9,0,9,9,0,0.009426,22754,22754,53;69;77;85;93;101;109;117;125,5
6503,9,0,9,9,0,0.009426,22754,22754,53;69;77;85;93;101;109;117;125,5
6508,9,0,9,9,0,0.009426,22754,22754,53;69;77;85;93;101;109;117;125,5
6513,9,0,9,9,0,0.009426,22754,22754,53;69;77;85;93;101;109;117;125,5
6520,9,0,9,9,0,0.009426,22754,22754,53;69;77;85;93;101;109;117;125,5
6524,9,0,9,9,0,0.009426,22754,22754,53;69;77;85;93;101;109;117;125,5
6530,9,0,9,9,0,0.009426,22754,22754,53;69;77;85;93;101;109;117;125,5
6535,9,0,9,9,0,0.009426,22749,22749,53;69;77;85;93;101;109;117;125,5
6539,9,0,9,9,0,0.009426,22749,22749,53;69;77;85;93;101;109;117;125,5
6544,9,0,9,9,0,0.009426,22749,22749,53;69;77;85;93;101;109;117;125,5
6550,9,0,9,9,0,0.009426,22749,22749,53;69;77;85;93;101;109;117;125,5
6556,9,0,9,9,0,0.009426,22749,22749,53;69;77;85;93;101;109;117;125,5
6560,9,0,9,9,0,0.009426,22749,22749,53;69;77;85;93;101;109;117;125,5
6564,9,0,9,9,0,0.009426,22749,22749,53;69;77;85;93;101;109;117;125,5
6569,9,0,9,9,0,0.009426,22749,22749,53;69;77;85;93;101;109;117;125,5
6574,9,0,9,9,0,0.009426,22749,22749,53;69;77;85;93;101;109;117;125,5
6579,9,0,9,9,0,0.009426,22749,22749,53;69;77;85;93;101;109;117;125,5
6585,9,0,9,9,0,0.009426,22749,22749,53;69;77;85;93;101;109;117;125,5
6591,9,0,9,9,0,0.009426,22744,22744,53;69;77;85;93;101;109;117;125,5
6596,9,0,9,9,0,0.009426,22744,22744,53;69;77;85;93;101;109;117;125,5
6602,9,0,9,9,0,0.009426,22744,22744,53;69;77;85;93;101;109;117;125,5
6607,9,0,9,9,0,0.009426,22739,22739,53;69;77;85;93;101;109;117;125,5
6614,9,0,9,9,0,0.009426,22739,22739,53;69;77;85;93;101;109;117;125,5
6620,9,0,9,9,0,0.009426,22739,22739,53;69;77;85;93;101;109;117;125,5
6626,9,0,9,9,0,0.009426,22734,22734,53;69;77;85;93;101;109;117;125,5
6631,9,0,9,9,0,0.009426,22734,22734,53;69;77;85;93;101;109;117;125,5
6636,9,0,9,9,0,0.009426,22734,22734,53;69;77;85;93;101;109;117;125,5
6642,9,0,9,9,0,0.009426,22734,22734,53;69;77;85;93;101;109;117;125,5
6649,9,0,9,9,0,0.009404,22729,22729,53;69;77;85;93;101;109;117;125,5
6654,9,0,9,9,0,0.009404,22729,22729,53;69;77;85;93;101;109;117;125,5
6659,9,0,9,9,0,0.009404,22729,22729,53;69;77;85;93;101;109;117;125,5
6666,9,0,9,9,0,0.009404,22729,22729,53;69;77;85;93;101;109;117;125,5
6671,9,0,9,9,0,0.009404,22729,22729,53;69;77;85;93;101;109;117;125,5
6676,9,0,9,9,0,0.009404,22724,22724,53;69;77;85;93;101;109;117;125,5
6683,9,0,9,9,0,0.009404,22724,22724,53;69;77;85;93;101;109;117;125,5
6689,9,0,9,9,0,0.009404,22724,22724,53;69;77;85;93;101;109;117;125,5
6694,9,0,9,9,0,0.009404,22724,22724,53;69;77;85;93;101;109;117;125,5
6699,9,0,9,9,0,0.009404,22724,22724,53;69;77;85;93;101;109;117;125,5
6705,9,0,9,9,0,0.009404,22724,22724,53;69;77;85;93;101;109;117;125,5
6709,9,0,9,9,0,0.009404,22724,22724,53;69;77;85;93;101;109;117;125,5
6718,9,0,9,9,0,0.009404,22724,22724,53;69;77;85;93;101;109;117;125,5
6724,9,0,9,9,0,0.009404,22724,22724,53;69;77;85;93;101;109;117;125,5
6729,9,0,9,9,0,0.009404,22724,22724,53;69;77;85;93;101;109;117;125,5
6734,9,0,9,9,0,0.009404,22724,22724,53;69;77;85;93;101;109;117;125,5
6740,9,0,9,9,0,0.009404,22724,22724,53;69;77;85;93;101;109;117;125,5
6747,9,0,9,9,0,0.009404,22724,22724,53;69;77;85;93;101;109;117;125,5
6752,9,0,9,9,0,0.009404,22724,22724,53;69;77;85;93;101;109;117;125,5
6758,9,0,9,9,0,0.009404,22724,22724,53;69;77;85;93;101;109;117;125,5
6764,9,0,9,9,0,0.009404,22724,22724,53;69;77;85;93;101;109;117;125,5
6769,9,0,9,9,0,0.009404,22724,22724,53;69;77;85;93;101;109;117;125,5
6774,9,0,9,9,0,0.009404,22724,22724,53;69;77;85;93;101;109;117;125,5
6780,9,0,9,9,0,0.009404,22724,22724,53;69;77;85;93;101;109;117;125,5
6786,9,0,9,9,0,0.009404,22724,22724,53;69;77;85;93;101;109;117;125,5
6793,8,0,8,8,0,0.008734,23879,23879,53;69;85;93;101;109;117;125,5
6798,8,0,8,8,0,0.008734,23879,23879,53;69;85;93;101;109;117;125,5
6803,8,0,8,8,0,0.008734,23879,23879,53;69;85;93;101;109;117;125,5
6808,8,0,8,8,0,0.008734,23879,23879,53;69;85;93;101;109;117;125,5
6814,8,0,8,8,0,0.008734,23879,23879,53;69;85;93;101;109;117;125,5
6820,8,0,8,8,0,0.008734,23879,23879,53;69;85;93;101;109;117;125,5
6825,8,0,8,8,0,0.008734,23879,23879,53;69;85;93;101;109;117;125,5
6829,8,0,8,8,0,0.008734,23879,23879,53;69;85;93;101;109;117;125,5
6835,8,0,8,8,0,0.008734,23879,23879,53;69;85;93;101;109;117;125,5
6840,8,0,8,8,0,0.008734,23879,23879,53;69;85;93;101;109;117;125,5
6847,8,0,8,8,0,0.008734,23879,23879,53;69;85;93;101;109;117;125,5
6852,8,0,8,8,0,0.008734,23879,23879,53;69;85;93;101;109;117;125,5
6858,8,0,8,8,0,0.008734,23879,23879,53;69;85;93;101;109;117;125,5
6863,8,0,8,8,0,0.008734,23879,23879,53;69;85;93;101;109;117;125,5
6867,8,0,8,8,0,0.008734,23879,23879,53;69;85;93;101;109;117;125,5
6874,8,0,8,8,0,0.008734,23879,23879,53;69;85;93;101;109;117;125,5
6879,8,0,8,8,0,0.008734,23879,23879,53;69;85;93;101;109;117;125,5
6885,7,0,7,7,0,0.008828,24435,24435,53;85;93;101;109;117;125,5
6890,7,0,7,7,0,0.008828,24435,24435,53;85;93;101;109;117;125,5
6895,7,0,7,7,0,0.008828,24430,24430,53;85;93;101;109;117;125,5
6900,7,0,7,7,0,0.008828,24430,24430,53;85;93;101;109;117;125,5
6905,7,0,7,7,0,0.008828,24430,24430,53;85;93;101;109;117;125,5
6911,7,0,7,7,0,0.008828,24430,24430,53;85;93;101;109;117;125,5
6917,7,0,7,7,0,0.008828,24430,24430,53;85;93;101;109;117;125,5
6922,7,0,7,7,0,0.008828,24430,24430,53;85;93;101;109;117;125,5
6928,7,0,7,7,0,0.008828,24430,24430,53;85;93;101;109;117;125,5
6934,7,0,7,7,0,0.008828,24425,24425,53;85;93;101;109;117;125,5
6938,7,0,7,7,0,0.008828,24425,24425,53;85;93;101;109;117;125,5
6943,7,0,7,7,0,0.008828,24425,24425,53;85;93;101;109;117;125,5
6950,7,0,7,7,0,0.008828,24425,24425,53;85;93;101;109;117;125,5
6956,7,0,7,7,0,0.008828,24425,24425,53;85;93;101;109;117;125,5
6961,7,0,7,7,0,0.008828,24425,24425,53;85;93;101;109;117;125,5
6966,7,0,7,7,0,0.008828,24425,24425,53;85;93;101;109;117;125,5
6971,7,0,7,7,0,0.008828,24425,24425,53;85;93;101;109;117;125,5
6976,7,0,7,7,0,0.008828,24420,24420,53;85;93;101;109;117;125,5
6982,7,0,7,7,0,0.008828,24420,24420,53;85;93;101;109;117;125,5
6989,7,0,7,7,0,0.008828,24420,24420,53;85;93;101;109;117;125,5
6994,7,0,7,7,0,0.008828,24420,24420,53;85;93;101;109;117;125,5
6999,7,0,7,7,0,0.008828,24420,24420,53;85;93;101;109;117;125,5
7004,7,0,7,7,0,0.008828,24420,24420,53;85;93;101;109;117;125,5
7009,7,0,7,7,0,0.008828,24420,24420,53;85;93;101;109;117;125,5
7015,7,0,7,7,0,0.008828,24420,24420,53;85;93;101;109;117;125,5
7021,7,0,7,7,0,0.008828,24420,24420,53;85;93;101;109;117;125,5
7027,7,0,7,7,0,0.008828,24420,24420,53;85;93;101;109;117;125,5
7031,7,0,7,7,0,0.008828,24420,24420,53;85;93;101;109;117;125,5
7037,7,0,7,7,0,0.008828,24420,24420,53;85;93;101;109;117;125,5
7042,7,0,7,7,0,0.008828,24420,24420,53;85;93;101;109;117;125,5
7046,7,0,7,7,0,0.008828,24420,24420,53;85;93;101;109;117;125,5
7052,7,0,7,7,0,0.008828,24415,24415,53;85;93;101;109;117;125,5
7058,7,0,7,7,0,0.008828,24415,24415,53;85;93;101;109;117;125,5
7065,7,0,7,7,0,0.008828,24415,24415,53;85;93;101;109;117;125,5
7070,7,0,7,7,0,0.008828,24410,24410,53;85;93;101;109;117;125,5
7075,7,0,7,7,0,0.008828,24410,24410,53;85;93;101;109;117;125,5
7079,7,0,7,7,0,0.008828,24410,24410,53;85;93;101;109;117;125,5
7084,7,0,7,7,0,0.008828,24410,24410,53;85;93;101;109;117;125,5
7091,7,0,7,7,0,0.008828,24405,24405,53;85;93;101;109;117;125,5
7097,7,0,7,7,0,0.008828,24405,24405,53;85;93;101;109;117;125,5
7102,7,0,7,7,0,0.008828,24405,24405,53;85;93;101;109;117;125,5
7108,7,0,7,7,0,0.008828,24405,24405,53;85;93;101;109;117;125,5
7114,7,0,7,7,0,0.008828,24405,24405,53;85;93;101;109;117;125,5
7118,7,0,7,7,0,0.008828,24400,24400,53;85;93;101;109;117;125,5
7124,7,0,7,7,0,0.008828,24400,24400,53;85;93;101;109;117;125,5
7130,7,0,7,7,0,0.008828,24400,24400,53;85;93;101;109;117;125,5
7135,7,0,7,7,0,0.008828,24400,24400,53;85;93;101;109;117;125,5
7141,7,0,7,7,0,0.008828,24400,24400,53;85;93;101;109;117;125,5
7147,7,0,7,7,0,0.008828,24400,24400,53;85;93;101;109;117;125,5
7152,7,0,7,7,0,0.008828,24400,24400,53;85;93;101;109;117;125,5
7157,7,0,7,7,0,0.008828,24400,24400,53;85;93;101;109;117;125,5
7162,7,0,7,7,0,0.008828,24400,24400,53;85;93;101;109;117;125,5
7168,7,0,7,7,0,0.008828,24400,24400,53;85;93;101;109;117;125,5
7173,7,0,7,7,0,0.008828,24400,24400,53;85;93;101;109;117;125,5
7180,7,0,7,7,0,0.008828,24400,24400,53;85;93;101;109;117;125,5
7186,7,0,7,7,0,0.008828,24400,24400,53;85;93;101;109;117;125,5
7190,7,0,7,7,0,0.008828,24400,24400,53;85;93;101;109;117;125,5
7195,7,0,7,7,0,0.008828,24400,24400,53;85;93;101;109;117;125,5
7201,7,0,7,7,0,0.008828,24400,24400,53;85;93;101;109;117;125,5
7206,7,0,7,7,0,0.008828,24400,24400,53;85;93;101;109;117;125,5
7212,7,0,7,7,0,0.008828,24400,24400,53;85;93;101;109;117;125,5
7217,7,0,7,7,0,0.008828,24400,24400,53;85;93;101;109;117;125,5
7222,7,0,7,7,0,0.008828,24400,24400,53;85;93;101;109;117;125,5
7227,7,0,7,7,0,0.008828,24400,24400,53;85;93;101;109;117;125,5
7233,7,0,7,7,0,0.008828,24400,24400,53;85;93;101;109;117;125,5
7240,7,0,7,7,0,0.008828,24400,24400,53;85;93;101;109;117;125,5
7245,7,0,7,7,0,0.008828,24400,24400,53;85;93;101;109;117;125,5
7250,7,0,7,7,0,0.008828,24400,24400,53;85;93;101;109;117;125,5
7255,7,0,7,7,0,0.008828,24400,24400,53;85;93;101;109;117;125,5
7259,7,0,7,7,0,0.008828,24400,24400,53;85;93;101;109;117;125,5
7265,7,0,7,7,0,0.008828,24400,24400,53;85;93;101;109;117;125,5
7271,7,0,7,7,0,0.008828,24400,24400,53;85;93;101;109;117;125,5
7277,7,0,7,7,0,0.008828,24400,24400,53;85;93;101;109;117;125,5
7282,7,0,7,7,0,0.008828,24400,24400,53;85;93;101;109;117;125,5
7288,7,0,7,7,0,0.008828,24400,24400,53;85;93;101;109;117;125,5
7293,7,0,7,7,0,0.008828,24400,24400,53;85;93;101;109;117;125,5
7298,7,0,7,7,0,0.008828,24400,24400,53;85;93;101;109;117;125,5
7304,7,0,7,7,0,0.008828,24400,24400,53;85;93;101;109;117;125,5
7310,6,0,6,6,0,0.008636,25280,25280,53;85;93;101;117;125,5
7315,6,0,6,6,0,0.008636,25280,25280,53;85;93;101;117;125,5
7320,6,0,6,6,0,0.008636,25280,25280,53;85;93;101;117;125,5
7325,6,0,6,6,0,0.008636,25280,25280,53;85;93;101;117;125,5
7330,6,0,6,6,0,0.008636,25275,25275,53;85;93;101;117;125,5
7335,6,0,6,6,0,0.008636,25275,25275,53;85;93;101;117;125,5
7340,6,0,6,6,0,0.008636,25275,25275,53;85;93;101;117;125,5
7347,6,0,6,6,0,0.008636,25275,25275,53;85;93;101;117;125,5
7353,6,0,6,6,0,0.008636,25275,25275,53;85;93;101;117;125,5
7359,6,0,6,6,0,0.008636,25275,25275,53;85;93;101;117;125,5
7363,6,0,6,6,0,0.008636,25275,25275,53;85;93;101;117;125,5
7367,6,0,6,6,0,0.008636,25270,25270,53;85;93;101;117;125,5
7372,6,0,6,6,0,0.008636,25270,25270,53;85;93;101;117;125,5
7377,6,0,6,6,0,0.008636,25270,25270,53;85;93;101;117;125,5
7383,6,0,6,6,0,0.008636,25270,25270,53;85;93;101;117;125,5
7390,6,0,6,6,0,0.008636,25270,25270,53;85;93;101;117;125,5
7394,6,0,6,6,0,0.008636,25270,25270,53;85;93;101;117;125,5
7399,6,0,6,6,0,0.008636,25270,25270,53;85;93;101;117;125,5
7404,6,0,6,6,0,0.008636,25270,25270,53;85;93;101;117;125,5
7409,6,0,6,6,0,0.008636,25265,25265,53;85;93;101;117;125,5
7414,6,0,6,6,0,0.008636,25265,25265,53;85;93;101;117;125,5
7421,6,0,6,6,0,0.008636,25265,25265,53;85;93;101;117;125,5
7426,6,0,6,6,0,0.008636,25265,25265,53;85;93;101;117;125,5
7432,6,0,6,6,0,0.008636,25265,25265,53;85;93;101;117;125,5
7437,6,0,6,6,0,0.008636,25265,25265,53;85;93;101;117;125,5
7442,6,0,6,6,0,0.008636,25265,25265,53;85;93;101;117;125,5
7447,6,0,6,6,0,0.008636,25265,25265,53;85;93;101;117;125,5
7453,6,0,6,6,0,0.008640,25265,25265,53;85;93;101;117;125,5
7458,6,0,6,6,0,0.008640,25265,25265,53;85;93;101;117;125,5
7463,6,0,6,6,0,0.008640,25265,25265,53;85;93;101;117;125,5
7469,6,0,6,6,0,0.008640,25265,25265,53;85;93;101;117;125,5
7474,6,0,6,6,0,0.008640,25265,25265,53;85;93;101;117;125,5
7479,6,0,6,6,0,0.008640,25265,25265,53;85;93;101;117;125,5
7485,6,0,6,6,0,0.008640,25265,25265,53;85;93;101;117;125,5
7489,6,0,6,6,0,0.008640,25265,25265,53;85;93;101;117;125,5
7494,6,0,6,6,0,0.008640,25265,25265,53;85;93;101;117;125,5
7501,6,0,6,6,0,0.008640,25260,25260,53;85;93;101;117;125,5
7506,5,0,5,5,0,0.008203,26815,26815,85;93;101;117;125,5
7512,5,0,5,5,0,0.008203,26815,26815,85;93;101;117;125,5
7518,5,0,5,5,0,0.008203,26815,26815,85;93;101;117;125,5
7522,5,0,5,5,0,0.008203,26810,26810,85;93;101;117;125,5
7527,5,0,5,5,0,0.008203,26810,26810,85;93;101;117;125,5
7531,5,0,5,5,0,0.008203,26810,26810,85;93;101;117;125,5
7537,5,0,5,5,0,0.008203,26810,26810,85;93;101;117;125,5
7542,5,0,5,5,0,0.008203,26810,26810,85;93;101;117;125,5
7548,5,0,5,5,0,0.008203,26805,26805,85;93;101;117;125,5
7554,4,0,4,4,0,0.007770,28667,28667,85;101;117;125,5
7558,4,0,4,4,0,0.007770,28667,28667,85;101;117;125,5
7563,4,0,4,4,0,0.007770,28667,28667,85;101;117;125,5
7568,4,0,4,4,0,0.007770,28667,28667,85;101;117;125,5
7572,4,0,4,4,0,0.007770,28667,28667,85;101;117;125,5
7578,4,0,4,4,0,0.007770,28667,28667,85;101;117;125,5
7583,4,0,4,4,0,0.007770,28667,28667,85;101;117;125,5
7587,4,0,4,4,0,0.007770,28667,28667,85;101;117;125,5
7592,4,0,4,4,0,0.007770,28667,28667,85;101;117;125,5
7597,4,0,4,4,0,0.007770,28667,28667,85;101;117;125,5
7602,4,0,4,4,0,0.007770,28667,28667,85;101;117;125,5
7607,4,0,4,4,0,0.007770,28667,28667,85;101;117;125,5
7613,4,0,4,4,0,0.007770,28667,28667,85;101;117;125,5
7618,4,0,4,4,0,0.007770,28667,28667,85;101;117;125,5
7621,4,0,4,4,0,0.007770,28667,28667,85;101;117;125,5
7626,4,0,4,4,0,0.007770,28667,28667,85;101;117;125,5
7632,4,0,4,4,0,0.007770,28667,28667,85;101;117;125,5
7637,4,0,4,4,0,0.007770,28667,28667,85;101;117;125,5
7642,4,0,4,4,0,0.007770,28667,28667,85;101;117;125,5
7648,4,0,4,4,0,0.007770,28667,28667,85;101;117;125,5
7653,4,0,4,4,0,0.007770,28667,28667,85;101;117;125,5
7659,4,0,4,4,0,0.007770,28667,28667,85;101;117;125,5
7664,4,0,4,4,0,0.007770,28667,28667,85;101;117;125,5
7669,4,0,4,4,0,0.007770,28667,28667,85;101;117;125,5
7672,4,0,4,4,0,0.007770,28667,28667,85;101;117;125,5
7677,4,0,4,4,0,0.007770,28667,28667,85;101;117;125,5
7683,4,0,4,4,0,0.007770,28667,28667,85;101;117;125,5
7689,4,0,4,4,0,0.007770,28667,28667,85;101;117;125,5
7694,4,0,4,4,0,0.007770,28667,28667,85;101;117;125,5
7700,4,0,4,4,0,0.007770,28667,28667,85;101;117;125,5
7705,4,0,4,4,0,0.007770,28667,28667,85;101;117;125,5
7710,4,0,4,4,0,0.007770,28667,28667,85;101;117;125,5
7714,4,0,4,4,0,0.007770,28667,28667,85;101;117;125,5
7720,4,0,4,4,0,0.007770,28667,28667,85;101;117;125,5
7723,4,0,4,4,0,0.007770,28667,28667,85;101;117;125,5
7728,4,0,4,4,0,0.007770,28667,28667,85;101;117;125,5
7735,4,0,4,4,0,0.007770,28667,28667,85;101;117;125,5
7740,4,0,4,4,0,0.007770,28667,28667,85;101;117;125,5
7744,4,0,4,4,0,0.007770,28667,28667,85;101;117;125,5
7749,4,0,4,4,0,0.007770,28667,28667,85;101;117;125,5
7755,4,0,4,4,0,0.007770,28667,28667,85;101;117;125,5
7760,4,0,4,4,0,0.007770,28667,28667,85;101;117;125,5
7764,4,0,4,4,0,0.007743,28667,28667,85;101;117;125,5
7768,4,0,4,4,0,0.007743,28667,28667,85;101;117;125,5
7773,4,0,4,4,0,0.007743,28667,28667,85;101;117;125,5
7779,4,0,4,4,0,0.007743,28662,28662,85;101;117;125,5
7785,4,0,4,4,0,0.007743,28662,28662,85;101;117;125,5
7791,4,0,4,4,0,0.007743,28662,28662,85;101;117;125,5
7795,4,0,4,4,0,0.007743,28662,28662,85;101;117;125,5
7800,4,0,4,4,0,0.007743,28662,28662,85;101;117;125,5
7805,4,0,4,4,0,0.007743,28662,28662,85;101;117;125,5
7810,4,0,4,4,0,0.007743,28662,28662,85;101;117;125,5
7815,4,0,4,4,0,0.007743,28662,28662,85;101;117;125,5
7819,4,0,4,4,0,0.007743,28657,28657,85;101;117;125,5
7825,4,0,4,4,0,0.007743,28657,28657,85;101;117;125,5
7831,4,0,4,4,0,0.007743,28657,28657,85;101;117;125,5
7836,4,0,4,4,0,0.007743,28657,28657,85;101;117;125,5
7841,3,0,3,3,0,0.007728,28805,28805,85;101;117,5
7845,3,0,3,3,0,0.007728,28805,28805,85;101;117,5
7851,3,0,3,3,0,0.007728,28805,28805,85;101;117,5
7856,3,0,3,3,0,0.007728,28805,28805,85;101;117,5
7860,3,0,3,3,0,0.007728,28805,28805,85;101;117,5
7866,3,0,3,3,0,0.007728,28805,28805,85;101;117,5
7871,3,0,3,3,0,0.007728,28805,28805,85;101;117,5
7875,3,0,3,3,0,0.007728,28805,28805,85;101;117,5
7880,3,0,3,3,0,0.007728,28805,28805,85;101;117,5
7885,3,0,3,3,0,0.007728,28805,28805,85;101;117,5
7891,3,0,3,3,0,0.007728,28805,28805,85;101;117,5
7895,3,0,3,3,0,0.007728,28805,28805,85;101;117,5
7900,3,0,3,3,0,0.007728,28805,28805,85;101;117,5
7904,3,0,3,3,0,0.007728,28800,28800,85;101;117,5
7911,3,0,3,3,0,0.007728,28800,28800,85;101;117,5
7917,3,0,3,3,0,0.007728,28800,28800,85;101;117,5
7921,3,0,3,3,0,0.007728,28800,28800,85;101;117,5
7925,3,0,3,3,0,0.007728,28800,28800,85;101;117,5
7931,3,0,3,3,0,0.007728,28800,28800,85;101;117,5
7936,3,0,3,3,0,0.007728,28800,28800,85;101;117,5
7941,3,0,3,3,0,0.007728,28800,28800,85;101;117,5
7946,3,0,3,3,0,0.007728,28800,28800,85;101;117,5
7950,3,0,3,3,0,0.007728,28800,28800,85;101;117,5
7954,3,0,3,3,0,0.007728,28800,28800,85;101;117,5
7958,3,0,3,3,0,0.007728,28800,28800,85;101;117,5
7963,3,0,3,3,0,0.007728,28800,28800,85;101;117,5
7966,3,0,3,3,0,0.007728,28800,28800,85;101;117,5
7970,3,0,3,3,0,0.007728,28800,28800,85;101;117,5
7974,3,0,3,3,0,0.007728,28800,28800,85;101;117,5
7978,3,0,3,3,0,0.007728,28800,28800,85;101;117,5
7982,3,0,3,3,0,0.007728,28800,28800,85;101;117,5
7988,3,0,3,3,0,0.007728,28800,28800,85;101;117,5
7990,3,0,3,3,0,0.007728,28800,28800,85;101;117,5
7994,2,0,2,2,0,0.007567,29512,29512,101;117,5
7999,2,0,2,2,0,0.007567,29512,29512,101;117,5
8002,2,0,2,2,0,0.007567,29512,29512,101;117,5
8007,2,0,2,2,0,0.007567,29512,29512,101;117,5
8010,2,0,2,2,0,0.007567,29512,29512,101;117,5
8014,2,0,2,2,0,0.007567,29512,29512,101;117,5
8018,2,0,2,2,0,0.007567,29512,29512,101;117,5
8023,2,0,2,2,0,0.007567,29512,29512,101;117,5
8026,2,0,2,2,0,0.007567,29512,29512,101;117,5
8030,2,0,2,2,0,0.007567,29512,29512,101;117,5
8034,2,0,2,2,0,0.007567,29512,29512,101;117,5
8038,2,0,2,2,0,0.007567,29512,29512,101;117,5
8043,2,0,2,2,0,0.007567,29512,29512,101;117,5
8046,2,0,2,2,0,0.007567,29512,29512,101;117,5
8050,2,0,2,2,0,0.007567,29512,29512,101;117,5
8054,2,0,2,2,0,0.007567,29512,29512,101;117,5
8059,2,0,2,2,0,0.007567,29512,29512,101;117,5
8063,2,0,2,2,0,0.007567,29512,29512,101;117,5
8066,2,0,2,2,0,0.007567,29512,29512,101;117,5
8070,2,0,2,2,0,0.007567,29512,29512,101;117,5
8075,2,0,2,2,0,0.007567,29512,29512,101;117,5
8079,2,0,2,2,0,0.007567,29512,29512,101;117,5
8082,2,0,2,2,0,0.007567,29512,29512,101;117,5
8085,2,0,2,2,0,0.007567,29512,29512,101;117,5
8090,2,0,2,2,0,0.007567,29512,29512,101;117,5
8094,2,0,2,2,0,0.007567,29512,29512,101;117,5
8099,2,0,2,2,0,0.007567,29512,29512,101;117,5
8102,2,0,2,2,0,0.007567,29512,29512,101;117,5
8106,2,0,2,2,0,0.007567,29512,29512,101;117,5
8110,2,0,2,2,0,0.007567,29512,29512,101;117,5
8115,2,0,2,2,0,0.007567,29512,29512,101;117,5
8118,2,0,2,2,0,0.007567,29512,29512,101;117,5
8121,2,0,2,2,0,0.007567,29512,29512,101;117,5
8126,2,0,2,2,0,0.007567,29512,29512,101;117,5
8130,2,0,2,2,0,0.007567,29512,29512,101;117,5
8135,2,0,2,2,0,0.007567,29507,29507,101;117,5
8138,2,0,2,2,0,0.007567,29507,29507,101;117,5
8142,2,0,2,2,0,0.007567,29507,29507,101;117,5
8146,2,0,2,2,0,0.007567,29507,29507,101;117,5
8150,2,0,2,2,0,0.007567,29507,29507,101;117,5
8154,2,0,2,2,0,0.007567,29507,29507,101;117,5
8157,2,0,2,2,0,0.007567,29507,29507,101;117,5
8162,2,0,2,2,0,0.007567,29507,29507,101;117,5
8166,2,0,2,2,0,0.007567,29507,29507,101;117,5
8170,2,0,2,2,0,0.007567,29507,29507,101;117,5
8175,2,0,2,2,0,0.007567,29507,29507,101;117,5
8178,2,0,2,2,0,0.007567,29507,29507,101;117,5
8181,2,0,2,2,0,0.007567,29507,29507,101;117,5
8185,2,0,2,2,0,0.007567,29507,29507,101;117,5
8189,2,0,2,2,0,0.007567,29507,29507,101;117,5
8193,2,0,2,2,0,0.007567,29507,29507,101;117,5
8198,2,0,2,2,0,0.007567,29507,29507,101;117,5
8202,2,0,2,2,0,0.007567,29507,29507,101;117,5
8206,2,0,2,2,0,0.007567,29507,29507,101;117,5
8210,2,0,2,2,0,0.007567,29507,29507,101;117,5
8214,2,0,2,2,0,0.007567,29507,29507,101;117,5
8217,2,0,2,2,0,0.007567,29507,29507,101;117,5
8221,2,0,2,2,0,0.007567,29507,29507,101;117,5
8225,2,0,2,2,0,0.007567,29507,29507,101;117,5
8229,2,0,2,2,0,0.007567,29507,29507,101;117,5
8234,2,0,2,2,0,0.007567,29502,29502,101;117,5
8238,2,0,2,2,0,0.007567,29502,29502,101;117,5
8242,2,0,2,2,0,0.007567,29502,29502,101;117,5
8246,2,0,2,2,0,0.007567,29502,29502,101;117,5
8249,2,0,2,2,0,0.007567,29502,29502,101;117,5
8254,2,0,2,2,0,0.007567,29502,29502,101;117,5
8258,2,0,2,2,0,0.007567,29502,29502,101;117,5
8262,2,0,2,2,0,0.007567,29502,29502,101;117,5
8264,2,0,2,2,0,0.007567,29502,29502,101;117,5
8268,2,0,2,2,0,0.007567,29502,29502,101;117,5
8274,2,0,2,2,0,0.007567,29502,29502,101;117,5
8278,2,0,2,2,0,0.007567,29502,29502,101;117,5
8282,1,0,1,1,0,0.007524,30082,30082,117,5
8286,1,0,1,1,0,0.007524,30082,30082,117,5
8289,1,0,1,1,0,0.007524,30082,30082,117,5
8294,1,0,1,1,0,0.007524,30082,30082,117,5
8298,1,0,1,1,0,0.007524,30082,30082,117,5
8301,1,0,1,1,0,0.007524,30082,30082,117,5
8304,1,0,1,1,0,0.007524,30082,30082,117,5
8310,1,0,1,1,0,0.007524,30082,30082,117,5
8314,1,0,1,1,0,0.007524,30082,30082,117,5
8318,1,0,1,1,0,0.007524,30082,30082,117,5
346,512,512,0,1,0,0.021144,30172,30172,6,6
359,512,512,0,1,0,0.021484,30140,30140,6,6
373,512,512,0,1,0,0.021982,30108,30108,6,6
388,512,512,0,1,0,0.022426,30076,30076,6,6
403,512,512,0,1,0,0.022905,30044,30044,6,6
418,512,512,0,1,0,0.023417,30012,30012,6,6
435,512,512,0,1,0,0.023840,29980,29980,6,6
452,512,512,0,1,0,0.024395,29948,29948,6,6
468,512,512,0,1,0,0.024858,29916,29916,6,6
486,512,512,0,1,0,0.025252,29884,29884,6,6
502,512,512,0,1,0,0.025757,29852,29852,6,6
520,512,512,0,1,0,0.026199,29820,29820,6,6
537,512,512,0,1,0,0.026519,29788,29788,6,6
552,512,512,0,1,0,0.027041,29756,29756,6,6
568,512,512,0,1,0,0.027424,29724,29724,6,6
580,512,512,0,1,0,0.027740,29692,29692,6,6
593,512,512,0,1,0,0.028245,29660,29660,6,6
606,512,512,0,1,0,0.028570,29628,29628,6,6
618,512,512,0,1,0,0.028928,29596,29596,6,6
632,512,512,0,1,0,0.029381,29564,29564,6,6
645,512,512,0,1,0,0.029621,29532,29532,6,6
658,512,512,0,1,0,0.030006,29500,29500,6,6
672,512,512,0,1,0,0.030359,29468,29468,6,6
686,512,512,0,1,0,0.030893,29436,29436,6,6
699,512,512,0,1,0,0.031295,29404,29404,6,6
712,512,512,0,1,0,0.031642,29372,29372,6,6
723,512,512,0,1,0,0.031965,29340,29340,6,6
736,512,512,0,1,0,0.032397,29308,29308,6,6
746,512,512,0,1,0,0.032747,29276,29276,6,6
757,512,512,0,1,0,0.033172,29244,29244,6,6
776,512,512,0,1,0,0.033472,29212,29212,6,6
790,512,512,0,1,0,0.033990,29180,29180,6,6
807,512,512,0,1,0,0.034429,29148,29148,6,6
822,512,512,0,1,0,0.034629,29116,29116,6,6
838,512,512,0,1,0,0.035038,29084,29084,6,6
853,512,512,0,1,0,0.035510,29052,29052,6,6
867,512,512,0,1,0,0.035695,29020,29020,6,6
883,512,512,0,1,0,0.036199,28988,28988,6,6
895,512,512,0,1,0,0.036541,28956,28956,6,6
919,512,512,0,1,0,0.037029,28924,28924,6,6
941,512,512,0,1,0,0.037484,28892,28892,6,6
965,512,512,0,1,0,0.037729,28860,28860,6,6
987,512,512,0,1,0,0.037975,28828,28828,6,6
1010,512,512,0,1,0,0.038472,28796,28796,6,6
1034,512,512,0,1,0,0.038762,28764,28764,6,6
1057,512,512,0,1,0,0.039270,28732,28732,6,6
1084,512,512,0,2,1,0.039788,28695,28695,6;14,6
1109,512,511,1,2,0,0.024075,28663,28663,6;14,6
1122,512,511,1,2,0,0.024567,28631,28631,6;14,6
1137,512,511,1,2,0,0.024875,28599,28599,6;14,6
1151,512,511,1,2,0,0.025510,28567,28567,6;14,6
1166,512,511,1,2,0,0.025979,28535,28535,6;14,6
1180,512,511,1,2,0,0.026284,28503,28503,6;14,6
1195,512,511,1,2,0,0.026962,28471,28471,6;14,6
1210,512,511,1,2,0,0.027391,28439,28439,6;14,6
1228,512,511,1,2,0,0.027701,28407,28407,6;14,6
1241,512,511,1,2,0,0.028312,28375,28375,6;14,6
1257,512,511,1,2,0,0.028663,28344,28344,6;14,6
1274,512,511,1,2,0,0.028933,28312,28312,6;14,6
1289,512,511,1,2,0,0.029527,28280,28280,6;14,6
1301,271,270,1,2,1,0.018254,28263,28263,6;14,6
1310,2,0,2,2,0,0.008096,28263,28263,6;14,6
1314,2,0,2,2,0,0.008096,28263,28263,6;14,6
1317,2,0,2,2,0,0.008096,28263,28263,6;14,6
1321,2,0,2,2,0,0.008096,28263,28263,6;14,6
1325,2,0,2,2,0,0.008096,28263,28263,6;14,6
1329,2,0,2,2,0,0.008096,28263,28263,6;14,6
1332,2,0,2,2,0,0.008096,28263,28263,6;14,6
1334,2,0,2,2,0,0.008096,28263,28263,6;14,6
1340,2,0,2,2,0,0.008096,28263,28263,6;14,6
1344,2,0,2,2,0,0.008096,28263,28263,6;14,6
1346,2,0,2,2,0,0.008096,28263,28263,6;14,6
1350,2,0,2,2,0,0.008096,28263,28263,6;14,6
1355,2,0,2,2,0,0.008096,28263,28263,6;14,6
1357,1,0,1,1,0,0.008551,28725,28725,6,6
1362,1,0,1,1,0,0.008551,28725,28725,6,6
1364,1,0,1,1,0,0.008551,28725,28725,6,6
1368,1,0,1,1,0,0.008551,28725,28725,6,6
1375,1,0,1,1,0,0.008551,28725,28725,6,6
1377,1,0,1,1,0,0.008551,28725,28725,6,6
1380,1,0,1,1,0,0.008551,28725,28725,6,6
1386,1,0,1,1,0,0.008551,28725,28725,6,6
1388,1,0,1,1,0,0.008551,28725,28725,6,6
1391,1,0,1,1,0,0.008551,28725,28725,6,6
1396,1,0,1,1,0,0.008551,28725,28725,6,6
1400,1,0,1,1,0,0.008551,28725,28725,6,6
1402,1,0,1,1,0,0.008551,28725,28725,6,6
1408,1,0,1,1,0,0.008551,28725,28725,6,6
1413,1,0,1,1,0,0.008551,28725,28725,6,6
1415,1,0,1,1,0,0.008551,28725,28725,6,6
1419,1,0,1,1,0,0.008551,28725,28725,6,6
1425,1,0,1,1,0,0.008551,28725,28725,6,6
1429,1,0,1,1,0,0.008551,28725,28725,6,6
1433,1,0,1,1,0,0.008551,28725,28725,6,6
1438,1,0,1,1,0,0.008551,28725,28725,6,6
1442,1,0,1,1,0,0.008551,28725,28725,6,6
1447,1,0,1,1,0,0.008551,28725,28725,6,6
1453,1,0,1,1,0,0.008551,28725,28725,6,6
1458,1,0,1,1,0,0.008551,28725,28725,6,6
1464,1,0,1,1,0,0.008551,28725,28725,6,6
1468,1,0,1,1,0,0.008551,28725,28725,6,6
1475,1,0,1,1,0,0.008551,28725,28725,6,6
1481,1,0,1,1,0,0.008551,28725,28725,6,6
1486,1,0,1,1,0,0.008551,28725,28725,6,6
1491,1,0,1,1,0,0.008551,28725,28725,6,6
1495,1,0,1,1,0,0.008551,28725,28725,6,6
1502,512,511,1,2,0,0.023627,28689,28689,6;22,6
1515,512,511,1,2,0,0.024125,28657,28657,6;22,6
1528,512,511,1,2,0,0.024569,28625,28625,6;22,6
1541,512,511,1,2,0,0.025048,28593,28593,6;22,6
1554,512,511,1,2,0,0.025560,28561,28561,6;22,6
1567,512,511,1,2,0,0.025983,28529,28529,6;22,6
1583,512,511,1,2,0,0.026538,28497,28497,6;22,6
1596,512,511,1,2,0,0.027001,28465,28465,6;22,6
1612,512,511,1,2,0,0.027395,28433,28433,6;22,6
1625,512,511,1,2,0,0.027899,28401,28401,6;22,6
1644,512,511,1,2,0,0.028342,28369,28369,6;22,6
1660,334,333,1,2,1,0.020250,28348,28348,6;22,6
1672,2,0,2,2,0,0.008110,28348,28348,6;22,6
1676,2,0,2,2,0,0.008110,28348,28348,6;22,6
1683,2,0,2,2,0,0.008110,28348,28348,6;22,6
1687,2,0,2,2,0,0.008110,28343,28343,6;22,6
1692,2,0,2,2,0,0.008110,28343,28343,6;22,6
1698,2,0,2,2,0,0.008110,28343,28343,6;22,6
1702,2,0,2,2,0,0.008110,28343,28343,6;22,6
1707,2,0,2,2,0,0.008110,28343,28343,6;22,6
1712,2,0,2,2,0,0.008110,28343,28343,6;22,6
1717,2,0,2,2,0,0.008099,28343,28343,6;22,6
1722,2,0,2,2,0,0.008099,28343,28343,6;22,6
1726,2,0,2,2,0,0.008099,28343,28343,6;22,6
1734,2,0,2,2,0,0.008099,28343,28343,6;22,6
1738,2,0,2,2,0,0.008099,28343,28343,6;22,6
1742,2,0,2,2,0,0.008099,28343,28343,6;22,6
1747,2,0,2,2,0,0.008099,28343,28343,6;22,6
1754,2,0,2,2,0,0.008099,28343,28343,6;22,6
1759,2,0,2,2,0,0.008099,28343,28343,6;22,6
1763,2,0,2,2,0,0.008099,28343,28343,6;22,6
1767,2,0,2,2,0,0.008099,28343,28343,6;22,6
1771,2,0,2,2,0,0.008099,28343,28343,6;22,6
1778,2,0,2,2,0,0.008099,28343,28343,6;22,6
1781,2,0,2,2,0,0.008099,28343,28343,6;22,6
1785,2,0,2,2,0,0.008099,28343,28343,6;22,6
1788,2,0,2,2,0,0.008099,28343,28343,6;22,6
1792,2,0,2,2,0,0.008099,28343,28343,6;22,6
1797,2,0,2,2,0,0.008099,28343,28343,6;22,6
1801,2,0,2,2,0,0.008099,28343,28343,6;22,6
1805,2,0,2,2,0,0.008099,28343,28343,6;22,6
1811,2,0,2,2,0,0.008099,28343,28343,6;22,6
1814,2,0,2,2,0,0.008099,28343,28343,6;22,6
1817,2,0,2,2,0,0.008099,28343,28343,6;22,6
1824,2,0,2,2,0,0.008099,28343,28343,6;22,6
1828,2,0,2,2,0,0.008099,28343,28343,6;22,6
1831,2,0,2,2,0,0.008099,28343,28343,6;22,6
1836,2,0,2,2,0,0.008099,28343,28343,6;22,6
1839,2,0,2,2,0,0.008099,28343,28343,6;22,6
1841,2,0,2,2,0,0.008099,28343,28343,6;22,6
1845,2,0,2,2,0,0.008099,28343,28343,6;22,6
1851,2,0,2,2,0,0.008099,28343,28343,6;22,6
1854,2,0,2,2,0,0.008099,28343,28343,6;22,6
1858,2,0,2,2,0,0.008099,28343,28343,6;22,6
1863,2,0,2,2,0,0.008099,28343,28343,6;22,6
1867,2,0,2,2,0,0.008099,28343,28343,6;22,6
1872,2,0,2,2,0,0.008099,28343,28343,6;22,6
1876,2,0,2,2,0,0.008099,28343,28343,6;22,6
1880,2,0,2,2,0,0.008099,28343,28343,6;22,6
1884,2,0,2,2,0,0.008099,28343,28343,6;22,6
1890,2,0,2,2,0,0.008099,28343,28343,6;22,6
1893,2,0,2,2,0,0.008099,28343,28343,6;22,6
1898,2,0,2,2,0,0.008099,28343,28343,6;22,6
1902,2,0,2,2,0,0.008099,28343,28343,6;22,6
1907,2,0,2,2,0,0.008099,28343,28343,6;22,6
1911,2,0,2,2,0,0.008099,28343,28343,6;22,6
1914,2,0,2,2,0,0.008099,28343,28343,6;22,6
1918,2,0,2,2,0,0.008099,28343,28343,6;22,6
1921,2,0,2,2,0,0.008099,28343,28343,6;22,6
1926,2,0,2,2,0,0.008099,28343,28343,6;22,6
1929,2,0,2,2,0,0.008099,28343,28343,6;22,6
1932,2,0,2,2,0,0.008099,28343,28343,6;22,6
1935,2,0,2,2,0,0.008099,28343,28343,6;22,6
1939,2,0,2,2,0,0.008099,28343,28343,6;22,6
1944,2,0,2,2,0,0.008099,28343,28343,6;22,6
1947,2,0,2,2,0,0.008099,28343,28343,6;22,6
1949,2,0,2,2,0,0.008099,28343,28343,6;22,6
1953,2,0,2,2,0,0.008099,28343,28343,6;22,6
1957,2,0,2,2,0,0.008099,28343,28343,6;22,6
1960,2,0,2,2,0,0.008099,28343,28343,6;22,6
1963,2,0,2,2,0,0.008099,28343,28343,6;22,6
1969,2,0,2,2,0,0.008099,28343,28343,6;22,6
1971,2,0,2,2,0,0.008099,28343,28343,6;22,6
1974,2,0,2,2,0,0.008099,28343,28343,6;22,6
1978,2,0,2,2,0,0.008099,28343,28343,6;22,6
1982,2,0,2,2,0,0.008099,28343,28343,6;22,6
1986,2,0,2,2,0,0.008099,28343,28343,6;22,6
1990,512,510,2,3,0,0.023206,28307,28307,6;22;30,6
1999,512,510,2,3,0,0.023704,28275,28275,6;22;30,6
2009,459,457,2,3,1,0.018055,28241,28241,6;22;30,6
2017,3,0,3,3,0,0.008087,28241,28241,6;22;30,6
2022,3,0,3,3,0,0.008087,28241,28241,6;22;30,6
2026,3,0,3,3,0,0.008087,28241,28241,6;22;30,6
2031,3,0,3,3,0,0.008087,28241,28241,6;22;30,6
2035,3,0,3,3,0,0.008087,28241,28241,6;22;30,6
2040,3,0,3,3,0,0.008087,28236,28236,6;22;30,6
2043,3,0,3,3,0,0.008087,28236,28236,6;22;30,6
2046,3,0,3,3,0,0.008087,28236,28236,6;22;30,6
2051,3,0,3,3,0,0.008087,28236,28236,6;22;30,6
2057,3,0,3,3,0,0.008087,28236,28236,6;22;30,6
2060,3,0,3,3,0,0.008087,28236,28236,6;22;30,6
2063,3,0,3,3,0,0.008087,28236,28236,6;22;30,6
2067,3,0,3,3,0,0.008087,28236,28236,6;22;30,6
2072,3,0,3,3,0,0.008087,28236,28236,6;22;30,6
2075,3,0,3,3,0,0.008087,28236,28236,6;22;30,6
2079,3,0,3,3,0,0.008087,28236,28236,6;22;30,6
2084,3,0,3,3,0,0.008087,28236,28236,6;22;30,6
2088,3,0,3,3,0,0.008087,28236,28236,6;22;30,6
2091,3,0,3,3,0,0.008087,28236,28236,6;22;30,6
2096,3,0,3,3,0,0.008087,28236,28236,6;22;30,6
2100,3,0,3,3,0,0.008087,28236,28236,6;22;30,6
2104,3,0,3,3,0,0.008087,28236,28236,6;22;30,6
2108,3,0,3,3,0,0.008087,28236,28236,6;22;30,6
2112,3,0,3,3,0,0.008087,28236,28236,6;22;30,6
2117,3,0,3,3,0,0.008087,28236,28236,6;22;30,6
2121,3,0,3,3,0,0.008087,28236,28236,6;22;30,6
2125,3,0,3,3,0,0.008087,28236,28236,6;22;30,6
2128,3,0,3,3,0,0.008087,28236,28236,6;22;30,6
2133,3,0,3,3,0,0.008087,28236,28236,6;22;30,6
2138,3,0,3,3,0,0.008087,28236,28236,6;22;30,6
2142,3,0,3,3,0,0.008087,28236,28236,6;22;30,6
2145,3,0,3,3,0,0.008087,28236,28236,6;22;30,6
2147,3,0,3,3,0,0.008087,28236,28236,6;22;30,6
2152,3,0,3,3,0,0.008087,28236,28236,6;22;30,6
2158,3,0,3,3,0,0.008087,28236,28236,6;22;30,6
2161,3,0,3,3,0,0.008087,28236,28236,6;22;30,6
2164,3,0,3,3,0,0.008087,28236,28236,6;22;30,6
2168,3,0,3,3,0,0.008087,28236,28236,6;22;30,6
2173,3,0,3,3,0,0.008087,28236,28236,6;22;30,6
2177,3,0,3,3,0,0.008087,28236,28236,6;22;30,6
2181,3,0,3,3,0,0.008087,28236,28236,6;22;30,6
2186,3,0,3,3,0,0.008087,28236,28236,6;22;30,6
2191,3,0,3,3,0,0.008087,28236,28236,6;22;30,6
2195,3,0,3,3,0,0.008087,28236,28236,6;22;30,6
2198,3,0,3,3,0,0.008087,28236,28236,6;22;30,6
2203,3,0,3,3,0,0.008087,28236,28236,6;22;30,6
2208,3,0,3,3,0,0.008087,28236,28236,6;22;30,6
2212,3,0,3,3,0,0.008087,28236,28236,6;22;30,6
2217,3,0,3,3,0,0.008087,28236,28236,6;22;30,6
2221,3,0,3,3,0,0.008087,28236,28236,6;22;30,6
2225,3,0,3,3,0,0.008087,28236,28236,6;22;30,6
2230,3,0,3,3,0,0.008087,28236,28236,6;22;30,6
2234,3,0,3,3,0,0.008087,28236,28236,6;22;30,6
2238,3,0,3,3,0,0.008087,28236,28236,6;22;30,6
2243,3,0,3,3,0,0.008087,28236,28236,6;22;30,6
2248,3,0,3,3,0,0.008087,28236,28236,6;22;30,6
2252,3,0,3,3,0,0.008087,28236,28236,6;22;30,6
2256,3,0,3,3,0,0.008087,28236,28236,6;22;30,6
2261,3,0,3,3,0,0.008087,28236,28236,6;22;30,6
2265,3,0,3,3,0,0.008087,28236,28236,6;22;30,6
2271,3,0,3,3,0,0.008087,28236,28236,6;22;30,6
2275,3,0,3,3,0,0.008087,28236,28236,6;22;30,6
2278,3,0,3,3,0,0.008087,28236,28236,6;22;30,6
2281,3,0,3,3,0,0.008087,28236,28236,6;22;30,6
2286,3,0,3,3,0,0.008087,28236,28236,6;22;30,6
2289,3,0,3,3,0,0.008087,28236,28236,6;22;30,6
2292,3,0,3,3,0,0.008087,28236,28236,6;22;30,6
2296,3,0,3,3,0,0.008087,28236,28236,6;22;30,6
2302,3,0,3,3,0,0.008087,28236,28236,6;22;30,6
2305,3,0,3,3,0,0.008087,28236,28236,6;22;30,6
2309,3,0,3,3,0,0.008087,28236,28236,6;22;30,6
2314,3,0,3,3,0,0.008087,28236,28236,6;22;30,6
2317,3,0,3,3,0,0.008087,28236,28236,6;22;30,6
2322,3,0,3,3,0,0.008087,28236,28236,6;22;30,6
2327,3,0,3,3,0,0.008087,28231,28231,6;22;30,6
2331,3,0,3,3,0,0.008087,28231,28231,6;22;30,6
2334,3,0,3,3,0,0.008087,28231,28231,6;22;30,6
2339,3,0,3,3,0,0.008087,28231,28231,6;22;30,6
2343,3,0,3,3,0,0.008087,28231,28231,6;22;30,6
2345,3,0,3,3,0,0.008087,28226,28226,6;22;30,6
2350,512,509,3,4,0,0.023238,28190,28190,6;22;30;38,6
2359,512,509,3,4,0,0.023736,28158,28158,6;22;30;38,6
2368,512,509,3,4,0,0.024180,28126,28126,6;22;30;38,6
2380,512,509,3,4,0,0.024659,28094,28094,6;22;30;38,6
2392,512,509,3,4,0,0.025171,28062,28062,6;22;30;38,6
2402,512,509,3,4,0,0.025594,28026,28026,6;22;30;38,6
2414,512,509,3,4,0,0.026149,27994,27994,6;22;30;38,6
2430,68,65,3,4,1,0.009983,27994,27994,6;22;30;38,6
2434,4,0,4,4,0,0.007997,27994,27994,6;22;30;38,6
2440,4,0,4,4,0,0.007997,27994,27994,6;22;30;38,6
2444,4,0,4,4,0,0.007997,27994,27994,6;22;30;38,6
2448,4,0,4,4,0,0.007997,27989,27989,6;22;30;38,6
2453,4,0,4,4,0,0.007997,27989,27989,6;22;30;38,6
2459,4,0,4,4,0,0.007997,27989,27989,6;22;30;38,6
2462,4,0,4,4,0,0.007997,27989,27989,6;22;30;38,6
2467,4,0,4,4,0,0.007997,27989,27989,6;22;30;38,6
2470,4,0,4,4,0,0.007997,27989,27989,6;22;30;38,6
2476,4,0,4,4,0,0.007997,27989,27989,6;22;30;38,6
2480,4,0,4,4,0,0.007997,27989,27989,6;22;30;38,6
2483,4,0,4,4,0,0.007997,27989,27989,6;22;30;38,6
2488,4,0,4,4,0,0.007997,27989,27989,6;22;30;38,6
2493,4,0,4,4,0,0.007997,27989,27989,6;22;30;38,6
2497,4,0,4,4,0,0.007997,27989,27989,6;22;30;38,6
2500,4,0,4,4,0,0.007997,27989,27989,6;22;30;38,6
2505,4,0,4,4,0,0.007997,27989,27989,6;22;30;38,6
2510,4,0,4,4,0,0.007997,27989,27989,6;22;30;38,6
2514,4,0,4,4,0,0.007997,27989,27989,6;22;30;38,6
2520,4,0,4,4,0,0.007997,27989,27989,6;22;30;38,6
2525,4,0,4,4,0,0.007997,27989,27989,6;22;30;38,6
2530,4,0,4,4,0,0.007997,27989,27989,6;22;30;38,6
2534,4,0,4,4,0,0.007997,27989,27989,6;22;30;38,6
2538,4,0,4,4,0,0.007997,27989,27989,6;22;30;38,6
2544,4,0,4,4,0,0.007997,27989,27989,6;22;30;38,6
2549,4,0,4,4,0,0.007997,27989,27989,6;22;30;38,6
2555,4,0,4,4,0,0.007997,27989,27989,6;22;30;38,6
2559,4,0,4,4,0,0.007997,27989,27989,6;22;30;38,6
2564,4,0,4,4,0,0.007997,27989,27989,6;22;30;38,6
2568,4,0,4,4,0,0.007997,27989,27989,6;22;30;38,6
2574,4,0,4,4,0,0.007997,27989,27989,6;22;30;38,6
2578,4,0,4,4,0,0.007997,27989,27989,6;22;30;38,6
2583,4,0,4,4,0,0.007998,27989,27989,6;22;30;38,6
2588,4,0,4,4,0,0.007998,27989,27989,6;22;30;38,6
2593,4,0,4,4,0,0.007998,27989,27989,6;22;30;38,6
2598,4,0,4,4,0,0.007998,27989,27989,6;22;30;38,6
2603,4,0,4,4,0,0.007998,27989,27989,6;22;30;38,6
2607,4,0,4,4,0,0.007998,27989,27989,6;22;30;38,6
2612,4,0,4,4,0,0.007998,27989,27989,6;22;30;38,6
2615,4,0,4,4,0,0.007998,27989,27989,6;22;30;38,6
2622,4,0,4,4,0,0.007998,27989,27989,6;22;30;38,6
2626,4,0,4,4,0,0.007998,27989,27989,6;22;30;38,6
2630,4,0,4,4,0,0.007998,27989,27989,6;22;30;38,6
2636,4,0,4,4,0,0.007998,27989,27989,6;22;30;38,6
2641,4,0,4,4,0,0.007998,27989,27989,6;22;30;38,6
2646,4,0,4,4,0,0.007998,27989,27989,6;22;30;38,6
2651,4,0,4,4,0,0.007998,27989,27989,6;22;30;38,6
2657,4,0,4,4,0,0.007998,27989,27989,6;22;30;38,6
2662,4,0,4,4,0,0.007998,27989,27989,6;22;30;38,6
2666,4,0,4,4,0,0.007998,27989,27989,6;22;30;38,6
2670,4,0,4,4,0,0.007998,27989,27989,6;22;30;38,6
2676,4,0,4,4,0,0.007998,27989,27989,6;22;30;38,6
2680,4,0,4,4,0,0.007998,27989,27989,6;22;30;38,6
2685,4,0,4,4,0,0.007998,27989,27989,6;22;30;38,6
2690,4,0,4,4,0,0.007998,27989,27989,6;22;30;38,6
2695,4,0,4,4,0,0.007998,27989,27989,6;22;30;38,6
2699,4,0,4,4,0,0.007998,27989,27989,6;22;30;38,6
2705,4,0,4,4,0,0.007998,27989,27989,6;22;30;38,6
2710,4,0,4,4,0,0.007998,27989,27989,6;22;30;38,6
2714,4,0,4,4,0,0.007998,27989,27989,6;22;30;38,6
2718,4,0,4,4,0,0.007998,27989,27989,6;22;30;38,6
2724,4,0,4,4,0,0.007998,27989,27989,6;22;30;38,6
2731,4,0,4,4,0,0.007998,27989,27989,6;22;30;38,6
2736,4,0,4,4,0,0.007998,27989,27989,6;22;30;38,6
2741,4,0,4,4,0,0.007998,27989,27989,6;22;30;38,6
2747,4,0,4,4,0,0.007998,27989,27989,6;22;30;38,6
2752,4,0,4,4,0,0.007998,27984,27984,6;22;30;38,6
2757,4,0,4,4,0,0.007998,27984,27984,6;22;30;38,6
2764,4,0,4,4,0,0.007998,27984,27984,6;22;30;38,6
2770,4,0,4,4,0,0.007998,27984,27984,6;22;30;38,6
2777,4,0,4,4,0,0.007998,27984,27984,6;22;30;38,6
2782,4,0,4,4,0,0.007998,27979,27979,6;22;30;38,6
2787,4,0,4,4,0,0.007998,27979,27979,6;22;30;38,6
2792,4,0,4,4,0,0.007998,27979,27979,6;22;30;38,6
2798,4,0,4,4,0,0.007998,27979,27979,6;22;30;38,6
2803,4,0,4,4,0,0.007998,27979,27979,6;22;30;38,6
2808,4,0,4,4,0,0.007998,27979,27979,6;22;30;38,6
2814,4,0,4,4,0,0.007998,27974,27974,6;22;30;38,6
2819,4,0,4,4,0,0.007998,27974,27974,6;22;30;38,6
2826,4,0,4,4,0,0.007998,27974,27974,6;22;30;38,6
2831,4,0,4,4,0,0.007998,27974,27974,6;22;30;38,6
2836,4,0,4,4,0,0.007998,27974,27974,6;22;30;38,6
2841,4,0,4,4,0,0.007998,27974,27974,6;22;30;38,6
2847,4,0,4,4,0,0.007998,27969,27969,6;22;30;38,6
2853,4,0,4,4,0,0.007998,27969,27969,6;22;30;38,6
2858,4,0,4,4,0,0.007998,27969,27969,6;22;30;38,6
2862,4,0,4,4,0,0.007998,27969,27969,6;22;30;38,6
2867,4,0,4,4,0,0.007998,27969,27969,6;22;30;38,6
2873,4,0,4,4,0,0.007998,27969,27969,6;22;30;38,6
2877,4,0,4,4,0,0.007998,27969,27969,6;22;30;38,6
2883,4,0,4,4,0,0.007998,27969,27969,6;22;30;38,6
2887,4,0,4,4,0,0.007998,27969,27969,6;22;30;38,6
2892,4,0,4,4,0,0.007998,27969,27969,6;22;30;38,6
2897,4,0,4,4,0,0.007998,27969,27969,6;22;30;38,6
2901,4,0,4,4,0,0.007998,27969,27969,6;22;30;38,6
2905,4,0,4,4,0,0.007998,27969,27969,6;22;30;38,6
2911,4,0,4,4,0,0.007998,27969,27969,6;22;30;38,6
2916,4,0,4,4,0,0.007998,27969,27969,6;22;30;38,6
2921,4,0,4,4,0,0.007998,27969,27969,6;22;30;38,6
2926,4,0,4,4,0,0.007998,27969,27969,6;22;30;38,6
2931,4,0,4,4,0,0.007998,27969,27969,6;22;30;38,6
2935,4,0,4,4,0,0.007998,27969,27969,6;22;30;38,6
2941,4,0,4,4,0,0.007998,27969,27969,6;22;30;38,6
2946,4,0,4,4,0,0.007998,27969,27969,6;22;30;38,6
2950,4,0,4,4,0,0.007998,27969,27969,6;22;30;38,6
2955,4,0,4,4,0,0.007998,27969,27969,6;22;30;38,6
2960,4,0,4,4,0,0.007998,27969,27969,6;22;30;38,6
2966,4,0,4,4,0,0.007998,27969,27969,6;22;30;38,6
2971,4,0,4,4,0,0.007998,27969,27969,6;22;30;38,6
2976,4,0,4,4,0,0.007998,27969,27969,6;22;30;38,6
2980,4,0,4,4,0,0.007998,27969,27969,6;22;30;38,6
2983,4,0,4,4,0,0.007998,27969,27969,6;22;30;38,6
2987,4,0,4,4,0,0.007998,27969,27969,6;22;30;38,6
2992,4,0,4,4,0,0.007998,27969,27969,6;22;30;38,6
2996,4,0,4,4,0,0.007998,27969,27969,6;22;30;38,6
3000,4,0,4,4,0,0.007998,27969,27969,6;22;30;38,6
3005,4,0,4,4,0,0.007998,27969,27969,6;22;30;38,6
3009,512,508,4,5,0,0.023169,27933,27933,6;22;30;38;46,6
3019,512,508,4,5,0,0.023667,27901,27901,6;22;30;38;46,6
3030,512,508,4,5,0,0.024111,27869,27869,6;22;30;38;46,6
3037,512,508,4,5,0,0.024590,27838,27838,6;22;30;38;46,6
3046,512,508,4,5,0,0.025102,27806,27806,6;22;30;38;46,6
3058,512,508,4,5,0,0.025525,27774,27774,6;22;30;38;46,6
3068,512,508,4,5,0,0.026080,27742,27742,6;22;30;38;46,6
3081,512,508,4,5,0,0.026543,27711,27711,6;22;30;38;46,6
3091,512,508,4,5,0,0.026937,27679,27679,6;22;30;38;46,6
3100,512,508,4,5,0,0.027442,27647,27647,6;22;30;38;46,6
3108,512,508,4,5,0,0.027884,27615,27615,6;22;30;38;46,6
3120,512,508,4,5,0,0.028204,27584,27584,6;22;30;38;46,6
3132,433,429,4,5,1,0.022453,27557,27557,6;22;30;38;46,6
3141,5,0,5,5,0,0.008098,27557,27557,6;22;30;38;46,6
3146,5,0,5,5,0,0.008098,27557,27557,6;22;30;38;46,6
3149,5,0,5,5,0,0.008098,27557,27557,6;22;30;38;46,6
3153,5,0,5,5,0,0.008098,27557,27557,6;22;30;38;46,6
3160,5,0,5,5,0,0.008098,27557,27557,6;22;30;38;46,6
3163,5,0,5,5,0,0.008098,27557,27557,6;22;30;38;46,6
3166,5,0,5,5,0,0.008098,27557,27557,6;22;30;38;46,6
3170,5,0,5,5,0,0.008098,27557,27557,6;22;30;38;46,6
3174,5,0,5,5,0,0.008098,27557,27557,6;22;30;38;46,6
3177,5,0,5,5,0,0.008098,27557,27557,6;22;30;38;46,6
3183,5,0,5,5,0,0.008098,27557,27557,6;22;30;38;46,6
3186,5,0,5,5,0,0.008098,27557,27557,6;22;30;38;46,6
3190,5,0,5,5,0,0.008098,27557,27557,6;22;30;38;46,6
3194,5,0,5,5,0,0.008098,27557,27557,6;22;30;38;46,6
3196,5,0,5,5,0,0.008098,27557,27557,6;22;30;38;46,6
3200,5,0,5,5,0,0.008098,27557,27557,6;22;30;38;46,6
3204,5,0,5,5,0,0.008098,27552,27552,6;22;30;38;46,6
3208,5,0,5,5,0,0.008098,27552,27552,6;22;30;38;46,6
3212,5,0,5,5,0,0.008098,27552,27552,6;22;30;38;46,6
3217,5,0,5,5,0,0.008098,27552,27552,6;22;30;38;46,6
3221,5,0,5,5,0,0.008098,27552,27552,6;22;30;38;46,6
3225,5,0,5,5,0,0.008098,27547,27547,6;22;30;38;46,6
3228,5,0,5,5,0,0.008098,27547,27547,6;22;30;38;46,6
3234,5,0,5,5,0,0.008098,27547,27547,6;22;30;38;46,6
3238,5,0,5,5,0,0.008098,27547,27547,6;22;30;38;46,6
3241,5,0,5,5,0,0.008098,27547,27547,6;22;30;38;46,6
3245,5,0,5,5,0,0.008098,27547,27547,6;22;30;38;46,6
3251,5,0,5,5,0,0.008098,27542,27542,6;22;30;38;46,6
3254,5,0,5,5,0,0.008098,27542,27542,6;22;30;38;46,6
3259,5,0,5,5,0,0.008098,27542,27542,6;22;30;38;46,6
3263,5,0,5,5,0,0.008098,27542,27542,6;22;30;38;46,6
3268,5,0,5,5,0,0.008098,27542,27542,6;22;30;38;46,6
3272,5,0,5,5,0,0.008098,27542,27542,6;22;30;38;46,6
3275,5,0,5,5,0,0.008098,27537,27537,6;22;30;38;46,6
3279,5,0,5,5,0,0.008098,27537,27537,6;22;30;38;46,6
3284,5,0,5,5,0,0.008098,27537,27537,6;22;30;38;46,6
3289,5,0,5,5,0,0.008098,27537,27537,6;22;30;38;46,6
3293,5,0,5,5,0,0.008098,27537,27537,6;22;30;38;46,6
3296,5,0,5,5,0,0.008098,27537,27537,6;22;30;38;46,6
3301,5,0,5,5,0,0.008098,27537,27537,6;22;30;38;46,6
3304,5,0,5,5,0,0.008098,27537,27537,6;22;30;38;46,6
3308,5,0,5,5,0,0.008098,27537,27537,6;22;30;38;46,6
3313,5,0,5,5,0,0.008098,27537,27537,6;22;30;38;46,6
3319,5,0,5,5,0,0.008098,27537,27537,6;22;30;38;46,6
3323,5,0,5,5,0,0.008098,27537,27537,6;22;30;38;46,6
3327,5,0,5,5,0,0.008098,27537,27537,6;22;30;38;46,6
3330,5,0,5,5,0,0.008098,27537,27537,6;22;30;38;46,6
3335,5,0,5,5,0,0.008098,27537,27537,6;22;30;38;46,6
3338,512,507,5,6,0,0.023296,27501,27501,6;22;30;38;46;54,6
3349,512,507,5,6,0,0.023794,27469,27469,6;22;30;38;46;54,6
3357,512,507,5,6,0,0.024238,27437,27437,6;22;30;38;46;54,6
3368,512,507,5,6,0,0.024717,27406,27406,6;22;30;38;46;54,6
3380,512,507,5,6,0,0.025229,27374,27374,6;22;30;38;46;54,6
3390,512,507,5,6,0,0.025652,27342,27342,6;22;30;38;46;54,6
3400,512,507,5,6,0,0.026207,27311,27311,6;22;30;38;46;54,6
3413,512,507,5,6,0,0.026670,27279,27279,6;22;30;38;46;54,6
3422,512,507,5,6,0,0.027064,27247,27247,6;22;30;38;46;54,6
3435,512,507,5,6,0,0.027569,27216,27216,6;22;30;38;46;54,6
3446,512,507,5,6,0,0.028011,27184,27184,6;22;30;38;46;54,6
3457,512,507,5,6,0,0.028332,27152,27152,6;22;30;38;46;54,6
3466,512,507,5,6,0,0.028853,27121,27121,6;22;30;38;46;54,6
3476,512,507,5,6,0,0.029196,27089,27089,6;22;30;38;46;54,6
3486,512,507,5,6,0,0.029552,27057,27057,6;22;30;38;46;54,6
3495,512,507,5,6,0,0.029841,27026,27026,6;22;30;38;46;54,6
3504,512,507,5,6,0,0.030345,26994,26994,6;22;30;38;46;54,6
3513,512,507,5,6,0,0.030741,26962,26962,6;22;30;38;46;54,6
3523,512,507,5,6,0,0.030985,26925,26925,6;22;30;38;46;54,6
3535,512,507,5,6,0,0.031413,26894,26894,6;22;30;38;46;54,6
3543,512,507,5,6,0,0.031818,26862,26862,6;22;30;38;46;54,6
3551,512,507,5,6,0,0.032028,26830,26830,6;22;30;38;46;54,6
3560,512,507,5,6,0,0.032641,26799,26799,6;22;30;38;46;54,6
3568,512,507,5,6,0,0.033109,26767,26767,6;22;30;38;46;54,6
3576,512,507,5,6,0,0.033308,26735,26735,6;22;30;38;46;54,6
3583,512,507,5,6,0,0.033746,26704,26704,6;22;30;38;46;54,6
3593,512,507,5,6,0,0.034188,26672,26672,6;22;30;38;46;54,6
3600,512,507,5,6,0,0.034431,26640,26640,6;22;30;38;46;54,6
3609,512,507,5,6,0,0.034692,26609,26609,6;22;30;38;46;54,6
3617,512,507,5,6,0,0.035266,26577,26577,6;22;30;38;46;54,6
3629,512,507,5,6,0,0.035522,26545,26545,6;22;30;38;46;54,6
3640,512,507,5,7,1,0.036434,26512,26512,6;22;30;38;46;54;62,6
3652,512,506,6,7,0,0.023999,26480,26480,6;22;30;38;46;54;62,6
3661,512,506,6,7,0,0.024443,26448,26448,6;22;30;38;46;54;62,6
3669,512,506,6,7,0,0.024922,26417,26417,6;22;30;38;46;54;62,6
3677,512,506,6,7,0,0.025384,26385,26385,6;22;30;38;46;54;62,6
3685,512,506,6,7,0,0.025853,26353,26353,6;22;30;38;46;54;62,6
3692,512,507,5,6,0,0.025789,27798,27798,22;30;38;46;54;62,6
3697,512,507,5,6,0,0.026467,27766,27766,22;30;38;46;54;62,6
3704,512,507,5,6,0,0.026895,27734,27734,22;30;38;46;54;62,6
3709,512,507,5,6,0,0.027205,27703,27703,22;30;38;46;54;62,6
3716,512,507,5,6,0,0.027817,27671,27671,22;30;38;46;54;62,6
3723,512,507,5,6,0,0.028168,27639,27639,22;30;38;46;54;62,6
3729,512,507,5,6,0,0.028437,27608,27608,22;30;38;46;54;62,6
3737,512,507,5,6,0,0.029032,27576,27576,22;30;38;46;54;62,6
3744,512,507,5,6,0,0.029389,27544,27544,22;30;38;46;54;62,6
3749,512,507,5,6,0,0.029677,27513,27513,22;30;38;46;54;62,6
3757,512,507,5,6,0,0.029990,27481,27481,22;30;38;46;54;62,6
3765,512,507,5,6,0,0.030546,27444,27444,22;30;38;46;54;62,6
3772,512,507,5,6,0,0.030803,27413,27413,22;30;38;46;54;62,6
3778,512,507,5,6,0,0.031105,27381,27381,22;30;38;46;54;62,6
3786,512,507,5,6,0,0.031638,27349,27349,22;30;38;46;54;62,6
3793,512,507,5,6,0,0.031844,27317,27317,22;30;38;46;54;62,6
3801,512,507,5,6,0,0.032217,27281,27281,22;30;38;46;54;62,6
3809,512,507,5,6,0,0.032929,27249,27249,22;30;38;46;54;62,6
3816,512,507,5,6,0,0.033137,27217,27217,22;30;38;46;54;62,6
3823,512,507,5,6,0,0.033450,27186,27186,22;30;38;46;54;62,6
3832,512,507,5,6,0,0.034024,27154,27154,22;30;38;46;54;62,6
3843,512,507,5,7,1,0.034168,27118,27118,22;30;38;46;54;62;70,6
3852,512,506,6,7,0,0.023551,27087,27087,22;30;38;46;54;62;70,6
3860,512,506,6,7,0,0.023817,27055,27055,22;30;38;46;54;62;70,6
3866,512,506,6,7,0,0.024382,27023,27023,22;30;38;46;54;62;70,6
3873,512,506,6,7,0,0.024839,26987,26987,22;30;38;46;54;62;70,6
3879,512,506,6,7,0,0.025280,26955,26955,22;30;38;46;54;62;70,6
3886,512,506,6,7,0,0.025790,26923,26923,22;30;38;46;54;62;70,6
3892,512,506,6,7,0,0.026325,26887,26887,22;30;38;46;54;62;70,6
3900,512,506,6,7,0,0.026725,26855,26855,22;30;38;46;54;62;70,6
3908,512,506,6,7,0,0.027184,26824,26824,22;30;38;46;54;62;70,6
3916,512,506,6,7,0,0.027633,26792,26792,22;30;38;46;54;62;70,6
3924,512,506,6,7,0,0.028083,26760,26760,22;30;38;46;54;62;70,6
3932,512,506,6,7,0,0.028450,26729,26729,22;30;38;46;54;62;70,6
3942,512,506,6,7,0,0.028920,26697,26697,22;30;38;46;54;62;70,6
3951,512,506,6,7,0,0.029271,26665,26665,22;30;38;46;54;62;70,6
3960,512,506,6,7,0,0.029657,26634,26634,22;30;38;46;54;62;70,6
3969,512,506,6,8,1,0.030430,26598,26598,22;30;38;46;54;62;70;78,6
3981,512,506,6,7,0,0.023366,26969,26969,30;38;46;54;62;70;78,6
3989,512,506,6,7,0,0.023831,26937,26937,30;38;46;54;62;70;78,6
3995,512,506,6,7,0,0.024275,26905,26905,30;38;46;54;62;70;78,6
4004,512,506,6,7,0,0.024753,26874,26874,30;38;46;54;62;70;78,6
4013,512,506,6,7,0,0.025265,26842,26842,30;38;46;54;62;70;78,6
4021,512,506,6,7,0,0.025689,26810,26810,30;38;46;54;62;70;78,6
4030,512,506,6,7,0,0.026243,26779,26779,30;38;46;54;62;70;78,6
4039,512,506,6,7,0,0.026706,26747,26747,30;38;46;54;62;70;78,6
4047,512,506,6,7,0,0.027100,26716,26716,30;38;46;54;62;70;78,6
4058,512,506,6,7,0,0.027605,26684,26684,30;38;46;54;62;70;78,6
4066,512,506,6,7,0,0.028048,26652,26652,30;38;46;54;62;70;78,6
4075,512,506,6,7,0,0.028368,26621,26621,30;38;46;54;62;70;78,6
4086,512,506,6,7,0,0.028637,26589,26589,30;38;46;54;62;70;78,6
4095,512,506,6,7,0,0.029232,26557,26557,30;38;46;54;62;70;78,6
4104,512,506,6,7,0,0.029589,26526,26526,30;38;46;54;62;70;78,6
4114,512,506,6,7,0,0.029877,26494,26494,30;38;46;54;62;70;78,6
4122,512,506,6,7,0,0.030381,26463,26463,30;38;46;54;62;70;78,6
4132,512,506,6,7,0,0.030777,26431,26431,30;38;46;54;62;70;78,6
4142,512,506,6,7,0,0.031022,26399,26399,30;38;46;54;62;70;78,6
4150,512,506,6,7,0,0.031450,26368,26368,30;38;46;54;62;70;78,6
4159,512,506,6,7,0,0.031854,26336,26336,30;38;46;54;62;70;78,6
4166,512,506,6,7,0,0.032064,26304,26304,30;38;46;54;62;70;78,6
4173,512,506,6,7,0,0.032677,26273,26273,30;38;46;54;62;70;78,6
4181,512,506,6,7,0,0.033129,26236,26236,30;38;46;54;62;70;78,6
4189,512,506,6,7,0,0.033337,26205,26205,30;38;46;54;62;70;78,6
4199,512,506,6,7,0,0.033651,26173,26173,30;38;46;54;62;70;78,6
4209,512,506,6,7,0,0.034224,26141,26141,30;38;46;54;62;70;78,6
4218,512,506,6,7,0,0.034467,26110,26110,30;38;46;54;62;70;78,6
4226,512,506,6,7,0,0.034728,26078,26078,30;38;46;54;62;70;78,6
4233,512,506,6,7,0,0.035302,26046,26046,30;38;46;54;62;70;78,6
4243,512,506,6,7,0,0.035559,26015,26015,30;38;46;54;62;70;78,6
4249,512,506,6,7,0,0.036034,25983,25983,30;38;46;54;62;70;78,6
4261,512,506,6,7,0,0.036470,25952,25952,30;38;46;54;62;70;78,6
4273,512,506,6,7,0,0.036715,25920,25920,30;38;46;54;62;70;78,6
4284,512,506,6,7,0,0.037056,25888,25888,30;38;46;54;62;70;78,6
4294,512,506,6,7,0,0.037387,25857,25857,30;38;46;54;62;70;78,6
4305,512,506,6,7,0,0.037827,25825,25825,30;38;46;54;62;70;78,6
4315,512,506,6,7,0,0.038161,25793,25793,30;38;46;54;62;70;78,6
4322,512,506,6,7,0,0.038581,25762,25762,30;38;46;54;62;70;78,6
4330,512,506,6,7,0,0.039100,25730,25730,30;38;46;54;62;70;78,6
4339,512,506,6,7,0,0.039401,25699,25699,30;38;46;54;62;70;78,6
4350,512,506,6,7,0,0.039706,25667,25667,30;38;46;54;62;70;78,6
4358,512,506,6,7,0,0.040023,25635,25635,30;38;46;54;62;70;78,6
4367,512,506,6,7,0,0.040407,25604,25604,30;38;46;54;62;70;78,6
4375,512,506,6,7,0,0.040665,25572,25572,30;38;46;54;62;70;78,6
4385,512,506,6,7,0,0.041202,25540,25540,30;38;46;54;62;70;78,6
4396,512,506,6,7,0,0.041583,25509,25509,30;38;46;54;62;70;78,6
4404,512,506,6,7,0,0.042030,25477,25477,30;38;46;54;62;70;78,6
4413,512,506,6,7,0,0.042439,25446,25446,30;38;46;54;62;70;78,6
4423,512,506,6,7,0,0.042632,25409,25409,30;38;46;54;62;70;78,6
4432,512,506,6,7,0,0.042925,25377,25377,30;38;46;54;62;70;78,6
4442,512,506,6,7,0,0.043466,25346,25346,30;38;46;54;62;70;78,6
4451,512,506,6,7,0,0.043689,25314,25314,30;38;46;54;62;70;78,6
4461,512,506,6,7,0,0.044262,25277,25277,30;38;46;54;62;70;78,6
4469,512,506,6,7,0,0.044604,25246,25246,30;38;46;54;62;70;78,6
4480,512,506,6,7,0,0.044954,25214,25214,30;38;46;54;62;70;78,6
4491,512,506,6,7,0,0.045408,25183,25183,30;38;46;54;62;70;78,6
4501,512,506,6,7,0,0.045686,25151,25151,30;38;46;54;62;70;78,6
4510,512,506,6,7,0,0.045894,25119,25119,30;38;46;54;62;70;78,6
4522,512,506,6,7,0,0.046494,25088,25088,30;38;46;54;62;70;78,6
4532,512,506,6,7,0,0.046675,25056,25056,30;38;46;54;62;70;78,6
4542,512,506,6,7,0,0.047180,25024,25024,30;38;46;54;62;70;78,6
4554,512,506,6,7,0,0.047400,24993,24993,30;38;46;54;62;70;78,6
4565,512,506,6,7,0,0.048090,24956,24956,30;38;46;54;62;70;78,6
4573,512,506,6,7,0,0.048279,24925,24925,30;38;46;54;62;70;78,6
4585,512,506,6,7,0,0.048658,24893,24893,30;38;46;54;62;70;78,6
4595,512,506,6,7,0,0.049065,24861,24861,30;38;46;54;62;70;78,6
4606,512,506,6,7,0,0.049546,24825,24825,30;38;46;54;62;70;78,6
4619,512,506,6,7,0,0.049631,24793,24793,30;38;46;54;62;70;78,6
4633,512,506,6,8,1,0.050413,24757,24757,30;38;46;54;62;70;78;86,6
4650,512,505,7,8,0,0.024171,24720,24720,30;38;46;54;62;70;78;86,6
4658,512,505,7,8,0,0.024521,24689,24689,30;38;46;54;62;70;78;86,6
4666,512,505,7,8,0,0.025102,24657,24657,30;38;46;54;62;70;78;86,6
4673,512,505,7,8,0,0.025548,24626,24626,30;38;46;54;62;70;78;86,6
4684,512,505,7,8,0,0.025988,24594,24594,30;38;46;54;62;70;78;86,6
4693,512,505,7,8,0,0.026530,24562,24562,30;38;46;54;62;70;78;86,6
4703,512,505,7,8,0,0.027014,24531,24531,30;38;46;54;62;70;78;86,6
4711,512,505,7,8,0,0.027345,24499,24499,30;38;46;54;62;70;78;86,6
4719,512,505,7,9,1,0.028058,24464,24464,30;38;46;54;62;70;78;86;94,6
4729,512,504,8,9,0,0.024099,24432,24432,30;38;46;54;62;70;78;86;94,6
4737,512,504,8,9,0,0.024448,24401,24401,30;38;46;54;62;70;78;86;94,6
4745,512,504,8,9,0,0.025029,24369,24369,30;38;46;54;62;70;78;86;94,6
4754,512,504,8,9,0,0.025475,24338,24338,30;38;46;54;62;70;78;86;94,6
4761,512,504,8,9,0,0.025916,24306,24306,30;38;46;54;62;70;78;86;94,6
4771,512,504,8,9,0,0.026458,24275,24275,30;38;46;54;62;70;78;86;94,6
4781,512,504,8,9,0,0.026873,24243,24243,30;38;46;54;62;70;78;86;94,6
4790,512,504,8,9,0,0.027273,24212,24212,30;38;46;54;62;70;78;86;94,6
4799,512,504,8,9,0,0.027732,24180,24180,30;38;46;54;62;70;78;86;94,6
4807,512,504,8,9,0,0.028160,24149,24149,30;38;46;54;62;70;78;86;94,6
4816,512,504,8,9,0,0.028610,24117,24117,30;38;46;54;62;70;78;86;94,6
4826,512,504,8,9,0,0.028977,24086,24086,30;38;46;54;62;70;78;86;94,6
4834,512,504,8,9,0,0.029482,24054,24054,30;38;46;54;62;70;78;86;94,6
4842,512,504,8,9,0,0.029802,24023,24023,30;38;46;54;62;70;78;86;94,6
4847,512,504,8,9,0,0.030184,23991,23991,30;38;46;54;62;70;78;86;94,6
4853,512,504,8,9,0,0.030591,23960,23960,30;38;46;54;62;70;78;86;94,6
4862,512,504,8,9,0,0.030957,23928,23928,30;38;46;54;62;70;78;86;94,6
4870,512,504,8,9,0,0.031356,23897,23897,30;38;46;54;62;70;78;86;94,6
4878,512,504,8,9,0,0.031736,23865,23865,30;38;46;54;62;70;78;86;94,6
4885,512,504,8,9,0,0.032016,23834,23834,30;38;46;54;62;70;78;86;94,6
4890,512,504,8,9,0,0.032437,23802,23802,30;38;46;54;62;70;78;86;94,6
4898,512,504,8,9,0,0.032762,23771,23771,30;38;46;54;62;70;78;86;94,6
4905,512,504,8,9,0,0.033238,23739,23739,30;38;46;54;62;70;78;86;94,6
4912,512,504,8,9,0,0.033730,23708,23708,30;38;46;54;62;70;78;86;94,6
4921,512,504,8,9,0,0.034069,23671,23671,30;38;46;54;62;70;78;86;94,6
4929,512,504,8,9,0,0.034312,23640,23640,30;38;46;54;62;70;78;86;94,6
4936,512,504,8,9,0,0.034835,23608,23608,30;38;46;54;62;70;78;86;94,6
4945,512,504,8,9,0,0.035162,23577,23577,30;38;46;54;62;70;78;86;94,6
4952,512,504,8,9,0,0.035521,23545,23545,30;38;46;54;62;70;78;86;94,6
4960,512,504,8,9,0,0.035898,23514,23514,30;38;46;54;62;70;78;86;94,6
4968,512,504,8,9,0,0.036401,23482,23482,30;38;46;54;62;70;78;86;94,6
4978,512,504,8,9,0,0.036831,23451,23451,30;38;46;54;62;70;78;86;94,6
4985,512,504,8,9,0,0.037057,23419,23419,30;38;46;54;62;70;78;86;94,6
4995,512,504,8,9,0,0.037443,23388,23388,30;38;46;54;62;70;78;86;94,6
5002,512,504,8,10,1,0.038114,23353,23353,30;38;46;54;62;70;78;86;94;102,6
5012,512,503,9,10,0,0.024787,23321,23321,30;38;46;54;62;70;78;86;94;102,6
5022,512,503,9,10,0,0.025230,23290,23290,30;38;46;54;62;70;78;86;94;102,6
5028,512,503,9,11,1,0.026075,23254,23254,30;38;46;54;62;70;78;86;94;102;110,6
5039,512,502,10,11,0,0.024501,23222,23222,30;38;46;54;62;70;78;86;94;102;110,6
5048,512,502,10,11,0,0.024851,23191,23191,30;38;46;54;62;70;78;86;94;102;110,6
5055,512,502,10,11,0,0.025332,23160,23160,30;38;46;54;62;70;78;86;94;102;110,6
5064,512,502,10,11,0,0.025789,23128,23128,30;38;46;54;62;70;78;86;94;102;110,6
5071,512,502,10,11,0,0.026231,23097,23097,30;38;46;54;62;70;78;86;94;102;110,6
5080,512,502,10,11,0,0.026741,23065,23065,30;38;46;54;62;70;78;86;94;102;110,6
5086,512,502,10,11,0,0.027276,23034,23034,30;38;46;54;62;70;78;86;94;102;110,6
5091,512,502,10,11,0,0.027675,23003,23003,30;38;46;54;62;70;78;86;94;102;110,6
5098,512,502,10,11,0,0.028093,22971,22971,30;38;46;54;62;70;78;86;94;102;110,6
5105,512,502,10,11,0,0.028522,22940,22940,30;38;46;54;62;70;78;86;94;102;110,6
5113,512,502,10,11,0,0.029012,22909,22909,30;38;46;54;62;70;78;86;94;102;110,6
5121,512,502,10,11,0,0.029352,22877,22877,30;38;46;54;62;70;78;86;94;102;110,6
5126,512,502,10,11,0,0.029849,22841,22841,30;38;46;54;62;70;78;86;94;102;110,6
5134,512,502,10,11,0,0.030201,22809,22809,30;38;46;54;62;70;78;86;94;102;110,6
5141,512,502,10,11,0,0.030586,22778,22778,30;38;46;54;62;70;78;86;94;102;110,6
5149,512,502,10,11,0,0.031069,22747,22747,30;38;46;54;62;70;78;86;94;102;110,6
5157,512,502,10,11,0,0.031327,22710,22710,30;38;46;54;62;70;78;86;94;102;110,6
5165,512,502,10,11,0,0.031759,22679,22679,30;38;46;54;62;70;78;86;94;102;110,6
5172,512,502,10,11,0,0.032190,22648,22648,30;38;46;54;62;70;78;86;94;102;110,6
5180,512,502,10,11,0,0.032363,22616,22616,30;38;46;54;62;70;78;86;94;102;110,6
5187,512,502,10,11,0,0.032840,22585,22585,30;38;46;54;62;70;78;86;94;102;110,6
5198,512,502,10,11,0,0.033179,22553,22553,30;38;46;54;62;70;78;86;94;102;110,6
5208,512,502,10,11,0,0.033705,22522,22522,30;38;46;54;62;70;78;86;94;102;110,6
5220,512,502,10,11,0,0.034104,22491,22491,30;38;46;54;62;70;78;86;94;102;110,6
5232,512,502,10,11,0,0.034455,22459,22459,30;38;46;54;62;70;78;86;94;102;110,6
5243,512,502,10,11,0,0.034775,22428,22428,30;38;46;54;62;70;78;86;94;102;110,6
5254,512,502,10,11,0,0.035211,22387,22387,30;38;46;54;62;70;78;86;94;102;110,6
5264,512,502,10,11,0,0.035530,22355,22355,30;38;46;54;62;70;78;86;94;102;110,6
5273,512,502,10,11,0,0.035955,22319,22319,30;38;46;54;62;70;78;86;94;102;110,6
5283,512,502,10,11,0,0.036255,22287,22287,30;38;46;54;62;70;78;86;94;102;110,6
5291,512,503,9,10,0,0.036794,22364,22364,30;38;46;54;62;70;78;86;94;110,6
5299,512,504,8,9,0,0.036809,23426,23426,30;38;46;54;62;70;78;86;110,6
5308,512,504,8,10,1,0.037078,23391,23391,30;38;46;54;62;70;78;86;110;118,6
5319,512,503,9,10,0,0.024540,23355,23355,30;38;46;54;62;70;78;86;110;118,6
5323,512,503,9,10,0,0.025177,23323,23323,30;38;46;54;62;70;78;86;110;118,6
5330,512,503,9,10,0,0.025505,23292,23292,30;38;46;54;62;70;78;86;110;118,6
5337,512,503,9,10,0,0.025913,23260,23260,30;38;46;54;62;70;78;86;110;118,6
5342,512,503,9,10,0,0.026584,23229,23229,30;38;46;54;62;70;78;86;110;118,6
5348,512,503,9,10,0,0.026914,23197,23197,30;38;46;54;62;70;78;86;110;118,6
5355,512,503,9,10,0,0.027378,23166,23166,30;38;46;54;62;70;78;86;110;118,6
5362,512,503,9,10,0,0.027793,23134,23134,30;38;46;54;62;70;78;86;110;118,6
5371,512,503,9,10,0,0.028301,23103,23103,30;38;46;54;62;70;78;86;110;118,6
5376,512,503,9,10,0,0.028722,23072,23072,30;38;46;54;62;70;78;86;110;118,6
5385,512,503,9,10,0,0.029123,23040,23040,30;38;46;54;62;70;78;86;110;118,6
5393,512,503,9,10,0,0.029563,23009,23009,30;38;46;54;62;70;78;86;110;118,6
5401,512,503,9,10,0,0.030030,22977,22977,30;38;46;54;62;70;78;86;110;118,6
5407,512,503,9,10,0,0.030330,22946,22946,30;38;46;54;62;70;78;86;110;118,6
5415,512,503,9,10,0,0.030661,22914,22914,30;38;46;54;62;70;78;86;110;118,6
5421,512,503,9,10,0,0.031068,22883,22883,30;38;46;54;62;70;78;86;110;118,6
5429,512,503,9,10,0,0.031392,22852,22852,30;38;46;54;62;70;78;86;110;118,6
5437,512,503,9,10,0,0.031810,22820,22820,30;38;46;54;62;70;78;86;110;118,6
5444,512,503,9,10,0,0.032214,22789,22789,30;38;46;54;62;70;78;86;110;118,6
5455,512,503,9,10,0,0.032452,22757,22757,30;38;46;54;62;70;78;86;110;118,6
5464,512,503,9,10,0,0.032886,22726,22726,30;38;46;54;62;70;78;86;110;118,6
5475,512,503,9,10,0,0.033197,22694,22694,30;38;46;54;62;70;78;86;110;118,6
5484,512,503,9,10,0,0.033729,22663,22663,30;38;46;54;62;70;78;86;110;118,6
5495,512,503,9,10,0,0.034165,22631,22631,30;38;46;54;62;70;78;86;110;118,6
5506,512,503,9,10,0,0.034465,22600,22600,30;38;46;54;62;70;78;86;110;118,6
5516,512,503,9,10,0,0.034817,22569,22569,30;38;46;54;62;70;78;86;110;118,6
5527,512,503,9,10,0,0.035270,22537,22537,30;38;46;54;62;70;78;86;110;118,6
5538,512,503,9,10,0,0.035552,22506,22506,30;38;46;54;62;70;78;86;110;118,6
5550,512,503,9,10,0,0.035956,22474,22474,30;38;46;54;62;70;78;86;110;118,6
5562,512,503,9,10,0,0.036333,22443,22443,30;38;46;54;62;70;78;86;110;118,6
5573,512,503,9,10,0,0.036869,22411,22411,30;38;46;54;62;70;78;86;110;118,6
5587,512,503,9,10,0,0.037213,22380,22380,30;38;46;54;62;70;78;86;110;118,6
5604,512,503,9,10,0,0.037508,22349,22349,30;38;46;54;62;70;78;86;110;118,6
5616,512,503,9,10,0,0.037901,22312,22312,30;38;46;54;62;70;78;86;110;118,6
5633,512,503,9,10,0,0.038266,22281,22281,30;38;46;54;62;70;78;86;110;118,6
5647,512,503,9,10,0,0.038549,22249,22249,30;38;46;54;62;70;78;86;110;118,6
5662,512,503,9,10,0,0.039041,22218,22218,30;38;46;54;62;70;78;86;110;118,6
5676,512,503,9,10,0,0.039394,22186,22186,30;38;46;54;62;70;78;86;110;118,6
5690,512,503,9,10,0,0.039872,22155,22155,30;38;46;54;62;70;78;86;110;118,6
5707,512,503,9,10,0,0.040319,22123,22123,30;38;46;54;62;70;78;86;110;118,6
5722,512,503,9,10,0,0.040564,22092,22092,30;38;46;54;62;70;78;86;110;118,6
5735,512,503,9,10,0,0.040808,22061,22061,30;38;46;54;62;70;78;86;110;118,6
5752,512,503,9,10,0,0.041287,22029,22029,30;38;46;54;62;70;78;86;110;118,6
5767,512,503,9,10,0,0.041577,21998,21998,30;38;46;54;62;70;78;86;110;118,6
5784,512,503,9,10,0,0.042086,21966,21966,30;38;46;54;62;70;78;86;110;118,6
5799,512,503,9,11,1,0.042603,21930,21930,30;38;46;54;62;70;78;86;110;118;126,6
5815,512,502,10,11,0,0.024614,21899,21899,30;38;46;54;62;70;78;86;110;118;126,6
5823,279,269,10,11,1,0.016189,21882,21882,30;38;46;54;62;70;78;86;110;118;126,6
5831,11,0,11,11,0,0.009199,21882,21882,30;38;46;54;62;70;78;86;110;118;126,6
5836,11,0,11,11,0,0.009199,21882,21882,30;38;46;54;62;70;78;86;110;118;126,6
5840,11,0,11,11,0,0.009199,21882,21882,30;38;46;54;62;70;78;86;110;118;126,6
5844,11,0,11,11,0,0.009199,21882,21882,30;38;46;54;62;70;78;86;110;118;126,6
5847,11,0,11,11,0,0.009199,21882,21882,30;38;46;54;62;70;78;86;110;118;126,6
5852,11,0,11,11,0,0.009200,21882,21882,30;38;46;54;62;70;78;86;110;118;126,6
5858,11,0,11,11,0,0.009200,21882,21882,30;38;46;54;62;70;78;86;110;118;126,6
5863,11,0,11,11,0,0.009200,21882,21882,30;38;46;54;62;70;78;86;110;118;126,6
5867,11,0,11,11,0,0.009200,21882,21882,30;38;46;54;62;70;78;86;110;118;126,6
5872,11,0,11,11,0,0.009200,21882,21882,30;38;46;54;62;70;78;86;110;118;126,6
5880,11,0,11,11,0,0.009200,21882,21882,30;38;46;54;62;70;78;86;110;118;126,6
5884,11,0,11,11,0,0.009200,21877,21877,30;38;46;54;62;70;78;86;110;118;126,6
5889,11,0,11,11,0,0.009200,21877,21877,30;38;46;54;62;70;78;86;110;118;126,6
5894,11,0,11,11,0,0.009200,21877,21877,30;38;46;54;62;70;78;86;110;118;126,6
5899,11,0,11,11,0,0.009200,21877,21877,30;38;46;54;62;70;78;86;110;118;126,6
5905,11,0,11,11,0,0.009200,21867,21867,30;38;46;54;62;70;78;86;110;118;126,6
5909,11,0,11,11,0,0.009200,21867,21867,30;38;46;54;62;70;78;86;110;118;126,6
5914,11,0,11,11,0,0.009200,21867,21867,30;38;46;54;62;70;78;86;110;118;126,6
5919,11,0,11,11,0,0.009200,21867,21867,30;38;46;54;62;70;78;86;110;118;126,6
5926,11,0,11,11,0,0.009200,21867,21867,30;38;46;54;62;70;78;86;110;118;126,6
5930,11,0,11,11,0,0.009200,21867,21867,30;38;46;54;62;70;78;86;110;118;126,6
5935,11,0,11,11,0,0.009200,21867,21867,30;38;46;54;62;70;78;86;110;118;126,6
5939,11,0,11,11,0,0.009200,21867,21867,30;38;46;54;62;70;78;86;110;118;126,6
5944,11,0,11,11,0,0.009200,21867,21867,30;38;46;54;62;70;78;86;110;118;126,6
5951,11,0,11,11,0,0.009200,21867,21867,30;38;46;54;62;70;78;86;110;118;126,6
5955,11,0,11,11,0,0.009200,21857,21857,30;38;46;54;62;70;78;86;110;118;126,6
5959,11,0,11,11,0,0.009200,21857,21857,30;38;46;54;62;70;78;86;110;118;126,6
5966,11,0,11,11,0,0.009200,21852,21852,30;38;46;54;62;70;78;86;110;118;126,6
5972,11,0,11,11,0,0.009200,21852,21852,30;38;46;54;62;70;78;86;110;118;126,6
5977,11,0,11,11,0,0.009200,21847,21847,30;38;46;54;62;70;78;86;110;118;126,6
5982,11,0,11,11,0,0.009200,21847,21847,30;38;46;54;62;70;78;86;110;118;126,6
5986,11,0,11,11,0,0.009200,21847,21847,30;38;46;54;62;70;78;86;110;118;126,6
5992,11,0,11,11,0,0.009200,21842,21842,30;38;46;54;62;70;78;86;110;118;126,6
5997,11,0,11,11,0,0.009200,21842,21842,30;38;46;54;62;70;78;86;110;118;126,6
6002,11,0,11,11,0,0.009200,21842,21842,30;38;46;54;62;70;78;86;110;118;126,6
6008,11,0,11,11,0,0.009200,21842,21842,30;38;46;54;62;70;78;86;110;118;126,6
6013,11,0,11,11,0,0.009200,21842,21842,30;38;46;54;62;70;78;86;110;118;126,6
6017,11,0,11,11,0,0.009200,21842,21842,30;38;46;54;62;70;78;86;110;118;126,6
6024,11,0,11,11,0,0.009200,21842,21842,30;38;46;54;62;70;78;86;110;118;126,6
6028,11,0,11,11,0,0.009200,21842,21842,30;38;46;54;62;70;78;86;110;118;126,6
6034,11,0,11,11,0,0.009200,21842,21842,30;38;46;54;62;70;78;86;110;118;126,6
6040,11,0,11,11,0,0.009200,21842,21842,30;38;46;54;62;70;78;86;110;118;126,6
6044,11,0,11,11,0,0.009200,21842,21842,30;38;46;54;62;70;78;86;110;118;126,6
6049,11,0,11,11,0,0.009200,21842,21842,30;38;46;54;62;70;78;86;110;118;126,6
6056,11,0,11,11,0,0.009200,21842,21842,30;38;46;54;62;70;78;86;110;118;126,6
6060,11,0,11,11,0,0.009200,21842,21842,30;38;46;54;62;70;78;86;110;118;126,6
6064,11,0,11,11,0,0.009200,21842,21842,30;38;46;54;62;70;78;86;110;118;126,6
6070,11,0,11,11,0,0.009200,21842,21842,30;38;46;54;62;70;78;86;110;118;126,6
6075,11,0,11,11,0,0.009200,21842,21842,30;38;46;54;62;70;78;86;110;118;126,6
6080,11,0,11,11,0,0.009200,21842,21842,30;38;46;54;62;70;78;86;110;118;126,6
6085,11,0,11,11,0,0.009200,21842,21842,30;38;46;54;62;70;78;86;110;118;126,6
6090,11,0,11,11,0,0.009200,21842,21842,30;38;46;54;62;70;78;86;110;118;126,6
6095,11,0,11,11,0,0.009200,21842,21842,30;38;46;54;62;70;78;86;110;118;126,6
6102,11,0,11,11,0,0.009200,21842,21842,30;38;46;54;62;70;78;86;110;118;126,6
6106,11,0,11,11,0,0.009200,21842,21842,30;38;46;54;62;70;78;86;110;118;126,6
6111,11,0,11,11,0,0.009200,21842,21842,30;38;46;54;62;70;78;86;110;118;126,6
6115,11,0,11,11,0,0.009200,21842,21842,30;38;46;54;62;70;78;86;110;118;126,6
6121,11,0,11,11,0,0.009200,21842,21842,30;38;46;54;62;70;78;86;110;118;126,6
6127,11,0,11,11,0,0.009200,21842,21842,30;38;46;54;62;70;78;86;110;118;126,6
6131,11,0,11,11,0,0.009200,21842,21842,30;38;46;54;62;70;78;86;110;118;126,6
6136,11,0,11,11,0,0.009200,21842,21842,30;38;46;54;62;70;78;86;110;118;126,6
6142,11,0,11,11,0,0.009200,21842,21842,30;38;46;54;62;70;78;86;110;118;126,6
6147,11,0,11,11,0,0.009200,21842,21842,30;38;46;54;62;70;78;86;110;118;126,6
6153,11,0,11,11,0,0.009200,21842,21842,30;38;46;54;62;70;78;86;110;118;126,6
6158,11,0,11,11,0,0.009200,21842,21842,30;38;46;54;62;70;78;86;110;118;126,6
6162,11,0,11,11,0,0.009200,21837,21837,30;38;46;54;62;70;78;86;110;118;126,6
6166,11,0,11,11,0,0.009200,21837,21837,30;38;46;54;62;70;78;86;110;118;126,6
6172,11,0,11,11,0,0.009200,21837,21837,30;38;46;54;62;70;78;86;110;118;126,6
6178,11,0,11,11,0,0.009200,21832,21832,30;38;46;54;62;70;78;86;110;118;126,6
6183,11,0,11,11,0,0.009200,21832,21832,30;38;46;54;62;70;78;86;110;118;126,6
6189,11,0,11,11,0,0.009200,21832,21832,30;38;46;54;62;70;78;86;110;118;126,6
6194,11,0,11,11,0,0.009200,21832,21832,30;38;46;54;62;70;78;86;110;118;126,6
6198,11,0,11,11,0,0.009200,21832,21832,30;38;46;54;62;70;78;86;110;118;126,6
6205,11,0,11,11,0,0.009200,21832,21832,30;38;46;54;62;70;78;86;110;118;126,6
6210,11,0,11,11,0,0.009200,21827,21827,30;38;46;54;62;70;78;86;110;118;126,6
6214,10,0,10,10,0,0.009437,21959,21959,38;46;54;62;70;78;86;110;118;126,6
6219,10,0,10,10,0,0.009437,21959,21959,38;46;54;62;70;78;86;110;118;126,6
6225,10,0,10,10,0,0.009437,21959,21959,38;46;54;62;70;78;86;110;118;126,6
6229,10,0,10,10,0,0.009437,21959,21959,38;46;54;62;70;78;86;110;118;126,6
6235,10,0,10,10,0,0.009437,21959,21959,38;46;54;62;70;78;86;110;118;126,6
6241,10,0,10,10,0,0.009437,21959,21959,38;46;54;62;70;78;86;110;118;126,6
6245,10,0,10,10,0,0.009437,21959,21959,38;46;54;62;70;78;86;110;118;126,6
6250,10,0,10,10,0,0.009437,21959,21959,38;46;54;62;70;78;86;110;118;126,6
6254,10,0,10,10,0,0.009437,21959,21959,38;46;54;62;70;78;86;110;118;126,6
6261,10,0,10,10,0,0.009437,21959,21959,38;46;54;62;70;78;86;110;118;126,6
6266,10,0,10,10,0,0.009437,21959,21959,38;46;54;62;70;78;86;110;118;126,6
6271,10,0,10,10,0,0.009437,21959,21959,38;46;54;62;70;78;86;110;118;126,6
6276,10,0,10,10,0,0.009437,21959,21959,38;46;54;62;70;78;86;110;118;126,6
6280,10,0,10,10,0,0.009437,21959,21959,38;46;54;62;70;78;86;110;118;126,6
6286,10,0,10,10,0,0.009437,21959,21959,38;46;54;62;70;78;86;110;118;126,6
6292,10,0,10,10,0,0.009437,21959,21959,38;46;54;62;70;78;86;110;118;126,6
6297,10,0,10,10,0,0.009437,21954,21954,38;46;54;62;70;78;86;110;118;126,6
6303,10,0,10,10,0,0.009437,21954,21954,38;46;54;62;70;78;86;110;118;126,6
6307,10,0,10,10,0,0.009437,21954,21954,38;46;54;62;70;78;86;110;118;126,6
6313,10,0,10,10,0,0.009437,21954,21954,38;46;54;62;70;78;86;110;118;126,6
6318,10,0,10,10,0,0.009437,21949,21949,38;46;54;62;70;78;86;110;118;126,6
6322,10,0,10,10,0,0.009437,21949,21949,38;46;54;62;70;78;86;110;118;126,6
6328,10,0,10,10,0,0.009437,21949,21949,38;46;54;62;70;78;86;110;118;126,6
6333,10,0,10,10,0,0.009437,21949,21949,38;46;54;62;70;78;86;110;118;126,6
6339,10,0,10,10,0,0.009437,21949,21949,38;46;54;62;70;78;86;110;118;126,6
6343,10,0,10,10,0,0.009437,21949,21949,38;46;54;62;70;78;86;110;118;126,6
6347,10,0,10,10,0,0.009437,21949,21949,38;46;54;62;70;78;86;110;118;126,6
6353,10,0,10,10,0,0.009437,21949,21949,38;46;54;62;70;78;86;110;118;126,6
6358,9,0,9,9,0,0.009552,22211,22211,46;54;62;70;78;86;110;118;126,6
6364,9,0,9,9,0,0.009552,22211,22211,46;54;62;70;78;86;110;118;126,6
6370,9,0,9,9,0,0.009552,22201,22201,46;54;62;70;78;86;110;118;126,6
6374,9,0,9,9,0,0.009552,22201,22201,46;54;62;70;78;86;110;118;126,6
6379,9,0,9,9,0,0.009552,22196,22196,46;54;62;70;78;86;110;118;126,6
6383,9,0,9,9,0,0.009552,22196,22196,46;54;62;70;78;86;110;118;126,6
6391,9,0,9,9,0,0.009552,22191,22191,46;54;62;70;78;86;110;118;126,6
6396,9,0,9,9,0,0.009552,22191,22191,46;54;62;70;78;86;110;118;126,6
6400,9,0,9,9,0,0.009552,22191,22191,46;54;62;70;78;86;110;118;126,6
6405,9,0,9,9,0,0.009552,22191,22191,46;54;62;70;78;86;110;118;126,6
6410,9,0,9,9,0,0.009552,22191,22191,46;54;62;70;78;86;110;118;126,6
6414,9,0,9,9,0,0.009552,22191,22191,46;54;62;70;78;86;110;118;126,6
6420,9,0,9,9,0,0.009552,22191,22191,46;54;62;70;78;86;110;118;126,6
6426,9,0,9,9,0,0.009552,22191,22191,46;54;62;70;78;86;110;118;126,6
6431,9,0,9,9,0,0.009552,22191,22191,46;54;62;70;78;86;110;118;126,6
6435,9,0,9,9,0,0.009552,22191,22191,46;54;62;70;78;86;110;118;126,6
6440,9,0,9,9,0,0.009552,22191,22191,46;54;62;70;78;86;110;118;126,6
6446,9,0,9,9,0,0.009552,22191,22191,46;54;62;70;78;86;110;118;126,6
6452,9,0,9,9,0,0.009552,22191,22191,46;54;62;70;78;86;110;118;126,6
6457,9,0,9,9,0,0.009552,22191,22191,46;54;62;70;78;86;110;118;126,6
6462,9,0,9,9,0,0.009552,22191,22191,46;54;62;70;78;86;110;118;126,6
6467,9,0,9,9,0,0.009552,22191,22191,46;54;62;70;78;86;110;118;126,6
6472,9,0,9,9,0,0.009552,22191,22191,46;54;62;70;78;86;110;118;126,6
6477,9,0,9,9,0,0.009552,22191,22191,46;54;62;70;78;86;110;118;126,6
6482,9,0,9,9,0,0.009552,22191,22191,46;54;62;70;78;86;110;118;126,6
6488,9,0,9,9,0,0.009552,22191,22191,46;54;62;70;78;86;110;118;126,6
6492,9,0,9,9,0,0.009552,22191,22191,46;54;62;70;78;86;110;118;126,6
6497,9,0,9,9,0,0.009552,22191,22191,46;54;62;70;78;86;110;118;126,6
6502,9,0,9,9,0,0.009552,22191,22191,46;54;62;70;78;86;110;118;126,6
6507,9,0,9,9,0,0.009552,22191,22191,46;54;62;70;78;86;110;118;126,6
6512,8,0,8,8,0,0.008941,23234,23234,46;54;62;70;78;86;118;126,6
6517,8,0,8,8,0,0.008941,23234,23234,46;54;62;70;78;86;118;126,6
6522,8,0,8,8,0,0.008941,23234,23234,46;54;62;70;78;86;118;126,6
6528,8,0,8,8,0,0.008941,23234,23234,46;54;62;70;78;86;118;126,6
6532,8,0,8,8,0,0.008941,23234,23234,46;54;62;70;78;86;118;126,6
6537,8,0,8,8,0,0.008941,23234,23234,46;54;62;70;78;86;118;126,6
6541,8,0,8,8,0,0.008941,23234,23234,46;54;62;70;78;86;118;126,6
6546,8,0,8,8,0,0.008941,23234,23234,46;54;62;70;78;86;118;126,6
6551,8,0,8,8,0,0.008941,23234,23234,46;54;62;70;78;86;118;126,6
6557,8,0,8,8,0,0.008941,23234,23234,46;54;62;70;78;86;118;126,6
6561,8,0,8,8,0,0.008941,23234,23234,46;54;62;70;78;86;118;126,6
6565,8,0,8,8,0,0.008941,23234,23234,46;54;62;70;78;86;118;126,6
6570,8,0,8,8,0,0.008941,23229,23229,46;54;62;70;78;86;118;126,6
6577,8,0,8,8,0,0.008941,23229,23229,46;54;62;70;78;86;118;126,6
6581,8,0,8,8,0,0.008941,23229,23229,46;54;62;70;78;86;118;126,6
6586,8,0,8,8,0,0.008941,23224,23224,46;54;62;70;78;86;118;126,6
6592,8,0,8,8,0,0.008941,23224,23224,46;54;62;70;78;86;118;126,6
6597,8,0,8,8,0,0.008941,23224,23224,46;54;62;70;78;86;118;126,6
6601,8,0,8,8,0,0.008941,23224,23224,46;54;62;70;78;86;118;126,6
6606,8,0,8,8,0,0.008941,23224,23224,46;54;62;70;78;86;118;126,6
6611,8,0,8,8,0,0.008941,23224,23224,46;54;62;70;78;86;118;126,6
6618,8,0,8,8,0,0.008941,23219,23219,46;54;62;70;78;86;118;126,6
6623,8,0,8,8,0,0.008941,23219,23219,46;54;62;70;78;86;118;126,6
6628,8,0,8,8,0,0.008941,23219,23219,46;54;62;70;78;86;118;126,6
6633,8,0,8,8,0,0.008941,23219,23219,46;54;62;70;78;86;118;126,6
6640,8,0,8,8,0,0.008941,23219,23219,46;54;62;70;78;86;118;126,6
6645,7,0,7,7,0,0.008987,23661,23661,54;62;70;78;86;118;126,6
6652,7,0,7,7,0,0.008987,23661,23661,54;62;70;78;86;118;126,6
6657,7,0,7,7,0,0.008987,23661,23661,54;62;70;78;86;118;126,6
6661,7,0,7,7,0,0.008987,23661,23661,54;62;70;78;86;118;126,6
6667,7,0,7,7,0,0.008987,23661,23661,54;62;70;78;86;118;126,6
6672,7,0,7,7,0,0.008987,23661,23661,54;62;70;78;86;118;126,6
6677,7,0,7,7,0,0.008987,23661,23661,54;62;70;78;86;118;126,6
6684,7,0,7,7,0,0.008987,23661,23661,54;62;70;78;86;118;126,6
6690,7,0,7,7,0,0.008987,23661,23661,54;62;70;78;86;118;126,6
6695,7,0,7,7,0,0.008987,23661,23661,54;62;70;78;86;118;126,6
6701,7,0,7,7,0,0.008987,23661,23661,54;62;70;78;86;118;126,6
6706,7,0,7,7,0,0.008987,23661,23661,54;62;70;78;86;118;126,6
6711,7,0,7,7,0,0.008987,23656,23656,54;62;70;78;86;118;126,6
6716,7,0,7,7,0,0.008987,23656,23656,54;62;70;78;86;118;126,6
6722,7,0,7,7,0,0.008987,23656,23656,54;62;70;78;86;118;126,6
6727,7,0,7,7,0,0.008987,23656,23656,54;62;70;78;86;118;126,6
6733,6,0,6,6,0,0.008673,24668,24668,62;70;78;86;118;126,6
6738,6,0,6,6,0,0.008673,24668,24668,62;70;78;86;118;126,6
6743,6,0,6,6,0,0.008673,24668,24668,62;70;78;86;118;126,6
6749,6,0,6,6,0,0.008673,24668,24668,62;70;78;86;118;126,6
6754,6,0,6,6,0,0.008673,24668,24668,62;70;78;86;118;126,6
6759,6,0,6,6,0,0.008673,24668,24668,62;70;78;86;118;126,6
6765,6,0,6,6,0,0.008673,24668,24668,62;70;78;86;118;126,6
6771,6,0,6,6,0,0.008673,24668,24668,62;70;78;86;118;126,6
6776,6,0,6,6,0,0.008673,24668,24668,62;70;78;86;118;126,6
6782,6,0,6,6,0,0.008673,24668,24668,62;70;78;86;118;126,6
6787,6,0,6,6,0,0.008673,24658,24658,62;70;78;86;118;126,6
6792,6,0,6,6,0,0.008673,24658,24658,62;70;78;86;118;126,6
6797,6,0,6,6,0,0.008673,24653,24653,62;70;78;86;118;126,6
6802,5,0,5,5,0,0.008656,25204,25204,62;78;86;118;126,6
6807,5,0,5,5,0,0.008656,25204,25204,62;78;86;118;126,6
6813,5,0,5,5,0,0.008656,25204,25204,62;78;86;118;126,6
6819,5,0,5,5,0,0.008656,25204,25204,62;78;86;118;126,6
6824,5,0,5,5,0,0.008656,25204,25204,62;78;86;118;126,6
6828,5,0,5,5,0,0.008656,25204,25204,62;78;86;118;126,6
6834,5,0,5,5,0,0.008656,25204,25204,62;78;86;118;126,6
6839,5,0,5,5,0,0.008656,25204,25204,62;78;86;118;126,6
6845,5,0,5,5,0,0.008656,25204,25204,62;78;86;118;126,6
6851,5,0,5,5,0,0.008656,25204,25204,62;78;86;118;126,6
6856,5,0,5,5,0,0.008656,25204,25204,62;78;86;118;126,6
6860,5,0,5,5,0,0.008656,25204,25204,62;78;86;118;126,6
6866,5,0,5,5,0,0.008656,25204,25204,62;78;86;118;126,6
6873,5,0,5,5,0,0.008656,25204,25204,62;78;86;118;126,6
6878,5,0,5,5,0,0.008656,25204,25204,62;78;86;118;126,6
6884,5,0,5,5,0,0.008656,25204,25204,62;78;86;118;126,6
6889,5,0,5,5,0,0.008656,25204,25204,62;78;86;118;126,6
6893,5,0,5,5,0,0.008656,25204,25204,62;78;86;118;126,6
6899,5,0,5,5,0,0.008656,25204,25204,62;78;86;118;126,6
6904,5,0,5,5,0,0.008656,25204,25204,62;78;86;118;126,6
6910,5,0,5,5,0,0.008656,25204,25204,62;78;86;118;126,6
6915,5,0,5,5,0,0.008656,25204,25204,62;78;86;118;126,6
6920,5,0,5,5,0,0.008656,25204,25204,62;78;86;118;126,6
6925,5,0,5,5,0,0.008656,25204,25204,62;78;86;118;126,6
6930,5,0,5,5,0,0.008655,25204,25204,62;78;86;118;126,6
6935,5,0,5,5,0,0.008655,25204,25204,62;78;86;118;126,6
6940,5,0,5,5,0,0.008655,25204,25204,62;78;86;118;126,6
6947,5,0,5,5,0,0.008655,25204,25204,62;78;86;118;126,6
6954,5,0,5,5,0,0.008655,25204,25204,62;78;86;118;126,6
6958,5,0,5,5,0,0.008655,25204,25204,62;78;86;118;126,6
6963,5,0,5,5,0,0.008655,25204,25204,62;78;86;118;126,6
6968,5,0,5,5,0,0.008655,25204,25204,62;78;86;118;126,6
6973,5,0,5,5,0,0.008655,25204,25204,62;78;86;118;126,6
6979,5,0,5,5,0,0.008655,25204,25204,62;78;86;118;126,6
6985,5,0,5,5,0,0.008655,25204,25204,62;78;86;118;126,6
6990,5,0,5,5,0,0.008655,25204,25204,62;78;86;118;126,6
6996,5,0,5,5,0,0.008655,25204,25204,62;78;86;118;126,6
7001,5,0,5,5,0,0.008655,25204,25204,62;78;86;118;126,6
7007,5,0,5,5,0,0.008655,25204,25204,62;78;86;118;126,6
7012,5,0,5,5,0,0.008655,25204,25204,62;78;86;118;126,6
7017,5,0,5,5,0,0.008655,25199,25199,62;78;86;118;126,6
7022,5,0,5,5,0,0.008655,25199,25199,62;78;86;118;126,6
7028,5,0,5,5,0,0.008655,25199,25199,62;78;86;118;126,6
7033,5,0,5,5,0,0.008655,25199,25199,62;78;86;118;126,6
7039,5,0,5,5,0,0.008655,25199,25199,62;78;86;118;126,6
7045,5,0,5,5,0,0.008655,25199,25199,62;78;86;118;126,6
7050,5,0,5,5,0,0.008655,25194,25194,62;78;86;118;126,6
7054,5,0,5,5,0,0.008655,25194,25194,62;78;86;118;126,6
7060,5,0,5,5,0,0.008655,25194,25194,62;78;86;118;126,6
7067,5,0,5,5,0,0.008655,25194,25194,62;78;86;118;126,6
7072,5,0,5,5,0,0.008655,25194,25194,62;78;86;118;126,6
7077,5,0,5,5,0,0.008655,25194,25194,62;78;86;118;126,6
7081,5,0,5,5,0,0.008655,25194,25194,62;78;86;118;126,6
7085,5,0,5,5,0,0.008655,25194,25194,62;78;86;118;126,6
7093,4,0,4,4,0,0.008646,25502,25502,62;78;118;126,6
7098,4,0,4,4,0,0.008646,25502,25502,62;78;118;126,6
7103,4,0,4,4,0,0.008646,25502,25502,62;78;118;126,6
7109,4,0,4,4,0,0.008646,25502,25502,62;78;118;126,6
7113,4,0,4,4,0,0.008646,25502,25502,62;78;118;126,6
7117,4,0,4,4,0,0.008646,25502,25502,62;78;118;126,6
7123,4,0,4,4,0,0.008646,25502,25502,62;78;118;126,6
7129,4,0,4,4,0,0.008646,25502,25502,62;78;118;126,6
7134,4,0,4,4,0,0.008646,25502,25502,62;78;118;126,6
7139,4,0,4,4,0,0.008646,25497,25497,62;78;118;126,6
7146,4,0,4,4,0,0.008646,25497,25497,62;78;118;126,6
7151,4,0,4,4,0,0.008646,25497,25497,62;78;118;126,6
7156,4,0,4,4,0,0.008646,25497,25497,62;78;118;126,6
7161,4,0,4,4,0,0.008646,25497,25497,62;78;118;126,6
7167,4,0,4,4,0,0.008646,25497,25497,62;78;118;126,6
7172,4,0,4,4,0,0.008646,25497,25497,62;78;118;126,6
7177,4,0,4,4,0,0.008646,25497,25497,62;78;118;126,6
7182,4,0,4,4,0,0.008646,25497,25497,62;78;118;126,6
7188,4,0,4,4,0,0.008646,25497,25497,62;78;118;126,6
7194,4,0,4,4,0,0.008646,25497,25497,62;78;118;126,6
7199,4,0,4,4,0,0.008646,25497,25497,62;78;118;126,6
7205,4,0,4,4,0,0.008646,25497,25497,62;78;118;126,6
7211,4,0,4,4,0,0.008646,25497,25497,62;78;118;126,6
7215,4,0,4,4,0,0.008646,25492,25492,62;78;118;126,6
7220,4,0,4,4,0,0.008646,25492,25492,62;78;118;126,6
7226,4,0,4,4,0,0.008646,25492,25492,62;78;118;126,6
7231,4,0,4,4,0,0.008646,25492,25492,62;78;118;126,6
7237,4,0,4,4,0,0.008646,25492,25492,62;78;118;126,6
7242,4,0,4,4,0,0.008646,25492,25492,62;78;118;126,6
7246,4,0,4,4,0,0.008646,25492,25492,62;78;118;126,6
7251,4,0,4,4,0,0.008646,25492,25492,62;78;118;126,6
7256,4,0,4,4,0,0.008646,25492,25492,62;78;118;126,6
7262,4,0,4,4,0,0.008646,25492,25492,62;78;118;126,6
7269,4,0,4,4,0,0.008646,25492,25492,62;78;118;126,6
7274,4,0,4,4,0,0.008646,25492,25492,62;78;118;126,6
7279,4,0,4,4,0,0.008646,25492,25492,62;78;118;126,6
7284,4,0,4,4,0,0.008645,25492,25492,62;78;118;126,6
7289,4,0,4,4,0,0.008645,25492,25492,62;78;118;126,6
7294,4,0,4,4,0,0.008645,25492,25492,62;78;118;126,6
7300,4,0,4,4,0,0.008645,25492,25492,62;78;118;126,6
7305,4,0,4,4,0,0.008645,25492,25492,62;78;118;126,6
7311,4,0,4,4,0,0.008645,25492,25492,62;78;118;126,6
7316,4,0,4,4,0,0.008645,25492,25492,62;78;118;126,6
7321,4,0,4,4,0,0.008645,25492,25492,62;78;118;126,6
7327,4,0,4,4,0,0.008645,25492,25492,62;78;118;126,6
7332,4,0,4,4,0,0.008645,25492,25492,62;78;118;126,6
7337,4,0,4,4,0,0.008645,25492,25492,62;78;118;126,6
7342,4,0,4,4,0,0.008645,25492,25492,62;78;118;126,6
7349,4,0,4,4,0,0.008645,25492,25492,62;78;118;126,6
7354,4,0,4,4,0,0.008645,25492,25492,62;78;118;126,6
7360,4,0,4,4,0,0.008645,25492,25492,62;78;118;126,6
7365,4,0,4,4,0,0.008645,25492,25492,62;78;118;126,6
7369,4,0,4,4,0,0.008645,25492,25492,62;78;118;126,6
7374,4,0,4,4,0,0.008645,25492,25492,62;78;118;126,6
7379,4,0,4,4,0,0.008645,25492,25492,62;78;118;126,6
7385,4,0,4,4,0,0.008645,25492,25492,62;78;118;126,6
7392,4,0,4,4,0,0.008645,25492,25492,62;78;118;126,6
7397,4,0,4,4,0,0.008645,25492,25492,62;78;118;126,6
7401,4,0,4,4,0,0.008645,25492,25492,62;78;118;126,6
7407,4,0,4,4,0,0.008645,25492,25492,62;78;118;126,6
7412,4,0,4,4,0,0.008645,25492,25492,62;78;118;126,6
7416,4,0,4,4,0,0.008645,25492,25492,62;78;118;126,6
7423,4,0,4,4,0,0.008645,25492,25492,62;78;118;126,6
7429,4,0,4,4,0,0.008645,25492,25492,62;78;118;126,6
7433,4,0,4,4,0,0.008645,25492,25492,62;78;118;126,6
7438,4,0,4,4,0,0.008645,25492,25492,62;78;118;126,6
7443,4,0,4,4,0,0.008645,25487,25487,62;78;118;126,6
7448,4,0,4,4,0,0.008645,25487,25487,62;78;118;126,6
7454,4,0,4,4,0,0.008645,25487,25487,62;78;118;126,6
7460,4,0,4,4,0,0.008645,25487,25487,62;78;118;126,6
7464,4,0,4,4,0,0.008645,25487,25487,62;78;118;126,6
7470,4,0,4,4,0,0.008645,25487,25487,62;78;118;126,6
7475,4,0,4,4,0,0.008645,25482,25482,62;78;118;126,6
7482,4,0,4,4,0,0.008645,25482,25482,62;78;118;126,6
7487,4,0,4,4,0,0.008645,25482,25482,62;78;118;126,6
7492,4,0,4,4,0,0.008645,25482,25482,62;78;118;126,6
7497,4,0,4,4,0,0.008645,25482,25482,62;78;118;126,6
7502,3,0,3,3,0,0.008621,26384,26384,78;118;126,6
7507,3,0,3,3,0,0.008621,26384,26384,78;118;126,6
7514,3,0,3,3,0,0.008621,26384,26384,78;118;126,6
7519,3,0,3,3,0,0.008621,26384,26384,78;118;126,6
7524,3,0,3,3,0,0.008621,26384,26384,78;118;126,6
7529,3,0,3,3,0,0.008621,26384,26384,78;118;126,6
7534,3,0,3,3,0,0.008621,26384,26384,78;118;126,6
7540,3,0,3,3,0,0.008621,26384,26384,78;118;126,6
7545,3,0,3,3,0,0.008621,26384,26384,78;118;126,6
7550,3,0,3,3,0,0.008621,26384,26384,78;118;126,6
7557,3,0,3,3,0,0.008621,26384,26384,78;118;126,6
7562,3,0,3,3,0,0.008621,26384,26384,78;118;126,6
7567,3,0,3,3,0,0.008621,26384,26384,78;118;126,6
7573,3,0,3,3,0,0.008621,26384,26384,78;118;126,6
7580,3,0,3,3,0,0.008621,26384,26384,78;118;126,6
7585,3,0,3,3,0,0.008621,26384,26384,78;118;126,6
7590,3,0,3,3,0,0.008621,26384,26384,78;118;126,6
7595,3,0,3,3,0,0.008621,26384,26384,78;118;126,6
7601,3,0,3,3,0,0.008621,26384,26384,78;118;126,6
7605,3,0,3,3,0,0.008621,26384,26384,78;118;126,6
7610,3,0,3,3,0,0.008621,26384,26384,78;118;126,6
7617,3,0,3,3,0,0.008621,26384,26384,78;118;126,6
7622,3,0,3,3,0,0.008621,26384,26384,78;118;126,6
7628,3,0,3,3,0,0.008621,26384,26384,78;118;126,6
7634,3,0,3,3,0,0.008621,26384,26384,78;118;126,6
7639,3,0,3,3,0,0.008621,26384,26384,78;118;126,6
7646,3,0,3,3,0,0.008621,26379,26379,78;118;126,6
7651,3,0,3,3,0,0.008621,26379,26379,78;118;126,6
7657,3,0,3,3,0,0.008621,26379,26379,78;118;126,6
7663,3,0,3,3,0,0.008621,26379,26379,78;118;126,6
7667,3,0,3,3,0,0.008621,26379,26379,78;118;126,6
7673,3,0,3,3,0,0.008621,26379,26379,78;118;126,6
7679,3,0,3,3,0,0.008621,26379,26379,78;118;126,6
7684,3,0,3,3,0,0.008621,26379,26379,78;118;126,6
7690,3,0,3,3,0,0.008621,26379,26379,78;118;126,6
7695,3,0,3,3,0,0.008621,26379,26379,78;118;126,6
7702,3,0,3,3,0,0.008621,26379,26379,78;118;126,6
7707,3,0,3,3,0,0.008621,26379,26379,78;118;126,6
7713,3,0,3,3,0,0.008621,26379,26379,78;118;126,6
7719,3,0,3,3,0,0.008621,26379,26379,78;118;126,6
7724,3,0,3,3,0,0.008621,26379,26379,78;118;126,6
7729,3,0,3,3,0,0.008621,26379,26379,78;118;126,6
7736,3,0,3,3,0,0.008621,26379,26379,78;118;126,6
7742,3,0,3,3,0,0.008621,26379,26379,78;118;126,6
7747,3,0,3,3,0,0.008621,26379,26379,78;118;126,6
7753,3,0,3,3,0,0.008621,26379,26379,78;118;126,6
7758,3,0,3,3,0,0.008621,26379,26379,78;118;126,6
7763,3,0,3,3,0,0.008621,26379,26379,78;118;126,6
7767,3,0,3,3,0,0.008621,26379,26379,78;118;126,6
7774,3,0,3,3,0,0.008621,26379,26379,78;118;126,6
7780,3,0,3,3,0,0.008621,26379,26379,78;118;126,6
7786,3,0,3,3,0,0.008621,26379,26379,78;118;126,6
7792,3,0,3,3,0,0.008621,26379,26379,78;118;126,6
7798,3,0,3,3,0,0.008621,26379,26379,78;118;126,6
7803,3,0,3,3,0,0.008621,26379,26379,78;118;126,6
7808,3,0,3,3,0,0.008621,26379,26379,78;118;126,6
7813,3,0,3,3,0,0.008621,26379,26379,78;118;126,6
7818,3,0,3,3,0,0.008621,26379,26379,78;118;126,6
7826,3,0,3,3,0,0.008610,26379,26379,78;118;126,6
7832,3,0,3,3,0,0.008610,26379,26379,78;118;126,6
7837,3,0,3,3,0,0.008610,26379,26379,78;118;126,6
7842,3,0,3,3,0,0.008610,26379,26379,78;118;126,6
7847,3,0,3,3,0,0.008610,26379,26379,78;118;126,6
7853,3,0,3,3,0,0.008610,26379,26379,78;118;126,6
7858,3,0,3,3,0,0.008610,26379,26379,78;118;126,6
7863,3,0,3,3,0,0.008610,26379,26379,78;118;126,6
7870,3,0,3,3,0,0.008610,26379,26379,78;118;126,6
7877,3,0,3,3,0,0.008610,26379,26379,78;118;126,6
7882,3,0,3,3,0,0.008610,26379,26379,78;118;126,6
7887,3,0,3,3,0,0.008610,26374,26374,78;118;126,6
7893,3,0,3,3,0,0.008610,26374,26374,78;118;126,6
7898,3,0,3,3,0,0.008610,26374,26374,78;118;126,6
7903,3,0,3,3,0,0.008610,26374,26374,78;118;126,6
7909,3,0,3,3,0,0.008610,26374,26374,78;118;126,6
7916,3,0,3,3,0,0.008610,26374,26374,78;118;126,6
7922,3,0,3,3,0,0.008610,26369,26369,78;118;126,6
7926,2,0,2,2,0,0.008692,26455,26455,78;118,6
7932,2,0,2,2,0,0.008692,26455,26455,78;118,6
7937,2,0,2,2,0,0.008692,26455,26455,78;118,6
7942,2,0,2,2,0,0.008692,26455,26455,78;118,6
7947,2,0,2,2,0,0.008692,26455,26455,78;118,6
7953,2,0,2,2,0,0.008692,26455,26455,78;118,6
7957,2,0,2,2,0,0.008692,26455,26455,78;118,6
7962,2,0,2,2,0,0.008692,26455,26455,78;118,6
7967,2,0,2,2,0,0.008692,26455,26455,78;118,6
7972,2,0,2,2,0,0.008692,26455,26455,78;118,6
7975,2,0,2,2,0,0.008692,26455,26455,78;118,6
7979,2,0,2,2,0,0.008692,26455,26455,78;118,6
7984,2,0,2,2,0,0.008692,26455,26455,78;118,6
7989,2,0,2,2,0,0.008692,26455,26455,78;118,6
7993,1,0,1,1,0,0.008439,28685,28685,118,6
7998,1,0,1,1,0,0.008439,28685,28685,118,6
8004,1,0,1,1,0,0.008439,28685,28685,118,6
8008,1,0,1,1,0,0.008439,28685,28685,118,6
8012,1,0,1,1,0,0.008439,28685,28685,118,6
8015,1,0,1,1,0,0.008439,28685,28685,118,6
8020,1,0,1,1,0,0.008439,28685,28685,118,6
8025,1,0,1,1,0,0.008439,28685,28685,118,6
8029,1,0,1,1,0,0.008439,28685,28685,118,6
8033,1,0,1,1,0,0.008439,28685,28685,118,6
8039,1,0,1,1,0,0.008439,28685,28685,118,6
8044,1,0,1,1,0,0.008439,28685,28685,118,6
8048,1,0,1,1,0,0.008439,28685,28685,118,6
8051,1,0,1,1,0,0.008439,28685,28685,118,6
8056,1,0,1,1,0,0.008439,28685,28685,118,6
8061,1,0,1,1,0,0.008439,28685,28685,118,6
8065,1,0,1,1,0,0.008439,28685,28685,118,6
8069,1,0,1,1,0,0.008439,28685,28685,118,6
8074,1,0,1,1,0,0.008465,28685,28685,118,6
8080,1,0,1,1,0,0.008465,28685,28685,118,6
8084,1,0,1,1,0,0.008465,28685,28685,118,6
8087,1,0,1,1,0,0.008465,28685,28685,118,6
8092,1,0,1,1,0,0.008465,28685,28685,118,6
8097,1,0,1,1,0,0.008465,28685,28685,118,6
8101,1,0,1,1,0,0.008465,28685,28685,118,6
8105,1,0,1,1,0,0.008465,28685,28685,118,6
8109,1,0,1,1,0,0.008465,28685,28685,118,6
8116,1,0,1,1,0,0.008465,28685,28685,118,6
8120,1,0,1,1,0,0.008465,28685,28685,118,6
8124,1,0,1,1,0,0.008465,28685,28685,118,6
8128,1,0,1,1,0,0.008465,28685,28685,118,6
8131,1,0,1,1,0,0.008465,28685,28685,118,6
8136,1,0,1,1,0,0.008465,28685,28685,118,6
8140,1,0,1,1,0,0.008465,28685,28685,118,6
8144,1,0,1,1,0,0.008465,28685,28685,118,6
8149,1,0,1,1,0,0.008465,28685,28685,118,6
8155,1,0,1,1,0,0.008465,28685,28685,118,6
8159,1,0,1,1,0,0.008465,28685,28685,118,6
8163,1,0,1,1,0,0.008465,28685,28685,118,6
8167,1,0,1,1,0,0.008465,28685,28685,118,6
8172,1,0,1,1,0,0.008465,28685,28685,118,6
8176,1,0,1,1,0,0.008465,28685,28685,118,6
8180,1,0,1,1,0,0.008465,28685,28685,118,6
8184,1,0,1,1,0,0.008465,28685,28685,118,6
8190,1,0,1,1,0,0.008465,28685,28685,118,6
8195,1,0,1,1,0,0.008465,28685,28685,118,6
8199,1,0,1,1,0,0.008465,28685,28685,118,6
8203,1,0,1,1,0,0.008465,28685,28685,118,6
8207,1,0,1,1,0,0.008465,28685,28685,118,6
8212,1,0,1,1,0,0.008465,28685,28685,118,6
8216,1,0,1,1,0,0.008465,28685,28685,118,6
8220,1,0,1,1,0,0.008465,28685,28685,118,6
8224,1,0,1,1,0,0.008465,28685,28685,118,6
8230,1,0,1,1,0,0.008465,28685,28685,118,6
8236,1,0,1,1,0,0.008465,28685,28685,118,6
8239,1,0,1,1,0,0.008465,28685,28685,118,6
8243,1,0,1,1,0,0.008465,28685,28685,118,6
8247,1,0,1,1,0,0.008465,28685,28685,118,6
8252,1,0,1,1,0,0.008465,28685,28685,118,6
8256,1,0,1,1,0,0.008465,28685,28685,118,6
8260,1,0,1,1,0,0.008465,28685,28685,118,6
8265,1,0,1,1,0,0.008465,28685,28685,118,6
8272,1,0,1,1,0,0.008465,28685,28685,118,6
8276,1,0,1,1,0,0.008465,28685,28685,118,6
8280,1,0,1,1,0,0.008465,28685,28685,118,6
8284,1,0,1,1,0,0.008465,28680,28680,118,6
8288,1,0,1,1,0,0.008465,28680,28680,118,6
8293,1,0,1,1,0,0.008465,28680,28680,118,6
8297,1,0,1,1,0,0.008465,28680,28680,118,6
8302,1,0,1,1,0,0.008465,28680,28680,118,6
8306,1,0,1,1,0,0.008465,28680,28680,118,6
8312,1,0,1,1,0,0.008465,28680,28680,118,6
8316,1,0,1,1,0,0.008465,28680,28680,118,6
8320,1,0,1,1,0,0.008465,28680,28680,118,6
8324,1,0,1,1,0,0.008465,28680,28680,118,6
8327,1,0,1,1,0,0.008465,28680,28680,118,6
8330,1,0,1,1,0,0.008465,28680,28680,118,6
8334,1,0,1,1,0,0.008465,28680,28680,118,6
8337,1,0,1,1,0,0.008465,28680,28680,118,6
8342,1,0,1,1,0,0.008465,28680,28680,118,6
8345,1,0,1,1,0,0.008465,28680,28680,118,6
8348,1,0,1,1,0,0.008465,28680,28680,118,6
8351,1,0,1,1,0,0.008465,28680,28680,118,6
8355,1,0,1,1,0,0.008465,28680,28680,118,6
8358,1,0,1,1,0,0.008465,28680,28680,118,6
8361,1,0,1,1,0,0.008465,28680,28680,118,6
8364,1,0,1,1,0,0.008465,28680,28680,118,6
8369,1,0,1,1,0,0.008465,28680,28680,118,6
8372,1,0,1,1,0,0.008465,28680,28680,118,6
8375,1,0,1,1,0,0.008465,28680,28680,118,6
8379,1,0,1,1,0,0.008465,28680,28680,118,6
8382,1,0,1,1,0,0.008465,28680,28680,118,6
8385,1,0,1,1,0,0.008465,28680,28680,118,6
8389,1,0,1,1,0,0.008465,28680,28680,118,6
8392,1,0,1,1,0,0.008465,28680,28680,118,6
8396,1,0,1,1,0,0.008465,28680,28680,118,6
8398,1,0,1,1,0,0.008465,28680,28680,118,6
8403,1,0,1,1,0,0.008465,28680,28680,118,6
8406,1,0,1,1,0,0.008465,28680,28680,118,6
8409,1,0,1,1,0,0.008465,28680,28680,118,6
8413,1,0,1,1,0,0.008465,28680,28680,118,6
8416,1,0,1,1,0,0.008465,28680,28680,118,6
8419,1,0,1,1,0,0.008465,28680,28680,118,6
8422,1,0,1,1,0,0.008465,28680,28680,118,6
8427,1,0,1,1,0,0.008465,28680,28680,118,6
8429,1,0,1,1,0,0.008465,28680,28680,118,6
8433,1,0,1,1,0,0.008465,28680,28680,118,6
8436,1,0,1,1,0,0.008465,28680,28680,118,6
8440,1,0,1,1,0,0.008465,28680,28680,118,6
8443,1,0,1,1,0,0.008465,28680,28680,118,6
8446,1,0,1,1,0,0.008465,28680,28680,118,6
8450,1,0,1,1,0,0.008465,28680,28680,118,6
8454,1,0,1,1,0,0.008465,28680,28680,118,6
8457,1,0,1,1,0,0.008465,28680,28680,118,6
8459,1,0,1,1,0,0.008465,28680,28680,118,6
8464,1,0,1,1,0,0.008465,28680,28680,118,6
8467,1,0,1,1,0,0.008465,28680,28680,118,6
8470,1,0,1,1,0,0.008465,28680,28680,118,6
8473,1,0,1,1,0,0.008465,28680,28680,118,6
8477,1,0,1,1,0,0.008465,28680,28680,118,6
8480,1,0,1,1,0,0.008465,28680,28680,118,6
8484,1,0,1,1,0,0.008465,28680,28680,118,6
8486,1,0,1,1,0,0.008465,28680,28680,118,6
8489,1,0,1,1,0,0.008465,28680,28680,118,6
8490,1,0,1,1,0,0.008465,28680,28680,118,6
8493,1,0,1,1,0,0.008465,28680,28680,118,6
8495,1,0,1,1,0,0.008465,28680,28680,118,6
8498,1,0,1,1,0,0.008465,28680,28680,118,6
8500,1,0,1,1,0,0.008465,28680,28680,118,6
8503,1,0,1,1,0,0.008465,28680,28680,118,6
8506,1,0,1,1,0,0.008465,28680,28680,118,6
8508,1,0,1,1,0,0.008465,28680,28680,118,6
8510,1,0,1,1,0,0.008465,28680,28680,118,6
8512,1,0,1,1,0,0.008465,28680,28680,118,6
8515,1,0,1,1,0,0.008465,28680,28680,118,6
8517,1,0,1,1,0,0.008465,28680,28680,118,6
8519,1,0,1,1,0,0.008465,28680,28680,118,6
8521,1,0,1,1,0,0.008465,28680,28680,118,6
8525,1,0,1,1,0,0.008465,28680,28680,118,6
8527,1,0,1,1,0,0.008465,28680,28680,118,6
8529,1,0,1,1,0,0.008465,28680,28680,118,6
8531,1,0,1,1,0,0.008465,28680,28680,118,6
8534,1,0,1,1,0,0.008465,28680,28680,118,6
8537,1,0,1,1,0,0.008465,28680,28680,118,6
8539,1,0,1,1,0,0.008465,28680,28680,118,6
8541,1,0,1,1,0,0.008465,28675,28675,118,6
8544,1,0,1,1,0,0.008565,28675,28675,118,6
8546,1,0,1,1,0,0.008565,28675,28675,118,6
8548,1,0,1,1,0,0.008565,28675,28675,118,6
8550,1,0,1,1,0,0.008565,28675,28675,118,6
8552,1,0,1,1,0,0.008565,28675,28675,118,6
8555,1,0,1,1,0,0.008565,28675,28675,118,6
8558,1,0,1,1,0,0.008565,28675,28675,118,6
8560,1,0,1,1,0,0.008565,28675,28675,118,6
8562,1,0,1,1,0,0.008565,28675,28675,118,6
8566,1,0,1,1,0,0.008565,28675,28675,118,6
8568,1,0,1,1,0,0.008565,28675,28675,118,6
8570,1,0,1,1,0,0.008565,28675,28675,118,6
8572,1,0,1,1,0,0.008565,28675,28675,118,6
8574,1,0,1,1,0,0.008565,28675,28675,118,6
8576,1,0,1,1,0,0.008565,28675,28675,118,6
8579,1,0,1,1,0,0.008565,28675,28675,118,6
8581,1,0,1,1,0,0.008565,28675,28675,118,6
8584,1,0,1,1,0,0.008565,28675,28675,118,6
8587,1,0,1,1,0,0.008565,28675,28675,118,6
8589,1,0,1,1,0,0.008565,28675,28675,118,6
8591,1,0,1,1,0,0.008565,28675,28675,118,6
8594,1,0,1,1,0,0.008565,28675,28675,118,6
8596,1,0,1,1,0,0.008565,28675,28675,118,6
8598,1,0,1,1,0,0.008565,28675,28675,118,6
8601,1,0,1,1,0,0.008565,28675,28675,118,6
8603,1,0,1,1,0,0.008565,28675,28675,118,6
8606,1,0,1,1,0,0.008565,28675,28675,118,6
8608,1,0,1,1,0,0.008565,28675,28675,118,6
8610,1,0,1,1,0,0.008565,28675,28675,118,6
8612,1,0,1,1,0,0.008565,28675,28675,118,6
8615,1,0,1,1,0,0.008565,28675,28675,118,6
8617,1,0,1,1,0,0.008565,28675,28675,118,6
8619,1,0,1,1,0,0.008565,28675,28675,118,6
8621,1,0,1,1,0,0.008565,28675,28675,118,6
8625,1,0,1,1,0,0.008565,28675,28675,118,6
8628,1,0,1,1,0,0.008565,28675,28675,118,6
8630,1,0,1,1,0,0.008565,28675,28675,118,6
8632,1,0,1,1,0,0.008565,28675,28675,118,6
8634,1,0,1,1,0,0.008565,28675,28675,118,6
8636,1,0,1,1,0,0.008565,28675,28675,118,6
8638,1,0,1,1,0,0.008565,28675,28675,118,6
8640,1,0,1,1,0,0.008565,28675,28675,118,6
8642,1,0,1,1,0,0.008565,28675,28675,118,6
8646,1,0,1,1,0,0.008565,28675,28675,118,6
8649,1,0,1,1,0,0.008565,28675,28675,118,6
8651,1,0,1,1,0,0.008565,28675,28675,118,6
8653,1,0,1,1,0,0.008565,28675,28675,118,6
8655,1,0,1,1,0,0.008565,28675,28675,118,6
8658,1,0,1,1,0,0.008565,28675,28675,118,6
8660,1,0,1,1,0,0.008565,28675,28675,118,6
8662,1,0,1,1,0,0.008565,28675,28675,118,6
8664,1,0,1,1,0,0.008565,28675,28675,118,6
8668,1,0,1,1,0,0.008565,28675,28675,118,6
8670,1,0,1,1,0,0.008565,28675,28675,118,6
8672,1,0,1,1,0,0.008565,28675,28675,118,6
8675,1,0,1,1,0,0.008565,28675,28675,118,6
8677,1,0,1,1,0,0.008565,28675,28675,118,6
8679,1,0,1,1,0,0.008565,28675,28675,118,6
475,512,512,0,1,0,0.021144,30172,30172,7,7
492,512,512,0,1,0,0.021484,30140,30140,7,7
507,512,512,0,1,0,0.021982,30108,30108,7,7
518,512,512,0,1,0,0.022426,30076,30076,7,7
532,512,512,0,1,0,0.022905,30044,30044,7,7
547,512,512,0,1,0,0.023417,30012,30012,7,7
560,512,512,0,1,0,0.023840,29980,29980,7,7
573,512,512,0,1,0,0.024395,29948,29948,7,7
584,512,512,0,1,0,0.024858,29916,29916,7,7
596,512,512,0,1,0,0.025252,29884,29884,7,7
608,512,512,0,1,0,0.025757,29852,29852,7,7
619,512,512,0,1,0,0.026199,29820,29820,7,7
631,512,512,0,1,0,0.026519,29788,29788,7,7
642,512,512,0,1,0,0.027041,29756,29756,7,7
655,512,512,0,1,0,0.027424,29724,29724,7,7
667,512,512,0,1,0,0.027740,29692,29692,7,7
679,512,512,0,1,0,0.028245,29660,29660,7,7
692,512,512,0,1,0,0.028570,29628,29628,7,7
705,512,512,0,1,0,0.028928,29596,29596,7,7
718,512,512,0,1,0,0.029381,29564,29564,7,7
728,512,512,0,1,0,0.029621,29532,29532,7,7
737,512,512,0,1,0,0.030006,29500,29500,7,7
747,512,512,0,1,0,0.030359,29468,29468,7,7
760,512,512,0,1,0,0.030893,29436,29436,7,7
775,512,512,0,1,0,0.031295,29404,29404,7,7
788,512,512,0,1,0,0.031642,29372,29372,7,7
802,512,512,0,1,0,0.031965,29340,29340,7,7
817,512,512,0,1,0,0.032397,29308,29308,7,7
832,512,512,0,1,0,0.032747,29276,29276,7,7
847,512,512,0,1,0,0.033172,29244,29244,7,7
863,512,512,0,1,0,0.033472,29212,29212,7,7
875,512,512,0,1,0,0.033990,29180,29180,7,7
886,512,512,0,1,0,0.034429,29148,29148,7,7
904,512,512,0,1,0,0.034629,29116,29116,7,7
927,512,512,0,1,0,0.035038,29084,29084,7,7
949,512,512,0,1,0,0.035510,29052,29052,7,7
971,512,512,0,1,0,0.035695,29020,29020,7,7
991,512,512,0,1,0,0.036199,28988,28988,7,7
1012,512,512,0,1,0,0.036541,28956,28956,7,7
1036,512,512,0,1,0,0.037029,28924,28924,7,7
1060,512,512,0,1,0,0.037484,28892,28892,7,7
1085,512,512,0,1,0,0.037729,28860,28860,7,7
1108,512,512,0,1,0,0.037975,28828,28828,7,7
1132,512,512,0,1,0,0.038472,28796,28796,7,7
1153,512,512,0,1,0,0.038762,28764,28764,7,7
1175,512,512,0,1,0,0.039270,28732,28732,7,7
1197,512,512,0,1,0,0.039744,28700,28700,7,7
1219,512,512,0,1,0,0.040120,28668,28668,7,7
1240,512,512,0,1,0,0.040535,28636,28636,7,7
1263,512,512,0,1,0,0.040712,28604,28604,7,7
1286,512,512,0,1,0,0.041055,28572,28572,7,7
1305,512,512,0,1,0,0.041490,28540,28540,7,7
1322,512,512,0,1,0,0.041771,28508,28508,7,7
1343,512,512,0,2,1,0.042319,28471,28471,7;15,7
1361,512,511,1,2,0,0.023758,28439,28439,7;15,7
1371,512,511,1,2,0,0.024165,28407,28407,7;15,7
1382,512,511,1,2,0,0.024730,28375,28375,7;15,7
1393,512,511,1,2,0,0.025187,28343,28343,7;15,7
1404,512,511,1,2,0,0.025628,28311,28311,7;15,7
1416,512,511,1,2,0,0.026138,28279,28279,7;15,7
1432,512,511,1,2,0,0.026673,28247,28247,7;15,7
1445,512,511,1,2,0,0.027073,28216,28216,7;15,7
1463,512,511,1,2,0,0.027532,28184,28184,7;15,7
1480,512,511,1,2,0,0.027960,28152,28152,7;15,7
1497,512,511,1,2,0,0.028410,28120,28120,7;15,7
1513,512,511,1,2,0,0.028777,28088,28088,7;15,7
1530,512,511,1,2,0,0.029282,28056,28056,7;15,7
1546,512,511,1,2,0,0.029602,28024,28024,7;15,7
1561,512,511,1,2,0,0.030026,27992,27992,7;15,7
1577,512,511,1,2,0,0.030433,27960,27960,7;15,7
1594,512,511,1,2,0,0.030757,27928,27928,7;15,7
1609,484,483,1,2,1,0.024731,27898,27898,7;15,7
1624,2,0,2,2,0,0.008266,27898,27898,7;15,7
1630,2,0,2,2,0,0.008266,27898,27898,7;15,7
1634,2,0,2,2,0,0.008266,27898,27898,7;15,7
1639,2,0,2,2,0,0.008266,27898,27898,7;15,7
1645,2,0,2,2,0,0.008266,27898,27898,7;15,7
1650,2,0,2,2,0,0.008266,27898,27898,7;15,7
1654,512,510,2,3,0,0.023372,27862,27862,7;15;23,7
1668,512,510,2,3,0,0.023870,27830,27830,7;15;23,7
1682,512,510,2,3,0,0.024314,27798,27798,7;15;23,7
1697,512,510,2,3,0,0.024793,27766,27766,7;15;23,7
1713,512,510,2,3,0,0.025305,27734,27734,7;15;23,7
1729,512,510,2,3,0,0.025728,27702,27702,7;15;23,7
1744,512,510,2,3,0,0.026283,27670,27670,7;15;23,7
1760,512,510,2,3,0,0.026746,27639,27639,7;15;23,7
1776,512,510,2,3,0,0.027123,27607,27607,7;15;23,7
1789,512,510,2,3,0,0.027628,27575,27575,7;15;23,7
1803,512,510,2,3,0,0.028070,27543,27543,7;15;23,7
1819,512,510,2,3,0,0.028391,27511,27511,7;15;23,7
1833,512,510,2,3,0,0.028912,27479,27479,7;15;23,7
1848,512,510,2,3,0,0.029296,27447,27447,7;15;23,7
1861,512,510,2,3,0,0.029612,27415,27415,7;15;23,7
1878,512,510,2,3,0,0.030117,27384,27384,7;15;23,7
1894,512,510,2,3,0,0.030442,27352,27352,7;15;23,7
1910,512,510,2,3,0,0.030800,27320,27320,7;15;23,7
1924,512,510,2,3,0,0.031252,27288,27288,7;15;23,7
1936,512,510,2,3,0,0.031492,27256,27256,7;15;23,7
1950,512,510,2,3,0,0.031877,27224,27224,7;15;23,7
1966,512,510,2,3,0,0.032230,27192,27192,7;15;23,7
1980,121,119,2,3,1,0.012568,27185,27185,7;15;23,7
1985,3,0,3,3,0,0.008308,27185,27185,7;15;23,7
1989,3,0,3,3,0,0.008308,27185,27185,7;15;23,7
1994,3,0,3,3,0,0.008308,27185,27185,7;15;23,7
1997,3,0,3,3,0,0.008308,27185,27185,7;15;23,7
2001,3,0,3,3,0,0.008308,27185,27185,7;15;23,7
2003,3,0,3,3,0,0.008308,27185,27185,7;15;23,7
2008,3,0,3,3,0,0.008308,27185,27185,7;15;23,7
2013,3,0,3,3,0,0.008308,27185,27185,7;15;23,7
2015,3,0,3,3,0,0.008308,27185,27185,7;15;23,7
2019,3,0,3,3,0,0.008308,27185,27185,7;15;23,7
2024,3,0,3,3,0,0.008308,27185,27185,7;15;23,7
2027,3,0,3,3,0,0.008308,27185,27185,7;15;23,7
2032,3,0,3,3,0,0.008308,27185,27185,7;15;23,7
2036,3,0,3,3,0,0.008308,27185,27185,7;15;23,7
2041,3,0,3,3,0,0.008308,27185,27185,7;15;23,7
2044,3,0,3,3,0,0.008308,27185,27185,7;15;23,7
2047,3,0,3,3,0,0.008308,27185,27185,7;15;23,7
2053,3,0,3,3,0,0.008308,27185,27185,7;15;23,7
2058,3,0,3,3,0,0.008308,27185,27185,7;15;23,7
2061,3,0,3,3,0,0.008308,27185,27185,7;15;23,7
2064,3,0,3,3,0,0.008308,27185,27185,7;15;23,7
2070,3,0,3,3,0,0.008308,27185,27185,7;15;23,7
2074,3,0,3,3,0,0.008308,27185,27185,7;15;23,7
2077,3,0,3,3,0,0.008308,27185,27185,7;15;23,7
2082,3,0,3,3,0,0.008308,27180,27180,7;15;23,7
2087,3,0,3,3,0,0.008308,27180,27180,7;15;23,7
2090,3,0,3,3,0,0.008308,27180,27180,7;15;23,7
2095,3,0,3,3,0,0.008308,27180,27180,7;15;23,7
2098,3,0,3,3,0,0.008308,27180,27180,7;15;23,7
2103,3,0,3,3,0,0.008308,27180,27180,7;15;23,7
2107,3,0,3,3,0,0.008308,27180,27180,7;15;23,7
2111,3,0,3,3,0,0.008308,27180,27180,7;15;23,7
2115,3,0,3,3,0,0.008308,27180,27180,7;15;23,7
2120,3,0,3,3,0,0.008308,27180,27180,7;15;23,7
2123,3,0,3,3,0,0.008308,27180,27180,7;15;23,7
2127,3,0,3,3,0,0.008308,27180,27180,7;15;23,7
2131,3,0,3,3,0,0.008308,27180,27180,7;15;23,7
2137,3,0,3,3,0,0.008308,27180,27180,7;15;23,7
2141,3,0,3,3,0,0.008308,27180,27180,7;15;23,7
2144,3,0,3,3,0,0.008308,27180,27180,7;15;23,7
2148,3,0,3,3,0,0.008308,27175,27175,7;15;23,7
2153,3,0,3,3,0,0.008308,27175,27175,7;15;23,7
2159,3,0,3,3,0,0.008308,27175,27175,7;15;23,7
2162,3,0,3,3,0,0.008308,27175,27175,7;15;23,7
2165,3,0,3,3,0,0.008308,27175,27175,7;15;23,7
2170,3,0,3,3,0,0.008308,27175,27175,7;15;23,7
2174,512,509,3,4,0,0.023459,27139,27139,7;15;23;31,7
2187,512,509,3,4,0,0.023957,27107,27107,7;15;23;31,7
2199,512,509,3,4,0,0.024401,27075,27075,7;15;23;31,7
2214,512,509,3,4,0,0.024880,27043,27043,7;15;23;31,7
2227,512,509,3,4,0,0.025392,27011,27011,7;15;23;31,7
2241,512,509,3,4,0,0.025815,26980,26980,7;15;23;31,7
2255,512,509,3,4,0,0.026370,26948,26948,7;15;23;31,7
2269,512,509,3,4,0,0.026833,26916,26916,7;15;23;31,7
2282,512,509,3,4,0,0.027227,26884,26884,7;15;23;31,7
2294,512,509,3,4,0,0.027732,26852,26852,7;15;23;31,7
2308,512,509,3,4,0,0.028174,26821,26821,7;15;23;31,7
2324,512,509,3,4,0,0.028494,26789,26789,7;15;23;31,7
2338,512,509,3,4,0,0.029016,26757,26757,7;15;23;31,7
2352,512,509,3,4,0,0.029399,26725,26725,7;15;23;31,7
2362,512,509,3,4,0,0.029715,26693,26693,7;15;23;31,7
2376,512,509,3,4,0,0.030220,26662,26662,7;15;23;31,7
2390,512,509,3,4,0,0.030545,26630,26630,7;15;23;31,7
2404,512,509,3,4,0,0.030903,26598,26598,7;15;23;31,7
2418,512,509,3,4,0,0.031355,26566,26566,7;15;23;31,7
2436,512,509,3,4,0,0.031596,26534,26534,7;15;23;31,7
2456,512,509,3,4,0,0.031981,26502,26502,7;15;23;31,7
2472,512,509,3,4,0,0.032334,26471,26471,7;15;23;31,7
2490,512,509,3,4,0,0.032803,26434,26434,7;15;23;31,7
2508,512,509,3,4,0,0.033271,26402,26402,7;15;23;31,7
2528,512,509,3,4,0,0.033471,26370,26370,7;15;23;31,7
2548,512,509,3,4,0,0.033909,26338,26338,7;15;23;31,7
2569,512,509,3,4,0,0.034372,26307,26307,7;15;23;31,7
2590,512,509,3,4,0,0.034609,26275,26275,7;15;23;31,7
2610,512,509,3,4,0,0.035101,26243,26243,7;15;23;31,7
2632,512,509,3,4,0,0.035449,26211,26211,7;15;23;31,7
2653,512,509,3,5,1,0.035844,26175,26175,7;15;23;31;39,7
2675,512,508,4,5,0,0.024031,26143,26143,7;15;23;31;39,7
2689,512,508,4,5,0,0.024522,26111,26111,7;15;23;31;39,7
2706,512,508,4,5,0,0.024831,26079,26079,7;15;23;31;39,7
2719,105,101,4,5,1,0.010499,26073,26073,7;15;23;31;39,7
2727,5,0,5,5,0,0.008418,26073,26073,7;15;23;31;39,7
2735,5,0,5,5,0,0.008418,26073,26073,7;15;23;31;39,7
2740,5,0,5,5,0,0.008418,26073,26073,7;15;23;31;39,7
2745,5,0,5,5,0,0.008418,26073,26073,7;15;23;31;39,7
2751,5,0,5,5,0,0.008418,26073,26073,7;15;23;31;39,7
2756,5,0,5,5,0,0.008418,26073,26073,7;15;23;31;39,7
2762,5,0,5,5,0,0.008418,26073,26073,7;15;23;31;39,7
2767,5,0,5,5,0,0.008418,26073,26073,7;15;23;31;39,7
2775,5,0,5,5,0,0.008418,26073,26073,7;15;23;31;39,7
2781,5,0,5,5,0,0.008418,26073,26073,7;15;23;31;39,7
2786,5,0,5,5,0,0.008418,26073,26073,7;15;23;31;39,7
2793,5,0,5,5,0,0.008418,26073,26073,7;15;23;31;39,7
2799,5,0,5,5,0,0.008418,26073,26073,7;15;23;31;39,7
2804,5,0,5,5,0,0.008418,26073,26073,7;15;23;31;39,7
2809,5,0,5,5,0,0.008418,26073,26073,7;15;23;31;39,7
2815,5,0,5,5,0,0.008418,26073,26073,7;15;23;31;39,7
2821,5,0,5,5,0,0.008418,26073,26073,7;15;23;31;39,7
2827,5,0,5,5,0,0.008418,26073,26073,7;15;23;31;39,7
2833,5,0,5,5,0,0.008418,26073,26073,7;15;23;31;39,7
2838,5,0,5,5,0,0.008418,26073,26073,7;15;23;31;39,7
2843,5,0,5,5,0,0.008418,26073,26073,7;15;23;31;39,7
2850,5,0,5,5,0,0.008418,26073,26073,7;15;23;31;39,7
2857,5,0,5,5,0,0.008418,26073,26073,7;15;23;31;39,7
2861,5,0,5,5,0,0.008418,26068,26068,7;15;23;31;39,7
2865,5,0,5,5,0,0.008418,26068,26068,7;15;23;31;39,7
2871,5,0,5,5,0,0.008418,26068,26068,7;15;23;31;39,7
2875,5,0,5,5,0,0.008418,26068,26068,7;15;23;31;39,7
2882,5,0,5,5,0,0.008418,26068,26068,7;15;23;31;39,7
2886,5,0,5,5,0,0.008418,26068,26068,7;15;23;31;39,7
2891,5,0,5,5,0,0.008418,26068,26068,7;15;23;31;39,7
2898,5,0,5,5,0,0.008418,26068,26068,7;15;23;31;39,7
2902,5,0,5,5,0,0.008418,26068,26068,7;15;23;31;39,7
2907,5,0,5,5,0,0.008418,26068,26068,7;15;23;31;39,7
2913,5,0,5,5,0,0.008418,26068,26068,7;15;23;31;39,7
2918,4,0,4,4,0,0.008223,26666,26666,7;23;31;39,7
2922,4,0,4,4,0,0.008223,26666,26666,7;23;31;39,7
2928,4,0,4,4,0,0.008223,26666,26666,7;23;31;39,7
2933,4,0,4,4,0,0.008223,26666,26666,7;23;31;39,7
2938,4,0,4,4,0,0.008223,26666,26666,7;23;31;39,7
2944,4,0,4,4,0,0.008223,26666,26666,7;23;31;39,7
2948,4,0,4,4,0,0.008223,26666,26666,7;23;31;39,7
2952,4,0,4,4,0,0.008223,26666,26666,7;23;31;39,7
2956,4,0,4,4,0,0.008223,26666,26666,7;23;31;39,7
2963,4,0,4,4,0,0.008223,26666,26666,7;23;31;39,7
2968,4,0,4,4,0,0.008223,26666,26666,7;23;31;39,7
2972,4,0,4,4,0,0.008223,26666,26666,7;23;31;39,7
2978,4,0,4,4,0,0.008223,26666,26666,7;23;31;39,7
2982,4,0,4,4,0,0.008223,26666,26666,7;23;31;39,7
2986,4,0,4,4,0,0.008223,26666,26666,7;23;31;39,7
2991,4,0,4,4,0,0.008223,26666,26666,7;23;31;39,7
2995,4,0,4,4,0,0.008223,26666,26666,7;23;31;39,7
2999,4,0,4,4,0,0.008223,26666,26666,7;23;31;39,7
3004,4,0,4,4,0,0.008223,26666,26666,7;23;31;39,7
3008,4,0,4,4,0,0.008223,26666,26666,7;23;31;39,7
3011,4,0,4,4,0,0.008223,26666,26666,7;23;31;39,7
3014,4,0,4,4,0,0.008223,26666,26666,7;23;31;39,7
3018,4,0,4,4,0,0.008223,26666,26666,7;23;31;39,7
3021,4,0,4,4,0,0.008223,26666,26666,7;23;31;39,7
3027,4,0,4,4,0,0.008223,26666,26666,7;23;31;39,7
3031,512,508,4,5,0,0.023395,26630,26630,7;23;31;39;47,7
3038,394,390,4,5,1,0.017927,26605,26605,7;23;31;39;47,7
3044,5,0,5,5,0,0.008279,26605,26605,7;23;31;39;47,7
3047,5,0,5,5,0,0.008279,26605,26605,7;23;31;39;47,7
3051,5,0,5,5,0,0.008279,26605,26605,7;23;31;39;47,7
3056,5,0,5,5,0,0.008279,26605,26605,7;23;31;39;47,7
3060,5,0,5,5,0,0.008279,26605,26605,7;23;31;39;47,7
3062,5,0,5,5,0,0.008279,26605,26605,7;23;31;39;47,7
3066,5,0,5,5,0,0.008279,26600,26600,7;23;31;39;47,7
3069,5,0,5,5,0,0.008279,26600,26600,7;23;31;39;47,7
3072,5,0,5,5,0,0.008279,26595,26595,7;23;31;39;47,7
3077,5,0,5,5,0,0.008279,26595,26595,7;23;31;39;47,7
3080,5,0,5,5,0,0.008279,26595,26595,7;23;31;39;47,7
3083,5,0,5,5,0,0.008279,26595,26595,7;23;31;39;47,7
3085,5,0,5,5,0,0.008279,26590,26590,7;23;31;39;47,7
3090,5,0,5,5,0,0.008279,26590,26590,7;23;31;39;47,7
3092,5,0,5,5,0,0.008279,26590,26590,7;23;31;39;47,7
3095,5,0,5,5,0,0.008279,26590,26590,7;23;31;39;47,7
3097,5,0,5,5,0,0.008279,26590,26590,7;23;31;39;47,7
3101,5,0,5,5,0,0.008279,26590,26590,7;23;31;39;47,7
3104,5,0,5,5,0,0.008279,26590,26590,7;23;31;39;47,7
3106,5,0,5,5,0,0.008279,26590,26590,7;23;31;39;47,7
3109,5,0,5,5,0,0.008279,26590,26590,7;23;31;39;47,7
3113,5,0,5,5,0,0.008279,26590,26590,7;23;31;39;47,7
3115,5,0,5,5,0,0.008279,26590,26590,7;23;31;39;47,7
3119,5,0,5,5,0,0.008279,26590,26590,7;23;31;39;47,7
3123,5,0,5,5,0,0.008279,26590,26590,7;23;31;39;47,7
3126,5,0,5,5,0,0.008279,26590,26590,7;23;31;39;47,7
3129,5,0,5,5,0,0.008279,26590,26590,7;23;31;39;47,7
3134,5,0,5,5,0,0.008279,26590,26590,7;23;31;39;47,7
3137,5,0,5,5,0,0.008279,26590,26590,7;23;31;39;47,7
3139,5,0,5,5,0,0.008279,26590,26590,7;23;31;39;47,7
3144,5,0,5,5,0,0.008279,26590,26590,7;23;31;39;47,7
3147,5,0,5,5,0,0.008279,26590,26590,7;23;31;39;47,7
3151,5,0,5,5,0,0.008279,26590,26590,7;23;31;39;47,7
3158,5,0,5,5,0,0.008279,26590,26590,7;23;31;39;47,7
3161,5,0,5,5,0,0.008279,26590,26590,7;23;31;39;47,7
3164,5,0,5,5,0,0.008279,26590,26590,7;23;31;39;47,7
3168,5,0,5,5,0,0.008279,26590,26590,7;23;31;39;47,7
3172,5,0,5,5,0,0.008279,26590,26590,7;23;31;39;47,7
3175,5,0,5,5,0,0.008279,26590,26590,7;23;31;39;47,7
3180,5,0,5,5,0,0.008279,26590,26590,7;23;31;39;47,7
3185,5,0,5,5,0,0.008279,26590,26590,7;23;31;39;47,7
3189,5,0,5,5,0,0.008279,26590,26590,7;23;31;39;47,7
3192,5,0,5,5,0,0.008279,26585,26585,7;23;31;39;47,7
3195,5,0,5,5,0,0.008279,26585,26585,7;23;31;39;47,7
3202,5,0,5,5,0,0.008279,26585,26585,7;23;31;39;47,7
3205,5,0,5,5,0,0.008279,26585,26585,7;23;31;39;47,7
3209,5,0,5,5,0,0.008279,26585,26585,7;23;31;39;47,7
3213,5,0,5,5,0,0.008279,26585,26585,7;23;31;39;47,7
3218,5,0,5,5,0,0.008279,26585,26585,7;23;31;39;47,7
3222,5,0,5,5,0,0.008279,26585,26585,7;23;31;39;47,7
3226,5,0,5,5,0,0.008279,26585,26585,7;23;31;39;47,7
3229,5,0,5,5,0,0.008279,26585,26585,7;23;31;39;47,7
3235,5,0,5,5,0,0.008279,26585,26585,7;23;31;39;47,7
3239,5,0,5,5,0,0.008279,26585,26585,7;23;31;39;47,7
3243,5,0,5,5,0,0.008279,26585,26585,7;23;31;39;47,7
3247,5,0,5,5,0,0.008279,26585,26585,7;23;31;39;47,7
3253,5,0,5,5,0,0.008279,26585,26585,7;23;31;39;47,7
3256,5,0,5,5,0,0.008279,26585,26585,7;23;31;39;47,7
3261,5,0,5,5,0,0.008279,26585,26585,7;23;31;39;47,7
3265,5,0,5,5,0,0.008279,26585,26585,7;23;31;39;47,7
3269,5,0,5,5,0,0.008279,26585,26585,7;23;31;39;47,7
3273,5,0,5,5,0,0.008279,26585,26585,7;23;31;39;47,7
3277,5,0,5,5,0,0.008279,26585,26585,7;23;31;39;47,7
3281,5,0,5,5,0,0.008279,26585,26585,7;23;31;39;47,7
3286,5,0,5,5,0,0.008279,26585,26585,7;23;31;39;47,7
3291,5,0,5,5,0,0.008279,26585,26585,7;23;31;39;47,7
3295,5,0,5,5,0,0.008279,26585,26585,7;23;31;39;47,7
3299,5,0,5,5,0,0.008279,26585,26585,7;23;31;39;47,7
3303,5,0,5,5,0,0.008279,26585,26585,7;23;31;39;47,7
3307,5,0,5,5,0,0.008279,26585,26585,7;23;31;39;47,7
3310,5,0,5,5,0,0.008279,26585,26585,7;23;31;39;47,7
3316,5,0,5,5,0,0.008279,26585,26585,7;23;31;39;47,7
3321,5,0,5,5,0,0.008279,26585,26585,7;23;31;39;47,7
3324,5,0,5,5,0,0.008279,26585,26585,7;23;31;39;47,7
3328,5,0,5,5,0,0.008279,26585,26585,7;23;31;39;47,7
3332,5,0,5,5,0,0.008279,26585,26585,7;23;31;39;47,7
3337,5,0,5,5,0,0.008279,26585,26585,7;23;31;39;47,7
3342,5,0,5,5,0,0.008279,26580,26580,7;23;31;39;47,7
3344,5,0,5,5,0,0.008279,26580,26580,7;23;31;39;47,7
3348,5,0,5,5,0,0.008279,26580,26580,7;23;31;39;47,7
3352,5,0,5,5,0,0.008279,26580,26580,7;23;31;39;47,7
3355,5,0,5,5,0,0.008279,26580,26580,7;23;31;39;47,7
3358,5,0,5,5,0,0.008279,26580,26580,7;23;31;39;47,7
3361,5,0,5,5,0,0.008279,26580,26580,7;23;31;39;47,7
3366,5,0,5,5,0,0.008279,26580,26580,7;23;31;39;47,7
3370,5,0,5,5,0,0.008279,26580,26580,7;23;31;39;47,7
3373,5,0,5,5,0,0.008279,26575,26575,7;23;31;39;47,7
3377,5,0,5,5,0,0.008279,26575,26575,7;23;31;39;47,7
3381,5,0,5,5,0,0.008279,26570,26570,7;23;31;39;47,7
3383,5,0,5,5,0,0.008279,26570,26570,7;23;31;39;47,7
3387,5,0,5,5,0,0.008279,26570,26570,7;23;31;39;47,7
3391,5,0,5,5,0,0.008279,26570,26570,7;23;31;39;47,7
3393,5,0,5,5,0,0.008279,26565,26565,7;23;31;39;47,7
3397,5,0,5,5,0,0.008279,26565,26565,7;23;31;39;47,7
3399,5,0,5,5,0,0.008279,26565,26565,7;23;31;39;47,7
3404,5,0,5,5,0,0.008279,26565,26565,7;23;31;39;47,7
3407,5,0,5,5,0,0.008279,26565,26565,7;23;31;39;47,7
3412,5,0,5,5,0,0.008279,26565,26565,7;23;31;39;47,7
3416,5,0,5,5,0,0.008279,26565,26565,7;23;31;39;47,7
3418,512,507,5,6,0,0.023478,26529,26529,7;23;31;39;47;55,7
3428,512,507,5,6,0,0.023976,26497,26497,7;23;31;39;47;55,7
3438,512,507,5,6,0,0.024420,26465,26465,7;23;31;39;47;55,7
3448,512,507,5,6,0,0.024899,26434,26434,7;23;31;39;47;55,7
3458,512,507,5,6,0,0.025411,26402,26402,7;23;31;39;47;55,7
3465,512,507,5,6,0,0.025834,26370,26370,7;23;31;39;47;55,7
3474,512,507,5,6,0,0.026389,26339,26339,7;23;31;39;47;55,7
3483,512,507,5,6,0,0.026852,26307,26307,7;23;31;39;47;55,7
3492,512,507,5,6,0,0.027246,26275,26275,7;23;31;39;47;55,7
3500,512,507,5,6,0,0.027751,26244,26244,7;23;31;39;47;55,7
3510,512,507,5,6,0,0.028193,26212,26212,7;23;31;39;47;55,7
3518,512,507,5,6,0,0.028513,26180,26180,7;23;31;39;47;55,7
3529,512,507,5,6,0,0.029035,26149,26149,7;23;31;39;47;55,7
3537,512,507,5,6,0,0.029377,26117,26117,7;23;31;39;47;55,7
3545,512,507,5,6,0,0.029734,26085,26085,7;23;31;39;47;55,7
3553,512,507,5,6,0,0.030023,26054,26054,7;23;31;39;47;55,7
3562,512,507,5,6,0,0.030527,26022,26022,7;23;31;39;47;55,7
3569,512,507,5,6,0,0.030922,25990,25990,7;23;31;39;47;55,7
3575,512,507,5,6,0,0.031167,25958,25958,7;23;31;39;47;55,7
3582,512,507,5,6,0,0.031595,25927,25927,7;23;31;39;47;55,7
3589,512,507,5,6,0,0.031999,25895,25895,7;23;31;39;47;55,7
3597,512,507,5,6,0,0.032209,25863,25863,7;23;31;39;47;55,7
3605,512,507,5,6,0,0.032822,25832,25832,7;23;31;39;47;55,7
3615,512,507,5,6,0,0.033290,25795,25795,7;23;31;39;47;55,7
3624,512,507,5,6,0,0.033494,25763,25763,7;23;31;39;47;55,7
3634,512,507,5,6,0,0.033932,25732,25732,7;23;31;39;47;55,7
3647,512,507,5,6,0,0.034374,25700,25700,7;23;31;39;47;55,7
3658,512,507,5,6,0,0.034617,25668,25668,7;23;31;39;47;55,7
3671,512,507,5,6,0,0.034878,25637,25637,7;23;31;39;47;55,7
3680,512,507,5,6,0,0.035452,25605,25605,7;23;31;39;47;55,7
3690,512,507,5,6,0,0.035708,25573,25573,7;23;31;39;47;55,7
3699,512,507,5,6,0,0.036184,25542,25542,7;23;31;39;47;55,7
3708,512,507,5,6,0,0.036620,25510,25510,7;23;31;39;47;55,7
3715,512,507,5,6,0,0.036884,25478,25478,7;23;31;39;47;55,7
3724,512,507,5,6,0,0.037201,25446,25446,7;23;31;39;47;55,7
3733,512,507,5,6,0,0.037691,25415,25415,7;23;31;39;47;55,7
3742,512,507,5,6,0,0.037987,25383,25383,7;23;31;39;47;55,7
3753,512,507,5,6,0,0.038302,25351,25351,7;23;31;39;47;55,7
3761,512,507,5,6,0,0.039017,25320,25320,7;23;31;39;47;55,7
3771,512,507,5,6,0,0.039250,25288,25288,7;23;31;39;47;55,7
3780,512,507,5,6,0,0.039550,25256,25256,7;23;31;39;47;55,7
3789,512,507,5,6,0,0.039855,25225,25225,7;23;31;39;47;55,7
3797,512,507,5,6,0,0.040173,25193,25193,7;23;31;39;47;55,7
3807,512,507,5,6,0,0.040556,25161,25161,7;23;31;39;47;55,7
3817,512,507,5,6,0,0.040941,25130,25130,7;23;31;39;47;55,7
3826,512,507,5,6,0,0.041536,25098,25098,7;23;31;39;47;55,7
3836,512,507,5,6,0,0.041839,25066,25066,7;23;31;39;47;55,7
3850,512,507,5,6,0,0.042298,25035,25035,7;23;31;39;47;55,7
3862,512,507,5,6,0,0.042624,25003,25003,7;23;31;39;47;55,7
3875,512,507,5,6,0,0.042892,24971,24971,7;23;31;39;47;55,7
3884,512,507,5,6,0,0.043181,24939,24939,7;23;31;39;47;55,7
3896,512,507,5,6,0,0.043695,24908,24908,7;23;31;39;47;55,7
3909,512,507,5,6,0,0.043839,24876,24876,7;23;31;39;47;55,7
3923,512,507,5,6,0,0.044412,24844,24844,7;23;31;39;47;55,7
3937,512,507,5,7,1,0.044801,24808,24808,7;23;31;39;47;55;63,7
3949,512,506,6,7,0,0.023977,24776,24776,7;23;31;39;47;55;63,7
3958,512,506,6,8,1,0.024638,24740,24740,7;23;31;39;47;55;63;71,7
3967,512,505,7,8,0,0.024178,24708,24708,7;23;31;39;47;55;63;71,7
3973,512,505,7,8,0,0.024527,24672,24672,7;23;31;39;47;55;63;71,7
3983,512,505,7,8,0,0.025108,24640,24640,7;23;31;39;47;55;63;71,7
3990,512,505,7,8,0,0.025554,24609,24609,7;23;31;39;47;55;63;71,7
3999,512,505,7,8,0,0.025994,24577,24577,7;23;31;39;47;55;63;71,7
4009,512,505,7,8,0,0.026536,24546,24546,7;23;31;39;47;55;63;71,7
4018,512,505,7,8,0,0.026952,24514,24514,7;23;31;39;47;55;63;71,7
4027,512,505,7,8,0,0.027352,24482,24482,7;23;31;39;47;55;63;71,7
4036,512,505,7,8,0,0.027811,24451,24451,7;23;31;39;47;55;63;71,7
4045,512,505,7,8,0,0.028238,24419,24419,7;23;31;39;47;55;63;71,7
4055,512,505,7,8,0,0.028689,24383,24383,7;23;31;39;47;55;63;71,7
4064,512,505,7,8,0,0.029055,24351,24351,7;23;31;39;47;55;63;71,7
4074,512,505,7,8,0,0.029560,24315,24315,7;23;31;39;47;55;63;71,7
4083,512,505,7,8,0,0.029881,24283,24283,7;23;31;39;47;55;63;71,7
4092,512,505,7,8,0,0.030305,24251,24251,7;23;31;39;47;55;63;71,7
4102,512,505,7,8,0,0.030712,24220,24220,7;23;31;39;47;55;63;71,7
4112,512,505,7,8,0,0.031036,24183,24183,7;23;31;39;47;55;63;71,7
4124,512,505,7,8,0,0.031435,24152,24152,7;23;31;39;47;55;63;71,7
4134,512,505,7,8,0,0.031815,24120,24120,7;23;31;39;47;55;63;71,7
4143,512,505,7,8,0,0.032094,24089,24089,7;23;31;39;47;55;63;71,7
4151,512,505,7,8,0,0.032516,24057,24057,7;23;31;39;47;55;63;71,7
4161,512,505,7,8,0,0.032840,24026,24026,7;23;31;39;47;55;63;71,7
4168,512,505,7,8,0,0.033372,23994,23994,7;23;31;39;47;55;63;71,7
4175,512,505,7,9,1,0.033811,23958,23958,7;23;31;39;47;55;63;71;79,7
4183,512,504,8,9,0,0.024218,23927,23927,7;23;31;39;47;55;63;71;79,7
4188,199,191,8,9,1,0.012041,23915,23915,7;23;31;39;47;55;63;71;79,7
4191,9,0,9,9,0,0.009093,23915,23915,7;23;31;39;47;55;63;71;79,7
4195,9,0,9,9,0,0.009093,23915,23915,7;23;31;39;47;55;63;71;79,7
4198,9,0,9,9,0,0.009093,23915,23915,7;23;31;39;47;55;63;71;79,7
4200,9,0,9,9,0,0.009093,23915,23915,7;23;31;39;47;55;63;71;79,7
4201,9,0,9,9,0,0.009093,23915,23915,7;23;31;39;47;55;63;71;79,7
4206,9,0,9,9,0,0.009093,23915,23915,7;23;31;39;47;55;63;71;79,7
4208,9,0,9,9,0,0.009093,23915,23915,7;23;31;39;47;55;63;71;79,7
4211,512,503,9,10,0,0.024204,23879,23879,7;23;31;39;47;55;63;71;79;87,7
4217,512,503,9,10,0,0.024703,23848,23848,7;23;31;39;47;55;63;71;79;87,7
4222,512,503,9,10,0,0.025146,23816,23816,7;23;31;39;47;55;63;71;79;87,7
4228,512,503,9,10,0,0.025625,23785,23785,7;23;31;39;47;55;63;71;79;87,7
4234,512,503,9,10,0,0.026137,23753,23753,7;23;31;39;47;55;63;71;79;87,7
4240,512,503,9,10,0,0.026560,23722,23722,7;23;31;39;47;55;63;71;79;87,7
4245,512,503,9,10,0,0.027115,23690,23690,7;23;31;39;47;55;63;71;79;87,7
4252,512,503,9,10,0,0.027578,23659,23659,7;23;31;39;47;55;63;71;79;87,7
4262,512,503,9,10,0,0.027967,23628,23628,7;23;31;39;47;55;63;71;79;87,7
4270,512,503,9,10,0,0.028277,23596,23596,7;23;31;39;47;55;63;71;79;87,7
4278,512,503,9,10,0,0.028889,23565,23565,7;23;31;39;47;55;63;71;79;87,7
4288,512,503,9,10,0,0.029240,23533,23533,7;23;31;39;47;55;63;71;79;87,7
4297,512,503,9,10,0,0.029509,23502,23502,7;23;31;39;47;55;63;71;79;87,7
4307,512,503,9,10,0,0.030104,23465,23465,7;23;31;39;47;55;63;71;79;87,7
4312,512,503,9,10,0,0.030461,23434,23434,7;23;31;39;47;55;63;71;79;87,7
4319,512,503,9,10,0,0.030738,23403,23403,7;23;31;39;47;55;63;71;79;87,7
4326,512,503,9,10,0,0.031062,23371,23371,7;23;31;39;47;55;63;71;79;87,7
4334,512,503,9,10,0,0.031618,23340,23340,7;23;31;39;47;55;63;71;79;87,7
4340,512,503,9,10,0,0.031875,23308,23308,7;23;31;39;47;55;63;71;79;87,7
4347,512,503,9,10,0,0.032177,23277,23277,7;23;31;39;47;55;63;71;79;87,7
4355,512,503,9,10,0,0.032710,23245,23245,7;23;31;39;47;55;63;71;79;87,7
4363,512,503,9,10,0,0.032916,23214,23214,7;23;31;39;47;55;63;71;79;87,7
4369,512,503,9,10,0,0.033290,23182,23182,7;23;31;39;47;55;63;71;79;87,7
4377,512,504,8,9,0,0.033531,23212,23212,7;23;31;39;47;55;71;79;87,7
4384,512,504,8,9,0,0.033982,23180,23180,7;23;31;39;47;55;71;79;87,7
4391,512,504,8,9,0,0.034310,23149,23149,7;23;31;39;47;55;71;79;87,7
4401,512,504,8,9,0,0.034609,23117,23117,7;23;31;39;47;55;71;79;87,7
4409,512,504,8,9,0,0.035102,23086,23086,7;23;31;39;47;55;71;79;87,7
4415,512,504,8,9,0,0.035383,23054,23054,7;23;31;39;47;55;71;79;87,7
4425,512,504,8,9,0,0.035776,23023,23023,7;23;31;39;47;55;71;79;87,7
4431,512,504,8,9,0,0.036036,22991,22991,7;23;31;39;47;55;71;79;87,7
4439,512,504,8,9,0,0.036553,22960,22960,7;23;31;39;47;55;71;79;87,7
4447,512,504,8,9,0,0.036934,22928,22928,7;23;31;39;47;55;71;79;87,7
4455,512,504,8,9,0,0.037218,22897,22897,7;23;31;39;47;55;71;79;87,7
4463,512,504,8,9,0,0.037590,22865,22865,7;23;31;39;47;55;71;79;87,7
4473,512,504,8,9,0,0.038006,22834,22834,7;23;31;39;47;55;71;79;87,7
4481,512,504,8,9,0,0.038310,22802,22802,7;23;31;39;47;55;71;79;87,7
4489,512,504,8,9,0,0.038733,22771,22771,7;23;31;39;47;55;71;79;87,7
4498,512,504,8,9,0,0.039096,22739,22739,7;23;31;39;47;55;71;79;87,7
4507,512,504,8,9,0,0.039574,22703,22703,7;23;31;39;47;55;71;79;87,7
4516,512,505,7,8,0,0.040102,22735,22735,7;23;31;39;47;55;71;87,7
4525,512,505,7,8,0,0.040395,22704,22704,7;23;31;39;47;55;71;87,7
4535,512,505,7,8,0,0.040658,22672,22672,7;23;31;39;47;55;71;87,7
4543,512,505,7,8,0,0.041104,22641,22641,7;23;31;39;47;55;71;87,7
4552,512,505,7,8,0,0.041466,22609,22609,7;23;31;39;47;55;71;87,7
4560,512,505,7,8,0,0.041974,22578,22578,7;23;31;39;47;55;71;87,7
4571,512,505,7,8,0,0.042446,22546,22546,7;23;31;39;47;55;71;87,7
4579,512,505,7,8,0,0.042744,22514,22514,7;23;31;39;47;55;71;87,7
4588,512,505,7,8,0,0.043228,22478,22478,7;23;31;39;47;55;71;87,7
4599,512,505,7,8,0,0.043414,22446,22446,7;23;31;39;47;55;71;87,7
4611,512,505,7,8,0,0.043667,22415,22415,7;23;31;39;47;55;71;87,7
4621,512,505,7,8,0,0.044204,22383,22383,7;23;31;39;47;55;71;87,7
4632,512,505,7,8,0,0.044476,22352,22352,7;23;31;39;47;55;71;87,7
4646,512,505,7,8,0,0.044982,22320,22320,7;23;31;39;47;55;71;87,7
4662,512,505,7,8,0,0.045410,22289,22289,7;23;31;39;47;55;71;87,7
4680,512,505,7,8,0,0.045796,22252,22252,7;23;31;39;47;55;71;87,7
4694,512,505,7,8,0,0.046200,22220,22220,7;23;31;39;47;55;71;87,7
4709,512,505,7,8,0,0.046481,22184,22184,7;23;31;39;47;55;71;87,7
4725,512,505,7,8,0,0.046714,22152,22152,7;23;31;39;47;55;71;87,7
4740,512,505,7,8,0,0.047271,22116,22116,7;23;31;39;47;55;71;87,7
4756,512,505,7,8,0,0.047461,22084,22084,7;23;31;39;47;55;71;87,7
4772,512,505,7,8,0,0.047981,22053,22053,7;23;31;39;47;55;71;87,7
4788,512,505,7,8,0,0.048214,22021,22021,7;23;31;39;47;55;71;87,7
4805,512,505,7,8,0,0.048855,21984,21984,7;23;31;39;47;55;71;87,7
4820,512,505,7,8,0,0.049136,21953,21953,7;23;31;39;47;55;71;87,7
4835,512,505,7,8,0,0.049483,21921,21921,7;23;31;39;47;55;71;87,7
4845,512,505,7,8,0,0.049824,21890,21890,7;23;31;39;47;55;71;87,7
4860,512,505,7,8,0,0.050304,21858,21858,7;23;31;39;47;55;71;87,7
4871,512,505,7,8,0,0.050489,21827,21827,7;23;31;39;47;55;71;87,7
4881,512,505,7,8,0,0.051016,21795,21795,7;23;31;39;47;55;71;87,7
4893,512,505,7,8,0,0.051380,21764,21764,7;23;31;39;47;55;71;87,7
4903,512,505,7,8,0,0.051957,21732,21732,7;23;31;39;47;55;71;87,7
4916,512,505,7,8,0,0.052086,21700,21700,7;23;31;39;47;55;71;87,7
4928,512,505,7,8,0,0.052407,21669,21669,7;23;31;39;47;55;71;87,7
4939,512,505,7,8,0,0.052754,21637,21637,7;23;31;39;47;55;71;87,7
4951,512,505,7,8,0,0.053357,21606,21606,7;23;31;39;47;55;71;87,7
4963,512,505,7,8,0,0.053571,21574,21574,7;23;31;39;47;55;71;87,7
4976,512,505,7,8,0,0.054139,21543,21543,7;23;31;39;47;55;71;87,7
4989,512,505,7,8,0,0.054410,21511,21511,7;23;31;39;47;55;71;87,7
5001,512,506,6,7,0,0.054070,23189,23189,23;31;39;47;55;71;87,7
5018,512,506,6,7,0,0.054552,23158,23158,23;31;39;47;55;71;87,7
5035,512,506,6,7,0,0.054937,23126,23126,23;31;39;47;55;71;87,7
5053,512,506,6,7,0,0.055253,23095,23095,23;31;39;47;55;71;87,7
5070,512,506,6,7,0,0.055581,23063,23063,23;31;39;47;55;71;87,7
5088,512,506,6,8,1,0.056050,23026,23026,23;31;39;47;55;71;87;95,7
5099,512,505,7,8,0,0.024494,22995,22995,23;31;39;47;55;71;87;95,7
5104,512,505,7,8,0,0.024934,22963,22963,23;31;39;47;55;71;87;95,7
5112,512,505,7,8,0,0.025440,22932,22932,23;31;39;47;55;71;87;95,7
5117,512,505,7,8,0,0.025935,22900,22900,23;31;39;47;55;71;87;95,7
5124,512,506,6,7,0,0.026059,23854,23854,23;39;47;55;71;87;95,7
5132,512,506,6,7,0,0.026593,23822,23822,23;39;47;55;71;87;95,7
5138,512,506,6,7,0,0.027167,23790,23790,23;39;47;55;71;87;95,7
5144,512,506,6,7,0,0.027531,23759,23759,23;39;47;55;71;87;95,7
5151,512,506,6,7,0,0.028008,23727,23727,23;39;47;55;71;87;95,7
5158,512,506,6,7,0,0.028489,23695,23695,23;39;47;55;71;87;95,7
5164,512,506,6,7,0,0.028867,23664,23664,23;39;47;55;71;87;95,7
5171,512,506,6,7,0,0.029266,23632,23632,23;39;47;55;71;87;95,7
5178,512,506,6,7,0,0.029790,23601,23601,23;39;47;55;71;87;95,7
5185,512,506,6,7,0,0.030134,23569,23569,23;39;47;55;71;87;95,7
5195,512,506,6,7,0,0.030469,23537,23537,23;39;47;55;71;87;95,7
5206,512,506,6,7,0,0.030972,23506,23506,23;39;47;55;71;87;95,7
5215,512,506,6,7,0,0.031297,23474,23474,23;39;47;55;71;87;95,7
5225,512,506,6,7,0,0.031661,23442,23442,23;39;47;55;71;87;95,7
5235,512,506,6,7,0,0.032088,23411,23411,23;39;47;55;71;87;95,7
5246,512,506,6,7,0,0.032346,23379,23379,23;39;47;55;71;87;95,7
5258,512,506,6,7,0,0.032736,23348,23348,23;39;47;55;71;87;95,7
5266,512,506,6,7,0,0.033094,23316,23316,23;39;47;55;71;87;95,7
5274,512,506,6,7,0,0.033620,23284,23284,23;39;47;55;71;87;95,7
5282,512,506,6,7,0,0.034018,23253,23253,23;39;47;55;71;87;95,7
5289,512,506,6,7,0,0.034340,23221,23221,23;39;47;55;71;87;95,7
5298,512,506,6,7,0,0.034662,23189,23189,23;39;47;55;71;87;95,7
5307,512,506,6,7,0,0.035094,23158,23158,23;39;47;55;71;87;95,7
5315,512,506,6,7,0,0.035444,23126,23126,23;39;47;55;71;87;95,7
5324,512,506,6,7,0,0.035869,23095,23095,23;39;47;55;71;87;95,7
5332,512,506,6,7,0,0.036169,23063,23063,23;39;47;55;71;87;95,7
5340,512,506,6,7,0,0.036687,23031,23031,23;39;47;55;71;87;95,7
5351,512,506,6,7,0,0.037126,23000,23000,23;39;47;55;71;87;95,7
5360,512,506,6,7,0,0.037326,22968,22968,23;39;47;55;71;87;95,7
5370,512,506,6,7,0,0.037736,22936,22936,23;39;47;55;71;87;95,7
5379,512,506,6,7,0,0.038207,22900,22900,23;39;47;55;71;87;95,7
5387,512,506,6,7,0,0.038396,22868,22868,23;39;47;55;71;87;95,7
5400,512,506,6,7,0,0.038704,22837,22837,23;39;47;55;71;87;95,7
5408,512,506,6,7,0,0.039190,22805,22805,23;39;47;55;71;87;95,7
5418,512,506,6,7,0,0.039728,22773,22773,23;39;47;55;71;87;95,7
5427,512,506,6,7,0,0.039967,22742,22742,23;39;47;55;71;87;95,7
5438,512,506,6,7,0,0.040381,22710,22710,23;39;47;55;71;87;95,7
5447,512,506,6,7,0,0.040673,22678,22678,23;39;47;55;71;87;95,7
5460,512,506,6,7,0,0.040885,22647,22647,23;39;47;55;71;87;95,7
5473,512,506,6,7,0,0.041422,22610,22610,23;39;47;55;71;87;95,7
5486,512,506,6,7,0,0.041966,22579,22579,23;39;47;55;71;87;95,7
5499,512,506,6,7,0,0.042250,22547,22547,23;39;47;55;71;87;95,7
5513,512,506,6,7,0,0.042534,22515,22515,23;39;47;55;71;87;95,7
5525,512,506,6,7,0,0.043223,22484,22484,23;39;47;55;71;87;95,7
5539,512,506,6,7,0,0.043327,22452,22452,23;39;47;55;71;87;95,7
5553,512,507,5,6,0,0.043492,22501,22501,23;39;55;71;87;95,7
5567,512,507,5,6,0,0.044084,22465,22465,23;39;55;71;87;95,7
5584,512,507,5,6,0,0.044304,22433,22433,23;39;55;71;87;95,7
5601,512,507,5,6,0,0.044585,22396,22396,23;39;55;71;87;95,7
5618,512,507,5,6,0,0.045314,22365,22365,23;39;55;71;87;95,7
5636,512,507,5,6,0,0.045517,22333,22333,23;39;55;71;87;95,7
5653,512,507,5,6,0,0.045876,22301,22301,23;39;55;71;87;95,7
5670,512,507,5,6,0,0.046386,22270,22270,23;39;55;71;87;95,7
5687,512,507,5,6,0,0.046584,22238,22238,23;39;55;71;87;95,7
5705,512,507,5,6,0,0.046815,22201,22201,23;39;55;71;87;95,7
5723,512,507,5,6,0,0.047256,22169,22169,23;39;55;71;87;95,7
5741,512,507,5,6,0,0.047597,22138,22138,23;39;55;71;87;95,7
5758,512,507,5,6,0,0.048031,22106,22106,23;39;55;71;87;95,7
5776,512,507,5,6,0,0.048300,22074,22074,23;39;55;71;87;95,7
5794,512,507,5,6,0,0.048961,22043,22043,23;39;55;71;87;95,7
5813,512,507,5,6,0,0.049150,22011,22011,23;39;55;71;87;95,7
5833,512,507,5,6,0,0.049591,21979,21979,23;39;55;71;87;95,7
5857,512,507,5,6,0,0.050016,21948,21948,23;39;55;71;87;95,7
5885,512,507,5,6,0,0.050288,21916,21916,23;39;55;71;87;95,7
5912,512,507,5,6,0,0.050584,21884,21884,23;39;55;71;87;95,7
5940,512,507,5,6,0,0.051201,21853,21853,23;39;55;71;87;95,7
5969,512,507,5,6,0,0.051359,21821,21821,23;39;55;71;87;95,7
6000,512,507,5,6,0,0.051904,21789,21789,23;39;55;71;87;95,7
6030,512,507,5,6,0,0.052098,21758,21758,23;39;55;71;87;95,7
6057,512,507,5,6,0,0.052446,21726,21726,23;39;55;71;87;95,7
6088,512,507,5,6,0,0.052772,21694,21694,23;39;55;71;87;95,7
6116,512,507,5,6,0,0.053443,21662,21662,23;39;55;71;87;95,7
6146,512,507,5,6,0,0.053653,21631,21631,23;39;55;71;87;95,7
6176,512,507,5,6,0,0.054151,21594,21594,23;39;55;71;87;95,7
6208,512,507,5,6,0,0.054418,21562,21562,23;39;55;71;87;95,7
6236,512,507,5,6,0,0.054724,21531,21531,23;39;55;71;87;95,7
6267,512,507,5,6,0,0.055046,21499,21499,23;39;55;71;87;95,7
6298,512,507,5,6,0,0.055575,21467,21467,23;39;55;71;87;95,7
6327,512,507,5,6,0,0.055885,21436,21436,23;39;55;71;87;95,7
6357,512,507,5,6,0,0.056519,21404,21404,23;39;55;71;87;95,7
6388,512,507,5,6,0,0.056743,21372,21372,23;39;55;71;87;95,7
6419,512,507,5,6,0,0.057148,21341,21341,23;39;55;71;87;95,7
6450,512,507,5,6,0,0.057337,21309,21309,23;39;55;71;87;95,7
6481,512,507,5,6,0,0.057695,21277,21277,23;39;55;71;87;95,7
6511,512,507,5,6,0,0.058060,21246,21246,23;39;55;71;87;95,7
6543,512,507,5,6,0,0.058634,21214,21214,23;39;55;71;87;95,7
6575,512,507,5,6,0,0.059117,21182,21182,23;39;55;71;87;95,7
6609,512,507,5,6,0,0.059497,21150,21150,23;39;55;71;87;95,7
6646,512,507,5,6,0,0.059807,21119,21119,23;39;55;71;87;95,7
6682,512,507,5,6,0,0.060210,21087,21087,23;39;55;71;87;95,7
6720,512,507,5,6,0,0.060413,21055,21055,23;39;55;71;87;95,7
6757,512,507,5,6,0,0.060787,21024,21024,23;39;55;71;87;95,7
6795,512,507,5,6,0,0.061172,20992,20992,23;39;55;71;87;95,7
6832,512,507,5,6,0,0.061544,20960,20960,23;39;55;71;87;95,7
6870,512,507,5,6,0,0.061877,20929,20929,23;39;55;71;87;95,7
6908,512,507,5,6,0,0.062541,20897,20897,23;39;55;71;87;95,7
6945,512,507,5,6,0,0.062785,20865,20865,23;39;55;71;87;95,7
6986,512,507,5,6,0,0.063258,20834,20834,23;39;55;71;87;95,7
7025,512,507,5,6,0,0.063458,20802,20802,23;39;55;71;87;95,7
7064,512,507,5,6,0,0.063799,20770,20770,23;39;55;71;87;95,7
7104,512,507,5,6,0,0.064093,20739,20739,23;39;55;71;87;95,7
7143,512,507,5,6,0,0.064490,20707,20707,23;39;55;71;87;95,7
7183,512,507,5,6,0,0.064891,20675,20675,23;39;55;71;87;95,7
7223,512,507,5,6,0,0.065549,20643,20643,23;39;55;71;87;95,7
7263,512,507,5,6,0,0.065850,20612,20612,23;39;55;71;87;95,7
7303,512,507,5,6,0,0.066276,20580,20580,23;39;55;71;87;95,7
7344,512,507,5,6,0,0.066498,20548,20548,23;39;55;71;87;95,7
7386,512,507,5,6,0,0.066769,20517,20517,23;39;55;71;87;95,7
7427,512,507,5,6,0,0.067163,20485,20485,23;39;55;71;87;95,7
7468,512,507,5,6,0,0.067600,20453,20453,23;39;55;71;87;95,7
7508,512,507,5,6,0,0.067950,20417,20417,23;39;55;71;87;95,7
7553,512,507,5,6,0,0.068531,20385,20385,23;39;55;71;87;95,7
7596,512,507,5,6,0,0.068772,20353,20353,23;39;55;71;87;95,7
7641,512,507,5,6,0,0.069264,20322,20322,23;39;55;71;87;95,7
7686,512,507,5,6,0,0.069533,20290,20290,23;39;55;71;87;95,7
7732,512,507,5,6,0,0.069916,20258,20258,23;39;55;71;87;95,7
7778,512,507,5,6,0,0.070206,20227,20227,23;39;55;71;87;95,7
7823,512,507,5,6,0,0.070494,20195,20195,23;39;55;71;87;95,7
7869,512,507,5,6,0,0.070951,20163,20163,23;39;55;71;87;95,7
7915,512,507,5,6,0,0.071721,20131,20131,23;39;55;71;87;95,7
7959,512,507,5,6,0,0.071838,20100,20100,23;39;55;71;87;95,7
7997,512,507,5,6,0,0.072471,20068,20068,23;39;55;71;87;95,7
8035,512,507,5,6,0,0.072516,20036,20036,23;39;55;71;87;95,7
8073,512,507,5,6,0,0.072871,20005,20005,23;39;55;71;87;95,7
8111,512,507,5,6,0,0.073189,19973,19973,23;39;55;71;87;95,7
8148,512,507,5,6,0,0.073499,19941,19941,23;39;55;71;87;95,7
8187,512,507,5,6,0,0.074070,19905,19905,23;39;55;71;87;95,7
8227,512,507,5,6,0,0.074871,19873,19873,23;39;55;71;87;95,7
8267,512,507,5,6,0,0.074800,19836,19836,23;39;55;71;87;95,7
8309,512,507,5,6,0,0.075317,19805,19805,23;39;55;71;87;95,7
8340,512,507,5,6,0,0.075529,19773,19773,23;39;55;71;87;95,7
8371,512,507,5,6,0,0.075815,19741,19741,23;39;55;71;87;95,7
8402,512,507,5,6,0,0.076176,19710,19710,23;39;55;71;87;95,7
8432,512,507,5,6,0,0.076510,19678,19678,23;39;55;71;87;95,7
8463,512,507,5,6,0,0.077147,19641,19641,23;39;55;71;87;95,7
8491,512,507,5,6,0,0.077396,19609,19609,23;39;55;71;87;95,7
8513,512,507,5,6,0,0.077734,19578,19578,23;39;55;71;87;95,7
8535,512,507,5,6,0,0.078552,19546,19546,23;39;55;71;87;95,7
8557,512,508,4,5,0,0.078475,20293,20293,23;39;55;87;95,7
8578,512,508,4,5,0,0.078700,20262,20262,23;39;55;87;95,7
8599,512,508,4,5,0,0.079125,20230,20230,23;39;55;87;95,7
8622,512,508,4,5,0,0.079166,20198,20198,23;39;55;87;95,7
8644,512,508,4,5,0,0.079702,20166,20166,23;39;55;87;95,7
8665,512,508,4,5,0,0.080408,20135,20135,23;39;55;87;95,7
8687,512,508,4,5,0,0.080620,20103,20103,23;39;55;87;95,7
8702,512,508,4,5,0,0.080785,20071,20071,23;39;55;87;95,7
8715,512,508,4,5,0,0.081436,20039,20039,23;39;55;87;95,7
8729,512,508,4,5,0,0.081515,20008,20008,23;39;55;87;95,7
8744,512,508,4,5,0,0.081912,19976,19976,23;39;55;87;95,7
8757,512,508,4,5,0,0.082318,19944,19944,23;39;55;87;95,7
8772,512,508,4,5,0,0.082780,19912,19912,23;39;55;87;95,7
8785,512,508,4,5,0,0.082990,19881,19881,23;39;55;87;95,7
8800,512,508,4,5,0,0.083724,19849,19849,23;39;55;87;95,7
8814,512,508,4,5,0,0.083998,19812,19812,23;39;55;87;95,7
8829,512,508,4,5,0,0.084367,19780,19780,23;39;55;87;95,7
8845,512,508,4,5,0,0.084747,19749,19749,23;39;55;87;95,7
8862,512,508,4,5,0,0.085074,19717,19717,23;39;55;87;95,7
8878,512,508,4,5,0,0.085082,19685,19685,23;39;55;87;95,7
8893,512,508,4,6,1,0.086081,19651,19651,23;39;55;87;95;103,7
8910,512,507,5,6,0,0.025705,19619,19619,23;39;55;87;95;103,7
8916,512,507,5,6,0,0.026149,19587,19587,23;39;55;87;95;103,7
8922,512,507,5,6,0,0.026628,19556,19556,23;39;55;87;95;103,7
8926,512,507,5,7,1,0.027337,19520,19520,23;39;55;87;95;103;111,7
8933,512,506,6,7,0,0.025208,19488,19488,23;39;55;87;95;103;111,7
8938,512,506,6,7,0,0.025574,19456,19456,23;39;55;87;95;103;111,7
8942,512,506,6,7,0,0.026141,19425,19425,23;39;55;87;95;103;111,7
8944,512,506,6,7,0,0.026581,19393,19393,23;39;55;87;95;103;111,7
8946,512,506,6,7,0,0.027075,19361,19361,23;39;55;87;95;103;111,7
8948,512,506,6,7,0,0.027530,19330,19330,23;39;55;87;95;103;111,7
8951,512,506,6,7,0,0.028068,19298,19298,23;39;55;87;95;103;111,7
8952,512,506,6,7,0,0.028529,19267,19267,23;39;55;87;95;103;111,7
8954,512,506,6,7,0,0.028941,19235,19235,23;39;55;87;95;103;111,7
8957,512,506,6,7,0,0.029420,19203,19203,23;39;55;87;95;103;111,7
8959,512,506,6,7,0,0.029870,19172,19172,23;39;55;87;95;103;111,7
8961,512,506,6,7,0,0.030192,19140,19140,23;39;55;87;95;103;111,7
8963,512,506,6,7,0,0.030718,19108,19108,23;39;55;87;95;103;111,7
8965,512,506,6,7,0,0.031086,19077,19077,23;39;55;87;95;103;111,7
8967,512,506,6,7,0,0.031389,19045,19045,23;39;55;87;95;103;111,7
8970,512,506,6,7,0,0.031894,19014,19014,23;39;55;87;95;103;111,7
8972,512,506,6,7,0,0.032219,18982,18982,23;39;55;87;95;103;111,7
8975,512,506,6,7,0,0.032577,18950,18950,23;39;55;87;95;103;111,7
8976,512,506,6,7,0,0.033030,18919,18919,23;39;55;87;95;103;111,7
8978,512,506,6,7,0,0.033270,18887,18887,23;39;55;87;95;103;111,7
8981,512,506,6,7,0,0.033655,18855,18855,23;39;55;87;95;103;111,7
8983,512,507,5,6,0,0.034082,18986,18986,23;55;87;95;103;111,7
8986,512,507,5,6,0,0.034616,18954,18954,23;55;87;95;103;111,7
8988,512,507,5,6,0,0.035018,18922,18922,23;55;87;95;103;111,7
8989,512,507,5,6,0,0.035366,18891,18891,23;55;87;95;103;111,7
8992,512,507,5,6,0,0.035657,18859,18859,23;55;87;95;103;111,7
8994,512,507,5,6,0,0.036120,18827,18827,23;55;87;95;103;111,7
8997,512,507,5,6,0,0.036357,18791,18791,23;55;87;95;103;111,7
8999,512,507,5,6,0,0.036849,18759,18759,23;55;87;95;103;111,7
9001,512,507,5,6,0,0.037197,18727,18727,23;55;87;95;103;111,7
9004,512,507,5,6,0,0.037447,18696,18696,23;55;87;95;103;111,7
9005,512,507,5,6,0,0.038127,18664,18664,23;55;87;95;103;111,7
9008,512,507,5,6,0,0.038354,18632,18632,23;55;87;95;103;111,7
9010,512,507,5,6,0,0.038617,18601,18601,23;55;87;95;103;111,7
9013,512,507,5,6,0,0.039207,18569,18569,23;55;87;95;103;111,7
9015,512,507,5,6,0,0.039442,18537,18537,23;55;87;95;103;111,7
9018,512,507,5,6,0,0.039749,18505,18505,23;55;87;95;103;111,7
9020,512,507,5,6,0,0.040236,18474,18474,23;55;87;95;103;111,7
9021,512,507,5,6,0,0.040763,18442,18442,23;55;87;95;103;111,7
9024,512,507,5,6,0,0.041007,18405,18405,23;55;87;95;103;111,7
9026,512,507,5,6,0,0.041291,18374,18374,23;55;87;95;103;111,7
9029,512,507,5,6,0,0.041714,18342,18342,23;55;87;95;103;111,7
9031,512,507,5,6,0,0.041924,18310,18310,23;55;87;95;103;111,7
9034,512,507,5,6,0,0.042295,18279,18279,23;55;87;95;103;111,7
9036,512,507,5,7,1,0.042939,18242,18242,23;55;87;95;103;111;119,7
9039,512,506,6,7,0,0.025282,18206,18206,23;55;87;95;103;111;119,7
9040,512,506,6,7,0,0.025724,18174,18174,23;55;87;95;103;111;119,7
9042,512,506,6,7,0,0.026198,18143,18143,23;55;87;95;103;111;119,7
9044,512,506,6,7,0,0.026656,18111,18111,23;55;87;95;103;111;119,7
9046,512,506,6,7,0,0.027149,18079,18079,23;55;87;95;103;111;119,7
9047,512,506,6,7,0,0.027604,18048,18048,23;55;87;95;103;111;119,7
9050,512,506,6,7,0,0.028142,18016,18016,23;55;87;95;103;111;119,7
9052,512,506,6,7,0,0.028603,17984,17984,23;55;87;95;103;111;119,7
9053,512,506,6,7,0,0.029015,17953,17953,23;55;87;95;103;111;119,7
9055,512,506,6,7,0,0.029494,17921,17921,23;55;87;95;103;111;119,7
9057,512,506,6,7,0,0.029944,17890,17890,23;55;87;95;103;111;119,7
9059,512,506,6,7,0,0.030242,17858,17858,23;55;87;95;103;111;119,7
9060,512,506,6,7,0,0.030764,17826,17826,23;55;87;95;103;111;119,7
9063,512,506,6,7,0,0.031148,17795,17795,23;55;87;95;103;111;119,7
9065,512,506,6,7,0,0.031463,17763,17763,23;55;87;95;103;111;119,7
9066,512,506,6,7,0,0.031968,17731,17731,23;55;87;95;103;111;119,7
9069,512,506,6,7,0,0.032293,17700,17700,23;55;87;95;103;111;119,7
9071,512,506,6,7,0,0.032651,17668,17668,23;55;87;95;103;111;119,7
9073,512,506,6,7,0,0.033104,17637,17637,23;55;87;95;103;111;119,7
9075,512,506,6,7,0,0.033344,17605,17605,23;55;87;95;103;111;119,7
9076,512,506,6,7,0,0.033729,17573,17573,23;55;87;95;103;111;119,7
9079,512,506,6,7,0,0.034082,17542,17542,23;55;87;95;103;111;119,7
9081,512,506,6,7,0,0.034552,17505,17505,23;55;87;95;103;111;119,7
9082,512,506,6,7,0,0.035019,17473,17473,23;55;87;95;103;111;119,7
9085,512,506,6,7,0,0.035219,17442,17442,23;55;87;95;103;111;119,7
9087,512,506,6,7,0,0.035657,17405,17405,23;55;87;95;103;111;119,7
9089,512,506,6,7,0,0.036120,17374,17374,23;55;87;95;103;111;119,7
9091,512,506,6,7,0,0.036357,17342,17342,23;55;87;95;103;111;119,7
9093,512,506,6,7,0,0.036849,17310,17310,23;55;87;95;103;111;119,7
9095,512,506,6,7,0,0.037197,17279,17279,23;55;87;95;103;111;119,7
9097,512,506,6,7,0,0.037447,17247,17247,23;55;87;95;103;111;119,7
9100,512,506,6,7,0,0.038127,17215,17215,23;55;87;95;103;111;119,7
9101,512,506,6,7,0,0.038354,17184,17184,23;55;87;95;103;111;119,7
9103,512,506,6,7,0,0.038608,17152,17152,23;55;87;95;103;111;119,7
9106,512,506,6,7,0,0.038926,17121,17121,23;55;87;95;103;111;119,7
9107,512,506,6,7,0,0.039416,17089,17089,23;55;87;95;103;111;119,7
9110,512,506,6,7,0,0.039712,17057,17057,23;55;87;95;103;111;119,7
9112,512,506,6,7,0,0.040027,17026,17026,23;55;87;95;103;111;119,7
9114,512,506,6,7,0,0.040741,16994,16994,23;55;87;95;103;111;119,7
9116,512,506,6,7,0,0.040985,16962,16962,23;55;87;95;103;111;119,7
9118,512,506,6,7,0,0.041270,16931,16931,23;55;87;95;103;111;119,7
9121,512,506,6,7,0,0.041692,16899,16899,23;55;87;95;103;111;119,7
9122,512,506,6,7,0,0.041903,16868,16868,23;55;87;95;103;111;119,7
9125,512,506,6,7,0,0.042281,16836,16836,23;55;87;95;103;111;119,7
9127,512,506,6,7,0,0.042666,16804,16804,23;55;87;95;103;111;119,7
9130,512,506,6,7,0,0.043261,16773,16773,23;55;87;95;103;111;119,7
9131,512,506,6,7,0,0.043564,16741,16741,23;55;87;95;103;111;119,7
9133,512,506,6,7,0,0.044023,16709,16709,23;55;87;95;103;111;119,7
9136,512,506,6,7,0,0.044349,16678,16678,23;55;87;95;103;111;119,7
9138,512,506,6,7,0,0.044617,16646,16646,23;55;87;95;103;111;119,7
9140,512,506,6,7,0,0.044905,16615,16615,23;55;87;95;103;111;119,7
9142,512,506,6,7,0,0.045420,16583,16583,23;55;87;95;103;111;119,7
9145,512,506,6,7,0,0.045695,16551,16551,23;55;87;95;103;111;119,7
9147,512,506,6,7,0,0.046225,16520,16520,23;55;87;95;103;111;119,7
9149,512,506,6,7,0,0.046479,16488,16488,23;55;87;95;103;111;119,7
9151,512,506,6,7,0,0.046880,16456,16456,23;55;87;95;103;111;119,7
9154,512,506,6,7,0,0.047284,16425,16425,23;55;87;95;103;111;119,7
9156,512,506,6,7,0,0.047599,16393,16393,23;55;87;95;103;111;119,7
9158,512,506,6,7,0,0.047816,16362,16362,23;55;87;95;103;111;119,7
9160,512,506,6,7,0,0.048369,16330,16330,23;55;87;95;103;111;119,7
9163,512,506,6,7,0,0.048573,16298,16298,23;55;87;95;103;111;119,7
9165,512,506,6,7,0,0.049095,16267,16267,23;55;87;95;103;111;119,7
9168,512,506,6,7,0,0.049278,16230,16230,23;55;87;95;103;111;119,7
9169,512,506,6,7,0,0.050000,16198,16198,23;55;87;95;103;111;119,7
9172,512,506,6,7,0,0.050186,16167,16167,23;55;87;95;103;111;119,7
9174,512,506,6,7,0,0.050613,16135,16135,23;55;87;95;103;111;119,7
9177,512,506,6,7,0,0.050949,16104,16104,23;55;87;95;103;111;119,7
9179,512,506,6,7,0,0.051335,16072,16072,23;55;87;95;103;111;119,7
9181,512,506,6,7,0,0.051603,16040,16040,23;55;87;95;103;111;119,7
9183,512,506,6,7,0,0.052154,16009,16009,23;55;87;95;103;111;119,7
9186,512,506,6,7,0,0.052442,15977,15977,23;55;87;95;103;111;119,7
9188,512,506,6,7,0,0.053022,15940,15940,23;55;87;95;103;111;119,7
9191,512,506,6,7,0,0.053199,15909,15909,23;55;87;95;103;111;119,7
9192,512,506,6,7,0,0.053506,15877,15877,23;55;87;95;103;111;119,7
9195,512,506,6,7,0,0.053883,15841,15841,23;55;87;95;103;111;119,7
9197,512,506,6,7,0,0.054493,15809,15809,23;55;87;95;103;111;119,7
9200,512,506,6,7,0,0.054727,15777,15777,23;55;87;95;103;111;119,7
9202,512,506,6,7,0,0.055212,15746,15746,23;55;87;95;103;111;119,7
9205,512,506,6,7,0,0.055518,15714,15714,23;55;87;95;103;111;119,7
9207,512,506,6,7,0,0.055818,15682,15682,23;55;87;95;103;111;119,7
9209,512,506,6,7,0,0.056091,15646,15646,23;55;87;95;103;111;119,7
9212,512,506,6,7,0,0.056591,15614,15614,23;55;87;95;103;111;119,7
9214,512,506,6,7,0,0.056949,15583,15583,23;55;87;95;103;111;119,7
9217,512,506,6,7,0,0.057555,15551,15551,23;55;87;95;103;111;119,7
9218,512,506,6,7,0,0.057859,15519,15519,23;55;87;95;103;111;119,7
9221,512,506,6,7,0,0.058292,15488,15488,23;55;87;95;103;111;119,7
9223,512,506,6,7,0,0.058466,15456,15456,23;55;87;95;103;111;119,7
9226,512,506,6,7,0,0.058796,15424,15424,23;55;87;95;103;111;119,7
9229,512,506,6,7,0,0.059207,15393,15393,23;55;87;95;103;111;119,7
9231,512,506,6,7,0,0.059721,15361,15361,23;55;87;95;103;111;119,7
9234,512,506,6,7,0,0.060208,15330,15330,23;55;87;95;103;111;119,7
9235,512,506,6,7,0,0.060646,15298,15298,23;55;87;95;103;111;119,7
9238,512,506,6,7,0,0.060905,15266,15266,23;55;87;95;103;111;119,7
9240,512,506,6,7,0,0.061305,15235,15235,23;55;87;95;103;111;119,7
9243,512,506,6,7,0,0.061562,15203,15203,23;55;87;95;103;111;119,7
9246,512,506,6,7,0,0.061910,15171,15171,23;55;87;95;103;111;119,7
9248,512,506,6,7,0,0.062277,15140,15140,23;55;87;95;103;111;119,7
9250,512,506,6,7,0,0.062587,15108,15108,23;55;87;95;103;111;119,7
9252,512,506,6,7,0,0.063023,15077,15077,23;55;87;95;103;111;119,7
9255,512,506,6,7,0,0.063580,15045,15045,23;55;87;95;103;111;119,7
9258,512,506,6,7,0,0.063883,15013,15013,23;55;87;95;103;111;119,7
9260,512,506,6,7,0,0.064406,14982,14982,23;55;87;95;103;111;119,7
9263,512,506,6,7,0,0.064534,14945,14945,23;55;87;95;103;111;119,7
9265,512,506,6,7,0,0.064882,14913,14913,23;55;87;95;103;111;119,7
9268,512,506,6,7,0,0.065216,14882,14882,23;55;87;95;103;111;119,7
9270,512,506,6,7,0,0.065520,14845,14845,23;55;87;95;103;111;119,7
9272,512,506,6,7,0,0.065966,14814,14814,23;55;87;95;103;111;119,7
9275,512,506,6,7,0,0.066596,14782,14782,23;55;87;95;103;111;119,7
9277,512,506,6,7,0,0.066893,14750,14750,23;55;87;95;103;111;119,7
9280,512,506,6,7,0,0.067199,14719,14719,23;55;87;95;103;111;119,7
9288,512,506,6,7,0,0.067577,14687,14687,23;55;87;95;103;111;119,7
9296,512,506,6,7,0,0.067836,14655,14655,23;55;87;95;103;111;119,7
9305,512,506,6,7,0,0.068193,14624,14624,23;55;87;95;103;111;119,7
9314,512,506,6,7,0,0.068587,14592,14592,23;55;87;95;103;111;119,7
9322,512,506,6,7,0,0.069045,14561,14561,23;55;87;95;103;111;119,7
9331,512,506,6,7,0,0.069302,14529,14529,23;55;87;95;103;111;119,7
9339,512,506,6,7,0,0.069959,14497,14497,23;55;87;95;103;111;119,7
9348,512,506,6,7,0,0.070481,14466,14466,23;55;87;95;103;111;119,7
9357,512,506,6,7,0,0.070722,14434,14434,23;55;87;95;103;111;119,7
9366,512,506,6,7,0,0.070875,14402,14402,23;55;87;95;103;111;119,7
9375,512,506,6,7,0,0.071432,14371,14371,23;55;87;95;103;111;119,7
9385,512,506,6,7,0,0.071570,14339,14339,23;55;87;95;103;111;119,7
9394,512,506,6,7,0,0.071904,14308,14308,23;55;87;95;103;111;119,7
9403,512,506,6,7,0,0.072951,14276,14276,23;55;87;95;103;111;119,7
9413,512,506,6,7,0,0.073071,14244,14244,23;55;87;95;103;111;119,7
9422,512,506,6,7,0,0.073261,14213,14213,23;55;87;95;103;111;119,7
9432,512,507,5,6,0,0.073432,15942,15942,23;87;95;103;111;119,7
9442,512,507,5,6,0,0.073603,15910,15910,23;87;95;103;111;119,7
9451,512,507,5,6,0,0.073917,15879,15879,23;87;95;103;111;119,7
9461,512,507,5,6,0,0.074192,15847,15847,23;87;95;103;111;119,7
9470,512,507,5,6,0,0.074929,15815,15815,23;87;95;103;111;119,7
9480,512,507,5,6,0,0.075105,15784,15784,23;87;95;103;111;119,7
9490,512,507,5,6,0,0.075698,15752,15752,23;87;95;103;111;119,7
9499,512,507,5,6,0,0.075977,15720,15720,23;87;95;103;111;119,7
9512,512,507,5,6,0,0.076342,15689,15689,23;87;95;103;111;119,7
9524,512,507,5,6,0,0.076580,15657,15657,23;87;95;103;111;119,7
9536,512,507,5,6,0,0.077090,15625,15625,23;87;95;103;111;119,7
9549,512,507,5,6,0,0.077246,15593,15593,23;87;95;103;111;119,7
9560,512,507,5,6,0,0.077819,15562,15562,23;87;95;103;111;119,7
9573,512,507,5,6,0,0.078273,15530,15530,23;87;95;103;111;119,7
9584,512,507,5,6,0,0.078583,15498,15498,23;87;95;103;111;119,7
9596,512,507,5,6,0,0.078979,15467,15467,23;87;95;103;111;119,7
9609,512,507,5,6,0,0.079646,15435,15435,23;87;95;103;111;119,7
9622,512,507,5,6,0,0.079596,15403,15403,23;87;95;103;111;119,7
9634,512,507,5,6,0,0.080011,15372,15372,23;87;95;103;111;119,7
9649,512,507,5,6,0,0.080252,15340,15340,23;87;95;103;111;119,7
9668,512,507,5,6,0,0.080487,15308,15308,23;87;95;103;111;119,7
9686,512,507,5,6,0,0.080904,15277,15277,23;87;95;103;111;119,7
9704,512,507,5,6,0,0.081728,15245,15245,23;87;95;103;111;119,7
9722,512,507,5,6,0,0.081741,15213,15213,23;87;95;103;111;119,7
9741,512,507,5,6,0,0.082532,15182,15182,23;87;95;103;111;119,7
9760,512,507,5,6,0,0.082553,15145,15145,23;87;95;103;111;119,7
9778,512,507,5,6,0,0.082933,15113,15113,23;87;95;103;111;119,7
9797,512,507,5,6,0,0.083167,15081,15081,23;87;95;103;111;119,7
9815,512,507,5,6,0,0.083779,15045,15045,23;87;95;103;111;119,7
9834,512,507,5,6,0,0.083889,15013,15013,23;87;95;103;111;119,7
9852,512,507,5,6,0,0.084847,14981,14981,23;87;95;103;111;119,7
9871,512,507,5,6,0,0.084921,14950,14950,23;87;95;103;111;119,7
9889,512,507,5,6,0,0.085660,14918,14918,23;87;95;103;111;119,7
9898,512,507,5,6,0,0.085595,14886,14886,23;87;95;103;111;119,7
9908,512,507,5,6,0,0.085950,14850,14850,23;87;95;103;111;119,7
9918,512,507,5,6,0,0.086101,14818,14818,23;87;95;103;111;119,7
9928,512,507,5,6,0,0.086714,14786,14786,23;87;95;103;111;119,7
9938,512,507,5,6,0,0.087147,14755,14755,23;87;95;103;111;119,7
9947,512,507,5,6,0,0.087662,14723,14723,23;87;95;103;111;119,7
9957,512,507,5,6,0,0.087940,14691,14691,23;87;95;103;111;119,7
9967,512,507,5,6,0,0.088793,14660,14660,23;87;95;103;111;119,7
9977,512,507,5,6,0,0.088704,14628,14628,23;87;95;103;111;119,7
9987,512,507,5,6,0,0.089030,14596,14596,23;87;95;103;111;119,7
9997,512,507,5,6,0,0.089365,14564,14564,23;87;95;103;111;119,7
10007,512,507,5,6,0,0.089587,14533,14533,23;87;95;103;111;119,7
10017,512,507,5,6,0,0.089958,14501,14501,23;87;95;103;111;119,7
10028,512,507,5,7,1,0.090859,14467,14467,23;87;95;103;111;119;127,7
10038,424,418,6,7,1,0.020869,14441,14441,23;87;95;103;111;119;127,7
10041,7,0,7,7,0,0.010929,14441,14441,23;87;95;103;111;119;127,7
10043,7,0,7,7,0,0.010929,14441,14441,23;87;95;103;111;119;127,7
10045,7,0,7,7,0,0.010929,14441,14441,23;87;95;103;111;119;127,7
10047,7,0,7,7,0,0.010929,14441,14441,23;87;95;103;111;119;127,7
10050,7,0,7,7,0,0.010929,14441,14441,23;87;95;103;111;119;127,7
10052,6,0,6,6,0,0.009935,19892,19892,23;87;95;103;111;127,7
10054,6,0,6,6,0,0.009935,19892,19892,23;87;95;103;111;127,7
10056,6,0,6,6,0,0.009935,19892,19892,23;87;95;103;111;127,7
10058,6,0,6,6,0,0.009935,19887,19887,23;87;95;103;111;127,7
10060,6,0,6,6,0,0.009935,19887,19887,23;87;95;103;111;127,7
10062,6,0,6,6,0,0.009935,19887,19887,23;87;95;103;111;127,7
10064,6,0,6,6,0,0.009935,19882,19882,23;87;95;103;111;127,7
10066,6,0,6,6,0,0.009935,19882,19882,23;87;95;103;111;127,7
10068,6,0,6,6,0,0.009935,19882,19882,23;87;95;103;111;127,7
10070,6,0,6,6,0,0.009953,19882,19882,23;87;95;103;111;127,7
10072,6,0,6,6,0,0.009953,19882,19882,23;87;95;103;111;127,7
10074,6,0,6,6,0,0.009953,19882,19882,23;87;95;103;111;127,7
10076,6,0,6,6,0,0.009953,19882,19882,23;87;95;103;111;127,7
10078,6,0,6,6,0,0.009953,19882,19882,23;87;95;103;111;127,7
10080,6,0,6,6,0,0.009953,19882,19882,23;87;95;103;111;127,7
10082,6,0,6,6,0,0.009953,19882,19882,23;87;95;103;111;127,7
10084,6,0,6,6,0,0.009953,19882,19882,23;87;95;103;111;127,7
10086,6,0,6,6,0,0.009953,19882,19882,23;87;95;103;111;127,7
10088,6,0,6,6,0,0.009953,19882,19882,23;87;95;103;111;127,7
10090,6,0,6,6,0,0.009953,19882,19882,23;87;95;103;111;127,7
10092,6,0,6,6,0,0.009953,19882,19882,23;87;95;103;111;127,7
10094,6,0,6,6,0,0.009953,19882,19882,23;87;95;103;111;127,7
10096,6,0,6,6,0,0.009953,19882,19882,23;87;95;103;111;127,7
10098,6,0,6,6,0,0.009953,19882,19882,23;87;95;103;111;127,7
10100,6,0,6,6,0,0.009953,19882,19882,23;87;95;103;111;127,7
10102,6,0,6,6,0,0.009953,19882,19882,23;87;95;103;111;127,7
10104,6,0,6,6,0,0.009953,19882,19882,23;87;95;103;111;127,7
10106,6,0,6,6,0,0.009953,19882,19882,23;87;95;103;111;127,7
10108,6,0,6,6,0,0.009953,19882,19882,23;87;95;103;111;127,7
10110,6,0,6,6,0,0.009953,19882,19882,23;87;95;103;111;127,7
10112,6,0,6,6,0,0.009953,19882,19882,23;87;95;103;111;127,7
10114,6,0,6,6,0,0.009953,19882,19882,23;87;95;103;111;127,7
10116,6,0,6,6,0,0.009953,19882,19882,23;87;95;103;111;127,7
10118,6,0,6,6,0,0.009953,19882,19882,23;87;95;103;111;127,7
10120,6,0,6,6,0,0.009953,19882,19882,23;87;95;103;111;127,7
10122,6,0,6,6,0,0.009953,19882,19882,23;87;95;103;111;127,7
10124,6,0,6,6,0,0.009953,19882,19882,23;87;95;103;111;127,7
10126,6,0,6,6,0,0.009953,19882,19882,23;87;95;103;111;127,7
10128,6,0,6,6,0,0.009953,19882,19882,23;87;95;103;111;127,7
10130,6,0,6,6,0,0.009953,19882,19882,23;87;95;103;111;127,7
10132,5,0,5,5,0,0.009746,20645,20645,87;95;103;111;127,7
10134,5,0,5,5,0,0.009746,20645,20645,87;95;103;111;127,7
10136,5,0,5,5,0,0.009746,20645,20645,87;95;103;111;127,7
10138,5,0,5,5,0,0.009746,20645,20645,87;95;103;111;127,7
10140,5,0,5,5,0,0.009746,20645,20645,87;95;103;111;127,7
10142,5,0,5,5,0,0.009746,20645,20645,87;95;103;111;127,7
10144,5,0,5,5,0,0.009746,20645,20645,87;95;103;111;127,7
10146,5,0,5,5,0,0.009746,20645,20645,87;95;103;111;127,7
10148,5,0,5,5,0,0.009746,20645,20645,87;95;103;111;127,7
10150,5,0,5,5,0,0.009746,20645,20645,87;95;103;111;127,7
10152,5,0,5,5,0,0.009746,20645,20645,87;95;103;111;127,7
10154,5,0,5,5,0,0.009746,20645,20645,87;95;103;111;127,7
10156,5,0,5,5,0,0.009746,20640,20640,87;95;103;111;127,7
10158,5,0,5,5,0,0.009746,20640,20640,87;95;103;111;127,7
10160,5,0,5,5,0,0.009746,20640,20640,87;95;103;111;127,7
10162,5,0,5,5,0,0.009746,20635,20635,87;95;103;111;127,7
10164,5,0,5,5,0,0.009746,20635,20635,87;95;103;111;127,7
10166,5,0,5,5,0,0.009746,20635,20635,87;95;103;111;127,7
10168,5,0,5,5,0,0.009746,20630,20630,87;95;103;111;127,7
10170,5,0,5,5,0,0.009746,20630,20630,87;95;103;111;127,7
10172,5,0,5,5,0,0.009746,20630,20630,87;95;103;111;127,7
10174,5,0,5,5,0,0.009746,20630,20630,87;95;103;111;127,7
10176,5,0,5,5,0,0.009746,20630,20630,87;95;103;111;127,7
10178,5,0,5,5,0,0.009746,20630,20630,87;95;103;111;127,7
10180,5,0,5,5,0,0.009746,20630,20630,87;95;103;111;127,7
10182,5,0,5,5,0,0.009746,20630,20630,87;95;103;111;127,7
10184,5,0,5,5,0,0.009746,20630,20630,87;95;103;111;127,7
10186,5,0,5,5,0,0.009746,20630,20630,87;95;103;111;127,7
10188,5,0,5,5,0,0.009746,20630,20630,87;95;103;111;127,7
10190,5,0,5,5,0,0.009746,20630,20630,87;95;103;111;127,7
10192,5,0,5,5,0,0.009746,20630,20630,87;95;103;111;127,7
10194,5,0,5,5,0,0.009746,20630,20630,87;95;103;111;127,7
10196,4,0,4,4,0,0.009318,23330,23330,95;103;111;127,7
10198,4,0,4,4,0,0.009318,23330,23330,95;103;111;127,7
10200,4,0,4,4,0,0.009318,23330,23330,95;103;111;127,7
10202,4,0,4,4,0,0.009318,23330,23330,95;103;111;127,7
10204,4,0,4,4,0,0.009318,23330,23330,95;103;111;127,7
10206,4,0,4,4,0,0.009318,23330,23330,95;103;111;127,7
10208,4,0,4,4,0,0.009318,23330,23330,95;103;111;127,7
10210,4,0,4,4,0,0.009318,23330,23330,95;103;111;127,7
10212,4,0,4,4,0,0.009318,23330,23330,95;103;111;127,7
10214,4,0,4,4,0,0.009318,23330,23330,95;103;111;127,7
10216,4,0,4,4,0,0.009318,23330,23330,95;103;111;127,7
10218,4,0,4,4,0,0.009318,23325,23325,95;103;111;127,7
10220,4,0,4,4,0,0.009318,23325,23325,95;103;111;127,7
10221,4,0,4,4,0,0.009318,23325,23325,95;103;111;127,7
10223,4,0,4,4,0,0.009318,23325,23325,95;103;111;127,7
10225,4,0,4,4,0,0.009318,23325,23325,95;103;111;127,7
10227,4,0,4,4,0,0.009318,23325,23325,95;103;111;127,7
10229,4,0,4,4,0,0.009318,23325,23325,95;103;111;127,7
10231,4,0,4,4,0,0.009318,23325,23325,95;103;111;127,7
10233,4,0,4,4,0,0.009318,23325,23325,95;103;111;127,7
10235,4,0,4,4,0,0.009318,23325,23325,95;103;111;127,7
10237,4,0,4,4,0,0.009318,23325,23325,95;103;111;127,7
10239,4,0,4,4,0,0.009318,23325,23325,95;103;111;127,7
10241,4,0,4,4,0,0.009318,23325,23325,95;103;111;127,7
10243,4,0,4,4,0,0.009318,23325,23325,95;103;111;127,7
10245,4,0,4,4,0,0.009318,23325,23325,95;103;111;127,7
10246,4,0,4,4,0,0.009318,23325,23325,95;103;111;127,7
10248,4,0,4,4,0,0.009318,23325,23325,95;103;111;127,7
10250,4,0,4,4,0,0.009318,23325,23325,95;103;111;127,7
10252,4,0,4,4,0,0.009318,23325,23325,95;103;111;127,7
10254,4,0,4,4,0,0.009318,23325,23325,95;103;111;127,7
10256,4,0,4,4,0,0.009318,23325,23325,95;103;111;127,7
10258,4,0,4,4,0,0.009318,23325,23325,95;103;111;127,7
10260,4,0,4,4,0,0.009318,23325,23325,95;103;111;127,7
10262,4,0,4,4,0,0.009318,23325,23325,95;103;111;127,7
10264,4,0,4,4,0,0.009318,23325,23325,95;103;111;127,7
10266,4,0,4,4,0,0.009318,23325,23325,95;103;111;127,7
10268,4,0,4,4,0,0.009318,23325,23325,95;103;111;127,7
10269,4,0,4,4,0,0.009318,23325,23325,95;103;111;127,7
10271,4,0,4,4,0,0.009318,23325,23325,95;103;111;127,7
10273,4,0,4,4,0,0.009318,23325,23325,95;103;111;127,7
10275,4,0,4,4,0,0.009318,23325,23325,95;103;111;127,7
10277,4,0,4,4,0,0.009318,23325,23325,95;103;111;127,7
10279,4,0,4,4,0,0.009318,23325,23325,95;103;111;127,7
10281,4,0,4,4,0,0.009318,23325,23325,95;103;111;127,7
10283,4,0,4,4,0,0.009318,23325,23325,95;103;111;127,7
10285,4,0,4,4,0,0.009318,23325,23325,95;103;111;127,7
10287,4,0,4,4,0,0.009318,23325,23325,95;103;111;127,7
10289,4,0,4,4,0,0.009318,23325,23325,95;103;111;127,7
10291,4,0,4,4,0,0.009318,23325,23325,95;103;111;127,7
10292,4,0,4,4,0,0.009318,23325,23325,95;103;111;127,7
10294,4,0,4,4,0,0.009318,23325,23325,95;103;111;127,7
10296,4,0,4,4,0,0.009318,23325,23325,95;103;111;127,7
10298,4,0,4,4,0,0.009318,23325,23325,95;103;111;127,7
10300,4,0,4,4,0,0.009318,23325,23325,95;103;111;127,7
10302,4,0,4,4,0,0.009318,23325,23325,95;103;111;127,7
10304,4,0,4,4,0,0.009318,23325,23325,95;103;111;127,7
10306,4,0,4,4,0,0.009318,23325,23325,95;103;111;127,7
10308,4,0,4,4,0,0.009318,23325,23325,95;103;111;127,7
10310,4,0,4,4,0,0.009299,23325,23325,95;103;111;127,7
10312,4,0,4,4,0,0.009299,23320,23320,95;103;111;127,7
10314,4,0,4,4,0,0.009299,23320,23320,95;103;111;127,7
10315,4,0,4,4,0,0.009299,23320,23320,95;103;111;127,7
10317,4,0,4,4,0,0.009299,23315,23315,95;103;111;127,7
10319,4,0,4,4,0,0.009299,23315,23315,95;103;111;127,7
10321,4,0,4,4,0,0.009299,23315,23315,95;103;111;127,7
10323,4,0,4,4,0,0.009299,23310,23310,95;103;111;127,7
10325,4,0,4,4,0,0.009299,23310,23310,95;103;111;127,7
10327,4,0,4,4,0,0.009299,23310,23310,95;103;111;127,7
10329,4,0,4,4,0,0.009299,23310,23310,95;103;111;127,7
10331,4,0,4,4,0,0.009299,23310,23310,95;103;111;127,7
10333,4,0,4,4,0,0.009299,23310,23310,95;103;111;127,7
10335,4,0,4,4,0,0.009299,23310,23310,95;103;111;127,7
10337,4,0,4,4,0,0.009299,23310,23310,95;103;111;127,7
10338,4,0,4,4,0,0.009299,23310,23310,95;103;111;127,7
10340,4,0,4,4,0,0.009299,23310,23310,95;103;111;127,7
10342,4,0,4,4,0,0.009299,23310,23310,95;103;111;127,7
10344,4,0,4,4,0,0.009299,23310,23310,95;103;111;127,7
10346,4,0,4,4,0,0.009299,23310,23310,95;103;111;127,7
10348,4,0,4,4,0,0.009299,23310,23310,95;103;111;127,7
10350,4,0,4,4,0,0.009299,23310,23310,95;103;111;127,7
10352,4,0,4,4,0,0.009299,23310,23310,95;103;111;127,7
10354,4,0,4,4,0,0.009299,23310,23310,95;103;111;127,7
10356,4,0,4,4,0,0.009299,23310,23310,95;103;111;127,7
10358,4,0,4,4,0,0.009299,23310,23310,95;103;111;127,7
10360,4,0,4,4,0,0.009299,23310,23310,95;103;111;127,7
10361,4,0,4,4,0,0.009299,23310,23310,95;103;111;127,7
10363,4,0,4,4,0,0.009299,23310,23310,95;103;111;127,7
10365,4,0,4,4,0,0.009299,23310,23310,95;103;111;127,7
10367,4,0,4,4,0,0.009299,23310,23310,95;103;111;127,7
10369,4,0,4,4,0,0.009299,23310,23310,95;103;111;127,7
10371,4,0,4,4,0,0.009299,23305,23305,95;103;111;127,7
10373,4,0,4,4,0,0.009299,23305,23305,95;103;111;127,7
10375,4,0,4,4,0,0.009299,23305,23305,95;103;111;127,7
10377,4,0,4,4,0,0.009299,23305,23305,95;103;111;127,7
10379,4,0,4,4,0,0.009299,23305,23305,95;103;111;127,7
10381,4,0,4,4,0,0.009299,23305,23305,95;103;111;127,7
10383,4,0,4,4,0,0.009299,23305,23305,95;103;111;127,7
10384,4,0,4,4,0,0.009299,23305,23305,95;103;111;127,7
10386,4,0,4,4,0,0.009299,23305,23305,95;103;111;127,7
10388,4,0,4,4,0,0.009299,23305,23305,95;103;111;127,7
10390,4,0,4,4,0,0.009299,23305,23305,95;103;111;127,7
10392,4,0,4,4,0,0.009299,23305,23305,95;103;111;127,7
10394,4,0,4,4,0,0.009299,23305,23305,95;103;111;127,7
10396,4,0,4,4,0,0.009299,23305,23305,95;103;111;127,7
10398,4,0,4,4,0,0.009299,23305,23305,95;103;111;127,7
10400,4,0,4,4,0,0.009299,23305,23305,95;103;111;127,7
10402,4,0,4,4,0,0.009299,23305,23305,95;103;111;127,7
10404,4,0,4,4,0,0.009299,23305,23305,95;103;111;127,7
10406,4,0,4,4,0,0.009299,23305,23305,95;103;111;127,7
10408,4,0,4,4,0,0.009299,23305,23305,95;103;111;127,7
10410,4,0,4,4,0,0.009299,23305,23305,95;103;111;127,7
10412,4,0,4,4,0,0.009299,23305,23305,95;103;111;127,7
10414,4,0,4,4,0,0.009299,23305,23305,95;103;111;127,7
10415,4,0,4,4,0,0.009299,23305,23305,95;103;111;127,7
10417,4,0,4,4,0,0.009299,23305,23305,95;103;111;127,7
10419,4,0,4,4,0,0.009299,23305,23305,95;103;111;127,7
10421,4,0,4,4,0,0.009299,23305,23305,95;103;111;127,7
10423,4,0,4,4,0,0.009299,23305,23305,95;103;111;127,7
10425,4,0,4,4,0,0.009299,23305,23305,95;103;111;127,7
10427,4,0,4,4,0,0.009299,23305,23305,95;103;111;127,7
10429,4,0,4,4,0,0.009299,23305,23305,95;103;111;127,7
10431,4,0,4,4,0,0.009299,23305,23305,95;103;111;127,7
10433,4,0,4,4,0,0.009299,23305,23305,95;103;111;127,7
10435,4,0,4,4,0,0.009299,23305,23305,95;103;111;127,7
10437,4,0,4,4,0,0.009299,23305,23305,95;103;111;127,7
10439,4,0,4,4,0,0.009299,23305,23305,95;103;111;127,7
10441,4,0,4,4,0,0.009299,23305,23305,95;103;111;127,7
10443,4,0,4,4,0,0.009299,23305,23305,95;103;111;127,7
10445,4,0,4,4,0,0.009299,23305,23305,95;103;111;127,7
10446,4,0,4,4,0,0.009299,23305,23305,95;103;111;127,7
10448,4,0,4,4,0,0.009299,23305,23305,95;103;111;127,7
10450,4,0,4,4,0,0.009299,23305,23305,95;103;111;127,7
10452,4,0,4,4,0,0.009299,23305,23305,95;103;111;127,7
10454,4,0,4,4,0,0.009299,23305,23305,95;103;111;127,7
10456,4,0,4,4,0,0.009299,23305,23305,95;103;111;127,7
10458,4,0,4,4,0,0.009299,23305,23305,95;103;111;127,7
10460,4,0,4,4,0,0.009299,23305,23305,95;103;111;127,7
10462,4,0,4,4,0,0.009299,23305,23305,95;103;111;127,7
10464,4,0,4,4,0,0.009299,23305,23305,95;103;111;127,7
10466,4,0,4,4,0,0.009299,23300,23300,95;103;111;127,7
10468,4,0,4,4,0,0.009299,23300,23300,95;103;111;127,7
10470,4,0,4,4,0,0.009299,23300,23300,95;103;111;127,7
10472,4,0,4,4,0,0.009299,23295,23295,95;103;111;127,7
10474,4,0,4,4,0,0.009299,23295,23295,95;103;111;127,7
10476,4,0,4,4,0,0.009299,23295,23295,95;103;111;127,7
10478,4,0,4,4,0,0.009299,23290,23290,95;103;111;127,7
10479,4,0,4,4,0,0.009299,23290,23290,95;103;111;127,7
10481,4,0,4,4,0,0.009299,23290,23290,95;103;111;127,7
10483,4,0,4,4,0,0.009299,23290,23290,95;103;111;127,7
10485,4,0,4,4,0,0.009299,23290,23290,95;103;111;127,7
10487,4,0,4,4,0,0.009299,23290,23290,95;103;111;127,7
10489,4,0,4,4,0,0.009299,23290,23290,95;103;111;127,7
10491,4,0,4,4,0,0.009299,23290,23290,95;103;111;127,7
10493,4,0,4,4,0,0.009299,23290,23290,95;103;111;127,7
10495,4,0,4,4,0,0.009299,23290,23290,95;103;111;127,7
10497,4,0,4,4,0,0.009299,23290,23290,95;103;111;127,7
10499,4,0,4,4,0,0.009299,23290,23290,95;103;111;127,7
10501,4,0,4,4,0,0.009299,23290,23290,95;103;111;127,7
10503,4,0,4,4,0,0.009299,23290,23290,95;103;111;127,7
10505,4,0,4,4,0,0.009299,23290,23290,95;103;111;127,7
10507,4,0,4,4,0,0.009299,23290,23290,95;103;111;127,7
10508,4,0,4,4,0,0.009299,23290,23290,95;103;111;127,7
10510,4,0,4,4,0,0.009299,23290,23290,95;103;111;127,7
10512,4,0,4,4,0,0.009299,23290,23290,95;103;111;127,7
10514,4,0,4,4,0,0.009299,23290,23290,95;103;111;127,7
10516,4,0,4,4,0,0.009299,23290,23290,95;103;111;127,7
10518,4,0,4,4,0,0.009299,23290,23290,95;103;111;127,7
10520,4,0,4,4,0,0.009299,23290,23290,95;103;111;127,7
10522,4,0,4,4,0,0.009299,23290,23290,95;103;111;127,7
10524,4,0,4,4,0,0.009299,23290,23290,95;103;111;127,7
10526,4,0,4,4,0,0.009299,23285,23285,95;103;111;127,7
10528,4,0,4,4,0,0.009299,23285,23285,95;103;111;127,7
10530,4,0,4,4,0,0.009299,23285,23285,95;103;111;127,7
10531,4,0,4,4,0,0.009299,23285,23285,95;103;111;127,7
10533,4,0,4,4,0,0.009299,23285,23285,95;103;111;127,7
10535,4,0,4,4,0,0.009299,23285,23285,95;103;111;127,7
10537,4,0,4,4,0,0.009299,23285,23285,95;103;111;127,7
10539,4,0,4,4,0,0.009299,23285,23285,95;103;111;127,7
10541,4,0,4,4,0,0.009299,23285,23285,95;103;111;127,7
10543,4,0,4,4,0,0.009299,23285,23285,95;103;111;127,7
10545,4,0,4,4,0,0.009299,23285,23285,95;103;111;127,7
10547,4,0,4,4,0,0.009299,23285,23285,95;103;111;127,7
10549,4,0,4,4,0,0.009299,23285,23285,95;103;111;127,7
10551,4,0,4,4,0,0.009299,23285,23285,95;103;111;127,7
10553,4,0,4,4,0,0.009299,23285,23285,95;103;111;127,7
10554,4,0,4,4,0,0.009299,23285,23285,95;103;111;127,7
10556,4,0,4,4,0,0.009143,23285,23285,95;103;111;127,7
10558,4,0,4,4,0,0.009143,23285,23285,95;103;111;127,7
10560,4,0,4,4,0,0.009143,23285,23285,95;103;111;127,7
10562,4,0,4,4,0,0.009143,23285,23285,95;103;111;127,7
10564,4,0,4,4,0,0.009143,23285,23285,95;103;111;127,7
10566,4,0,4,4,0,0.009143,23285,23285,95;103;111;127,7
10568,4,0,4,4,0,0.009143,23285,23285,95;103;111;127,7
10570,4,0,4,4,0,0.009143,23285,23285,95;103;111;127,7
10572,4,0,4,4,0,0.009143,23285,23285,95;103;111;127,7
10574,4,0,4,4,0,0.009143,23285,23285,95;103;111;127,7
10575,4,0,4,4,0,0.009143,23285,23285,95;103;111;127,7
10577,4,0,4,4,0,0.009143,23285,23285,95;103;111;127,7
10579,4,0,4,4,0,0.009143,23285,23285,95;103;111;127,7
10581,4,0,4,4,0,0.009143,23285,23285,95;103;111;127,7
10583,4,0,4,4,0,0.009143,23285,23285,95;103;111;127,7
10585,4,0,4,4,0,0.009143,23285,23285,95;103;111;127,7
10587,4,0,4,4,0,0.009143,23285,23285,95;103;111;127,7
10589,4,0,4,4,0,0.009143,23285,23285,95;103;111;127,7
10591,4,0,4,4,0,0.009143,23285,23285,95;103;111;127,7
10593,4,0,4,4,0,0.009143,23285,23285,95;103;111;127,7
10594,4,0,4,4,0,0.009143,23285,23285,95;103;111;127,7
10596,4,0,4,4,0,0.009143,23285,23285,95;103;111;127,7
10598,4,0,4,4,0,0.009143,23285,23285,95;103;111;127,7
10600,4,0,4,4,0,0.009143,23285,23285,95;103;111;127,7
10602,2,0,2,2,0,0.009353,24926,24926,95;127,7
10604,2,0,2,2,0,0.009353,24926,24926,95;127,7
10606,2,0,2,2,0,0.009353,24926,24926,95;127,7
10608,2,0,2,2,0,0.009353,24926,24926,95;127,7
10610,2,0,2,2,0,0.009353,24926,24926,95;127,7
10612,2,0,2,2,0,0.009353,24926,24926,95;127,7
10614,2,0,2,2,0,0.009353,24926,24926,95;127,7
10615,2,0,2,2,0,0.009353,24926,24926,95;127,7
10617,2,0,2,2,0,0.009353,24926,24926,95;127,7
10619,2,0,2,2,0,0.009353,24926,24926,95;127,7
10621,2,0,2,2,0,0.009353,24926,24926,95;127,7
10623,2,0,2,2,0,0.009353,24926,24926,95;127,7
10625,2,0,2,2,0,0.009353,24921,24921,95;127,7
10627,2,0,2,2,0,0.009353,24921,24921,95;127,7
10629,2,0,2,2,0,0.009353,24921,24921,95;127,7
10631,2,0,2,2,0,0.009353,24916,24916,95;127,7
10633,2,0,2,2,0,0.009353,24916,24916,95;127,7
10635,2,0,2,2,0,0.009353,24916,24916,95;127,7
10637,2,0,2,2,0,0.009353,24916,24916,95;127,7
10639,2,0,2,2,0,0.009353,24916,24916,95;127,7
10640,2,0,2,2,0,0.009353,24916,24916,95;127,7
10642,2,0,2,2,0,0.009353,24916,24916,95;127,7
10644,2,0,2,2,0,0.009353,24916,24916,95;127,7
10646,2,0,2,2,0,0.009353,24916,24916,95;127,7
10648,2,0,2,2,0,0.009353,24916,24916,95;127,7
10650,2,0,2,2,0,0.009353,24916,24916,95;127,7
10652,2,0,2,2,0,0.009353,24916,24916,95;127,7
10653,2,0,2,2,0,0.009353,24916,24916,95;127,7
10654,2,0,2,2,0,0.009353,24916,24916,95;127,7
10655,2,0,2,2,0,0.009353,24916,24916,95;127,7
10656,2,0,2,2,0,0.009353,24916,24916,95;127,7
10657,2,0,2,2,0,0.009353,24916,24916,95;127,7
10658,2,0,2,2,0,0.009353,24916,24916,95;127,7
10659,2,0,2,2,0,0.009353,24916,24916,95;127,7
10660,2,0,2,2,0,0.009353,24916,24916,95;127,7
10661,2,0,2,2,0,0.009353,24916,24916,95;127,7
10662,2,0,2,2,0,0.009353,24916,24916,95;127,7
10663,2,0,2,2,0,0.009353,24916,24916,95;127,7
10664,2,0,2,2,0,0.009353,24916,24916,95;127,7
10665,2,0,2,2,0,0.009353,24916,24916,95;127,7
10666,2,0,2,2,0,0.009353,24916,24916,95;127,7
10667,2,0,2,2,0,0.009353,24916,24916,95;127,7
10668,2,0,2,2,0,0.009353,24916,24916,95;127,7
10669,2,0,2,2,0,0.009353,24916,24916,95;127,7
10670,2,0,2,2,0,0.009353,24916,24916,95;127,7
10671,2,0,2,2,0,0.009353,24916,24916,95;127,7
10672,2,0,2,2,0,0.009353,24916,24916,95;127,7
10673,2,0,2,2,0,0.009353,24916,24916,95;127,7
10674,2,0,2,2,0,0.009353,24916,24916,95;127,7
10675,2,0,2,2,0,0.009353,24916,24916,95;127,7
10676,2,0,2,2,0,0.009353,24916,24916,95;127,7
10677,2,0,2,2,0,0.009353,24916,24916,95;127,7
10678,2,0,2,2,0,0.009353,24916,24916,95;127,7
10679,2,0,2,2,0,0.009353,24916,24916,95;127,7
10680,2,0,2,2,0,0.009353,24916,24916,95;127,7
10681,2,0,2,2,0,0.009353,24916,24916,95;127,7
10682,2,0,2,2,0,0.009353,24916,24916,95;127,7
10683,2,0,2,2,0,0.009353,24916,24916,95;127,7
10684,2,0,2,2,0,0.009353,24916,24916,95;127,7
10685,2,0,2,2,0,0.009353,24916,24916,95;127,7
10686,2,0,2,2,0,0.009353,24916,24916,95;127,7
10687,2,0,2,2,0,0.009353,24916,24916,95;127,7
10688,2,0,2,2,0,0.009353,24916,24916,95;127,7
10689,2,0,2,2,0,0.009353,24916,24916,95;127,7
10690,2,0,2,2,0,0.009353,24916,24916,95;127,7
10691,2,0,2,2,0,0.009353,24916,24916,95;127,7
10692,2,0,2,2,0,0.009353,24916,24916,95;127,7
10693,2,0,2,2,0,0.009353,24916,24916,95;127,7
10694,2,0,2,2,0,0.009353,24916,24916,95;127,7
10695,2,0,2,2,0,0.009353,24916,24916,95;127,7
10696,2,0,2,2,0,0.009353,24916,24916,95;127,7
10697,2,0,2,2,0,0.009353,24916,24916,95;127,7
10698,2,0,2,2,0,0.009353,24916,24916,95;127,7
10699,2,0,2,2,0,0.009353,24916,24916,95;127,7
10700,2,0,2,2,0,0.009353,24916,24916,95;127,7
10701,2,0,2,2,0,0.009353,24916,24916,95;127,7
10702,2,0,2,2,0,0.009353,24916,24916,95;127,7
10703,2,0,2,2,0,0.009353,24916,24916,95;127,7
10704,2,0,2,2,0,0.009353,24916,24916,95;127,7
10705,2,0,2,2,0,0.009353,24916,24916,95;127,7
10706,2,0,2,2,0,0.009353,24916,24916,95;127,7
10707,2,0,2,2,0,0.009353,24916,24916,95;127,7
10708,2,0,2,2,0,0.009353,24916,24916,95;127,7
10709,2,0,2,2,0,0.009353,24916,24916,95;127,7
10710,2,0,2,2,0,0.009353,24916,24916,95;127,7
10711,2,0,2,2,0,0.009353,24916,24916,95;127,7
10712,2,0,2,2,0,0.009353,24916,24916,95;127,7
10713,2,0,2,2,0,0.009353,24916,24916,95;127,7
10714,2,0,2,2,0,0.009353,24916,24916,95;127,7
10715,2,0,2,2,0,0.009353,24916,24916,95;127,7
10716,2,0,2,2,0,0.009353,24916,24916,95;127,7
10717,2,0,2,2,0,0.009353,24916,24916,95;127,7
10718,2,0,2,2,0,0.009353,24911,24911,95;127,7
10719,2,0,2,2,0,0.009353,24911,24911,95;127,7
10720,2,0,2,2,0,0.009353,24911,24911,95;127,7
10721,2,0,2,2,0,0.009353,24906,24906,95;127,7
10722,2,0,2,2,0,0.009353,24906,24906,95;127,7
10723,2,0,2,2,0,0.009353,24906,24906,95;127,7
10724,2,0,2,2,0,0.009353,24906,24906,95;127,7
10725,2,0,2,2,0,0.009353,24906,24906,95;127,7
10726,2,0,2,2,0,0.009353,24906,24906,95;127,7
10727,2,0,2,2,0,0.009353,24906,24906,95;127,7
10728,2,0,2,2,0,0.009353,24906,24906,95;127,7
10729,2,0,2,2,0,0.009353,24906,24906,95;127,7
10730,2,0,2,2,0,0.009353,24906,24906,95;127,7
10731,2,0,2,2,0,0.009353,24906,24906,95;127,7
10732,2,0,2,2,0,0.009353,24906,24906,95;127,7
10733,2,0,2,2,0,0.009353,24906,24906,95;127,7
10734,2,0,2,2,0,0.009353,24906,24906,95;127,7
10735,2,0,2,2,0,0.009353,24906,24906,95;127,7
10736,2,0,2,2,0,0.009353,24906,24906,95;127,7
10737,2,0,2,2,0,0.009353,24906,24906,95;127,7
10738,2,0,2,2,0,0.009353,24906,24906,95;127,7
10739,2,0,2,2,0,0.009353,24906,24906,95;127,7
10740,2,0,2,2,0,0.009353,24906,24906,95;127,7
10741,2,0,2,2,0,0.009353,24906,24906,95;127,7
10742,2,0,2,2,0,0.009353,24906,24906,95;127,7
10743,2,0,2,2,0,0.009353,24906,24906,95;127,7
10744,2,0,2,2,0,0.009353,24906,24906,95;127,7
10745,2,0,2,2,0,0.009353,24906,24906,95;127,7
10746,2,0,2,2,0,0.009353,24906,24906,95;127,7
10747,2,0,2,2,0,0.009353,24906,24906,95;127,7
10748,2,0,2,2,0,0.009353,24906,24906,95;127,7
10749,2,0,2,2,0,0.009353,24906,24906,95;127,7
10750,2,0,2,2,0,0.009353,24906,24906,95;127,7
10751,2,0,2,2,0,0.009353,24906,24906,95;127,7
10752,2,0,2,2,0,0.009353,24906,24906,95;127,7
10753,2,0,2,2,0,0.009338,24906,24906,95;127,7
10754,2,0,2,2,0,0.009338,24906,24906,95;127,7
10755,2,0,2,2,0,0.009338,24906,24906,95;127,7
10756,2,0,2,2,0,0.009338,24906,24906,95;127,7
10757,2,0,2,2,0,0.009338,24906,24906,95;127,7
10758,2,0,2,2,0,0.009338,24906,24906,95;127,7
10759,2,0,2,2,0,0.009338,24906,24906,95;127,7
10760,2,0,2,2,0,0.009338,24906,24906,95;127,7
10761,2,0,2,2,0,0.009338,24906,24906,95;127,7
10762,2,0,2,2,0,0.009338,24906,24906,95;127,7
10763,2,0,2,2,0,0.009338,24906,24906,95;127,7
10764,2,0,2,2,0,0.009338,24906,24906,95;127,7
10765,2,0,2,2,0,0.009338,24906,24906,95;127,7
10766,2,0,2,2,0,0.009338,24906,24906,95;127,7
10767,2,0,2,2,0,0.009338,24906,24906,95;127,7
10768,2,0,2,2,0,0.009338,24906,24906,95;127,7
10769,2,0,2,2,0,0.009338,24906,24906,95;127,7
10770,2,0,2,2,0,0.009338,24906,24906,95;127,7
10771,2,0,2,2,0,0.009338,24906,24906,95;127,7
10772,2,0,2,2,0,0.009338,24906,24906,95;127,7
10773,2,0,2,2,0,0.009338,24906,24906,95;127,7
10774,2,0,2,2,0,0.009338,24906,24906,95;127,7
10775,2,0,2,2,0,0.009338,24906,24906,95;127,7
10776,1,0,1,1,0,0.010138,24991,24991,95,7
10777,1,0,1,1,0,0.010138,24991,24991,95,7
10778,1,0,1,1,0,0.010138,24991,24991,95,7
10779,1,0,1,1,0,0.010138,24991,24991,95,7
10780,1,0,1,1,0,0.010138,24991,24991,95,7
10781,1,0,1,1,0,0.010138,24991,24991,95,7
10782,1,0,1,1,0,0.010138,24991,24991,95,7
10783,1,0,1,1,0,0.010138,24991,24991,95,7
10784,1,0,1,1,0,0.010138,24991,24991,95,7
10785,1,0,1,1,0,0.010138,24991,24991,95,7
10786,1,0,1,1,0,0.010138,24991,24991,95,7
10787,1,0,1,1,0,0.010138,24991,24991,95,7
10788,1,0,1,1,0,0.010138,24991,24991,95,7
10789,1,0,1,1,0,0.010138,24991,24991,95,7
10790,1,0,1,1,0,0.010138,24991,24991,95,7
10791,1,0,1,1,0,0.010138,24991,24991,95,7
10792,1,0,1,1,0,0.010138,24991,24991,95,7
10793,1,0,1,1,0,0.010138,24991,24991,95,7
10794,1,0,1,1,0,0.010138,24991,24991,95,7
10795,1,0,1,1,0,0.010138,24991,24991,95,7
10796,1,0,1,1,0,0.010138,24991,24991,95,7
