game_id,root_id,root_depth,root_node_id,root_player,num_simulations,model_root_value_controller,model_root_prior_json,normalized_root_prior_json,valid_action_mask_json,mcts_root_value_controller,mcts_root_prior_json,best_action_index,best_action_mcts_prob,best_action_model_prob,best_action_repr,best_action_json,phase,cycle_label,sim_time,slo_violations,total_lateness,total_cost
10007,350,0,0,adversary,0,0.0,[],[],[],0.0,[],2,0.0,0.0,"AdversaryAction(requests=[AdversaryRequestSpec(prefill_tokens=3072, decode_tokens=5000, prefill_slo=0.3874467952163693, decode_slo=0.05), AdversaryRequestSpec(prefill_tokens=3072, decode_tokens=5000, prefill_slo=0.3874467952163693, decode_slo=0.05), AdversaryRequestSpec(prefill_tokens=3072, decode_tokens=5000, prefill_slo=0.3874467952163693, decode_slo=0.05)], stop_decode_ids=[])","{""type"": ""adversary"", ""requests"": [{""prefill_tokens"": 3072, ""decode_tokens"": 5000, ""prefill_slo"": 0.3874467952163693, ""decode_slo"": 0.05}, {""prefill_tokens"": 3072, ""decode_tokens"": 5000, ""prefill_slo"": 0.3874467952163693, ""decode_slo"": 0.05}, {""prefill_tokens"": 3072, ""decode_tokens"": 5000, ""prefill_slo"": 0.3874467952163693, ""decode_slo"": 0.05}], ""stop_decode_ids"": [], ""history_phase"": ""multiple-child""}",train_root,,0.0,0,0.0,0.0
10007,350,1,1,controller,0,0.0,[],[],[],0.0,[],19,0.0,0.0,"ControllerAction(token_budget=2560, selected_request_ids=[0], token_allocations={0: 2560}, prefill_allocations={0: 2560}, decode_allocations={}, heuristic='LJF', strategy='Fixed', mapping=None)","{""type"": ""controller"", ""token_budget"": 2560, ""selected_request_ids"": [0], ""token_allocations"": {""0"": 2560}, ""prefill_allocations"": {""0"": 2560}, ""decode_allocations"": {}, ""heuristic"": ""LJF"", ""strategy"": ""Fixed"", ""history_phase"": ""multiple-child""}",train_root,,0.0,0,0.0,0.0
10007,350,2,2,adversary,0,0.0,[],[],[],0.0,[],0,0.0,0.0,"AdversaryAction(requests=[], stop_decode_ids=[])","{""type"": ""adversary"", ""requests"": [], ""stop_decode_ids"": [], ""history_phase"": ""forced_step:single-child""}",train_root,,0.0,0,0.0,0.0
10007,350,3,3,controller,0,0.0,[],[],[],0.0,[],1,0.0,0.0,"ControllerAction(token_budget=512, selected_request_ids=[0], token_allocations={0: 512}, prefill_allocations={0: 512}, decode_allocations={}, heuristic='EDF', strategy='Fixed', mapping=None)","{""type"": ""controller"", ""token_budget"": 512, ""selected_request_ids"": [0], ""token_allocations"": {""0"": 512}, ""prefill_allocations"": {""0"": 512}, ""decode_allocations"": {}, ""heuristic"": ""EDF"", ""strategy"": ""Fixed"", ""history_phase"": ""multiple-child""}",train_root,,0.0,0,0.0,0.0
10007,350,4,4,adversary,0,0.0,[],[],[],0.0,[],0,0.0,0.0,"AdversaryAction(requests=[], stop_decode_ids=[])","{""type"": ""adversary"", ""requests"": [], ""stop_decode_ids"": [], ""history_phase"": ""forced_step:single-child""}",train_root,,0.0,0,0.0,0.0
10007,350,5,5,controller,0,0.0,[],[],[],0.0,[],20,0.0,0.0,"ControllerAction(token_budget=3073, selected_request_ids=[0, 1], token_allocations={0: 1, 1: 3072}, prefill_allocations={1: 3072}, decode_allocations={0: 1}, heuristic='SJF', strategy='Fixed', mapping=None)","{""type"": ""controller"", ""token_budget"": 3073, ""selected_request_ids"": [0, 1], ""token_allocations"": {""0"": 1, ""1"": 3072}, ""prefill_allocations"": {""1"": 3072}, ""decode_allocations"": {""0"": 1}, ""heuristic"": ""SJF"", ""strategy"": ""Fixed"", ""history_phase"": ""multiple-child""}",train_root,,0.0,0,0.0,0.0
10007,350,6,6,adversary,0,0.0,[],[],[],0.0,[],0,0.0,0.0,"AdversaryAction(requests=[], stop_decode_ids=[])","{""type"": ""adversary"", ""requests"": [], ""stop_decode_ids"": [], ""history_phase"": ""forced_step:single-child""}",train_root,,0.0,0,0.0,0.0
10007,350,7,7,controller,0,0.0,[],[],[],0.0,[],2,0.0,0.0,"ControllerAction(token_budget=514, selected_request_ids=[0, 1, 2], token_allocations={0: 1, 1: 1, 2: 512}, prefill_allocations={2: 512}, decode_allocations={0: 1, 1: 1}, heuristic='LST', strategy='Fixed', mapping=None)","{""type"": ""controller"", ""token_budget"": 514, ""selected_request_ids"": [0, 1, 2], ""token_allocations"": {""0"": 1, ""1"": 1, ""2"": 512}, ""prefill_allocations"": {""2"": 512}, ""decode_allocations"": {""0"": 1, ""1"": 1}, ""heuristic"": ""LST"", ""strategy"": ""Fixed"", ""history_phase"": ""multiple-child""}",train_root,,0.0,0,0.0,0.0
10007,350,8,8,adversary,0,0.0,[],[],[],0.0,[],0,0.0,0.0,"AdversaryAction(requests=[], stop_decode_ids=[])","{""type"": ""adversary"", ""requests"": [], ""stop_decode_ids"": [], ""history_phase"": ""forced_step:single-child""}",train_root,,0.0,0,0.0,0.0
10007,350,9,9,controller,0,0.0,[],[],[],0.0,[],12,0.0,0.0,"ControllerAction(token_budget=2050, selected_request_ids=[0, 1, 2], token_allocations={0: 1, 1: 1, 2: 2048}, prefill_allocations={2: 2048}, decode_allocations={0: 1, 1: 1}, heuristic='SJF', strategy='Fixed', mapping=None)","{""type"": ""controller"", ""token_budget"": 2050, ""selected_request_ids"": [0, 1, 2], ""token_allocations"": {""0"": 1, ""1"": 1, ""2"": 2048}, ""prefill_allocations"": {""2"": 2048}, ""decode_allocations"": {""0"": 1, ""1"": 1}, ""heuristic"": ""SJF"", ""strategy"": ""Fixed"", ""history_phase"": ""multiple-child""}",train_root,,0.0,0,0.0,0.0
10007,350,10,10,adversary,0,0.0,[],[],[],0.0,[],0,0.0,0.0,"AdversaryAction(requests=[], stop_decode_ids=[])","{""type"": ""adversary"", ""requests"": [], ""stop_decode_ids"": [], ""history_phase"": ""forced_step:single-child""}",train_root,,0.0,0,0.0,0.0
10007,350,11,11,controller,0,0.0,[],[],[],0.0,[],2,0.0,0.0,"ControllerAction(token_budget=514, selected_request_ids=[0, 1, 2], token_allocations={0: 1, 1: 1, 2: 512}, prefill_allocations={2: 512}, decode_allocations={0: 1, 1: 1}, heuristic='LST', strategy='Fixed', mapping=None)","{""type"": ""controller"", ""token_budget"": 514, ""selected_request_ids"": [0, 1, 2], ""token_allocations"": {""0"": 1, ""1"": 1, ""2"": 512}, ""prefill_allocations"": {""2"": 512}, ""decode_allocations"": {""0"": 1, ""1"": 1}, ""heuristic"": ""LST"", ""strategy"": ""Fixed"", ""history_phase"": ""multiple-child""}",train_root,,0.0,0,0.0,0.0
10007,350,12,12,adversary,0,0.0,[],[],[],0.0,[],0,0.0,0.0,"AdversaryAction(requests=[], stop_decode_ids=[])","{""type"": ""adversary"", ""requests"": [], ""stop_decode_ids"": [], ""history_phase"": ""forced_step:single-child""}",train_root,,0.0,0,0.0,0.0
10007,350,13,13,controller,0,0.0,[],[],[],0.0,[],0,0.0,0.0,"ControllerAction(token_budget=3, selected_request_ids=[0, 1, 2], token_allocations={0: 1, 1: 1, 2: 1}, prefill_allocations={}, decode_allocations={0: 1, 1: 1, 2: 1}, heuristic='SJF', strategy='Fixed', mapping=None)","{""type"": ""controller"", ""token_budget"": 3, ""selected_request_ids"": [0, 1, 2], ""token_allocations"": {""0"": 1, ""1"": 1, ""2"": 1}, ""prefill_allocations"": {}, ""decode_allocations"": {""0"": 1, ""1"": 1, ""2"": 1}, ""heuristic"": ""SJF"", ""strategy"": ""Fixed"", ""history_phase"": ""forced_step:single-child""}",train_root,,0.0,0,0.0,0.0
10007,350,14,14,adversary,0,0.0,[],[],[],0.0,[],5,0.0,0.0,"AdversaryAction(requests=[AdversaryRequestSpec(prefill_tokens=3072, decode_tokens=5000, prefill_slo=0.3874467952163693, decode_slo=0.05), AdversaryRequestSpec(prefill_tokens=3072, decode_tokens=5000, prefill_slo=0.3874467952163693, decode_slo=0.05), AdversaryRequestSpec(prefill_tokens=3072, decode_tokens=5000, prefill_slo=0.3874467952163693, decode_slo=0.05), AdversaryRequestSpec(prefill_tokens=3072, decode_tokens=5000, prefill_slo=0.3874467952163693, decode_slo=0.05), AdversaryRequestSpec(prefill_tokens=3072, decode_tokens=5000, prefill_slo=0.3874467952163693, decode_slo=0.05), AdversaryRequestSpec(prefill_tokens=3072, decode_tokens=5000, prefill_slo=0.3874467952163693, decode_slo=0.05)], stop_decode_ids=[])","{""type"": ""adversary"", ""requests"": [{""prefill_tokens"": 3072, ""decode_tokens"": 5000, ""prefill_slo"": 0.3874467952163693, ""decode_slo"": 0.05}, {""prefill_tokens"": 3072, ""decode_tokens"": 5000, ""prefill_slo"": 0.3874467952163693, ""decode_slo"": 0.05}, {""prefill_tokens"": 3072, ""decode_tokens"": 5000, ""prefill_slo"": 0.3874467952163693, ""decode_slo"": 0.05}, {""prefill_tokens"": 3072, ""decode_tokens"": 5000, ""prefill_slo"": 0.3874467952163693, ""decode_slo"": 0.05}, {""prefill_tokens"": 3072, ""decode_tokens"": 5000, ""prefill_slo"": 0.3874467952163693, ""decode_slo"": 0.05}, {""prefill_tokens"": 3072, ""decode_tokens"": 5000, ""prefill_slo"": 0.3874467952163693, ""decode_slo"": 0.05}], ""stop_decode_ids"": [], ""history_phase"": ""multiple-child""}",train_root,,0.0,0,0.0,0.0
10007,350,15,15,controller,0,0.0,[],[],[],0.0,[],17,0.0,0.0,"ControllerAction(token_budget=2563, selected_request_ids=[0, 1, 2, 3], token_allocations={0: 1, 1: 1, 2: 1, 3: 2560}, prefill_allocations={3: 2560}, decode_allocations={0: 1, 1: 1, 2: 1}, heuristic='EDF', strategy='Fixed', mapping=None)","{""type"": ""controller"", ""token_budget"": 2563, ""selected_request_ids"": [0, 1, 2, 3], ""token_allocations"": {""0"": 1, ""1"": 1, ""2"": 1, ""3"": 2560}, ""prefill_allocations"": {""3"": 2560}, ""decode_allocations"": {""0"": 1, ""1"": 1, ""2"": 1}, ""heuristic"": ""EDF"", ""strategy"": ""Fixed"", ""history_phase"": ""multiple-child""}",train_root,,0.0,0,0.0,0.0
10007,350,16,16,adversary,0,0.0,[],[],[],0.0,[],0,0.0,0.0,"AdversaryAction(requests=[], stop_decode_ids=[])","{""type"": ""adversary"", ""requests"": [], ""stop_decode_ids"": [], ""history_phase"": ""forced_step:single-child""}",train_root,,0.0,0,0.0,0.0
10007,350,17,17,controller,0,0.0,[],[],[],0.0,[],19,0.0,0.0,"ControllerAction(token_budget=2563, selected_request_ids=[0, 1, 2, 4], token_allocations={0: 1, 1: 1, 2: 1, 4: 2560}, prefill_allocations={4: 2560}, decode_allocations={0: 1, 1: 1, 2: 1}, heuristic='LJF', strategy='Fixed', mapping=None)","{""type"": ""controller"", ""token_budget"": 2563, ""selected_request_ids"": [0, 1, 2, 4], ""token_allocations"": {""0"": 1, ""1"": 1, ""2"": 1, ""4"": 2560}, ""prefill_allocations"": {""4"": 2560}, ""decode_allocations"": {""0"": 1, ""1"": 1, ""2"": 1}, ""heuristic"": ""LJF"", ""strategy"": ""Fixed"", ""history_phase"": ""multiple-child""}",train_root,,0.0,0,0.0,0.0
10007,350,18,18,adversary,0,0.0,[],[],[],0.0,[],0,0.0,0.0,"AdversaryAction(requests=[], stop_decode_ids=[])","{""type"": ""adversary"", ""requests"": [], ""stop_decode_ids"": [], ""history_phase"": ""forced_step:single-child""}",train_root,,0.0,0,0.0,0.0
10007,350,19,19,controller,0,0.0,[],[],[],0.0,[],20,0.0,0.0,"ControllerAction(token_budget=3075, selected_request_ids=[0, 1, 2, 3, 4, 5], token_allocations={0: 1, 1: 1, 2: 1, 3: 512, 4: 512, 5: 2048}, prefill_allocations={3: 512, 4: 512, 5: 2048}, decode_allocations={0: 1, 1: 1, 2: 1}, heuristic='SJF', strategy='Fixed', mapping=None)","{""type"": ""controller"", ""token_budget"": 3075, ""selected_request_ids"": [0, 1, 2, 3, 4, 5], ""token_allocations"": {""0"": 1, ""1"": 1, ""2"": 1, ""3"": 512, ""4"": 512, ""5"": 2048}, ""prefill_allocations"": {""3"": 512, ""4"": 512, ""5"": 2048}, ""decode_allocations"": {""0"": 1, ""1"": 1, ""2"": 1}, ""heuristic"": ""SJF"", ""strategy"": ""Fixed"", ""history_phase"": ""multiple-child""}",train_root,,0.0,0,0.0,0.0
10007,350,20,20,adversary,0,0.0,[],[],[],0.0,[],0,0.0,0.0,"AdversaryAction(requests=[], stop_decode_ids=[])","{""type"": ""adversary"", ""requests"": [], ""stop_decode_ids"": [], ""history_phase"": ""forced_step:single-child""}",train_root,,0.0,0,0.0,0.0
10007,350,21,21,controller,0,0.0,[],[],[],0.0,[],4,0.0,0.0,"ControllerAction(token_budget=1029, selected_request_ids=[0, 1, 2, 3, 4, 5], token_allocations={0: 1, 1: 1, 2: 1, 3: 1, 4: 1, 5: 1024}, prefill_allocations={5: 1024}, decode_allocations={0: 1, 1: 1, 2: 1, 3: 1, 4: 1}, heuristic='SJF', strategy='Fixed', mapping=None)","{""type"": ""controller"", ""token_budget"": 1029, ""selected_request_ids"": [0, 1, 2, 3, 4, 5], ""token_allocations"": {""0"": 1, ""1"": 1, ""2"": 1, ""3"": 1, ""4"": 1, ""5"": 1024}, ""prefill_allocations"": {""5"": 1024}, ""decode_allocations"": {""0"": 1, ""1"": 1, ""2"": 1, ""3"": 1, ""4"": 1}, ""heuristic"": ""SJF"", ""strategy"": ""Fixed"", ""history_phase"": ""multiple-child""}",train_root,,0.0,0,0.0,0.0
10007,350,22,22,adversary,0,0.0,[],[],[],0.0,[],0,0.0,0.0,"AdversaryAction(requests=[], stop_decode_ids=[])","{""type"": ""adversary"", ""requests"": [], ""stop_decode_ids"": [], ""history_phase"": ""forced_step:single-child""}",train_root,,0.0,0,0.0,0.0
10007,350,23,23,controller,0,0.0,[],[],[],0.0,[],6,0.0,0.0,"ControllerAction(token_budget=1030, selected_request_ids=[0, 1, 2, 3, 4, 5, 6], token_allocations={0: 1, 1: 1, 2: 1, 3: 1, 4: 1, 5: 1, 6: 1024}, prefill_allocations={6: 1024}, decode_allocations={0: 1, 1: 1, 2: 1, 3: 1, 4: 1, 5: 1}, heuristic='LST', strategy='Fixed', mapping=None)","{""type"": ""controller"", ""token_budget"": 1030, ""selected_request_ids"": [0, 1, 2, 3, 4, 5, 6], ""token_allocations"": {""0"": 1, ""1"": 1, ""2"": 1, ""3"": 1, ""4"": 1, ""5"": 1, ""6"": 1024}, ""prefill_allocations"": {""6"": 1024}, ""decode_allocations"": {""0"": 1, ""1"": 1, ""2"": 1, ""3"": 1, ""4"": 1, ""5"": 1}, ""heuristic"": ""LST"", ""strategy"": ""Fixed"", ""history_phase"": ""multiple-child""}",train_root,,0.0,0,0.0,0.0
10007,350,24,24,adversary,0,0.0,[],[],[],0.0,[],0,0.0,0.0,"AdversaryAction(requests=[], stop_decode_ids=[])","{""type"": ""adversary"", ""requests"": [], ""stop_decode_ids"": [], ""history_phase"": ""forced_step:single-child""}",train_root,,0.0,0,0.0,0.0
10007,350,25,25,controller,0,0.0,[],[],[],0.0,[],2,0.0,0.0,"ControllerAction(token_budget=518, selected_request_ids=[0, 1, 2, 3, 4, 5, 7], token_allocations={0: 1, 1: 1, 2: 1, 3: 1, 4: 1, 5: 1, 7: 512}, prefill_allocations={7: 512}, decode_allocations={0: 1, 1: 1, 2: 1, 3: 1, 4: 1, 5: 1}, heuristic='LST', strategy='Fixed', mapping=None)","{""type"": ""controller"", ""token_budget"": 518, ""selected_request_ids"": [0, 1, 2, 3, 4, 5, 7], ""token_allocations"": {""0"": 1, ""1"": 1, ""2"": 1, ""3"": 1, ""4"": 1, ""5"": 1, ""7"": 512}, ""prefill_allocations"": {""7"": 512}, ""decode_allocations"": {""0"": 1, ""1"": 1, ""2"": 1, ""3"": 1, ""4"": 1, ""5"": 1}, ""heuristic"": ""LST"", ""strategy"": ""Fixed"", ""history_phase"": ""multiple-child""}",train_root,,0.0,0,0.0,0.0
10007,350,26,26,adversary,0,0.0,[],[],[],0.0,[],0,0.0,0.0,"AdversaryAction(requests=[], stop_decode_ids=[])","{""type"": ""adversary"", ""requests"": [], ""stop_decode_ids"": [], ""history_phase"": ""forced_step:single-child""}",train_root,,0.0,0,0.0,0.0
10007,350,27,27,controller,0,0.0,[],[],[],0.0,[],1,0.0,0.0,"ControllerAction(token_budget=518, selected_request_ids=[0, 1, 2, 3, 4, 5, 6], token_allocations={0: 1, 1: 1, 2: 1, 3: 1, 4: 1, 5: 1, 6: 512}, prefill_allocations={6: 512}, decode_allocations={0: 1, 1: 1, 2: 1, 3: 1, 4: 1, 5: 1}, heuristic='EDF', strategy='Fixed', mapping=None)","{""type"": ""controller"", ""token_budget"": 518, ""selected_request_ids"": [0, 1, 2, 3, 4, 5, 6], ""token_allocations"": {""0"": 1, ""1"": 1, ""2"": 1, ""3"": 1, ""4"": 1, ""5"": 1, ""6"": 512}, ""prefill_allocations"": {""6"": 512}, ""decode_allocations"": {""0"": 1, ""1"": 1, ""2"": 1, ""3"": 1, ""4"": 1, ""5"": 1}, ""heuristic"": ""EDF"", ""strategy"": ""Fixed"", ""history_phase"": ""multiple-child""}",train_root,,0.0,0,0.0,0.0
10007,350,28,28,adversary,0,0.0,[],[],[],0.0,[],0,0.0,0.0,"AdversaryAction(requests=[], stop_decode_ids=[])","{""type"": ""adversary"", ""requests"": [], ""stop_decode_ids"": [], ""history_phase"": ""forced_step:single-child""}",train_root,,0.0,0,0.0,0.0
10007,350,29,29,controller,0,0.0,[],[],[],0.0,[],17,0.0,0.0,"ControllerAction(token_budget=2566, selected_request_ids=[0, 1, 2, 3, 4, 5, 6, 7], token_allocations={0: 1, 1: 1, 2: 1, 3: 1, 4: 1, 5: 1, 6: 1536, 7: 1024}, prefill_allocations={6: 1536, 7: 1024}, decode_allocations={0: 1, 1: 1, 2: 1, 3: 1, 4: 1, 5: 1}, heuristic='EDF', strategy='Fixed', mapping=None)","{""type"": ""controller"", ""token_budget"": 2566, ""selected_request_ids"": [0, 1, 2, 3, 4, 5, 6, 7], ""token_allocations"": {""0"": 1, ""1"": 1, ""2"": 1, ""3"": 1, ""4"": 1, ""5"": 1, ""6"": 1536, ""7"": 1024}, ""prefill_allocations"": {""6"": 1536, ""7"": 1024}, ""decode_allocations"": {""0"": 1, ""1"": 1, ""2"": 1, ""3"": 1, ""4"": 1, ""5"": 1}, ""heuristic"": ""EDF"", ""strategy"": ""Fixed"", ""history_phase"": ""multiple-child""}",train_root,,0.0,0,0.0,0.0
10007,350,30,30,adversary,0,0.0,[],[],[],0.0,[],0,0.0,0.0,"AdversaryAction(requests=[], stop_decode_ids=[])","{""type"": ""adversary"", ""requests"": [], ""stop_decode_ids"": [], ""history_phase"": ""forced_step:single-child""}",train_root,,0.0,0,0.0,0.0
10007,350,31,31,controller,0,0.0,[],[],[],0.0,[],16,0.0,0.0,"ControllerAction(token_budget=2567, selected_request_ids=[0, 1, 2, 3, 4, 5, 6, 7, 8], token_allocations={0: 1, 1: 1, 2: 1, 3: 1, 4: 1, 5: 1, 6: 1, 7: 1536, 8: 1024}, prefill_allocations={7: 1536, 8: 1024}, decode_allocations={0: 1, 1: 1, 2: 1, 3: 1, 4: 1, 5: 1, 6: 1}, heuristic='SJF', strategy='Fixed', mapping=None)","{""type"": ""controller"", ""token_budget"": 2567, ""selected_request_ids"": [0, 1, 2, 3, 4, 5, 6, 7, 8], ""token_allocations"": {""0"": 1, ""1"": 1, ""2"": 1, ""3"": 1, ""4"": 1, ""5"": 1, ""6"": 1, ""7"": 1536, ""8"": 1024}, ""prefill_allocations"": {""7"": 1536, ""8"": 1024}, ""decode_allocations"": {""0"": 1, ""1"": 1, ""2"": 1, ""3"": 1, ""4"": 1, ""5"": 1, ""6"": 1}, ""heuristic"": ""SJF"", ""strategy"": ""Fixed"", ""history_phase"": ""multiple-child""}",train_root,,0.0,0,0.0,0.0
10007,350,32,32,adversary,0,0.0,[],[],[],0.0,[],0,0.0,0.0,"AdversaryAction(requests=[], stop_decode_ids=[])","{""type"": ""adversary"", ""requests"": [], ""stop_decode_ids"": [], ""history_phase"": ""forced_step:single-child""}",train_root,,0.0,0,0.0,0.0
10007,350,33,33,controller,0,0.0,[],[],[],0.0,[],7,0.0,0.0,"ControllerAction(token_budget=1032, selected_request_ids=[0, 1, 2, 3, 4, 5, 6, 7, 8], token_allocations={0: 1, 1: 1, 2: 1, 3: 1, 4: 1, 5: 1, 6: 1, 7: 1, 8: 1024}, prefill_allocations={8: 1024}, decode_allocations={0: 1, 1: 1, 2: 1, 3: 1, 4: 1, 5: 1, 6: 1, 7: 1}, heuristic='LJF', strategy='Fixed', mapping=None)","{""type"": ""controller"", ""token_budget"": 1032, ""selected_request_ids"": [0, 1, 2, 3, 4, 5, 6, 7, 8], ""token_allocations"": {""0"": 1, ""1"": 1, ""2"": 1, ""3"": 1, ""4"": 1, ""5"": 1, ""6"": 1, ""7"": 1, ""8"": 1024}, ""prefill_allocations"": {""8"": 1024}, ""decode_allocations"": {""0"": 1, ""1"": 1, ""2"": 1, ""3"": 1, ""4"": 1, ""5"": 1, ""6"": 1, ""7"": 1}, ""heuristic"": ""LJF"", ""strategy"": ""Fixed"", ""history_phase"": ""multiple-child""}",train_root,,0.0,0,0.0,0.0
10007,350,34,34,adversary,0,0.0,[],[],[],0.0,[],0,0.0,0.0,"AdversaryAction(requests=[], stop_decode_ids=[])","{""type"": ""adversary"", ""requests"": [], ""stop_decode_ids"": [], ""history_phase"": ""forced_step:single-child""}",train_root,,0.0,0,0.0,0.0
10007,350,35,35,controller,0,0.0,[],[],[],0.0,[],4,0.0,0.0,"ControllerAction(token_budget=1032, selected_request_ids=[0, 1, 2, 3, 4, 5, 6, 7, 8], token_allocations={0: 1, 1: 1, 2: 1, 3: 1, 4: 1, 5: 1, 6: 1, 7: 1, 8: 1024}, prefill_allocations={8: 1024}, decode_allocations={0: 1, 1: 1, 2: 1, 3: 1, 4: 1, 5: 1, 6: 1, 7: 1}, heuristic='SJF', strategy='Fixed', mapping=None)","{""type"": ""controller"", ""token_budget"": 1032, ""selected_request_ids"": [0, 1, 2, 3, 4, 5, 6, 7, 8], ""token_allocations"": {""0"": 1, ""1"": 1, ""2"": 1, ""3"": 1, ""4"": 1, ""5"": 1, ""6"": 1, ""7"": 1, ""8"": 1024}, ""prefill_allocations"": {""8"": 1024}, ""decode_allocations"": {""0"": 1, ""1"": 1, ""2"": 1, ""3"": 1, ""4"": 1, ""5"": 1, ""6"": 1, ""7"": 1}, ""heuristic"": ""SJF"", ""strategy"": ""Fixed"", ""history_phase"": ""multiple-child""}",train_root,,0.0,0,0.0,0.0
10007,350,36,36,adversary,0,0.0,[],[],[],0.0,[],0,0.0,0.0,"AdversaryAction(requests=[], stop_decode_ids=[])","{""type"": ""adversary"", ""requests"": [], ""stop_decode_ids"": [], ""history_phase"": ""forced_step:single-child""}",train_root,,0.0,0,0.0,0.0
10007,350,37,37,controller,0,0.0,[],[],[],0.0,[],0,0.0,0.0,"ControllerAction(token_budget=9, selected_request_ids=[0, 1, 2, 3, 4, 5, 6, 7, 8], token_allocations={0: 1, 1: 1, 2: 1, 3: 1, 4: 1, 5: 1, 6: 1, 7: 1, 8: 1}, prefill_allocations={}, decode_allocations={0: 1, 1: 1, 2: 1, 3: 1, 4: 1, 5: 1, 6: 1, 7: 1, 8: 1}, heuristic='SJF', strategy='Fixed', mapping=None)","{""type"": ""controller"", ""token_budget"": 9, ""selected_request_ids"": [0, 1, 2, 3, 4, 5, 6, 7, 8], ""token_allocations"": {""0"": 1, ""1"": 1, ""2"": 1, ""3"": 1, ""4"": 1, ""5"": 1, ""6"": 1, ""7"": 1, ""8"": 1}, ""prefill_allocations"": {}, ""decode_allocations"": {""0"": 1, ""1"": 1, ""2"": 1, ""3"": 1, ""4"": 1, ""5"": 1, ""6"": 1, ""7"": 1, ""8"": 1}, ""heuristic"": ""SJF"", ""strategy"": ""Fixed"", ""history_phase"": ""forced_step:single-child""}",train_root,,0.0,0,0.0,0.0
10007,350,38,38,adversary,0,0.0,[],[],[],0.0,[],5,0.0,0.0,"AdversaryAction(requests=[AdversaryRequestSpec(prefill_tokens=3072, decode_tokens=5000, prefill_slo=0.3874467952163693, decode_slo=0.05), AdversaryRequestSpec(prefill_tokens=3072, decode_tokens=5000, prefill_slo=0.3874467952163693, decode_slo=0.05), AdversaryRequestSpec(prefill_tokens=3072, decode_tokens=5000, prefill_slo=0.3874467952163693, decode_slo=0.05), AdversaryRequestSpec(prefill_tokens=3072, decode_tokens=5000, prefill_slo=0.3874467952163693, decode_slo=0.05), AdversaryRequestSpec(prefill_tokens=3072, decode_tokens=5000, prefill_slo=0.3874467952163693, decode_slo=0.05), AdversaryRequestSpec(prefill_tokens=3072, decode_tokens=5000, prefill_slo=0.3874467952163693, decode_slo=0.05)], stop_decode_ids=[])","{""type"": ""adversary"", ""requests"": [{""prefill_tokens"": 3072, ""decode_tokens"": 5000, ""prefill_slo"": 0.3874467952163693, ""decode_slo"": 0.05}, {""prefill_tokens"": 3072, ""decode_tokens"": 5000, ""prefill_slo"": 0.3874467952163693, ""decode_slo"": 0.05}, {""prefill_tokens"": 3072, ""decode_tokens"": 5000, ""prefill_slo"": 0.3874467952163693, ""decode_slo"": 0.05}, {""prefill_tokens"": 3072, ""decode_tokens"": 5000, ""prefill_slo"": 0.3874467952163693, ""decode_slo"": 0.05}, {""prefill_tokens"": 3072, ""decode_tokens"": 5000, ""prefill_slo"": 0.3874467952163693, ""decode_slo"": 0.05}, {""prefill_tokens"": 3072, ""decode_tokens"": 5000, ""prefill_slo"": 0.3874467952163693, ""decode_slo"": 0.05}], ""stop_decode_ids"": [], ""history_phase"": ""multiple-child""}",train_root,,0.0,0,0.0,0.0
10007,350,39,39,controller,0,0.0,[],[],[],0.0,[],9,0.0,0.0,"ControllerAction(token_budget=1545, selected_request_ids=[0, 1, 2, 3, 4, 5, 6, 7, 8, 9], token_allocations={0: 1, 1: 1, 2: 1, 3: 1, 4: 1, 5: 1, 6: 1, 7: 1, 8: 1, 9: 1536}, prefill_allocations={9: 1536}, decode_allocations={0: 1, 1: 1, 2: 1, 3: 1, 4: 1, 5: 1, 6: 1, 7: 1, 8: 1}, heuristic='EDF', strategy='Fixed', mapping=None)","{""type"": ""controller"", ""token_budget"": 1545, ""selected_request_ids"": [0, 1, 2, 3, 4, 5, 6, 7, 8, 9], ""token_allocations"": {""0"": 1, ""1"": 1, ""2"": 1, ""3"": 1, ""4"": 1, ""5"": 1, ""6"": 1, ""7"": 1, ""8"": 1, ""9"": 1536}, ""prefill_allocations"": {""9"": 1536}, ""decode_allocations"": {""0"": 1, ""1"": 1, ""2"": 1, ""3"": 1, ""4"": 1, ""5"": 1, ""6"": 1, ""7"": 1, ""8"": 1}, ""heuristic"": ""EDF"", ""strategy"": ""Fixed"", ""history_phase"": ""multiple-child""}",train_root,,0.0,0,0.0,0.0
10007,350,40,40,adversary,0,0.0,[],[],[],0.0,[],0,0.0,0.0,"AdversaryAction(requests=[], stop_decode_ids=[])","{""type"": ""adversary"", ""requests"": [], ""stop_decode_ids"": [], ""history_phase"": ""forced_step:single-child""}",train_root,,0.0,0,0.0,0.0
10007,350,41,41,controller,0,0.0,[],[],[],0.0,[],14,0.0,0.0,"ControllerAction(token_budget=2057, selected_request_ids=[0, 1, 2, 3, 4, 5, 6, 7, 8, 10], token_allocations={0: 1, 1: 1, 2: 1, 3: 1, 4: 1, 5: 1, 6: 1, 7: 1, 8: 1, 10: 2048}, prefill_allocations={10: 2048}, decode_allocations={0: 1, 1: 1, 2: 1, 3: 1, 4: 1, 5: 1, 6: 1, 7: 1, 8: 1}, heuristic='LST', strategy='Fixed', mapping=None)","{""type"": ""controller"", ""token_budget"": 2057, ""selected_request_ids"": [0, 1, 2, 3, 4, 5, 6, 7, 8, 10], ""token_allocations"": {""0"": 1, ""1"": 1, ""2"": 1, ""3"": 1, ""4"": 1, ""5"": 1, ""6"": 1, ""7"": 1, ""8"": 1, ""10"": 2048}, ""prefill_allocations"": {""10"": 2048}, ""decode_allocations"": {""0"": 1, ""1"": 1, ""2"": 1, ""3"": 1, ""4"": 1, ""5"": 1, ""6"": 1, ""7"": 1, ""8"": 1}, ""heuristic"": ""LST"", ""strategy"": ""Fixed"", ""history_phase"": ""multiple-child""}",train_root,,0.0,0,0.0,0.0
10007,350,42,42,adversary,0,0.0,[],[],[],0.0,[],0,0.0,0.0,"AdversaryAction(requests=[], stop_decode_ids=[])","{""type"": ""adversary"", ""requests"": [], ""stop_decode_ids"": [], ""history_phase"": ""forced_step:single-child""}",train_root,,0.0,0,0.0,0.0
10007,350,43,43,controller,0,0.0,[],[],[],0.0,[],12,0.0,0.0,"ControllerAction(token_budget=2057, selected_request_ids=[0, 1, 2, 3, 4, 5, 6, 7, 8, 9, 10], token_allocations={0: 1, 1: 1, 2: 1, 3: 1, 4: 1, 5: 1, 6: 1, 7: 1, 8: 1, 9: 1024, 10: 1024}, prefill_allocations={9: 1024, 10: 1024}, decode_allocations={0: 1, 1: 1, 2: 1, 3: 1, 4: 1, 5: 1, 6: 1, 7: 1, 8: 1}, heuristic='SJF', strategy='Fixed', mapping=None)","{""type"": ""controller"", ""token_budget"": 2057, ""selected_request_ids"": [0, 1, 2, 3, 4, 5, 6, 7, 8, 9, 10], ""token_allocations"": {""0"": 1, ""1"": 1, ""2"": 1, ""3"": 1, ""4"": 1, ""5"": 1, ""6"": 1, ""7"": 1, ""8"": 1, ""9"": 1024, ""10"": 1024}, ""prefill_allocations"": {""9"": 1024, ""10"": 1024}, ""decode_allocations"": {""0"": 1, ""1"": 1, ""2"": 1, ""3"": 1, ""4"": 1, ""5"": 1, ""6"": 1, ""7"": 1, ""8"": 1}, ""heuristic"": ""SJF"", ""strategy"": ""Fixed"", ""history_phase"": ""multiple-child""}",train_root,,0.0,0,0.0,0.0
10007,350,44,44,adversary,0,0.0,[],[],[],0.0,[],0,0.0,0.0,"AdversaryAction(requests=[], stop_decode_ids=[])","{""type"": ""adversary"", ""requests"": [], ""stop_decode_ids"": [], ""history_phase"": ""forced_step:single-child""}",train_root,,0.0,0,0.0,0.0
10007,350,45,45,controller,0,0.0,[],[],[],0.0,[],16,0.0,0.0,"ControllerAction(token_budget=2570, selected_request_ids=[0, 1, 2, 3, 4, 5, 6, 7, 8, 9, 10, 11], token_allocations={0: 1, 1: 1, 2: 1, 3: 1, 4: 1, 5: 1, 6: 1, 7: 1, 8: 1, 9: 512, 10: 1, 11: 2048}, prefill_allocations={9: 512, 11: 2048}, decode_allocations={0: 1, 1: 1, 2: 1, 3: 1, 4: 1, 5: 1, 6: 1, 7: 1, 8: 1, 10: 1}, heuristic='SJF', strategy='Fixed', mapping=None)","{""type"": ""controller"", ""token_budget"": 2570, ""selected_request_ids"": [0, 1, 2, 3, 4, 5, 6, 7, 8, 9, 10, 11], ""token_allocations"": {""0"": 1, ""1"": 1, ""2"": 1, ""3"": 1, ""4"": 1, ""5"": 1, ""6"": 1, ""7"": 1, ""8"": 1, ""9"": 512, ""10"": 1, ""11"": 2048}, ""prefill_allocations"": {""9"": 512, ""11"": 2048}, ""decode_allocations"": {""0"": 1, ""1"": 1, ""2"": 1, ""3"": 1, ""4"": 1, ""5"": 1, ""6"": 1, ""7"": 1, ""8"": 1, ""10"": 1}, ""heuristic"": ""SJF"", ""strategy"": ""Fixed"", ""history_phase"": ""multiple-child""}",train_root,,0.0,0,0.0,0.0
10007,350,46,46,adversary,0,0.0,[],[],[],0.0,[],0,0.0,0.0,"AdversaryAction(requests=[], stop_decode_ids=[])","{""type"": ""adversary"", ""requests"": [], ""stop_decode_ids"": [], ""history_phase"": ""forced_step:single-child""}",train_root,,0.0,0,0.0,0.0
10007,350,47,47,controller,0,0.0,[],[],[],0.0,[],5,0.0,0.0,"ControllerAction(token_budget=1035, selected_request_ids=[0, 1, 2, 3, 4, 5, 6, 7, 8, 9, 10, 11], token_allocations={0: 1, 1: 1, 2: 1, 3: 1, 4: 1, 5: 1, 6: 1, 7: 1, 8: 1, 9: 1, 10: 1, 11: 1024}, prefill_allocations={11: 1024}, decode_allocations={0: 1, 1: 1, 2: 1, 3: 1, 4: 1, 5: 1, 6: 1, 7: 1, 8: 1, 9: 1, 10: 1}, heuristic='EDF', strategy='Fixed', mapping=None)","{""type"": ""controller"", ""token_budget"": 1035, ""selected_request_ids"": [0, 1, 2, 3, 4, 5, 6, 7, 8, 9, 10, 11], ""token_allocations"": {""0"": 1, ""1"": 1, ""2"": 1, ""3"": 1, ""4"": 1, ""5"": 1, ""6"": 1, ""7"": 1, ""8"": 1, ""9"": 1, ""10"": 1, ""11"": 1024}, ""prefill_allocations"": {""11"": 1024}, ""decode_allocations"": {""0"": 1, ""1"": 1, ""2"": 1, ""3"": 1, ""4"": 1, ""5"": 1, ""6"": 1, ""7"": 1, ""8"": 1, ""9"": 1, ""10"": 1}, ""heuristic"": ""EDF"", ""strategy"": ""Fixed"", ""history_phase"": ""multiple-child""}",train_root,,0.0,0,0.0,0.0
10007,350,48,48,adversary,0,0.0,[],[],[],0.0,[],0,0.0,0.0,"AdversaryAction(requests=[], stop_decode_ids=[])","{""type"": ""adversary"", ""requests"": [], ""stop_decode_ids"": [], ""history_phase"": ""forced_step:single-child""}",train_root,,0.0,0,0.0,0.0
10007,350,49,49,controller,0,0.0,[],[],[],0.0,[],23,0.0,0.0,"ControllerAction(token_budget=3084, selected_request_ids=[0, 1, 2, 3, 4, 5, 6, 7, 8, 9, 10, 11, 12], token_allocations={0: 1, 1: 1, 2: 1, 3: 1, 4: 1, 5: 1, 6: 1, 7: 1, 8: 1, 9: 1, 10: 1, 11: 1, 12: 3072}, prefill_allocations={12: 3072}, decode_allocations={0: 1, 1: 1, 2: 1, 3: 1, 4: 1, 5: 1, 6: 1, 7: 1, 8: 1, 9: 1, 10: 1, 11: 1}, heuristic='LJF', strategy='Fixed', mapping=None)","{""type"": ""controller"", ""token_budget"": 3084, ""selected_request_ids"": [0, 1, 2, 3, 4, 5, 6, 7, 8, 9, 10, 11, 12], ""token_allocations"": {""0"": 1, ""1"": 1, ""2"": 1, ""3"": 1, ""4"": 1, ""5"": 1, ""6"": 1, ""7"": 1, ""8"": 1, ""9"": 1, ""10"": 1, ""11"": 1, ""12"": 3072}, ""prefill_allocations"": {""12"": 3072}, ""decode_allocations"": {""0"": 1, ""1"": 1, ""2"": 1, ""3"": 1, ""4"": 1, ""5"": 1, ""6"": 1, ""7"": 1, ""8"": 1, ""9"": 1, ""10"": 1, ""11"": 1}, ""heuristic"": ""LJF"", ""strategy"": ""Fixed"", ""history_phase"": ""multiple-child""}",train_root,,0.0,0,0.0,0.0
10007,350,50,50,adversary,0,0.0,[],[],[],0.0,[],0,0.0,0.0,"AdversaryAction(requests=[], stop_decode_ids=[])","{""type"": ""adversary"", ""requests"": [], ""stop_decode_ids"": [], ""history_phase"": ""forced_step:single-child""}",train_root,,0.0,0,0.0,0.0
10007,350,51,51,controller,0,0.0,[],[],[],0.0,[],23,0.0,0.0,"ControllerAction(token_budget=3085, selected_request_ids=[0, 1, 2, 3, 4, 5, 6, 7, 8, 9, 10, 11, 12, 13], token_allocations={0: 1, 1: 1, 2: 1, 3: 1, 4: 1, 5: 1, 6: 1, 7: 1, 8: 1, 9: 1, 10: 1, 11: 1, 12: 1, 13: 3072}, prefill_allocations={13: 3072}, decode_allocations={0: 1, 1: 1, 2: 1, 3: 1, 4: 1, 5: 1, 6: 1, 7: 1, 8: 1, 9: 1, 10: 1, 11: 1, 12: 1}, heuristic='LJF', strategy='Fixed', mapping=None)","{""type"": ""controller"", ""token_budget"": 3085, ""selected_request_ids"": [0, 1, 2, 3, 4, 5, 6, 7, 8, 9, 10, 11, 12, 13], ""token_allocations"": {""0"": 1, ""1"": 1, ""2"": 1, ""3"": 1, ""4"": 1, ""5"": 1, ""6"": 1, ""7"": 1, ""8"": 1, ""9"": 1, ""10"": 1, ""11"": 1, ""12"": 1, ""13"": 3072}, ""prefill_allocations"": {""13"": 3072}, ""decode_allocations"": {""0"": 1, ""1"": 1, ""2"": 1, ""3"": 1, ""4"": 1, ""5"": 1, ""6"": 1, ""7"": 1, ""8"": 1, ""9"": 1, ""10"": 1, ""11"": 1, ""12"": 1}, ""heuristic"": ""LJF"", ""strategy"": ""Fixed"", ""history_phase"": ""multiple-child""}",train_root,,0.0,0,0.0,0.0
10007,350,52,52,adversary,0,0.0,[],[],[],0.0,[],0,0.0,0.0,"AdversaryAction(requests=[], stop_decode_ids=[])","{""type"": ""adversary"", ""requests"": [], ""stop_decode_ids"": [], ""history_phase"": ""forced_step:single-child""}",train_root,,0.0,0,0.0,0.0
10007,350,53,53,controller,0,0.0,[],[],[],0.0,[],5,0.0,0.0,"ControllerAction(token_budget=1038, selected_request_ids=[0, 1, 2, 3, 4, 5, 6, 7, 8, 9, 10, 11, 12, 13, 14], token_allocations={0: 1, 1: 1, 2: 1, 3: 1, 4: 1, 5: 1, 6: 1, 7: 1, 8: 1, 9: 1, 10: 1, 11: 1, 12: 1, 13: 1, 14: 1024}, prefill_allocations={14: 1024}, decode_allocations={0: 1, 1: 1, 2: 1, 3: 1, 4: 1, 5: 1, 6: 1, 7: 1, 8: 1, 9: 1, 10: 1, 11: 1, 12: 1, 13: 1}, heuristic='EDF', strategy='Fixed', mapping=None)","{""type"": ""controller"", ""token_budget"": 1038, ""selected_request_ids"": [0, 1, 2, 3, 4, 5, 6, 7, 8, 9, 10, 11, 12, 13, 14], ""token_allocations"": {""0"": 1, ""1"": 1, ""2"": 1, ""3"": 1, ""4"": 1, ""5"": 1, ""6"": 1, ""7"": 1, ""8"": 1, ""9"": 1, ""10"": 1, ""11"": 1, ""12"": 1, ""13"": 1, ""14"": 1024}, ""prefill_allocations"": {""14"": 1024}, ""decode_allocations"": {""0"": 1, ""1"": 1, ""2"": 1, ""3"": 1, ""4"": 1, ""5"": 1, ""6"": 1, ""7"": 1, ""8"": 1, ""9"": 1, ""10"": 1, ""11"": 1, ""12"": 1, ""13"": 1}, ""heuristic"": ""EDF"", ""strategy"": ""Fixed"", ""history_phase"": ""multiple-child""}",train_root,,0.0,0,0.0,0.0
10007,350,54,54,adversary,0,0.0,[],[],[],0.0,[],0,0.0,0.0,"AdversaryAction(requests=[], stop_decode_ids=[])","{""type"": ""adversary"", ""requests"": [], ""stop_decode_ids"": [], ""history_phase"": ""forced_step:single-child""}",train_root,,0.0,0,0.0,0.0
10007,350,55,55,controller,0,0.0,[],[],[],0.0,[],10,0.0,0.0,"ControllerAction(token_budget=1550, selected_request_ids=[0, 1, 2, 3, 4, 5, 6, 7, 8, 9, 10, 11, 12, 13, 14], token_allocations={0: 1, 1: 1, 2: 1, 3: 1, 4: 1, 5: 1, 6: 1, 7: 1, 8: 1, 9: 1, 10: 1, 11: 1, 12: 1, 13: 1, 14: 1536}, prefill_allocations={14: 1536}, decode_allocations={0: 1, 1: 1, 2: 1, 3: 1, 4: 1, 5: 1, 6: 1, 7: 1, 8: 1, 9: 1, 10: 1, 11: 1, 12: 1, 13: 1}, heuristic='LST', strategy='Fixed', mapping=None)","{""type"": ""controller"", ""token_budget"": 1550, ""selected_request_ids"": [0, 1, 2, 3, 4, 5, 6, 7, 8, 9, 10, 11, 12, 13, 14], ""token_allocations"": {""0"": 1, ""1"": 1, ""2"": 1, ""3"": 1, ""4"": 1, ""5"": 1, ""6"": 1, ""7"": 1, ""8"": 1, ""9"": 1, ""10"": 1, ""11"": 1, ""12"": 1, ""13"": 1, ""14"": 1536}, ""prefill_allocations"": {""14"": 1536}, ""decode_allocations"": {""0"": 1, ""1"": 1, ""2"": 1, ""3"": 1, ""4"": 1, ""5"": 1, ""6"": 1, ""7"": 1, ""8"": 1, ""9"": 1, ""10"": 1, ""11"": 1, ""12"": 1, ""13"": 1}, ""heuristic"": ""LST"", ""strategy"": ""Fixed"", ""history_phase"": ""multiple-child""}",train_root,,0.0,0,0.0,0.0
10007,350,56,56,adversary,0,0.0,[],[],[],0.0,[],0,0.0,0.0,"AdversaryAction(requests=[], stop_decode_ids=[])","{""type"": ""adversary"", ""requests"": [], ""stop_decode_ids"": [], ""history_phase"": ""forced_step:single-child""}",train_root,,0.0,0,0.0,0.0
10007,350,57,57,controller,0,0.0,[],[],[],0.0,[],3,0.0,0.0,"ControllerAction(token_budget=526, selected_request_ids=[0, 1, 2, 3, 4, 5, 6, 7, 8, 9, 10, 11, 12, 13, 14], token_allocations={0: 1, 1: 1, 2: 1, 3: 1, 4: 1, 5: 1, 6: 1, 7: 1, 8: 1, 9: 1, 10: 1, 11: 1, 12: 1, 13: 1, 14: 512}, prefill_allocations={14: 512}, decode_allocations={0: 1, 1: 1, 2: 1, 3: 1, 4: 1, 5: 1, 6: 1, 7: 1, 8: 1, 9: 1, 10: 1, 11: 1, 12: 1, 13: 1}, heuristic='LJF', strategy='Fixed', mapping=None)","{""type"": ""controller"", ""token_budget"": 526, ""selected_request_ids"": [0, 1, 2, 3, 4, 5, 6, 7, 8, 9, 10, 11, 12, 13, 14], ""token_allocations"": {""0"": 1, ""1"": 1, ""2"": 1, ""3"": 1, ""4"": 1, ""5"": 1, ""6"": 1, ""7"": 1, ""8"": 1, ""9"": 1, ""10"": 1, ""11"": 1, ""12"": 1, ""13"": 1, ""14"": 512}, ""prefill_allocations"": {""14"": 512}, ""decode_allocations"": {""0"": 1, ""1"": 1, ""2"": 1, ""3"": 1, ""4"": 1, ""5"": 1, ""6"": 1, ""7"": 1, ""8"": 1, ""9"": 1, ""10"": 1, ""11"": 1, ""12"": 1, ""13"": 1}, ""heuristic"": ""LJF"", ""strategy"": ""Fixed"", ""history_phase"": ""multiple-child""}",train_root,,0.0,0,0.0,0.0
10007,350,58,58,adversary,0,0.0,[],[],[],0.0,[],0,0.0,0.0,"AdversaryAction(requests=[], stop_decode_ids=[])","{""type"": ""adversary"", ""requests"": [], ""stop_decode_ids"": [], ""history_phase"": ""forced_step:single-child""}",train_root,,0.0,0,0.0,0.0
10007,350,59,59,controller,0,0.0,[],[],[],0.0,[],0,0.0,0.0,"ControllerAction(token_budget=15, selected_request_ids=[0, 1, 2, 3, 4, 5, 6, 7, 8, 9, 10, 11, 12, 13, 14], token_allocations={0: 1, 1: 1, 2: 1, 3: 1, 4: 1, 5: 1, 6: 1, 7: 1, 8: 1, 9: 1, 10: 1, 11: 1, 12: 1, 13: 1, 14: 1}, prefill_allocations={}, decode_allocations={0: 1, 1: 1, 2: 1, 3: 1, 4: 1, 5: 1, 6: 1, 7: 1, 8: 1, 9: 1, 10: 1, 11: 1, 12: 1, 13: 1, 14: 1}, heuristic='SJF', strategy='Fixed', mapping=None)","{""type"": ""controller"", ""token_budget"": 15, ""selected_request_ids"": [0, 1, 2, 3, 4, 5, 6, 7, 8, 9, 10, 11, 12, 13, 14], ""token_allocations"": {""0"": 1, ""1"": 1, ""2"": 1, ""3"": 1, ""4"": 1, ""5"": 1, ""6"": 1, ""7"": 1, ""8"": 1, ""9"": 1, ""10"": 1, ""11"": 1, ""12"": 1, ""13"": 1, ""14"": 1}, ""prefill_allocations"": {}, ""decode_allocations"": {""0"": 1, ""1"": 1, ""2"": 1, ""3"": 1, ""4"": 1, ""5"": 1, ""6"": 1, ""7"": 1, ""8"": 1, ""9"": 1, ""10"": 1, ""11"": 1, ""12"": 1, ""13"": 1, ""14"": 1}, ""heuristic"": ""SJF"", ""strategy"": ""Fixed"", ""history_phase"": ""forced_step:single-child""}",train_root,,0.0,0,0.0,0.0
10007,350,60,60,adversary,0,0.0,[],[],[],0.0,[],1,0.0,0.0,"AdversaryAction(requests=[AdversaryRequestSpec(prefill_tokens=3072, decode_tokens=5000, prefill_slo=0.3874467952163693, decode_slo=0.05), AdversaryRequestSpec(prefill_tokens=3072, decode_tokens=5000, prefill_slo=0.3874467952163693, decode_slo=0.05)], stop_decode_ids=[])","{""type"": ""adversary"", ""requests"": [{""prefill_tokens"": 3072, ""decode_tokens"": 5000, ""prefill_slo"": 0.3874467952163693, ""decode_slo"": 0.05}, {""prefill_tokens"": 3072, ""decode_tokens"": 5000, ""prefill_slo"": 0.3874467952163693, ""decode_slo"": 0.05}], ""stop_decode_ids"": [], ""history_phase"": ""multiple-child""}",train_root,,0.0,0,0.0,0.0
10007,350,61,61,controller,0,0.0,[],[],[],0.0,[],21,0.0,0.0,"ControllerAction(token_budget=3087, selected_request_ids=[0, 1, 2, 3, 4, 5, 6, 7, 8, 9, 10, 11, 12, 13, 14, 15], token_allocations={0: 1, 1: 1, 2: 1, 3: 1, 4: 1, 5: 1, 6: 1, 7: 1, 8: 1, 9: 1, 10: 1, 11: 1, 12: 1, 13: 1, 14: 1, 15: 3072}, prefill_allocations={15: 3072}, decode_allocations={0: 1, 1: 1, 2: 1, 3: 1, 4: 1, 5: 1, 6: 1, 7: 1, 8: 1, 9: 1, 10: 1, 11: 1, 12: 1, 13: 1, 14: 1}, heuristic='EDF', strategy='Fixed', mapping=None)","{""type"": ""controller"", ""token_budget"": 3087, ""selected_request_ids"": [0, 1, 2, 3, 4, 5, 6, 7, 8, 9, 10, 11, 12, 13, 14, 15], ""token_allocations"": {""0"": 1, ""1"": 1, ""2"": 1, ""3"": 1, ""4"": 1, ""5"": 1, ""6"": 1, ""7"": 1, ""8"": 1, ""9"": 1, ""10"": 1, ""11"": 1, ""12"": 1, ""13"": 1, ""14"": 1, ""15"": 3072}, ""prefill_allocations"": {""15"": 3072}, ""decode_allocations"": {""0"": 1, ""1"": 1, ""2"": 1, ""3"": 1, ""4"": 1, ""5"": 1, ""6"": 1, ""7"": 1, ""8"": 1, ""9"": 1, ""10"": 1, ""11"": 1, ""12"": 1, ""13"": 1, ""14"": 1}, ""heuristic"": ""EDF"", ""strategy"": ""Fixed"", ""history_phase"": ""multiple-child""}",train_root,,0.0,0,0.0,0.0
10007,350,62,62,adversary,0,0.0,[],[],[],0.0,[],0,0.0,0.0,"AdversaryAction(requests=[], stop_decode_ids=[])","{""type"": ""adversary"", ""requests"": [], ""stop_decode_ids"": [], ""history_phase"": ""forced_step:single-child""}",train_root,,0.0,0,0.0,0.0
10007,350,63,63,controller,0,0.0,[],[],[],0.0,[],18,0.0,0.0,"ControllerAction(token_budget=2576, selected_request_ids=[0, 1, 2, 3, 4, 5, 6, 7, 8, 9, 10, 11, 12, 13, 14, 15, 16], token_allocations={0: 1, 1: 1, 2: 1, 3: 1, 4: 1, 5: 1, 6: 1, 7: 1, 8: 1, 9: 1, 10: 1, 11: 1, 12: 1, 13: 1, 14: 1, 15: 1, 16: 2560}, prefill_allocations={16: 2560}, decode_allocations={0: 1, 1: 1, 2: 1, 3: 1, 4: 1, 5: 1, 6: 1, 7: 1, 8: 1, 9: 1, 10: 1, 11: 1, 12: 1, 13: 1, 14: 1, 15: 1}, heuristic='LST', strategy='Fixed', mapping=None)","{""type"": ""controller"", ""token_budget"": 2576, ""selected_request_ids"": [0, 1, 2, 3, 4, 5, 6, 7, 8, 9, 10, 11, 12, 13, 14, 15, 16], ""token_allocations"": {""0"": 1, ""1"": 1, ""2"": 1, ""3"": 1, ""4"": 1, ""5"": 1, ""6"": 1, ""7"": 1, ""8"": 1, ""9"": 1, ""10"": 1, ""11"": 1, ""12"": 1, ""13"": 1, ""14"": 1, ""15"": 1, ""16"": 2560}, ""prefill_allocations"": {""16"": 2560}, ""decode_allocations"": {""0"": 1, ""1"": 1, ""2"": 1, ""3"": 1, ""4"": 1, ""5"": 1, ""6"": 1, ""7"": 1, ""8"": 1, ""9"": 1, ""10"": 1, ""11"": 1, ""12"": 1, ""13"": 1, ""14"": 1, ""15"": 1}, ""heuristic"": ""LST"", ""strategy"": ""Fixed"", ""history_phase"": ""multiple-child""}",train_root,,0.0,0,0.0,0.0
10007,350,64,64,adversary,0,0.0,[],[],[],0.0,[],0,0.0,0.0,"AdversaryAction(requests=[], stop_decode_ids=[])","{""type"": ""adversary"", ""requests"": [], ""stop_decode_ids"": [], ""history_phase"": ""forced_step:single-child""}",train_root,,0.0,0,0.0,0.0
10007,350,65,65,controller,0,0.0,[],[],[],0.0,[],3,0.0,0.0,"ControllerAction(token_budget=528, selected_request_ids=[0, 1, 2, 3, 4, 5, 6, 7, 8, 9, 10, 11, 12, 13, 14, 15, 16], token_allocations={0: 1, 1: 1, 2: 1, 3: 1, 4: 1, 5: 1, 6: 1, 7: 1, 8: 1, 9: 1, 10: 1, 11: 1, 12: 1, 13: 1, 14: 1, 15: 1, 16: 512}, prefill_allocations={16: 512}, decode_allocations={0: 1, 1: 1, 2: 1, 3: 1, 4: 1, 5: 1, 6: 1, 7: 1, 8: 1, 9: 1, 10: 1, 11: 1, 12: 1, 13: 1, 14: 1, 15: 1}, heuristic='LJF', strategy='Fixed', mapping=None)","{""type"": ""controller"", ""token_budget"": 528, ""selected_request_ids"": [0, 1, 2, 3, 4, 5, 6, 7, 8, 9, 10, 11, 12, 13, 14, 15, 16], ""token_allocations"": {""0"": 1, ""1"": 1, ""2"": 1, ""3"": 1, ""4"": 1, ""5"": 1, ""6"": 1, ""7"": 1, ""8"": 1, ""9"": 1, ""10"": 1, ""11"": 1, ""12"": 1, ""13"": 1, ""14"": 1, ""15"": 1, ""16"": 512}, ""prefill_allocations"": {""16"": 512}, ""decode_allocations"": {""0"": 1, ""1"": 1, ""2"": 1, ""3"": 1, ""4"": 1, ""5"": 1, ""6"": 1, ""7"": 1, ""8"": 1, ""9"": 1, ""10"": 1, ""11"": 1, ""12"": 1, ""13"": 1, ""14"": 1, ""15"": 1}, ""heuristic"": ""LJF"", ""strategy"": ""Fixed"", ""history_phase"": ""multiple-child""}",train_root,,0.0,0,0.0,0.0
10007,350,66,66,adversary,0,0.0,[],[],[],0.0,[],0,0.0,0.0,"AdversaryAction(requests=[], stop_decode_ids=[])","{""type"": ""adversary"", ""requests"": [], ""stop_decode_ids"": [], ""history_phase"": ""forced_step:single-child""}",train_root,,0.0,0,0.0,0.0
10007,350,67,67,controller,0,0.0,[],[],[],0.0,[],0,0.0,0.0,"ControllerAction(token_budget=17, selected_request_ids=[0, 1, 2, 3, 4, 5, 6, 7, 8, 9, 10, 11, 12, 13, 14, 15, 16], token_allocations={0: 1, 1: 1, 2: 1, 3: 1, 4: 1, 5: 1, 6: 1, 7: 1, 8: 1, 9: 1, 10: 1, 11: 1, 12: 1, 13: 1, 14: 1, 15: 1, 16: 1}, prefill_allocations={}, decode_allocations={0: 1, 1: 1, 2: 1, 3: 1, 4: 1, 5: 1, 6: 1, 7: 1, 8: 1, 9: 1, 10: 1, 11: 1, 12: 1, 13: 1, 14: 1, 15: 1, 16: 1}, heuristic='SJF', strategy='Fixed', mapping=None)","{""type"": ""controller"", ""token_budget"": 17, ""selected_request_ids"": [0, 1, 2, 3, 4, 5, 6, 7, 8, 9, 10, 11, 12, 13, 14, 15, 16], ""token_allocations"": {""0"": 1, ""1"": 1, ""2"": 1, ""3"": 1, ""4"": 1, ""5"": 1, ""6"": 1, ""7"": 1, ""8"": 1, ""9"": 1, ""10"": 1, ""11"": 1, ""12"": 1, ""13"": 1, ""14"": 1, ""15"": 1, ""16"": 1}, ""prefill_allocations"": {}, ""decode_allocations"": {""0"": 1, ""1"": 1, ""2"": 1, ""3"": 1, ""4"": 1, ""5"": 1, ""6"": 1, ""7"": 1, ""8"": 1, ""9"": 1, ""10"": 1, ""11"": 1, ""12"": 1, ""13"": 1, ""14"": 1, ""15"": 1, ""16"": 1}, ""heuristic"": ""SJF"", ""strategy"": ""Fixed"", ""history_phase"": ""forced_step:single-child""}",train_root,,0.0,0,0.0,0.0
10007,350,68,68,adversary,0,0.0,[],[],[],0.0,[],3,0.0,0.0,"AdversaryAction(requests=[AdversaryRequestSpec(prefill_tokens=3072, decode_tokens=5000, prefill_slo=0.3874467952163693, decode_slo=0.05), AdversaryRequestSpec(prefill_tokens=3072, decode_tokens=5000, prefill_slo=0.3874467952163693, decode_slo=0.05), AdversaryRequestSpec(prefill_tokens=3072, decode_tokens=5000, prefill_slo=0.3874467952163693, decode_slo=0.05), AdversaryRequestSpec(prefill_tokens=3072, decode_tokens=5000, prefill_slo=0.3874467952163693, decode_slo=0.05)], stop_decode_ids=[])","{""type"": ""adversary"", ""requests"": [{""prefill_tokens"": 3072, ""decode_tokens"": 5000, ""prefill_slo"": 0.3874467952163693, ""decode_slo"": 0.05}, {""prefill_tokens"": 3072, ""decode_tokens"": 5000, ""prefill_slo"": 0.3874467952163693, ""decode_slo"": 0.05}, {""prefill_tokens"": 3072, ""decode_tokens"": 5000, ""prefill_slo"": 0.3874467952163693, ""decode_slo"": 0.05}, {""prefill_tokens"": 3072, ""decode_tokens"": 5000, ""prefill_slo"": 0.3874467952163693, ""decode_slo"": 0.05}], ""stop_decode_ids"": [], ""history_phase"": ""multiple-child""}",train_root,,0.0,0,0.0,0.0
10007,350,69,69,controller,0,0.0,[],[],[],0.0,[],12,0.0,0.0,"ControllerAction(token_budget=2065, selected_request_ids=[0, 1, 2, 3, 4, 5, 6, 7, 8, 9, 10, 11, 12, 13, 14, 15, 16, 17], token_allocations={0: 1, 1: 1, 2: 1, 3: 1, 4: 1, 5: 1, 6: 1, 7: 1, 8: 1, 9: 1, 10: 1, 11: 1, 12: 1, 13: 1, 14: 1, 15: 1, 16: 1, 17: 2048}, prefill_allocations={17: 2048}, decode_allocations={0: 1, 1: 1, 2: 1, 3: 1, 4: 1, 5: 1, 6: 1, 7: 1, 8: 1, 9: 1, 10: 1, 11: 1, 12: 1, 13: 1, 14: 1, 15: 1, 16: 1}, heuristic='SJF', strategy='Fixed', mapping=None)","{""type"": ""controller"", ""token_budget"": 2065, ""selected_request_ids"": [0, 1, 2, 3, 4, 5, 6, 7, 8, 9, 10, 11, 12, 13, 14, 15, 16, 17], ""token_allocations"": {""0"": 1, ""1"": 1, ""2"": 1, ""3"": 1, ""4"": 1, ""5"": 1, ""6"": 1, ""7"": 1, ""8"": 1, ""9"": 1, ""10"": 1, ""11"": 1, ""12"": 1, ""13"": 1, ""14"": 1, ""15"": 1, ""16"": 1, ""17"": 2048}, ""prefill_allocations"": {""17"": 2048}, ""decode_allocations"": {""0"": 1, ""1"": 1, ""2"": 1, ""3"": 1, ""4"": 1, ""5"": 1, ""6"": 1, ""7"": 1, ""8"": 1, ""9"": 1, ""10"": 1, ""11"": 1, ""12"": 1, ""13"": 1, ""14"": 1, ""15"": 1, ""16"": 1}, ""heuristic"": ""SJF"", ""strategy"": ""Fixed"", ""history_phase"": ""multiple-child""}",train_root,,0.0,0,0.0,0.0
10007,350,70,70,adversary,0,0.0,[],[],[],0.0,[],0,0.0,0.0,"AdversaryAction(requests=[], stop_decode_ids=[])","{""type"": ""adversary"", ""requests"": [], ""stop_decode_ids"": [], ""history_phase"": ""forced_step:single-child""}",train_root,,0.0,0,0.0,0.0
10007,350,71,71,controller,0,0.0,[],[],[],0.0,[],1,0.0,0.0,"ControllerAction(token_budget=529, selected_request_ids=[0, 1, 2, 3, 4, 5, 6, 7, 8, 9, 10, 11, 12, 13, 14, 15, 16, 17], token_allocations={0: 1, 1: 1, 2: 1, 3: 1, 4: 1, 5: 1, 6: 1, 7: 1, 8: 1, 9: 1, 10: 1, 11: 1, 12: 1, 13: 1, 14: 1, 15: 1, 16: 1, 17: 512}, prefill_allocations={17: 512}, decode_allocations={0: 1, 1: 1, 2: 1, 3: 1, 4: 1, 5: 1, 6: 1, 7: 1, 8: 1, 9: 1, 10: 1, 11: 1, 12: 1, 13: 1, 14: 1, 15: 1, 16: 1}, heuristic='EDF', strategy='Fixed', mapping=None)","{""type"": ""controller"", ""token_budget"": 529, ""selected_request_ids"": [0, 1, 2, 3, 4, 5, 6, 7, 8, 9, 10, 11, 12, 13, 14, 15, 16, 17], ""token_allocations"": {""0"": 1, ""1"": 1, ""2"": 1, ""3"": 1, ""4"": 1, ""5"": 1, ""6"": 1, ""7"": 1, ""8"": 1, ""9"": 1, ""10"": 1, ""11"": 1, ""12"": 1, ""13"": 1, ""14"": 1, ""15"": 1, ""16"": 1, ""17"": 512}, ""prefill_allocations"": {""17"": 512}, ""decode_allocations"": {""0"": 1, ""1"": 1, ""2"": 1, ""3"": 1, ""4"": 1, ""5"": 1, ""6"": 1, ""7"": 1, ""8"": 1, ""9"": 1, ""10"": 1, ""11"": 1, ""12"": 1, ""13"": 1, ""14"": 1, ""15"": 1, ""16"": 1}, ""heuristic"": ""EDF"", ""strategy"": ""Fixed"", ""history_phase"": ""multiple-child""}",train_root,,0.0,0,0.0,0.0
10007,350,72,72,adversary,0,0.0,[],[],[],0.0,[],0,0.0,0.0,"AdversaryAction(requests=[], stop_decode_ids=[])","{""type"": ""adversary"", ""requests"": [], ""stop_decode_ids"": [], ""history_phase"": ""forced_step:single-child""}",train_root,,0.0,0,0.0,0.0
10007,350,73,73,controller,0,0.0,[],[],[],0.0,[],13,0.0,0.0,"ControllerAction(token_budget=2065, selected_request_ids=[0, 1, 2, 3, 4, 5, 6, 7, 8, 9, 10, 11, 12, 13, 14, 15, 16, 17, 18], token_allocations={0: 1, 1: 1, 2: 1, 3: 1, 4: 1, 5: 1, 6: 1, 7: 1, 8: 1, 9: 1, 10: 1, 11: 1, 12: 1, 13: 1, 14: 1, 15: 1, 16: 1, 17: 512, 18: 1536}, prefill_allocations={17: 512, 18: 1536}, decode_allocations={0: 1, 1: 1, 2: 1, 3: 1, 4: 1, 5: 1, 6: 1, 7: 1, 8: 1, 9: 1, 10: 1, 11: 1, 12: 1, 13: 1, 14: 1, 15: 1, 16: 1}, heuristic='EDF', strategy='Fixed', mapping=None)","{""type"": ""controller"", ""token_budget"": 2065, ""selected_request_ids"": [0, 1, 2, 3, 4, 5, 6, 7, 8, 9, 10, 11, 12, 13, 14, 15, 16, 17, 18], ""token_allocations"": {""0"": 1, ""1"": 1, ""2"": 1, ""3"": 1, ""4"": 1, ""5"": 1, ""6"": 1, ""7"": 1, ""8"": 1, ""9"": 1, ""10"": 1, ""11"": 1, ""12"": 1, ""13"": 1, ""14"": 1, ""15"": 1, ""16"": 1, ""17"": 512, ""18"": 1536}, ""prefill_allocations"": {""17"": 512, ""18"": 1536}, ""decode_allocations"": {""0"": 1, ""1"": 1, ""2"": 1, ""3"": 1, ""4"": 1, ""5"": 1, ""6"": 1, ""7"": 1, ""8"": 1, ""9"": 1, ""10"": 1, ""11"": 1, ""12"": 1, ""13"": 1, ""14"": 1, ""15"": 1, ""16"": 1}, ""heuristic"": ""EDF"", ""strategy"": ""Fixed"", ""history_phase"": ""multiple-child""}",train_root,,0.0,0,0.0,0.0
10007,350,74,74,adversary,0,0.0,[],[],[],0.0,[],0,0.0,0.0,"AdversaryAction(requests=[], stop_decode_ids=[])","{""type"": ""adversary"", ""requests"": [], ""stop_decode_ids"": [], ""history_phase"": ""forced_step:single-child""}",train_root,,0.0,0,0.0,0.0
10007,350,75,74,controller,8000,-28.261693954467773,"[0.14954695105552673, 0.14591269195079803, 0.17786966264247894, 0.186502143740654, 0.06236813962459564, 0.05740214139223099, 0.06590040773153305, 0.06776142120361328, 0.007180083077400923, 0.005957003682851791, 0.006001485511660576, 0.005845243111252785, 0.005708744749426842, 0.005375748034566641, 0.006560728885233402, 0.006384765729308128, 0.005147141870111227, 0.004160784184932709, 0.005176264327019453, 0.004608474671840668, 0.004771263804286718, 0.004855420906096697, 0.004408610984683037, 0.0045946822501719]","[0.13755003974671745, 0.134207327101779, 0.16360065513554997, 0.1715406238864066, 0.05736486116060413, 0.05279724377072995, 0.06061376469943257, 0.06232548449878017, 0.01, 0.01, 0.01, 0.01, 0.01, 0.01, 0.01, 0.01, 0.01, 0.01, 0.01, 0.01, 0.01, 0.01, 0.01, 0.01]","[true, true, true, true, true, true, true, true, true, true, true, true, true, true, true, true, true, true, true, true, true, true, true, true]",-28.25838993319504,"[0.1771875, 0.1771875, 0.2395625, 0.2395625, 0.010875, 0.010875, 0.062875, 0.062875, 0.0014375, 0.0014375, 0.0015625, 0.0015625, 0.00125, 0.00125, 0.0013125, 0.0013125, 0.0010625, 0.0010625, 0.0010625, 0.0010625, 0.0009375, 0.0009375, 0.000875, 0.000875]",2,0.2395625,0.17786966264247894,"ControllerAction(token_budget=530, selected_request_ids=[0, 1, 2, 3, 4, 5, 6, 7, 8, 9, 10, 11, 12, 13, 14, 15, 16, 17, 19], token_allocations={0: 1, 1: 1, 2: 1, 3: 1, 4: 1, 5: 1, 6: 1, 7: 1, 8: 1, 9: 1, 10: 1, 11: 1, 12: 1, 13: 1, 14: 1, 15: 1, 16: 1, 17: 1, 19: 512}, prefill_allocations={19: 512}, decode_allocations={0: 1, 1: 1, 2: 1, 3: 1, 4: 1, 5: 1, 6: 1, 7: 1, 8: 1, 9: 1, 10: 1, 11: 1, 12: 1, 13: 1, 14: 1, 15: 1, 16: 1, 17: 1}, heuristic='LST', strategy='Fixed', mapping=None)","{""type"": ""controller"", ""token_budget"": 530, ""selected_request_ids"": [0, 1, 2, 3, 4, 5, 6, 7, 8, 9, 10, 11, 12, 13, 14, 15, 16, 17, 19], ""token_allocations"": {""0"": 1, ""1"": 1, ""2"": 1, ""3"": 1, ""4"": 1, ""5"": 1, ""6"": 1, ""7"": 1, ""8"": 1, ""9"": 1, ""10"": 1, ""11"": 1, ""12"": 1, ""13"": 1, ""14"": 1, ""15"": 1, ""16"": 1, ""17"": 1, ""19"": 512}, ""prefill_allocations"": {""19"": 512}, ""decode_allocations"": {""0"": 1, ""1"": 1, ""2"": 1, ""3"": 1, ""4"": 1, ""5"": 1, ""6"": 1, ""7"": 1, ""8"": 1, ""9"": 1, ""10"": 1, ""11"": 1, ""12"": 1, ""13"": 1, ""14"": 1, ""15"": 1, ""16"": 1, ""17"": 1}, ""heuristic"": ""LST"", ""strategy"": ""Fixed""}",train_root,,4.2109777024010455,17,10.951865937663007,27.95186593766301
10007,351,77,90732,controller,8000,-28.620121002197266,"[0.1548686921596527, 0.1499280333518982, 0.18217705190181732, 0.19163508713245392, 0.05661710351705551, 0.053268566727638245, 0.06096751615405083, 0.06245031580328941, 0.007279381155967712, 0.006060737185180187, 0.0061091650277376175, 0.005990115460008383, 0.0058052376843988895, 0.005476915743201971, 0.006637374870479107, 0.006375993601977825, 0.00519068818539381, 0.004304052330553532, 0.005312157794833183, 0.004699216689914465, 0.004866517148911953, 0.004893147386610508, 0.00454622833058238, 0.004540722817182541]","[0.14265592414109465, 0.13810488003878205, 0.16781077785277915, 0.17652296323750863, 0.05215234345810393, 0.049067868451868786, 0.05615968752791683, 0.057525555291945966, 0.01, 0.01, 0.01, 0.01, 0.01, 0.01, 0.01, 0.01, 0.01, 0.01, 0.01, 0.01, 0.01, 0.01, 0.01, 0.01]","[true, true, true, true, true, true, true, true, true, true, true, true, true, true, true, true, true, true, true, true, true, true, true, true]",-28.240892360327695,"[0.187625, 0.187625, 0.232, 0.232, 0.009375, 0.009375, 0.062, 0.062, 0.001375, 0.001375, 0.0015, 0.0015, 0.001125, 0.001125, 0.00125, 0.00125, 0.001, 0.001, 0.001, 0.001, 0.000875, 0.000875, 0.000875, 0.000875]",2,0.232,0.18217705190181732,"ControllerAction(token_budget=530, selected_request_ids=[0, 1, 2, 3, 4, 5, 6, 7, 8, 9, 10, 11, 12, 13, 14, 15, 16, 17, 20], token_allocations={0: 1, 1: 1, 2: 1, 3: 1, 4: 1, 5: 1, 6: 1, 7: 1, 8: 1, 9: 1, 10: 1, 11: 1, 12: 1, 13: 1, 14: 1, 15: 1, 16: 1, 17: 1, 20: 512}, prefill_allocations={20: 512}, decode_allocations={0: 1, 1: 1, 2: 1, 3: 1, 4: 1, 5: 1, 6: 1, 7: 1, 8: 1, 9: 1, 10: 1, 11: 1, 12: 1, 13: 1, 14: 1, 15: 1, 16: 1, 17: 1}, heuristic='LST', strategy='Fixed', mapping=None)","{""type"": ""controller"", ""token_budget"": 530, ""selected_request_ids"": [0, 1, 2, 3, 4, 5, 6, 7, 8, 9, 10, 11, 12, 13, 14, 15, 16, 17, 20], ""token_allocations"": {""0"": 1, ""1"": 1, ""2"": 1, ""3"": 1, ""4"": 1, ""5"": 1, ""6"": 1, ""7"": 1, ""8"": 1, ""9"": 1, ""10"": 1, ""11"": 1, ""12"": 1, ""13"": 1, ""14"": 1, ""15"": 1, ""16"": 1, ""17"": 1, ""20"": 512}, ""prefill_allocations"": {""20"": 512}, ""decode_allocations"": {""0"": 1, ""1"": 1, ""2"": 1, ""3"": 1, ""4"": 1, ""5"": 1, ""6"": 1, ""7"": 1, ""8"": 1, ""9"": 1, ""10"": 1, ""11"": 1, ""12"": 1, ""13"": 1, ""14"": 1, ""15"": 1, ""16"": 1, ""17"": 1}, ""heuristic"": ""LST"", ""strategy"": ""Fixed""}",train_root,,4.237709340213208,17,10.951865937663007,27.95186593766301
10007,352,79,184895,controller,8000,-28.238405227661133,"[0.1606738120317459, 0.15695708990097046, 0.18590542674064636, 0.19565171003341675, 0.05034152790904045, 0.048532456159591675, 0.056681372225284576, 0.05709555745124817, 0.007204055320471525, 0.0061403424479067326, 0.006062218453735113, 0.006110514979809523, 0.005814467091113329, 0.005584388040006161, 0.0064490968361496925, 0.006317551713436842, 0.005220473278313875, 0.0045407358556985855, 0.005342148244380951, 0.004594539757817984, 0.004798872396349907, 0.004815018270164728, 0.0046505071222782135, 0.004516023676842451]","[0.1480151749864837, 0.14459127366985738, 0.1712589246623272, 0.1802373500124535, 0.046375386059000996, 0.044708841472974374, 0.052215747683523425, 0.052597301453379236, 0.01, 0.01, 0.01, 0.01, 0.01, 0.01, 0.01, 0.01, 0.01, 0.01, 0.01, 0.01, 0.01, 0.01, 0.01, 0.01]","[true, true, true, true, true, true, true, true, true, true, true, true, true, true, true, true, true, true, true, true, true, true, true, true]",-28.233179214920238,"[0.1906875, 0.1906875, 0.23125, 0.23125, 0.0086875, 0.0086875, 0.0611875, 0.0611875, 0.001375, 0.001375, 0.0015, 0.0015, 0.0011875, 0.0011875, 0.00125, 0.00125, 0.001, 0.001, 0.001, 0.001, 0.0004375, 0.0004375, 0.0004375, 0.0004375]",2,0.23125,0.18590542674064636,"ControllerAction(token_budget=530, selected_request_ids=[0, 1, 2, 3, 4, 5, 6, 7, 8, 9, 10, 11, 12, 13, 14, 15, 16, 17, 19], token_allocations={0: 1, 1: 1, 2: 1, 3: 1, 4: 1, 5: 1, 6: 1, 7: 1, 8: 1, 9: 1, 10: 1, 11: 1, 12: 1, 13: 1, 14: 1, 15: 1, 16: 1, 17: 1, 19: 512}, prefill_allocations={19: 512}, decode_allocations={0: 1, 1: 1, 2: 1, 3: 1, 4: 1, 5: 1, 6: 1, 7: 1, 8: 1, 9: 1, 10: 1, 11: 1, 12: 1, 13: 1, 14: 1, 15: 1, 16: 1, 17: 1}, heuristic='LST', strategy='Fixed', mapping=None)","{""type"": ""controller"", ""token_budget"": 530, ""selected_request_ids"": [0, 1, 2, 3, 4, 5, 6, 7, 8, 9, 10, 11, 12, 13, 14, 15, 16, 17, 19], ""token_allocations"": {""0"": 1, ""1"": 1, ""2"": 1, ""3"": 1, ""4"": 1, ""5"": 1, ""6"": 1, ""7"": 1, ""8"": 1, ""9"": 1, ""10"": 1, ""11"": 1, ""12"": 1, ""13"": 1, ""14"": 1, ""15"": 1, ""16"": 1, ""17"": 1, ""19"": 512}, ""prefill_allocations"": {""19"": 512}, ""decode_allocations"": {""0"": 1, ""1"": 1, ""2"": 1, ""3"": 1, ""4"": 1, ""5"": 1, ""6"": 1, ""7"": 1, ""8"": 1, ""9"": 1, ""10"": 1, ""11"": 1, ""12"": 1, ""13"": 1, ""14"": 1, ""15"": 1, ""16"": 1, ""17"": 1}, ""heuristic"": ""LST"", ""strategy"": ""Fixed""}",train_root,,4.264440978025371,17,10.951865937663007,27.95186593766301
10007,353,81,279152,controller,8000,-28.587421417236328,"[0.16569845378398895, 0.16060559451580048, 0.1895991712808609, 0.20019091665744781, 0.04544680193066597, 0.044796187430620193, 0.05215306580066681, 0.05233149603009224, 0.007272088900208473, 0.006221235264092684, 0.006144649814814329, 0.006236194167286158, 0.00588820967823267, 0.005664849188178778, 0.0064977677538990974, 0.006281638517975807, 0.005241826642304659, 0.0046779075637459755, 0.0054596480913460255, 0.004665980115532875, 0.004874407779425383, 0.004831995815038681, 0.004777049645781517, 0.004442846868187189]","[0.15281443459176067, 0.14811757477351395, 0.17485673219450878, 0.18462490772119813, 0.04191304856768391, 0.04131302313177183, 0.04809786138949406, 0.048262417630068714, 0.01, 0.01, 0.01, 0.01, 0.01, 0.01, 0.01, 0.01, 0.01, 0.01, 0.01, 0.01, 0.01, 0.01, 0.01, 0.01]","[true, true, true, true, true, true, true, true, true, true, true, true, true, true, true, true, true, true, true, true, true, true, true, true]",-28.22635702473487,"[0.192625, 0.192625, 0.2329375, 0.2329375, 0.0080625, 0.0080625, 0.0594375, 0.0594375, 0.001375, 0.001375, 0.0014375, 0.0014375, 0.001125, 0.001125, 0.00125, 0.00125, 0.0004375, 0.0004375, 0.0004375, 0.0004375, 0.0004375, 0.0004375, 0.0004375, 0.0004375]",2,0.2329375,0.1895991712808609,"ControllerAction(token_budget=530, selected_request_ids=[0, 1, 2, 3, 4, 5, 6, 7, 8, 9, 10, 11, 12, 13, 14, 15, 16, 17, 20], token_allocations={0: 1, 1: 1, 2: 1, 3: 1, 4: 1, 5: 1, 6: 1, 7: 1, 8: 1, 9: 1, 10: 1, 11: 1, 12: 1, 13: 1, 14: 1, 15: 1, 16: 1, 17: 1, 20: 512}, prefill_allocations={20: 512}, decode_allocations={0: 1, 1: 1, 2: 1, 3: 1, 4: 1, 5: 1, 6: 1, 7: 1, 8: 1, 9: 1, 10: 1, 11: 1, 12: 1, 13: 1, 14: 1, 15: 1, 16: 1, 17: 1}, heuristic='LST', strategy='Fixed', mapping=None)","{""type"": ""controller"", ""token_budget"": 530, ""selected_request_ids"": [0, 1, 2, 3, 4, 5, 6, 7, 8, 9, 10, 11, 12, 13, 14, 15, 16, 17, 20], ""token_allocations"": {""0"": 1, ""1"": 1, ""2"": 1, ""3"": 1, ""4"": 1, ""5"": 1, ""6"": 1, ""7"": 1, ""8"": 1, ""9"": 1, ""10"": 1, ""11"": 1, ""12"": 1, ""13"": 1, ""14"": 1, ""15"": 1, ""16"": 1, ""17"": 1, ""20"": 512}, ""prefill_allocations"": {""20"": 512}, ""decode_allocations"": {""0"": 1, ""1"": 1, ""2"": 1, ""3"": 1, ""4"": 1, ""5"": 1, ""6"": 1, ""7"": 1, ""8"": 1, ""9"": 1, ""10"": 1, ""11"": 1, ""12"": 1, ""13"": 1, ""14"": 1, ""15"": 1, ""16"": 1, ""17"": 1}, ""heuristic"": ""LST"", ""strategy"": ""Fixed""}",train_root,,4.291512913565534,17,10.951865937663007,27.95186593766301
10007,354,83,373909,controller,8000,-28.212669372558594,"[0.17113849520683289, 0.16738224029541016, 0.1925964057445526, 0.20346184074878693, 0.04017305746674538, 0.04058157652616501, 0.048207174986600876, 0.04756639525294304, 0.007163413800299168, 0.0062746754847466946, 0.0060694594867527485, 0.006333330646157265, 0.00587121257558465, 0.00574915949255228, 0.006285626906901598, 0.006195204332470894, 0.005247378256171942, 0.004913425073027611, 0.005465935915708542, 0.004542057868093252, 0.004785213619470596, 0.004733301233500242, 0.004866084549576044, 0.004397327546030283]","[0.15778202405458747, 0.15431892533987118, 0.17756525606519885, 0.18758270027101429, 0.037037758874201375, 0.037414395141700425, 0.044444855227614974, 0.043854085025811444, 0.01, 0.01, 0.01, 0.01, 0.01, 0.01, 0.01, 0.01, 0.01, 0.01, 0.01, 0.01, 0.01, 0.01, 0.01, 0.01]","[true, true, true, true, true, true, true, true, true, true, true, true, true, true, true, true, true, true, true, true, true, true, true, true]",-28.22198845220617,"[0.19925, 0.19925, 0.234375, 0.234375, 0.0071875, 0.0071875, 0.0553125, 0.0553125, 0.0005625, 0.0005625, 0.0005625, 0.0005625, 0.0005, 0.0005, 0.0005, 0.0005, 0.0004375, 0.0004375, 0.0004375, 0.0004375, 0.0004375, 0.0004375, 0.0004375, 0.0004375]",2,0.234375,0.1925964057445526,"ControllerAction(token_budget=530, selected_request_ids=[0, 1, 2, 3, 4, 5, 6, 7, 8, 9, 10, 11, 12, 13, 14, 15, 16, 17, 19], token_allocations={0: 1, 1: 1, 2: 1, 3: 1, 4: 1, 5: 1, 6: 1, 7: 1, 8: 1, 9: 1, 10: 1, 11: 1, 12: 1, 13: 1, 14: 1, 15: 1, 16: 1, 17: 1, 19: 512}, prefill_allocations={19: 512}, decode_allocations={0: 1, 1: 1, 2: 1, 3: 1, 4: 1, 5: 1, 6: 1, 7: 1, 8: 1, 9: 1, 10: 1, 11: 1, 12: 1, 13: 1, 14: 1, 15: 1, 16: 1, 17: 1}, heuristic='LST', strategy='Fixed', mapping=None)","{""type"": ""controller"", ""token_budget"": 530, ""selected_request_ids"": [0, 1, 2, 3, 4, 5, 6, 7, 8, 9, 10, 11, 12, 13, 14, 15, 16, 17, 19], ""token_allocations"": {""0"": 1, ""1"": 1, ""2"": 1, ""3"": 1, ""4"": 1, ""5"": 1, ""6"": 1, ""7"": 1, ""8"": 1, ""9"": 1, ""10"": 1, ""11"": 1, ""12"": 1, ""13"": 1, ""14"": 1, ""15"": 1, ""16"": 1, ""17"": 1, ""19"": 512}, ""prefill_allocations"": {""19"": 512}, ""decode_allocations"": {""0"": 1, ""1"": 1, ""2"": 1, ""3"": 1, ""4"": 1, ""5"": 1, ""6"": 1, ""7"": 1, ""8"": 1, ""9"": 1, ""10"": 1, ""11"": 1, ""12"": 1, ""13"": 1, ""14"": 1, ""15"": 1, ""16"": 1, ""17"": 1}, ""heuristic"": ""LST"", ""strategy"": ""Fixed""}",train_root,,4.318584849105697,17,10.951865937663007,27.95186593766301
10007,355,85,469335,controller,8000,-28.555171966552734,"[0.175850048661232, 0.1706533133983612, 0.19568762183189392, 0.20741455256938934, 0.036063045263290405, 0.037255994975566864, 0.044111914932727814, 0.04335467144846916, 0.007203139364719391, 0.006334264762699604, 0.006128751207143068, 0.006440623663365841, 0.005924243479967117, 0.005809437949210405, 0.006310806609690189, 0.0061362734995782375, 0.005248433910310268, 0.005044106859713793, 0.005566023290157318, 0.004596651066094637, 0.004843073431402445, 0.004732442554086447, 0.004982424434274435, 0.004308178089559078]","[0.16225337730162434, 0.15745845200156033, 0.18055711545189754, 0.19137732353274034, 0.033274661760387715, 0.03437537296997482, 0.04070119531706986, 0.040002501664745026, 0.01, 0.01, 0.01, 0.01, 0.01, 0.01, 0.01, 0.01, 0.01, 0.01, 0.01, 0.01, 0.01, 0.01, 0.01, 0.01]","[true, true, true, true, true, true, true, true, true, true, true, true, true, true, true, true, true, true, true, true, true, true, true, true]",-28.239576366296145,"[0.2254375, 0.2254375, 0.2653125, 0.2653125, 0.0020625, 0.0020625, 0.0033125, 0.0033125, 0.0005625, 0.0005625, 0.0005625, 0.0005625, 0.0005, 0.0005, 0.0005, 0.0005, 0.0004375, 0.0004375, 0.0004375, 0.0004375, 0.0004375, 0.0004375, 0.0004375, 0.0004375]",2,0.2653125,0.19568762183189392,"ControllerAction(token_budget=530, selected_request_ids=[0, 1, 2, 3, 4, 5, 6, 7, 8, 9, 10, 11, 12, 13, 14, 15, 16, 17, 20], token_allocations={0: 1, 1: 1, 2: 1, 3: 1, 4: 1, 5: 1, 6: 1, 7: 1, 8: 1, 9: 1, 10: 1, 11: 1, 12: 1, 13: 1, 14: 1, 15: 1, 16: 1, 17: 1, 20: 512}, prefill_allocations={20: 512}, decode_allocations={0: 1, 1: 1, 2: 1, 3: 1, 4: 1, 5: 1, 6: 1, 7: 1, 8: 1, 9: 1, 10: 1, 11: 1, 12: 1, 13: 1, 14: 1, 15: 1, 16: 1, 17: 1}, heuristic='LST', strategy='Fixed', mapping=None)","{""type"": ""controller"", ""token_budget"": 530, ""selected_request_ids"": [0, 1, 2, 3, 4, 5, 6, 7, 8, 9, 10, 11, 12, 13, 14, 15, 16, 17, 20], ""token_allocations"": {""0"": 1, ""1"": 1, ""2"": 1, ""3"": 1, ""4"": 1, ""5"": 1, ""6"": 1, ""7"": 1, ""8"": 1, ""9"": 1, ""10"": 1, ""11"": 1, ""12"": 1, ""13"": 1, ""14"": 1, ""15"": 1, ""16"": 1, ""17"": 1, ""20"": 512}, ""prefill_allocations"": {""20"": 512}, ""decode_allocations"": {""0"": 1, ""1"": 1, ""2"": 1, ""3"": 1, ""4"": 1, ""5"": 1, ""6"": 1, ""7"": 1, ""8"": 1, ""9"": 1, ""10"": 1, ""11"": 1, ""12"": 1, ""13"": 1, ""14"": 1, ""15"": 1, ""16"": 1, ""17"": 1}, ""heuristic"": ""LST"", ""strategy"": ""Fixed""}",train_root,,4.346154942213861,17,10.951865937663007,27.95186593766301
10007,356,87,564682,controller,8000,-28.190513610839844,"[0.18091334402561188, 0.17716023325920105, 0.1979808658361435, 0.20996686816215515, 0.031689971685409546, 0.03355982527136803, 0.040538687258958817, 0.03917644917964935, 0.007066092919558287, 0.006363690830767155, 0.00602918304502964, 0.006515856366604567, 0.005884189158678055, 0.005871439352631569, 0.0060816011391580105, 0.006026840303093195, 0.0052321660332381725, 0.005277989432215691, 0.005550782196223736, 0.0044577596709132195, 0.004736036993563175, 0.004617348313331604, 0.00505754305049777, 0.004245200660079718]","[0.1668161400561496, 0.16335548072984143, 0.18255371941543644, 0.19360574354056806, 0.029220612683497238, 0.03094476276960468, 0.037379815004279365, 0.03612372580062319, 0.01, 0.01, 0.01, 0.01, 0.01, 0.01, 0.01, 0.01, 0.01, 0.01, 0.01, 0.01, 0.01, 0.01, 0.01, 0.01]","[true, true, true, true, true, true, true, true, true, true, true, true, true, true, true, true, true, true, true, true, true, true, true, true]",-30.95757865955966,"[0.23840625, 0.23840625, 0.23840625, 0.23840625, 0.00696875, 0.00696875, 0.00696875, 0.00696875, 0.0015, 0.0015, 0.0015, 0.0015, 0.0011875, 0.0011875, 0.0011875, 0.0011875, 0.00103125, 0.00103125, 0.00103125, 0.00103125, 0.00090625, 0.00090625, 0.00090625, 0.00090625]",0,0.23840625,0.18091334402561188,"ControllerAction(token_budget=530, selected_request_ids=[0, 1, 2, 3, 4, 5, 6, 7, 8, 9, 10, 11, 12, 13, 14, 15, 16, 17, 18], token_allocations={0: 1, 1: 1, 2: 1, 3: 1, 4: 1, 5: 1, 6: 1, 7: 1, 8: 1, 9: 1, 10: 1, 11: 1, 12: 1, 13: 1, 14: 1, 15: 1, 16: 1, 17: 1, 18: 512}, prefill_allocations={18: 512}, decode_allocations={0: 1, 1: 1, 2: 1, 3: 1, 4: 1, 5: 1, 6: 1, 7: 1, 8: 1, 9: 1, 10: 1, 11: 1, 12: 1, 13: 1, 14: 1, 15: 1, 16: 1, 17: 1}, heuristic='SJF', strategy='Fixed', mapping=None)","{""type"": ""controller"", ""token_budget"": 530, ""selected_request_ids"": [0, 1, 2, 3, 4, 5, 6, 7, 8, 9, 10, 11, 12, 13, 14, 15, 16, 17, 18], ""token_allocations"": {""0"": 1, ""1"": 1, ""2"": 1, ""3"": 1, ""4"": 1, ""5"": 1, ""6"": 1, ""7"": 1, ""8"": 1, ""9"": 1, ""10"": 1, ""11"": 1, ""12"": 1, ""13"": 1, ""14"": 1, ""15"": 1, ""16"": 1, ""17"": 1, ""18"": 512}, ""prefill_allocations"": {""18"": 512}, ""decode_allocations"": {""0"": 1, ""1"": 1, ""2"": 1, ""3"": 1, ""4"": 1, ""5"": 1, ""6"": 1, ""7"": 1, ""8"": 1, ""9"": 1, ""10"": 1, ""11"": 1, ""12"": 1, ""13"": 1, ""14"": 1, ""15"": 1, ""16"": 1, ""17"": 1}, ""heuristic"": ""SJF"", ""strategy"": ""Fixed""}",train_root,,4.373725035322025,17,10.951865937663007,27.95186593766301
10007,357,89,663102,controller,8000,-26.571462631225586,"[0.1931820660829544, 0.18737712502479553, 0.2348414808511734, 0.23697495460510254, 0.01827521063387394, 0.02012849599123001, 0.02829410694539547, 0.02607194520533085, 0.004452869761735201, 0.003963035065680742, 0.003815028117969632, 0.004131529480218887, 0.003581758588552475, 0.0035747699439525604, 0.0040391855873167515, 0.003818034427240491, 0.003018314251676202, 0.0033834800124168396, 0.0031228053849190474, 0.0027455880772322416, 0.002865587128326297, 0.002876561600714922, 0.0030367046128958464, 0.0024294229224324226]","[0.1716909779455057, 0.1665318240581912, 0.20871587268455244, 0.21061200208548692, 0.016242132872430117, 0.01788924423151412, 0.02514644858112069, 0.02317149754119885, 0.01, 0.01, 0.01, 0.01, 0.01, 0.01, 0.01, 0.01, 0.01, 0.01, 0.01, 0.01, 0.01, 0.01, 0.01, 0.01]","[true, true, true, true, true, true, true, true, true, true, true, true, true, true, true, true, true, true, true, true, true, true, true, true]",-31.018423432607776,"[0.2144375, 0.2144375, 0.268375, 0.268375, 0.0033125, 0.0033125, 0.0049375, 0.0049375, 0.0014375, 0.0014375, 0.0014375, 0.0014375, 0.0011875, 0.0011875, 0.0011875, 0.0011875, 0.001, 0.001, 0.001, 0.001, 0.0008125, 0.0008125, 0.000875, 0.000875]",2,0.268375,0.2348414808511734,"ControllerAction(token_budget=530, selected_request_ids=[0, 1, 2, 3, 4, 5, 6, 7, 8, 9, 10, 11, 12, 13, 14, 15, 16, 17, 19], token_allocations={0: 1, 1: 1, 2: 1, 3: 1, 4: 1, 5: 1, 6: 1, 7: 1, 8: 1, 9: 1, 10: 1, 11: 1, 12: 1, 13: 1, 14: 1, 15: 1, 16: 1, 17: 1, 19: 512}, prefill_allocations={19: 512}, decode_allocations={0: 1, 1: 1, 2: 1, 3: 1, 4: 1, 5: 1, 6: 1, 7: 1, 8: 1, 9: 1, 10: 1, 11: 1, 12: 1, 13: 1, 14: 1, 15: 1, 16: 1, 17: 1}, heuristic='LST', strategy='Fixed', mapping=None)","{""type"": ""controller"", ""token_budget"": 530, ""selected_request_ids"": [0, 1, 2, 3, 4, 5, 6, 7, 8, 9, 10, 11, 12, 13, 14, 15, 16, 17, 19], ""token_allocations"": {""0"": 1, ""1"": 1, ""2"": 1, ""3"": 1, ""4"": 1, ""5"": 1, ""6"": 1, ""7"": 1, ""8"": 1, ""9"": 1, ""10"": 1, ""11"": 1, ""12"": 1, ""13"": 1, ""14"": 1, ""15"": 1, ""16"": 1, ""17"": 1, ""19"": 512}, ""prefill_allocations"": {""19"": 512}, ""decode_allocations"": {""0"": 1, ""1"": 1, ""2"": 1, ""3"": 1, ""4"": 1, ""5"": 1, ""6"": 1, ""7"": 1, ""8"": 1, ""9"": 1, ""10"": 1, ""11"": 1, ""12"": 1, ""13"": 1, ""14"": 1, ""15"": 1, ""16"": 1, ""17"": 1}, ""heuristic"": ""LST"", ""strategy"": ""Fixed""}",train_root,,4.401738921838188,20,10.994742317528463,30.994742317528463
10007,358,91,760612,controller,8000,-26.87217903137207,"[0.19665224850177765, 0.18926170468330383, 0.2363644391298294, 0.23931661248207092, 0.01622374728322029, 0.01827831380069256, 0.02560647949576378, 0.023501306772232056, 0.004434943664819002, 0.003963419236242771, 0.003815918229520321, 0.004162677098065615, 0.0035805348306894302, 0.003577849827706814, 0.004018017090857029, 0.003745762398466468, 0.002990156877785921, 0.003441500011831522, 0.0031504470389336348, 0.0027530912775546312, 0.0028733250219374895, 0.002849089214578271, 0.003081493079662323, 0.0023569355253130198]","[0.17476411421920263, 0.1681961657015832, 0.21005618879089433, 0.21267977415468617, 0.014417983241328456, 0.016243868784290995, 0.022756382098061176, 0.020885523009953055, 0.01, 0.01, 0.01, 0.01, 0.01, 0.01, 0.01, 0.01, 0.01, 0.01, 0.01, 0.01, 0.01, 0.01, 0.01, 0.01]","[true, true, true, true, true, true, true, true, true, true, true, true, true, true, true, true, true, true, true, true, true, true, true, true]",-31.08501977129966,"[0.215125, 0.215125, 0.2685625, 0.2685625, 0.003, 0.003, 0.0044375, 0.0044375, 0.0014375, 0.0014375, 0.0015, 0.0015, 0.001125, 0.001125, 0.0011875, 0.0011875, 0.0009375, 0.0009375, 0.001, 0.001, 0.000875, 0.000875, 0.0008125, 0.0008125]",2,0.2685625,0.2363644391298294,"ControllerAction(token_budget=530, selected_request_ids=[0, 1, 2, 3, 4, 5, 6, 7, 8, 9, 10, 11, 12, 13, 14, 15, 16, 17, 20], token_allocations={0: 1, 1: 1, 2: 1, 3: 1, 4: 1, 5: 1, 6: 1, 7: 1, 8: 1, 9: 1, 10: 1, 11: 1, 12: 1, 13: 1, 14: 1, 15: 1, 16: 1, 17: 1, 20: 512}, prefill_allocations={20: 512}, decode_allocations={0: 1, 1: 1, 2: 1, 3: 1, 4: 1, 5: 1, 6: 1, 7: 1, 8: 1, 9: 1, 10: 1, 11: 1, 12: 1, 13: 1, 14: 1, 15: 1, 16: 1, 17: 1}, heuristic='LST', strategy='Fixed', mapping=None)","{""type"": ""controller"", ""token_budget"": 530, ""selected_request_ids"": [0, 1, 2, 3, 4, 5, 6, 7, 8, 9, 10, 11, 12, 13, 14, 15, 16, 17, 20], ""token_allocations"": {""0"": 1, ""1"": 1, ""2"": 1, ""3"": 1, ""4"": 1, ""5"": 1, ""6"": 1, ""7"": 1, ""8"": 1, ""9"": 1, ""10"": 1, ""11"": 1, ""12"": 1, ""13"": 1, ""14"": 1, ""15"": 1, ""16"": 1, ""17"": 1, ""20"": 512}, ""prefill_allocations"": {""20"": 512}, ""decode_allocations"": {""0"": 1, ""1"": 1, ""2"": 1, ""3"": 1, ""4"": 1, ""5"": 1, ""6"": 1, ""7"": 1, ""8"": 1, ""9"": 1, ""10"": 1, ""11"": 1, ""12"": 1, ""13"": 1, ""14"": 1, ""15"": 1, ""16"": 1, ""17"": 1}, ""heuristic"": ""LST"", ""strategy"": ""Fixed""}",train_root,,4.429752808354351,20,11.078783977076952,31.078783977076952
10007,359,93,859202,controller,8000,-26.552841186523438,"[0.20031778514385223, 0.19454069435596466, 0.23674966394901276, 0.23985779285430908, 0.014090531505644321, 0.016276923939585686, 0.02326101064682007, 0.020990336313843727, 0.004306725226342678, 0.003942526876926422, 0.0037163773085922003, 0.004170015919953585, 0.003521299222484231, 0.0035795788280665874, 0.003834257833659649, 0.0036419301759451628, 0.0029508217703551054, 0.0035659209825098515, 0.0031108774710446596, 0.002643915358930826, 0.0027821799740195274, 0.0027521997690200806, 0.003098223125562072, 0.0022985131945461035]","[0.17785609748915548, 0.17272679346037753, 0.21020285982895756, 0.21296247339593202, 0.012510556380913565, 0.01445178803741065, 0.020652747205277704, 0.018636684201975486, 0.01, 0.01, 0.01, 0.01, 0.01, 0.01, 0.01, 0.01, 0.01, 0.01, 0.01, 0.01, 0.01, 0.01, 0.01, 0.01]","[true, true, true, true, true, true, true, true, true, true, true, true, true, true, true, true, true, true, true, true, true, true, true, true]",-31.151876284180865,"[0.241875, 0.241875, 0.241875, 0.241875, 0.00346875, 0.00346875, 0.00346875, 0.00346875, 0.0015625, 0.0015625, 0.0015625, 0.0015625, 0.00121875, 0.00121875, 0.00121875, 0.00121875, 0.001, 0.001, 0.001, 0.001, 0.000875, 0.000875, 0.000875, 0.000875]",0,0.241875,0.20031778514385223,"ControllerAction(token_budget=530, selected_request_ids=[0, 1, 2, 3, 4, 5, 6, 7, 8, 9, 10, 11, 12, 13, 14, 15, 16, 17, 18], token_allocations={0: 1, 1: 1, 2: 1, 3: 1, 4: 1, 5: 1, 6: 1, 7: 1, 8: 1, 9: 1, 10: 1, 11: 1, 12: 1, 13: 1, 14: 1, 15: 1, 16: 1, 17: 1, 18: 512}, prefill_allocations={18: 512}, decode_allocations={0: 1, 1: 1, 2: 1, 3: 1, 4: 1, 5: 1, 6: 1, 7: 1, 8: 1, 9: 1, 10: 1, 11: 1, 12: 1, 13: 1, 14: 1, 15: 1, 16: 1, 17: 1}, heuristic='SJF', strategy='Fixed', mapping=None)","{""type"": ""controller"", ""token_budget"": 530, ""selected_request_ids"": [0, 1, 2, 3, 4, 5, 6, 7, 8, 9, 10, 11, 12, 13, 14, 15, 16, 17, 18], ""token_allocations"": {""0"": 1, ""1"": 1, ""2"": 1, ""3"": 1, ""4"": 1, ""5"": 1, ""6"": 1, ""7"": 1, ""8"": 1, ""9"": 1, ""10"": 1, ""11"": 1, ""12"": 1, ""13"": 1, ""14"": 1, ""15"": 1, ""16"": 1, ""17"": 1, ""18"": 512}, ""prefill_allocations"": {""18"": 512}, ""decode_allocations"": {""0"": 1, ""1"": 1, ""2"": 1, ""3"": 1, ""4"": 1, ""5"": 1, ""6"": 1, ""7"": 1, ""8"": 1, ""9"": 1, ""10"": 1, ""11"": 1, ""12"": 1, ""13"": 1, ""14"": 1, ""15"": 1, ""16"": 1, ""17"": 1}, ""heuristic"": ""SJF"", ""strategy"": ""Fixed""}",train_root,,4.457766694870514,20,11.162825636625442,31.162825636625442
10007,360,95,960095,controller,8000,-26.340850830078125,"[0.20524226129055023, 0.195913627743721, 0.24428117275238037, 0.24848566949367523, 0.01286318339407444, 0.014789021573960781, 0.020648786798119545, 0.018927501514554024, 0.003929814323782921, 0.0035658683627843857, 0.003310476429760456, 0.003755891462787986, 0.0031833851244300604, 0.003263890976086259, 0.00349776865914464, 0.0032898285426199436, 0.002637214493006468, 0.003203777363523841, 0.0028211919125169516, 0.002389683621004224, 0.0, 0.0, 0.0, 0.0]","[0.18791339522890532, 0.1793723901181238, 0.2236562015725172, 0.2275057072879464, 0.011777128403446864, 0.013540365607950222, 0.018905383375695112, 0.017329428405415126, 0.01, 0.01, 0.01, 0.01, 0.01, 0.01, 0.01, 0.01, 0.01, 0.01, 0.01, 0.01, 0.0, 0.0, 0.0, 0.0]","[true, true, true, true, true, true, true, true, true, true, true, true, true, true, true, true, true, true, true, true, false, false, false, false]",-31.21324177837076,"[0.217625, 0.217625, 0.2689375, 0.2689375, 0.002375, 0.002375, 0.003625, 0.003625, 0.0015, 0.0015, 0.0015, 0.0015, 0.00125, 0.00125, 0.0011875, 0.0011875, 0.001, 0.001, 0.001, 0.001, 0.0, 0.0, 0.0, 0.0]",2,0.2689375,0.24428117275238037,"ControllerAction(token_budget=530, selected_request_ids=[0, 1, 2, 3, 4, 5, 6, 7, 8, 9, 10, 11, 12, 13, 14, 15, 16, 17, 19], token_allocations={0: 1, 1: 1, 2: 1, 3: 1, 4: 1, 5: 1, 6: 1, 7: 1, 8: 1, 9: 1, 10: 1, 11: 1, 12: 1, 13: 1, 14: 1, 15: 1, 16: 1, 17: 1, 19: 512}, prefill_allocations={19: 512}, decode_allocations={0: 1, 1: 1, 2: 1, 3: 1, 4: 1, 5: 1, 6: 1, 7: 1, 8: 1, 9: 1, 10: 1, 11: 1, 12: 1, 13: 1, 14: 1, 15: 1, 16: 1, 17: 1}, heuristic='LST', strategy='Fixed', mapping=None)","{""type"": ""controller"", ""token_budget"": 530, ""selected_request_ids"": [0, 1, 2, 3, 4, 5, 6, 7, 8, 9, 10, 11, 12, 13, 14, 15, 16, 17, 19], ""token_allocations"": {""0"": 1, ""1"": 1, ""2"": 1, ""3"": 1, ""4"": 1, ""5"": 1, ""6"": 1, ""7"": 1, ""8"": 1, ""9"": 1, ""10"": 1, ""11"": 1, ""12"": 1, ""13"": 1, ""14"": 1, ""15"": 1, ""16"": 1, ""17"": 1, ""19"": 512}, ""prefill_allocations"": {""19"": 512}, ""decode_allocations"": {""0"": 1, ""1"": 1, ""2"": 1, ""3"": 1, ""4"": 1, ""5"": 1, ""6"": 1, ""7"": 1, ""8"": 1, ""9"": 1, ""10"": 1, ""11"": 1, ""12"": 1, ""13"": 1, ""14"": 1, ""15"": 1, ""16"": 1, ""17"": 1}, ""heuristic"": ""LST"", ""strategy"": ""Fixed""}",train_root,,4.486259444746677,20,11.24830388625393,31.24830388625393
10007,361,97,1060598,controller,8000,-26.62613296508789,"[0.21065720915794373, 0.1995227187871933, 0.2478712797164917, 0.2530022859573364, 0.011491527780890465, 0.01351786870509386, 0.018807921558618546, 0.01717020757496357, 0.003945479169487953, 0.003595705609768629, 0.0033381555695086718, 0.0038157817907631397, 0.003208690555766225, 0.0032929624430835247, 0.003508604597300291, 0.0032535556238144636, 0.0, 0.0, 0.0, 0.0, 0.0, 0.0, 0.0, 0.0]","[0.19937906795037216, 0.18884069463242822, 0.23460077591973788, 0.23945707894414633, 0.01087629570067031, 0.012794150619722501, 0.017800985237725823, 0.016250950995196755, 0.01, 0.01, 0.01, 0.01, 0.01, 0.01, 0.01, 0.01, 0.0, 0.0, 0.0, 0.0, 0.0, 0.0, 0.0, 0.0]","[true, true, true, true, true, true, true, true, true, true, true, true, true, true, true, true, false, false, false, false, false, false, false, false]",-31.273556968959408,"[0.218, 0.218, 0.270875, 0.270875, 0.00225, 0.00225, 0.0034375, 0.0034375, 0.0014375, 0.0014375, 0.0015, 0.0015, 0.00125, 0.00125, 0.00125, 0.00125, 0.0, 0.0, 0.0, 0.0, 0.0, 0.0, 0.0, 0.0]",2,0.270875,0.2478712797164917,"ControllerAction(token_budget=530, selected_request_ids=[0, 1, 2, 3, 4, 5, 6, 7, 8, 9, 10, 11, 12, 13, 14, 15, 16, 17, 20], token_allocations={0: 1, 1: 1, 2: 1, 3: 1, 4: 1, 5: 1, 6: 1, 7: 1, 8: 1, 9: 1, 10: 1, 11: 1, 12: 1, 13: 1, 14: 1, 15: 1, 16: 1, 17: 1, 20: 512}, prefill_allocations={20: 512}, decode_allocations={0: 1, 1: 1, 2: 1, 3: 1, 4: 1, 5: 1, 6: 1, 7: 1, 8: 1, 9: 1, 10: 1, 11: 1, 12: 1, 13: 1, 14: 1, 15: 1, 16: 1, 17: 1}, heuristic='LST', strategy='Fixed', mapping=None)","{""type"": ""controller"", ""token_budget"": 530, ""selected_request_ids"": [0, 1, 2, 3, 4, 5, 6, 7, 8, 9, 10, 11, 12, 13, 14, 15, 16, 17, 20], ""token_allocations"": {""0"": 1, ""1"": 1, ""2"": 1, ""3"": 1, ""4"": 1, ""5"": 1, ""6"": 1, ""7"": 1, ""8"": 1, ""9"": 1, ""10"": 1, ""11"": 1, ""12"": 1, ""13"": 1, ""14"": 1, ""15"": 1, ""16"": 1, ""17"": 1, ""20"": 512}, ""prefill_allocations"": {""20"": 512}, ""decode_allocations"": {""0"": 1, ""1"": 1, ""2"": 1, ""3"": 1, ""4"": 1, ""5"": 1, ""6"": 1, ""7"": 1, ""8"": 1, ""9"": 1, ""10"": 1, ""11"": 1, ""12"": 1, ""13"": 1, ""14"": 1, ""15"": 1, ""16"": 1, ""17"": 1}, ""heuristic"": ""LST"", ""strategy"": ""Fixed""}",train_root,,4.51475219462284,20,11.33378213588242,31.33378213588242
10007,362,99,1162404,controller,8000,-26.310453414916992,"[0.21668531000614166, 0.20709826052188873, 0.2506785988807678, 0.2560431659221649, 0.010058864951133728, 0.012135106138885021, 0.01722133904695511, 0.015456870198249817, 0.003868061350658536, 0.003611775580793619, 0.0032824429217725992, 0.003860221244394779, 0.0, 0.0, 0.0, 0.0, 0.0, 0.0, 0.0, 0.0, 0.0, 0.0, 0.0, 0.0]","[0.2110602974268105, 0.20172212163845352, 0.24417114218223365, 0.24939644848145273, 0.01, 0.011820086515815915, 0.016774284058459103, 0.015055619696774752, 0.01, 0.01, 0.01, 0.01, 0.0, 0.0, 0.0, 0.0, 0.0, 0.0, 0.0, 0.0, 0.0, 0.0, 0.0, 0.0]","[true, true, true, true, true, true, true, true, true, true, true, true, false, false, false, false, false, false, false, false, false, false, false, false]",-31.33506083785772,"[0.2455, 0.2455, 0.2455, 0.2455, 0.002875, 0.002875, 0.002875, 0.002875, 0.001625, 0.001625, 0.001625, 0.001625, 0.0, 0.0, 0.0, 0.0, 0.0, 0.0, 0.0, 0.0, 0.0, 0.0, 0.0, 0.0]",0,0.2455,0.21668531000614166,"ControllerAction(token_budget=530, selected_request_ids=[0, 1, 2, 3, 4, 5, 6, 7, 8, 9, 10, 11, 12, 13, 14, 15, 16, 17, 18], token_allocations={0: 1, 1: 1, 2: 1, 3: 1, 4: 1, 5: 1, 6: 1, 7: 1, 8: 1, 9: 1, 10: 1, 11: 1, 12: 1, 13: 1, 14: 1, 15: 1, 16: 1, 17: 1, 18: 512}, prefill_allocations={18: 512}, decode_allocations={0: 1, 1: 1, 2: 1, 3: 1, 4: 1, 5: 1, 6: 1, 7: 1, 8: 1, 9: 1, 10: 1, 11: 1, 12: 1, 13: 1, 14: 1, 15: 1, 16: 1, 17: 1}, heuristic='SJF', strategy='Fixed', mapping=None)","{""type"": ""controller"", ""token_budget"": 530, ""selected_request_ids"": [0, 1, 2, 3, 4, 5, 6, 7, 8, 9, 10, 11, 12, 13, 14, 15, 16, 17, 18], ""token_allocations"": {""0"": 1, ""1"": 1, ""2"": 1, ""3"": 1, ""4"": 1, ""5"": 1, ""6"": 1, ""7"": 1, ""8"": 1, ""9"": 1, ""10"": 1, ""11"": 1, ""12"": 1, ""13"": 1, ""14"": 1, ""15"": 1, ""16"": 1, ""17"": 1, ""18"": 512}, ""prefill_allocations"": {""18"": 512}, ""decode_allocations"": {""0"": 1, ""1"": 1, ""2"": 1, ""3"": 1, ""4"": 1, ""5"": 1, ""6"": 1, ""7"": 1, ""8"": 1, ""9"": 1, ""10"": 1, ""11"": 1, ""12"": 1, ""13"": 1, ""14"": 1, ""15"": 1, ""16"": 1, ""17"": 1}, ""heuristic"": ""SJF"", ""strategy"": ""Fixed""}",train_root,,4.543244944499003,20,11.419260385510908,31.41926038551091
10007,363,101,1265764,controller,8000,-28.244272232055664,"[0.22829793393611908, 0.21697446703910828, 0.24628429114818573, 0.2541540563106537, 0.009988992474973202, 0.012292097322642803, 0.016910089179873466, 0.015098053961992264, 0.0, 0.0, 0.0, 0.0, 0.0, 0.0, 0.0, 0.0, 0.0, 0.0, 0.0, 0.0, 0.0, 0.0, 0.0, 0.0]","[0.2282953998805691, 0.2169720586714856, 0.2462815574481294, 0.2541512352579799, 0.01, 0.012291960883136301, 0.016909901481699425, 0.015097886377000245, 0.0, 0.0, 0.0, 0.0, 0.0, 0.0, 0.0, 0.0, 0.0, 0.0, 0.0, 0.0, 0.0, 0.0, 0.0, 0.0]","[true, true, true, true, true, true, true, true, false, false, false, false, false, false, false, false, false, false, false, false, false, false, false, false]",-31.373747239144777,"[0.2470625, 0.2470625, 0.2470625, 0.2470625, 0.0029375, 0.0029375, 0.0029375, 0.0029375, 0.0, 0.0, 0.0, 0.0, 0.0, 0.0, 0.0, 0.0, 0.0, 0.0, 0.0, 0.0, 0.0, 0.0, 0.0, 0.0]",0,0.2470625,0.22829793393611908,"ControllerAction(token_budget=531, selected_request_ids=[0, 1, 2, 3, 4, 5, 6, 7, 8, 9, 10, 11, 12, 13, 14, 15, 16, 17, 18, 19], token_allocations={0: 1, 1: 1, 2: 1, 3: 1, 4: 1, 5: 1, 6: 1, 7: 1, 8: 1, 9: 1, 10: 1, 11: 1, 12: 1, 13: 1, 14: 1, 15: 1, 16: 1, 17: 1, 18: 1, 19: 512}, prefill_allocations={19: 512}, decode_allocations={0: 1, 1: 1, 2: 1, 3: 1, 4: 1, 5: 1, 6: 1, 7: 1, 8: 1, 9: 1, 10: 1, 11: 1, 12: 1, 13: 1, 14: 1, 15: 1, 16: 1, 17: 1, 18: 1}, heuristic='SJF', strategy='Fixed', mapping=None)","{""type"": ""controller"", ""token_budget"": 531, ""selected_request_ids"": [0, 1, 2, 3, 4, 5, 6, 7, 8, 9, 10, 11, 12, 13, 14, 15, 16, 17, 18, 19], ""token_allocations"": {""0"": 1, ""1"": 1, ""2"": 1, ""3"": 1, ""4"": 1, ""5"": 1, ""6"": 1, ""7"": 1, ""8"": 1, ""9"": 1, ""10"": 1, ""11"": 1, ""12"": 1, ""13"": 1, ""14"": 1, ""15"": 1, ""16"": 1, ""17"": 1, ""18"": 1, ""19"": 512}, ""prefill_allocations"": {""19"": 512}, ""decode_allocations"": {""0"": 1, ""1"": 1, ""2"": 1, ""3"": 1, ""4"": 1, ""5"": 1, ""6"": 1, ""7"": 1, ""8"": 1, ""9"": 1, ""10"": 1, ""11"": 1, ""12"": 1, ""13"": 1, ""14"": 1, ""15"": 1, ""16"": 1, ""17"": 1, ""18"": 1}, ""heuristic"": ""SJF"", ""strategy"": ""Fixed""}",train_root,,4.572249663655167,20,11.506274542979398,31.506274542979398
10007,364,103,1369312,controller,8000,-30.27280616760254,"[0.2500087022781372, 0.2362769991159439, 0.251497745513916, 0.2622165381908417, 0.0, 0.0, 0.0, 0.0, 0.0, 0.0, 0.0, 0.0, 0.0, 0.0, 0.0, 0.0, 0.0, 0.0, 0.0, 0.0, 0.0, 0.0, 0.0, 0.0]","[0.25000870600355724, 0.23627700263674561, 0.2514977492615245, 0.26221654209817263, 0.0, 0.0, 0.0, 0.0, 0.0, 0.0, 0.0, 0.0, 0.0, 0.0, 0.0, 0.0, 0.0, 0.0, 0.0, 0.0, 0.0, 0.0, 0.0, 0.0]","[true, true, true, true, false, false, false, false, false, false, false, false, false, false, false, false, false, false, false, false, false, false, false, false]",-31.38630391017002,"[0.25, 0.25, 0.25, 0.25, 0.0, 0.0, 0.0, 0.0, 0.0, 0.0, 0.0, 0.0, 0.0, 0.0, 0.0, 0.0, 0.0, 0.0, 0.0, 0.0, 0.0, 0.0, 0.0, 0.0]",0,0.25,0.2500087022781372,"ControllerAction(token_budget=532, selected_request_ids=[0, 1, 2, 3, 4, 5, 6, 7, 8, 9, 10, 11, 12, 13, 14, 15, 16, 17, 18, 19, 20], token_allocations={0: 1, 1: 1, 2: 1, 3: 1, 4: 1, 5: 1, 6: 1, 7: 1, 8: 1, 9: 1, 10: 1, 11: 1, 12: 1, 13: 1, 14: 1, 15: 1, 16: 1, 17: 1, 18: 1, 19: 1, 20: 512}, prefill_allocations={20: 512}, decode_allocations={0: 1, 1: 1, 2: 1, 3: 1, 4: 1, 5: 1, 6: 1, 7: 1, 8: 1, 9: 1, 10: 1, 11: 1, 12: 1, 13: 1, 14: 1, 15: 1, 16: 1, 17: 1, 18: 1, 19: 1}, heuristic='SJF', strategy='Fixed', mapping=None)","{""type"": ""controller"", ""token_budget"": 532, ""selected_request_ids"": [0, 1, 2, 3, 4, 5, 6, 7, 8, 9, 10, 11, 12, 13, 14, 15, 16, 17, 18, 19, 20], ""token_allocations"": {""0"": 1, ""1"": 1, ""2"": 1, ""3"": 1, ""4"": 1, ""5"": 1, ""6"": 1, ""7"": 1, ""8"": 1, ""9"": 1, ""10"": 1, ""11"": 1, ""12"": 1, ""13"": 1, ""14"": 1, ""15"": 1, ""16"": 1, ""17"": 1, ""18"": 1, ""19"": 1, ""20"": 512}, ""prefill_allocations"": {""20"": 512}, ""decode_allocations"": {""0"": 1, ""1"": 1, ""2"": 1, ""3"": 1, ""4"": 1, ""5"": 1, ""6"": 1, ""7"": 1, ""8"": 1, ""9"": 1, ""10"": 1, ""11"": 1, ""12"": 1, ""13"": 1, ""14"": 1, ""15"": 1, ""16"": 1, ""17"": 1, ""18"": 1, ""19"": 1}, ""heuristic"": ""SJF"", ""strategy"": ""Fixed""}",train_root,,4.60127909807533,20,11.564333411819725,31.564333411819725
10007,365,106,1473250,adversary,4000,-36.52264404296875,"[0.07833100855350494, 0.08595030754804611, 0.1971054971218109, 0.20165932178497314, 0.19411955773830414, 0.24283432960510254]","[0.1, 0.1, 0.18868118724417116, 0.19304038095765869, 0.18582286722699268, 0.23245556457117733]","[true, true, true, true, true, true]",-31.374399441686627,"[0.0775, 0.08175, 0.19325, 0.2035, 0.198, 0.246]",5,0.246,0.24283432960510254,"AdversaryAction(requests=[AdversaryRequestSpec(prefill_tokens=3072, decode_tokens=5000, prefill_slo=0.3874467952163693, decode_slo=0.05), AdversaryRequestSpec(prefill_tokens=3072, decode_tokens=5000, prefill_slo=0.3874467952163693, decode_slo=0.05), AdversaryRequestSpec(prefill_tokens=3072, decode_tokens=5000, prefill_slo=0.3874467952163693, decode_slo=0.05), AdversaryRequestSpec(prefill_tokens=3072, decode_tokens=5000, prefill_slo=0.3874467952163693, decode_slo=0.05), AdversaryRequestSpec(prefill_tokens=3072, decode_tokens=5000, prefill_slo=0.3874467952163693, decode_slo=0.05), AdversaryRequestSpec(prefill_tokens=3072, decode_tokens=5000, prefill_slo=0.3874467952163693, decode_slo=0.05)], stop_decode_ids=[])","{""type"": ""adversary"", ""requests"": [{""prefill_tokens"": 3072, ""decode_tokens"": 5000, ""prefill_slo"": 0.3874467952163693, ""decode_slo"": 0.05}, {""prefill_tokens"": 3072, ""decode_tokens"": 5000, ""prefill_slo"": 0.3874467952163693, ""decode_slo"": 0.05}, {""prefill_tokens"": 3072, ""decode_tokens"": 5000, ""prefill_slo"": 0.3874467952163693, ""decode_slo"": 0.05}, {""prefill_tokens"": 3072, ""decode_tokens"": 5000, ""prefill_slo"": 0.3874467952163693, ""decode_slo"": 0.05}, {""prefill_tokens"": 3072, ""decode_tokens"": 5000, ""prefill_slo"": 0.3874467952163693, ""decode_slo"": 0.05}, {""prefill_tokens"": 3072, ""decode_tokens"": 5000, ""prefill_slo"": 0.3874467952163693, ""decode_slo"": 0.05}], ""stop_decode_ids"": []}",train_root,,5.0,20,11.593387684383888,31.593387684383888
10007,366,107,1523078,controller,8000,-26.37614631652832,"[0.1092396229505539, 0.1115717664361, 0.1396321803331375, 0.1366427093744278, 0.09924907982349396, 0.08731631934642792, 0.11610147356987, 0.11495374888181686, 0.006941403262317181, 0.005858476273715496, 0.006540664471685886, 0.005728627555072308, 0.005552476271986961, 0.005368803162127733, 0.006177315954118967, 0.006472435314208269, 0.005397861357778311, 0.003911538515239954, 0.0047569358721375465, 0.00437328964471817, 0.0047141979448497295, 0.005038817413151264, 0.003822332713752985, 0.004637828096747398]","[0.10031768996894529, 0.10245936018737883, 0.1282279945499988, 0.1254826827967465, 0.09114310495142447, 0.08018492939497977, 0.10661911233245298, 0.10556512581807317, 0.01, 0.01, 0.01, 0.01, 0.01, 0.01, 0.01, 0.01, 0.01, 0.01, 0.01, 0.01, 0.01, 0.01, 0.01, 0.01]","[true, true, true, true, true, true, true, true, true, true, true, true, true, true, true, true, true, true, true, true, true, true, true, true]",-31.409951434726164,"[0.1336875, 0.1336875, 0.1336875, 0.1336875, 0.1125625, 0.1125625, 0.1125625, 0.1125625, 0.00125, 0.00125, 0.00125, 0.00125, 0.001, 0.001, 0.001, 0.001, 0.0008125, 0.0008125, 0.0008125, 0.0008125, 0.0006875, 0.0006875, 0.0006875, 0.0006875]",0,0.1336875,0.1092396229505539,"ControllerAction(token_budget=533, selected_request_ids=[0, 1, 2, 3, 4, 5, 6, 7, 8, 9, 10, 11, 12, 13, 14, 15, 16, 17, 18, 19, 20, 21], token_allocations={0: 1, 1: 1, 2: 1, 3: 1, 4: 1, 5: 1, 6: 1, 7: 1, 8: 1, 9: 1, 10: 1, 11: 1, 12: 1, 13: 1, 14: 1, 15: 1, 16: 1, 17: 1, 18: 1, 19: 1, 20: 1, 21: 512}, prefill_allocations={21: 512}, decode_allocations={0: 1, 1: 1, 2: 1, 3: 1, 4: 1, 5: 1, 6: 1, 7: 1, 8: 1, 9: 1, 10: 1, 11: 1, 12: 1, 13: 1, 14: 1, 15: 1, 16: 1, 17: 1, 18: 1, 19: 1, 20: 1}, heuristic='SJF', strategy='Fixed', mapping=None)","{""type"": ""controller"", ""token_budget"": 533, ""selected_request_ids"": [0, 1, 2, 3, 4, 5, 6, 7, 8, 9, 10, 11, 12, 13, 14, 15, 16, 17, 18, 19, 20, 21], ""token_allocations"": {""0"": 1, ""1"": 1, ""2"": 1, ""3"": 1, ""4"": 1, ""5"": 1, ""6"": 1, ""7"": 1, ""8"": 1, ""9"": 1, ""10"": 1, ""11"": 1, ""12"": 1, ""13"": 1, ""14"": 1, ""15"": 1, ""16"": 1, ""17"": 1, ""18"": 1, ""19"": 1, ""20"": 1, ""21"": 512}, ""prefill_allocations"": {""21"": 512}, ""decode_allocations"": {""0"": 1, ""1"": 1, ""2"": 1, ""3"": 1, ""4"": 1, ""5"": 1, ""6"": 1, ""7"": 1, ""8"": 1, ""9"": 1, ""10"": 1, ""11"": 1, ""12"": 1, ""13"": 1, ""14"": 1, ""15"": 1, ""16"": 1, ""17"": 1, ""18"": 1, ""19"": 1, ""20"": 1}, ""heuristic"": ""SJF"", ""strategy"": ""Fixed""}",train_root,,5.0,20,11.593387684383888,31.593387684383888
10007,367,109,1629024,controller,8000,-26.28365707397461,"[0.1151985451579094, 0.11622027307748795, 0.14871098101139069, 0.14616259932518005, 0.09514951705932617, 0.08288708329200745, 0.10745261609554291, 0.10814697295427322, 0.006559774279594421, 0.005509113892912865, 0.0060345809906721115, 0.005352091509848833, 0.005222247913479805, 0.005060615483671427, 0.005888398736715317, 0.00610543554648757, 0.005010480526834726, 0.0036334884352982044, 0.004468612838536501, 0.004117147997021675, 0.004400734789669514, 0.004670742433518171, 0.0036270315758883953, 0.004410922061651945]","[0.10518944535232945, 0.10612239978343042, 0.13579013162836776, 0.13346316772660077, 0.08688238997543749, 0.07568538566530647, 0.09811652632638221, 0.09875055354214529, 0.01, 0.01, 0.01, 0.01, 0.01, 0.01, 0.01, 0.01, 0.01, 0.01, 0.01, 0.01, 0.01, 0.01, 0.01, 0.01]","[true, true, true, true, true, true, true, true, true, true, true, true, true, true, true, true, true, true, true, true, true, true, true, true]",-31.40809296013203,"[0.124, 0.124, 0.1579375, 0.1579375, 0.095, 0.095, 0.1160625, 0.1160625, 0.0011875, 0.0011875, 0.0011875, 0.0011875, 0.0009375, 0.0009375, 0.0009375, 0.0009375, 0.00075, 0.00075, 0.00075, 0.00075, 0.000625, 0.000625, 0.000625, 0.000625]",2,0.1579375,0.14871098101139069,"ControllerAction(token_budget=533, selected_request_ids=[0, 1, 2, 3, 4, 5, 6, 7, 8, 9, 10, 11, 12, 13, 14, 15, 16, 17, 18, 19, 20, 22], token_allocations={0: 1, 1: 1, 2: 1, 3: 1, 4: 1, 5: 1, 6: 1, 7: 1, 8: 1, 9: 1, 10: 1, 11: 1, 12: 1, 13: 1, 14: 1, 15: 1, 16: 1, 17: 1, 18: 1, 19: 1, 20: 1, 22: 512}, prefill_allocations={22: 512}, decode_allocations={0: 1, 1: 1, 2: 1, 3: 1, 4: 1, 5: 1, 6: 1, 7: 1, 8: 1, 9: 1, 10: 1, 11: 1, 12: 1, 13: 1, 14: 1, 15: 1, 16: 1, 17: 1, 18: 1, 19: 1, 20: 1}, heuristic='LST', strategy='Fixed', mapping=None)","{""type"": ""controller"", ""token_budget"": 533, ""selected_request_ids"": [0, 1, 2, 3, 4, 5, 6, 7, 8, 9, 10, 11, 12, 13, 14, 15, 16, 17, 18, 19, 20, 22], ""token_allocations"": {""0"": 1, ""1"": 1, ""2"": 1, ""3"": 1, ""4"": 1, ""5"": 1, ""6"": 1, ""7"": 1, ""8"": 1, ""9"": 1, ""10"": 1, ""11"": 1, ""12"": 1, ""13"": 1, ""14"": 1, ""15"": 1, ""16"": 1, ""17"": 1, ""18"": 1, ""19"": 1, ""20"": 1, ""22"": 512}, ""prefill_allocations"": {""22"": 512}, ""decode_allocations"": {""0"": 1, ""1"": 1, ""2"": 1, ""3"": 1, ""4"": 1, ""5"": 1, ""6"": 1, ""7"": 1, ""8"": 1, ""9"": 1, ""10"": 1, ""11"": 1, ""12"": 1, ""13"": 1, ""14"": 1, ""15"": 1, ""16"": 1, ""17"": 1, ""18"": 1, ""19"": 1, ""20"": 1}, ""heuristic"": ""LST"", ""strategy"": ""Fixed""}",train_root,,5.0267697142281635,20,11.593387684383888,31.593387684383888
10007,368,111,1736096,controller,8000,-26.771940231323242,"[0.12048192322254181, 0.12120728939771652, 0.15419909358024597, 0.15212741494178772, 0.08837726712226868, 0.07836567610502243, 0.10102347284555435, 0.10133510082960129, 0.00675272336229682, 0.005718111526221037, 0.006239696405827999, 0.0055839018896222115, 0.0054215919226408005, 0.005225430242717266, 0.006110463757067919, 0.006242446135729551, 0.005144990980625153, 0.003814766649156809, 0.004661534447222948, 0.0042930347844958305, 0.004576037172228098, 0.004815078806132078, 0.003831196576356888, 0.004451716784387827]","[0.11035101218106004, 0.11101538480635904, 0.14123302150939182, 0.13933554321096292, 0.08094592632559836, 0.07177617560494229, 0.09252875605215265, 0.09281418030953277, 0.01, 0.01, 0.01, 0.01, 0.01, 0.01, 0.01, 0.01, 0.01, 0.01, 0.01, 0.01, 0.01, 0.01, 0.01, 0.01]","[true, true, true, true, true, true, true, true, true, true, true, true, true, true, true, true, true, true, true, true, true, true, true, true]",-31.4078799117819,"[0.13, 0.13, 0.1649375, 0.1649375, 0.0884375, 0.0884375, 0.109625, 0.109625, 0.0011875, 0.0011875, 0.0011875, 0.0011875, 0.0009375, 0.0009375, 0.0009375, 0.0009375, 0.00075, 0.00075, 0.00075, 0.00075, 0.000625, 0.000625, 0.000625, 0.000625]",2,0.1649375,0.15419909358024597,"ControllerAction(token_budget=533, selected_request_ids=[0, 1, 2, 3, 4, 5, 6, 7, 8, 9, 10, 11, 12, 13, 14, 15, 16, 17, 18, 19, 20, 23], token_allocations={0: 1, 1: 1, 2: 1, 3: 1, 4: 1, 5: 1, 6: 1, 7: 1, 8: 1, 9: 1, 10: 1, 11: 1, 12: 1, 13: 1, 14: 1, 15: 1, 16: 1, 17: 1, 18: 1, 19: 1, 20: 1, 23: 512}, prefill_allocations={23: 512}, decode_allocations={0: 1, 1: 1, 2: 1, 3: 1, 4: 1, 5: 1, 6: 1, 7: 1, 8: 1, 9: 1, 10: 1, 11: 1, 12: 1, 13: 1, 14: 1, 15: 1, 16: 1, 17: 1, 18: 1, 19: 1, 20: 1}, heuristic='LST', strategy='Fixed', mapping=None)","{""type"": ""controller"", ""token_budget"": 533, ""selected_request_ids"": [0, 1, 2, 3, 4, 5, 6, 7, 8, 9, 10, 11, 12, 13, 14, 15, 16, 17, 18, 19, 20, 23], ""token_allocations"": {""0"": 1, ""1"": 1, ""2"": 1, ""3"": 1, ""4"": 1, ""5"": 1, ""6"": 1, ""7"": 1, ""8"": 1, ""9"": 1, ""10"": 1, ""11"": 1, ""12"": 1, ""13"": 1, ""14"": 1, ""15"": 1, ""16"": 1, ""17"": 1, ""18"": 1, ""19"": 1, ""20"": 1, ""23"": 512}, ""prefill_allocations"": {""23"": 512}, ""decode_allocations"": {""0"": 1, ""1"": 1, ""2"": 1, ""3"": 1, ""4"": 1, ""5"": 1, ""6"": 1, ""7"": 1, ""8"": 1, ""9"": 1, ""10"": 1, ""11"": 1, ""12"": 1, ""13"": 1, ""14"": 1, ""15"": 1, ""16"": 1, ""17"": 1, ""18"": 1, ""19"": 1, ""20"": 1}, ""heuristic"": ""LST"", ""strategy"": ""Fixed""}",train_root,,5.053539428456327,20,11.593387684383888,31.593387684383888
10007,369,113,1844623,controller,8000,-27.267709732055664,"[0.12568697333335876, 0.12608662247657776, 0.15948283672332764, 0.15793266892433167, 0.08187810331583023, 0.07390235364437103, 0.09473730623722076, 0.09471061825752258, 0.006933657918125391, 0.005919933784753084, 0.006435364484786987, 0.005810923408716917, 0.005614218767732382, 0.005381883587688208, 0.006324766203761101, 0.006366287358105183, 0.005269668530672789, 0.003994894213974476, 0.004850407131016254, 0.004465041216462851, 0.004746212624013424, 0.004951245151460171, 0.004036553204059601, 0.004481452517211437]","[0.11545826668114925, 0.11582539142075365, 0.1465037418367124, 0.14507973040266903, 0.07521466733797742, 0.06788800326033256, 0.08702735755422647, 0.08700284150617905, 0.01, 0.01, 0.01, 0.01, 0.01, 0.01, 0.01, 0.01, 0.01, 0.01, 0.01, 0.01, 0.01, 0.01, 0.01, 0.01]","[true, true, true, true, true, true, true, true, true, true, true, true, true, true, true, true, true, true, true, true, true, true, true, true]",-31.407395146466413,"[0.1356875, 0.1356875, 0.1715, 0.1715, 0.08225, 0.08225, 0.1039375, 0.1039375, 0.001125, 0.001125, 0.001125, 0.001125, 0.000875, 0.000875, 0.000875, 0.000875, 0.0006875, 0.0006875, 0.0006875, 0.0006875, 0.000625, 0.000625, 0.000625, 0.000625]",2,0.1715,0.15948283672332764,"ControllerAction(token_budget=533, selected_request_ids=[0, 1, 2, 3, 4, 5, 6, 7, 8, 9, 10, 11, 12, 13, 14, 15, 16, 17, 18, 19, 20, 24], token_allocations={0: 1, 1: 1, 2: 1, 3: 1, 4: 1, 5: 1, 6: 1, 7: 1, 8: 1, 9: 1, 10: 1, 11: 1, 12: 1, 13: 1, 14: 1, 15: 1, 16: 1, 17: 1, 18: 1, 19: 1, 20: 1, 24: 512}, prefill_allocations={24: 512}, decode_allocations={0: 1, 1: 1, 2: 1, 3: 1, 4: 1, 5: 1, 6: 1, 7: 1, 8: 1, 9: 1, 10: 1, 11: 1, 12: 1, 13: 1, 14: 1, 15: 1, 16: 1, 17: 1, 18: 1, 19: 1, 20: 1}, heuristic='LST', strategy='Fixed', mapping=None)","{""type"": ""controller"", ""token_budget"": 533, ""selected_request_ids"": [0, 1, 2, 3, 4, 5, 6, 7, 8, 9, 10, 11, 12, 13, 14, 15, 16, 17, 18, 19, 20, 24], ""token_allocations"": {""0"": 1, ""1"": 1, ""2"": 1, ""3"": 1, ""4"": 1, ""5"": 1, ""6"": 1, ""7"": 1, ""8"": 1, ""9"": 1, ""10"": 1, ""11"": 1, ""12"": 1, ""13"": 1, ""14"": 1, ""15"": 1, ""16"": 1, ""17"": 1, ""18"": 1, ""19"": 1, ""20"": 1, ""24"": 512}, ""prefill_allocations"": {""24"": 512}, ""decode_allocations"": {""0"": 1, ""1"": 1, ""2"": 1, ""3"": 1, ""4"": 1, ""5"": 1, ""6"": 1, ""7"": 1, ""8"": 1, ""9"": 1, ""10"": 1, ""11"": 1, ""12"": 1, ""13"": 1, ""14"": 1, ""15"": 1, ""16"": 1, ""17"": 1, ""18"": 1, ""19"": 1, ""20"": 1}, ""heuristic"": ""LST"", ""strategy"": ""Fixed""}",train_root,,5.080309142684491,20,11.593387684383888,31.593387684383888
10007,370,115,1952205,controller,8000,-27.768239974975586,"[0.13079296052455902, 0.1308383345603943, 0.1645401567220688, 0.16355440020561218, 0.07566950470209122, 0.06952106952667236, 0.0886228010058403, 0.08830053359270096, 0.0071018533781170845, 0.006113737355917692, 0.006620769388973713, 0.0060322401113808155, 0.005799327045679092, 0.005529328249394894, 0.006530414335429668, 0.006476548034697771, 0.005384035874158144, 0.004173194523900747, 0.005034467205405235, 0.0046324715949594975, 0.004910556599497795, 0.005078683141618967, 0.004242410883307457, 0.004500244744122028]","[0.12048837039023906, 0.12053016960950816, 0.15157677651523171, 0.15066868332892364, 0.06970784416245052, 0.06404381658967348, 0.08164060840726305, 0.08134373099671047, 0.01, 0.01, 0.01, 0.01, 0.01, 0.01, 0.01, 0.01, 0.01, 0.01, 0.01, 0.01, 0.01, 0.01, 0.01, 0.01]","[true, true, true, true, true, true, true, true, true, true, true, true, true, true, true, true, true, true, true, true, true, true, true, true]",-31.407235384116085,"[0.141, 0.141, 0.17875, 0.17875, 0.076, 0.076, 0.097875, 0.097875, 0.0010625, 0.0010625, 0.0010625, 0.0010625, 0.000875, 0.000875, 0.000875, 0.000875, 0.0006875, 0.0006875, 0.0006875, 0.0006875, 0.0005625, 0.0005625, 0.0005625, 0.0005625]",2,0.17875,0.1645401567220688,"ControllerAction(token_budget=533, selected_request_ids=[0, 1, 2, 3, 4, 5, 6, 7, 8, 9, 10, 11, 12, 13, 14, 15, 16, 17, 18, 19, 20, 25], token_allocations={0: 1, 1: 1, 2: 1, 3: 1, 4: 1, 5: 1, 6: 1, 7: 1, 8: 1, 9: 1, 10: 1, 11: 1, 12: 1, 13: 1, 14: 1, 15: 1, 16: 1, 17: 1, 18: 1, 19: 1, 20: 1, 25: 512}, prefill_allocations={25: 512}, decode_allocations={0: 1, 1: 1, 2: 1, 3: 1, 4: 1, 5: 1, 6: 1, 7: 1, 8: 1, 9: 1, 10: 1, 11: 1, 12: 1, 13: 1, 14: 1, 15: 1, 16: 1, 17: 1, 18: 1, 19: 1, 20: 1}, heuristic='LST', strategy='Fixed', mapping=None)","{""type"": ""controller"", ""token_budget"": 533, ""selected_request_ids"": [0, 1, 2, 3, 4, 5, 6, 7, 8, 9, 10, 11, 12, 13, 14, 15, 16, 17, 18, 19, 20, 25], ""token_allocations"": {""0"": 1, ""1"": 1, ""2"": 1, ""3"": 1, ""4"": 1, ""5"": 1, ""6"": 1, ""7"": 1, ""8"": 1, ""9"": 1, ""10"": 1, ""11"": 1, ""12"": 1, ""13"": 1, ""14"": 1, ""15"": 1, ""16"": 1, ""17"": 1, ""18"": 1, ""19"": 1, ""20"": 1, ""25"": 512}, ""prefill_allocations"": {""25"": 512}, ""decode_allocations"": {""0"": 1, ""1"": 1, ""2"": 1, ""3"": 1, ""4"": 1, ""5"": 1, ""6"": 1, ""7"": 1, ""8"": 1, ""9"": 1, ""10"": 1, ""11"": 1, ""12"": 1, ""13"": 1, ""14"": 1, ""15"": 1, ""16"": 1, ""17"": 1, ""18"": 1, ""19"": 1, ""20"": 1}, ""heuristic"": ""LST"", ""strategy"": ""Fixed""}",train_root,,5.107078856912654,20,11.593387684383888,31.593387684383888
10007,371,117,2058642,controller,8000,-28.270742416381836,"[0.13578158617019653, 0.13544514775276184, 0.1693526953458786, 0.16897200047969818, 0.06976476311683655, 0.0652434378862381, 0.08270510286092758, 0.08212780207395554, 0.007256765849888325, 0.006298818159848452, 0.006795262452214956, 0.00624703848734498, 0.005976242013275623, 0.005667252466082573, 0.0067266542464494705, 0.006572993006557226, 0.005487754475325346, 0.004349048715084791, 0.0052130380645394325, 0.00479470519348979, 0.005068465135991573, 0.005196969956159592, 0.004448127932846546, 0.004508327692747116]","[0.12542057242295787, 0.12510980643406416, 0.1564299887101558, 0.15607834332596515, 0.06444126020223404, 0.06026494134688332, 0.07639416827930648, 0.07586091927843312, 0.01, 0.01, 0.01, 0.01, 0.01, 0.01, 0.01, 0.01, 0.01, 0.01, 0.01, 0.01, 0.01, 0.01, 0.01, 0.01]","[true, true, true, true, true, true, true, true, true, true, true, true, true, true, true, true, true, true, true, true, true, true, true, true]",-31.406023652558346,"[0.148, 0.148, 0.18525, 0.18525, 0.069375, 0.069375, 0.091, 0.091, 0.0010625, 0.0010625, 0.0010625, 0.0010625, 0.000875, 0.000875, 0.000875, 0.000875, 0.0006875, 0.0006875, 0.0006875, 0.0006875, 0.0005625, 0.0005625, 0.0005625, 0.0005625]",2,0.18525,0.1693526953458786,"ControllerAction(token_budget=533, selected_request_ids=[0, 1, 2, 3, 4, 5, 6, 7, 8, 9, 10, 11, 12, 13, 14, 15, 16, 17, 18, 19, 20, 26], token_allocations={0: 1, 1: 1, 2: 1, 3: 1, 4: 1, 5: 1, 6: 1, 7: 1, 8: 1, 9: 1, 10: 1, 11: 1, 12: 1, 13: 1, 14: 1, 15: 1, 16: 1, 17: 1, 18: 1, 19: 1, 20: 1, 26: 512}, prefill_allocations={26: 512}, decode_allocations={0: 1, 1: 1, 2: 1, 3: 1, 4: 1, 5: 1, 6: 1, 7: 1, 8: 1, 9: 1, 10: 1, 11: 1, 12: 1, 13: 1, 14: 1, 15: 1, 16: 1, 17: 1, 18: 1, 19: 1, 20: 1}, heuristic='LST', strategy='Fixed', mapping=None)","{""type"": ""controller"", ""token_budget"": 533, ""selected_request_ids"": [0, 1, 2, 3, 4, 5, 6, 7, 8, 9, 10, 11, 12, 13, 14, 15, 16, 17, 18, 19, 20, 26], ""token_allocations"": {""0"": 1, ""1"": 1, ""2"": 1, ""3"": 1, ""4"": 1, ""5"": 1, ""6"": 1, ""7"": 1, ""8"": 1, ""9"": 1, ""10"": 1, ""11"": 1, ""12"": 1, ""13"": 1, ""14"": 1, ""15"": 1, ""16"": 1, ""17"": 1, ""18"": 1, ""19"": 1, ""20"": 1, ""26"": 512}, ""prefill_allocations"": {""26"": 512}, ""decode_allocations"": {""0"": 1, ""1"": 1, ""2"": 1, ""3"": 1, ""4"": 1, ""5"": 1, ""6"": 1, ""7"": 1, ""8"": 1, ""9"": 1, ""10"": 1, ""11"": 1, ""12"": 1, ""13"": 1, ""14"": 1, ""15"": 1, ""16"": 1, ""17"": 1, ""18"": 1, ""19"": 1, ""20"": 1}, ""heuristic"": ""LST"", ""strategy"": ""Fixed""}",train_root,,5.133848571140818,20,11.593387684383888,31.593387684383888
