game_id,root_id,root_depth,root_node_id,root_player,num_simulations,model_root_value_controller,model_root_prior_json,normalized_root_prior_json,valid_action_mask_json,mcts_root_value_controller,mcts_root_prior_json,best_action_index,best_action_mcts_prob,best_action_model_prob,best_action_repr,best_action_json,phase,cycle_label,sim_time,slo_violations,total_lateness,total_cost
3004,200,0,0,adversary,0,0.0,[],[],[],0.0,[],0,0.0,0.0,"AdversaryAction(requests=[AdversaryRequestSpec(prefill_tokens=3072, decode_tokens=5000, prefill_slo=0.3874467952163693, decode_slo=0.05)], stop_decode_ids=[])","{""type"": ""adversary"", ""requests"": [{""prefill_tokens"": 3072, ""decode_tokens"": 5000, ""prefill_slo"": 0.3874467952163693, ""decode_slo"": 0.05}], ""stop_decode_ids"": [], ""history_phase"": ""multiple-child""}",train_root,,0.0,0,0.0,0.0
3004,200,1,1,controller,0,0.0,[],[],[],0.0,[],3,0.0,0.0,"ControllerAction(token_budget=512, selected_request_ids=[0], token_allocations={0: 512}, prefill_allocations={0: 512}, decode_allocations={}, heuristic='LJF', strategy='Fixed', mapping=None)","{""type"": ""controller"", ""token_budget"": 512, ""selected_request_ids"": [0], ""token_allocations"": {""0"": 512}, ""prefill_allocations"": {""0"": 512}, ""decode_allocations"": {}, ""heuristic"": ""LJF"", ""strategy"": ""Fixed"", ""history_phase"": ""multiple-child""}",train_root,,0.0,0,0.0,0.0
3004,200,2,2,adversary,0,0.0,[],[],[],0.0,[],0,0.0,0.0,"AdversaryAction(requests=[], stop_decode_ids=[])","{""type"": ""adversary"", ""requests"": [], ""stop_decode_ids"": [], ""history_phase"": ""forced_step:single-child""}",train_root,,0.0,0,0.0,0.0
3004,200,3,3,controller,0,0.0,[],[],[],0.0,[],2,0.0,0.0,"ControllerAction(token_budget=512, selected_request_ids=[0], token_allocations={0: 512}, prefill_allocations={0: 512}, decode_allocations={}, heuristic='LST', strategy='Fixed', mapping=None)","{""type"": ""controller"", ""token_budget"": 512, ""selected_request_ids"": [0], ""token_allocations"": {""0"": 512}, ""prefill_allocations"": {""0"": 512}, ""decode_allocations"": {}, ""heuristic"": ""LST"", ""strategy"": ""Fixed"", ""history_phase"": ""multiple-child""}",train_root,,0.0,0,0.0,0.0
3004,200,4,4,adversary,0,0.0,[],[],[],0.0,[],0,0.0,0.0,"AdversaryAction(requests=[], stop_decode_ids=[])","{""type"": ""adversary"", ""requests"": [], ""stop_decode_ids"": [], ""history_phase"": ""forced_step:single-child""}",train_root,,0.0,0,0.0,0.0
3004,200,5,5,controller,0,0.0,[],[],[],0.0,[],1,0.0,0.0,"ControllerAction(token_budget=512, selected_request_ids=[0], token_allocations={0: 512}, prefill_allocations={0: 512}, decode_allocations={}, heuristic='EDF', strategy='Fixed', mapping=None)","{""type"": ""controller"", ""token_budget"": 512, ""selected_request_ids"": [0], ""token_allocations"": {""0"": 512}, ""prefill_allocations"": {""0"": 512}, ""decode_allocations"": {}, ""heuristic"": ""EDF"", ""strategy"": ""Fixed"", ""history_phase"": ""multiple-child""}",train_root,,0.0,0,0.0,0.0
3004,200,6,6,adversary,0,0.0,[],[],[],0.0,[],0,0.0,0.0,"AdversaryAction(requests=[], stop_decode_ids=[])","{""type"": ""adversary"", ""requests"": [], ""stop_decode_ids"": [], ""history_phase"": ""forced_step:single-child""}",train_root,,0.0,0,0.0,0.0
3004,200,7,7,controller,0,0.0,[],[],[],0.0,[],7,0.0,0.0,"ControllerAction(token_budget=1024, selected_request_ids=[0], token_allocations={0: 1024}, prefill_allocations={0: 1024}, decode_allocations={}, heuristic='LJF', strategy='Fixed', mapping=None)","{""type"": ""controller"", ""token_budget"": 1024, ""selected_request_ids"": [0], ""token_allocations"": {""0"": 1024}, ""prefill_allocations"": {""0"": 1024}, ""decode_allocations"": {}, ""heuristic"": ""LJF"", ""strategy"": ""Fixed"", ""history_phase"": ""multiple-child""}",train_root,,0.0,0,0.0,0.0
3004,200,8,8,adversary,0,0.0,[],[],[],0.0,[],0,0.0,0.0,"AdversaryAction(requests=[], stop_decode_ids=[])","{""type"": ""adversary"", ""requests"": [], ""stop_decode_ids"": [], ""history_phase"": ""forced_step:single-child""}",train_root,,0.0,0,0.0,0.0
3004,200,9,9,controller,0,0.0,[],[],[],0.0,[],2,0.0,0.0,"ControllerAction(token_budget=512, selected_request_ids=[0], token_allocations={0: 512}, prefill_allocations={0: 512}, decode_allocations={}, heuristic='LST', strategy='Fixed', mapping=None)","{""type"": ""controller"", ""token_budget"": 512, ""selected_request_ids"": [0], ""token_allocations"": {""0"": 512}, ""prefill_allocations"": {""0"": 512}, ""decode_allocations"": {}, ""heuristic"": ""LST"", ""strategy"": ""Fixed"", ""history_phase"": ""multiple-child""}",train_root,,0.0,0,0.0,0.0
3004,200,10,10,adversary,0,0.0,[],[],[],0.0,[],0,0.0,0.0,"AdversaryAction(requests=[], stop_decode_ids=[])","{""type"": ""adversary"", ""requests"": [], ""stop_decode_ids"": [], ""history_phase"": ""forced_step:single-child""}",train_root,,0.0,0,0.0,0.0
3004,200,11,11,controller,0,0.0,[],[],[],0.0,[],0,0.0,0.0,"ControllerAction(token_budget=1, selected_request_ids=[0], token_allocations={0: 1}, prefill_allocations={}, decode_allocations={0: 1}, heuristic='SJF', strategy='Fixed', mapping=None)","{""type"": ""controller"", ""token_budget"": 1, ""selected_request_ids"": [0], ""token_allocations"": {""0"": 1}, ""prefill_allocations"": {}, ""decode_allocations"": {""0"": 1}, ""heuristic"": ""SJF"", ""strategy"": ""Fixed"", ""history_phase"": ""forced_step:single-child""}",train_root,,0.0,0,0.0,0.0
3004,200,12,12,adversary,0,0.0,[],[],[],0.0,[],3,0.0,0.0,"AdversaryAction(requests=[AdversaryRequestSpec(prefill_tokens=3072, decode_tokens=5000, prefill_slo=0.3874467952163693, decode_slo=0.05), AdversaryRequestSpec(prefill_tokens=3072, decode_tokens=5000, prefill_slo=0.3874467952163693, decode_slo=0.05), AdversaryRequestSpec(prefill_tokens=3072, decode_tokens=5000, prefill_slo=0.3874467952163693, decode_slo=0.05), AdversaryRequestSpec(prefill_tokens=3072, decode_tokens=5000, prefill_slo=0.3874467952163693, decode_slo=0.05)], stop_decode_ids=[])","{""type"": ""adversary"", ""requests"": [{""prefill_tokens"": 3072, ""decode_tokens"": 5000, ""prefill_slo"": 0.3874467952163693, ""decode_slo"": 0.05}, {""prefill_tokens"": 3072, ""decode_tokens"": 5000, ""prefill_slo"": 0.3874467952163693, ""decode_slo"": 0.05}, {""prefill_tokens"": 3072, ""decode_tokens"": 5000, ""prefill_slo"": 0.3874467952163693, ""decode_slo"": 0.05}, {""prefill_tokens"": 3072, ""decode_tokens"": 5000, ""prefill_slo"": 0.3874467952163693, ""decode_slo"": 0.05}], ""stop_decode_ids"": [], ""history_phase"": ""multiple-child""}",train_root,,0.0,0,0.0,0.0
3004,200,13,13,controller,0,0.0,[],[],[],0.0,[],7,0.0,0.0,"ControllerAction(token_budget=1025, selected_request_ids=[0, 1], token_allocations={0: 1, 1: 1024}, prefill_allocations={1: 1024}, decode_allocations={0: 1}, heuristic='LJF', strategy='Fixed', mapping=None)","{""type"": ""controller"", ""token_budget"": 1025, ""selected_request_ids"": [0, 1], ""token_allocations"": {""0"": 1, ""1"": 1024}, ""prefill_allocations"": {""1"": 1024}, ""decode_allocations"": {""0"": 1}, ""heuristic"": ""LJF"", ""strategy"": ""Fixed"", ""history_phase"": ""multiple-child""}",train_root,,0.0,0,0.0,0.0
3004,200,14,14,adversary,0,0.0,[],[],[],0.0,[],0,0.0,0.0,"AdversaryAction(requests=[], stop_decode_ids=[])","{""type"": ""adversary"", ""requests"": [], ""stop_decode_ids"": [], ""history_phase"": ""forced_step:single-child""}",train_root,,0.0,0,0.0,0.0
3004,200,15,15,controller,0,0.0,[],[],[],0.0,[],6,0.0,0.0,"ControllerAction(token_budget=1025, selected_request_ids=[0, 2], token_allocations={0: 1, 2: 1024}, prefill_allocations={2: 1024}, decode_allocations={0: 1}, heuristic='LST', strategy='Fixed', mapping=None)","{""type"": ""controller"", ""token_budget"": 1025, ""selected_request_ids"": [0, 2], ""token_allocations"": {""0"": 1, ""2"": 1024}, ""prefill_allocations"": {""2"": 1024}, ""decode_allocations"": {""0"": 1}, ""heuristic"": ""LST"", ""strategy"": ""Fixed"", ""history_phase"": ""multiple-child""}",train_root,,0.0,0,0.0,0.0
3004,200,16,16,adversary,0,0.0,[],[],[],0.0,[],0,0.0,0.0,"AdversaryAction(requests=[], stop_decode_ids=[])","{""type"": ""adversary"", ""requests"": [], ""stop_decode_ids"": [], ""history_phase"": ""forced_step:single-child""}",train_root,,0.0,0,0.0,0.0
3004,200,17,17,controller,0,0.0,[],[],[],0.0,[],8,0.0,0.0,"ControllerAction(token_budget=1537, selected_request_ids=[0, 1], token_allocations={0: 1, 1: 1536}, prefill_allocations={1: 1536}, decode_allocations={0: 1}, heuristic='SJF', strategy='Fixed', mapping=None)","{""type"": ""controller"", ""token_budget"": 1537, ""selected_request_ids"": [0, 1], ""token_allocations"": {""0"": 1, ""1"": 1536}, ""prefill_allocations"": {""1"": 1536}, ""decode_allocations"": {""0"": 1}, ""heuristic"": ""SJF"", ""strategy"": ""Fixed"", ""history_phase"": ""multiple-child""}",train_root,,0.0,0,0.0,0.0
3004,200,18,18,adversary,0,0.0,[],[],[],0.0,[],0,0.0,0.0,"AdversaryAction(requests=[], stop_decode_ids=[])","{""type"": ""adversary"", ""requests"": [], ""stop_decode_ids"": [], ""history_phase"": ""forced_step:single-child""}",train_root,,0.0,0,0.0,0.0
3004,200,19,19,controller,0,0.0,[],[],[],0.0,[],22,0.0,0.0,"ControllerAction(token_budget=3073, selected_request_ids=[0, 3], token_allocations={0: 1, 3: 3072}, prefill_allocations={3: 3072}, decode_allocations={0: 1}, heuristic='LST', strategy='Fixed', mapping=None)","{""type"": ""controller"", ""token_budget"": 3073, ""selected_request_ids"": [0, 3], ""token_allocations"": {""0"": 1, ""3"": 3072}, ""prefill_allocations"": {""3"": 3072}, ""decode_allocations"": {""0"": 1}, ""heuristic"": ""LST"", ""strategy"": ""Fixed"", ""history_phase"": ""multiple-child""}",train_root,,0.0,0,0.0,0.0
3004,200,20,20,adversary,0,0.0,[],[],[],0.0,[],0,0.0,0.0,"AdversaryAction(requests=[], stop_decode_ids=[])","{""type"": ""adversary"", ""requests"": [], ""stop_decode_ids"": [], ""history_phase"": ""forced_step:single-child""}",train_root,,0.0,0,0.0,0.0
3004,200,21,21,controller,0,0.0,[],[],[],0.0,[],8,0.0,0.0,"ControllerAction(token_budget=1538, selected_request_ids=[0, 1, 2, 3], token_allocations={0: 1, 1: 512, 2: 1024, 3: 1}, prefill_allocations={1: 512, 2: 1024}, decode_allocations={0: 1, 3: 1}, heuristic='SJF', strategy='Fixed', mapping=None)","{""type"": ""controller"", ""token_budget"": 1538, ""selected_request_ids"": [0, 1, 2, 3], ""token_allocations"": {""0"": 1, ""1"": 512, ""2"": 1024, ""3"": 1}, ""prefill_allocations"": {""1"": 512, ""2"": 1024}, ""decode_allocations"": {""0"": 1, ""3"": 1}, ""heuristic"": ""SJF"", ""strategy"": ""Fixed"", ""history_phase"": ""multiple-child""}",train_root,,0.0,0,0.0,0.0
3004,200,22,22,adversary,0,0.0,[],[],[],0.0,[],0,0.0,0.0,"AdversaryAction(requests=[], stop_decode_ids=[])","{""type"": ""adversary"", ""requests"": [], ""stop_decode_ids"": [], ""history_phase"": ""forced_step:single-child""}",train_root,,0.0,0,0.0,0.0
3004,200,23,23,controller,0,0.0,[],[],[],0.0,[],12,0.0,0.0,"ControllerAction(token_budget=2051, selected_request_ids=[0, 1, 2, 3, 4], token_allocations={0: 1, 1: 1, 2: 1024, 3: 1, 4: 1024}, prefill_allocations={2: 1024, 4: 1024}, decode_allocations={0: 1, 1: 1, 3: 1}, heuristic='SJF', strategy='Fixed', mapping=None)","{""type"": ""controller"", ""token_budget"": 2051, ""selected_request_ids"": [0, 1, 2, 3, 4], ""token_allocations"": {""0"": 1, ""1"": 1, ""2"": 1024, ""3"": 1, ""4"": 1024}, ""prefill_allocations"": {""2"": 1024, ""4"": 1024}, ""decode_allocations"": {""0"": 1, ""1"": 1, ""3"": 1}, ""heuristic"": ""SJF"", ""strategy"": ""Fixed"", ""history_phase"": ""multiple-child""}",train_root,,0.0,0,0.0,0.0
3004,200,24,24,adversary,0,0.0,[],[],[],0.0,[],0,0.0,0.0,"AdversaryAction(requests=[], stop_decode_ids=[])","{""type"": ""adversary"", ""requests"": [], ""stop_decode_ids"": [], ""history_phase"": ""forced_step:single-child""}",train_root,,0.0,0,0.0,0.0
3004,200,25,25,controller,0,0.0,[],[],[],0.0,[],8,0.0,0.0,"ControllerAction(token_budget=1540, selected_request_ids=[0, 1, 2, 3, 4], token_allocations={0: 1, 1: 1, 2: 1, 3: 1, 4: 1536}, prefill_allocations={4: 1536}, decode_allocations={0: 1, 1: 1, 2: 1, 3: 1}, heuristic='SJF', strategy='Fixed', mapping=None)","{""type"": ""controller"", ""token_budget"": 1540, ""selected_request_ids"": [0, 1, 2, 3, 4], ""token_allocations"": {""0"": 1, ""1"": 1, ""2"": 1, ""3"": 1, ""4"": 1536}, ""prefill_allocations"": {""4"": 1536}, ""decode_allocations"": {""0"": 1, ""1"": 1, ""2"": 1, ""3"": 1}, ""heuristic"": ""SJF"", ""strategy"": ""Fixed"", ""history_phase"": ""multiple-child""}",train_root,,0.0,0,0.0,0.0
3004,200,26,26,adversary,0,0.0,[],[],[],0.0,[],0,0.0,0.0,"AdversaryAction(requests=[], stop_decode_ids=[])","{""type"": ""adversary"", ""requests"": [], ""stop_decode_ids"": [], ""history_phase"": ""forced_step:single-child""}",train_root,,0.0,0,0.0,0.0
3004,200,27,27,controller,0,0.0,[],[],[],0.0,[],1,0.0,0.0,"ControllerAction(token_budget=516, selected_request_ids=[0, 1, 2, 3, 4], token_allocations={0: 1, 1: 1, 2: 1, 3: 1, 4: 512}, prefill_allocations={4: 512}, decode_allocations={0: 1, 1: 1, 2: 1, 3: 1}, heuristic='EDF', strategy='Fixed', mapping=None)","{""type"": ""controller"", ""token_budget"": 516, ""selected_request_ids"": [0, 1, 2, 3, 4], ""token_allocations"": {""0"": 1, ""1"": 1, ""2"": 1, ""3"": 1, ""4"": 512}, ""prefill_allocations"": {""4"": 512}, ""decode_allocations"": {""0"": 1, ""1"": 1, ""2"": 1, ""3"": 1}, ""heuristic"": ""EDF"", ""strategy"": ""Fixed"", ""history_phase"": ""multiple-child""}",train_root,,0.0,0,0.0,0.0
3004,200,28,28,adversary,0,0.0,[],[],[],0.0,[],0,0.0,0.0,"AdversaryAction(requests=[], stop_decode_ids=[])","{""type"": ""adversary"", ""requests"": [], ""stop_decode_ids"": [], ""history_phase"": ""forced_step:single-child""}",train_root,,0.0,0,0.0,0.0
3004,200,29,29,controller,0,0.0,[],[],[],0.0,[],0,0.0,0.0,"ControllerAction(token_budget=5, selected_request_ids=[0, 1, 2, 3, 4], token_allocations={0: 1, 1: 1, 2: 1, 3: 1, 4: 1}, prefill_allocations={}, decode_allocations={0: 1, 1: 1, 2: 1, 3: 1, 4: 1}, heuristic='SJF', strategy='Fixed', mapping=None)","{""type"": ""controller"", ""token_budget"": 5, ""selected_request_ids"": [0, 1, 2, 3, 4], ""token_allocations"": {""0"": 1, ""1"": 1, ""2"": 1, ""3"": 1, ""4"": 1}, ""prefill_allocations"": {}, ""decode_allocations"": {""0"": 1, ""1"": 1, ""2"": 1, ""3"": 1, ""4"": 1}, ""heuristic"": ""SJF"", ""strategy"": ""Fixed"", ""history_phase"": ""forced_step:single-child""}",train_root,,0.0,0,0.0,0.0
3004,200,30,30,adversary,0,0.0,[],[],[],0.0,[],5,0.0,0.0,"AdversaryAction(requests=[AdversaryRequestSpec(prefill_tokens=3072, decode_tokens=5000, prefill_slo=0.3874467952163693, decode_slo=0.05), AdversaryRequestSpec(prefill_tokens=3072, decode_tokens=5000, prefill_slo=0.3874467952163693, decode_slo=0.05), AdversaryRequestSpec(prefill_tokens=3072, decode_tokens=5000, prefill_slo=0.3874467952163693, decode_slo=0.05), AdversaryRequestSpec(prefill_tokens=3072, decode_tokens=5000, prefill_slo=0.3874467952163693, decode_slo=0.05), AdversaryRequestSpec(prefill_tokens=3072, decode_tokens=5000, prefill_slo=0.3874467952163693, decode_slo=0.05), AdversaryRequestSpec(prefill_tokens=3072, decode_tokens=5000, prefill_slo=0.3874467952163693, decode_slo=0.05)], stop_decode_ids=[])","{""type"": ""adversary"", ""requests"": [{""prefill_tokens"": 3072, ""decode_tokens"": 5000, ""prefill_slo"": 0.3874467952163693, ""decode_slo"": 0.05}, {""prefill_tokens"": 3072, ""decode_tokens"": 5000, ""prefill_slo"": 0.3874467952163693, ""decode_slo"": 0.05}, {""prefill_tokens"": 3072, ""decode_tokens"": 5000, ""prefill_slo"": 0.3874467952163693, ""decode_slo"": 0.05}, {""prefill_tokens"": 3072, ""decode_tokens"": 5000, ""prefill_slo"": 0.3874467952163693, ""decode_slo"": 0.05}, {""prefill_tokens"": 3072, ""decode_tokens"": 5000, ""prefill_slo"": 0.3874467952163693, ""decode_slo"": 0.05}, {""prefill_tokens"": 3072, ""decode_tokens"": 5000, ""prefill_slo"": 0.3874467952163693, ""decode_slo"": 0.05}], ""stop_decode_ids"": [], ""history_phase"": ""multiple-child""}",train_root,,0.0,0,0.0,0.0
3004,200,31,31,controller,0,0.0,[],[],[],0.0,[],21,0.0,0.0,"ControllerAction(token_budget=3077, selected_request_ids=[0, 1, 2, 3, 4, 5], token_allocations={0: 1, 1: 1, 2: 1, 3: 1, 4: 1, 5: 3072}, prefill_allocations={5: 3072}, decode_allocations={0: 1, 1: 1, 2: 1, 3: 1, 4: 1}, heuristic='EDF', strategy='Fixed', mapping=None)","{""type"": ""controller"", ""token_budget"": 3077, ""selected_request_ids"": [0, 1, 2, 3, 4, 5], ""token_allocations"": {""0"": 1, ""1"": 1, ""2"": 1, ""3"": 1, ""4"": 1, ""5"": 3072}, ""prefill_allocations"": {""5"": 3072}, ""decode_allocations"": {""0"": 1, ""1"": 1, ""2"": 1, ""3"": 1, ""4"": 1}, ""heuristic"": ""EDF"", ""strategy"": ""Fixed"", ""history_phase"": ""multiple-child""}",train_root,,0.0,0,0.0,0.0
3004,200,32,32,adversary,0,0.0,[],[],[],0.0,[],0,0.0,0.0,"AdversaryAction(requests=[], stop_decode_ids=[])","{""type"": ""adversary"", ""requests"": [], ""stop_decode_ids"": [], ""history_phase"": ""forced_step:single-child""}",train_root,,0.0,0,0.0,0.0
3004,200,33,33,controller,0,0.0,[],[],[],0.0,[],18,0.0,0.0,"ControllerAction(token_budget=2566, selected_request_ids=[0, 1, 2, 3, 4, 5, 6], token_allocations={0: 1, 1: 1, 2: 1, 3: 1, 4: 1, 5: 1, 6: 2560}, prefill_allocations={6: 2560}, decode_allocations={0: 1, 1: 1, 2: 1, 3: 1, 4: 1, 5: 1}, heuristic='LST', strategy='Fixed', mapping=None)","{""type"": ""controller"", ""token_budget"": 2566, ""selected_request_ids"": [0, 1, 2, 3, 4, 5, 6], ""token_allocations"": {""0"": 1, ""1"": 1, ""2"": 1, ""3"": 1, ""4"": 1, ""5"": 1, ""6"": 2560}, ""prefill_allocations"": {""6"": 2560}, ""decode_allocations"": {""0"": 1, ""1"": 1, ""2"": 1, ""3"": 1, ""4"": 1, ""5"": 1}, ""heuristic"": ""LST"", ""strategy"": ""Fixed"", ""history_phase"": ""multiple-child""}",train_root,,0.0,0,0.0,0.0
3004,200,34,34,adversary,0,0.0,[],[],[],0.0,[],0,0.0,0.0,"AdversaryAction(requests=[], stop_decode_ids=[])","{""type"": ""adversary"", ""requests"": [], ""stop_decode_ids"": [], ""history_phase"": ""forced_step:single-child""}",train_root,,0.0,0,0.0,0.0
3004,200,35,35,controller,0,0.0,[],[],[],0.0,[],13,0.0,0.0,"ControllerAction(token_budget=2054, selected_request_ids=[0, 1, 2, 3, 4, 5, 6, 7], token_allocations={0: 1, 1: 1, 2: 1, 3: 1, 4: 1, 5: 1, 6: 512, 7: 1536}, prefill_allocations={6: 512, 7: 1536}, decode_allocations={0: 1, 1: 1, 2: 1, 3: 1, 4: 1, 5: 1}, heuristic='EDF', strategy='Fixed', mapping=None)","{""type"": ""controller"", ""token_budget"": 2054, ""selected_request_ids"": [0, 1, 2, 3, 4, 5, 6, 7], ""token_allocations"": {""0"": 1, ""1"": 1, ""2"": 1, ""3"": 1, ""4"": 1, ""5"": 1, ""6"": 512, ""7"": 1536}, ""prefill_allocations"": {""6"": 512, ""7"": 1536}, ""decode_allocations"": {""0"": 1, ""1"": 1, ""2"": 1, ""3"": 1, ""4"": 1, ""5"": 1}, ""heuristic"": ""EDF"", ""strategy"": ""Fixed"", ""history_phase"": ""multiple-child""}",train_root,,0.0,0,0.0,0.0
3004,200,36,36,adversary,0,0.0,[],[],[],0.0,[],0,0.0,0.0,"AdversaryAction(requests=[], stop_decode_ids=[])","{""type"": ""adversary"", ""requests"": [], ""stop_decode_ids"": [], ""history_phase"": ""forced_step:single-child""}",train_root,,0.0,0,0.0,0.0
3004,200,37,37,controller,0,0.0,[],[],[],0.0,[],1,0.0,0.0,"ControllerAction(token_budget=519, selected_request_ids=[0, 1, 2, 3, 4, 5, 6, 7], token_allocations={0: 1, 1: 1, 2: 1, 3: 1, 4: 1, 5: 1, 6: 1, 7: 512}, prefill_allocations={7: 512}, decode_allocations={0: 1, 1: 1, 2: 1, 3: 1, 4: 1, 5: 1, 6: 1}, heuristic='EDF', strategy='Fixed', mapping=None)","{""type"": ""controller"", ""token_budget"": 519, ""selected_request_ids"": [0, 1, 2, 3, 4, 5, 6, 7], ""token_allocations"": {""0"": 1, ""1"": 1, ""2"": 1, ""3"": 1, ""4"": 1, ""5"": 1, ""6"": 1, ""7"": 512}, ""prefill_allocations"": {""7"": 512}, ""decode_allocations"": {""0"": 1, ""1"": 1, ""2"": 1, ""3"": 1, ""4"": 1, ""5"": 1, ""6"": 1}, ""heuristic"": ""EDF"", ""strategy"": ""Fixed"", ""history_phase"": ""multiple-child""}",train_root,,0.0,0,0.0,0.0
3004,200,38,38,adversary,0,0.0,[],[],[],0.0,[],0,0.0,0.0,"AdversaryAction(requests=[], stop_decode_ids=[])","{""type"": ""adversary"", ""requests"": [], ""stop_decode_ids"": [], ""history_phase"": ""forced_step:single-child""}",train_root,,0.0,0,0.0,0.0
3004,200,39,39,controller,0,0.0,[],[],[],0.0,[],22,0.0,0.0,"ControllerAction(token_budget=3079, selected_request_ids=[0, 1, 2, 3, 4, 5, 6, 8], token_allocations={0: 1, 1: 1, 2: 1, 3: 1, 4: 1, 5: 1, 6: 1, 8: 3072}, prefill_allocations={8: 3072}, decode_allocations={0: 1, 1: 1, 2: 1, 3: 1, 4: 1, 5: 1, 6: 1}, heuristic='LST', strategy='Fixed', mapping=None)","{""type"": ""controller"", ""token_budget"": 3079, ""selected_request_ids"": [0, 1, 2, 3, 4, 5, 6, 8], ""token_allocations"": {""0"": 1, ""1"": 1, ""2"": 1, ""3"": 1, ""4"": 1, ""5"": 1, ""6"": 1, ""8"": 3072}, ""prefill_allocations"": {""8"": 3072}, ""decode_allocations"": {""0"": 1, ""1"": 1, ""2"": 1, ""3"": 1, ""4"": 1, ""5"": 1, ""6"": 1}, ""heuristic"": ""LST"", ""strategy"": ""Fixed"", ""history_phase"": ""multiple-child""}",train_root,,0.0,0,0.0,0.0
3004,200,40,40,adversary,0,0.0,[],[],[],0.0,[],0,0.0,0.0,"AdversaryAction(requests=[], stop_decode_ids=[])","{""type"": ""adversary"", ""requests"": [], ""stop_decode_ids"": [], ""history_phase"": ""forced_step:single-child""}",train_root,,0.0,0,0.0,0.0
3004,200,41,41,controller,0,0.0,[],[],[],0.0,[],22,0.0,0.0,"ControllerAction(token_budget=3080, selected_request_ids=[0, 1, 2, 3, 4, 5, 6, 8, 9], token_allocations={0: 1, 1: 1, 2: 1, 3: 1, 4: 1, 5: 1, 6: 1, 8: 1, 9: 3072}, prefill_allocations={9: 3072}, decode_allocations={0: 1, 1: 1, 2: 1, 3: 1, 4: 1, 5: 1, 6: 1, 8: 1}, heuristic='LST', strategy='Fixed', mapping=None)","{""type"": ""controller"", ""token_budget"": 3080, ""selected_request_ids"": [0, 1, 2, 3, 4, 5, 6, 8, 9], ""token_allocations"": {""0"": 1, ""1"": 1, ""2"": 1, ""3"": 1, ""4"": 1, ""5"": 1, ""6"": 1, ""8"": 1, ""9"": 3072}, ""prefill_allocations"": {""9"": 3072}, ""decode_allocations"": {""0"": 1, ""1"": 1, ""2"": 1, ""3"": 1, ""4"": 1, ""5"": 1, ""6"": 1, ""8"": 1}, ""heuristic"": ""LST"", ""strategy"": ""Fixed"", ""history_phase"": ""multiple-child""}",train_root,,0.0,0,0.0,0.0
3004,200,42,42,adversary,0,0.0,[],[],[],0.0,[],0,0.0,0.0,"AdversaryAction(requests=[], stop_decode_ids=[])","{""type"": ""adversary"", ""requests"": [], ""stop_decode_ids"": [], ""history_phase"": ""forced_step:single-child""}",train_root,,0.0,0,0.0,0.0
3004,200,43,43,controller,0,0.0,[],[],[],0.0,[],11,0.0,0.0,"ControllerAction(token_budget=1545, selected_request_ids=[0, 1, 2, 3, 4, 5, 6, 8, 9, 10], token_allocations={0: 1, 1: 1, 2: 1, 3: 1, 4: 1, 5: 1, 6: 1, 8: 1, 9: 1, 10: 1536}, prefill_allocations={10: 1536}, decode_allocations={0: 1, 1: 1, 2: 1, 3: 1, 4: 1, 5: 1, 6: 1, 8: 1, 9: 1}, heuristic='LJF', strategy='Fixed', mapping=None)","{""type"": ""controller"", ""token_budget"": 1545, ""selected_request_ids"": [0, 1, 2, 3, 4, 5, 6, 8, 9, 10], ""token_allocations"": {""0"": 1, ""1"": 1, ""2"": 1, ""3"": 1, ""4"": 1, ""5"": 1, ""6"": 1, ""8"": 1, ""9"": 1, ""10"": 1536}, ""prefill_allocations"": {""10"": 1536}, ""decode_allocations"": {""0"": 1, ""1"": 1, ""2"": 1, ""3"": 1, ""4"": 1, ""5"": 1, ""6"": 1, ""8"": 1, ""9"": 1}, ""heuristic"": ""LJF"", ""strategy"": ""Fixed"", ""history_phase"": ""multiple-child""}",train_root,,0.0,0,0.0,0.0
3004,200,44,44,adversary,0,0.0,[],[],[],0.0,[],0,0.0,0.0,"AdversaryAction(requests=[], stop_decode_ids=[])","{""type"": ""adversary"", ""requests"": [], ""stop_decode_ids"": [], ""history_phase"": ""forced_step:single-child""}",train_root,,0.0,0,0.0,0.0
3004,200,45,45,controller,0,0.0,[],[],[],0.0,[],2,0.0,0.0,"ControllerAction(token_budget=521, selected_request_ids=[0, 1, 2, 3, 4, 5, 6, 8, 9, 10], token_allocations={0: 1, 1: 1, 2: 1, 3: 1, 4: 1, 5: 1, 6: 1, 8: 1, 9: 1, 10: 512}, prefill_allocations={10: 512}, decode_allocations={0: 1, 1: 1, 2: 1, 3: 1, 4: 1, 5: 1, 6: 1, 8: 1, 9: 1}, heuristic='LST', strategy='Fixed', mapping=None)","{""type"": ""controller"", ""token_budget"": 521, ""selected_request_ids"": [0, 1, 2, 3, 4, 5, 6, 8, 9, 10], ""token_allocations"": {""0"": 1, ""1"": 1, ""2"": 1, ""3"": 1, ""4"": 1, ""5"": 1, ""6"": 1, ""8"": 1, ""9"": 1, ""10"": 512}, ""prefill_allocations"": {""10"": 512}, ""decode_allocations"": {""0"": 1, ""1"": 1, ""2"": 1, ""3"": 1, ""4"": 1, ""5"": 1, ""6"": 1, ""8"": 1, ""9"": 1}, ""heuristic"": ""LST"", ""strategy"": ""Fixed"", ""history_phase"": ""multiple-child""}",train_root,,0.0,0,0.0,0.0
3004,200,46,46,adversary,0,0.0,[],[],[],0.0,[],0,0.0,0.0,"AdversaryAction(requests=[], stop_decode_ids=[])","{""type"": ""adversary"", ""requests"": [], ""stop_decode_ids"": [], ""history_phase"": ""forced_step:single-child""}",train_root,,0.0,0,0.0,0.0
3004,200,47,47,controller,0,0.0,[],[],[],0.0,[],5,0.0,0.0,"ControllerAction(token_budget=1033, selected_request_ids=[0, 1, 2, 3, 4, 5, 6, 7, 8, 9], token_allocations={0: 1, 1: 1, 2: 1, 3: 1, 4: 1, 5: 1, 6: 1, 7: 1024, 8: 1, 9: 1}, prefill_allocations={7: 1024}, decode_allocations={0: 1, 1: 1, 2: 1, 3: 1, 4: 1, 5: 1, 6: 1, 8: 1, 9: 1}, heuristic='EDF', strategy='Fixed', mapping=None)","{""type"": ""controller"", ""token_budget"": 1033, ""selected_request_ids"": [0, 1, 2, 3, 4, 5, 6, 7, 8, 9], ""token_allocations"": {""0"": 1, ""1"": 1, ""2"": 1, ""3"": 1, ""4"": 1, ""5"": 1, ""6"": 1, ""7"": 1024, ""8"": 1, ""9"": 1}, ""prefill_allocations"": {""7"": 1024}, ""decode_allocations"": {""0"": 1, ""1"": 1, ""2"": 1, ""3"": 1, ""4"": 1, ""5"": 1, ""6"": 1, ""8"": 1, ""9"": 1}, ""heuristic"": ""EDF"", ""strategy"": ""Fixed"", ""history_phase"": ""multiple-child""}",train_root,,0.0,0,0.0,0.0
3004,200,48,48,adversary,0,0.0,[],[],[],0.0,[],0,0.0,0.0,"AdversaryAction(requests=[], stop_decode_ids=[])","{""type"": ""adversary"", ""requests"": [], ""stop_decode_ids"": [], ""history_phase"": ""forced_step:single-child""}",train_root,,0.0,0,0.0,0.0
3004,200,49,49,controller,0,0.0,[],[],[],0.0,[],2,0.0,0.0,"ControllerAction(token_budget=522, selected_request_ids=[0, 1, 2, 3, 4, 5, 6, 7, 8, 9, 10], token_allocations={0: 1, 1: 1, 2: 1, 3: 1, 4: 1, 5: 1, 6: 1, 7: 1, 8: 1, 9: 1, 10: 512}, prefill_allocations={10: 512}, decode_allocations={0: 1, 1: 1, 2: 1, 3: 1, 4: 1, 5: 1, 6: 1, 7: 1, 8: 1, 9: 1}, heuristic='LST', strategy='Fixed', mapping=None)","{""type"": ""controller"", ""token_budget"": 522, ""selected_request_ids"": [0, 1, 2, 3, 4, 5, 6, 7, 8, 9, 10], ""token_allocations"": {""0"": 1, ""1"": 1, ""2"": 1, ""3"": 1, ""4"": 1, ""5"": 1, ""6"": 1, ""7"": 1, ""8"": 1, ""9"": 1, ""10"": 512}, ""prefill_allocations"": {""10"": 512}, ""decode_allocations"": {""0"": 1, ""1"": 1, ""2"": 1, ""3"": 1, ""4"": 1, ""5"": 1, ""6"": 1, ""7"": 1, ""8"": 1, ""9"": 1}, ""heuristic"": ""LST"", ""strategy"": ""Fixed"", ""history_phase"": ""multiple-child""}",train_root,,0.0,0,0.0,0.0
3004,200,50,50,adversary,0,0.0,[],[],[],0.0,[],0,0.0,0.0,"AdversaryAction(requests=[], stop_decode_ids=[])","{""type"": ""adversary"", ""requests"": [], ""stop_decode_ids"": [], ""history_phase"": ""forced_step:single-child""}",train_root,,0.0,0,0.0,0.0
3004,200,51,51,controller,0,0.0,[],[],[],0.0,[],0,0.0,0.0,"ControllerAction(token_budget=522, selected_request_ids=[0, 1, 2, 3, 4, 5, 6, 7, 8, 9, 10], token_allocations={0: 1, 1: 1, 2: 1, 3: 1, 4: 1, 5: 1, 6: 1, 7: 1, 8: 1, 9: 1, 10: 512}, prefill_allocations={10: 512}, decode_allocations={0: 1, 1: 1, 2: 1, 3: 1, 4: 1, 5: 1, 6: 1, 7: 1, 8: 1, 9: 1}, heuristic='SJF', strategy='Fixed', mapping=None)","{""type"": ""controller"", ""token_budget"": 522, ""selected_request_ids"": [0, 1, 2, 3, 4, 5, 6, 7, 8, 9, 10], ""token_allocations"": {""0"": 1, ""1"": 1, ""2"": 1, ""3"": 1, ""4"": 1, ""5"": 1, ""6"": 1, ""7"": 1, ""8"": 1, ""9"": 1, ""10"": 512}, ""prefill_allocations"": {""10"": 512}, ""decode_allocations"": {""0"": 1, ""1"": 1, ""2"": 1, ""3"": 1, ""4"": 1, ""5"": 1, ""6"": 1, ""7"": 1, ""8"": 1, ""9"": 1}, ""heuristic"": ""SJF"", ""strategy"": ""Fixed"", ""history_phase"": ""multiple-child""}",train_root,,0.0,0,0.0,0.0
3004,200,52,52,adversary,0,0.0,[],[],[],0.0,[],0,0.0,0.0,"AdversaryAction(requests=[], stop_decode_ids=[])","{""type"": ""adversary"", ""requests"": [], ""stop_decode_ids"": [], ""history_phase"": ""forced_step:single-child""}",train_root,,0.0,0,0.0,0.0
3004,200,53,53,controller,0,0.0,[],[],[],0.0,[],0,0.0,0.0,"ControllerAction(token_budget=11, selected_request_ids=[0, 1, 2, 3, 4, 5, 6, 7, 8, 9, 10], token_allocations={0: 1, 1: 1, 2: 1, 3: 1, 4: 1, 5: 1, 6: 1, 7: 1, 8: 1, 9: 1, 10: 1}, prefill_allocations={}, decode_allocations={0: 1, 1: 1, 2: 1, 3: 1, 4: 1, 5: 1, 6: 1, 7: 1, 8: 1, 9: 1, 10: 1}, heuristic='SJF', strategy='Fixed', mapping=None)","{""type"": ""controller"", ""token_budget"": 11, ""selected_request_ids"": [0, 1, 2, 3, 4, 5, 6, 7, 8, 9, 10], ""token_allocations"": {""0"": 1, ""1"": 1, ""2"": 1, ""3"": 1, ""4"": 1, ""5"": 1, ""6"": 1, ""7"": 1, ""8"": 1, ""9"": 1, ""10"": 1}, ""prefill_allocations"": {}, ""decode_allocations"": {""0"": 1, ""1"": 1, ""2"": 1, ""3"": 1, ""4"": 1, ""5"": 1, ""6"": 1, ""7"": 1, ""8"": 1, ""9"": 1, ""10"": 1}, ""heuristic"": ""SJF"", ""strategy"": ""Fixed"", ""history_phase"": ""forced_step:single-child""}",train_root,,0.0,0,0.0,0.0
3004,200,54,54,adversary,0,0.0,[],[],[],0.0,[],1,0.0,0.0,"AdversaryAction(requests=[AdversaryRequestSpec(prefill_tokens=3072, decode_tokens=5000, prefill_slo=0.3874467952163693, decode_slo=0.05), AdversaryRequestSpec(prefill_tokens=3072, decode_tokens=5000, prefill_slo=0.3874467952163693, decode_slo=0.05)], stop_decode_ids=[])","{""type"": ""adversary"", ""requests"": [{""prefill_tokens"": 3072, ""decode_tokens"": 5000, ""prefill_slo"": 0.3874467952163693, ""decode_slo"": 0.05}, {""prefill_tokens"": 3072, ""decode_tokens"": 5000, ""prefill_slo"": 0.3874467952163693, ""decode_slo"": 0.05}], ""stop_decode_ids"": [], ""history_phase"": ""multiple-child""}",train_root,,0.0,0,0.0,0.0
3004,200,55,55,controller,0,0.0,[],[],[],0.0,[],6,0.0,0.0,"ControllerAction(token_budget=1035, selected_request_ids=[0, 1, 2, 3, 4, 5, 6, 7, 8, 9, 10, 11], token_allocations={0: 1, 1: 1, 2: 1, 3: 1, 4: 1, 5: 1, 6: 1, 7: 1, 8: 1, 9: 1, 10: 1, 11: 1024}, prefill_allocations={11: 1024}, decode_allocations={0: 1, 1: 1, 2: 1, 3: 1, 4: 1, 5: 1, 6: 1, 7: 1, 8: 1, 9: 1, 10: 1}, heuristic='LST', strategy='Fixed', mapping=None)","{""type"": ""controller"", ""token_budget"": 1035, ""selected_request_ids"": [0, 1, 2, 3, 4, 5, 6, 7, 8, 9, 10, 11], ""token_allocations"": {""0"": 1, ""1"": 1, ""2"": 1, ""3"": 1, ""4"": 1, ""5"": 1, ""6"": 1, ""7"": 1, ""8"": 1, ""9"": 1, ""10"": 1, ""11"": 1024}, ""prefill_allocations"": {""11"": 1024}, ""decode_allocations"": {""0"": 1, ""1"": 1, ""2"": 1, ""3"": 1, ""4"": 1, ""5"": 1, ""6"": 1, ""7"": 1, ""8"": 1, ""9"": 1, ""10"": 1}, ""heuristic"": ""LST"", ""strategy"": ""Fixed"", ""history_phase"": ""multiple-child""}",train_root,,0.0,0,0.0,0.0
3004,200,56,56,adversary,0,0.0,[],[],[],0.0,[],0,0.0,0.0,"AdversaryAction(requests=[], stop_decode_ids=[])","{""type"": ""adversary"", ""requests"": [], ""stop_decode_ids"": [], ""history_phase"": ""forced_step:single-child""}",train_root,,0.0,0,0.0,0.0
3004,200,57,57,controller,0,0.0,[],[],[],0.0,[],22,0.0,0.0,"ControllerAction(token_budget=3083, selected_request_ids=[0, 1, 2, 3, 4, 5, 6, 7, 8, 9, 10, 12], token_allocations={0: 1, 1: 1, 2: 1, 3: 1, 4: 1, 5: 1, 6: 1, 7: 1, 8: 1, 9: 1, 10: 1, 12: 3072}, prefill_allocations={12: 3072}, decode_allocations={0: 1, 1: 1, 2: 1, 3: 1, 4: 1, 5: 1, 6: 1, 7: 1, 8: 1, 9: 1, 10: 1}, heuristic='LST', strategy='Fixed', mapping=None)","{""type"": ""controller"", ""token_budget"": 3083, ""selected_request_ids"": [0, 1, 2, 3, 4, 5, 6, 7, 8, 9, 10, 12], ""token_allocations"": {""0"": 1, ""1"": 1, ""2"": 1, ""3"": 1, ""4"": 1, ""5"": 1, ""6"": 1, ""7"": 1, ""8"": 1, ""9"": 1, ""10"": 1, ""12"": 3072}, ""prefill_allocations"": {""12"": 3072}, ""decode_allocations"": {""0"": 1, ""1"": 1, ""2"": 1, ""3"": 1, ""4"": 1, ""5"": 1, ""6"": 1, ""7"": 1, ""8"": 1, ""9"": 1, ""10"": 1}, ""heuristic"": ""LST"", ""strategy"": ""Fixed"", ""history_phase"": ""multiple-child""}",train_root,,0.0,0,0.0,0.0
3004,200,58,58,adversary,0,0.0,[],[],[],0.0,[],0,0.0,0.0,"AdversaryAction(requests=[], stop_decode_ids=[])","{""type"": ""adversary"", ""requests"": [], ""stop_decode_ids"": [], ""history_phase"": ""forced_step:single-child""}",train_root,,0.0,0,0.0,0.0
3004,200,59,59,controller,0,0.0,[],[],[],0.0,[],5,0.0,0.0,"ControllerAction(token_budget=1036, selected_request_ids=[0, 1, 2, 3, 4, 5, 6, 7, 8, 9, 10, 11, 12], token_allocations={0: 1, 1: 1, 2: 1, 3: 1, 4: 1, 5: 1, 6: 1, 7: 1, 8: 1, 9: 1, 10: 1, 11: 1024, 12: 1}, prefill_allocations={11: 1024}, decode_allocations={0: 1, 1: 1, 2: 1, 3: 1, 4: 1, 5: 1, 6: 1, 7: 1, 8: 1, 9: 1, 10: 1, 12: 1}, heuristic='EDF', strategy='Fixed', mapping=None)","{""type"": ""controller"", ""token_budget"": 1036, ""selected_request_ids"": [0, 1, 2, 3, 4, 5, 6, 7, 8, 9, 10, 11, 12], ""token_allocations"": {""0"": 1, ""1"": 1, ""2"": 1, ""3"": 1, ""4"": 1, ""5"": 1, ""6"": 1, ""7"": 1, ""8"": 1, ""9"": 1, ""10"": 1, ""11"": 1024, ""12"": 1}, ""prefill_allocations"": {""11"": 1024}, ""decode_allocations"": {""0"": 1, ""1"": 1, ""2"": 1, ""3"": 1, ""4"": 1, ""5"": 1, ""6"": 1, ""7"": 1, ""8"": 1, ""9"": 1, ""10"": 1, ""12"": 1}, ""heuristic"": ""EDF"", ""strategy"": ""Fixed"", ""history_phase"": ""multiple-child""}",train_root,,0.0,0,0.0,0.0
3004,200,60,60,adversary,0,0.0,[],[],[],0.0,[],0,0.0,0.0,"AdversaryAction(requests=[], stop_decode_ids=[])","{""type"": ""adversary"", ""requests"": [], ""stop_decode_ids"": [], ""history_phase"": ""forced_step:single-child""}",train_root,,0.0,0,0.0,0.0
3004,200,61,61,controller,0,0.0,[],[],[],0.0,[],1,0.0,0.0,"ControllerAction(token_budget=524, selected_request_ids=[0, 1, 2, 3, 4, 5, 6, 7, 8, 9, 10, 11, 12], token_allocations={0: 1, 1: 1, 2: 1, 3: 1, 4: 1, 5: 1, 6: 1, 7: 1, 8: 1, 9: 1, 10: 1, 11: 512, 12: 1}, prefill_allocations={11: 512}, decode_allocations={0: 1, 1: 1, 2: 1, 3: 1, 4: 1, 5: 1, 6: 1, 7: 1, 8: 1, 9: 1, 10: 1, 12: 1}, heuristic='EDF', strategy='Fixed', mapping=None)","{""type"": ""controller"", ""token_budget"": 524, ""selected_request_ids"": [0, 1, 2, 3, 4, 5, 6, 7, 8, 9, 10, 11, 12], ""token_allocations"": {""0"": 1, ""1"": 1, ""2"": 1, ""3"": 1, ""4"": 1, ""5"": 1, ""6"": 1, ""7"": 1, ""8"": 1, ""9"": 1, ""10"": 1, ""11"": 512, ""12"": 1}, ""prefill_allocations"": {""11"": 512}, ""decode_allocations"": {""0"": 1, ""1"": 1, ""2"": 1, ""3"": 1, ""4"": 1, ""5"": 1, ""6"": 1, ""7"": 1, ""8"": 1, ""9"": 1, ""10"": 1, ""12"": 1}, ""heuristic"": ""EDF"", ""strategy"": ""Fixed"", ""history_phase"": ""multiple-child""}",train_root,,0.0,0,0.0,0.0
3004,200,62,62,adversary,0,0.0,[],[],[],0.0,[],0,0.0,0.0,"AdversaryAction(requests=[], stop_decode_ids=[])","{""type"": ""adversary"", ""requests"": [], ""stop_decode_ids"": [], ""history_phase"": ""forced_step:single-child""}",train_root,,0.0,0,0.0,0.0
3004,200,63,63,controller,0,0.0,[],[],[],0.0,[],0,0.0,0.0,"ControllerAction(token_budget=524, selected_request_ids=[0, 1, 2, 3, 4, 5, 6, 7, 8, 9, 10, 11, 12], token_allocations={0: 1, 1: 1, 2: 1, 3: 1, 4: 1, 5: 1, 6: 1, 7: 1, 8: 1, 9: 1, 10: 1, 11: 512, 12: 1}, prefill_allocations={11: 512}, decode_allocations={0: 1, 1: 1, 2: 1, 3: 1, 4: 1, 5: 1, 6: 1, 7: 1, 8: 1, 9: 1, 10: 1, 12: 1}, heuristic='SJF', strategy='Fixed', mapping=None)","{""type"": ""controller"", ""token_budget"": 524, ""selected_request_ids"": [0, 1, 2, 3, 4, 5, 6, 7, 8, 9, 10, 11, 12], ""token_allocations"": {""0"": 1, ""1"": 1, ""2"": 1, ""3"": 1, ""4"": 1, ""5"": 1, ""6"": 1, ""7"": 1, ""8"": 1, ""9"": 1, ""10"": 1, ""11"": 512, ""12"": 1}, ""prefill_allocations"": {""11"": 512}, ""decode_allocations"": {""0"": 1, ""1"": 1, ""2"": 1, ""3"": 1, ""4"": 1, ""5"": 1, ""6"": 1, ""7"": 1, ""8"": 1, ""9"": 1, ""10"": 1, ""12"": 1}, ""heuristic"": ""SJF"", ""strategy"": ""Fixed"", ""history_phase"": ""multiple-child""}",train_root,,0.0,0,0.0,0.0
3004,200,64,64,adversary,0,0.0,[],[],[],0.0,[],0,0.0,0.0,"AdversaryAction(requests=[], stop_decode_ids=[])","{""type"": ""adversary"", ""requests"": [], ""stop_decode_ids"": [], ""history_phase"": ""forced_step:single-child""}",train_root,,0.0,0,0.0,0.0
3004,200,65,65,controller,0,0.0,[],[],[],0.0,[],0,0.0,0.0,"ControllerAction(token_budget=13, selected_request_ids=[0, 1, 2, 3, 4, 5, 6, 7, 8, 9, 10, 11, 12], token_allocations={0: 1, 1: 1, 2: 1, 3: 1, 4: 1, 5: 1, 6: 1, 7: 1, 8: 1, 9: 1, 10: 1, 11: 1, 12: 1}, prefill_allocations={}, decode_allocations={0: 1, 1: 1, 2: 1, 3: 1, 4: 1, 5: 1, 6: 1, 7: 1, 8: 1, 9: 1, 10: 1, 11: 1, 12: 1}, heuristic='SJF', strategy='Fixed', mapping=None)","{""type"": ""controller"", ""token_budget"": 13, ""selected_request_ids"": [0, 1, 2, 3, 4, 5, 6, 7, 8, 9, 10, 11, 12], ""token_allocations"": {""0"": 1, ""1"": 1, ""2"": 1, ""3"": 1, ""4"": 1, ""5"": 1, ""6"": 1, ""7"": 1, ""8"": 1, ""9"": 1, ""10"": 1, ""11"": 1, ""12"": 1}, ""prefill_allocations"": {}, ""decode_allocations"": {""0"": 1, ""1"": 1, ""2"": 1, ""3"": 1, ""4"": 1, ""5"": 1, ""6"": 1, ""7"": 1, ""8"": 1, ""9"": 1, ""10"": 1, ""11"": 1, ""12"": 1}, ""heuristic"": ""SJF"", ""strategy"": ""Fixed"", ""history_phase"": ""forced_step:single-child""}",train_root,,0.0,0,0.0,0.0
3004,200,66,66,adversary,0,0.0,[],[],[],0.0,[],3,0.0,0.0,"AdversaryAction(requests=[AdversaryRequestSpec(prefill_tokens=3072, decode_tokens=5000, prefill_slo=0.3874467952163693, decode_slo=0.05), AdversaryRequestSpec(prefill_tokens=3072, decode_tokens=5000, prefill_slo=0.3874467952163693, decode_slo=0.05), AdversaryRequestSpec(prefill_tokens=3072, decode_tokens=5000, prefill_slo=0.3874467952163693, decode_slo=0.05), AdversaryRequestSpec(prefill_tokens=3072, decode_tokens=5000, prefill_slo=0.3874467952163693, decode_slo=0.05)], stop_decode_ids=[])","{""type"": ""adversary"", ""requests"": [{""prefill_tokens"": 3072, ""decode_tokens"": 5000, ""prefill_slo"": 0.3874467952163693, ""decode_slo"": 0.05}, {""prefill_tokens"": 3072, ""decode_tokens"": 5000, ""prefill_slo"": 0.3874467952163693, ""decode_slo"": 0.05}, {""prefill_tokens"": 3072, ""decode_tokens"": 5000, ""prefill_slo"": 0.3874467952163693, ""decode_slo"": 0.05}, {""prefill_tokens"": 3072, ""decode_tokens"": 5000, ""prefill_slo"": 0.3874467952163693, ""decode_slo"": 0.05}], ""stop_decode_ids"": [], ""history_phase"": ""multiple-child""}",train_root,,0.0,0,0.0,0.0
3004,200,67,67,controller,0,0.0,[],[],[],0.0,[],18,0.0,0.0,"ControllerAction(token_budget=2573, selected_request_ids=[0, 1, 2, 3, 4, 5, 6, 7, 8, 9, 10, 11, 12, 13], token_allocations={0: 1, 1: 1, 2: 1, 3: 1, 4: 1, 5: 1, 6: 1, 7: 1, 8: 1, 9: 1, 10: 1, 11: 1, 12: 1, 13: 2560}, prefill_allocations={13: 2560}, decode_allocations={0: 1, 1: 1, 2: 1, 3: 1, 4: 1, 5: 1, 6: 1, 7: 1, 8: 1, 9: 1, 10: 1, 11: 1, 12: 1}, heuristic='LST', strategy='Fixed', mapping=None)","{""type"": ""controller"", ""token_budget"": 2573, ""selected_request_ids"": [0, 1, 2, 3, 4, 5, 6, 7, 8, 9, 10, 11, 12, 13], ""token_allocations"": {""0"": 1, ""1"": 1, ""2"": 1, ""3"": 1, ""4"": 1, ""5"": 1, ""6"": 1, ""7"": 1, ""8"": 1, ""9"": 1, ""10"": 1, ""11"": 1, ""12"": 1, ""13"": 2560}, ""prefill_allocations"": {""13"": 2560}, ""decode_allocations"": {""0"": 1, ""1"": 1, ""2"": 1, ""3"": 1, ""4"": 1, ""5"": 1, ""6"": 1, ""7"": 1, ""8"": 1, ""9"": 1, ""10"": 1, ""11"": 1, ""12"": 1}, ""heuristic"": ""LST"", ""strategy"": ""Fixed"", ""history_phase"": ""multiple-child""}",train_root,,0.0,0,0.0,0.0
3004,200,68,68,adversary,0,0.0,[],[],[],0.0,[],0,0.0,0.0,"AdversaryAction(requests=[], stop_decode_ids=[])","{""type"": ""adversary"", ""requests"": [], ""stop_decode_ids"": [], ""history_phase"": ""forced_step:single-child""}",train_root,,0.0,0,0.0,0.0
3004,200,69,69,controller,0,0.0,[],[],[],0.0,[],22,0.0,0.0,"ControllerAction(token_budget=3085, selected_request_ids=[0, 1, 2, 3, 4, 5, 6, 7, 8, 9, 10, 11, 12, 14], token_allocations={0: 1, 1: 1, 2: 1, 3: 1, 4: 1, 5: 1, 6: 1, 7: 1, 8: 1, 9: 1, 10: 1, 11: 1, 12: 1, 14: 3072}, prefill_allocations={14: 3072}, decode_allocations={0: 1, 1: 1, 2: 1, 3: 1, 4: 1, 5: 1, 6: 1, 7: 1, 8: 1, 9: 1, 10: 1, 11: 1, 12: 1}, heuristic='LST', strategy='Fixed', mapping=None)","{""type"": ""controller"", ""token_budget"": 3085, ""selected_request_ids"": [0, 1, 2, 3, 4, 5, 6, 7, 8, 9, 10, 11, 12, 14], ""token_allocations"": {""0"": 1, ""1"": 1, ""2"": 1, ""3"": 1, ""4"": 1, ""5"": 1, ""6"": 1, ""7"": 1, ""8"": 1, ""9"": 1, ""10"": 1, ""11"": 1, ""12"": 1, ""14"": 3072}, ""prefill_allocations"": {""14"": 3072}, ""decode_allocations"": {""0"": 1, ""1"": 1, ""2"": 1, ""3"": 1, ""4"": 1, ""5"": 1, ""6"": 1, ""7"": 1, ""8"": 1, ""9"": 1, ""10"": 1, ""11"": 1, ""12"": 1}, ""heuristic"": ""LST"", ""strategy"": ""Fixed"", ""history_phase"": ""multiple-child""}",train_root,,0.0,0,0.0,0.0
3004,200,70,70,adversary,0,0.0,[],[],[],0.0,[],0,0.0,0.0,"AdversaryAction(requests=[], stop_decode_ids=[])","{""type"": ""adversary"", ""requests"": [], ""stop_decode_ids"": [], ""history_phase"": ""forced_step:single-child""}",train_root,,0.0,0,0.0,0.0
3004,200,71,71,controller,0,0.0,[],[],[],0.0,[],22,0.0,0.0,"ControllerAction(token_budget=3086, selected_request_ids=[0, 1, 2, 3, 4, 5, 6, 7, 8, 9, 10, 11, 12, 14, 15], token_allocations={0: 1, 1: 1, 2: 1, 3: 1, 4: 1, 5: 1, 6: 1, 7: 1, 8: 1, 9: 1, 10: 1, 11: 1, 12: 1, 14: 1, 15: 3072}, prefill_allocations={15: 3072}, decode_allocations={0: 1, 1: 1, 2: 1, 3: 1, 4: 1, 5: 1, 6: 1, 7: 1, 8: 1, 9: 1, 10: 1, 11: 1, 12: 1, 14: 1}, heuristic='LST', strategy='Fixed', mapping=None)","{""type"": ""controller"", ""token_budget"": 3086, ""selected_request_ids"": [0, 1, 2, 3, 4, 5, 6, 7, 8, 9, 10, 11, 12, 14, 15], ""token_allocations"": {""0"": 1, ""1"": 1, ""2"": 1, ""3"": 1, ""4"": 1, ""5"": 1, ""6"": 1, ""7"": 1, ""8"": 1, ""9"": 1, ""10"": 1, ""11"": 1, ""12"": 1, ""14"": 1, ""15"": 3072}, ""prefill_allocations"": {""15"": 3072}, ""decode_allocations"": {""0"": 1, ""1"": 1, ""2"": 1, ""3"": 1, ""4"": 1, ""5"": 1, ""6"": 1, ""7"": 1, ""8"": 1, ""9"": 1, ""10"": 1, ""11"": 1, ""12"": 1, ""14"": 1}, ""heuristic"": ""LST"", ""strategy"": ""Fixed"", ""history_phase"": ""multiple-child""}",train_root,,0.0,0,0.0,0.0
3004,200,72,72,adversary,0,0.0,[],[],[],0.0,[],0,0.0,0.0,"AdversaryAction(requests=[], stop_decode_ids=[])","{""type"": ""adversary"", ""requests"": [], ""stop_decode_ids"": [], ""history_phase"": ""forced_step:single-child""}",train_root,,0.0,0,0.0,0.0
3004,200,73,73,controller,0,0.0,[],[],[],0.0,[],5,0.0,0.0,"ControllerAction(token_budget=1039, selected_request_ids=[0, 1, 2, 3, 4, 5, 6, 7, 8, 9, 10, 11, 12, 13, 14, 15, 16], token_allocations={0: 1, 1: 1, 2: 1, 3: 1, 4: 1, 5: 1, 6: 1, 7: 1, 8: 1, 9: 1, 10: 1, 11: 1, 12: 1, 13: 512, 14: 1, 15: 1, 16: 512}, prefill_allocations={13: 512, 16: 512}, decode_allocations={0: 1, 1: 1, 2: 1, 3: 1, 4: 1, 5: 1, 6: 1, 7: 1, 8: 1, 9: 1, 10: 1, 11: 1, 12: 1, 14: 1, 15: 1}, heuristic='EDF', strategy='Fixed', mapping=None)","{""type"": ""controller"", ""token_budget"": 1039, ""selected_request_ids"": [0, 1, 2, 3, 4, 5, 6, 7, 8, 9, 10, 11, 12, 13, 14, 15, 16], ""token_allocations"": {""0"": 1, ""1"": 1, ""2"": 1, ""3"": 1, ""4"": 1, ""5"": 1, ""6"": 1, ""7"": 1, ""8"": 1, ""9"": 1, ""10"": 1, ""11"": 1, ""12"": 1, ""13"": 512, ""14"": 1, ""15"": 1, ""16"": 512}, ""prefill_allocations"": {""13"": 512, ""16"": 512}, ""decode_allocations"": {""0"": 1, ""1"": 1, ""2"": 1, ""3"": 1, ""4"": 1, ""5"": 1, ""6"": 1, ""7"": 1, ""8"": 1, ""9"": 1, ""10"": 1, ""11"": 1, ""12"": 1, ""14"": 1, ""15"": 1}, ""heuristic"": ""EDF"", ""strategy"": ""Fixed"", ""history_phase"": ""multiple-child""}",train_root,,0.0,0,0.0,0.0
3004,200,74,74,adversary,0,0.0,[],[],[],0.0,[],0,0.0,0.0,"AdversaryAction(requests=[], stop_decode_ids=[])","{""type"": ""adversary"", ""requests"": [], ""stop_decode_ids"": [], ""history_phase"": ""forced_step:single-child""}",train_root,,0.0,0,0.0,0.0
3004,200,75,75,controller,0,0.0,[],[],[],0.0,[],15,0.0,0.0,"ControllerAction(token_budget=2064, selected_request_ids=[0, 1, 2, 3, 4, 5, 6, 7, 8, 9, 10, 11, 12, 13, 14, 15, 16], token_allocations={0: 1, 1: 1, 2: 1, 3: 1, 4: 1, 5: 1, 6: 1, 7: 1, 8: 1, 9: 1, 10: 1, 11: 1, 12: 1, 13: 1, 14: 1, 15: 1, 16: 2048}, prefill_allocations={16: 2048}, decode_allocations={0: 1, 1: 1, 2: 1, 3: 1, 4: 1, 5: 1, 6: 1, 7: 1, 8: 1, 9: 1, 10: 1, 11: 1, 12: 1, 13: 1, 14: 1, 15: 1}, heuristic='LJF', strategy='Fixed', mapping=None)","{""type"": ""controller"", ""token_budget"": 2064, ""selected_request_ids"": [0, 1, 2, 3, 4, 5, 6, 7, 8, 9, 10, 11, 12, 13, 14, 15, 16], ""token_allocations"": {""0"": 1, ""1"": 1, ""2"": 1, ""3"": 1, ""4"": 1, ""5"": 1, ""6"": 1, ""7"": 1, ""8"": 1, ""9"": 1, ""10"": 1, ""11"": 1, ""12"": 1, ""13"": 1, ""14"": 1, ""15"": 1, ""16"": 2048}, ""prefill_allocations"": {""16"": 2048}, ""decode_allocations"": {""0"": 1, ""1"": 1, ""2"": 1, ""3"": 1, ""4"": 1, ""5"": 1, ""6"": 1, ""7"": 1, ""8"": 1, ""9"": 1, ""10"": 1, ""11"": 1, ""12"": 1, ""13"": 1, ""14"": 1, ""15"": 1}, ""heuristic"": ""LJF"", ""strategy"": ""Fixed"", ""history_phase"": ""multiple-child""}",train_root,,0.0,0,0.0,0.0
3004,200,76,76,adversary,0,0.0,[],[],[],0.0,[],0,0.0,0.0,"AdversaryAction(requests=[], stop_decode_ids=[])","{""type"": ""adversary"", ""requests"": [], ""stop_decode_ids"": [], ""history_phase"": ""forced_step:single-child""}",train_root,,0.0,0,0.0,0.0
3004,200,77,77,controller,0,0.0,[],[],[],0.0,[],2,0.0,0.0,"ControllerAction(token_budget=528, selected_request_ids=[0, 1, 2, 3, 4, 5, 6, 7, 8, 9, 10, 11, 12, 13, 14, 15, 16], token_allocations={0: 1, 1: 1, 2: 1, 3: 1, 4: 1, 5: 1, 6: 1, 7: 1, 8: 1, 9: 1, 10: 1, 11: 1, 12: 1, 13: 1, 14: 1, 15: 1, 16: 512}, prefill_allocations={16: 512}, decode_allocations={0: 1, 1: 1, 2: 1, 3: 1, 4: 1, 5: 1, 6: 1, 7: 1, 8: 1, 9: 1, 10: 1, 11: 1, 12: 1, 13: 1, 14: 1, 15: 1}, heuristic='LST', strategy='Fixed', mapping=None)","{""type"": ""controller"", ""token_budget"": 528, ""selected_request_ids"": [0, 1, 2, 3, 4, 5, 6, 7, 8, 9, 10, 11, 12, 13, 14, 15, 16], ""token_allocations"": {""0"": 1, ""1"": 1, ""2"": 1, ""3"": 1, ""4"": 1, ""5"": 1, ""6"": 1, ""7"": 1, ""8"": 1, ""9"": 1, ""10"": 1, ""11"": 1, ""12"": 1, ""13"": 1, ""14"": 1, ""15"": 1, ""16"": 512}, ""prefill_allocations"": {""16"": 512}, ""decode_allocations"": {""0"": 1, ""1"": 1, ""2"": 1, ""3"": 1, ""4"": 1, ""5"": 1, ""6"": 1, ""7"": 1, ""8"": 1, ""9"": 1, ""10"": 1, ""11"": 1, ""12"": 1, ""13"": 1, ""14"": 1, ""15"": 1}, ""heuristic"": ""LST"", ""strategy"": ""Fixed"", ""history_phase"": ""multiple-child""}",train_root,,0.0,0,0.0,0.0
3004,200,78,78,adversary,0,0.0,[],[],[],0.0,[],0,0.0,0.0,"AdversaryAction(requests=[], stop_decode_ids=[])","{""type"": ""adversary"", ""requests"": [], ""stop_decode_ids"": [], ""history_phase"": ""forced_step:single-child""}",train_root,,0.0,0,0.0,0.0
3004,200,79,79,controller,0,0.0,[],[],[],0.0,[],0,0.0,0.0,"ControllerAction(token_budget=17, selected_request_ids=[0, 1, 2, 3, 4, 5, 6, 7, 8, 9, 10, 11, 12, 13, 14, 15, 16], token_allocations={0: 1, 1: 1, 2: 1, 3: 1, 4: 1, 5: 1, 6: 1, 7: 1, 8: 1, 9: 1, 10: 1, 11: 1, 12: 1, 13: 1, 14: 1, 15: 1, 16: 1}, prefill_allocations={}, decode_allocations={0: 1, 1: 1, 2: 1, 3: 1, 4: 1, 5: 1, 6: 1, 7: 1, 8: 1, 9: 1, 10: 1, 11: 1, 12: 1, 13: 1, 14: 1, 15: 1, 16: 1}, heuristic='SJF', strategy='Fixed', mapping=None)","{""type"": ""controller"", ""token_budget"": 17, ""selected_request_ids"": [0, 1, 2, 3, 4, 5, 6, 7, 8, 9, 10, 11, 12, 13, 14, 15, 16], ""token_allocations"": {""0"": 1, ""1"": 1, ""2"": 1, ""3"": 1, ""4"": 1, ""5"": 1, ""6"": 1, ""7"": 1, ""8"": 1, ""9"": 1, ""10"": 1, ""11"": 1, ""12"": 1, ""13"": 1, ""14"": 1, ""15"": 1, ""16"": 1}, ""prefill_allocations"": {}, ""decode_allocations"": {""0"": 1, ""1"": 1, ""2"": 1, ""3"": 1, ""4"": 1, ""5"": 1, ""6"": 1, ""7"": 1, ""8"": 1, ""9"": 1, ""10"": 1, ""11"": 1, ""12"": 1, ""13"": 1, ""14"": 1, ""15"": 1, ""16"": 1}, ""heuristic"": ""SJF"", ""strategy"": ""Fixed"", ""history_phase"": ""forced_step:single-child""}",train_root,,0.0,0,0.0,0.0
3004,200,80,80,adversary,0,0.0,[],[],[],0.0,[],5,0.0,0.0,"AdversaryAction(requests=[AdversaryRequestSpec(prefill_tokens=3072, decode_tokens=5000, prefill_slo=0.3874467952163693, decode_slo=0.05), AdversaryRequestSpec(prefill_tokens=3072, decode_tokens=5000, prefill_slo=0.3874467952163693, decode_slo=0.05), AdversaryRequestSpec(prefill_tokens=3072, decode_tokens=5000, prefill_slo=0.3874467952163693, decode_slo=0.05), AdversaryRequestSpec(prefill_tokens=3072, decode_tokens=5000, prefill_slo=0.3874467952163693, decode_slo=0.05), AdversaryRequestSpec(prefill_tokens=3072, decode_tokens=5000, prefill_slo=0.3874467952163693, decode_slo=0.05), AdversaryRequestSpec(prefill_tokens=3072, decode_tokens=5000, prefill_slo=0.3874467952163693, decode_slo=0.05)], stop_decode_ids=[])","{""type"": ""adversary"", ""requests"": [{""prefill_tokens"": 3072, ""decode_tokens"": 5000, ""prefill_slo"": 0.3874467952163693, ""decode_slo"": 0.05}, {""prefill_tokens"": 3072, ""decode_tokens"": 5000, ""prefill_slo"": 0.3874467952163693, ""decode_slo"": 0.05}, {""prefill_tokens"": 3072, ""decode_tokens"": 5000, ""prefill_slo"": 0.3874467952163693, ""decode_slo"": 0.05}, {""prefill_tokens"": 3072, ""decode_tokens"": 5000, ""prefill_slo"": 0.3874467952163693, ""decode_slo"": 0.05}, {""prefill_tokens"": 3072, ""decode_tokens"": 5000, ""prefill_slo"": 0.3874467952163693, ""decode_slo"": 0.05}, {""prefill_tokens"": 3072, ""decode_tokens"": 5000, ""prefill_slo"": 0.3874467952163693, ""decode_slo"": 0.05}], ""stop_decode_ids"": [], ""history_phase"": ""multiple-child""}",train_root,,0.0,0,0.0,0.0
3004,200,81,81,controller,0,0.0,[],[],[],0.0,[],5,0.0,0.0,"ControllerAction(token_budget=1041, selected_request_ids=[0, 1, 2, 3, 4, 5, 6, 7, 8, 9, 10, 11, 12, 13, 14, 15, 16, 17], token_allocations={0: 1, 1: 1, 2: 1, 3: 1, 4: 1, 5: 1, 6: 1, 7: 1, 8: 1, 9: 1, 10: 1, 11: 1, 12: 1, 13: 1, 14: 1, 15: 1, 16: 1, 17: 1024}, prefill_allocations={17: 1024}, decode_allocations={0: 1, 1: 1, 2: 1, 3: 1, 4: 1, 5: 1, 6: 1, 7: 1, 8: 1, 9: 1, 10: 1, 11: 1, 12: 1, 13: 1, 14: 1, 15: 1, 16: 1}, heuristic='EDF', strategy='Fixed', mapping=None)","{""type"": ""controller"", ""token_budget"": 1041, ""selected_request_ids"": [0, 1, 2, 3, 4, 5, 6, 7, 8, 9, 10, 11, 12, 13, 14, 15, 16, 17], ""token_allocations"": {""0"": 1, ""1"": 1, ""2"": 1, ""3"": 1, ""4"": 1, ""5"": 1, ""6"": 1, ""7"": 1, ""8"": 1, ""9"": 1, ""10"": 1, ""11"": 1, ""12"": 1, ""13"": 1, ""14"": 1, ""15"": 1, ""16"": 1, ""17"": 1024}, ""prefill_allocations"": {""17"": 1024}, ""decode_allocations"": {""0"": 1, ""1"": 1, ""2"": 1, ""3"": 1, ""4"": 1, ""5"": 1, ""6"": 1, ""7"": 1, ""8"": 1, ""9"": 1, ""10"": 1, ""11"": 1, ""12"": 1, ""13"": 1, ""14"": 1, ""15"": 1, ""16"": 1}, ""heuristic"": ""EDF"", ""strategy"": ""Fixed"", ""history_phase"": ""multiple-child""}",train_root,,0.0,0,0.0,0.0
3004,200,82,82,adversary,0,0.0,[],[],[],0.0,[],0,0.0,0.0,"AdversaryAction(requests=[], stop_decode_ids=[])","{""type"": ""adversary"", ""requests"": [], ""stop_decode_ids"": [], ""history_phase"": ""forced_step:single-child""}",train_root,,0.0,0,0.0,0.0
3004,200,83,83,controller,0,0.0,[],[],[],0.0,[],7,0.0,0.0,"ControllerAction(token_budget=1041, selected_request_ids=[0, 1, 2, 3, 4, 5, 6, 7, 8, 9, 10, 11, 12, 13, 14, 15, 16, 18], token_allocations={0: 1, 1: 1, 2: 1, 3: 1, 4: 1, 5: 1, 6: 1, 7: 1, 8: 1, 9: 1, 10: 1, 11: 1, 12: 1, 13: 1, 14: 1, 15: 1, 16: 1, 18: 1024}, prefill_allocations={18: 1024}, decode_allocations={0: 1, 1: 1, 2: 1, 3: 1, 4: 1, 5: 1, 6: 1, 7: 1, 8: 1, 9: 1, 10: 1, 11: 1, 12: 1, 13: 1, 14: 1, 15: 1, 16: 1}, heuristic='LJF', strategy='Fixed', mapping=None)","{""type"": ""controller"", ""token_budget"": 1041, ""selected_request_ids"": [0, 1, 2, 3, 4, 5, 6, 7, 8, 9, 10, 11, 12, 13, 14, 15, 16, 18], ""token_allocations"": {""0"": 1, ""1"": 1, ""2"": 1, ""3"": 1, ""4"": 1, ""5"": 1, ""6"": 1, ""7"": 1, ""8"": 1, ""9"": 1, ""10"": 1, ""11"": 1, ""12"": 1, ""13"": 1, ""14"": 1, ""15"": 1, ""16"": 1, ""18"": 1024}, ""prefill_allocations"": {""18"": 1024}, ""decode_allocations"": {""0"": 1, ""1"": 1, ""2"": 1, ""3"": 1, ""4"": 1, ""5"": 1, ""6"": 1, ""7"": 1, ""8"": 1, ""9"": 1, ""10"": 1, ""11"": 1, ""12"": 1, ""13"": 1, ""14"": 1, ""15"": 1, ""16"": 1}, ""heuristic"": ""LJF"", ""strategy"": ""Fixed"", ""history_phase"": ""multiple-child""}",train_root,,0.0,0,0.0,0.0
3004,200,84,84,adversary,0,0.0,[],[],[],0.0,[],0,0.0,0.0,"AdversaryAction(requests=[], stop_decode_ids=[])","{""type"": ""adversary"", ""requests"": [], ""stop_decode_ids"": [], ""history_phase"": ""forced_step:single-child""}",train_root,,0.0,0,0.0,0.0
3004,200,85,85,controller,0,0.0,[],[],[],0.0,[],1,0.0,0.0,"ControllerAction(token_budget=529, selected_request_ids=[0, 1, 2, 3, 4, 5, 6, 7, 8, 9, 10, 11, 12, 13, 14, 15, 16, 17], token_allocations={0: 1, 1: 1, 2: 1, 3: 1, 4: 1, 5: 1, 6: 1, 7: 1, 8: 1, 9: 1, 10: 1, 11: 1, 12: 1, 13: 1, 14: 1, 15: 1, 16: 1, 17: 512}, prefill_allocations={17: 512}, decode_allocations={0: 1, 1: 1, 2: 1, 3: 1, 4: 1, 5: 1, 6: 1, 7: 1, 8: 1, 9: 1, 10: 1, 11: 1, 12: 1, 13: 1, 14: 1, 15: 1, 16: 1}, heuristic='EDF', strategy='Fixed', mapping=None)","{""type"": ""controller"", ""token_budget"": 529, ""selected_request_ids"": [0, 1, 2, 3, 4, 5, 6, 7, 8, 9, 10, 11, 12, 13, 14, 15, 16, 17], ""token_allocations"": {""0"": 1, ""1"": 1, ""2"": 1, ""3"": 1, ""4"": 1, ""5"": 1, ""6"": 1, ""7"": 1, ""8"": 1, ""9"": 1, ""10"": 1, ""11"": 1, ""12"": 1, ""13"": 1, ""14"": 1, ""15"": 1, ""16"": 1, ""17"": 512}, ""prefill_allocations"": {""17"": 512}, ""decode_allocations"": {""0"": 1, ""1"": 1, ""2"": 1, ""3"": 1, ""4"": 1, ""5"": 1, ""6"": 1, ""7"": 1, ""8"": 1, ""9"": 1, ""10"": 1, ""11"": 1, ""12"": 1, ""13"": 1, ""14"": 1, ""15"": 1, ""16"": 1}, ""heuristic"": ""EDF"", ""strategy"": ""Fixed"", ""history_phase"": ""multiple-child""}",train_root,,0.0,0,0.0,0.0
3004,200,86,86,adversary,0,0.0,[],[],[],0.0,[],0,0.0,0.0,"AdversaryAction(requests=[], stop_decode_ids=[])","{""type"": ""adversary"", ""requests"": [], ""stop_decode_ids"": [], ""history_phase"": ""forced_step:single-child""}",train_root,,0.0,0,0.0,0.0
3004,200,87,87,controller,0,0.0,[],[],[],0.0,[],5,0.0,0.0,"ControllerAction(token_budget=1041, selected_request_ids=[0, 1, 2, 3, 4, 5, 6, 7, 8, 9, 10, 11, 12, 13, 14, 15, 16, 17], token_allocations={0: 1, 1: 1, 2: 1, 3: 1, 4: 1, 5: 1, 6: 1, 7: 1, 8: 1, 9: 1, 10: 1, 11: 1, 12: 1, 13: 1, 14: 1, 15: 1, 16: 1, 17: 1024}, prefill_allocations={17: 1024}, decode_allocations={0: 1, 1: 1, 2: 1, 3: 1, 4: 1, 5: 1, 6: 1, 7: 1, 8: 1, 9: 1, 10: 1, 11: 1, 12: 1, 13: 1, 14: 1, 15: 1, 16: 1}, heuristic='EDF', strategy='Fixed', mapping=None)","{""type"": ""controller"", ""token_budget"": 1041, ""selected_request_ids"": [0, 1, 2, 3, 4, 5, 6, 7, 8, 9, 10, 11, 12, 13, 14, 15, 16, 17], ""token_allocations"": {""0"": 1, ""1"": 1, ""2"": 1, ""3"": 1, ""4"": 1, ""5"": 1, ""6"": 1, ""7"": 1, ""8"": 1, ""9"": 1, ""10"": 1, ""11"": 1, ""12"": 1, ""13"": 1, ""14"": 1, ""15"": 1, ""16"": 1, ""17"": 1024}, ""prefill_allocations"": {""17"": 1024}, ""decode_allocations"": {""0"": 1, ""1"": 1, ""2"": 1, ""3"": 1, ""4"": 1, ""5"": 1, ""6"": 1, ""7"": 1, ""8"": 1, ""9"": 1, ""10"": 1, ""11"": 1, ""12"": 1, ""13"": 1, ""14"": 1, ""15"": 1, ""16"": 1}, ""heuristic"": ""EDF"", ""strategy"": ""Fixed"", ""history_phase"": ""multiple-child""}",train_root,,0.0,0,0.0,0.0
3004,200,88,88,adversary,0,0.0,[],[],[],0.0,[],0,0.0,0.0,"AdversaryAction(requests=[], stop_decode_ids=[])","{""type"": ""adversary"", ""requests"": [], ""stop_decode_ids"": [], ""history_phase"": ""forced_step:single-child""}",train_root,,0.0,0,0.0,0.0
3004,200,89,89,controller,0,0.0,[],[],[],0.0,[],23,0.0,0.0,"ControllerAction(token_budget=3089, selected_request_ids=[0, 1, 2, 3, 4, 5, 6, 7, 8, 9, 10, 11, 12, 13, 14, 15, 16, 19], token_allocations={0: 1, 1: 1, 2: 1, 3: 1, 4: 1, 5: 1, 6: 1, 7: 1, 8: 1, 9: 1, 10: 1, 11: 1, 12: 1, 13: 1, 14: 1, 15: 1, 16: 1, 19: 3072}, prefill_allocations={19: 3072}, decode_allocations={0: 1, 1: 1, 2: 1, 3: 1, 4: 1, 5: 1, 6: 1, 7: 1, 8: 1, 9: 1, 10: 1, 11: 1, 12: 1, 13: 1, 14: 1, 15: 1, 16: 1}, heuristic='LJF', strategy='Fixed', mapping=None)","{""type"": ""controller"", ""token_budget"": 3089, ""selected_request_ids"": [0, 1, 2, 3, 4, 5, 6, 7, 8, 9, 10, 11, 12, 13, 14, 15, 16, 19], ""token_allocations"": {""0"": 1, ""1"": 1, ""2"": 1, ""3"": 1, ""4"": 1, ""5"": 1, ""6"": 1, ""7"": 1, ""8"": 1, ""9"": 1, ""10"": 1, ""11"": 1, ""12"": 1, ""13"": 1, ""14"": 1, ""15"": 1, ""16"": 1, ""19"": 3072}, ""prefill_allocations"": {""19"": 3072}, ""decode_allocations"": {""0"": 1, ""1"": 1, ""2"": 1, ""3"": 1, ""4"": 1, ""5"": 1, ""6"": 1, ""7"": 1, ""8"": 1, ""9"": 1, ""10"": 1, ""11"": 1, ""12"": 1, ""13"": 1, ""14"": 1, ""15"": 1, ""16"": 1}, ""heuristic"": ""LJF"", ""strategy"": ""Fixed"", ""history_phase"": ""multiple-child""}",train_root,,0.0,0,0.0,0.0
3004,200,90,90,adversary,0,0.0,[],[],[],0.0,[],0,0.0,0.0,"AdversaryAction(requests=[], stop_decode_ids=[])","{""type"": ""adversary"", ""requests"": [], ""stop_decode_ids"": [], ""history_phase"": ""forced_step:single-child""}",train_root,,0.0,0,0.0,0.0
3004,200,91,91,controller,0,0.0,[],[],[],0.0,[],1,0.0,0.0,"ControllerAction(token_budget=530, selected_request_ids=[0, 1, 2, 3, 4, 5, 6, 7, 8, 9, 10, 11, 12, 13, 14, 15, 16, 17, 19], token_allocations={0: 1, 1: 1, 2: 1, 3: 1, 4: 1, 5: 1, 6: 1, 7: 1, 8: 1, 9: 1, 10: 1, 11: 1, 12: 1, 13: 1, 14: 1, 15: 1, 16: 1, 17: 512, 19: 1}, prefill_allocations={17: 512}, decode_allocations={0: 1, 1: 1, 2: 1, 3: 1, 4: 1, 5: 1, 6: 1, 7: 1, 8: 1, 9: 1, 10: 1, 11: 1, 12: 1, 13: 1, 14: 1, 15: 1, 16: 1, 19: 1}, heuristic='EDF', strategy='Fixed', mapping=None)","{""type"": ""controller"", ""token_budget"": 530, ""selected_request_ids"": [0, 1, 2, 3, 4, 5, 6, 7, 8, 9, 10, 11, 12, 13, 14, 15, 16, 17, 19], ""token_allocations"": {""0"": 1, ""1"": 1, ""2"": 1, ""3"": 1, ""4"": 1, ""5"": 1, ""6"": 1, ""7"": 1, ""8"": 1, ""9"": 1, ""10"": 1, ""11"": 1, ""12"": 1, ""13"": 1, ""14"": 1, ""15"": 1, ""16"": 1, ""17"": 512, ""19"": 1}, ""prefill_allocations"": {""17"": 512}, ""decode_allocations"": {""0"": 1, ""1"": 1, ""2"": 1, ""3"": 1, ""4"": 1, ""5"": 1, ""6"": 1, ""7"": 1, ""8"": 1, ""9"": 1, ""10"": 1, ""11"": 1, ""12"": 1, ""13"": 1, ""14"": 1, ""15"": 1, ""16"": 1, ""19"": 1}, ""heuristic"": ""EDF"", ""strategy"": ""Fixed"", ""history_phase"": ""multiple-child""}",train_root,,0.0,0,0.0,0.0
3004,200,92,92,adversary,0,0.0,[],[],[],0.0,[],0,0.0,0.0,"AdversaryAction(requests=[], stop_decode_ids=[])","{""type"": ""adversary"", ""requests"": [], ""stop_decode_ids"": [], ""history_phase"": ""forced_step:single-child""}",train_root,,0.0,0,0.0,0.0
3004,200,93,93,controller,0,0.0,[],[],[],0.0,[],2,0.0,0.0,"ControllerAction(token_budget=531, selected_request_ids=[0, 1, 2, 3, 4, 5, 6, 7, 8, 9, 10, 11, 12, 13, 14, 15, 16, 17, 19, 20], token_allocations={0: 1, 1: 1, 2: 1, 3: 1, 4: 1, 5: 1, 6: 1, 7: 1, 8: 1, 9: 1, 10: 1, 11: 1, 12: 1, 13: 1, 14: 1, 15: 1, 16: 1, 17: 1, 19: 1, 20: 512}, prefill_allocations={20: 512}, decode_allocations={0: 1, 1: 1, 2: 1, 3: 1, 4: 1, 5: 1, 6: 1, 7: 1, 8: 1, 9: 1, 10: 1, 11: 1, 12: 1, 13: 1, 14: 1, 15: 1, 16: 1, 17: 1, 19: 1}, heuristic='LST', strategy='Fixed', mapping=None)","{""type"": ""controller"", ""token_budget"": 531, ""selected_request_ids"": [0, 1, 2, 3, 4, 5, 6, 7, 8, 9, 10, 11, 12, 13, 14, 15, 16, 17, 19, 20], ""token_allocations"": {""0"": 1, ""1"": 1, ""2"": 1, ""3"": 1, ""4"": 1, ""5"": 1, ""6"": 1, ""7"": 1, ""8"": 1, ""9"": 1, ""10"": 1, ""11"": 1, ""12"": 1, ""13"": 1, ""14"": 1, ""15"": 1, ""16"": 1, ""17"": 1, ""19"": 1, ""20"": 512}, ""prefill_allocations"": {""20"": 512}, ""decode_allocations"": {""0"": 1, ""1"": 1, ""2"": 1, ""3"": 1, ""4"": 1, ""5"": 1, ""6"": 1, ""7"": 1, ""8"": 1, ""9"": 1, ""10"": 1, ""11"": 1, ""12"": 1, ""13"": 1, ""14"": 1, ""15"": 1, ""16"": 1, ""17"": 1, ""19"": 1}, ""heuristic"": ""LST"", ""strategy"": ""Fixed"", ""history_phase"": ""multiple-child""}",train_root,,0.0,0,0.0,0.0
3004,200,94,94,adversary,0,0.0,[],[],[],0.0,[],0,0.0,0.0,"AdversaryAction(requests=[], stop_decode_ids=[])","{""type"": ""adversary"", ""requests"": [], ""stop_decode_ids"": [], ""history_phase"": ""forced_step:single-child""}",train_root,,0.0,0,0.0,0.0
3004,200,95,95,controller,0,0.0,[],[],[],0.0,[],8,0.0,0.0,"ControllerAction(token_budget=1555, selected_request_ids=[0, 1, 2, 3, 4, 5, 6, 7, 8, 9, 10, 11, 12, 13, 14, 15, 16, 17, 18, 19], token_allocations={0: 1, 1: 1, 2: 1, 3: 1, 4: 1, 5: 1, 6: 1, 7: 1, 8: 1, 9: 1, 10: 1, 11: 1, 12: 1, 13: 1, 14: 1, 15: 1, 16: 1, 17: 1, 18: 1536, 19: 1}, prefill_allocations={18: 1536}, decode_allocations={0: 1, 1: 1, 2: 1, 3: 1, 4: 1, 5: 1, 6: 1, 7: 1, 8: 1, 9: 1, 10: 1, 11: 1, 12: 1, 13: 1, 14: 1, 15: 1, 16: 1, 17: 1, 19: 1}, heuristic='SJF', strategy='Fixed', mapping=None)","{""type"": ""controller"", ""token_budget"": 1555, ""selected_request_ids"": [0, 1, 2, 3, 4, 5, 6, 7, 8, 9, 10, 11, 12, 13, 14, 15, 16, 17, 18, 19], ""token_allocations"": {""0"": 1, ""1"": 1, ""2"": 1, ""3"": 1, ""4"": 1, ""5"": 1, ""6"": 1, ""7"": 1, ""8"": 1, ""9"": 1, ""10"": 1, ""11"": 1, ""12"": 1, ""13"": 1, ""14"": 1, ""15"": 1, ""16"": 1, ""17"": 1, ""18"": 1536, ""19"": 1}, ""prefill_allocations"": {""18"": 1536}, ""decode_allocations"": {""0"": 1, ""1"": 1, ""2"": 1, ""3"": 1, ""4"": 1, ""5"": 1, ""6"": 1, ""7"": 1, ""8"": 1, ""9"": 1, ""10"": 1, ""11"": 1, ""12"": 1, ""13"": 1, ""14"": 1, ""15"": 1, ""16"": 1, ""17"": 1, ""19"": 1}, ""heuristic"": ""SJF"", ""strategy"": ""Fixed"", ""history_phase"": ""multiple-child""}",train_root,,0.0,0,0.0,0.0
3004,200,96,96,adversary,0,0.0,[],[],[],0.0,[],0,0.0,0.0,"AdversaryAction(requests=[], stop_decode_ids=[])","{""type"": ""adversary"", ""requests"": [], ""stop_decode_ids"": [], ""history_phase"": ""forced_step:single-child""}",train_root,,0.0,0,0.0,0.0
3004,200,97,97,controller,0,0.0,[],[],[],0.0,[],8,0.0,0.0,"ControllerAction(token_budget=1555, selected_request_ids=[0, 1, 2, 3, 4, 5, 6, 7, 8, 9, 10, 11, 12, 13, 14, 15, 16, 17, 18, 19, 20], token_allocations={0: 1, 1: 1, 2: 1, 3: 1, 4: 1, 5: 1, 6: 1, 7: 1, 8: 1, 9: 1, 10: 1, 11: 1, 12: 1, 13: 1, 14: 1, 15: 1, 16: 1, 17: 1, 18: 512, 19: 1, 20: 1024}, prefill_allocations={18: 512, 20: 1024}, decode_allocations={0: 1, 1: 1, 2: 1, 3: 1, 4: 1, 5: 1, 6: 1, 7: 1, 8: 1, 9: 1, 10: 1, 11: 1, 12: 1, 13: 1, 14: 1, 15: 1, 16: 1, 17: 1, 19: 1}, heuristic='SJF', strategy='Fixed', mapping=None)","{""type"": ""controller"", ""token_budget"": 1555, ""selected_request_ids"": [0, 1, 2, 3, 4, 5, 6, 7, 8, 9, 10, 11, 12, 13, 14, 15, 16, 17, 18, 19, 20], ""token_allocations"": {""0"": 1, ""1"": 1, ""2"": 1, ""3"": 1, ""4"": 1, ""5"": 1, ""6"": 1, ""7"": 1, ""8"": 1, ""9"": 1, ""10"": 1, ""11"": 1, ""12"": 1, ""13"": 1, ""14"": 1, ""15"": 1, ""16"": 1, ""17"": 1, ""18"": 512, ""19"": 1, ""20"": 1024}, ""prefill_allocations"": {""18"": 512, ""20"": 1024}, ""decode_allocations"": {""0"": 1, ""1"": 1, ""2"": 1, ""3"": 1, ""4"": 1, ""5"": 1, ""6"": 1, ""7"": 1, ""8"": 1, ""9"": 1, ""10"": 1, ""11"": 1, ""12"": 1, ""13"": 1, ""14"": 1, ""15"": 1, ""16"": 1, ""17"": 1, ""19"": 1}, ""heuristic"": ""SJF"", ""strategy"": ""Fixed"", ""history_phase"": ""multiple-child""}",train_root,,0.0,0,0.0,0.0
3004,200,98,98,adversary,0,0.0,[],[],[],0.0,[],0,0.0,0.0,"AdversaryAction(requests=[], stop_decode_ids=[])","{""type"": ""adversary"", ""requests"": [], ""stop_decode_ids"": [], ""history_phase"": ""forced_step:single-child""}",train_root,,0.0,0,0.0,0.0
3004,200,99,99,controller,0,0.0,[],[],[],0.0,[],17,0.0,0.0,"ControllerAction(token_budget=2580, selected_request_ids=[0, 1, 2, 3, 4, 5, 6, 7, 8, 9, 10, 11, 12, 13, 14, 15, 16, 17, 18, 19, 20, 21], token_allocations={0: 1, 1: 1, 2: 1, 3: 1, 4: 1, 5: 1, 6: 1, 7: 1, 8: 1, 9: 1, 10: 1, 11: 1, 12: 1, 13: 1, 14: 1, 15: 1, 16: 1, 17: 1, 18: 1, 19: 1, 20: 1536, 21: 1024}, prefill_allocations={20: 1536, 21: 1024}, decode_allocations={0: 1, 1: 1, 2: 1, 3: 1, 4: 1, 5: 1, 6: 1, 7: 1, 8: 1, 9: 1, 10: 1, 11: 1, 12: 1, 13: 1, 14: 1, 15: 1, 16: 1, 17: 1, 18: 1, 19: 1}, heuristic='EDF', strategy='Fixed', mapping=None)","{""type"": ""controller"", ""token_budget"": 2580, ""selected_request_ids"": [0, 1, 2, 3, 4, 5, 6, 7, 8, 9, 10, 11, 12, 13, 14, 15, 16, 17, 18, 19, 20, 21], ""token_allocations"": {""0"": 1, ""1"": 1, ""2"": 1, ""3"": 1, ""4"": 1, ""5"": 1, ""6"": 1, ""7"": 1, ""8"": 1, ""9"": 1, ""10"": 1, ""11"": 1, ""12"": 1, ""13"": 1, ""14"": 1, ""15"": 1, ""16"": 1, ""17"": 1, ""18"": 1, ""19"": 1, ""20"": 1536, ""21"": 1024}, ""prefill_allocations"": {""20"": 1536, ""21"": 1024}, ""decode_allocations"": {""0"": 1, ""1"": 1, ""2"": 1, ""3"": 1, ""4"": 1, ""5"": 1, ""6"": 1, ""7"": 1, ""8"": 1, ""9"": 1, ""10"": 1, ""11"": 1, ""12"": 1, ""13"": 1, ""14"": 1, ""15"": 1, ""16"": 1, ""17"": 1, ""18"": 1, ""19"": 1}, ""heuristic"": ""EDF"", ""strategy"": ""Fixed"", ""history_phase"": ""multiple-child""}",train_root,,0.0,0,0.0,0.0
3004,200,100,100,adversary,0,0.0,[],[],[],0.0,[],0,0.0,0.0,"AdversaryAction(requests=[], stop_decode_ids=[])","{""type"": ""adversary"", ""requests"": [], ""stop_decode_ids"": [], ""history_phase"": ""forced_step:single-child""}",train_root,,0.0,0,0.0,0.0
3004,200,101,101,controller,0,0.0,[],[],[],0.0,[],7,0.0,0.0,"ControllerAction(token_budget=1045, selected_request_ids=[0, 1, 2, 3, 4, 5, 6, 7, 8, 9, 10, 11, 12, 13, 14, 15, 16, 17, 18, 19, 20, 22], token_allocations={0: 1, 1: 1, 2: 1, 3: 1, 4: 1, 5: 1, 6: 1, 7: 1, 8: 1, 9: 1, 10: 1, 11: 1, 12: 1, 13: 1, 14: 1, 15: 1, 16: 1, 17: 1, 18: 1, 19: 1, 20: 1, 22: 1024}, prefill_allocations={22: 1024}, decode_allocations={0: 1, 1: 1, 2: 1, 3: 1, 4: 1, 5: 1, 6: 1, 7: 1, 8: 1, 9: 1, 10: 1, 11: 1, 12: 1, 13: 1, 14: 1, 15: 1, 16: 1, 17: 1, 18: 1, 19: 1, 20: 1}, heuristic='LJF', strategy='Fixed', mapping=None)","{""type"": ""controller"", ""token_budget"": 1045, ""selected_request_ids"": [0, 1, 2, 3, 4, 5, 6, 7, 8, 9, 10, 11, 12, 13, 14, 15, 16, 17, 18, 19, 20, 22], ""token_allocations"": {""0"": 1, ""1"": 1, ""2"": 1, ""3"": 1, ""4"": 1, ""5"": 1, ""6"": 1, ""7"": 1, ""8"": 1, ""9"": 1, ""10"": 1, ""11"": 1, ""12"": 1, ""13"": 1, ""14"": 1, ""15"": 1, ""16"": 1, ""17"": 1, ""18"": 1, ""19"": 1, ""20"": 1, ""22"": 1024}, ""prefill_allocations"": {""22"": 1024}, ""decode_allocations"": {""0"": 1, ""1"": 1, ""2"": 1, ""3"": 1, ""4"": 1, ""5"": 1, ""6"": 1, ""7"": 1, ""8"": 1, ""9"": 1, ""10"": 1, ""11"": 1, ""12"": 1, ""13"": 1, ""14"": 1, ""15"": 1, ""16"": 1, ""17"": 1, ""18"": 1, ""19"": 1, ""20"": 1}, ""heuristic"": ""LJF"", ""strategy"": ""Fixed"", ""history_phase"": ""multiple-child""}",train_root,,0.0,0,0.0,0.0
3004,200,102,102,adversary,0,0.0,[],[],[],0.0,[],0,0.0,0.0,"AdversaryAction(requests=[], stop_decode_ids=[])","{""type"": ""adversary"", ""requests"": [], ""stop_decode_ids"": [], ""history_phase"": ""forced_step:single-child""}",train_root,,0.0,0,0.0,0.0
3004,200,103,103,controller,0,0.0,[],[],[],0.0,[],3,0.0,0.0,"ControllerAction(token_budget=533, selected_request_ids=[0, 1, 2, 3, 4, 5, 6, 7, 8, 9, 10, 11, 12, 13, 14, 15, 16, 17, 18, 19, 20, 21], token_allocations={0: 1, 1: 1, 2: 1, 3: 1, 4: 1, 5: 1, 6: 1, 7: 1, 8: 1, 9: 1, 10: 1, 11: 1, 12: 1, 13: 1, 14: 1, 15: 1, 16: 1, 17: 1, 18: 1, 19: 1, 20: 1, 21: 512}, prefill_allocations={21: 512}, decode_allocations={0: 1, 1: 1, 2: 1, 3: 1, 4: 1, 5: 1, 6: 1, 7: 1, 8: 1, 9: 1, 10: 1, 11: 1, 12: 1, 13: 1, 14: 1, 15: 1, 16: 1, 17: 1, 18: 1, 19: 1, 20: 1}, heuristic='LJF', strategy='Fixed', mapping=None)","{""type"": ""controller"", ""token_budget"": 533, ""selected_request_ids"": [0, 1, 2, 3, 4, 5, 6, 7, 8, 9, 10, 11, 12, 13, 14, 15, 16, 17, 18, 19, 20, 21], ""token_allocations"": {""0"": 1, ""1"": 1, ""2"": 1, ""3"": 1, ""4"": 1, ""5"": 1, ""6"": 1, ""7"": 1, ""8"": 1, ""9"": 1, ""10"": 1, ""11"": 1, ""12"": 1, ""13"": 1, ""14"": 1, ""15"": 1, ""16"": 1, ""17"": 1, ""18"": 1, ""19"": 1, ""20"": 1, ""21"": 512}, ""prefill_allocations"": {""21"": 512}, ""decode_allocations"": {""0"": 1, ""1"": 1, ""2"": 1, ""3"": 1, ""4"": 1, ""5"": 1, ""6"": 1, ""7"": 1, ""8"": 1, ""9"": 1, ""10"": 1, ""11"": 1, ""12"": 1, ""13"": 1, ""14"": 1, ""15"": 1, ""16"": 1, ""17"": 1, ""18"": 1, ""19"": 1, ""20"": 1}, ""heuristic"": ""LJF"", ""strategy"": ""Fixed"", ""history_phase"": ""multiple-child""}",train_root,,0.0,0,0.0,0.0
3004,200,104,104,adversary,0,0.0,[],[],[],0.0,[],0,0.0,0.0,"AdversaryAction(requests=[], stop_decode_ids=[])","{""type"": ""adversary"", ""requests"": [], ""stop_decode_ids"": [], ""history_phase"": ""forced_step:single-child""}",train_root,,0.0,0,0.0,0.0
3004,200,105,105,controller,0,0.0,[],[],[],0.0,[],3,0.0,0.0,"ControllerAction(token_budget=533, selected_request_ids=[0, 1, 2, 3, 4, 5, 6, 7, 8, 9, 10, 11, 12, 13, 14, 15, 16, 17, 18, 19, 20, 22], token_allocations={0: 1, 1: 1, 2: 1, 3: 1, 4: 1, 5: 1, 6: 1, 7: 1, 8: 1, 9: 1, 10: 1, 11: 1, 12: 1, 13: 1, 14: 1, 15: 1, 16: 1, 17: 1, 18: 1, 19: 1, 20: 1, 22: 512}, prefill_allocations={22: 512}, decode_allocations={0: 1, 1: 1, 2: 1, 3: 1, 4: 1, 5: 1, 6: 1, 7: 1, 8: 1, 9: 1, 10: 1, 11: 1, 12: 1, 13: 1, 14: 1, 15: 1, 16: 1, 17: 1, 18: 1, 19: 1, 20: 1}, heuristic='LJF', strategy='Fixed', mapping=None)","{""type"": ""controller"", ""token_budget"": 533, ""selected_request_ids"": [0, 1, 2, 3, 4, 5, 6, 7, 8, 9, 10, 11, 12, 13, 14, 15, 16, 17, 18, 19, 20, 22], ""token_allocations"": {""0"": 1, ""1"": 1, ""2"": 1, ""3"": 1, ""4"": 1, ""5"": 1, ""6"": 1, ""7"": 1, ""8"": 1, ""9"": 1, ""10"": 1, ""11"": 1, ""12"": 1, ""13"": 1, ""14"": 1, ""15"": 1, ""16"": 1, ""17"": 1, ""18"": 1, ""19"": 1, ""20"": 1, ""22"": 512}, ""prefill_allocations"": {""22"": 512}, ""decode_allocations"": {""0"": 1, ""1"": 1, ""2"": 1, ""3"": 1, ""4"": 1, ""5"": 1, ""6"": 1, ""7"": 1, ""8"": 1, ""9"": 1, ""10"": 1, ""11"": 1, ""12"": 1, ""13"": 1, ""14"": 1, ""15"": 1, ""16"": 1, ""17"": 1, ""18"": 1, ""19"": 1, ""20"": 1}, ""heuristic"": ""LJF"", ""strategy"": ""Fixed"", ""history_phase"": ""multiple-child""}",train_root,,0.0,0,0.0,0.0
3004,200,106,106,adversary,0,0.0,[],[],[],0.0,[],0,0.0,0.0,"AdversaryAction(requests=[], stop_decode_ids=[])","{""type"": ""adversary"", ""requests"": [], ""stop_decode_ids"": [], ""history_phase"": ""forced_step:single-child""}",train_root,,0.0,0,0.0,0.0
3004,200,107,107,controller,0,0.0,[],[],[],0.0,[],15,0.0,0.0,"ControllerAction(token_budget=2069, selected_request_ids=[0, 1, 2, 3, 4, 5, 6, 7, 8, 9, 10, 11, 12, 13, 14, 15, 16, 17, 18, 19, 20, 21, 22], token_allocations={0: 1, 1: 1, 2: 1, 3: 1, 4: 1, 5: 1, 6: 1, 7: 1, 8: 1, 9: 1, 10: 1, 11: 1, 12: 1, 13: 1, 14: 1, 15: 1, 16: 1, 17: 1, 18: 1, 19: 1, 20: 1, 21: 1536, 22: 512}, prefill_allocations={21: 1536, 22: 512}, decode_allocations={0: 1, 1: 1, 2: 1, 3: 1, 4: 1, 5: 1, 6: 1, 7: 1, 8: 1, 9: 1, 10: 1, 11: 1, 12: 1, 13: 1, 14: 1, 15: 1, 16: 1, 17: 1, 18: 1, 19: 1, 20: 1}, heuristic='LJF', strategy='Fixed', mapping=None)","{""type"": ""controller"", ""token_budget"": 2069, ""selected_request_ids"": [0, 1, 2, 3, 4, 5, 6, 7, 8, 9, 10, 11, 12, 13, 14, 15, 16, 17, 18, 19, 20, 21, 22], ""token_allocations"": {""0"": 1, ""1"": 1, ""2"": 1, ""3"": 1, ""4"": 1, ""5"": 1, ""6"": 1, ""7"": 1, ""8"": 1, ""9"": 1, ""10"": 1, ""11"": 1, ""12"": 1, ""13"": 1, ""14"": 1, ""15"": 1, ""16"": 1, ""17"": 1, ""18"": 1, ""19"": 1, ""20"": 1, ""21"": 1536, ""22"": 512}, ""prefill_allocations"": {""21"": 1536, ""22"": 512}, ""decode_allocations"": {""0"": 1, ""1"": 1, ""2"": 1, ""3"": 1, ""4"": 1, ""5"": 1, ""6"": 1, ""7"": 1, ""8"": 1, ""9"": 1, ""10"": 1, ""11"": 1, ""12"": 1, ""13"": 1, ""14"": 1, ""15"": 1, ""16"": 1, ""17"": 1, ""18"": 1, ""19"": 1, ""20"": 1}, ""heuristic"": ""LJF"", ""strategy"": ""Fixed"", ""history_phase"": ""multiple-child""}",train_root,,0.0,0,0.0,0.0
3004,200,108,108,adversary,0,0.0,[],[],[],0.0,[],0,0.0,0.0,"AdversaryAction(requests=[], stop_decode_ids=[])","{""type"": ""adversary"", ""requests"": [], ""stop_decode_ids"": [], ""history_phase"": ""forced_step:single-child""}",train_root,,0.0,0,0.0,0.0
3004,200,109,109,controller,0,0.0,[],[],[],0.0,[],3,0.0,0.0,"ControllerAction(token_budget=534, selected_request_ids=[0, 1, 2, 3, 4, 5, 6, 7, 8, 9, 10, 11, 12, 13, 14, 15, 16, 17, 18, 19, 20, 21, 22], token_allocations={0: 1, 1: 1, 2: 1, 3: 1, 4: 1, 5: 1, 6: 1, 7: 1, 8: 1, 9: 1, 10: 1, 11: 1, 12: 1, 13: 1, 14: 1, 15: 1, 16: 1, 17: 1, 18: 1, 19: 1, 20: 1, 21: 1, 22: 512}, prefill_allocations={22: 512}, decode_allocations={0: 1, 1: 1, 2: 1, 3: 1, 4: 1, 5: 1, 6: 1, 7: 1, 8: 1, 9: 1, 10: 1, 11: 1, 12: 1, 13: 1, 14: 1, 15: 1, 16: 1, 17: 1, 18: 1, 19: 1, 20: 1, 21: 1}, heuristic='LJF', strategy='Fixed', mapping=None)","{""type"": ""controller"", ""token_budget"": 534, ""selected_request_ids"": [0, 1, 2, 3, 4, 5, 6, 7, 8, 9, 10, 11, 12, 13, 14, 15, 16, 17, 18, 19, 20, 21, 22], ""token_allocations"": {""0"": 1, ""1"": 1, ""2"": 1, ""3"": 1, ""4"": 1, ""5"": 1, ""6"": 1, ""7"": 1, ""8"": 1, ""9"": 1, ""10"": 1, ""11"": 1, ""12"": 1, ""13"": 1, ""14"": 1, ""15"": 1, ""16"": 1, ""17"": 1, ""18"": 1, ""19"": 1, ""20"": 1, ""21"": 1, ""22"": 512}, ""prefill_allocations"": {""22"": 512}, ""decode_allocations"": {""0"": 1, ""1"": 1, ""2"": 1, ""3"": 1, ""4"": 1, ""5"": 1, ""6"": 1, ""7"": 1, ""8"": 1, ""9"": 1, ""10"": 1, ""11"": 1, ""12"": 1, ""13"": 1, ""14"": 1, ""15"": 1, ""16"": 1, ""17"": 1, ""18"": 1, ""19"": 1, ""20"": 1, ""21"": 1}, ""heuristic"": ""LJF"", ""strategy"": ""Fixed"", ""history_phase"": ""multiple-child""}",train_root,,0.0,0,0.0,0.0
3004,200,110,110,adversary,0,0.0,[],[],[],0.0,[],0,0.0,0.0,"AdversaryAction(requests=[], stop_decode_ids=[])","{""type"": ""adversary"", ""requests"": [], ""stop_decode_ids"": [], ""history_phase"": ""forced_step:single-child""}",train_root,,0.0,0,0.0,0.0
3004,200,111,111,controller,0,0.0,[],[],[],0.0,[],2,0.0,0.0,"ControllerAction(token_budget=534, selected_request_ids=[0, 1, 2, 3, 4, 5, 6, 7, 8, 9, 10, 11, 12, 13, 14, 15, 16, 17, 18, 19, 20, 21, 22], token_allocations={0: 1, 1: 1, 2: 1, 3: 1, 4: 1, 5: 1, 6: 1, 7: 1, 8: 1, 9: 1, 10: 1, 11: 1, 12: 1, 13: 1, 14: 1, 15: 1, 16: 1, 17: 1, 18: 1, 19: 1, 20: 1, 21: 1, 22: 512}, prefill_allocations={22: 512}, decode_allocations={0: 1, 1: 1, 2: 1, 3: 1, 4: 1, 5: 1, 6: 1, 7: 1, 8: 1, 9: 1, 10: 1, 11: 1, 12: 1, 13: 1, 14: 1, 15: 1, 16: 1, 17: 1, 18: 1, 19: 1, 20: 1, 21: 1}, heuristic='LST', strategy='Fixed', mapping=None)","{""type"": ""controller"", ""token_budget"": 534, ""selected_request_ids"": [0, 1, 2, 3, 4, 5, 6, 7, 8, 9, 10, 11, 12, 13, 14, 15, 16, 17, 18, 19, 20, 21, 22], ""token_allocations"": {""0"": 1, ""1"": 1, ""2"": 1, ""3"": 1, ""4"": 1, ""5"": 1, ""6"": 1, ""7"": 1, ""8"": 1, ""9"": 1, ""10"": 1, ""11"": 1, ""12"": 1, ""13"": 1, ""14"": 1, ""15"": 1, ""16"": 1, ""17"": 1, ""18"": 1, ""19"": 1, ""20"": 1, ""21"": 1, ""22"": 512}, ""prefill_allocations"": {""22"": 512}, ""decode_allocations"": {""0"": 1, ""1"": 1, ""2"": 1, ""3"": 1, ""4"": 1, ""5"": 1, ""6"": 1, ""7"": 1, ""8"": 1, ""9"": 1, ""10"": 1, ""11"": 1, ""12"": 1, ""13"": 1, ""14"": 1, ""15"": 1, ""16"": 1, ""17"": 1, ""18"": 1, ""19"": 1, ""20"": 1, ""21"": 1}, ""heuristic"": ""LST"", ""strategy"": ""Fixed"", ""history_phase"": ""multiple-child""}",train_root,,0.0,0,0.0,0.0
3004,200,112,112,adversary,0,0.0,[],[],[],0.0,[],0,0.0,0.0,"AdversaryAction(requests=[], stop_decode_ids=[])","{""type"": ""adversary"", ""requests"": [], ""stop_decode_ids"": [], ""history_phase"": ""forced_step:single-child""}",train_root,,0.0,0,0.0,0.0
3004,200,113,113,controller,0,0.0,[],[],[],0.0,[],0,0.0,0.0,"ControllerAction(token_budget=23, selected_request_ids=[0, 1, 2, 3, 4, 5, 6, 7, 8, 9, 10, 11, 12, 13, 14, 15, 16, 17, 18, 19, 20, 21, 22], token_allocations={0: 1, 1: 1, 2: 1, 3: 1, 4: 1, 5: 1, 6: 1, 7: 1, 8: 1, 9: 1, 10: 1, 11: 1, 12: 1, 13: 1, 14: 1, 15: 1, 16: 1, 17: 1, 18: 1, 19: 1, 20: 1, 21: 1, 22: 1}, prefill_allocations={}, decode_allocations={0: 1, 1: 1, 2: 1, 3: 1, 4: 1, 5: 1, 6: 1, 7: 1, 8: 1, 9: 1, 10: 1, 11: 1, 12: 1, 13: 1, 14: 1, 15: 1, 16: 1, 17: 1, 18: 1, 19: 1, 20: 1, 21: 1, 22: 1}, heuristic='SJF', strategy='Fixed', mapping=None)","{""type"": ""controller"", ""token_budget"": 23, ""selected_request_ids"": [0, 1, 2, 3, 4, 5, 6, 7, 8, 9, 10, 11, 12, 13, 14, 15, 16, 17, 18, 19, 20, 21, 22], ""token_allocations"": {""0"": 1, ""1"": 1, ""2"": 1, ""3"": 1, ""4"": 1, ""5"": 1, ""6"": 1, ""7"": 1, ""8"": 1, ""9"": 1, ""10"": 1, ""11"": 1, ""12"": 1, ""13"": 1, ""14"": 1, ""15"": 1, ""16"": 1, ""17"": 1, ""18"": 1, ""19"": 1, ""20"": 1, ""21"": 1, ""22"": 1}, ""prefill_allocations"": {}, ""decode_allocations"": {""0"": 1, ""1"": 1, ""2"": 1, ""3"": 1, ""4"": 1, ""5"": 1, ""6"": 1, ""7"": 1, ""8"": 1, ""9"": 1, ""10"": 1, ""11"": 1, ""12"": 1, ""13"": 1, ""14"": 1, ""15"": 1, ""16"": 1, ""17"": 1, ""18"": 1, ""19"": 1, ""20"": 1, ""21"": 1, ""22"": 1}, ""heuristic"": ""SJF"", ""strategy"": ""Fixed"", ""history_phase"": ""forced_step:single-child""}",train_root,,0.0,0,0.0,0.0
3004,200,114,114,adversary,0,0.0,[],[],[],0.0,[],4,0.0,0.0,"AdversaryAction(requests=[AdversaryRequestSpec(prefill_tokens=3072, decode_tokens=5000, prefill_slo=0.3874467952163693, decode_slo=0.05), AdversaryRequestSpec(prefill_tokens=3072, decode_tokens=5000, prefill_slo=0.3874467952163693, decode_slo=0.05), AdversaryRequestSpec(prefill_tokens=3072, decode_tokens=5000, prefill_slo=0.3874467952163693, decode_slo=0.05), AdversaryRequestSpec(prefill_tokens=3072, decode_tokens=5000, prefill_slo=0.3874467952163693, decode_slo=0.05), AdversaryRequestSpec(prefill_tokens=3072, decode_tokens=5000, prefill_slo=0.3874467952163693, decode_slo=0.05)], stop_decode_ids=[])","{""type"": ""adversary"", ""requests"": [{""prefill_tokens"": 3072, ""decode_tokens"": 5000, ""prefill_slo"": 0.3874467952163693, ""decode_slo"": 0.05}, {""prefill_tokens"": 3072, ""decode_tokens"": 5000, ""prefill_slo"": 0.3874467952163693, ""decode_slo"": 0.05}, {""prefill_tokens"": 3072, ""decode_tokens"": 5000, ""prefill_slo"": 0.3874467952163693, ""decode_slo"": 0.05}, {""prefill_tokens"": 3072, ""decode_tokens"": 5000, ""prefill_slo"": 0.3874467952163693, ""decode_slo"": 0.05}, {""prefill_tokens"": 3072, ""decode_tokens"": 5000, ""prefill_slo"": 0.3874467952163693, ""decode_slo"": 0.05}], ""stop_decode_ids"": [], ""history_phase"": ""multiple-child""}",train_root,,0.0,0,0.0,0.0
3004,200,115,115,controller,0,0.0,[],[],[],0.0,[],20,0.0,0.0,"ControllerAction(token_budget=3095, selected_request_ids=[0, 1, 2, 3, 4, 5, 6, 7, 8, 9, 10, 11, 12, 13, 14, 15, 16, 17, 18, 19, 20, 21, 22, 23], token_allocations={0: 1, 1: 1, 2: 1, 3: 1, 4: 1, 5: 1, 6: 1, 7: 1, 8: 1, 9: 1, 10: 1, 11: 1, 12: 1, 13: 1, 14: 1, 15: 1, 16: 1, 17: 1, 18: 1, 19: 1, 20: 1, 21: 1, 22: 1, 23: 3072}, prefill_allocations={23: 3072}, decode_allocations={0: 1, 1: 1, 2: 1, 3: 1, 4: 1, 5: 1, 6: 1, 7: 1, 8: 1, 9: 1, 10: 1, 11: 1, 12: 1, 13: 1, 14: 1, 15: 1, 16: 1, 17: 1, 18: 1, 19: 1, 20: 1, 21: 1, 22: 1}, heuristic='SJF', strategy='Fixed', mapping=None)","{""type"": ""controller"", ""token_budget"": 3095, ""selected_request_ids"": [0, 1, 2, 3, 4, 5, 6, 7, 8, 9, 10, 11, 12, 13, 14, 15, 16, 17, 18, 19, 20, 21, 22, 23], ""token_allocations"": {""0"": 1, ""1"": 1, ""2"": 1, ""3"": 1, ""4"": 1, ""5"": 1, ""6"": 1, ""7"": 1, ""8"": 1, ""9"": 1, ""10"": 1, ""11"": 1, ""12"": 1, ""13"": 1, ""14"": 1, ""15"": 1, ""16"": 1, ""17"": 1, ""18"": 1, ""19"": 1, ""20"": 1, ""21"": 1, ""22"": 1, ""23"": 3072}, ""prefill_allocations"": {""23"": 3072}, ""decode_allocations"": {""0"": 1, ""1"": 1, ""2"": 1, ""3"": 1, ""4"": 1, ""5"": 1, ""6"": 1, ""7"": 1, ""8"": 1, ""9"": 1, ""10"": 1, ""11"": 1, ""12"": 1, ""13"": 1, ""14"": 1, ""15"": 1, ""16"": 1, ""17"": 1, ""18"": 1, ""19"": 1, ""20"": 1, ""21"": 1, ""22"": 1}, ""heuristic"": ""SJF"", ""strategy"": ""Fixed"", ""history_phase"": ""multiple-child""}",train_root,,0.0,0,0.0,0.0
3004,200,116,116,adversary,0,0.0,[],[],[],0.0,[],0,0.0,0.0,"AdversaryAction(requests=[], stop_decode_ids=[])","{""type"": ""adversary"", ""requests"": [], ""stop_decode_ids"": [], ""history_phase"": ""forced_step:single-child""}",train_root,,0.0,0,0.0,0.0
3004,200,117,117,controller,0,0.0,[],[],[],0.0,[],15,0.0,0.0,"ControllerAction(token_budget=2072, selected_request_ids=[0, 1, 2, 3, 4, 5, 6, 7, 8, 9, 10, 11, 12, 13, 14, 15, 16, 17, 18, 19, 20, 21, 22, 23, 24], token_allocations={0: 1, 1: 1, 2: 1, 3: 1, 4: 1, 5: 1, 6: 1, 7: 1, 8: 1, 9: 1, 10: 1, 11: 1, 12: 1, 13: 1, 14: 1, 15: 1, 16: 1, 17: 1, 18: 1, 19: 1, 20: 1, 21: 1, 22: 1, 23: 1, 24: 2048}, prefill_allocations={24: 2048}, decode_allocations={0: 1, 1: 1, 2: 1, 3: 1, 4: 1, 5: 1, 6: 1, 7: 1, 8: 1, 9: 1, 10: 1, 11: 1, 12: 1, 13: 1, 14: 1, 15: 1, 16: 1, 17: 1, 18: 1, 19: 1, 20: 1, 21: 1, 22: 1, 23: 1}, heuristic='LJF', strategy='Fixed', mapping=None)","{""type"": ""controller"", ""token_budget"": 2072, ""selected_request_ids"": [0, 1, 2, 3, 4, 5, 6, 7, 8, 9, 10, 11, 12, 13, 14, 15, 16, 17, 18, 19, 20, 21, 22, 23, 24], ""token_allocations"": {""0"": 1, ""1"": 1, ""2"": 1, ""3"": 1, ""4"": 1, ""5"": 1, ""6"": 1, ""7"": 1, ""8"": 1, ""9"": 1, ""10"": 1, ""11"": 1, ""12"": 1, ""13"": 1, ""14"": 1, ""15"": 1, ""16"": 1, ""17"": 1, ""18"": 1, ""19"": 1, ""20"": 1, ""21"": 1, ""22"": 1, ""23"": 1, ""24"": 2048}, ""prefill_allocations"": {""24"": 2048}, ""decode_allocations"": {""0"": 1, ""1"": 1, ""2"": 1, ""3"": 1, ""4"": 1, ""5"": 1, ""6"": 1, ""7"": 1, ""8"": 1, ""9"": 1, ""10"": 1, ""11"": 1, ""12"": 1, ""13"": 1, ""14"": 1, ""15"": 1, ""16"": 1, ""17"": 1, ""18"": 1, ""19"": 1, ""20"": 1, ""21"": 1, ""22"": 1, ""23"": 1}, ""heuristic"": ""LJF"", ""strategy"": ""Fixed"", ""history_phase"": ""multiple-child""}",train_root,,0.0,0,0.0,0.0
3004,200,118,118,adversary,0,0.0,[],[],[],0.0,[],0,0.0,0.0,"AdversaryAction(requests=[], stop_decode_ids=[])","{""type"": ""adversary"", ""requests"": [], ""stop_decode_ids"": [], ""history_phase"": ""forced_step:single-child""}",train_root,,0.0,0,0.0,0.0
3004,200,119,119,controller,0,0.0,[],[],[],0.0,[],1,0.0,0.0,"ControllerAction(token_budget=536, selected_request_ids=[0, 1, 2, 3, 4, 5, 6, 7, 8, 9, 10, 11, 12, 13, 14, 15, 16, 17, 18, 19, 20, 21, 22, 23, 24], token_allocations={0: 1, 1: 1, 2: 1, 3: 1, 4: 1, 5: 1, 6: 1, 7: 1, 8: 1, 9: 1, 10: 1, 11: 1, 12: 1, 13: 1, 14: 1, 15: 1, 16: 1, 17: 1, 18: 1, 19: 1, 20: 1, 21: 1, 22: 1, 23: 1, 24: 512}, prefill_allocations={24: 512}, decode_allocations={0: 1, 1: 1, 2: 1, 3: 1, 4: 1, 5: 1, 6: 1, 7: 1, 8: 1, 9: 1, 10: 1, 11: 1, 12: 1, 13: 1, 14: 1, 15: 1, 16: 1, 17: 1, 18: 1, 19: 1, 20: 1, 21: 1, 22: 1, 23: 1}, heuristic='EDF', strategy='Fixed', mapping=None)","{""type"": ""controller"", ""token_budget"": 536, ""selected_request_ids"": [0, 1, 2, 3, 4, 5, 6, 7, 8, 9, 10, 11, 12, 13, 14, 15, 16, 17, 18, 19, 20, 21, 22, 23, 24], ""token_allocations"": {""0"": 1, ""1"": 1, ""2"": 1, ""3"": 1, ""4"": 1, ""5"": 1, ""6"": 1, ""7"": 1, ""8"": 1, ""9"": 1, ""10"": 1, ""11"": 1, ""12"": 1, ""13"": 1, ""14"": 1, ""15"": 1, ""16"": 1, ""17"": 1, ""18"": 1, ""19"": 1, ""20"": 1, ""21"": 1, ""22"": 1, ""23"": 1, ""24"": 512}, ""prefill_allocations"": {""24"": 512}, ""decode_allocations"": {""0"": 1, ""1"": 1, ""2"": 1, ""3"": 1, ""4"": 1, ""5"": 1, ""6"": 1, ""7"": 1, ""8"": 1, ""9"": 1, ""10"": 1, ""11"": 1, ""12"": 1, ""13"": 1, ""14"": 1, ""15"": 1, ""16"": 1, ""17"": 1, ""18"": 1, ""19"": 1, ""20"": 1, ""21"": 1, ""22"": 1, ""23"": 1}, ""heuristic"": ""EDF"", ""strategy"": ""Fixed"", ""history_phase"": ""multiple-child""}",train_root,,0.0,0,0.0,0.0
3004,200,120,120,adversary,0,0.0,[],[],[],0.0,[],0,0.0,0.0,"AdversaryAction(requests=[], stop_decode_ids=[])","{""type"": ""adversary"", ""requests"": [], ""stop_decode_ids"": [], ""history_phase"": ""forced_step:single-child""}",train_root,,0.0,0,0.0,0.0
3004,200,121,121,controller,0,0.0,[],[],[],0.0,[],19,0.0,0.0,"ControllerAction(token_budget=2584, selected_request_ids=[0, 1, 2, 3, 4, 5, 6, 7, 8, 9, 10, 11, 12, 13, 14, 15, 16, 17, 18, 19, 20, 21, 22, 23, 25], token_allocations={0: 1, 1: 1, 2: 1, 3: 1, 4: 1, 5: 1, 6: 1, 7: 1, 8: 1, 9: 1, 10: 1, 11: 1, 12: 1, 13: 1, 14: 1, 15: 1, 16: 1, 17: 1, 18: 1, 19: 1, 20: 1, 21: 1, 22: 1, 23: 1, 25: 2560}, prefill_allocations={25: 2560}, decode_allocations={0: 1, 1: 1, 2: 1, 3: 1, 4: 1, 5: 1, 6: 1, 7: 1, 8: 1, 9: 1, 10: 1, 11: 1, 12: 1, 13: 1, 14: 1, 15: 1, 16: 1, 17: 1, 18: 1, 19: 1, 20: 1, 21: 1, 22: 1, 23: 1}, heuristic='LJF', strategy='Fixed', mapping=None)","{""type"": ""controller"", ""token_budget"": 2584, ""selected_request_ids"": [0, 1, 2, 3, 4, 5, 6, 7, 8, 9, 10, 11, 12, 13, 14, 15, 16, 17, 18, 19, 20, 21, 22, 23, 25], ""token_allocations"": {""0"": 1, ""1"": 1, ""2"": 1, ""3"": 1, ""4"": 1, ""5"": 1, ""6"": 1, ""7"": 1, ""8"": 1, ""9"": 1, ""10"": 1, ""11"": 1, ""12"": 1, ""13"": 1, ""14"": 1, ""15"": 1, ""16"": 1, ""17"": 1, ""18"": 1, ""19"": 1, ""20"": 1, ""21"": 1, ""22"": 1, ""23"": 1, ""25"": 2560}, ""prefill_allocations"": {""25"": 2560}, ""decode_allocations"": {""0"": 1, ""1"": 1, ""2"": 1, ""3"": 1, ""4"": 1, ""5"": 1, ""6"": 1, ""7"": 1, ""8"": 1, ""9"": 1, ""10"": 1, ""11"": 1, ""12"": 1, ""13"": 1, ""14"": 1, ""15"": 1, ""16"": 1, ""17"": 1, ""18"": 1, ""19"": 1, ""20"": 1, ""21"": 1, ""22"": 1, ""23"": 1}, ""heuristic"": ""LJF"", ""strategy"": ""Fixed"", ""history_phase"": ""multiple-child""}",train_root,,0.0,0,0.0,0.0
3004,200,122,122,adversary,0,0.0,[],[],[],0.0,[],0,0.0,0.0,"AdversaryAction(requests=[], stop_decode_ids=[])","{""type"": ""adversary"", ""requests"": [], ""stop_decode_ids"": [], ""history_phase"": ""forced_step:single-child""}",train_root,,0.0,0,0.0,0.0
3004,200,123,123,controller,0,0.0,[],[],[],0.0,[],11,0.0,0.0,"ControllerAction(token_budget=1560, selected_request_ids=[0, 1, 2, 3, 4, 5, 6, 7, 8, 9, 10, 11, 12, 13, 14, 15, 16, 17, 18, 19, 20, 21, 22, 23, 26], token_allocations={0: 1, 1: 1, 2: 1, 3: 1, 4: 1, 5: 1, 6: 1, 7: 1, 8: 1, 9: 1, 10: 1, 11: 1, 12: 1, 13: 1, 14: 1, 15: 1, 16: 1, 17: 1, 18: 1, 19: 1, 20: 1, 21: 1, 22: 1, 23: 1, 26: 1536}, prefill_allocations={26: 1536}, decode_allocations={0: 1, 1: 1, 2: 1, 3: 1, 4: 1, 5: 1, 6: 1, 7: 1, 8: 1, 9: 1, 10: 1, 11: 1, 12: 1, 13: 1, 14: 1, 15: 1, 16: 1, 17: 1, 18: 1, 19: 1, 20: 1, 21: 1, 22: 1, 23: 1}, heuristic='LJF', strategy='Fixed', mapping=None)","{""type"": ""controller"", ""token_budget"": 1560, ""selected_request_ids"": [0, 1, 2, 3, 4, 5, 6, 7, 8, 9, 10, 11, 12, 13, 14, 15, 16, 17, 18, 19, 20, 21, 22, 23, 26], ""token_allocations"": {""0"": 1, ""1"": 1, ""2"": 1, ""3"": 1, ""4"": 1, ""5"": 1, ""6"": 1, ""7"": 1, ""8"": 1, ""9"": 1, ""10"": 1, ""11"": 1, ""12"": 1, ""13"": 1, ""14"": 1, ""15"": 1, ""16"": 1, ""17"": 1, ""18"": 1, ""19"": 1, ""20"": 1, ""21"": 1, ""22"": 1, ""23"": 1, ""26"": 1536}, ""prefill_allocations"": {""26"": 1536}, ""decode_allocations"": {""0"": 1, ""1"": 1, ""2"": 1, ""3"": 1, ""4"": 1, ""5"": 1, ""6"": 1, ""7"": 1, ""8"": 1, ""9"": 1, ""10"": 1, ""11"": 1, ""12"": 1, ""13"": 1, ""14"": 1, ""15"": 1, ""16"": 1, ""17"": 1, ""18"": 1, ""19"": 1, ""20"": 1, ""21"": 1, ""22"": 1, ""23"": 1}, ""heuristic"": ""LJF"", ""strategy"": ""Fixed"", ""history_phase"": ""multiple-child""}",train_root,,0.0,0,0.0,0.0
3004,200,124,124,adversary,0,0.0,[],[],[],0.0,[],0,0.0,0.0,"AdversaryAction(requests=[], stop_decode_ids=[])","{""type"": ""adversary"", ""requests"": [], ""stop_decode_ids"": [], ""history_phase"": ""forced_step:single-child""}",train_root,,0.0,0,0.0,0.0
3004,200,125,125,controller,0,0.0,[],[],[],0.0,[],3,0.0,0.0,"ControllerAction(token_budget=536, selected_request_ids=[0, 1, 2, 3, 4, 5, 6, 7, 8, 9, 10, 11, 12, 13, 14, 15, 16, 17, 18, 19, 20, 21, 22, 23, 27], token_allocations={0: 1, 1: 1, 2: 1, 3: 1, 4: 1, 5: 1, 6: 1, 7: 1, 8: 1, 9: 1, 10: 1, 11: 1, 12: 1, 13: 1, 14: 1, 15: 1, 16: 1, 17: 1, 18: 1, 19: 1, 20: 1, 21: 1, 22: 1, 23: 1, 27: 512}, prefill_allocations={27: 512}, decode_allocations={0: 1, 1: 1, 2: 1, 3: 1, 4: 1, 5: 1, 6: 1, 7: 1, 8: 1, 9: 1, 10: 1, 11: 1, 12: 1, 13: 1, 14: 1, 15: 1, 16: 1, 17: 1, 18: 1, 19: 1, 20: 1, 21: 1, 22: 1, 23: 1}, heuristic='LJF', strategy='Fixed', mapping=None)","{""type"": ""controller"", ""token_budget"": 536, ""selected_request_ids"": [0, 1, 2, 3, 4, 5, 6, 7, 8, 9, 10, 11, 12, 13, 14, 15, 16, 17, 18, 19, 20, 21, 22, 23, 27], ""token_allocations"": {""0"": 1, ""1"": 1, ""2"": 1, ""3"": 1, ""4"": 1, ""5"": 1, ""6"": 1, ""7"": 1, ""8"": 1, ""9"": 1, ""10"": 1, ""11"": 1, ""12"": 1, ""13"": 1, ""14"": 1, ""15"": 1, ""16"": 1, ""17"": 1, ""18"": 1, ""19"": 1, ""20"": 1, ""21"": 1, ""22"": 1, ""23"": 1, ""27"": 512}, ""prefill_allocations"": {""27"": 512}, ""decode_allocations"": {""0"": 1, ""1"": 1, ""2"": 1, ""3"": 1, ""4"": 1, ""5"": 1, ""6"": 1, ""7"": 1, ""8"": 1, ""9"": 1, ""10"": 1, ""11"": 1, ""12"": 1, ""13"": 1, ""14"": 1, ""15"": 1, ""16"": 1, ""17"": 1, ""18"": 1, ""19"": 1, ""20"": 1, ""21"": 1, ""22"": 1, ""23"": 1}, ""heuristic"": ""LJF"", ""strategy"": ""Fixed"", ""history_phase"": ""multiple-child""}",train_root,,0.0,0,0.0,0.0
3004,200,126,126,adversary,0,0.0,[],[],[],0.0,[],0,0.0,0.0,"AdversaryAction(requests=[], stop_decode_ids=[])","{""type"": ""adversary"", ""requests"": [], ""stop_decode_ids"": [], ""history_phase"": ""forced_step:single-child""}",train_root,,0.0,0,0.0,0.0
3004,200,127,127,controller,0,0.0,[],[],[],0.0,[],18,0.0,0.0,"ControllerAction(token_budget=2584, selected_request_ids=[0, 1, 2, 3, 4, 5, 6, 7, 8, 9, 10, 11, 12, 13, 14, 15, 16, 17, 18, 19, 20, 21, 22, 23, 27], token_allocations={0: 1, 1: 1, 2: 1, 3: 1, 4: 1, 5: 1, 6: 1, 7: 1, 8: 1, 9: 1, 10: 1, 11: 1, 12: 1, 13: 1, 14: 1, 15: 1, 16: 1, 17: 1, 18: 1, 19: 1, 20: 1, 21: 1, 22: 1, 23: 1, 27: 2560}, prefill_allocations={27: 2560}, decode_allocations={0: 1, 1: 1, 2: 1, 3: 1, 4: 1, 5: 1, 6: 1, 7: 1, 8: 1, 9: 1, 10: 1, 11: 1, 12: 1, 13: 1, 14: 1, 15: 1, 16: 1, 17: 1, 18: 1, 19: 1, 20: 1, 21: 1, 22: 1, 23: 1}, heuristic='LST', strategy='Fixed', mapping=None)","{""type"": ""controller"", ""token_budget"": 2584, ""selected_request_ids"": [0, 1, 2, 3, 4, 5, 6, 7, 8, 9, 10, 11, 12, 13, 14, 15, 16, 17, 18, 19, 20, 21, 22, 23, 27], ""token_allocations"": {""0"": 1, ""1"": 1, ""2"": 1, ""3"": 1, ""4"": 1, ""5"": 1, ""6"": 1, ""7"": 1, ""8"": 1, ""9"": 1, ""10"": 1, ""11"": 1, ""12"": 1, ""13"": 1, ""14"": 1, ""15"": 1, ""16"": 1, ""17"": 1, ""18"": 1, ""19"": 1, ""20"": 1, ""21"": 1, ""22"": 1, ""23"": 1, ""27"": 2560}, ""prefill_allocations"": {""27"": 2560}, ""decode_allocations"": {""0"": 1, ""1"": 1, ""2"": 1, ""3"": 1, ""4"": 1, ""5"": 1, ""6"": 1, ""7"": 1, ""8"": 1, ""9"": 1, ""10"": 1, ""11"": 1, ""12"": 1, ""13"": 1, ""14"": 1, ""15"": 1, ""16"": 1, ""17"": 1, ""18"": 1, ""19"": 1, ""20"": 1, ""21"": 1, ""22"": 1, ""23"": 1}, ""heuristic"": ""LST"", ""strategy"": ""Fixed"", ""history_phase"": ""multiple-child""}",train_root,,0.0,0,0.0,0.0
3004,200,128,128,adversary,0,0.0,[],[],[],0.0,[],0,0.0,0.0,"AdversaryAction(requests=[], stop_decode_ids=[])","{""type"": ""adversary"", ""requests"": [], ""stop_decode_ids"": [], ""history_phase"": ""forced_step:single-child""}",train_root,,0.0,0,0.0,0.0
3004,200,129,129,controller,0,0.0,[],[],[],0.0,[],9,0.0,0.0,"ControllerAction(token_budget=1561, selected_request_ids=[0, 1, 2, 3, 4, 5, 6, 7, 8, 9, 10, 11, 12, 13, 14, 15, 16, 17, 18, 19, 20, 21, 22, 23, 24, 25, 26, 27], token_allocations={0: 1, 1: 1, 2: 1, 3: 1, 4: 1, 5: 1, 6: 1, 7: 1, 8: 1, 9: 1, 10: 1, 11: 1, 12: 1, 13: 1, 14: 1, 15: 1, 16: 1, 17: 1, 18: 1, 19: 1, 20: 1, 21: 1, 22: 1, 23: 1, 24: 512, 25: 512, 26: 512, 27: 1}, prefill_allocations={24: 512, 25: 512, 26: 512}, decode_allocations={0: 1, 1: 1, 2: 1, 3: 1, 4: 1, 5: 1, 6: 1, 7: 1, 8: 1, 9: 1, 10: 1, 11: 1, 12: 1, 13: 1, 14: 1, 15: 1, 16: 1, 17: 1, 18: 1, 19: 1, 20: 1, 21: 1, 22: 1, 23: 1, 27: 1}, heuristic='EDF', strategy='Fixed', mapping=None)","{""type"": ""controller"", ""token_budget"": 1561, ""selected_request_ids"": [0, 1, 2, 3, 4, 5, 6, 7, 8, 9, 10, 11, 12, 13, 14, 15, 16, 17, 18, 19, 20, 21, 22, 23, 24, 25, 26, 27], ""token_allocations"": {""0"": 1, ""1"": 1, ""2"": 1, ""3"": 1, ""4"": 1, ""5"": 1, ""6"": 1, ""7"": 1, ""8"": 1, ""9"": 1, ""10"": 1, ""11"": 1, ""12"": 1, ""13"": 1, ""14"": 1, ""15"": 1, ""16"": 1, ""17"": 1, ""18"": 1, ""19"": 1, ""20"": 1, ""21"": 1, ""22"": 1, ""23"": 1, ""24"": 512, ""25"": 512, ""26"": 512, ""27"": 1}, ""prefill_allocations"": {""24"": 512, ""25"": 512, ""26"": 512}, ""decode_allocations"": {""0"": 1, ""1"": 1, ""2"": 1, ""3"": 1, ""4"": 1, ""5"": 1, ""6"": 1, ""7"": 1, ""8"": 1, ""9"": 1, ""10"": 1, ""11"": 1, ""12"": 1, ""13"": 1, ""14"": 1, ""15"": 1, ""16"": 1, ""17"": 1, ""18"": 1, ""19"": 1, ""20"": 1, ""21"": 1, ""22"": 1, ""23"": 1, ""27"": 1}, ""heuristic"": ""EDF"", ""strategy"": ""Fixed"", ""history_phase"": ""multiple-child""}",train_root,,0.0,0,0.0,0.0
3004,200,130,130,adversary,0,0.0,[],[],[],0.0,[],0,0.0,0.0,"AdversaryAction(requests=[], stop_decode_ids=[])","{""type"": ""adversary"", ""requests"": [], ""stop_decode_ids"": [], ""history_phase"": ""forced_step:single-child""}",train_root,,0.0,0,0.0,0.0
3004,200,131,131,controller,0,0.0,[],[],[],0.0,[],6,0.0,0.0,"ControllerAction(token_budget=1051, selected_request_ids=[0, 1, 2, 3, 4, 5, 6, 7, 8, 9, 10, 11, 12, 13, 14, 15, 16, 17, 18, 19, 20, 21, 22, 23, 24, 25, 26, 27], token_allocations={0: 1, 1: 1, 2: 1, 3: 1, 4: 1, 5: 1, 6: 1, 7: 1, 8: 1, 9: 1, 10: 1, 11: 1, 12: 1, 13: 1, 14: 1, 15: 1, 16: 1, 17: 1, 18: 1, 19: 1, 20: 1, 21: 1, 22: 1, 23: 1, 24: 1, 25: 1, 26: 1024, 27: 1}, prefill_allocations={26: 1024}, decode_allocations={0: 1, 1: 1, 2: 1, 3: 1, 4: 1, 5: 1, 6: 1, 7: 1, 8: 1, 9: 1, 10: 1, 11: 1, 12: 1, 13: 1, 14: 1, 15: 1, 16: 1, 17: 1, 18: 1, 19: 1, 20: 1, 21: 1, 22: 1, 23: 1, 24: 1, 25: 1, 27: 1}, heuristic='LST', strategy='Fixed', mapping=None)","{""type"": ""controller"", ""token_budget"": 1051, ""selected_request_ids"": [0, 1, 2, 3, 4, 5, 6, 7, 8, 9, 10, 11, 12, 13, 14, 15, 16, 17, 18, 19, 20, 21, 22, 23, 24, 25, 26, 27], ""token_allocations"": {""0"": 1, ""1"": 1, ""2"": 1, ""3"": 1, ""4"": 1, ""5"": 1, ""6"": 1, ""7"": 1, ""8"": 1, ""9"": 1, ""10"": 1, ""11"": 1, ""12"": 1, ""13"": 1, ""14"": 1, ""15"": 1, ""16"": 1, ""17"": 1, ""18"": 1, ""19"": 1, ""20"": 1, ""21"": 1, ""22"": 1, ""23"": 1, ""24"": 1, ""25"": 1, ""26"": 1024, ""27"": 1}, ""prefill_allocations"": {""26"": 1024}, ""decode_allocations"": {""0"": 1, ""1"": 1, ""2"": 1, ""3"": 1, ""4"": 1, ""5"": 1, ""6"": 1, ""7"": 1, ""8"": 1, ""9"": 1, ""10"": 1, ""11"": 1, ""12"": 1, ""13"": 1, ""14"": 1, ""15"": 1, ""16"": 1, ""17"": 1, ""18"": 1, ""19"": 1, ""20"": 1, ""21"": 1, ""22"": 1, ""23"": 1, ""24"": 1, ""25"": 1, ""27"": 1}, ""heuristic"": ""LST"", ""strategy"": ""Fixed"", ""history_phase"": ""multiple-child""}",train_root,,0.0,0,0.0,0.0
3004,200,132,132,adversary,0,0.0,[],[],[],0.0,[],0,0.0,0.0,"AdversaryAction(requests=[], stop_decode_ids=[])","{""type"": ""adversary"", ""requests"": [], ""stop_decode_ids"": [], ""history_phase"": ""forced_step:single-child""}",train_root,,0.0,0,0.0,0.0
3004,200,133,133,controller,0,0.0,[],[],[],0.0,[],0,0.0,0.0,"ControllerAction(token_budget=28, selected_request_ids=[0, 1, 2, 3, 4, 5, 6, 7, 8, 9, 10, 11, 12, 13, 14, 15, 16, 17, 18, 19, 20, 21, 22, 23, 24, 25, 26, 27], token_allocations={0: 1, 1: 1, 2: 1, 3: 1, 4: 1, 5: 1, 6: 1, 7: 1, 8: 1, 9: 1, 10: 1, 11: 1, 12: 1, 13: 1, 14: 1, 15: 1, 16: 1, 17: 1, 18: 1, 19: 1, 20: 1, 21: 1, 22: 1, 23: 1, 24: 1, 25: 1, 26: 1, 27: 1}, prefill_allocations={}, decode_allocations={0: 1, 1: 1, 2: 1, 3: 1, 4: 1, 5: 1, 6: 1, 7: 1, 8: 1, 9: 1, 10: 1, 11: 1, 12: 1, 13: 1, 14: 1, 15: 1, 16: 1, 17: 1, 18: 1, 19: 1, 20: 1, 21: 1, 22: 1, 23: 1, 24: 1, 25: 1, 26: 1, 27: 1}, heuristic='SJF', strategy='Fixed', mapping=None)","{""type"": ""controller"", ""token_budget"": 28, ""selected_request_ids"": [0, 1, 2, 3, 4, 5, 6, 7, 8, 9, 10, 11, 12, 13, 14, 15, 16, 17, 18, 19, 20, 21, 22, 23, 24, 25, 26, 27], ""token_allocations"": {""0"": 1, ""1"": 1, ""2"": 1, ""3"": 1, ""4"": 1, ""5"": 1, ""6"": 1, ""7"": 1, ""8"": 1, ""9"": 1, ""10"": 1, ""11"": 1, ""12"": 1, ""13"": 1, ""14"": 1, ""15"": 1, ""16"": 1, ""17"": 1, ""18"": 1, ""19"": 1, ""20"": 1, ""21"": 1, ""22"": 1, ""23"": 1, ""24"": 1, ""25"": 1, ""26"": 1, ""27"": 1}, ""prefill_allocations"": {}, ""decode_allocations"": {""0"": 1, ""1"": 1, ""2"": 1, ""3"": 1, ""4"": 1, ""5"": 1, ""6"": 1, ""7"": 1, ""8"": 1, ""9"": 1, ""10"": 1, ""11"": 1, ""12"": 1, ""13"": 1, ""14"": 1, ""15"": 1, ""16"": 1, ""17"": 1, ""18"": 1, ""19"": 1, ""20"": 1, ""21"": 1, ""22"": 1, ""23"": 1, ""24"": 1, ""25"": 1, ""26"": 1, ""27"": 1}, ""heuristic"": ""SJF"", ""strategy"": ""Fixed"", ""history_phase"": ""forced_step:single-child""}",train_root,,0.0,0,0.0,0.0
3004,200,134,134,adversary,0,0.0,[],[],[],0.0,[],4,0.0,0.0,"AdversaryAction(requests=[AdversaryRequestSpec(prefill_tokens=3072, decode_tokens=5000, prefill_slo=0.3874467952163693, decode_slo=0.05), AdversaryRequestSpec(prefill_tokens=3072, decode_tokens=5000, prefill_slo=0.3874467952163693, decode_slo=0.05), AdversaryRequestSpec(prefill_tokens=3072, decode_tokens=5000, prefill_slo=0.3874467952163693, decode_slo=0.05), AdversaryRequestSpec(prefill_tokens=3072, decode_tokens=5000, prefill_slo=0.3874467952163693, decode_slo=0.05), AdversaryRequestSpec(prefill_tokens=3072, decode_tokens=5000, prefill_slo=0.3874467952163693, decode_slo=0.05)], stop_decode_ids=[])","{""type"": ""adversary"", ""requests"": [{""prefill_tokens"": 3072, ""decode_tokens"": 5000, ""prefill_slo"": 0.3874467952163693, ""decode_slo"": 0.05}, {""prefill_tokens"": 3072, ""decode_tokens"": 5000, ""prefill_slo"": 0.3874467952163693, ""decode_slo"": 0.05}, {""prefill_tokens"": 3072, ""decode_tokens"": 5000, ""prefill_slo"": 0.3874467952163693, ""decode_slo"": 0.05}, {""prefill_tokens"": 3072, ""decode_tokens"": 5000, ""prefill_slo"": 0.3874467952163693, ""decode_slo"": 0.05}, {""prefill_tokens"": 3072, ""decode_tokens"": 5000, ""prefill_slo"": 0.3874467952163693, ""decode_slo"": 0.05}], ""stop_decode_ids"": [], ""history_phase"": ""multiple-child""}",train_root,,0.0,0,0.0,0.0
3004,200,135,135,controller,0,0.0,[],[],[],0.0,[],11,0.0,0.0,"ControllerAction(token_budget=1564, selected_request_ids=[0, 1, 2, 3, 4, 5, 6, 7, 8, 9, 10, 11, 12, 13, 14, 15, 16, 17, 18, 19, 20, 21, 22, 23, 24, 25, 26, 27, 28], token_allocations={0: 1, 1: 1, 2: 1, 3: 1, 4: 1, 5: 1, 6: 1, 7: 1, 8: 1, 9: 1, 10: 1, 11: 1, 12: 1, 13: 1, 14: 1, 15: 1, 16: 1, 17: 1, 18: 1, 19: 1, 20: 1, 21: 1, 22: 1, 23: 1, 24: 1, 25: 1, 26: 1, 27: 1, 28: 1536}, prefill_allocations={28: 1536}, decode_allocations={0: 1, 1: 1, 2: 1, 3: 1, 4: 1, 5: 1, 6: 1, 7: 1, 8: 1, 9: 1, 10: 1, 11: 1, 12: 1, 13: 1, 14: 1, 15: 1, 16: 1, 17: 1, 18: 1, 19: 1, 20: 1, 21: 1, 22: 1, 23: 1, 24: 1, 25: 1, 26: 1, 27: 1}, heuristic='LJF', strategy='Fixed', mapping=None)","{""type"": ""controller"", ""token_budget"": 1564, ""selected_request_ids"": [0, 1, 2, 3, 4, 5, 6, 7, 8, 9, 10, 11, 12, 13, 14, 15, 16, 17, 18, 19, 20, 21, 22, 23, 24, 25, 26, 27, 28], ""token_allocations"": {""0"": 1, ""1"": 1, ""2"": 1, ""3"": 1, ""4"": 1, ""5"": 1, ""6"": 1, ""7"": 1, ""8"": 1, ""9"": 1, ""10"": 1, ""11"": 1, ""12"": 1, ""13"": 1, ""14"": 1, ""15"": 1, ""16"": 1, ""17"": 1, ""18"": 1, ""19"": 1, ""20"": 1, ""21"": 1, ""22"": 1, ""23"": 1, ""24"": 1, ""25"": 1, ""26"": 1, ""27"": 1, ""28"": 1536}, ""prefill_allocations"": {""28"": 1536}, ""decode_allocations"": {""0"": 1, ""1"": 1, ""2"": 1, ""3"": 1, ""4"": 1, ""5"": 1, ""6"": 1, ""7"": 1, ""8"": 1, ""9"": 1, ""10"": 1, ""11"": 1, ""12"": 1, ""13"": 1, ""14"": 1, ""15"": 1, ""16"": 1, ""17"": 1, ""18"": 1, ""19"": 1, ""20"": 1, ""21"": 1, ""22"": 1, ""23"": 1, ""24"": 1, ""25"": 1, ""26"": 1, ""27"": 1}, ""heuristic"": ""LJF"", ""strategy"": ""Fixed"", ""history_phase"": ""multiple-child""}",train_root,,0.0,0,0.0,0.0
3004,200,136,136,adversary,0,0.0,[],[],[],0.0,[],0,0.0,0.0,"AdversaryAction(requests=[], stop_decode_ids=[])","{""type"": ""adversary"", ""requests"": [], ""stop_decode_ids"": [], ""history_phase"": ""forced_step:single-child""}",train_root,,0.0,0,0.0,0.0
3004,200,137,137,controller,0,0.0,[],[],[],0.0,[],13,0.0,0.0,"ControllerAction(token_budget=2076, selected_request_ids=[0, 1, 2, 3, 4, 5, 6, 7, 8, 9, 10, 11, 12, 13, 14, 15, 16, 17, 18, 19, 20, 21, 22, 23, 24, 25, 26, 27, 28, 29], token_allocations={0: 1, 1: 1, 2: 1, 3: 1, 4: 1, 5: 1, 6: 1, 7: 1, 8: 1, 9: 1, 10: 1, 11: 1, 12: 1, 13: 1, 14: 1, 15: 1, 16: 1, 17: 1, 18: 1, 19: 1, 20: 1, 21: 1, 22: 1, 23: 1, 24: 1, 25: 1, 26: 1, 27: 1, 28: 1536, 29: 512}, prefill_allocations={28: 1536, 29: 512}, decode_allocations={0: 1, 1: 1, 2: 1, 3: 1, 4: 1, 5: 1, 6: 1, 7: 1, 8: 1, 9: 1, 10: 1, 11: 1, 12: 1, 13: 1, 14: 1, 15: 1, 16: 1, 17: 1, 18: 1, 19: 1, 20: 1, 21: 1, 22: 1, 23: 1, 24: 1, 25: 1, 26: 1, 27: 1}, heuristic='EDF', strategy='Fixed', mapping=None)","{""type"": ""controller"", ""token_budget"": 2076, ""selected_request_ids"": [0, 1, 2, 3, 4, 5, 6, 7, 8, 9, 10, 11, 12, 13, 14, 15, 16, 17, 18, 19, 20, 21, 22, 23, 24, 25, 26, 27, 28, 29], ""token_allocations"": {""0"": 1, ""1"": 1, ""2"": 1, ""3"": 1, ""4"": 1, ""5"": 1, ""6"": 1, ""7"": 1, ""8"": 1, ""9"": 1, ""10"": 1, ""11"": 1, ""12"": 1, ""13"": 1, ""14"": 1, ""15"": 1, ""16"": 1, ""17"": 1, ""18"": 1, ""19"": 1, ""20"": 1, ""21"": 1, ""22"": 1, ""23"": 1, ""24"": 1, ""25"": 1, ""26"": 1, ""27"": 1, ""28"": 1536, ""29"": 512}, ""prefill_allocations"": {""28"": 1536, ""29"": 512}, ""decode_allocations"": {""0"": 1, ""1"": 1, ""2"": 1, ""3"": 1, ""4"": 1, ""5"": 1, ""6"": 1, ""7"": 1, ""8"": 1, ""9"": 1, ""10"": 1, ""11"": 1, ""12"": 1, ""13"": 1, ""14"": 1, ""15"": 1, ""16"": 1, ""17"": 1, ""18"": 1, ""19"": 1, ""20"": 1, ""21"": 1, ""22"": 1, ""23"": 1, ""24"": 1, ""25"": 1, ""26"": 1, ""27"": 1}, ""heuristic"": ""EDF"", ""strategy"": ""Fixed"", ""history_phase"": ""multiple-child""}",train_root,,0.0,0,0.0,0.0
3004,200,138,138,adversary,0,0.0,[],[],[],0.0,[],0,0.0,0.0,"AdversaryAction(requests=[], stop_decode_ids=[])","{""type"": ""adversary"", ""requests"": [], ""stop_decode_ids"": [], ""history_phase"": ""forced_step:single-child""}",train_root,,0.0,0,0.0,0.0
3004,200,139,139,controller,0,0.0,[],[],[],0.0,[],15,0.0,0.0,"ControllerAction(token_budget=2077, selected_request_ids=[0, 1, 2, 3, 4, 5, 6, 7, 8, 9, 10, 11, 12, 13, 14, 15, 16, 17, 18, 19, 20, 21, 22, 23, 24, 25, 26, 27, 28, 30], token_allocations={0: 1, 1: 1, 2: 1, 3: 1, 4: 1, 5: 1, 6: 1, 7: 1, 8: 1, 9: 1, 10: 1, 11: 1, 12: 1, 13: 1, 14: 1, 15: 1, 16: 1, 17: 1, 18: 1, 19: 1, 20: 1, 21: 1, 22: 1, 23: 1, 24: 1, 25: 1, 26: 1, 27: 1, 28: 1, 30: 2048}, prefill_allocations={30: 2048}, decode_allocations={0: 1, 1: 1, 2: 1, 3: 1, 4: 1, 5: 1, 6: 1, 7: 1, 8: 1, 9: 1, 10: 1, 11: 1, 12: 1, 13: 1, 14: 1, 15: 1, 16: 1, 17: 1, 18: 1, 19: 1, 20: 1, 21: 1, 22: 1, 23: 1, 24: 1, 25: 1, 26: 1, 27: 1, 28: 1}, heuristic='LJF', strategy='Fixed', mapping=None)","{""type"": ""controller"", ""token_budget"": 2077, ""selected_request_ids"": [0, 1, 2, 3, 4, 5, 6, 7, 8, 9, 10, 11, 12, 13, 14, 15, 16, 17, 18, 19, 20, 21, 22, 23, 24, 25, 26, 27, 28, 30], ""token_allocations"": {""0"": 1, ""1"": 1, ""2"": 1, ""3"": 1, ""4"": 1, ""5"": 1, ""6"": 1, ""7"": 1, ""8"": 1, ""9"": 1, ""10"": 1, ""11"": 1, ""12"": 1, ""13"": 1, ""14"": 1, ""15"": 1, ""16"": 1, ""17"": 1, ""18"": 1, ""19"": 1, ""20"": 1, ""21"": 1, ""22"": 1, ""23"": 1, ""24"": 1, ""25"": 1, ""26"": 1, ""27"": 1, ""28"": 1, ""30"": 2048}, ""prefill_allocations"": {""30"": 2048}, ""decode_allocations"": {""0"": 1, ""1"": 1, ""2"": 1, ""3"": 1, ""4"": 1, ""5"": 1, ""6"": 1, ""7"": 1, ""8"": 1, ""9"": 1, ""10"": 1, ""11"": 1, ""12"": 1, ""13"": 1, ""14"": 1, ""15"": 1, ""16"": 1, ""17"": 1, ""18"": 1, ""19"": 1, ""20"": 1, ""21"": 1, ""22"": 1, ""23"": 1, ""24"": 1, ""25"": 1, ""26"": 1, ""27"": 1, ""28"": 1}, ""heuristic"": ""LJF"", ""strategy"": ""Fixed"", ""history_phase"": ""multiple-child""}",train_root,,0.0,0,0.0,0.0
3004,200,140,140,adversary,0,0.0,[],[],[],0.0,[],0,0.0,0.0,"AdversaryAction(requests=[], stop_decode_ids=[])","{""type"": ""adversary"", ""requests"": [], ""stop_decode_ids"": [], ""history_phase"": ""forced_step:single-child""}",train_root,,0.0,0,0.0,0.0
3004,200,141,141,controller,0,0.0,[],[],[],0.0,[],15,0.0,0.0,"ControllerAction(token_budget=2077, selected_request_ids=[0, 1, 2, 3, 4, 5, 6, 7, 8, 9, 10, 11, 12, 13, 14, 15, 16, 17, 18, 19, 20, 21, 22, 23, 24, 25, 26, 27, 28, 31], token_allocations={0: 1, 1: 1, 2: 1, 3: 1, 4: 1, 5: 1, 6: 1, 7: 1, 8: 1, 9: 1, 10: 1, 11: 1, 12: 1, 13: 1, 14: 1, 15: 1, 16: 1, 17: 1, 18: 1, 19: 1, 20: 1, 21: 1, 22: 1, 23: 1, 24: 1, 25: 1, 26: 1, 27: 1, 28: 1, 31: 2048}, prefill_allocations={31: 2048}, decode_allocations={0: 1, 1: 1, 2: 1, 3: 1, 4: 1, 5: 1, 6: 1, 7: 1, 8: 1, 9: 1, 10: 1, 11: 1, 12: 1, 13: 1, 14: 1, 15: 1, 16: 1, 17: 1, 18: 1, 19: 1, 20: 1, 21: 1, 22: 1, 23: 1, 24: 1, 25: 1, 26: 1, 27: 1, 28: 1}, heuristic='LJF', strategy='Fixed', mapping=None)","{""type"": ""controller"", ""token_budget"": 2077, ""selected_request_ids"": [0, 1, 2, 3, 4, 5, 6, 7, 8, 9, 10, 11, 12, 13, 14, 15, 16, 17, 18, 19, 20, 21, 22, 23, 24, 25, 26, 27, 28, 31], ""token_allocations"": {""0"": 1, ""1"": 1, ""2"": 1, ""3"": 1, ""4"": 1, ""5"": 1, ""6"": 1, ""7"": 1, ""8"": 1, ""9"": 1, ""10"": 1, ""11"": 1, ""12"": 1, ""13"": 1, ""14"": 1, ""15"": 1, ""16"": 1, ""17"": 1, ""18"": 1, ""19"": 1, ""20"": 1, ""21"": 1, ""22"": 1, ""23"": 1, ""24"": 1, ""25"": 1, ""26"": 1, ""27"": 1, ""28"": 1, ""31"": 2048}, ""prefill_allocations"": {""31"": 2048}, ""decode_allocations"": {""0"": 1, ""1"": 1, ""2"": 1, ""3"": 1, ""4"": 1, ""5"": 1, ""6"": 1, ""7"": 1, ""8"": 1, ""9"": 1, ""10"": 1, ""11"": 1, ""12"": 1, ""13"": 1, ""14"": 1, ""15"": 1, ""16"": 1, ""17"": 1, ""18"": 1, ""19"": 1, ""20"": 1, ""21"": 1, ""22"": 1, ""23"": 1, ""24"": 1, ""25"": 1, ""26"": 1, ""27"": 1, ""28"": 1}, ""heuristic"": ""LJF"", ""strategy"": ""Fixed"", ""history_phase"": ""multiple-child""}",train_root,,0.0,0,0.0,0.0
3004,200,142,142,adversary,0,0.0,[],[],[],0.0,[],0,0.0,0.0,"AdversaryAction(requests=[], stop_decode_ids=[])","{""type"": ""adversary"", ""requests"": [], ""stop_decode_ids"": [], ""history_phase"": ""forced_step:single-child""}",train_root,,0.0,0,0.0,0.0
3004,200,143,143,controller,0,0.0,[],[],[],0.0,[],15,0.0,0.0,"ControllerAction(token_budget=2077, selected_request_ids=[0, 1, 2, 3, 4, 5, 6, 7, 8, 9, 10, 11, 12, 13, 14, 15, 16, 17, 18, 19, 20, 21, 22, 23, 24, 25, 26, 27, 28, 32], token_allocations={0: 1, 1: 1, 2: 1, 3: 1, 4: 1, 5: 1, 6: 1, 7: 1, 8: 1, 9: 1, 10: 1, 11: 1, 12: 1, 13: 1, 14: 1, 15: 1, 16: 1, 17: 1, 18: 1, 19: 1, 20: 1, 21: 1, 22: 1, 23: 1, 24: 1, 25: 1, 26: 1, 27: 1, 28: 1, 32: 2048}, prefill_allocations={32: 2048}, decode_allocations={0: 1, 1: 1, 2: 1, 3: 1, 4: 1, 5: 1, 6: 1, 7: 1, 8: 1, 9: 1, 10: 1, 11: 1, 12: 1, 13: 1, 14: 1, 15: 1, 16: 1, 17: 1, 18: 1, 19: 1, 20: 1, 21: 1, 22: 1, 23: 1, 24: 1, 25: 1, 26: 1, 27: 1, 28: 1}, heuristic='LJF', strategy='Fixed', mapping=None)","{""type"": ""controller"", ""token_budget"": 2077, ""selected_request_ids"": [0, 1, 2, 3, 4, 5, 6, 7, 8, 9, 10, 11, 12, 13, 14, 15, 16, 17, 18, 19, 20, 21, 22, 23, 24, 25, 26, 27, 28, 32], ""token_allocations"": {""0"": 1, ""1"": 1, ""2"": 1, ""3"": 1, ""4"": 1, ""5"": 1, ""6"": 1, ""7"": 1, ""8"": 1, ""9"": 1, ""10"": 1, ""11"": 1, ""12"": 1, ""13"": 1, ""14"": 1, ""15"": 1, ""16"": 1, ""17"": 1, ""18"": 1, ""19"": 1, ""20"": 1, ""21"": 1, ""22"": 1, ""23"": 1, ""24"": 1, ""25"": 1, ""26"": 1, ""27"": 1, ""28"": 1, ""32"": 2048}, ""prefill_allocations"": {""32"": 2048}, ""decode_allocations"": {""0"": 1, ""1"": 1, ""2"": 1, ""3"": 1, ""4"": 1, ""5"": 1, ""6"": 1, ""7"": 1, ""8"": 1, ""9"": 1, ""10"": 1, ""11"": 1, ""12"": 1, ""13"": 1, ""14"": 1, ""15"": 1, ""16"": 1, ""17"": 1, ""18"": 1, ""19"": 1, ""20"": 1, ""21"": 1, ""22"": 1, ""23"": 1, ""24"": 1, ""25"": 1, ""26"": 1, ""27"": 1, ""28"": 1}, ""heuristic"": ""LJF"", ""strategy"": ""Fixed"", ""history_phase"": ""multiple-child""}",train_root,,0.0,0,0.0,0.0
3004,200,144,144,adversary,0,0.0,[],[],[],0.0,[],0,0.0,0.0,"AdversaryAction(requests=[], stop_decode_ids=[])","{""type"": ""adversary"", ""requests"": [], ""stop_decode_ids"": [], ""history_phase"": ""forced_step:single-child""}",train_root,,0.0,0,0.0,0.0
3004,200,145,145,controller,0,0.0,[],[],[],0.0,[],7,0.0,0.0,"ControllerAction(token_budget=1053, selected_request_ids=[0, 1, 2, 3, 4, 5, 6, 7, 8, 9, 10, 11, 12, 13, 14, 15, 16, 17, 18, 19, 20, 21, 22, 23, 24, 25, 26, 27, 28, 29], token_allocations={0: 1, 1: 1, 2: 1, 3: 1, 4: 1, 5: 1, 6: 1, 7: 1, 8: 1, 9: 1, 10: 1, 11: 1, 12: 1, 13: 1, 14: 1, 15: 1, 16: 1, 17: 1, 18: 1, 19: 1, 20: 1, 21: 1, 22: 1, 23: 1, 24: 1, 25: 1, 26: 1, 27: 1, 28: 1, 29: 1024}, prefill_allocations={29: 1024}, decode_allocations={0: 1, 1: 1, 2: 1, 3: 1, 4: 1, 5: 1, 6: 1, 7: 1, 8: 1, 9: 1, 10: 1, 11: 1, 12: 1, 13: 1, 14: 1, 15: 1, 16: 1, 17: 1, 18: 1, 19: 1, 20: 1, 21: 1, 22: 1, 23: 1, 24: 1, 25: 1, 26: 1, 27: 1, 28: 1}, heuristic='LJF', strategy='Fixed', mapping=None)","{""type"": ""controller"", ""token_budget"": 1053, ""selected_request_ids"": [0, 1, 2, 3, 4, 5, 6, 7, 8, 9, 10, 11, 12, 13, 14, 15, 16, 17, 18, 19, 20, 21, 22, 23, 24, 25, 26, 27, 28, 29], ""token_allocations"": {""0"": 1, ""1"": 1, ""2"": 1, ""3"": 1, ""4"": 1, ""5"": 1, ""6"": 1, ""7"": 1, ""8"": 1, ""9"": 1, ""10"": 1, ""11"": 1, ""12"": 1, ""13"": 1, ""14"": 1, ""15"": 1, ""16"": 1, ""17"": 1, ""18"": 1, ""19"": 1, ""20"": 1, ""21"": 1, ""22"": 1, ""23"": 1, ""24"": 1, ""25"": 1, ""26"": 1, ""27"": 1, ""28"": 1, ""29"": 1024}, ""prefill_allocations"": {""29"": 1024}, ""decode_allocations"": {""0"": 1, ""1"": 1, ""2"": 1, ""3"": 1, ""4"": 1, ""5"": 1, ""6"": 1, ""7"": 1, ""8"": 1, ""9"": 1, ""10"": 1, ""11"": 1, ""12"": 1, ""13"": 1, ""14"": 1, ""15"": 1, ""16"": 1, ""17"": 1, ""18"": 1, ""19"": 1, ""20"": 1, ""21"": 1, ""22"": 1, ""23"": 1, ""24"": 1, ""25"": 1, ""26"": 1, ""27"": 1, ""28"": 1}, ""heuristic"": ""LJF"", ""strategy"": ""Fixed"", ""history_phase"": ""multiple-child""}",train_root,,0.0,0,0.0,0.0
3004,200,146,146,adversary,0,0.0,[],[],[],0.0,[],0,0.0,0.0,"AdversaryAction(requests=[], stop_decode_ids=[])","{""type"": ""adversary"", ""requests"": [], ""stop_decode_ids"": [], ""history_phase"": ""forced_step:single-child""}",train_root,,0.0,0,0.0,0.0
3004,200,147,147,controller,0,0.0,[],[],[],0.0,[],18,0.0,0.0,"ControllerAction(token_budget=2589, selected_request_ids=[0, 1, 2, 3, 4, 5, 6, 7, 8, 9, 10, 11, 12, 13, 14, 15, 16, 17, 18, 19, 20, 21, 22, 23, 24, 25, 26, 27, 28, 29, 30], token_allocations={0: 1, 1: 1, 2: 1, 3: 1, 4: 1, 5: 1, 6: 1, 7: 1, 8: 1, 9: 1, 10: 1, 11: 1, 12: 1, 13: 1, 14: 1, 15: 1, 16: 1, 17: 1, 18: 1, 19: 1, 20: 1, 21: 1, 22: 1, 23: 1, 24: 1, 25: 1, 26: 1, 27: 1, 28: 1, 29: 1536, 30: 1024}, prefill_allocations={29: 1536, 30: 1024}, decode_allocations={0: 1, 1: 1, 2: 1, 3: 1, 4: 1, 5: 1, 6: 1, 7: 1, 8: 1, 9: 1, 10: 1, 11: 1, 12: 1, 13: 1, 14: 1, 15: 1, 16: 1, 17: 1, 18: 1, 19: 1, 20: 1, 21: 1, 22: 1, 23: 1, 24: 1, 25: 1, 26: 1, 27: 1, 28: 1}, heuristic='LST', strategy='Fixed', mapping=None)","{""type"": ""controller"", ""token_budget"": 2589, ""selected_request_ids"": [0, 1, 2, 3, 4, 5, 6, 7, 8, 9, 10, 11, 12, 13, 14, 15, 16, 17, 18, 19, 20, 21, 22, 23, 24, 25, 26, 27, 28, 29, 30], ""token_allocations"": {""0"": 1, ""1"": 1, ""2"": 1, ""3"": 1, ""4"": 1, ""5"": 1, ""6"": 1, ""7"": 1, ""8"": 1, ""9"": 1, ""10"": 1, ""11"": 1, ""12"": 1, ""13"": 1, ""14"": 1, ""15"": 1, ""16"": 1, ""17"": 1, ""18"": 1, ""19"": 1, ""20"": 1, ""21"": 1, ""22"": 1, ""23"": 1, ""24"": 1, ""25"": 1, ""26"": 1, ""27"": 1, ""28"": 1, ""29"": 1536, ""30"": 1024}, ""prefill_allocations"": {""29"": 1536, ""30"": 1024}, ""decode_allocations"": {""0"": 1, ""1"": 1, ""2"": 1, ""3"": 1, ""4"": 1, ""5"": 1, ""6"": 1, ""7"": 1, ""8"": 1, ""9"": 1, ""10"": 1, ""11"": 1, ""12"": 1, ""13"": 1, ""14"": 1, ""15"": 1, ""16"": 1, ""17"": 1, ""18"": 1, ""19"": 1, ""20"": 1, ""21"": 1, ""22"": 1, ""23"": 1, ""24"": 1, ""25"": 1, ""26"": 1, ""27"": 1, ""28"": 1}, ""heuristic"": ""LST"", ""strategy"": ""Fixed"", ""history_phase"": ""multiple-child""}",train_root,,0.0,0,0.0,0.0
3004,200,148,148,adversary,0,0.0,[],[],[],0.0,[],0,0.0,0.0,"AdversaryAction(requests=[], stop_decode_ids=[])","{""type"": ""adversary"", ""requests"": [], ""stop_decode_ids"": [], ""history_phase"": ""forced_step:single-child""}",train_root,,0.0,0,0.0,0.0
3004,200,149,149,controller,0,0.0,[],[],[],0.0,[],2,0.0,0.0,"ControllerAction(token_budget=543, selected_request_ids=[0, 1, 2, 3, 4, 5, 6, 7, 8, 9, 10, 11, 12, 13, 14, 15, 16, 17, 18, 19, 20, 21, 22, 23, 24, 25, 26, 27, 28, 29, 30, 31], token_allocations={0: 1, 1: 1, 2: 1, 3: 1, 4: 1, 5: 1, 6: 1, 7: 1, 8: 1, 9: 1, 10: 1, 11: 1, 12: 1, 13: 1, 14: 1, 15: 1, 16: 1, 17: 1, 18: 1, 19: 1, 20: 1, 21: 1, 22: 1, 23: 1, 24: 1, 25: 1, 26: 1, 27: 1, 28: 1, 29: 1, 30: 1, 31: 512}, prefill_allocations={31: 512}, decode_allocations={0: 1, 1: 1, 2: 1, 3: 1, 4: 1, 5: 1, 6: 1, 7: 1, 8: 1, 9: 1, 10: 1, 11: 1, 12: 1, 13: 1, 14: 1, 15: 1, 16: 1, 17: 1, 18: 1, 19: 1, 20: 1, 21: 1, 22: 1, 23: 1, 24: 1, 25: 1, 26: 1, 27: 1, 28: 1, 29: 1, 30: 1}, heuristic='LST', strategy='Fixed', mapping=None)","{""type"": ""controller"", ""token_budget"": 543, ""selected_request_ids"": [0, 1, 2, 3, 4, 5, 6, 7, 8, 9, 10, 11, 12, 13, 14, 15, 16, 17, 18, 19, 20, 21, 22, 23, 24, 25, 26, 27, 28, 29, 30, 31], ""token_allocations"": {""0"": 1, ""1"": 1, ""2"": 1, ""3"": 1, ""4"": 1, ""5"": 1, ""6"": 1, ""7"": 1, ""8"": 1, ""9"": 1, ""10"": 1, ""11"": 1, ""12"": 1, ""13"": 1, ""14"": 1, ""15"": 1, ""16"": 1, ""17"": 1, ""18"": 1, ""19"": 1, ""20"": 1, ""21"": 1, ""22"": 1, ""23"": 1, ""24"": 1, ""25"": 1, ""26"": 1, ""27"": 1, ""28"": 1, ""29"": 1, ""30"": 1, ""31"": 512}, ""prefill_allocations"": {""31"": 512}, ""decode_allocations"": {""0"": 1, ""1"": 1, ""2"": 1, ""3"": 1, ""4"": 1, ""5"": 1, ""6"": 1, ""7"": 1, ""8"": 1, ""9"": 1, ""10"": 1, ""11"": 1, ""12"": 1, ""13"": 1, ""14"": 1, ""15"": 1, ""16"": 1, ""17"": 1, ""18"": 1, ""19"": 1, ""20"": 1, ""21"": 1, ""22"": 1, ""23"": 1, ""24"": 1, ""25"": 1, ""26"": 1, ""27"": 1, ""28"": 1, ""29"": 1, ""30"": 1}, ""heuristic"": ""LST"", ""strategy"": ""Fixed"", ""history_phase"": ""multiple-child""}",train_root,,0.0,0,0.0,0.0
3004,200,150,150,adversary,0,0.0,[],[],[],0.0,[],0,0.0,0.0,"AdversaryAction(requests=[], stop_decode_ids=[])","{""type"": ""adversary"", ""requests"": [], ""stop_decode_ids"": [], ""history_phase"": ""forced_step:single-child""}",train_root,,0.0,0,0.0,0.0
3004,200,151,151,controller,0,0.0,[],[],[],0.0,[],1,0.0,0.0,"ControllerAction(token_budget=543, selected_request_ids=[0, 1, 2, 3, 4, 5, 6, 7, 8, 9, 10, 11, 12, 13, 14, 15, 16, 17, 18, 19, 20, 21, 22, 23, 24, 25, 26, 27, 28, 29, 30, 31], token_allocations={0: 1, 1: 1, 2: 1, 3: 1, 4: 1, 5: 1, 6: 1, 7: 1, 8: 1, 9: 1, 10: 1, 11: 1, 12: 1, 13: 1, 14: 1, 15: 1, 16: 1, 17: 1, 18: 1, 19: 1, 20: 1, 21: 1, 22: 1, 23: 1, 24: 1, 25: 1, 26: 1, 27: 1, 28: 1, 29: 1, 30: 1, 31: 512}, prefill_allocations={31: 512}, decode_allocations={0: 1, 1: 1, 2: 1, 3: 1, 4: 1, 5: 1, 6: 1, 7: 1, 8: 1, 9: 1, 10: 1, 11: 1, 12: 1, 13: 1, 14: 1, 15: 1, 16: 1, 17: 1, 18: 1, 19: 1, 20: 1, 21: 1, 22: 1, 23: 1, 24: 1, 25: 1, 26: 1, 27: 1, 28: 1, 29: 1, 30: 1}, heuristic='EDF', strategy='Fixed', mapping=None)","{""type"": ""controller"", ""token_budget"": 543, ""selected_request_ids"": [0, 1, 2, 3, 4, 5, 6, 7, 8, 9, 10, 11, 12, 13, 14, 15, 16, 17, 18, 19, 20, 21, 22, 23, 24, 25, 26, 27, 28, 29, 30, 31], ""token_allocations"": {""0"": 1, ""1"": 1, ""2"": 1, ""3"": 1, ""4"": 1, ""5"": 1, ""6"": 1, ""7"": 1, ""8"": 1, ""9"": 1, ""10"": 1, ""11"": 1, ""12"": 1, ""13"": 1, ""14"": 1, ""15"": 1, ""16"": 1, ""17"": 1, ""18"": 1, ""19"": 1, ""20"": 1, ""21"": 1, ""22"": 1, ""23"": 1, ""24"": 1, ""25"": 1, ""26"": 1, ""27"": 1, ""28"": 1, ""29"": 1, ""30"": 1, ""31"": 512}, ""prefill_allocations"": {""31"": 512}, ""decode_allocations"": {""0"": 1, ""1"": 1, ""2"": 1, ""3"": 1, ""4"": 1, ""5"": 1, ""6"": 1, ""7"": 1, ""8"": 1, ""9"": 1, ""10"": 1, ""11"": 1, ""12"": 1, ""13"": 1, ""14"": 1, ""15"": 1, ""16"": 1, ""17"": 1, ""18"": 1, ""19"": 1, ""20"": 1, ""21"": 1, ""22"": 1, ""23"": 1, ""24"": 1, ""25"": 1, ""26"": 1, ""27"": 1, ""28"": 1, ""29"": 1, ""30"": 1}, ""heuristic"": ""EDF"", ""strategy"": ""Fixed"", ""history_phase"": ""multiple-child""}",train_root,,0.0,0,0.0,0.0
3004,200,152,152,adversary,0,0.0,[],[],[],0.0,[],0,0.0,0.0,"AdversaryAction(requests=[], stop_decode_ids=[])","{""type"": ""adversary"", ""requests"": [], ""stop_decode_ids"": [], ""history_phase"": ""forced_step:single-child""}",train_root,,0.0,0,0.0,0.0
3004,200,153,153,controller,0,0.0,[],[],[],0.0,[],6,0.0,0.0,"ControllerAction(token_budget=1056, selected_request_ids=[0, 1, 2, 3, 4, 5, 6, 7, 8, 9, 10, 11, 12, 13, 14, 15, 16, 17, 18, 19, 20, 21, 22, 23, 24, 25, 26, 27, 28, 29, 30, 31, 32], token_allocations={0: 1, 1: 1, 2: 1, 3: 1, 4: 1, 5: 1, 6: 1, 7: 1, 8: 1, 9: 1, 10: 1, 11: 1, 12: 1, 13: 1, 14: 1, 15: 1, 16: 1, 17: 1, 18: 1, 19: 1, 20: 1, 21: 1, 22: 1, 23: 1, 24: 1, 25: 1, 26: 1, 27: 1, 28: 1, 29: 1, 30: 1, 31: 1, 32: 1024}, prefill_allocations={32: 1024}, decode_allocations={0: 1, 1: 1, 2: 1, 3: 1, 4: 1, 5: 1, 6: 1, 7: 1, 8: 1, 9: 1, 10: 1, 11: 1, 12: 1, 13: 1, 14: 1, 15: 1, 16: 1, 17: 1, 18: 1, 19: 1, 20: 1, 21: 1, 22: 1, 23: 1, 24: 1, 25: 1, 26: 1, 27: 1, 28: 1, 29: 1, 30: 1, 31: 1}, heuristic='LST', strategy='Fixed', mapping=None)","{""type"": ""controller"", ""token_budget"": 1056, ""selected_request_ids"": [0, 1, 2, 3, 4, 5, 6, 7, 8, 9, 10, 11, 12, 13, 14, 15, 16, 17, 18, 19, 20, 21, 22, 23, 24, 25, 26, 27, 28, 29, 30, 31, 32], ""token_allocations"": {""0"": 1, ""1"": 1, ""2"": 1, ""3"": 1, ""4"": 1, ""5"": 1, ""6"": 1, ""7"": 1, ""8"": 1, ""9"": 1, ""10"": 1, ""11"": 1, ""12"": 1, ""13"": 1, ""14"": 1, ""15"": 1, ""16"": 1, ""17"": 1, ""18"": 1, ""19"": 1, ""20"": 1, ""21"": 1, ""22"": 1, ""23"": 1, ""24"": 1, ""25"": 1, ""26"": 1, ""27"": 1, ""28"": 1, ""29"": 1, ""30"": 1, ""31"": 1, ""32"": 1024}, ""prefill_allocations"": {""32"": 1024}, ""decode_allocations"": {""0"": 1, ""1"": 1, ""2"": 1, ""3"": 1, ""4"": 1, ""5"": 1, ""6"": 1, ""7"": 1, ""8"": 1, ""9"": 1, ""10"": 1, ""11"": 1, ""12"": 1, ""13"": 1, ""14"": 1, ""15"": 1, ""16"": 1, ""17"": 1, ""18"": 1, ""19"": 1, ""20"": 1, ""21"": 1, ""22"": 1, ""23"": 1, ""24"": 1, ""25"": 1, ""26"": 1, ""27"": 1, ""28"": 1, ""29"": 1, ""30"": 1, ""31"": 1}, ""heuristic"": ""LST"", ""strategy"": ""Fixed"", ""history_phase"": ""multiple-child""}",train_root,,0.0,0,0.0,0.0
3004,200,154,154,adversary,0,0.0,[],[],[],0.0,[],0,0.0,0.0,"AdversaryAction(requests=[], stop_decode_ids=[])","{""type"": ""adversary"", ""requests"": [], ""stop_decode_ids"": [], ""history_phase"": ""forced_step:single-child""}",train_root,,0.0,0,0.0,0.0
3004,200,155,155,controller,0,0.0,[],[],[],0.0,[],0,0.0,0.0,"ControllerAction(token_budget=33, selected_request_ids=[0, 1, 2, 3, 4, 5, 6, 7, 8, 9, 10, 11, 12, 13, 14, 15, 16, 17, 18, 19, 20, 21, 22, 23, 24, 25, 26, 27, 28, 29, 30, 31, 32], token_allocations={0: 1, 1: 1, 2: 1, 3: 1, 4: 1, 5: 1, 6: 1, 7: 1, 8: 1, 9: 1, 10: 1, 11: 1, 12: 1, 13: 1, 14: 1, 15: 1, 16: 1, 17: 1, 18: 1, 19: 1, 20: 1, 21: 1, 22: 1, 23: 1, 24: 1, 25: 1, 26: 1, 27: 1, 28: 1, 29: 1, 30: 1, 31: 1, 32: 1}, prefill_allocations={}, decode_allocations={0: 1, 1: 1, 2: 1, 3: 1, 4: 1, 5: 1, 6: 1, 7: 1, 8: 1, 9: 1, 10: 1, 11: 1, 12: 1, 13: 1, 14: 1, 15: 1, 16: 1, 17: 1, 18: 1, 19: 1, 20: 1, 21: 1, 22: 1, 23: 1, 24: 1, 25: 1, 26: 1, 27: 1, 28: 1, 29: 1, 30: 1, 31: 1, 32: 1}, heuristic='SJF', strategy='Fixed', mapping=None)","{""type"": ""controller"", ""token_budget"": 33, ""selected_request_ids"": [0, 1, 2, 3, 4, 5, 6, 7, 8, 9, 10, 11, 12, 13, 14, 15, 16, 17, 18, 19, 20, 21, 22, 23, 24, 25, 26, 27, 28, 29, 30, 31, 32], ""token_allocations"": {""0"": 1, ""1"": 1, ""2"": 1, ""3"": 1, ""4"": 1, ""5"": 1, ""6"": 1, ""7"": 1, ""8"": 1, ""9"": 1, ""10"": 1, ""11"": 1, ""12"": 1, ""13"": 1, ""14"": 1, ""15"": 1, ""16"": 1, ""17"": 1, ""18"": 1, ""19"": 1, ""20"": 1, ""21"": 1, ""22"": 1, ""23"": 1, ""24"": 1, ""25"": 1, ""26"": 1, ""27"": 1, ""28"": 1, ""29"": 1, ""30"": 1, ""31"": 1, ""32"": 1}, ""prefill_allocations"": {}, ""decode_allocations"": {""0"": 1, ""1"": 1, ""2"": 1, ""3"": 1, ""4"": 1, ""5"": 1, ""6"": 1, ""7"": 1, ""8"": 1, ""9"": 1, ""10"": 1, ""11"": 1, ""12"": 1, ""13"": 1, ""14"": 1, ""15"": 1, ""16"": 1, ""17"": 1, ""18"": 1, ""19"": 1, ""20"": 1, ""21"": 1, ""22"": 1, ""23"": 1, ""24"": 1, ""25"": 1, ""26"": 1, ""27"": 1, ""28"": 1, ""29"": 1, ""30"": 1, ""31"": 1, ""32"": 1}, ""heuristic"": ""SJF"", ""strategy"": ""Fixed"", ""history_phase"": ""forced_step:single-child""}",train_root,,0.0,0,0.0,0.0
3004,200,156,156,adversary,0,0.0,[],[],[],0.0,[],4,0.0,0.0,"AdversaryAction(requests=[AdversaryRequestSpec(prefill_tokens=3072, decode_tokens=5000, prefill_slo=0.3874467952163693, decode_slo=0.05), AdversaryRequestSpec(prefill_tokens=3072, decode_tokens=5000, prefill_slo=0.3874467952163693, decode_slo=0.05), AdversaryRequestSpec(prefill_tokens=3072, decode_tokens=5000, prefill_slo=0.3874467952163693, decode_slo=0.05), AdversaryRequestSpec(prefill_tokens=3072, decode_tokens=5000, prefill_slo=0.3874467952163693, decode_slo=0.05), AdversaryRequestSpec(prefill_tokens=3072, decode_tokens=5000, prefill_slo=0.3874467952163693, decode_slo=0.05)], stop_decode_ids=[])","{""type"": ""adversary"", ""requests"": [{""prefill_tokens"": 3072, ""decode_tokens"": 5000, ""prefill_slo"": 0.3874467952163693, ""decode_slo"": 0.05}, {""prefill_tokens"": 3072, ""decode_tokens"": 5000, ""prefill_slo"": 0.3874467952163693, ""decode_slo"": 0.05}, {""prefill_tokens"": 3072, ""decode_tokens"": 5000, ""prefill_slo"": 0.3874467952163693, ""decode_slo"": 0.05}, {""prefill_tokens"": 3072, ""decode_tokens"": 5000, ""prefill_slo"": 0.3874467952163693, ""decode_slo"": 0.05}, {""prefill_tokens"": 3072, ""decode_tokens"": 5000, ""prefill_slo"": 0.3874467952163693, ""decode_slo"": 0.05}], ""stop_decode_ids"": [], ""history_phase"": ""multiple-child""}",train_root,,0.0,0,0.0,0.0
3004,200,157,157,controller,0,0.0,[],[],[],0.0,[],11,0.0,0.0,"ControllerAction(token_budget=1569, selected_request_ids=[0, 1, 2, 3, 4, 5, 6, 7, 8, 9, 10, 11, 12, 13, 14, 15, 16, 17, 18, 19, 20, 21, 22, 23, 24, 25, 26, 27, 28, 29, 30, 31, 32, 33], token_allocations={0: 1, 1: 1, 2: 1, 3: 1, 4: 1, 5: 1, 6: 1, 7: 1, 8: 1, 9: 1, 10: 1, 11: 1, 12: 1, 13: 1, 14: 1, 15: 1, 16: 1, 17: 1, 18: 1, 19: 1, 20: 1, 21: 1, 22: 1, 23: 1, 24: 1, 25: 1, 26: 1, 27: 1, 28: 1, 29: 1, 30: 1, 31: 1, 32: 1, 33: 1536}, prefill_allocations={33: 1536}, decode_allocations={0: 1, 1: 1, 2: 1, 3: 1, 4: 1, 5: 1, 6: 1, 7: 1, 8: 1, 9: 1, 10: 1, 11: 1, 12: 1, 13: 1, 14: 1, 15: 1, 16: 1, 17: 1, 18: 1, 19: 1, 20: 1, 21: 1, 22: 1, 23: 1, 24: 1, 25: 1, 26: 1, 27: 1, 28: 1, 29: 1, 30: 1, 31: 1, 32: 1}, heuristic='LJF', strategy='Fixed', mapping=None)","{""type"": ""controller"", ""token_budget"": 1569, ""selected_request_ids"": [0, 1, 2, 3, 4, 5, 6, 7, 8, 9, 10, 11, 12, 13, 14, 15, 16, 17, 18, 19, 20, 21, 22, 23, 24, 25, 26, 27, 28, 29, 30, 31, 32, 33], ""token_allocations"": {""0"": 1, ""1"": 1, ""2"": 1, ""3"": 1, ""4"": 1, ""5"": 1, ""6"": 1, ""7"": 1, ""8"": 1, ""9"": 1, ""10"": 1, ""11"": 1, ""12"": 1, ""13"": 1, ""14"": 1, ""15"": 1, ""16"": 1, ""17"": 1, ""18"": 1, ""19"": 1, ""20"": 1, ""21"": 1, ""22"": 1, ""23"": 1, ""24"": 1, ""25"": 1, ""26"": 1, ""27"": 1, ""28"": 1, ""29"": 1, ""30"": 1, ""31"": 1, ""32"": 1, ""33"": 1536}, ""prefill_allocations"": {""33"": 1536}, ""decode_allocations"": {""0"": 1, ""1"": 1, ""2"": 1, ""3"": 1, ""4"": 1, ""5"": 1, ""6"": 1, ""7"": 1, ""8"": 1, ""9"": 1, ""10"": 1, ""11"": 1, ""12"": 1, ""13"": 1, ""14"": 1, ""15"": 1, ""16"": 1, ""17"": 1, ""18"": 1, ""19"": 1, ""20"": 1, ""21"": 1, ""22"": 1, ""23"": 1, ""24"": 1, ""25"": 1, ""26"": 1, ""27"": 1, ""28"": 1, ""29"": 1, ""30"": 1, ""31"": 1, ""32"": 1}, ""heuristic"": ""LJF"", ""strategy"": ""Fixed"", ""history_phase"": ""multiple-child""}",train_root,,0.0,0,0.0,0.0
3004,200,158,158,adversary,0,0.0,[],[],[],0.0,[],0,0.0,0.0,"AdversaryAction(requests=[], stop_decode_ids=[])","{""type"": ""adversary"", ""requests"": [], ""stop_decode_ids"": [], ""history_phase"": ""forced_step:single-child""}",train_root,,0.0,0,0.0,0.0
3004,200,159,159,controller,0,0.0,[],[],[],0.0,[],22,0.0,0.0,"ControllerAction(token_budget=3105, selected_request_ids=[0, 1, 2, 3, 4, 5, 6, 7, 8, 9, 10, 11, 12, 13, 14, 15, 16, 17, 18, 19, 20, 21, 22, 23, 24, 25, 26, 27, 28, 29, 30, 31, 32, 34], token_allocations={0: 1, 1: 1, 2: 1, 3: 1, 4: 1, 5: 1, 6: 1, 7: 1, 8: 1, 9: 1, 10: 1, 11: 1, 12: 1, 13: 1, 14: 1, 15: 1, 16: 1, 17: 1, 18: 1, 19: 1, 20: 1, 21: 1, 22: 1, 23: 1, 24: 1, 25: 1, 26: 1, 27: 1, 28: 1, 29: 1, 30: 1, 31: 1, 32: 1, 34: 3072}, prefill_allocations={34: 3072}, decode_allocations={0: 1, 1: 1, 2: 1, 3: 1, 4: 1, 5: 1, 6: 1, 7: 1, 8: 1, 9: 1, 10: 1, 11: 1, 12: 1, 13: 1, 14: 1, 15: 1, 16: 1, 17: 1, 18: 1, 19: 1, 20: 1, 21: 1, 22: 1, 23: 1, 24: 1, 25: 1, 26: 1, 27: 1, 28: 1, 29: 1, 30: 1, 31: 1, 32: 1}, heuristic='LST', strategy='Fixed', mapping=None)","{""type"": ""controller"", ""token_budget"": 3105, ""selected_request_ids"": [0, 1, 2, 3, 4, 5, 6, 7, 8, 9, 10, 11, 12, 13, 14, 15, 16, 17, 18, 19, 20, 21, 22, 23, 24, 25, 26, 27, 28, 29, 30, 31, 32, 34], ""token_allocations"": {""0"": 1, ""1"": 1, ""2"": 1, ""3"": 1, ""4"": 1, ""5"": 1, ""6"": 1, ""7"": 1, ""8"": 1, ""9"": 1, ""10"": 1, ""11"": 1, ""12"": 1, ""13"": 1, ""14"": 1, ""15"": 1, ""16"": 1, ""17"": 1, ""18"": 1, ""19"": 1, ""20"": 1, ""21"": 1, ""22"": 1, ""23"": 1, ""24"": 1, ""25"": 1, ""26"": 1, ""27"": 1, ""28"": 1, ""29"": 1, ""30"": 1, ""31"": 1, ""32"": 1, ""34"": 3072}, ""prefill_allocations"": {""34"": 3072}, ""decode_allocations"": {""0"": 1, ""1"": 1, ""2"": 1, ""3"": 1, ""4"": 1, ""5"": 1, ""6"": 1, ""7"": 1, ""8"": 1, ""9"": 1, ""10"": 1, ""11"": 1, ""12"": 1, ""13"": 1, ""14"": 1, ""15"": 1, ""16"": 1, ""17"": 1, ""18"": 1, ""19"": 1, ""20"": 1, ""21"": 1, ""22"": 1, ""23"": 1, ""24"": 1, ""25"": 1, ""26"": 1, ""27"": 1, ""28"": 1, ""29"": 1, ""30"": 1, ""31"": 1, ""32"": 1}, ""heuristic"": ""LST"", ""strategy"": ""Fixed"", ""history_phase"": ""multiple-child""}",train_root,,0.0,0,0.0,0.0
3004,200,160,160,adversary,0,0.0,[],[],[],0.0,[],0,0.0,0.0,"AdversaryAction(requests=[], stop_decode_ids=[])","{""type"": ""adversary"", ""requests"": [], ""stop_decode_ids"": [], ""history_phase"": ""forced_step:single-child""}",train_root,,0.0,0,0.0,0.0
3004,200,161,161,controller,0,0.0,[],[],[],0.0,[],16,0.0,0.0,"ControllerAction(token_budget=2594, selected_request_ids=[0, 1, 2, 3, 4, 5, 6, 7, 8, 9, 10, 11, 12, 13, 14, 15, 16, 17, 18, 19, 20, 21, 22, 23, 24, 25, 26, 27, 28, 29, 30, 31, 32, 33, 34, 35], token_allocations={0: 1, 1: 1, 2: 1, 3: 1, 4: 1, 5: 1, 6: 1, 7: 1, 8: 1, 9: 1, 10: 1, 11: 1, 12: 1, 13: 1, 14: 1, 15: 1, 16: 1, 17: 1, 18: 1, 19: 1, 20: 1, 21: 1, 22: 1, 23: 1, 24: 1, 25: 1, 26: 1, 27: 1, 28: 1, 29: 1, 30: 1, 31: 1, 32: 1, 33: 1536, 34: 1, 35: 1024}, prefill_allocations={33: 1536, 35: 1024}, decode_allocations={0: 1, 1: 1, 2: 1, 3: 1, 4: 1, 5: 1, 6: 1, 7: 1, 8: 1, 9: 1, 10: 1, 11: 1, 12: 1, 13: 1, 14: 1, 15: 1, 16: 1, 17: 1, 18: 1, 19: 1, 20: 1, 21: 1, 22: 1, 23: 1, 24: 1, 25: 1, 26: 1, 27: 1, 28: 1, 29: 1, 30: 1, 31: 1, 32: 1, 34: 1}, heuristic='SJF', strategy='Fixed', mapping=None)","{""type"": ""controller"", ""token_budget"": 2594, ""selected_request_ids"": [0, 1, 2, 3, 4, 5, 6, 7, 8, 9, 10, 11, 12, 13, 14, 15, 16, 17, 18, 19, 20, 21, 22, 23, 24, 25, 26, 27, 28, 29, 30, 31, 32, 33, 34, 35], ""token_allocations"": {""0"": 1, ""1"": 1, ""2"": 1, ""3"": 1, ""4"": 1, ""5"": 1, ""6"": 1, ""7"": 1, ""8"": 1, ""9"": 1, ""10"": 1, ""11"": 1, ""12"": 1, ""13"": 1, ""14"": 1, ""15"": 1, ""16"": 1, ""17"": 1, ""18"": 1, ""19"": 1, ""20"": 1, ""21"": 1, ""22"": 1, ""23"": 1, ""24"": 1, ""25"": 1, ""26"": 1, ""27"": 1, ""28"": 1, ""29"": 1, ""30"": 1, ""31"": 1, ""32"": 1, ""33"": 1536, ""34"": 1, ""35"": 1024}, ""prefill_allocations"": {""33"": 1536, ""35"": 1024}, ""decode_allocations"": {""0"": 1, ""1"": 1, ""2"": 1, ""3"": 1, ""4"": 1, ""5"": 1, ""6"": 1, ""7"": 1, ""8"": 1, ""9"": 1, ""10"": 1, ""11"": 1, ""12"": 1, ""13"": 1, ""14"": 1, ""15"": 1, ""16"": 1, ""17"": 1, ""18"": 1, ""19"": 1, ""20"": 1, ""21"": 1, ""22"": 1, ""23"": 1, ""24"": 1, ""25"": 1, ""26"": 1, ""27"": 1, ""28"": 1, ""29"": 1, ""30"": 1, ""31"": 1, ""32"": 1, ""34"": 1}, ""heuristic"": ""SJF"", ""strategy"": ""Fixed"", ""history_phase"": ""multiple-child""}",train_root,,0.0,0,0.0,0.0
3004,200,162,162,adversary,0,0.0,[],[],[],0.0,[],0,0.0,0.0,"AdversaryAction(requests=[], stop_decode_ids=[])","{""type"": ""adversary"", ""requests"": [], ""stop_decode_ids"": [], ""history_phase"": ""forced_step:single-child""}",train_root,,0.0,0,0.0,0.0
3004,200,163,163,controller,0,0.0,[],[],[],0.0,[],15,0.0,0.0,"ControllerAction(token_budget=2083, selected_request_ids=[0, 1, 2, 3, 4, 5, 6, 7, 8, 9, 10, 11, 12, 13, 14, 15, 16, 17, 18, 19, 20, 21, 22, 23, 24, 25, 26, 27, 28, 29, 30, 31, 32, 33, 34, 36], token_allocations={0: 1, 1: 1, 2: 1, 3: 1, 4: 1, 5: 1, 6: 1, 7: 1, 8: 1, 9: 1, 10: 1, 11: 1, 12: 1, 13: 1, 14: 1, 15: 1, 16: 1, 17: 1, 18: 1, 19: 1, 20: 1, 21: 1, 22: 1, 23: 1, 24: 1, 25: 1, 26: 1, 27: 1, 28: 1, 29: 1, 30: 1, 31: 1, 32: 1, 33: 1, 34: 1, 36: 2048}, prefill_allocations={36: 2048}, decode_allocations={0: 1, 1: 1, 2: 1, 3: 1, 4: 1, 5: 1, 6: 1, 7: 1, 8: 1, 9: 1, 10: 1, 11: 1, 12: 1, 13: 1, 14: 1, 15: 1, 16: 1, 17: 1, 18: 1, 19: 1, 20: 1, 21: 1, 22: 1, 23: 1, 24: 1, 25: 1, 26: 1, 27: 1, 28: 1, 29: 1, 30: 1, 31: 1, 32: 1, 33: 1, 34: 1}, heuristic='LJF', strategy='Fixed', mapping=None)","{""type"": ""controller"", ""token_budget"": 2083, ""selected_request_ids"": [0, 1, 2, 3, 4, 5, 6, 7, 8, 9, 10, 11, 12, 13, 14, 15, 16, 17, 18, 19, 20, 21, 22, 23, 24, 25, 26, 27, 28, 29, 30, 31, 32, 33, 34, 36], ""token_allocations"": {""0"": 1, ""1"": 1, ""2"": 1, ""3"": 1, ""4"": 1, ""5"": 1, ""6"": 1, ""7"": 1, ""8"": 1, ""9"": 1, ""10"": 1, ""11"": 1, ""12"": 1, ""13"": 1, ""14"": 1, ""15"": 1, ""16"": 1, ""17"": 1, ""18"": 1, ""19"": 1, ""20"": 1, ""21"": 1, ""22"": 1, ""23"": 1, ""24"": 1, ""25"": 1, ""26"": 1, ""27"": 1, ""28"": 1, ""29"": 1, ""30"": 1, ""31"": 1, ""32"": 1, ""33"": 1, ""34"": 1, ""36"": 2048}, ""prefill_allocations"": {""36"": 2048}, ""decode_allocations"": {""0"": 1, ""1"": 1, ""2"": 1, ""3"": 1, ""4"": 1, ""5"": 1, ""6"": 1, ""7"": 1, ""8"": 1, ""9"": 1, ""10"": 1, ""11"": 1, ""12"": 1, ""13"": 1, ""14"": 1, ""15"": 1, ""16"": 1, ""17"": 1, ""18"": 1, ""19"": 1, ""20"": 1, ""21"": 1, ""22"": 1, ""23"": 1, ""24"": 1, ""25"": 1, ""26"": 1, ""27"": 1, ""28"": 1, ""29"": 1, ""30"": 1, ""31"": 1, ""32"": 1, ""33"": 1, ""34"": 1}, ""heuristic"": ""LJF"", ""strategy"": ""Fixed"", ""history_phase"": ""multiple-child""}",train_root,,0.0,0,0.0,0.0
3004,200,164,164,adversary,0,0.0,[],[],[],0.0,[],0,0.0,0.0,"AdversaryAction(requests=[], stop_decode_ids=[])","{""type"": ""adversary"", ""requests"": [], ""stop_decode_ids"": [], ""history_phase"": ""forced_step:single-child""}",train_root,,0.0,0,0.0,0.0
3004,200,165,165,controller,0,0.0,[],[],[],0.0,[],13,0.0,0.0,"ControllerAction(token_budget=2083, selected_request_ids=[0, 1, 2, 3, 4, 5, 6, 7, 8, 9, 10, 11, 12, 13, 14, 15, 16, 17, 18, 19, 20, 21, 22, 23, 24, 25, 26, 27, 28, 29, 30, 31, 32, 33, 34, 35], token_allocations={0: 1, 1: 1, 2: 1, 3: 1, 4: 1, 5: 1, 6: 1, 7: 1, 8: 1, 9: 1, 10: 1, 11: 1, 12: 1, 13: 1, 14: 1, 15: 1, 16: 1, 17: 1, 18: 1, 19: 1, 20: 1, 21: 1, 22: 1, 23: 1, 24: 1, 25: 1, 26: 1, 27: 1, 28: 1, 29: 1, 30: 1, 31: 1, 32: 1, 33: 1, 34: 1, 35: 2048}, prefill_allocations={35: 2048}, decode_allocations={0: 1, 1: 1, 2: 1, 3: 1, 4: 1, 5: 1, 6: 1, 7: 1, 8: 1, 9: 1, 10: 1, 11: 1, 12: 1, 13: 1, 14: 1, 15: 1, 16: 1, 17: 1, 18: 1, 19: 1, 20: 1, 21: 1, 22: 1, 23: 1, 24: 1, 25: 1, 26: 1, 27: 1, 28: 1, 29: 1, 30: 1, 31: 1, 32: 1, 33: 1, 34: 1}, heuristic='EDF', strategy='Fixed', mapping=None)","{""type"": ""controller"", ""token_budget"": 2083, ""selected_request_ids"": [0, 1, 2, 3, 4, 5, 6, 7, 8, 9, 10, 11, 12, 13, 14, 15, 16, 17, 18, 19, 20, 21, 22, 23, 24, 25, 26, 27, 28, 29, 30, 31, 32, 33, 34, 35], ""token_allocations"": {""0"": 1, ""1"": 1, ""2"": 1, ""3"": 1, ""4"": 1, ""5"": 1, ""6"": 1, ""7"": 1, ""8"": 1, ""9"": 1, ""10"": 1, ""11"": 1, ""12"": 1, ""13"": 1, ""14"": 1, ""15"": 1, ""16"": 1, ""17"": 1, ""18"": 1, ""19"": 1, ""20"": 1, ""21"": 1, ""22"": 1, ""23"": 1, ""24"": 1, ""25"": 1, ""26"": 1, ""27"": 1, ""28"": 1, ""29"": 1, ""30"": 1, ""31"": 1, ""32"": 1, ""33"": 1, ""34"": 1, ""35"": 2048}, ""prefill_allocations"": {""35"": 2048}, ""decode_allocations"": {""0"": 1, ""1"": 1, ""2"": 1, ""3"": 1, ""4"": 1, ""5"": 1, ""6"": 1, ""7"": 1, ""8"": 1, ""9"": 1, ""10"": 1, ""11"": 1, ""12"": 1, ""13"": 1, ""14"": 1, ""15"": 1, ""16"": 1, ""17"": 1, ""18"": 1, ""19"": 1, ""20"": 1, ""21"": 1, ""22"": 1, ""23"": 1, ""24"": 1, ""25"": 1, ""26"": 1, ""27"": 1, ""28"": 1, ""29"": 1, ""30"": 1, ""31"": 1, ""32"": 1, ""33"": 1, ""34"": 1}, ""heuristic"": ""EDF"", ""strategy"": ""Fixed"", ""history_phase"": ""multiple-child""}",train_root,,0.0,0,0.0,0.0
3004,200,166,166,adversary,0,0.0,[],[],[],0.0,[],0,0.0,0.0,"AdversaryAction(requests=[], stop_decode_ids=[])","{""type"": ""adversary"", ""requests"": [], ""stop_decode_ids"": [], ""history_phase"": ""forced_step:single-child""}",train_root,,0.0,0,0.0,0.0
3004,200,167,167,controller,0,0.0,[],[],[],0.0,[],2,0.0,0.0,"ControllerAction(token_budget=548, selected_request_ids=[0, 1, 2, 3, 4, 5, 6, 7, 8, 9, 10, 11, 12, 13, 14, 15, 16, 17, 18, 19, 20, 21, 22, 23, 24, 25, 26, 27, 28, 29, 30, 31, 32, 33, 34, 35, 37], token_allocations={0: 1, 1: 1, 2: 1, 3: 1, 4: 1, 5: 1, 6: 1, 7: 1, 8: 1, 9: 1, 10: 1, 11: 1, 12: 1, 13: 1, 14: 1, 15: 1, 16: 1, 17: 1, 18: 1, 19: 1, 20: 1, 21: 1, 22: 1, 23: 1, 24: 1, 25: 1, 26: 1, 27: 1, 28: 1, 29: 1, 30: 1, 31: 1, 32: 1, 33: 1, 34: 1, 35: 1, 37: 512}, prefill_allocations={37: 512}, decode_allocations={0: 1, 1: 1, 2: 1, 3: 1, 4: 1, 5: 1, 6: 1, 7: 1, 8: 1, 9: 1, 10: 1, 11: 1, 12: 1, 13: 1, 14: 1, 15: 1, 16: 1, 17: 1, 18: 1, 19: 1, 20: 1, 21: 1, 22: 1, 23: 1, 24: 1, 25: 1, 26: 1, 27: 1, 28: 1, 29: 1, 30: 1, 31: 1, 32: 1, 33: 1, 34: 1, 35: 1}, heuristic='LST', strategy='Fixed', mapping=None)","{""type"": ""controller"", ""token_budget"": 548, ""selected_request_ids"": [0, 1, 2, 3, 4, 5, 6, 7, 8, 9, 10, 11, 12, 13, 14, 15, 16, 17, 18, 19, 20, 21, 22, 23, 24, 25, 26, 27, 28, 29, 30, 31, 32, 33, 34, 35, 37], ""token_allocations"": {""0"": 1, ""1"": 1, ""2"": 1, ""3"": 1, ""4"": 1, ""5"": 1, ""6"": 1, ""7"": 1, ""8"": 1, ""9"": 1, ""10"": 1, ""11"": 1, ""12"": 1, ""13"": 1, ""14"": 1, ""15"": 1, ""16"": 1, ""17"": 1, ""18"": 1, ""19"": 1, ""20"": 1, ""21"": 1, ""22"": 1, ""23"": 1, ""24"": 1, ""25"": 1, ""26"": 1, ""27"": 1, ""28"": 1, ""29"": 1, ""30"": 1, ""31"": 1, ""32"": 1, ""33"": 1, ""34"": 1, ""35"": 1, ""37"": 512}, ""prefill_allocations"": {""37"": 512}, ""decode_allocations"": {""0"": 1, ""1"": 1, ""2"": 1, ""3"": 1, ""4"": 1, ""5"": 1, ""6"": 1, ""7"": 1, ""8"": 1, ""9"": 1, ""10"": 1, ""11"": 1, ""12"": 1, ""13"": 1, ""14"": 1, ""15"": 1, ""16"": 1, ""17"": 1, ""18"": 1, ""19"": 1, ""20"": 1, ""21"": 1, ""22"": 1, ""23"": 1, ""24"": 1, ""25"": 1, ""26"": 1, ""27"": 1, ""28"": 1, ""29"": 1, ""30"": 1, ""31"": 1, ""32"": 1, ""33"": 1, ""34"": 1, ""35"": 1}, ""heuristic"": ""LST"", ""strategy"": ""Fixed"", ""history_phase"": ""multiple-child""}",train_root,,0.0,0,0.0,0.0
3004,200,168,168,adversary,0,0.0,[],[],[],0.0,[],0,0.0,0.0,"AdversaryAction(requests=[], stop_decode_ids=[])","{""type"": ""adversary"", ""requests"": [], ""stop_decode_ids"": [], ""history_phase"": ""forced_step:single-child""}",train_root,,0.0,0,0.0,0.0
3004,200,169,169,controller,0,0.0,[],[],[],0.0,[],10,0.0,0.0,"ControllerAction(token_budget=1572, selected_request_ids=[0, 1, 2, 3, 4, 5, 6, 7, 8, 9, 10, 11, 12, 13, 14, 15, 16, 17, 18, 19, 20, 21, 22, 23, 24, 25, 26, 27, 28, 29, 30, 31, 32, 33, 34, 35, 37], token_allocations={0: 1, 1: 1, 2: 1, 3: 1, 4: 1, 5: 1, 6: 1, 7: 1, 8: 1, 9: 1, 10: 1, 11: 1, 12: 1, 13: 1, 14: 1, 15: 1, 16: 1, 17: 1, 18: 1, 19: 1, 20: 1, 21: 1, 22: 1, 23: 1, 24: 1, 25: 1, 26: 1, 27: 1, 28: 1, 29: 1, 30: 1, 31: 1, 32: 1, 33: 1, 34: 1, 35: 1, 37: 1536}, prefill_allocations={37: 1536}, decode_allocations={0: 1, 1: 1, 2: 1, 3: 1, 4: 1, 5: 1, 6: 1, 7: 1, 8: 1, 9: 1, 10: 1, 11: 1, 12: 1, 13: 1, 14: 1, 15: 1, 16: 1, 17: 1, 18: 1, 19: 1, 20: 1, 21: 1, 22: 1, 23: 1, 24: 1, 25: 1, 26: 1, 27: 1, 28: 1, 29: 1, 30: 1, 31: 1, 32: 1, 33: 1, 34: 1, 35: 1}, heuristic='LST', strategy='Fixed', mapping=None)","{""type"": ""controller"", ""token_budget"": 1572, ""selected_request_ids"": [0, 1, 2, 3, 4, 5, 6, 7, 8, 9, 10, 11, 12, 13, 14, 15, 16, 17, 18, 19, 20, 21, 22, 23, 24, 25, 26, 27, 28, 29, 30, 31, 32, 33, 34, 35, 37], ""token_allocations"": {""0"": 1, ""1"": 1, ""2"": 1, ""3"": 1, ""4"": 1, ""5"": 1, ""6"": 1, ""7"": 1, ""8"": 1, ""9"": 1, ""10"": 1, ""11"": 1, ""12"": 1, ""13"": 1, ""14"": 1, ""15"": 1, ""16"": 1, ""17"": 1, ""18"": 1, ""19"": 1, ""20"": 1, ""21"": 1, ""22"": 1, ""23"": 1, ""24"": 1, ""25"": 1, ""26"": 1, ""27"": 1, ""28"": 1, ""29"": 1, ""30"": 1, ""31"": 1, ""32"": 1, ""33"": 1, ""34"": 1, ""35"": 1, ""37"": 1536}, ""prefill_allocations"": {""37"": 1536}, ""decode_allocations"": {""0"": 1, ""1"": 1, ""2"": 1, ""3"": 1, ""4"": 1, ""5"": 1, ""6"": 1, ""7"": 1, ""8"": 1, ""9"": 1, ""10"": 1, ""11"": 1, ""12"": 1, ""13"": 1, ""14"": 1, ""15"": 1, ""16"": 1, ""17"": 1, ""18"": 1, ""19"": 1, ""20"": 1, ""21"": 1, ""22"": 1, ""23"": 1, ""24"": 1, ""25"": 1, ""26"": 1, ""27"": 1, ""28"": 1, ""29"": 1, ""30"": 1, ""31"": 1, ""32"": 1, ""33"": 1, ""34"": 1, ""35"": 1}, ""heuristic"": ""LST"", ""strategy"": ""Fixed"", ""history_phase"": ""multiple-child""}",train_root,,0.0,0,0.0,0.0
3004,200,170,170,adversary,0,0.0,[],[],[],0.0,[],0,0.0,0.0,"AdversaryAction(requests=[], stop_decode_ids=[])","{""type"": ""adversary"", ""requests"": [], ""stop_decode_ids"": [], ""history_phase"": ""forced_step:single-child""}",train_root,,0.0,0,0.0,0.0
3004,200,171,171,controller,0,0.0,[],[],[],0.0,[],4,0.0,0.0,"ControllerAction(token_budget=1060, selected_request_ids=[0, 1, 2, 3, 4, 5, 6, 7, 8, 9, 10, 11, 12, 13, 14, 15, 16, 17, 18, 19, 20, 21, 22, 23, 24, 25, 26, 27, 28, 29, 30, 31, 32, 33, 34, 35, 36], token_allocations={0: 1, 1: 1, 2: 1, 3: 1, 4: 1, 5: 1, 6: 1, 7: 1, 8: 1, 9: 1, 10: 1, 11: 1, 12: 1, 13: 1, 14: 1, 15: 1, 16: 1, 17: 1, 18: 1, 19: 1, 20: 1, 21: 1, 22: 1, 23: 1, 24: 1, 25: 1, 26: 1, 27: 1, 28: 1, 29: 1, 30: 1, 31: 1, 32: 1, 33: 1, 34: 1, 35: 1, 36: 1024}, prefill_allocations={36: 1024}, decode_allocations={0: 1, 1: 1, 2: 1, 3: 1, 4: 1, 5: 1, 6: 1, 7: 1, 8: 1, 9: 1, 10: 1, 11: 1, 12: 1, 13: 1, 14: 1, 15: 1, 16: 1, 17: 1, 18: 1, 19: 1, 20: 1, 21: 1, 22: 1, 23: 1, 24: 1, 25: 1, 26: 1, 27: 1, 28: 1, 29: 1, 30: 1, 31: 1, 32: 1, 33: 1, 34: 1, 35: 1}, heuristic='SJF', strategy='Fixed', mapping=None)","{""type"": ""controller"", ""token_budget"": 1060, ""selected_request_ids"": [0, 1, 2, 3, 4, 5, 6, 7, 8, 9, 10, 11, 12, 13, 14, 15, 16, 17, 18, 19, 20, 21, 22, 23, 24, 25, 26, 27, 28, 29, 30, 31, 32, 33, 34, 35, 36], ""token_allocations"": {""0"": 1, ""1"": 1, ""2"": 1, ""3"": 1, ""4"": 1, ""5"": 1, ""6"": 1, ""7"": 1, ""8"": 1, ""9"": 1, ""10"": 1, ""11"": 1, ""12"": 1, ""13"": 1, ""14"": 1, ""15"": 1, ""16"": 1, ""17"": 1, ""18"": 1, ""19"": 1, ""20"": 1, ""21"": 1, ""22"": 1, ""23"": 1, ""24"": 1, ""25"": 1, ""26"": 1, ""27"": 1, ""28"": 1, ""29"": 1, ""30"": 1, ""31"": 1, ""32"": 1, ""33"": 1, ""34"": 1, ""35"": 1, ""36"": 1024}, ""prefill_allocations"": {""36"": 1024}, ""decode_allocations"": {""0"": 1, ""1"": 1, ""2"": 1, ""3"": 1, ""4"": 1, ""5"": 1, ""6"": 1, ""7"": 1, ""8"": 1, ""9"": 1, ""10"": 1, ""11"": 1, ""12"": 1, ""13"": 1, ""14"": 1, ""15"": 1, ""16"": 1, ""17"": 1, ""18"": 1, ""19"": 1, ""20"": 1, ""21"": 1, ""22"": 1, ""23"": 1, ""24"": 1, ""25"": 1, ""26"": 1, ""27"": 1, ""28"": 1, ""29"": 1, ""30"": 1, ""31"": 1, ""32"": 1, ""33"": 1, ""34"": 1, ""35"": 1}, ""heuristic"": ""SJF"", ""strategy"": ""Fixed"", ""history_phase"": ""multiple-child""}",train_root,,0.0,0,0.0,0.0
3004,200,172,172,adversary,0,0.0,[],[],[],0.0,[],0,0.0,0.0,"AdversaryAction(requests=[], stop_decode_ids=[])","{""type"": ""adversary"", ""requests"": [], ""stop_decode_ids"": [], ""history_phase"": ""forced_step:single-child""}",train_root,,0.0,0,0.0,0.0
3004,200,173,173,controller,0,0.0,[],[],[],0.0,[],3,0.0,0.0,"ControllerAction(token_budget=549, selected_request_ids=[0, 1, 2, 3, 4, 5, 6, 7, 8, 9, 10, 11, 12, 13, 14, 15, 16, 17, 18, 19, 20, 21, 22, 23, 24, 25, 26, 27, 28, 29, 30, 31, 32, 33, 34, 35, 36, 37], token_allocations={0: 1, 1: 1, 2: 1, 3: 1, 4: 1, 5: 1, 6: 1, 7: 1, 8: 1, 9: 1, 10: 1, 11: 1, 12: 1, 13: 1, 14: 1, 15: 1, 16: 1, 17: 1, 18: 1, 19: 1, 20: 1, 21: 1, 22: 1, 23: 1, 24: 1, 25: 1, 26: 1, 27: 1, 28: 1, 29: 1, 30: 1, 31: 1, 32: 1, 33: 1, 34: 1, 35: 1, 36: 1, 37: 512}, prefill_allocations={37: 512}, decode_allocations={0: 1, 1: 1, 2: 1, 3: 1, 4: 1, 5: 1, 6: 1, 7: 1, 8: 1, 9: 1, 10: 1, 11: 1, 12: 1, 13: 1, 14: 1, 15: 1, 16: 1, 17: 1, 18: 1, 19: 1, 20: 1, 21: 1, 22: 1, 23: 1, 24: 1, 25: 1, 26: 1, 27: 1, 28: 1, 29: 1, 30: 1, 31: 1, 32: 1, 33: 1, 34: 1, 35: 1, 36: 1}, heuristic='LJF', strategy='Fixed', mapping=None)","{""type"": ""controller"", ""token_budget"": 549, ""selected_request_ids"": [0, 1, 2, 3, 4, 5, 6, 7, 8, 9, 10, 11, 12, 13, 14, 15, 16, 17, 18, 19, 20, 21, 22, 23, 24, 25, 26, 27, 28, 29, 30, 31, 32, 33, 34, 35, 36, 37], ""token_allocations"": {""0"": 1, ""1"": 1, ""2"": 1, ""3"": 1, ""4"": 1, ""5"": 1, ""6"": 1, ""7"": 1, ""8"": 1, ""9"": 1, ""10"": 1, ""11"": 1, ""12"": 1, ""13"": 1, ""14"": 1, ""15"": 1, ""16"": 1, ""17"": 1, ""18"": 1, ""19"": 1, ""20"": 1, ""21"": 1, ""22"": 1, ""23"": 1, ""24"": 1, ""25"": 1, ""26"": 1, ""27"": 1, ""28"": 1, ""29"": 1, ""30"": 1, ""31"": 1, ""32"": 1, ""33"": 1, ""34"": 1, ""35"": 1, ""36"": 1, ""37"": 512}, ""prefill_allocations"": {""37"": 512}, ""decode_allocations"": {""0"": 1, ""1"": 1, ""2"": 1, ""3"": 1, ""4"": 1, ""5"": 1, ""6"": 1, ""7"": 1, ""8"": 1, ""9"": 1, ""10"": 1, ""11"": 1, ""12"": 1, ""13"": 1, ""14"": 1, ""15"": 1, ""16"": 1, ""17"": 1, ""18"": 1, ""19"": 1, ""20"": 1, ""21"": 1, ""22"": 1, ""23"": 1, ""24"": 1, ""25"": 1, ""26"": 1, ""27"": 1, ""28"": 1, ""29"": 1, ""30"": 1, ""31"": 1, ""32"": 1, ""33"": 1, ""34"": 1, ""35"": 1, ""36"": 1}, ""heuristic"": ""LJF"", ""strategy"": ""Fixed"", ""history_phase"": ""multiple-child""}",train_root,,0.0,0,0.0,0.0
3004,200,174,174,adversary,0,0.0,[],[],[],0.0,[],0,0.0,0.0,"AdversaryAction(requests=[], stop_decode_ids=[])","{""type"": ""adversary"", ""requests"": [], ""stop_decode_ids"": [], ""history_phase"": ""forced_step:single-child""}",train_root,,0.0,0,0.0,0.0
3004,200,175,175,controller,0,0.0,[],[],[],0.0,[],0,0.0,0.0,"ControllerAction(token_budget=549, selected_request_ids=[0, 1, 2, 3, 4, 5, 6, 7, 8, 9, 10, 11, 12, 13, 14, 15, 16, 17, 18, 19, 20, 21, 22, 23, 24, 25, 26, 27, 28, 29, 30, 31, 32, 33, 34, 35, 36, 37], token_allocations={0: 1, 1: 1, 2: 1, 3: 1, 4: 1, 5: 1, 6: 1, 7: 1, 8: 1, 9: 1, 10: 1, 11: 1, 12: 1, 13: 1, 14: 1, 15: 1, 16: 1, 17: 1, 18: 1, 19: 1, 20: 1, 21: 1, 22: 1, 23: 1, 24: 1, 25: 1, 26: 1, 27: 1, 28: 1, 29: 1, 30: 1, 31: 1, 32: 1, 33: 1, 34: 1, 35: 1, 36: 1, 37: 512}, prefill_allocations={37: 512}, decode_allocations={0: 1, 1: 1, 2: 1, 3: 1, 4: 1, 5: 1, 6: 1, 7: 1, 8: 1, 9: 1, 10: 1, 11: 1, 12: 1, 13: 1, 14: 1, 15: 1, 16: 1, 17: 1, 18: 1, 19: 1, 20: 1, 21: 1, 22: 1, 23: 1, 24: 1, 25: 1, 26: 1, 27: 1, 28: 1, 29: 1, 30: 1, 31: 1, 32: 1, 33: 1, 34: 1, 35: 1, 36: 1}, heuristic='SJF', strategy='Fixed', mapping=None)","{""type"": ""controller"", ""token_budget"": 549, ""selected_request_ids"": [0, 1, 2, 3, 4, 5, 6, 7, 8, 9, 10, 11, 12, 13, 14, 15, 16, 17, 18, 19, 20, 21, 22, 23, 24, 25, 26, 27, 28, 29, 30, 31, 32, 33, 34, 35, 36, 37], ""token_allocations"": {""0"": 1, ""1"": 1, ""2"": 1, ""3"": 1, ""4"": 1, ""5"": 1, ""6"": 1, ""7"": 1, ""8"": 1, ""9"": 1, ""10"": 1, ""11"": 1, ""12"": 1, ""13"": 1, ""14"": 1, ""15"": 1, ""16"": 1, ""17"": 1, ""18"": 1, ""19"": 1, ""20"": 1, ""21"": 1, ""22"": 1, ""23"": 1, ""24"": 1, ""25"": 1, ""26"": 1, ""27"": 1, ""28"": 1, ""29"": 1, ""30"": 1, ""31"": 1, ""32"": 1, ""33"": 1, ""34"": 1, ""35"": 1, ""36"": 1, ""37"": 512}, ""prefill_allocations"": {""37"": 512}, ""decode_allocations"": {""0"": 1, ""1"": 1, ""2"": 1, ""3"": 1, ""4"": 1, ""5"": 1, ""6"": 1, ""7"": 1, ""8"": 1, ""9"": 1, ""10"": 1, ""11"": 1, ""12"": 1, ""13"": 1, ""14"": 1, ""15"": 1, ""16"": 1, ""17"": 1, ""18"": 1, ""19"": 1, ""20"": 1, ""21"": 1, ""22"": 1, ""23"": 1, ""24"": 1, ""25"": 1, ""26"": 1, ""27"": 1, ""28"": 1, ""29"": 1, ""30"": 1, ""31"": 1, ""32"": 1, ""33"": 1, ""34"": 1, ""35"": 1, ""36"": 1}, ""heuristic"": ""SJF"", ""strategy"": ""Fixed"", ""history_phase"": ""multiple-child""}",train_root,,0.0,0,0.0,0.0
3004,200,176,176,adversary,0,0.0,[],[],[],0.0,[],0,0.0,0.0,"AdversaryAction(requests=[], stop_decode_ids=[])","{""type"": ""adversary"", ""requests"": [], ""stop_decode_ids"": [], ""history_phase"": ""forced_step:single-child""}",train_root,,0.0,0,0.0,0.0
3004,200,177,177,controller,0,0.0,[],[],[],0.0,[],0,0.0,0.0,"ControllerAction(token_budget=38, selected_request_ids=[0, 1, 2, 3, 4, 5, 6, 7, 8, 9, 10, 11, 12, 13, 14, 15, 16, 17, 18, 19, 20, 21, 22, 23, 24, 25, 26, 27, 28, 29, 30, 31, 32, 33, 34, 35, 36, 37], token_allocations={0: 1, 1: 1, 2: 1, 3: 1, 4: 1, 5: 1, 6: 1, 7: 1, 8: 1, 9: 1, 10: 1, 11: 1, 12: 1, 13: 1, 14: 1, 15: 1, 16: 1, 17: 1, 18: 1, 19: 1, 20: 1, 21: 1, 22: 1, 23: 1, 24: 1, 25: 1, 26: 1, 27: 1, 28: 1, 29: 1, 30: 1, 31: 1, 32: 1, 33: 1, 34: 1, 35: 1, 36: 1, 37: 1}, prefill_allocations={}, decode_allocations={0: 1, 1: 1, 2: 1, 3: 1, 4: 1, 5: 1, 6: 1, 7: 1, 8: 1, 9: 1, 10: 1, 11: 1, 12: 1, 13: 1, 14: 1, 15: 1, 16: 1, 17: 1, 18: 1, 19: 1, 20: 1, 21: 1, 22: 1, 23: 1, 24: 1, 25: 1, 26: 1, 27: 1, 28: 1, 29: 1, 30: 1, 31: 1, 32: 1, 33: 1, 34: 1, 35: 1, 36: 1, 37: 1}, heuristic='SJF', strategy='Fixed', mapping=None)","{""type"": ""controller"", ""token_budget"": 38, ""selected_request_ids"": [0, 1, 2, 3, 4, 5, 6, 7, 8, 9, 10, 11, 12, 13, 14, 15, 16, 17, 18, 19, 20, 21, 22, 23, 24, 25, 26, 27, 28, 29, 30, 31, 32, 33, 34, 35, 36, 37], ""token_allocations"": {""0"": 1, ""1"": 1, ""2"": 1, ""3"": 1, ""4"": 1, ""5"": 1, ""6"": 1, ""7"": 1, ""8"": 1, ""9"": 1, ""10"": 1, ""11"": 1, ""12"": 1, ""13"": 1, ""14"": 1, ""15"": 1, ""16"": 1, ""17"": 1, ""18"": 1, ""19"": 1, ""20"": 1, ""21"": 1, ""22"": 1, ""23"": 1, ""24"": 1, ""25"": 1, ""26"": 1, ""27"": 1, ""28"": 1, ""29"": 1, ""30"": 1, ""31"": 1, ""32"": 1, ""33"": 1, ""34"": 1, ""35"": 1, ""36"": 1, ""37"": 1}, ""prefill_allocations"": {}, ""decode_allocations"": {""0"": 1, ""1"": 1, ""2"": 1, ""3"": 1, ""4"": 1, ""5"": 1, ""6"": 1, ""7"": 1, ""8"": 1, ""9"": 1, ""10"": 1, ""11"": 1, ""12"": 1, ""13"": 1, ""14"": 1, ""15"": 1, ""16"": 1, ""17"": 1, ""18"": 1, ""19"": 1, ""20"": 1, ""21"": 1, ""22"": 1, ""23"": 1, ""24"": 1, ""25"": 1, ""26"": 1, ""27"": 1, ""28"": 1, ""29"": 1, ""30"": 1, ""31"": 1, ""32"": 1, ""33"": 1, ""34"": 1, ""35"": 1, ""36"": 1, ""37"": 1}, ""heuristic"": ""SJF"", ""strategy"": ""Fixed"", ""history_phase"": ""forced_step:single-child""}",train_root,,0.0,0,0.0,0.0
3004,200,178,178,adversary,0,0.0,[],[],[],0.0,[],0,0.0,0.0,"AdversaryAction(requests=[AdversaryRequestSpec(prefill_tokens=3072, decode_tokens=5000, prefill_slo=0.3874467952163693, decode_slo=0.05)], stop_decode_ids=[])","{""type"": ""adversary"", ""requests"": [{""prefill_tokens"": 3072, ""decode_tokens"": 5000, ""prefill_slo"": 0.3874467952163693, ""decode_slo"": 0.05}], ""stop_decode_ids"": [], ""history_phase"": ""multiple-child""}",train_root,,0.0,0,0.0,0.0
3004,200,179,179,controller,0,0.0,[],[],[],0.0,[],8,0.0,0.0,"ControllerAction(token_budget=1574, selected_request_ids=[0, 1, 2, 3, 4, 5, 6, 7, 8, 9, 10, 11, 12, 13, 14, 15, 16, 17, 18, 19, 20, 21, 22, 23, 24, 25, 26, 27, 28, 29, 30, 31, 32, 33, 34, 35, 36, 37, 38], token_allocations={0: 1, 1: 1, 2: 1, 3: 1, 4: 1, 5: 1, 6: 1, 7: 1, 8: 1, 9: 1, 10: 1, 11: 1, 12: 1, 13: 1, 14: 1, 15: 1, 16: 1, 17: 1, 18: 1, 19: 1, 20: 1, 21: 1, 22: 1, 23: 1, 24: 1, 25: 1, 26: 1, 27: 1, 28: 1, 29: 1, 30: 1, 31: 1, 32: 1, 33: 1, 34: 1, 35: 1, 36: 1, 37: 1, 38: 1536}, prefill_allocations={38: 1536}, decode_allocations={0: 1, 1: 1, 2: 1, 3: 1, 4: 1, 5: 1, 6: 1, 7: 1, 8: 1, 9: 1, 10: 1, 11: 1, 12: 1, 13: 1, 14: 1, 15: 1, 16: 1, 17: 1, 18: 1, 19: 1, 20: 1, 21: 1, 22: 1, 23: 1, 24: 1, 25: 1, 26: 1, 27: 1, 28: 1, 29: 1, 30: 1, 31: 1, 32: 1, 33: 1, 34: 1, 35: 1, 36: 1, 37: 1}, heuristic='SJF', strategy='Fixed', mapping=None)","{""type"": ""controller"", ""token_budget"": 1574, ""selected_request_ids"": [0, 1, 2, 3, 4, 5, 6, 7, 8, 9, 10, 11, 12, 13, 14, 15, 16, 17, 18, 19, 20, 21, 22, 23, 24, 25, 26, 27, 28, 29, 30, 31, 32, 33, 34, 35, 36, 37, 38], ""token_allocations"": {""0"": 1, ""1"": 1, ""2"": 1, ""3"": 1, ""4"": 1, ""5"": 1, ""6"": 1, ""7"": 1, ""8"": 1, ""9"": 1, ""10"": 1, ""11"": 1, ""12"": 1, ""13"": 1, ""14"": 1, ""15"": 1, ""16"": 1, ""17"": 1, ""18"": 1, ""19"": 1, ""20"": 1, ""21"": 1, ""22"": 1, ""23"": 1, ""24"": 1, ""25"": 1, ""26"": 1, ""27"": 1, ""28"": 1, ""29"": 1, ""30"": 1, ""31"": 1, ""32"": 1, ""33"": 1, ""34"": 1, ""35"": 1, ""36"": 1, ""37"": 1, ""38"": 1536}, ""prefill_allocations"": {""38"": 1536}, ""decode_allocations"": {""0"": 1, ""1"": 1, ""2"": 1, ""3"": 1, ""4"": 1, ""5"": 1, ""6"": 1, ""7"": 1, ""8"": 1, ""9"": 1, ""10"": 1, ""11"": 1, ""12"": 1, ""13"": 1, ""14"": 1, ""15"": 1, ""16"": 1, ""17"": 1, ""18"": 1, ""19"": 1, ""20"": 1, ""21"": 1, ""22"": 1, ""23"": 1, ""24"": 1, ""25"": 1, ""26"": 1, ""27"": 1, ""28"": 1, ""29"": 1, ""30"": 1, ""31"": 1, ""32"": 1, ""33"": 1, ""34"": 1, ""35"": 1, ""36"": 1, ""37"": 1}, ""heuristic"": ""SJF"", ""strategy"": ""Fixed"", ""history_phase"": ""multiple-child""}",train_root,,0.0,0,0.0,0.0
3004,200,180,180,adversary,0,0.0,[],[],[],0.0,[],0,0.0,0.0,"AdversaryAction(requests=[], stop_decode_ids=[])","{""type"": ""adversary"", ""requests"": [], ""stop_decode_ids"": [], ""history_phase"": ""forced_step:single-child""}",train_root,,0.0,0,0.0,0.0
3004,200,181,181,controller,0,0.0,[],[],[],0.0,[],5,0.0,0.0,"ControllerAction(token_budget=1062, selected_request_ids=[0, 1, 2, 3, 4, 5, 6, 7, 8, 9, 10, 11, 12, 13, 14, 15, 16, 17, 18, 19, 20, 21, 22, 23, 24, 25, 26, 27, 28, 29, 30, 31, 32, 33, 34, 35, 36, 37, 38], token_allocations={0: 1, 1: 1, 2: 1, 3: 1, 4: 1, 5: 1, 6: 1, 7: 1, 8: 1, 9: 1, 10: 1, 11: 1, 12: 1, 13: 1, 14: 1, 15: 1, 16: 1, 17: 1, 18: 1, 19: 1, 20: 1, 21: 1, 22: 1, 23: 1, 24: 1, 25: 1, 26: 1, 27: 1, 28: 1, 29: 1, 30: 1, 31: 1, 32: 1, 33: 1, 34: 1, 35: 1, 36: 1, 37: 1, 38: 1024}, prefill_allocations={38: 1024}, decode_allocations={0: 1, 1: 1, 2: 1, 3: 1, 4: 1, 5: 1, 6: 1, 7: 1, 8: 1, 9: 1, 10: 1, 11: 1, 12: 1, 13: 1, 14: 1, 15: 1, 16: 1, 17: 1, 18: 1, 19: 1, 20: 1, 21: 1, 22: 1, 23: 1, 24: 1, 25: 1, 26: 1, 27: 1, 28: 1, 29: 1, 30: 1, 31: 1, 32: 1, 33: 1, 34: 1, 35: 1, 36: 1, 37: 1}, heuristic='EDF', strategy='Fixed', mapping=None)","{""type"": ""controller"", ""token_budget"": 1062, ""selected_request_ids"": [0, 1, 2, 3, 4, 5, 6, 7, 8, 9, 10, 11, 12, 13, 14, 15, 16, 17, 18, 19, 20, 21, 22, 23, 24, 25, 26, 27, 28, 29, 30, 31, 32, 33, 34, 35, 36, 37, 38], ""token_allocations"": {""0"": 1, ""1"": 1, ""2"": 1, ""3"": 1, ""4"": 1, ""5"": 1, ""6"": 1, ""7"": 1, ""8"": 1, ""9"": 1, ""10"": 1, ""11"": 1, ""12"": 1, ""13"": 1, ""14"": 1, ""15"": 1, ""16"": 1, ""17"": 1, ""18"": 1, ""19"": 1, ""20"": 1, ""21"": 1, ""22"": 1, ""23"": 1, ""24"": 1, ""25"": 1, ""26"": 1, ""27"": 1, ""28"": 1, ""29"": 1, ""30"": 1, ""31"": 1, ""32"": 1, ""33"": 1, ""34"": 1, ""35"": 1, ""36"": 1, ""37"": 1, ""38"": 1024}, ""prefill_allocations"": {""38"": 1024}, ""decode_allocations"": {""0"": 1, ""1"": 1, ""2"": 1, ""3"": 1, ""4"": 1, ""5"": 1, ""6"": 1, ""7"": 1, ""8"": 1, ""9"": 1, ""10"": 1, ""11"": 1, ""12"": 1, ""13"": 1, ""14"": 1, ""15"": 1, ""16"": 1, ""17"": 1, ""18"": 1, ""19"": 1, ""20"": 1, ""21"": 1, ""22"": 1, ""23"": 1, ""24"": 1, ""25"": 1, ""26"": 1, ""27"": 1, ""28"": 1, ""29"": 1, ""30"": 1, ""31"": 1, ""32"": 1, ""33"": 1, ""34"": 1, ""35"": 1, ""36"": 1, ""37"": 1}, ""heuristic"": ""EDF"", ""strategy"": ""Fixed"", ""history_phase"": ""multiple-child""}",train_root,,0.0,0,0.0,0.0
3004,200,182,182,adversary,0,0.0,[],[],[],0.0,[],0,0.0,0.0,"AdversaryAction(requests=[], stop_decode_ids=[])","{""type"": ""adversary"", ""requests"": [], ""stop_decode_ids"": [], ""history_phase"": ""forced_step:single-child""}",train_root,,0.0,0,0.0,0.0
3004,200,183,183,controller,0,0.0,[],[],[],0.0,[],2,0.0,0.0,"ControllerAction(token_budget=550, selected_request_ids=[0, 1, 2, 3, 4, 5, 6, 7, 8, 9, 10, 11, 12, 13, 14, 15, 16, 17, 18, 19, 20, 21, 22, 23, 24, 25, 26, 27, 28, 29, 30, 31, 32, 33, 34, 35, 36, 37, 38], token_allocations={0: 1, 1: 1, 2: 1, 3: 1, 4: 1, 5: 1, 6: 1, 7: 1, 8: 1, 9: 1, 10: 1, 11: 1, 12: 1, 13: 1, 14: 1, 15: 1, 16: 1, 17: 1, 18: 1, 19: 1, 20: 1, 21: 1, 22: 1, 23: 1, 24: 1, 25: 1, 26: 1, 27: 1, 28: 1, 29: 1, 30: 1, 31: 1, 32: 1, 33: 1, 34: 1, 35: 1, 36: 1, 37: 1, 38: 512}, prefill_allocations={38: 512}, decode_allocations={0: 1, 1: 1, 2: 1, 3: 1, 4: 1, 5: 1, 6: 1, 7: 1, 8: 1, 9: 1, 10: 1, 11: 1, 12: 1, 13: 1, 14: 1, 15: 1, 16: 1, 17: 1, 18: 1, 19: 1, 20: 1, 21: 1, 22: 1, 23: 1, 24: 1, 25: 1, 26: 1, 27: 1, 28: 1, 29: 1, 30: 1, 31: 1, 32: 1, 33: 1, 34: 1, 35: 1, 36: 1, 37: 1}, heuristic='LST', strategy='Fixed', mapping=None)","{""type"": ""controller"", ""token_budget"": 550, ""selected_request_ids"": [0, 1, 2, 3, 4, 5, 6, 7, 8, 9, 10, 11, 12, 13, 14, 15, 16, 17, 18, 19, 20, 21, 22, 23, 24, 25, 26, 27, 28, 29, 30, 31, 32, 33, 34, 35, 36, 37, 38], ""token_allocations"": {""0"": 1, ""1"": 1, ""2"": 1, ""3"": 1, ""4"": 1, ""5"": 1, ""6"": 1, ""7"": 1, ""8"": 1, ""9"": 1, ""10"": 1, ""11"": 1, ""12"": 1, ""13"": 1, ""14"": 1, ""15"": 1, ""16"": 1, ""17"": 1, ""18"": 1, ""19"": 1, ""20"": 1, ""21"": 1, ""22"": 1, ""23"": 1, ""24"": 1, ""25"": 1, ""26"": 1, ""27"": 1, ""28"": 1, ""29"": 1, ""30"": 1, ""31"": 1, ""32"": 1, ""33"": 1, ""34"": 1, ""35"": 1, ""36"": 1, ""37"": 1, ""38"": 512}, ""prefill_allocations"": {""38"": 512}, ""decode_allocations"": {""0"": 1, ""1"": 1, ""2"": 1, ""3"": 1, ""4"": 1, ""5"": 1, ""6"": 1, ""7"": 1, ""8"": 1, ""9"": 1, ""10"": 1, ""11"": 1, ""12"": 1, ""13"": 1, ""14"": 1, ""15"": 1, ""16"": 1, ""17"": 1, ""18"": 1, ""19"": 1, ""20"": 1, ""21"": 1, ""22"": 1, ""23"": 1, ""24"": 1, ""25"": 1, ""26"": 1, ""27"": 1, ""28"": 1, ""29"": 1, ""30"": 1, ""31"": 1, ""32"": 1, ""33"": 1, ""34"": 1, ""35"": 1, ""36"": 1, ""37"": 1}, ""heuristic"": ""LST"", ""strategy"": ""Fixed"", ""history_phase"": ""multiple-child""}",train_root,,0.0,0,0.0,0.0
3004,200,184,184,adversary,0,0.0,[],[],[],0.0,[],0,0.0,0.0,"AdversaryAction(requests=[], stop_decode_ids=[])","{""type"": ""adversary"", ""requests"": [], ""stop_decode_ids"": [], ""history_phase"": ""forced_step:single-child""}",train_root,,0.0,0,0.0,0.0
3004,200,185,185,controller,0,0.0,[],[],[],0.0,[],0,0.0,0.0,"ControllerAction(token_budget=39, selected_request_ids=[0, 1, 2, 3, 4, 5, 6, 7, 8, 9, 10, 11, 12, 13, 14, 15, 16, 17, 18, 19, 20, 21, 22, 23, 24, 25, 26, 27, 28, 29, 30, 31, 32, 33, 34, 35, 36, 37, 38], token_allocations={0: 1, 1: 1, 2: 1, 3: 1, 4: 1, 5: 1, 6: 1, 7: 1, 8: 1, 9: 1, 10: 1, 11: 1, 12: 1, 13: 1, 14: 1, 15: 1, 16: 1, 17: 1, 18: 1, 19: 1, 20: 1, 21: 1, 22: 1, 23: 1, 24: 1, 25: 1, 26: 1, 27: 1, 28: 1, 29: 1, 30: 1, 31: 1, 32: 1, 33: 1, 34: 1, 35: 1, 36: 1, 37: 1, 38: 1}, prefill_allocations={}, decode_allocations={0: 1, 1: 1, 2: 1, 3: 1, 4: 1, 5: 1, 6: 1, 7: 1, 8: 1, 9: 1, 10: 1, 11: 1, 12: 1, 13: 1, 14: 1, 15: 1, 16: 1, 17: 1, 18: 1, 19: 1, 20: 1, 21: 1, 22: 1, 23: 1, 24: 1, 25: 1, 26: 1, 27: 1, 28: 1, 29: 1, 30: 1, 31: 1, 32: 1, 33: 1, 34: 1, 35: 1, 36: 1, 37: 1, 38: 1}, heuristic='SJF', strategy='Fixed', mapping=None)","{""type"": ""controller"", ""token_budget"": 39, ""selected_request_ids"": [0, 1, 2, 3, 4, 5, 6, 7, 8, 9, 10, 11, 12, 13, 14, 15, 16, 17, 18, 19, 20, 21, 22, 23, 24, 25, 26, 27, 28, 29, 30, 31, 32, 33, 34, 35, 36, 37, 38], ""token_allocations"": {""0"": 1, ""1"": 1, ""2"": 1, ""3"": 1, ""4"": 1, ""5"": 1, ""6"": 1, ""7"": 1, ""8"": 1, ""9"": 1, ""10"": 1, ""11"": 1, ""12"": 1, ""13"": 1, ""14"": 1, ""15"": 1, ""16"": 1, ""17"": 1, ""18"": 1, ""19"": 1, ""20"": 1, ""21"": 1, ""22"": 1, ""23"": 1, ""24"": 1, ""25"": 1, ""26"": 1, ""27"": 1, ""28"": 1, ""29"": 1, ""30"": 1, ""31"": 1, ""32"": 1, ""33"": 1, ""34"": 1, ""35"": 1, ""36"": 1, ""37"": 1, ""38"": 1}, ""prefill_allocations"": {}, ""decode_allocations"": {""0"": 1, ""1"": 1, ""2"": 1, ""3"": 1, ""4"": 1, ""5"": 1, ""6"": 1, ""7"": 1, ""8"": 1, ""9"": 1, ""10"": 1, ""11"": 1, ""12"": 1, ""13"": 1, ""14"": 1, ""15"": 1, ""16"": 1, ""17"": 1, ""18"": 1, ""19"": 1, ""20"": 1, ""21"": 1, ""22"": 1, ""23"": 1, ""24"": 1, ""25"": 1, ""26"": 1, ""27"": 1, ""28"": 1, ""29"": 1, ""30"": 1, ""31"": 1, ""32"": 1, ""33"": 1, ""34"": 1, ""35"": 1, ""36"": 1, ""37"": 1, ""38"": 1}, ""heuristic"": ""SJF"", ""strategy"": ""Fixed"", ""history_phase"": ""forced_step:single-child""}",train_root,,0.0,0,0.0,0.0
3004,200,186,186,adversary,0,0.0,[],[],[],0.0,[],1,0.0,0.0,"AdversaryAction(requests=[AdversaryRequestSpec(prefill_tokens=3072, decode_tokens=5000, prefill_slo=0.3874467952163693, decode_slo=0.05), AdversaryRequestSpec(prefill_tokens=3072, decode_tokens=5000, prefill_slo=0.3874467952163693, decode_slo=0.05)], stop_decode_ids=[])","{""type"": ""adversary"", ""requests"": [{""prefill_tokens"": 3072, ""decode_tokens"": 5000, ""prefill_slo"": 0.3874467952163693, ""decode_slo"": 0.05}, {""prefill_tokens"": 3072, ""decode_tokens"": 5000, ""prefill_slo"": 0.3874467952163693, ""decode_slo"": 0.05}], ""stop_decode_ids"": [], ""history_phase"": ""multiple-child""}",train_root,,0.0,0,0.0,0.0
3004,200,187,187,controller,0,0.0,[],[],[],0.0,[],12,0.0,0.0,"ControllerAction(token_budget=2087, selected_request_ids=[0, 1, 2, 3, 4, 5, 6, 7, 8, 9, 10, 11, 12, 13, 14, 15, 16, 17, 18, 19, 20, 21, 22, 23, 24, 25, 26, 27, 28, 29, 30, 31, 32, 33, 34, 35, 36, 37, 38, 39], token_allocations={0: 1, 1: 1, 2: 1, 3: 1, 4: 1, 5: 1, 6: 1, 7: 1, 8: 1, 9: 1, 10: 1, 11: 1, 12: 1, 13: 1, 14: 1, 15: 1, 16: 1, 17: 1, 18: 1, 19: 1, 20: 1, 21: 1, 22: 1, 23: 1, 24: 1, 25: 1, 26: 1, 27: 1, 28: 1, 29: 1, 30: 1, 31: 1, 32: 1, 33: 1, 34: 1, 35: 1, 36: 1, 37: 1, 38: 1, 39: 2048}, prefill_allocations={39: 2048}, decode_allocations={0: 1, 1: 1, 2: 1, 3: 1, 4: 1, 5: 1, 6: 1, 7: 1, 8: 1, 9: 1, 10: 1, 11: 1, 12: 1, 13: 1, 14: 1, 15: 1, 16: 1, 17: 1, 18: 1, 19: 1, 20: 1, 21: 1, 22: 1, 23: 1, 24: 1, 25: 1, 26: 1, 27: 1, 28: 1, 29: 1, 30: 1, 31: 1, 32: 1, 33: 1, 34: 1, 35: 1, 36: 1, 37: 1, 38: 1}, heuristic='SJF', strategy='Fixed', mapping=None)","{""type"": ""controller"", ""token_budget"": 2087, ""selected_request_ids"": [0, 1, 2, 3, 4, 5, 6, 7, 8, 9, 10, 11, 12, 13, 14, 15, 16, 17, 18, 19, 20, 21, 22, 23, 24, 25, 26, 27, 28, 29, 30, 31, 32, 33, 34, 35, 36, 37, 38, 39], ""token_allocations"": {""0"": 1, ""1"": 1, ""2"": 1, ""3"": 1, ""4"": 1, ""5"": 1, ""6"": 1, ""7"": 1, ""8"": 1, ""9"": 1, ""10"": 1, ""11"": 1, ""12"": 1, ""13"": 1, ""14"": 1, ""15"": 1, ""16"": 1, ""17"": 1, ""18"": 1, ""19"": 1, ""20"": 1, ""21"": 1, ""22"": 1, ""23"": 1, ""24"": 1, ""25"": 1, ""26"": 1, ""27"": 1, ""28"": 1, ""29"": 1, ""30"": 1, ""31"": 1, ""32"": 1, ""33"": 1, ""34"": 1, ""35"": 1, ""36"": 1, ""37"": 1, ""38"": 1, ""39"": 2048}, ""prefill_allocations"": {""39"": 2048}, ""decode_allocations"": {""0"": 1, ""1"": 1, ""2"": 1, ""3"": 1, ""4"": 1, ""5"": 1, ""6"": 1, ""7"": 1, ""8"": 1, ""9"": 1, ""10"": 1, ""11"": 1, ""12"": 1, ""13"": 1, ""14"": 1, ""15"": 1, ""16"": 1, ""17"": 1, ""18"": 1, ""19"": 1, ""20"": 1, ""21"": 1, ""22"": 1, ""23"": 1, ""24"": 1, ""25"": 1, ""26"": 1, ""27"": 1, ""28"": 1, ""29"": 1, ""30"": 1, ""31"": 1, ""32"": 1, ""33"": 1, ""34"": 1, ""35"": 1, ""36"": 1, ""37"": 1, ""38"": 1}, ""heuristic"": ""SJF"", ""strategy"": ""Fixed"", ""history_phase"": ""multiple-child""}",train_root,,0.0,0,0.0,0.0
3004,200,188,188,adversary,0,0.0,[],[],[],0.0,[],0,0.0,0.0,"AdversaryAction(requests=[], stop_decode_ids=[])","{""type"": ""adversary"", ""requests"": [], ""stop_decode_ids"": [], ""history_phase"": ""forced_step:single-child""}",train_root,,0.0,0,0.0,0.0
3004,200,189,189,controller,0,0.0,[],[],[],0.0,[],14,0.0,0.0,"ControllerAction(token_budget=2087, selected_request_ids=[0, 1, 2, 3, 4, 5, 6, 7, 8, 9, 10, 11, 12, 13, 14, 15, 16, 17, 18, 19, 20, 21, 22, 23, 24, 25, 26, 27, 28, 29, 30, 31, 32, 33, 34, 35, 36, 37, 38, 40], token_allocations={0: 1, 1: 1, 2: 1, 3: 1, 4: 1, 5: 1, 6: 1, 7: 1, 8: 1, 9: 1, 10: 1, 11: 1, 12: 1, 13: 1, 14: 1, 15: 1, 16: 1, 17: 1, 18: 1, 19: 1, 20: 1, 21: 1, 22: 1, 23: 1, 24: 1, 25: 1, 26: 1, 27: 1, 28: 1, 29: 1, 30: 1, 31: 1, 32: 1, 33: 1, 34: 1, 35: 1, 36: 1, 37: 1, 38: 1, 40: 2048}, prefill_allocations={40: 2048}, decode_allocations={0: 1, 1: 1, 2: 1, 3: 1, 4: 1, 5: 1, 6: 1, 7: 1, 8: 1, 9: 1, 10: 1, 11: 1, 12: 1, 13: 1, 14: 1, 15: 1, 16: 1, 17: 1, 18: 1, 19: 1, 20: 1, 21: 1, 22: 1, 23: 1, 24: 1, 25: 1, 26: 1, 27: 1, 28: 1, 29: 1, 30: 1, 31: 1, 32: 1, 33: 1, 34: 1, 35: 1, 36: 1, 37: 1, 38: 1}, heuristic='LST', strategy='Fixed', mapping=None)","{""type"": ""controller"", ""token_budget"": 2087, ""selected_request_ids"": [0, 1, 2, 3, 4, 5, 6, 7, 8, 9, 10, 11, 12, 13, 14, 15, 16, 17, 18, 19, 20, 21, 22, 23, 24, 25, 26, 27, 28, 29, 30, 31, 32, 33, 34, 35, 36, 37, 38, 40], ""token_allocations"": {""0"": 1, ""1"": 1, ""2"": 1, ""3"": 1, ""4"": 1, ""5"": 1, ""6"": 1, ""7"": 1, ""8"": 1, ""9"": 1, ""10"": 1, ""11"": 1, ""12"": 1, ""13"": 1, ""14"": 1, ""15"": 1, ""16"": 1, ""17"": 1, ""18"": 1, ""19"": 1, ""20"": 1, ""21"": 1, ""22"": 1, ""23"": 1, ""24"": 1, ""25"": 1, ""26"": 1, ""27"": 1, ""28"": 1, ""29"": 1, ""30"": 1, ""31"": 1, ""32"": 1, ""33"": 1, ""34"": 1, ""35"": 1, ""36"": 1, ""37"": 1, ""38"": 1, ""40"": 2048}, ""prefill_allocations"": {""40"": 2048}, ""decode_allocations"": {""0"": 1, ""1"": 1, ""2"": 1, ""3"": 1, ""4"": 1, ""5"": 1, ""6"": 1, ""7"": 1, ""8"": 1, ""9"": 1, ""10"": 1, ""11"": 1, ""12"": 1, ""13"": 1, ""14"": 1, ""15"": 1, ""16"": 1, ""17"": 1, ""18"": 1, ""19"": 1, ""20"": 1, ""21"": 1, ""22"": 1, ""23"": 1, ""24"": 1, ""25"": 1, ""26"": 1, ""27"": 1, ""28"": 1, ""29"": 1, ""30"": 1, ""31"": 1, ""32"": 1, ""33"": 1, ""34"": 1, ""35"": 1, ""36"": 1, ""37"": 1, ""38"": 1}, ""heuristic"": ""LST"", ""strategy"": ""Fixed"", ""history_phase"": ""multiple-child""}",train_root,,0.0,0,0.0,0.0
3004,200,190,190,adversary,0,0.0,[],[],[],0.0,[],0,0.0,0.0,"AdversaryAction(requests=[], stop_decode_ids=[])","{""type"": ""adversary"", ""requests"": [], ""stop_decode_ids"": [], ""history_phase"": ""forced_step:single-child""}",train_root,,0.0,0,0.0,0.0
3004,200,191,191,controller,0,0.0,[],[],[],0.0,[],6,0.0,0.0,"ControllerAction(token_budget=1063, selected_request_ids=[0, 1, 2, 3, 4, 5, 6, 7, 8, 9, 10, 11, 12, 13, 14, 15, 16, 17, 18, 19, 20, 21, 22, 23, 24, 25, 26, 27, 28, 29, 30, 31, 32, 33, 34, 35, 36, 37, 38, 39], token_allocations={0: 1, 1: 1, 2: 1, 3: 1, 4: 1, 5: 1, 6: 1, 7: 1, 8: 1, 9: 1, 10: 1, 11: 1, 12: 1, 13: 1, 14: 1, 15: 1, 16: 1, 17: 1, 18: 1, 19: 1, 20: 1, 21: 1, 22: 1, 23: 1, 24: 1, 25: 1, 26: 1, 27: 1, 28: 1, 29: 1, 30: 1, 31: 1, 32: 1, 33: 1, 34: 1, 35: 1, 36: 1, 37: 1, 38: 1, 39: 1024}, prefill_allocations={39: 1024}, decode_allocations={0: 1, 1: 1, 2: 1, 3: 1, 4: 1, 5: 1, 6: 1, 7: 1, 8: 1, 9: 1, 10: 1, 11: 1, 12: 1, 13: 1, 14: 1, 15: 1, 16: 1, 17: 1, 18: 1, 19: 1, 20: 1, 21: 1, 22: 1, 23: 1, 24: 1, 25: 1, 26: 1, 27: 1, 28: 1, 29: 1, 30: 1, 31: 1, 32: 1, 33: 1, 34: 1, 35: 1, 36: 1, 37: 1, 38: 1}, heuristic='LST', strategy='Fixed', mapping=None)","{""type"": ""controller"", ""token_budget"": 1063, ""selected_request_ids"": [0, 1, 2, 3, 4, 5, 6, 7, 8, 9, 10, 11, 12, 13, 14, 15, 16, 17, 18, 19, 20, 21, 22, 23, 24, 25, 26, 27, 28, 29, 30, 31, 32, 33, 34, 35, 36, 37, 38, 39], ""token_allocations"": {""0"": 1, ""1"": 1, ""2"": 1, ""3"": 1, ""4"": 1, ""5"": 1, ""6"": 1, ""7"": 1, ""8"": 1, ""9"": 1, ""10"": 1, ""11"": 1, ""12"": 1, ""13"": 1, ""14"": 1, ""15"": 1, ""16"": 1, ""17"": 1, ""18"": 1, ""19"": 1, ""20"": 1, ""21"": 1, ""22"": 1, ""23"": 1, ""24"": 1, ""25"": 1, ""26"": 1, ""27"": 1, ""28"": 1, ""29"": 1, ""30"": 1, ""31"": 1, ""32"": 1, ""33"": 1, ""34"": 1, ""35"": 1, ""36"": 1, ""37"": 1, ""38"": 1, ""39"": 1024}, ""prefill_allocations"": {""39"": 1024}, ""decode_allocations"": {""0"": 1, ""1"": 1, ""2"": 1, ""3"": 1, ""4"": 1, ""5"": 1, ""6"": 1, ""7"": 1, ""8"": 1, ""9"": 1, ""10"": 1, ""11"": 1, ""12"": 1, ""13"": 1, ""14"": 1, ""15"": 1, ""16"": 1, ""17"": 1, ""18"": 1, ""19"": 1, ""20"": 1, ""21"": 1, ""22"": 1, ""23"": 1, ""24"": 1, ""25"": 1, ""26"": 1, ""27"": 1, ""28"": 1, ""29"": 1, ""30"": 1, ""31"": 1, ""32"": 1, ""33"": 1, ""34"": 1, ""35"": 1, ""36"": 1, ""37"": 1, ""38"": 1}, ""heuristic"": ""LST"", ""strategy"": ""Fixed"", ""history_phase"": ""multiple-child""}",train_root,,0.0,0,0.0,0.0
3004,200,192,192,adversary,0,0.0,[],[],[],0.0,[],0,0.0,0.0,"AdversaryAction(requests=[], stop_decode_ids=[])","{""type"": ""adversary"", ""requests"": [], ""stop_decode_ids"": [], ""history_phase"": ""forced_step:single-child""}",train_root,,0.0,0,0.0,0.0
3004,200,193,193,controller,0,0.0,[],[],[],0.0,[],6,0.0,0.0,"ControllerAction(token_budget=1064, selected_request_ids=[0, 1, 2, 3, 4, 5, 6, 7, 8, 9, 10, 11, 12, 13, 14, 15, 16, 17, 18, 19, 20, 21, 22, 23, 24, 25, 26, 27, 28, 29, 30, 31, 32, 33, 34, 35, 36, 37, 38, 39, 40], token_allocations={0: 1, 1: 1, 2: 1, 3: 1, 4: 1, 5: 1, 6: 1, 7: 1, 8: 1, 9: 1, 10: 1, 11: 1, 12: 1, 13: 1, 14: 1, 15: 1, 16: 1, 17: 1, 18: 1, 19: 1, 20: 1, 21: 1, 22: 1, 23: 1, 24: 1, 25: 1, 26: 1, 27: 1, 28: 1, 29: 1, 30: 1, 31: 1, 32: 1, 33: 1, 34: 1, 35: 1, 36: 1, 37: 1, 38: 1, 39: 1, 40: 1024}, prefill_allocations={40: 1024}, decode_allocations={0: 1, 1: 1, 2: 1, 3: 1, 4: 1, 5: 1, 6: 1, 7: 1, 8: 1, 9: 1, 10: 1, 11: 1, 12: 1, 13: 1, 14: 1, 15: 1, 16: 1, 17: 1, 18: 1, 19: 1, 20: 1, 21: 1, 22: 1, 23: 1, 24: 1, 25: 1, 26: 1, 27: 1, 28: 1, 29: 1, 30: 1, 31: 1, 32: 1, 33: 1, 34: 1, 35: 1, 36: 1, 37: 1, 38: 1, 39: 1}, heuristic='LST', strategy='Fixed', mapping=None)","{""type"": ""controller"", ""token_budget"": 1064, ""selected_request_ids"": [0, 1, 2, 3, 4, 5, 6, 7, 8, 9, 10, 11, 12, 13, 14, 15, 16, 17, 18, 19, 20, 21, 22, 23, 24, 25, 26, 27, 28, 29, 30, 31, 32, 33, 34, 35, 36, 37, 38, 39, 40], ""token_allocations"": {""0"": 1, ""1"": 1, ""2"": 1, ""3"": 1, ""4"": 1, ""5"": 1, ""6"": 1, ""7"": 1, ""8"": 1, ""9"": 1, ""10"": 1, ""11"": 1, ""12"": 1, ""13"": 1, ""14"": 1, ""15"": 1, ""16"": 1, ""17"": 1, ""18"": 1, ""19"": 1, ""20"": 1, ""21"": 1, ""22"": 1, ""23"": 1, ""24"": 1, ""25"": 1, ""26"": 1, ""27"": 1, ""28"": 1, ""29"": 1, ""30"": 1, ""31"": 1, ""32"": 1, ""33"": 1, ""34"": 1, ""35"": 1, ""36"": 1, ""37"": 1, ""38"": 1, ""39"": 1, ""40"": 1024}, ""prefill_allocations"": {""40"": 1024}, ""decode_allocations"": {""0"": 1, ""1"": 1, ""2"": 1, ""3"": 1, ""4"": 1, ""5"": 1, ""6"": 1, ""7"": 1, ""8"": 1, ""9"": 1, ""10"": 1, ""11"": 1, ""12"": 1, ""13"": 1, ""14"": 1, ""15"": 1, ""16"": 1, ""17"": 1, ""18"": 1, ""19"": 1, ""20"": 1, ""21"": 1, ""22"": 1, ""23"": 1, ""24"": 1, ""25"": 1, ""26"": 1, ""27"": 1, ""28"": 1, ""29"": 1, ""30"": 1, ""31"": 1, ""32"": 1, ""33"": 1, ""34"": 1, ""35"": 1, ""36"": 1, ""37"": 1, ""38"": 1, ""39"": 1}, ""heuristic"": ""LST"", ""strategy"": ""Fixed"", ""history_phase"": ""multiple-child""}",train_root,,0.0,0,0.0,0.0
3004,200,194,194,adversary,0,0.0,[],[],[],0.0,[],0,0.0,0.0,"AdversaryAction(requests=[], stop_decode_ids=[])","{""type"": ""adversary"", ""requests"": [], ""stop_decode_ids"": [], ""history_phase"": ""forced_step:single-child""}",train_root,,0.0,0,0.0,0.0
3004,200,195,195,controller,0,0.0,[],[],[],0.0,[],0,0.0,0.0,"ControllerAction(token_budget=41, selected_request_ids=[0, 1, 2, 3, 4, 5, 6, 7, 8, 9, 10, 11, 12, 13, 14, 15, 16, 17, 18, 19, 20, 21, 22, 23, 24, 25, 26, 27, 28, 29, 30, 31, 32, 33, 34, 35, 36, 37, 38, 39, 40], token_allocations={0: 1, 1: 1, 2: 1, 3: 1, 4: 1, 5: 1, 6: 1, 7: 1, 8: 1, 9: 1, 10: 1, 11: 1, 12: 1, 13: 1, 14: 1, 15: 1, 16: 1, 17: 1, 18: 1, 19: 1, 20: 1, 21: 1, 22: 1, 23: 1, 24: 1, 25: 1, 26: 1, 27: 1, 28: 1, 29: 1, 30: 1, 31: 1, 32: 1, 33: 1, 34: 1, 35: 1, 36: 1, 37: 1, 38: 1, 39: 1, 40: 1}, prefill_allocations={}, decode_allocations={0: 1, 1: 1, 2: 1, 3: 1, 4: 1, 5: 1, 6: 1, 7: 1, 8: 1, 9: 1, 10: 1, 11: 1, 12: 1, 13: 1, 14: 1, 15: 1, 16: 1, 17: 1, 18: 1, 19: 1, 20: 1, 21: 1, 22: 1, 23: 1, 24: 1, 25: 1, 26: 1, 27: 1, 28: 1, 29: 1, 30: 1, 31: 1, 32: 1, 33: 1, 34: 1, 35: 1, 36: 1, 37: 1, 38: 1, 39: 1, 40: 1}, heuristic='SJF', strategy='Fixed', mapping=None)","{""type"": ""controller"", ""token_budget"": 41, ""selected_request_ids"": [0, 1, 2, 3, 4, 5, 6, 7, 8, 9, 10, 11, 12, 13, 14, 15, 16, 17, 18, 19, 20, 21, 22, 23, 24, 25, 26, 27, 28, 29, 30, 31, 32, 33, 34, 35, 36, 37, 38, 39, 40], ""token_allocations"": {""0"": 1, ""1"": 1, ""2"": 1, ""3"": 1, ""4"": 1, ""5"": 1, ""6"": 1, ""7"": 1, ""8"": 1, ""9"": 1, ""10"": 1, ""11"": 1, ""12"": 1, ""13"": 1, ""14"": 1, ""15"": 1, ""16"": 1, ""17"": 1, ""18"": 1, ""19"": 1, ""20"": 1, ""21"": 1, ""22"": 1, ""23"": 1, ""24"": 1, ""25"": 1, ""26"": 1, ""27"": 1, ""28"": 1, ""29"": 1, ""30"": 1, ""31"": 1, ""32"": 1, ""33"": 1, ""34"": 1, ""35"": 1, ""36"": 1, ""37"": 1, ""38"": 1, ""39"": 1, ""40"": 1}, ""prefill_allocations"": {}, ""decode_allocations"": {""0"": 1, ""1"": 1, ""2"": 1, ""3"": 1, ""4"": 1, ""5"": 1, ""6"": 1, ""7"": 1, ""8"": 1, ""9"": 1, ""10"": 1, ""11"": 1, ""12"": 1, ""13"": 1, ""14"": 1, ""15"": 1, ""16"": 1, ""17"": 1, ""18"": 1, ""19"": 1, ""20"": 1, ""21"": 1, ""22"": 1, ""23"": 1, ""24"": 1, ""25"": 1, ""26"": 1, ""27"": 1, ""28"": 1, ""29"": 1, ""30"": 1, ""31"": 1, ""32"": 1, ""33"": 1, ""34"": 1, ""35"": 1, ""36"": 1, ""37"": 1, ""38"": 1, ""39"": 1, ""40"": 1}, ""heuristic"": ""SJF"", ""strategy"": ""Fixed"", ""history_phase"": ""forced_step:single-child""}",train_root,,0.0,0,0.0,0.0
3004,200,196,196,adversary,0,0.0,[],[],[],0.0,[],3,0.0,0.0,"AdversaryAction(requests=[AdversaryRequestSpec(prefill_tokens=3072, decode_tokens=5000, prefill_slo=0.3874467952163693, decode_slo=0.05), AdversaryRequestSpec(prefill_tokens=3072, decode_tokens=5000, prefill_slo=0.3874467952163693, decode_slo=0.05), AdversaryRequestSpec(prefill_tokens=3072, decode_tokens=5000, prefill_slo=0.3874467952163693, decode_slo=0.05), AdversaryRequestSpec(prefill_tokens=3072, decode_tokens=5000, prefill_slo=0.3874467952163693, decode_slo=0.05)], stop_decode_ids=[])","{""type"": ""adversary"", ""requests"": [{""prefill_tokens"": 3072, ""decode_tokens"": 5000, ""prefill_slo"": 0.3874467952163693, ""decode_slo"": 0.05}, {""prefill_tokens"": 3072, ""decode_tokens"": 5000, ""prefill_slo"": 0.3874467952163693, ""decode_slo"": 0.05}, {""prefill_tokens"": 3072, ""decode_tokens"": 5000, ""prefill_slo"": 0.3874467952163693, ""decode_slo"": 0.05}, {""prefill_tokens"": 3072, ""decode_tokens"": 5000, ""prefill_slo"": 0.3874467952163693, ""decode_slo"": 0.05}], ""stop_decode_ids"": [], ""history_phase"": ""multiple-child""}",train_root,,0.0,0,0.0,0.0
3004,200,197,196,controller,8000,-32.51707077026367,"[0.09581943601369858, 0.1087632030248642, 0.09877334535121918, 0.10496342927217484, 0.10132962465286255, 0.13149075210094452, 0.09371601045131683, 0.09558826684951782, 0.015406890772283077, 0.0231783464550972, 0.02094159461557865, 0.01786697283387184, 0.0068407217040658, 0.004878672771155834, 0.007088345475494862, 0.01049200352281332, 0.006232373416423798, 0.007032204885035753, 0.006009054835885763, 0.006740253418684006, 0.0074647460132837296, 0.010985100641846657, 0.008519742637872696, 0.009878862649202347]","[0.09279683916396911, 0.10533229872709268, 0.09565756827178454, 0.10165238775644811, 0.09813321047008418, 0.12734291373324577, 0.09075976556255681, 0.09257296216530797, 0.014920884785921696, 0.02244719211009459, 0.020280997971028267, 0.017303364258737436, 0.01, 0.01, 0.01, 0.010161036256518076, 0.01, 0.01, 0.01, 0.01, 0.01, 0.01063857876721091, 0.01, 0.01]","[true, true, true, true, true, true, true, true, true, true, true, true, true, true, true, true, true, true, true, true, true, true, true, true]",-39.99080876015856,"[0.0990625, 0.0990625, 0.0990625, 0.0990625, 0.1025, 0.1025, 0.1025, 0.1025, 0.018625, 0.018625, 0.018625, 0.018625, 0.0099375, 0.0099375, 0.0099375, 0.0099375, 0.009875, 0.009875, 0.009875, 0.009875, 0.01, 0.01, 0.01, 0.01]",4,0.1025,0.10132962465286255,"ControllerAction(token_budget=1065, selected_request_ids=[0, 1, 2, 3, 4, 5, 6, 7, 8, 9, 10, 11, 12, 13, 14, 15, 16, 17, 18, 19, 20, 21, 22, 23, 24, 25, 26, 27, 28, 29, 30, 31, 32, 33, 34, 35, 36, 37, 38, 39, 40, 41], token_allocations={0: 1, 1: 1, 2: 1, 3: 1, 4: 1, 5: 1, 6: 1, 7: 1, 8: 1, 9: 1, 10: 1, 11: 1, 12: 1, 13: 1, 14: 1, 15: 1, 16: 1, 17: 1, 18: 1, 19: 1, 20: 1, 21: 1, 22: 1, 23: 1, 24: 1, 25: 1, 26: 1, 27: 1, 28: 1, 29: 1, 30: 1, 31: 1, 32: 1, 33: 1, 34: 1, 35: 1, 36: 1, 37: 1, 38: 1, 39: 1, 40: 1, 41: 1024}, prefill_allocations={41: 1024}, decode_allocations={0: 1, 1: 1, 2: 1, 3: 1, 4: 1, 5: 1, 6: 1, 7: 1, 8: 1, 9: 1, 10: 1, 11: 1, 12: 1, 13: 1, 14: 1, 15: 1, 16: 1, 17: 1, 18: 1, 19: 1, 20: 1, 21: 1, 22: 1, 23: 1, 24: 1, 25: 1, 26: 1, 27: 1, 28: 1, 29: 1, 30: 1, 31: 1, 32: 1, 33: 1, 34: 1, 35: 1, 36: 1, 37: 1, 38: 1, 39: 1, 40: 1}, heuristic='SJF', strategy='Fixed', mapping=None)","{""type"": ""controller"", ""token_budget"": 1065, ""selected_request_ids"": [0, 1, 2, 3, 4, 5, 6, 7, 8, 9, 10, 11, 12, 13, 14, 15, 16, 17, 18, 19, 20, 21, 22, 23, 24, 25, 26, 27, 28, 29, 30, 31, 32, 33, 34, 35, 36, 37, 38, 39, 40, 41], ""token_allocations"": {""0"": 1, ""1"": 1, ""2"": 1, ""3"": 1, ""4"": 1, ""5"": 1, ""6"": 1, ""7"": 1, ""8"": 1, ""9"": 1, ""10"": 1, ""11"": 1, ""12"": 1, ""13"": 1, ""14"": 1, ""15"": 1, ""16"": 1, ""17"": 1, ""18"": 1, ""19"": 1, ""20"": 1, ""21"": 1, ""22"": 1, ""23"": 1, ""24"": 1, ""25"": 1, ""26"": 1, ""27"": 1, ""28"": 1, ""29"": 1, ""30"": 1, ""31"": 1, ""32"": 1, ""33"": 1, ""34"": 1, ""35"": 1, ""36"": 1, ""37"": 1, ""38"": 1, ""39"": 1, ""40"": 1, ""41"": 1024}, ""prefill_allocations"": {""41"": 1024}, ""decode_allocations"": {""0"": 1, ""1"": 1, ""2"": 1, ""3"": 1, ""4"": 1, ""5"": 1, ""6"": 1, ""7"": 1, ""8"": 1, ""9"": 1, ""10"": 1, ""11"": 1, ""12"": 1, ""13"": 1, ""14"": 1, ""15"": 1, ""16"": 1, ""17"": 1, ""18"": 1, ""19"": 1, ""20"": 1, ""21"": 1, ""22"": 1, ""23"": 1, ""24"": 1, ""25"": 1, ""26"": 1, ""27"": 1, ""28"": 1, ""29"": 1, ""30"": 1, ""31"": 1, ""32"": 1, ""33"": 1, ""34"": 1, ""35"": 1, ""36"": 1, ""37"": 1, ""38"": 1, ""39"": 1, ""40"": 1}, ""heuristic"": ""SJF"", ""strategy"": ""Fixed""}",train_root,,11.0,40,44.745567997814206,84.7455679978142
3004,201,199,94144,controller,8000,-31.935361862182617,"[0.09802950173616409, 0.11185725033283234, 0.10195643454790115, 0.11316204071044922, 0.10189205408096313, 0.13057145476341248, 0.09131231158971786, 0.09174711257219315, 0.014647937379777431, 0.020848197862505913, 0.01937459222972393, 0.016724498942494392, 0.006406184285879135, 0.004747115541249514, 0.0068042161874473095, 0.009870314970612526, 0.005990240722894669, 0.006573722697794437, 0.005817065481096506, 0.006270660553127527, 0.007423276547342539, 0.0102330781519413, 0.008143660612404346, 0.009597128257155418]","[0.09457707452867345, 0.10791783405951981, 0.09836570765061185, 0.10917667200730716, 0.09830359455086178, 0.12597295701566213, 0.08809645204409185, 0.08851594009816134, 0.01413206270278816, 0.02011396088024131, 0.018692253054646196, 0.01613549140743502, 0.01, 0.01, 0.01, 0.01, 0.01, 0.01, 0.01, 0.01, 0.01, 0.01, 0.01, 0.01]","[true, true, true, true, true, true, true, true, true, true, true, true, true, true, true, true, true, true, true, true, true, true, true, true]",-39.991121669625564,"[0.101625, 0.101625, 0.1041875, 0.1041875, 0.112125, 0.112125, 0.088625, 0.088625, 0.017, 0.017, 0.0173125, 0.0173125, 0.009875, 0.009875, 0.009875, 0.009875, 0.009875, 0.009875, 0.009875, 0.009875, 0.0098125, 0.0098125, 0.0098125, 0.0098125]",4,0.112125,0.10189205408096313,"ControllerAction(token_budget=1065, selected_request_ids=[0, 1, 2, 3, 4, 5, 6, 7, 8, 9, 10, 11, 12, 13, 14, 15, 16, 17, 18, 19, 20, 21, 22, 23, 24, 25, 26, 27, 28, 29, 30, 31, 32, 33, 34, 35, 36, 37, 38, 39, 40, 41], token_allocations={0: 1, 1: 1, 2: 1, 3: 1, 4: 1, 5: 1, 6: 1, 7: 1, 8: 1, 9: 1, 10: 1, 11: 1, 12: 1, 13: 1, 14: 1, 15: 1, 16: 1, 17: 1, 18: 1, 19: 1, 20: 1, 21: 1, 22: 1, 23: 1, 24: 1, 25: 1, 26: 1, 27: 1, 28: 1, 29: 1, 30: 1, 31: 1, 32: 1, 33: 1, 34: 1, 35: 1, 36: 1, 37: 1, 38: 1, 39: 1, 40: 1, 41: 1024}, prefill_allocations={41: 1024}, decode_allocations={0: 1, 1: 1, 2: 1, 3: 1, 4: 1, 5: 1, 6: 1, 7: 1, 8: 1, 9: 1, 10: 1, 11: 1, 12: 1, 13: 1, 14: 1, 15: 1, 16: 1, 17: 1, 18: 1, 19: 1, 20: 1, 21: 1, 22: 1, 23: 1, 24: 1, 25: 1, 26: 1, 27: 1, 28: 1, 29: 1, 30: 1, 31: 1, 32: 1, 33: 1, 34: 1, 35: 1, 36: 1, 37: 1, 38: 1, 39: 1, 40: 1}, heuristic='SJF', strategy='Fixed', mapping=None)","{""type"": ""controller"", ""token_budget"": 1065, ""selected_request_ids"": [0, 1, 2, 3, 4, 5, 6, 7, 8, 9, 10, 11, 12, 13, 14, 15, 16, 17, 18, 19, 20, 21, 22, 23, 24, 25, 26, 27, 28, 29, 30, 31, 32, 33, 34, 35, 36, 37, 38, 39, 40, 41], ""token_allocations"": {""0"": 1, ""1"": 1, ""2"": 1, ""3"": 1, ""4"": 1, ""5"": 1, ""6"": 1, ""7"": 1, ""8"": 1, ""9"": 1, ""10"": 1, ""11"": 1, ""12"": 1, ""13"": 1, ""14"": 1, ""15"": 1, ""16"": 1, ""17"": 1, ""18"": 1, ""19"": 1, ""20"": 1, ""21"": 1, ""22"": 1, ""23"": 1, ""24"": 1, ""25"": 1, ""26"": 1, ""27"": 1, ""28"": 1, ""29"": 1, ""30"": 1, ""31"": 1, ""32"": 1, ""33"": 1, ""34"": 1, ""35"": 1, ""36"": 1, ""37"": 1, ""38"": 1, ""39"": 1, ""40"": 1, ""41"": 1024}, ""prefill_allocations"": {""41"": 1024}, ""decode_allocations"": {""0"": 1, ""1"": 1, ""2"": 1, ""3"": 1, ""4"": 1, ""5"": 1, ""6"": 1, ""7"": 1, ""8"": 1, ""9"": 1, ""10"": 1, ""11"": 1, ""12"": 1, ""13"": 1, ""14"": 1, ""15"": 1, ""16"": 1, ""17"": 1, ""18"": 1, ""19"": 1, ""20"": 1, ""21"": 1, ""22"": 1, ""23"": 1, ""24"": 1, ""25"": 1, ""26"": 1, ""27"": 1, ""28"": 1, ""29"": 1, ""30"": 1, ""31"": 1, ""32"": 1, ""33"": 1, ""34"": 1, ""35"": 1, ""36"": 1, ""37"": 1, ""38"": 1, ""39"": 1, ""40"": 1}, ""heuristic"": ""SJF"", ""strategy"": ""Fixed""}",train_root,,11.049364011101652,40,44.745567997814206,84.7455679978142
3004,202,201,190228,controller,8000,-31.425657272338867,"[0.1002732440829277, 0.1151944175362587, 0.10526476055383682, 0.12181449681520462, 0.10229136049747467, 0.12913760542869568, 0.08891904354095459, 0.08789490908384323, 0.013878503814339638, 0.018703643232584, 0.01778940111398697, 0.015616719610989094, 0.005945662502199411, 0.00458311103284359, 0.00649984972551465, 0.009201998822391033, 0.0056952484883368015, 0.006105341948568821, 0.005590241402387619, 0.005785364657640457, 0.00735539710149169, 0.009468368254601955, 0.007747036404907703, 0.009244335815310478]","[0.09625061318740068, 0.11057319851406004, 0.10104188652710319, 0.11692770210846641, 0.098187769446383, 0.1239570318258088, 0.0853519056167767, 0.08436885604672599, 0.013321744144919932, 0.017953314929012965, 0.017075749180327924, 0.014990228473014202, 0.01, 0.01, 0.01, 0.01, 0.01, 0.01, 0.01, 0.01, 0.01, 0.01, 0.01, 0.01]","[true, true, true, true, true, true, true, true, true, true, true, true, true, true, true, true, true, true, true, true, true, true, true, true]",-39.9918814732223,"[0.103625, 0.103625, 0.1091875, 0.1091875, 0.11125, 0.11125, 0.085, 0.085, 0.0155625, 0.0155625, 0.016, 0.016, 0.0099375, 0.0099375, 0.0099375, 0.0099375, 0.009875, 0.009875, 0.009875, 0.009875, 0.009875, 0.009875, 0.009875, 0.009875]",4,0.11125,0.10229136049747467,"ControllerAction(token_budget=1065, selected_request_ids=[0, 1, 2, 3, 4, 5, 6, 7, 8, 9, 10, 11, 12, 13, 14, 15, 16, 17, 18, 19, 20, 21, 22, 23, 24, 25, 26, 27, 28, 29, 30, 31, 32, 33, 34, 35, 36, 37, 38, 39, 40, 41], token_allocations={0: 1, 1: 1, 2: 1, 3: 1, 4: 1, 5: 1, 6: 1, 7: 1, 8: 1, 9: 1, 10: 1, 11: 1, 12: 1, 13: 1, 14: 1, 15: 1, 16: 1, 17: 1, 18: 1, 19: 1, 20: 1, 21: 1, 22: 1, 23: 1, 24: 1, 25: 1, 26: 1, 27: 1, 28: 1, 29: 1, 30: 1, 31: 1, 32: 1, 33: 1, 34: 1, 35: 1, 36: 1, 37: 1, 38: 1, 39: 1, 40: 1, 41: 1024}, prefill_allocations={41: 1024}, decode_allocations={0: 1, 1: 1, 2: 1, 3: 1, 4: 1, 5: 1, 6: 1, 7: 1, 8: 1, 9: 1, 10: 1, 11: 1, 12: 1, 13: 1, 14: 1, 15: 1, 16: 1, 17: 1, 18: 1, 19: 1, 20: 1, 21: 1, 22: 1, 23: 1, 24: 1, 25: 1, 26: 1, 27: 1, 28: 1, 29: 1, 30: 1, 31: 1, 32: 1, 33: 1, 34: 1, 35: 1, 36: 1, 37: 1, 38: 1, 39: 1, 40: 1}, heuristic='SJF', strategy='Fixed', mapping=None)","{""type"": ""controller"", ""token_budget"": 1065, ""selected_request_ids"": [0, 1, 2, 3, 4, 5, 6, 7, 8, 9, 10, 11, 12, 13, 14, 15, 16, 17, 18, 19, 20, 21, 22, 23, 24, 25, 26, 27, 28, 29, 30, 31, 32, 33, 34, 35, 36, 37, 38, 39, 40, 41], ""token_allocations"": {""0"": 1, ""1"": 1, ""2"": 1, ""3"": 1, ""4"": 1, ""5"": 1, ""6"": 1, ""7"": 1, ""8"": 1, ""9"": 1, ""10"": 1, ""11"": 1, ""12"": 1, ""13"": 1, ""14"": 1, ""15"": 1, ""16"": 1, ""17"": 1, ""18"": 1, ""19"": 1, ""20"": 1, ""21"": 1, ""22"": 1, ""23"": 1, ""24"": 1, ""25"": 1, ""26"": 1, ""27"": 1, ""28"": 1, ""29"": 1, ""30"": 1, ""31"": 1, ""32"": 1, ""33"": 1, ""34"": 1, ""35"": 1, ""36"": 1, ""37"": 1, ""38"": 1, ""39"": 1, ""40"": 1, ""41"": 1024}, ""prefill_allocations"": {""41"": 1024}, ""decode_allocations"": {""0"": 1, ""1"": 1, ""2"": 1, ""3"": 1, ""4"": 1, ""5"": 1, ""6"": 1, ""7"": 1, ""8"": 1, ""9"": 1, ""10"": 1, ""11"": 1, ""12"": 1, ""13"": 1, ""14"": 1, ""15"": 1, ""16"": 1, ""17"": 1, ""18"": 1, ""19"": 1, ""20"": 1, ""21"": 1, ""22"": 1, ""23"": 1, ""24"": 1, ""25"": 1, ""26"": 1, ""27"": 1, ""28"": 1, ""29"": 1, ""30"": 1, ""31"": 1, ""32"": 1, ""33"": 1, ""34"": 1, ""35"": 1, ""36"": 1, ""37"": 1, ""38"": 1, ""39"": 1, ""40"": 1}, ""heuristic"": ""SJF"", ""strategy"": ""Fixed""}",train_root,,11.100500797856483,41,44.792176254762126,85.79217625476213
3004,203,203,279904,controller,8000,-33.291221618652344,"[0.10973484814167023, 0.12431031465530396, 0.11547881364822388, 0.1157231330871582, 0.10147636383771896, 0.11348006874322891, 0.09005995094776154, 0.09306792169809341, 0.013849908486008644, 0.018302587792277336, 0.014789675362408161, 0.01579497568309307, 0.005004705861210823, 0.0040223682299256325, 0.006133941002190113, 0.007058681920170784, 0.004552299622446299, 0.00562294851988554, 0.0050393883138895035, 0.005246074870228767, 0.00724760303273797, 0.009304801933467388, 0.007219409570097923, 0.0074792285449802876]","[0.10427593627351804, 0.118126326036397, 0.10973416026764438, 0.109966325698008, 0.0964282816990761, 0.1078348456937435, 0.08557979406597287, 0.08843812914900202, 0.01316092562334057, 0.01739210023605298, 0.014053942496056205, 0.015009232761188302, 0.01, 0.01, 0.01, 0.01, 0.01, 0.01, 0.01, 0.01, 0.01, 0.01, 0.01, 0.01]","[true, true, true, true, true, true, true, true, true, true, true, true, true, true, true, true, true, true, true, true, true, true, true, true]",-39.99204669505136,"[0.11078125, 0.11078125, 0.11078125, 0.11078125, 0.09478125, 0.09478125, 0.09478125, 0.09478125, 0.0148125, 0.0148125, 0.0148125, 0.0148125, 0.00990625, 0.00990625, 0.00990625, 0.00990625, 0.009875, 0.009875, 0.009875, 0.009875, 0.00984375, 0.00984375, 0.00984375, 0.00984375]",0,0.11078125,0.10973484814167023,"ControllerAction(token_budget=554, selected_request_ids=[0, 1, 2, 3, 4, 5, 6, 7, 8, 9, 10, 11, 12, 13, 14, 15, 16, 17, 18, 19, 20, 21, 22, 23, 24, 25, 26, 27, 28, 29, 30, 31, 32, 33, 34, 35, 36, 37, 38, 39, 40, 41, 42], token_allocations={0: 1, 1: 1, 2: 1, 3: 1, 4: 1, 5: 1, 6: 1, 7: 1, 8: 1, 9: 1, 10: 1, 11: 1, 12: 1, 13: 1, 14: 1, 15: 1, 16: 1, 17: 1, 18: 1, 19: 1, 20: 1, 21: 1, 22: 1, 23: 1, 24: 1, 25: 1, 26: 1, 27: 1, 28: 1, 29: 1, 30: 1, 31: 1, 32: 1, 33: 1, 34: 1, 35: 1, 36: 1, 37: 1, 38: 1, 39: 1, 40: 1, 41: 1, 42: 512}, prefill_allocations={42: 512}, decode_allocations={0: 1, 1: 1, 2: 1, 3: 1, 4: 1, 5: 1, 6: 1, 7: 1, 8: 1, 9: 1, 10: 1, 11: 1, 12: 1, 13: 1, 14: 1, 15: 1, 16: 1, 17: 1, 18: 1, 19: 1, 20: 1, 21: 1, 22: 1, 23: 1, 24: 1, 25: 1, 26: 1, 27: 1, 28: 1, 29: 1, 30: 1, 31: 1, 32: 1, 33: 1, 34: 1, 35: 1, 36: 1, 37: 1, 38: 1, 39: 1, 40: 1, 41: 1}, heuristic='SJF', strategy='Fixed', mapping=None)","{""type"": ""controller"", ""token_budget"": 554, ""selected_request_ids"": [0, 1, 2, 3, 4, 5, 6, 7, 8, 9, 10, 11, 12, 13, 14, 15, 16, 17, 18, 19, 20, 21, 22, 23, 24, 25, 26, 27, 28, 29, 30, 31, 32, 33, 34, 35, 36, 37, 38, 39, 40, 41, 42], ""token_allocations"": {""0"": 1, ""1"": 1, ""2"": 1, ""3"": 1, ""4"": 1, ""5"": 1, ""6"": 1, ""7"": 1, ""8"": 1, ""9"": 1, ""10"": 1, ""11"": 1, ""12"": 1, ""13"": 1, ""14"": 1, ""15"": 1, ""16"": 1, ""17"": 1, ""18"": 1, ""19"": 1, ""20"": 1, ""21"": 1, ""22"": 1, ""23"": 1, ""24"": 1, ""25"": 1, ""26"": 1, ""27"": 1, ""28"": 1, ""29"": 1, ""30"": 1, ""31"": 1, ""32"": 1, ""33"": 1, ""34"": 1, ""35"": 1, ""36"": 1, ""37"": 1, ""38"": 1, ""39"": 1, ""40"": 1, ""41"": 1, ""42"": 512}, ""prefill_allocations"": {""42"": 512}, ""decode_allocations"": {""0"": 1, ""1"": 1, ""2"": 1, ""3"": 1, ""4"": 1, ""5"": 1, ""6"": 1, ""7"": 1, ""8"": 1, ""9"": 1, ""10"": 1, ""11"": 1, ""12"": 1, ""13"": 1, ""14"": 1, ""15"": 1, ""16"": 1, ""17"": 1, ""18"": 1, ""19"": 1, ""20"": 1, ""21"": 1, ""22"": 1, ""23"": 1, ""24"": 1, ""25"": 1, ""26"": 1, ""27"": 1, ""28"": 1, ""29"": 1, ""30"": 1, ""31"": 1, ""32"": 1, ""33"": 1, ""34"": 1, ""35"": 1, ""36"": 1, ""37"": 1, ""38"": 1, ""39"": 1, ""40"": 1, ""41"": 1}, ""heuristic"": ""SJF"", ""strategy"": ""Fixed""}",train_root,,11.153646691769868,41,44.921157905210876,85.92115790521088
3004,204,205,364210,controller,8000,-33.01120376586914,"[0.11113256961107254, 0.12603241205215454, 0.1175336241722107, 0.12028906494379044, 0.1011357381939888, 0.11234358698129654, 0.08866608887910843, 0.09088738262653351, 0.013468108139932156, 0.01726609468460083, 0.014152836054563522, 0.015238858759403229, 0.004808868747204542, 0.003959774971008301, 0.005978629924356937, 0.006775881629437208, 0.0044356174767017365, 0.005422636400908232, 0.004943506792187691, 0.0050279987044632435, 0.007229723036289215, 0.008933563716709614, 0.007025582250207663, 0.007311858702450991]","[0.10536771454936285, 0.11949464737073792, 0.11143672287134539, 0.11404922879731799, 0.09588945553996771, 0.10651591199522996, 0.08406665279061001, 0.08617271986282905, 0.01276946784344786, 0.01637043885942892, 0.013418676403146906, 0.014448363116575297, 0.01, 0.01, 0.01, 0.01, 0.01, 0.01, 0.01, 0.01, 0.01, 0.01, 0.01, 0.01]","[true, true, true, true, true, true, true, true, true, true, true, true, true, true, true, true, true, true, true, true, true, true, true, true]",-39.99227395247326,"[0.11275, 0.11275, 0.113125, 0.113125, 0.101125, 0.101125, 0.085375, 0.085375, 0.0145, 0.0145, 0.013875, 0.013875, 0.009875, 0.009875, 0.009875, 0.009875, 0.009875, 0.009875, 0.009875, 0.009875, 0.009875, 0.009875, 0.009875, 0.009875]",2,0.113125,0.1175336241722107,"ControllerAction(token_budget=554, selected_request_ids=[0, 1, 2, 3, 4, 5, 6, 7, 8, 9, 10, 11, 12, 13, 14, 15, 16, 17, 18, 19, 20, 21, 22, 23, 24, 25, 26, 27, 28, 29, 30, 31, 32, 33, 34, 35, 36, 37, 38, 39, 40, 41, 43], token_allocations={0: 1, 1: 1, 2: 1, 3: 1, 4: 1, 5: 1, 6: 1, 7: 1, 8: 1, 9: 1, 10: 1, 11: 1, 12: 1, 13: 1, 14: 1, 15: 1, 16: 1, 17: 1, 18: 1, 19: 1, 20: 1, 21: 1, 22: 1, 23: 1, 24: 1, 25: 1, 26: 1, 27: 1, 28: 1, 29: 1, 30: 1, 31: 1, 32: 1, 33: 1, 34: 1, 35: 1, 36: 1, 37: 1, 38: 1, 39: 1, 40: 1, 41: 1, 43: 512}, prefill_allocations={43: 512}, decode_allocations={0: 1, 1: 1, 2: 1, 3: 1, 4: 1, 5: 1, 6: 1, 7: 1, 8: 1, 9: 1, 10: 1, 11: 1, 12: 1, 13: 1, 14: 1, 15: 1, 16: 1, 17: 1, 18: 1, 19: 1, 20: 1, 21: 1, 22: 1, 23: 1, 24: 1, 25: 1, 26: 1, 27: 1, 28: 1, 29: 1, 30: 1, 31: 1, 32: 1, 33: 1, 34: 1, 35: 1, 36: 1, 37: 1, 38: 1, 39: 1, 40: 1, 41: 1}, heuristic='LST', strategy='Fixed', mapping=None)","{""type"": ""controller"", ""token_budget"": 554, ""selected_request_ids"": [0, 1, 2, 3, 4, 5, 6, 7, 8, 9, 10, 11, 12, 13, 14, 15, 16, 17, 18, 19, 20, 21, 22, 23, 24, 25, 26, 27, 28, 29, 30, 31, 32, 33, 34, 35, 36, 37, 38, 39, 40, 41, 43], ""token_allocations"": {""0"": 1, ""1"": 1, ""2"": 1, ""3"": 1, ""4"": 1, ""5"": 1, ""6"": 1, ""7"": 1, ""8"": 1, ""9"": 1, ""10"": 1, ""11"": 1, ""12"": 1, ""13"": 1, ""14"": 1, ""15"": 1, ""16"": 1, ""17"": 1, ""18"": 1, ""19"": 1, ""20"": 1, ""21"": 1, ""22"": 1, ""23"": 1, ""24"": 1, ""25"": 1, ""26"": 1, ""27"": 1, ""28"": 1, ""29"": 1, ""30"": 1, ""31"": 1, ""32"": 1, ""33"": 1, ""34"": 1, ""35"": 1, ""36"": 1, ""37"": 1, ""38"": 1, ""39"": 1, ""40"": 1, ""41"": 1, ""43"": 512}, ""prefill_allocations"": {""43"": 512}, ""decode_allocations"": {""0"": 1, ""1"": 1, ""2"": 1, ""3"": 1, ""4"": 1, ""5"": 1, ""6"": 1, ""7"": 1, ""8"": 1, ""9"": 1, ""10"": 1, ""11"": 1, ""12"": 1, ""13"": 1, ""14"": 1, ""15"": 1, ""16"": 1, ""17"": 1, ""18"": 1, ""19"": 1, ""20"": 1, ""21"": 1, ""22"": 1, ""23"": 1, ""24"": 1, ""25"": 1, ""26"": 1, ""27"": 1, ""28"": 1, ""29"": 1, ""30"": 1, ""31"": 1, ""32"": 1, ""33"": 1, ""34"": 1, ""35"": 1, ""36"": 1, ""37"": 1, ""38"": 1, ""39"": 1, ""40"": 1, ""41"": 1}, ""heuristic"": ""LST"", ""strategy"": ""Fixed""}",train_root,,11.18175497043434,41,44.921157905210876,85.92115790521088
3004,205,207,448100,controller,8000,-33.06462478637695,"[0.11379024386405945, 0.12835347652435303, 0.12105833739042282, 0.12295020371675491, 0.0993267372250557, 0.10869461297988892, 0.08793612569570541, 0.09009259194135666, 0.013252361677587032, 0.016621345654129982, 0.013515983708202839, 0.014974139630794525, 0.0045695374719798565, 0.0038880396168679, 0.0058111040852963924, 0.00630578538402915, 0.004233883693814278, 0.00528296222910285, 0.0048348307609558105, 0.004816385451704264, 0.007261126767843962, 0.008669000118970871, 0.006827871780842543, 0.0069333286955952644]","[0.10760698046389089, 0.12137885966154395, 0.11448013207639166, 0.11626919602339501, 0.0939294082618138, 0.10278824175322251, 0.08315775270780276, 0.08519703844344152, 0.012532239809980226, 0.0157181561120853, 0.01278153684753835, 0.014160457838894002, 0.01, 0.01, 0.01, 0.01, 0.01, 0.01, 0.01, 0.01, 0.01, 0.01, 0.01, 0.01]","[true, true, true, true, true, true, true, true, true, true, true, true, true, true, true, true, true, true, true, true, true, true, true, true]",-39.99225254521978,"[0.114875, 0.114875, 0.11575, 0.11575, 0.09825, 0.09825, 0.0844375, 0.0844375, 0.0140625, 0.0140625, 0.013375, 0.013375, 0.009875, 0.009875, 0.009875, 0.009875, 0.009875, 0.009875, 0.009875, 0.009875, 0.009875, 0.009875, 0.009875, 0.009875]",2,0.11575,0.12105833739042282,"ControllerAction(token_budget=554, selected_request_ids=[0, 1, 2, 3, 4, 5, 6, 7, 8, 9, 10, 11, 12, 13, 14, 15, 16, 17, 18, 19, 20, 21, 22, 23, 24, 25, 26, 27, 28, 29, 30, 31, 32, 33, 34, 35, 36, 37, 38, 39, 40, 41, 44], token_allocations={0: 1, 1: 1, 2: 1, 3: 1, 4: 1, 5: 1, 6: 1, 7: 1, 8: 1, 9: 1, 10: 1, 11: 1, 12: 1, 13: 1, 14: 1, 15: 1, 16: 1, 17: 1, 18: 1, 19: 1, 20: 1, 21: 1, 22: 1, 23: 1, 24: 1, 25: 1, 26: 1, 27: 1, 28: 1, 29: 1, 30: 1, 31: 1, 32: 1, 33: 1, 34: 1, 35: 1, 36: 1, 37: 1, 38: 1, 39: 1, 40: 1, 41: 1, 44: 512}, prefill_allocations={44: 512}, decode_allocations={0: 1, 1: 1, 2: 1, 3: 1, 4: 1, 5: 1, 6: 1, 7: 1, 8: 1, 9: 1, 10: 1, 11: 1, 12: 1, 13: 1, 14: 1, 15: 1, 16: 1, 17: 1, 18: 1, 19: 1, 20: 1, 21: 1, 22: 1, 23: 1, 24: 1, 25: 1, 26: 1, 27: 1, 28: 1, 29: 1, 30: 1, 31: 1, 32: 1, 33: 1, 34: 1, 35: 1, 36: 1, 37: 1, 38: 1, 39: 1, 40: 1, 41: 1}, heuristic='LST', strategy='Fixed', mapping=None)","{""type"": ""controller"", ""token_budget"": 554, ""selected_request_ids"": [0, 1, 2, 3, 4, 5, 6, 7, 8, 9, 10, 11, 12, 13, 14, 15, 16, 17, 18, 19, 20, 21, 22, 23, 24, 25, 26, 27, 28, 29, 30, 31, 32, 33, 34, 35, 36, 37, 38, 39, 40, 41, 44], ""token_allocations"": {""0"": 1, ""1"": 1, ""2"": 1, ""3"": 1, ""4"": 1, ""5"": 1, ""6"": 1, ""7"": 1, ""8"": 1, ""9"": 1, ""10"": 1, ""11"": 1, ""12"": 1, ""13"": 1, ""14"": 1, ""15"": 1, ""16"": 1, ""17"": 1, ""18"": 1, ""19"": 1, ""20"": 1, ""21"": 1, ""22"": 1, ""23"": 1, ""24"": 1, ""25"": 1, ""26"": 1, ""27"": 1, ""28"": 1, ""29"": 1, ""30"": 1, ""31"": 1, ""32"": 1, ""33"": 1, ""34"": 1, ""35"": 1, ""36"": 1, ""37"": 1, ""38"": 1, ""39"": 1, ""40"": 1, ""41"": 1, ""44"": 512}, ""prefill_allocations"": {""44"": 512}, ""decode_allocations"": {""0"": 1, ""1"": 1, ""2"": 1, ""3"": 1, ""4"": 1, ""5"": 1, ""6"": 1, ""7"": 1, ""8"": 1, ""9"": 1, ""10"": 1, ""11"": 1, ""12"": 1, ""13"": 1, ""14"": 1, ""15"": 1, ""16"": 1, ""17"": 1, ""18"": 1, ""19"": 1, ""20"": 1, ""21"": 1, ""22"": 1, ""23"": 1, ""24"": 1, ""25"": 1, ""26"": 1, ""27"": 1, ""28"": 1, ""29"": 1, ""30"": 1, ""31"": 1, ""32"": 1, ""33"": 1, ""34"": 1, ""35"": 1, ""36"": 1, ""37"": 1, ""38"": 1, ""39"": 1, ""40"": 1, ""41"": 1}, ""heuristic"": ""LST"", ""strategy"": ""Fixed""}",train_root,,11.209863249098813,41,44.921157905210876,85.92115790521088
3004,206,209,531143,controller,8000,-33.27916717529297,"[0.11426524072885513, 0.1309388130903244, 0.12403985112905502, 0.12445944547653198, 0.0963987410068512, 0.10410815477371216, 0.08888811618089676, 0.08936110138893127, 0.013043094426393509, 0.017015928402543068, 0.013237359933555126, 0.015181372873485088, 0.004495764616876841, 0.00394373619928956, 0.005748237483203411, 0.006113454699516296, 0.004142593126744032, 0.005462509114295244, 0.00477237394079566, 0.004674532450735569, 0.0074309976771473885, 0.008498496375977993, 0.007019182667136192, 0.006760869175195694]","[0.10801309663502089, 0.1237743567631466, 0.11725287883818265, 0.11764951463496956, 0.09112418143480065, 0.0984117664334207, 0.08402450842890166, 0.08447161374856398, 0.0123294276519384, 0.016084883794537434, 0.01251306371539965, 0.01435070792111794, 0.01, 0.01, 0.01, 0.01, 0.01, 0.01, 0.01, 0.01, 0.01, 0.01, 0.01, 0.01]","[true, true, true, true, true, true, true, true, true, true, true, true, true, true, true, true, true, true, true, true, true, true, true, true]",-39.992401329513086,"[0.11709375, 0.11709375, 0.11709375, 0.11709375, 0.08946875, 0.08946875, 0.08946875, 0.08946875, 0.01375, 0.01375, 0.01375, 0.01375, 0.00990625, 0.00990625, 0.00990625, 0.00990625, 0.00990625, 0.00990625, 0.00990625, 0.00990625, 0.009875, 0.009875, 0.009875, 0.009875]",0,0.11709375,0.11426524072885513,"ControllerAction(token_budget=554, selected_request_ids=[0, 1, 2, 3, 4, 5, 6, 7, 8, 9, 10, 11, 12, 13, 14, 15, 16, 17, 18, 19, 20, 21, 22, 23, 24, 25, 26, 27, 28, 29, 30, 31, 32, 33, 34, 35, 36, 37, 38, 39, 40, 41, 42], token_allocations={0: 1, 1: 1, 2: 1, 3: 1, 4: 1, 5: 1, 6: 1, 7: 1, 8: 1, 9: 1, 10: 1, 11: 1, 12: 1, 13: 1, 14: 1, 15: 1, 16: 1, 17: 1, 18: 1, 19: 1, 20: 1, 21: 1, 22: 1, 23: 1, 24: 1, 25: 1, 26: 1, 27: 1, 28: 1, 29: 1, 30: 1, 31: 1, 32: 1, 33: 1, 34: 1, 35: 1, 36: 1, 37: 1, 38: 1, 39: 1, 40: 1, 41: 1, 42: 512}, prefill_allocations={42: 512}, decode_allocations={0: 1, 1: 1, 2: 1, 3: 1, 4: 1, 5: 1, 6: 1, 7: 1, 8: 1, 9: 1, 10: 1, 11: 1, 12: 1, 13: 1, 14: 1, 15: 1, 16: 1, 17: 1, 18: 1, 19: 1, 20: 1, 21: 1, 22: 1, 23: 1, 24: 1, 25: 1, 26: 1, 27: 1, 28: 1, 29: 1, 30: 1, 31: 1, 32: 1, 33: 1, 34: 1, 35: 1, 36: 1, 37: 1, 38: 1, 39: 1, 40: 1, 41: 1}, heuristic='SJF', strategy='Fixed', mapping=None)","{""type"": ""controller"", ""token_budget"": 554, ""selected_request_ids"": [0, 1, 2, 3, 4, 5, 6, 7, 8, 9, 10, 11, 12, 13, 14, 15, 16, 17, 18, 19, 20, 21, 22, 23, 24, 25, 26, 27, 28, 29, 30, 31, 32, 33, 34, 35, 36, 37, 38, 39, 40, 41, 42], ""token_allocations"": {""0"": 1, ""1"": 1, ""2"": 1, ""3"": 1, ""4"": 1, ""5"": 1, ""6"": 1, ""7"": 1, ""8"": 1, ""9"": 1, ""10"": 1, ""11"": 1, ""12"": 1, ""13"": 1, ""14"": 1, ""15"": 1, ""16"": 1, ""17"": 1, ""18"": 1, ""19"": 1, ""20"": 1, ""21"": 1, ""22"": 1, ""23"": 1, ""24"": 1, ""25"": 1, ""26"": 1, ""27"": 1, ""28"": 1, ""29"": 1, ""30"": 1, ""31"": 1, ""32"": 1, ""33"": 1, ""34"": 1, ""35"": 1, ""36"": 1, ""37"": 1, ""38"": 1, ""39"": 1, ""40"": 1, ""41"": 1, ""42"": 512}, ""prefill_allocations"": {""42"": 512}, ""decode_allocations"": {""0"": 1, ""1"": 1, ""2"": 1, ""3"": 1, ""4"": 1, ""5"": 1, ""6"": 1, ""7"": 1, ""8"": 1, ""9"": 1, ""10"": 1, ""11"": 1, ""12"": 1, ""13"": 1, ""14"": 1, ""15"": 1, ""16"": 1, ""17"": 1, ""18"": 1, ""19"": 1, ""20"": 1, ""21"": 1, ""22"": 1, ""23"": 1, ""24"": 1, ""25"": 1, ""26"": 1, ""27"": 1, ""28"": 1, ""29"": 1, ""30"": 1, ""31"": 1, ""32"": 1, ""33"": 1, ""34"": 1, ""35"": 1, ""36"": 1, ""37"": 1, ""38"": 1, ""39"": 1, ""40"": 1, ""41"": 1}, ""heuristic"": ""SJF"", ""strategy"": ""Fixed""}",train_root,,11.237971527763285,41,44.921157905210876,85.92115790521088
3004,207,211,614052,controller,8000,-32.994476318359375,"[0.11561120301485062, 0.1326216161251068, 0.12613923847675323, 0.12924303114414215, 0.09595312923192978, 0.10290290415287018, 0.08739257603883743, 0.0871514230966568, 0.01266352366656065, 0.01602187752723694, 0.012641508132219315, 0.014623496681451797, 0.004311397206038237, 0.003875828580930829, 0.005593649111688137, 0.005855836905539036, 0.004028627183288336, 0.00525835482403636, 0.00467372452840209, 0.004472098778933287, 0.00740261422470212, 0.008146194741129875, 0.006819311995059252, 0.006596931256353855]","[0.10904782189406192, 0.12509253426465597, 0.11897816865982001, 0.12190575544348187, 0.09050575959595644, 0.09706098779200918, 0.08243119886506374, 0.08220373645309693, 0.0119446008460353, 0.015112297090915834, 0.011923835158929284, 0.01379330393597342, 0.01, 0.01, 0.01, 0.01, 0.01, 0.01, 0.01, 0.01, 0.01, 0.01, 0.01, 0.01]","[true, true, true, true, true, true, true, true, true, true, true, true, true, true, true, true, true, true, true, true, true, true, true, true]",-39.99247416163286,"[0.1175, 0.1175, 0.1209375, 0.1209375, 0.09375, 0.09375, 0.0823125, 0.0823125, 0.0134375, 0.0134375, 0.0128125, 0.0128125, 0.0099375, 0.0099375, 0.0099375, 0.0099375, 0.009875, 0.009875, 0.009875, 0.009875, 0.0098125, 0.0098125, 0.0098125, 0.0098125]",2,0.1209375,0.12613923847675323,"ControllerAction(token_budget=554, selected_request_ids=[0, 1, 2, 3, 4, 5, 6, 7, 8, 9, 10, 11, 12, 13, 14, 15, 16, 17, 18, 19, 20, 21, 22, 23, 24, 25, 26, 27, 28, 29, 30, 31, 32, 33, 34, 35, 36, 37, 38, 39, 40, 41, 43], token_allocations={0: 1, 1: 1, 2: 1, 3: 1, 4: 1, 5: 1, 6: 1, 7: 1, 8: 1, 9: 1, 10: 1, 11: 1, 12: 1, 13: 1, 14: 1, 15: 1, 16: 1, 17: 1, 18: 1, 19: 1, 20: 1, 21: 1, 22: 1, 23: 1, 24: 1, 25: 1, 26: 1, 27: 1, 28: 1, 29: 1, 30: 1, 31: 1, 32: 1, 33: 1, 34: 1, 35: 1, 36: 1, 37: 1, 38: 1, 39: 1, 40: 1, 41: 1, 43: 512}, prefill_allocations={43: 512}, decode_allocations={0: 1, 1: 1, 2: 1, 3: 1, 4: 1, 5: 1, 6: 1, 7: 1, 8: 1, 9: 1, 10: 1, 11: 1, 12: 1, 13: 1, 14: 1, 15: 1, 16: 1, 17: 1, 18: 1, 19: 1, 20: 1, 21: 1, 22: 1, 23: 1, 24: 1, 25: 1, 26: 1, 27: 1, 28: 1, 29: 1, 30: 1, 31: 1, 32: 1, 33: 1, 34: 1, 35: 1, 36: 1, 37: 1, 38: 1, 39: 1, 40: 1, 41: 1}, heuristic='LST', strategy='Fixed', mapping=None)","{""type"": ""controller"", ""token_budget"": 554, ""selected_request_ids"": [0, 1, 2, 3, 4, 5, 6, 7, 8, 9, 10, 11, 12, 13, 14, 15, 16, 17, 18, 19, 20, 21, 22, 23, 24, 25, 26, 27, 28, 29, 30, 31, 32, 33, 34, 35, 36, 37, 38, 39, 40, 41, 43], ""token_allocations"": {""0"": 1, ""1"": 1, ""2"": 1, ""3"": 1, ""4"": 1, ""5"": 1, ""6"": 1, ""7"": 1, ""8"": 1, ""9"": 1, ""10"": 1, ""11"": 1, ""12"": 1, ""13"": 1, ""14"": 1, ""15"": 1, ""16"": 1, ""17"": 1, ""18"": 1, ""19"": 1, ""20"": 1, ""21"": 1, ""22"": 1, ""23"": 1, ""24"": 1, ""25"": 1, ""26"": 1, ""27"": 1, ""28"": 1, ""29"": 1, ""30"": 1, ""31"": 1, ""32"": 1, ""33"": 1, ""34"": 1, ""35"": 1, ""36"": 1, ""37"": 1, ""38"": 1, ""39"": 1, ""40"": 1, ""41"": 1, ""43"": 512}, ""prefill_allocations"": {""43"": 512}, ""decode_allocations"": {""0"": 1, ""1"": 1, ""2"": 1, ""3"": 1, ""4"": 1, ""5"": 1, ""6"": 1, ""7"": 1, ""8"": 1, ""9"": 1, ""10"": 1, ""11"": 1, ""12"": 1, ""13"": 1, ""14"": 1, ""15"": 1, ""16"": 1, ""17"": 1, ""18"": 1, ""19"": 1, ""20"": 1, ""21"": 1, ""22"": 1, ""23"": 1, ""24"": 1, ""25"": 1, ""26"": 1, ""27"": 1, ""28"": 1, ""29"": 1, ""30"": 1, ""31"": 1, ""32"": 1, ""33"": 1, ""34"": 1, ""35"": 1, ""36"": 1, ""37"": 1, ""38"": 1, ""39"": 1, ""40"": 1, ""41"": 1}, ""heuristic"": ""LST"", ""strategy"": ""Fixed""}",train_root,,11.266420104155758,41,44.921157905210876,85.92115790521088
3004,208,213,695552,controller,8000,-33.04405212402344,"[0.1182309165596962, 0.13489298522472382, 0.12977488338947296, 0.1319357007741928, 0.09409079700708389, 0.09937574714422226, 0.08653024584054947, 0.0862504094839096, 0.012437532655894756, 0.015390067361295223, 0.012044661678373814, 0.014342538081109524, 0.004087676759809256, 0.0037981460336595774, 0.005426617339253426, 0.005436272826045752, 0.003836921649053693, 0.005112192593514919, 0.004562042653560638, 0.004274929873645306, 0.00742261903360486, 0.00788991991430521, 0.006614476442337036, 0.006241705268621445]","[0.11124088267072461, 0.12691785853584903, 0.12210234849567697, 0.12413541429742195, 0.08852797233433611, 0.09350046629135622, 0.08141441515559417, 0.08115112325004373, 0.011702202360827656, 0.014480177667978905, 0.011332558653523114, 0.013494580286667482, 0.01, 0.01, 0.01, 0.01, 0.01, 0.01, 0.01, 0.01, 0.01, 0.01, 0.01, 0.01]","[true, true, true, true, true, true, true, true, true, true, true, true, true, true, true, true, true, true, true, true, true, true, true, true]",-39.9925292174026,"[0.1195625, 0.1195625, 0.123625, 0.123625, 0.091, 0.091, 0.0813125, 0.0813125, 0.013, 0.013, 0.012375, 0.012375, 0.0099375, 0.0099375, 0.0099375, 0.0099375, 0.0098125, 0.0098125, 0.0098125, 0.0098125, 0.0098125, 0.0098125, 0.0098125, 0.0098125]",2,0.123625,0.12977488338947296,"ControllerAction(token_budget=554, selected_request_ids=[0, 1, 2, 3, 4, 5, 6, 7, 8, 9, 10, 11, 12, 13, 14, 15, 16, 17, 18, 19, 20, 21, 22, 23, 24, 25, 26, 27, 28, 29, 30, 31, 32, 33, 34, 35, 36, 37, 38, 39, 40, 41, 44], token_allocations={0: 1, 1: 1, 2: 1, 3: 1, 4: 1, 5: 1, 6: 1, 7: 1, 8: 1, 9: 1, 10: 1, 11: 1, 12: 1, 13: 1, 14: 1, 15: 1, 16: 1, 17: 1, 18: 1, 19: 1, 20: 1, 21: 1, 22: 1, 23: 1, 24: 1, 25: 1, 26: 1, 27: 1, 28: 1, 29: 1, 30: 1, 31: 1, 32: 1, 33: 1, 34: 1, 35: 1, 36: 1, 37: 1, 38: 1, 39: 1, 40: 1, 41: 1, 44: 512}, prefill_allocations={44: 512}, decode_allocations={0: 1, 1: 1, 2: 1, 3: 1, 4: 1, 5: 1, 6: 1, 7: 1, 8: 1, 9: 1, 10: 1, 11: 1, 12: 1, 13: 1, 14: 1, 15: 1, 16: 1, 17: 1, 18: 1, 19: 1, 20: 1, 21: 1, 22: 1, 23: 1, 24: 1, 25: 1, 26: 1, 27: 1, 28: 1, 29: 1, 30: 1, 31: 1, 32: 1, 33: 1, 34: 1, 35: 1, 36: 1, 37: 1, 38: 1, 39: 1, 40: 1, 41: 1}, heuristic='LST', strategy='Fixed', mapping=None)","{""type"": ""controller"", ""token_budget"": 554, ""selected_request_ids"": [0, 1, 2, 3, 4, 5, 6, 7, 8, 9, 10, 11, 12, 13, 14, 15, 16, 17, 18, 19, 20, 21, 22, 23, 24, 25, 26, 27, 28, 29, 30, 31, 32, 33, 34, 35, 36, 37, 38, 39, 40, 41, 44], ""token_allocations"": {""0"": 1, ""1"": 1, ""2"": 1, ""3"": 1, ""4"": 1, ""5"": 1, ""6"": 1, ""7"": 1, ""8"": 1, ""9"": 1, ""10"": 1, ""11"": 1, ""12"": 1, ""13"": 1, ""14"": 1, ""15"": 1, ""16"": 1, ""17"": 1, ""18"": 1, ""19"": 1, ""20"": 1, ""21"": 1, ""22"": 1, ""23"": 1, ""24"": 1, ""25"": 1, ""26"": 1, ""27"": 1, ""28"": 1, ""29"": 1, ""30"": 1, ""31"": 1, ""32"": 1, ""33"": 1, ""34"": 1, ""35"": 1, ""36"": 1, ""37"": 1, ""38"": 1, ""39"": 1, ""40"": 1, ""41"": 1, ""44"": 512}, ""prefill_allocations"": {""44"": 512}, ""decode_allocations"": {""0"": 1, ""1"": 1, ""2"": 1, ""3"": 1, ""4"": 1, ""5"": 1, ""6"": 1, ""7"": 1, ""8"": 1, ""9"": 1, ""10"": 1, ""11"": 1, ""12"": 1, ""13"": 1, ""14"": 1, ""15"": 1, ""16"": 1, ""17"": 1, ""18"": 1, ""19"": 1, ""20"": 1, ""21"": 1, ""22"": 1, ""23"": 1, ""24"": 1, ""25"": 1, ""26"": 1, ""27"": 1, ""28"": 1, ""29"": 1, ""30"": 1, ""31"": 1, ""32"": 1, ""33"": 1, ""34"": 1, ""35"": 1, ""36"": 1, ""37"": 1, ""38"": 1, ""39"": 1, ""40"": 1, ""41"": 1}, ""heuristic"": ""LST"", ""strategy"": ""Fixed""}",train_root,,11.29486868054823,41,44.921157905210876,85.92115790521088
3004,209,215,776929,controller,8000,-33.25822067260742,"[0.1186201423406601, 0.1374833583831787, 0.1328665316104889, 0.13343305885791779, 0.09120731055736542, 0.09503874182701111, 0.08735314011573792, 0.08544217795133591, 0.012222645804286003, 0.015726620331406593, 0.011773085221648216, 0.014518816024065018, 0.004014090169221163, 0.003846327541396022, 0.00535960728302598, 0.005259422585368156, 0.0037472033873200417, 0.0052767000161111355, 0.004495864734053612, 0.004141786601394415, 0.007586479652673006, 0.0077227153815329075, 0.006788898259401321, 0.006075217854231596]","[0.11156068023460104, 0.12930128626989054, 0.12495922154864426, 0.12549203295695546, 0.08577927329514257, 0.08938268389876716, 0.08215447680001416, 0.08035724207447298, 0.01149523726144899, 0.014790679115225068, 0.011072431459532971, 0.013654755085304896, 0.01, 0.01, 0.01, 0.01, 0.01, 0.01, 0.01, 0.01, 0.01, 0.01, 0.01, 0.01]","[true, true, true, true, true, true, true, true, true, true, true, true, true, true, true, true, true, true, true, true, true, true, true, true]",-39.99270335204539,"[0.1234375, 0.1234375, 0.1234375, 0.1234375, 0.08446875, 0.08446875, 0.08446875, 0.08446875, 0.01259375, 0.01259375, 0.01259375, 0.01259375, 0.00984375, 0.00984375, 0.00984375, 0.00984375, 0.00984375, 0.00984375, 0.00984375, 0.00984375, 0.0098125, 0.0098125, 0.0098125, 0.0098125]",0,0.1234375,0.1186201423406601,"ControllerAction(token_budget=554, selected_request_ids=[0, 1, 2, 3, 4, 5, 6, 7, 8, 9, 10, 11, 12, 13, 14, 15, 16, 17, 18, 19, 20, 21, 22, 23, 24, 25, 26, 27, 28, 29, 30, 31, 32, 33, 34, 35, 36, 37, 38, 39, 40, 41, 42], token_allocations={0: 1, 1: 1, 2: 1, 3: 1, 4: 1, 5: 1, 6: 1, 7: 1, 8: 1, 9: 1, 10: 1, 11: 1, 12: 1, 13: 1, 14: 1, 15: 1, 16: 1, 17: 1, 18: 1, 19: 1, 20: 1, 21: 1, 22: 1, 23: 1, 24: 1, 25: 1, 26: 1, 27: 1, 28: 1, 29: 1, 30: 1, 31: 1, 32: 1, 33: 1, 34: 1, 35: 1, 36: 1, 37: 1, 38: 1, 39: 1, 40: 1, 41: 1, 42: 512}, prefill_allocations={42: 512}, decode_allocations={0: 1, 1: 1, 2: 1, 3: 1, 4: 1, 5: 1, 6: 1, 7: 1, 8: 1, 9: 1, 10: 1, 11: 1, 12: 1, 13: 1, 14: 1, 15: 1, 16: 1, 17: 1, 18: 1, 19: 1, 20: 1, 21: 1, 22: 1, 23: 1, 24: 1, 25: 1, 26: 1, 27: 1, 28: 1, 29: 1, 30: 1, 31: 1, 32: 1, 33: 1, 34: 1, 35: 1, 36: 1, 37: 1, 38: 1, 39: 1, 40: 1, 41: 1}, heuristic='SJF', strategy='Fixed', mapping=None)","{""type"": ""controller"", ""token_budget"": 554, ""selected_request_ids"": [0, 1, 2, 3, 4, 5, 6, 7, 8, 9, 10, 11, 12, 13, 14, 15, 16, 17, 18, 19, 20, 21, 22, 23, 24, 25, 26, 27, 28, 29, 30, 31, 32, 33, 34, 35, 36, 37, 38, 39, 40, 41, 42], ""token_allocations"": {""0"": 1, ""1"": 1, ""2"": 1, ""3"": 1, ""4"": 1, ""5"": 1, ""6"": 1, ""7"": 1, ""8"": 1, ""9"": 1, ""10"": 1, ""11"": 1, ""12"": 1, ""13"": 1, ""14"": 1, ""15"": 1, ""16"": 1, ""17"": 1, ""18"": 1, ""19"": 1, ""20"": 1, ""21"": 1, ""22"": 1, ""23"": 1, ""24"": 1, ""25"": 1, ""26"": 1, ""27"": 1, ""28"": 1, ""29"": 1, ""30"": 1, ""31"": 1, ""32"": 1, ""33"": 1, ""34"": 1, ""35"": 1, ""36"": 1, ""37"": 1, ""38"": 1, ""39"": 1, ""40"": 1, ""41"": 1, ""42"": 512}, ""prefill_allocations"": {""42"": 512}, ""decode_allocations"": {""0"": 1, ""1"": 1, ""2"": 1, ""3"": 1, ""4"": 1, ""5"": 1, ""6"": 1, ""7"": 1, ""8"": 1, ""9"": 1, ""10"": 1, ""11"": 1, ""12"": 1, ""13"": 1, ""14"": 1, ""15"": 1, ""16"": 1, ""17"": 1, ""18"": 1, ""19"": 1, ""20"": 1, ""21"": 1, ""22"": 1, ""23"": 1, ""24"": 1, ""25"": 1, ""26"": 1, ""27"": 1, ""28"": 1, ""29"": 1, ""30"": 1, ""31"": 1, ""32"": 1, ""33"": 1, ""34"": 1, ""35"": 1, ""36"": 1, ""37"": 1, ""38"": 1, ""39"": 1, ""40"": 1, ""41"": 1}, ""heuristic"": ""SJF"", ""strategy"": ""Fixed""}",train_root,,11.323317256940703,41,44.921157905210876,85.92115790521088
3004,210,217,859640,controller,8000,-32.968299865722656,"[0.11991215497255325, 0.13911980390548706, 0.13501518964767456, 0.1384328305721283, 0.09066300094127655, 0.09376931935548782, 0.08575495332479477, 0.08320965617895126, 0.011845581233501434, 0.01477434765547514, 0.01121528074145317, 0.013959744945168495, 0.0038404203951358795, 0.0037727023009210825, 0.005205795168876648, 0.005024417769163847, 0.0036356847267597914, 0.005068586673587561, 0.004394363611936569, 0.003953935112804174, 0.007546345237642527, 0.0073887621983885765, 0.006582795642316341, 0.00591432536020875]","[0.11253691241720643, 0.1305631876200896, 0.12671102921843638, 0.12991846684205965, 0.08508673869421242, 0.08800200181662118, 0.0804805624072304, 0.07809181472737159, 0.011117014268575032, 0.013865645801346258, 0.01052548064726372, 0.013101145539587298, 0.01, 0.01, 0.01, 0.01, 0.01, 0.01, 0.01, 0.01, 0.01, 0.01, 0.01, 0.01]","[true, true, true, true, true, true, true, true, true, true, true, true, true, true, true, true, true, true, true, true, true, true, true, true]",-39.993546625263775,"[0.1225625, 0.1225625, 0.129375, 0.129375, 0.0860625, 0.0860625, 0.0788125, 0.0788125, 0.012375, 0.012375, 0.0116875, 0.0116875, 0.009875, 0.009875, 0.009875, 0.009875, 0.009875, 0.009875, 0.009875, 0.009875, 0.0098125, 0.0098125, 0.0098125, 0.0098125]",2,0.129375,0.13501518964767456,"ControllerAction(token_budget=554, selected_request_ids=[0, 1, 2, 3, 4, 5, 6, 7, 8, 9, 10, 11, 12, 13, 14, 15, 16, 17, 18, 19, 20, 21, 22, 23, 24, 25, 26, 27, 28, 29, 30, 31, 32, 33, 34, 35, 36, 37, 38, 39, 40, 41, 43], token_allocations={0: 1, 1: 1, 2: 1, 3: 1, 4: 1, 5: 1, 6: 1, 7: 1, 8: 1, 9: 1, 10: 1, 11: 1, 12: 1, 13: 1, 14: 1, 15: 1, 16: 1, 17: 1, 18: 1, 19: 1, 20: 1, 21: 1, 22: 1, 23: 1, 24: 1, 25: 1, 26: 1, 27: 1, 28: 1, 29: 1, 30: 1, 31: 1, 32: 1, 33: 1, 34: 1, 35: 1, 36: 1, 37: 1, 38: 1, 39: 1, 40: 1, 41: 1, 43: 512}, prefill_allocations={43: 512}, decode_allocations={0: 1, 1: 1, 2: 1, 3: 1, 4: 1, 5: 1, 6: 1, 7: 1, 8: 1, 9: 1, 10: 1, 11: 1, 12: 1, 13: 1, 14: 1, 15: 1, 16: 1, 17: 1, 18: 1, 19: 1, 20: 1, 21: 1, 22: 1, 23: 1, 24: 1, 25: 1, 26: 1, 27: 1, 28: 1, 29: 1, 30: 1, 31: 1, 32: 1, 33: 1, 34: 1, 35: 1, 36: 1, 37: 1, 38: 1, 39: 1, 40: 1, 41: 1}, heuristic='LST', strategy='Fixed', mapping=None)","{""type"": ""controller"", ""token_budget"": 554, ""selected_request_ids"": [0, 1, 2, 3, 4, 5, 6, 7, 8, 9, 10, 11, 12, 13, 14, 15, 16, 17, 18, 19, 20, 21, 22, 23, 24, 25, 26, 27, 28, 29, 30, 31, 32, 33, 34, 35, 36, 37, 38, 39, 40, 41, 43], ""token_allocations"": {""0"": 1, ""1"": 1, ""2"": 1, ""3"": 1, ""4"": 1, ""5"": 1, ""6"": 1, ""7"": 1, ""8"": 1, ""9"": 1, ""10"": 1, ""11"": 1, ""12"": 1, ""13"": 1, ""14"": 1, ""15"": 1, ""16"": 1, ""17"": 1, ""18"": 1, ""19"": 1, ""20"": 1, ""21"": 1, ""22"": 1, ""23"": 1, ""24"": 1, ""25"": 1, ""26"": 1, ""27"": 1, ""28"": 1, ""29"": 1, ""30"": 1, ""31"": 1, ""32"": 1, ""33"": 1, ""34"": 1, ""35"": 1, ""36"": 1, ""37"": 1, ""38"": 1, ""39"": 1, ""40"": 1, ""41"": 1, ""43"": 512}, ""prefill_allocations"": {""43"": 512}, ""decode_allocations"": {""0"": 1, ""1"": 1, ""2"": 1, ""3"": 1, ""4"": 1, ""5"": 1, ""6"": 1, ""7"": 1, ""8"": 1, ""9"": 1, ""10"": 1, ""11"": 1, ""12"": 1, ""13"": 1, ""14"": 1, ""15"": 1, ""16"": 1, ""17"": 1, ""18"": 1, ""19"": 1, ""20"": 1, ""21"": 1, ""22"": 1, ""23"": 1, ""24"": 1, ""25"": 1, ""26"": 1, ""27"": 1, ""28"": 1, ""29"": 1, ""30"": 1, ""31"": 1, ""32"": 1, ""33"": 1, ""34"": 1, ""35"": 1, ""36"": 1, ""37"": 1, ""38"": 1, ""39"": 1, ""40"": 1, ""41"": 1}, ""heuristic"": ""LST"", ""strategy"": ""Fixed""}",train_root,,11.352263990901175,41,44.921157905210876,85.92115790521088
3004,211,219,941302,controller,8000,-33.01359176635742,"[0.12248972803354263, 0.14133282005786896, 0.13876739144325256, 0.14114873111248016, 0.08875995874404907, 0.09036847203969955, 0.08475959300994873, 0.08220953494310379, 0.01161019504070282, 0.014155869372189045, 0.010656499303877354, 0.013662958517670631, 0.003631620667874813, 0.0036888914182782173, 0.005039657931774855, 0.00465081911534071, 0.0034537636674940586, 0.004915832541882992, 0.004279891960322857, 0.003770525101572275, 0.0075535885989665985, 0.007141096517443657, 0.006371015682816505, 0.005581572186201811]","[0.11467776625001255, 0.13231911248601227, 0.1299172978381954, 0.13214676408270187, 0.08309916239199627, 0.08460509039665419, 0.07935392584086202, 0.07696650146162327, 0.01086973784961114, 0.013253058072633363, 0.01, 0.012791583329697551, 0.01, 0.01, 0.01, 0.01, 0.01, 0.01, 0.01, 0.01, 0.01, 0.01, 0.01, 0.01]","[true, true, true, true, true, true, true, true, true, true, true, true, true, true, true, true, true, true, true, true, true, true, true, true]",-39.995039051039065,"[0.123875, 0.123875, 0.1314375, 0.1314375, 0.0838125, 0.0838125, 0.078125, 0.078125, 0.012, 0.012, 0.0113125, 0.0113125, 0.0099375, 0.0099375, 0.0099375, 0.0099375, 0.009875, 0.009875, 0.0099375, 0.0099375, 0.009875, 0.009875, 0.009875, 0.009875]",2,0.1314375,0.13876739144325256,"ControllerAction(token_budget=554, selected_request_ids=[0, 1, 2, 3, 4, 5, 6, 7, 8, 9, 10, 11, 12, 13, 14, 15, 16, 17, 18, 19, 20, 21, 22, 23, 24, 25, 26, 27, 28, 29, 30, 31, 32, 33, 34, 35, 36, 37, 38, 39, 40, 41, 44], token_allocations={0: 1, 1: 1, 2: 1, 3: 1, 4: 1, 5: 1, 6: 1, 7: 1, 8: 1, 9: 1, 10: 1, 11: 1, 12: 1, 13: 1, 14: 1, 15: 1, 16: 1, 17: 1, 18: 1, 19: 1, 20: 1, 21: 1, 22: 1, 23: 1, 24: 1, 25: 1, 26: 1, 27: 1, 28: 1, 29: 1, 30: 1, 31: 1, 32: 1, 33: 1, 34: 1, 35: 1, 36: 1, 37: 1, 38: 1, 39: 1, 40: 1, 41: 1, 44: 512}, prefill_allocations={44: 512}, decode_allocations={0: 1, 1: 1, 2: 1, 3: 1, 4: 1, 5: 1, 6: 1, 7: 1, 8: 1, 9: 1, 10: 1, 11: 1, 12: 1, 13: 1, 14: 1, 15: 1, 16: 1, 17: 1, 18: 1, 19: 1, 20: 1, 21: 1, 22: 1, 23: 1, 24: 1, 25: 1, 26: 1, 27: 1, 28: 1, 29: 1, 30: 1, 31: 1, 32: 1, 33: 1, 34: 1, 35: 1, 36: 1, 37: 1, 38: 1, 39: 1, 40: 1, 41: 1}, heuristic='LST', strategy='Fixed', mapping=None)","{""type"": ""controller"", ""token_budget"": 554, ""selected_request_ids"": [0, 1, 2, 3, 4, 5, 6, 7, 8, 9, 10, 11, 12, 13, 14, 15, 16, 17, 18, 19, 20, 21, 22, 23, 24, 25, 26, 27, 28, 29, 30, 31, 32, 33, 34, 35, 36, 37, 38, 39, 40, 41, 44], ""token_allocations"": {""0"": 1, ""1"": 1, ""2"": 1, ""3"": 1, ""4"": 1, ""5"": 1, ""6"": 1, ""7"": 1, ""8"": 1, ""9"": 1, ""10"": 1, ""11"": 1, ""12"": 1, ""13"": 1, ""14"": 1, ""15"": 1, ""16"": 1, ""17"": 1, ""18"": 1, ""19"": 1, ""20"": 1, ""21"": 1, ""22"": 1, ""23"": 1, ""24"": 1, ""25"": 1, ""26"": 1, ""27"": 1, ""28"": 1, ""29"": 1, ""30"": 1, ""31"": 1, ""32"": 1, ""33"": 1, ""34"": 1, ""35"": 1, ""36"": 1, ""37"": 1, ""38"": 1, ""39"": 1, ""40"": 1, ""41"": 1, ""44"": 512}, ""prefill_allocations"": {""44"": 512}, ""decode_allocations"": {""0"": 1, ""1"": 1, ""2"": 1, ""3"": 1, ""4"": 1, ""5"": 1, ""6"": 1, ""7"": 1, ""8"": 1, ""9"": 1, ""10"": 1, ""11"": 1, ""12"": 1, ""13"": 1, ""14"": 1, ""15"": 1, ""16"": 1, ""17"": 1, ""18"": 1, ""19"": 1, ""20"": 1, ""21"": 1, ""22"": 1, ""23"": 1, ""24"": 1, ""25"": 1, ""26"": 1, ""27"": 1, ""28"": 1, ""29"": 1, ""30"": 1, ""31"": 1, ""32"": 1, ""33"": 1, ""34"": 1, ""35"": 1, ""36"": 1, ""37"": 1, ""38"": 1, ""39"": 1, ""40"": 1, ""41"": 1}, ""heuristic"": ""LST"", ""strategy"": ""Fixed""}",train_root,,11.381210724861647,41,44.921157905210876,85.92115790521088
3004,212,221,1023834,controller,8000,-31.2978458404541,"[0.12984499335289001, 0.14532579481601715, 0.1624833345413208, 0.159039705991745, 0.07760002464056015, 0.07947616279125214, 0.08385761827230453, 0.07783886045217514, 0.008716251701116562, 0.009921517223119736, 0.00848749466240406, 0.01085192896425724, 0.0026349611580371857, 0.0029393730219453573, 0.0038588710594922304, 0.0034615537151694298, 0.002677839482203126, 0.00391355948522687, 0.003061937401071191, 0.0029431511647999287, 0.006246614269912243, 0.005861076060682535, 0.004786303732544184, 0.0041711037047207355]","[0.11914121928985955, 0.13334586064163295, 0.14908901831064894, 0.14592926533455391, 0.07120306539253793, 0.07292454406535955, 0.07694481419512965, 0.07142221277027747, 0.01, 0.01, 0.01, 0.01, 0.01, 0.01, 0.01, 0.01, 0.01, 0.01, 0.01, 0.01, 0.01, 0.01, 0.01, 0.01]","[true, true, true, true, true, true, true, true, true, true, true, true, true, true, true, true, true, true, true, true, true, true, true, true]",-39.99505375830569,"[0.13721875, 0.13721875, 0.13721875, 0.13721875, 0.0730625, 0.0730625, 0.0730625, 0.0730625, 0.00996875, 0.00996875, 0.00996875, 0.00996875, 0.0099375, 0.0099375, 0.0099375, 0.0099375, 0.00990625, 0.00990625, 0.00990625, 0.00990625, 0.00990625, 0.00990625, 0.00990625, 0.00990625]",0,0.13721875,0.12984499335289001,"ControllerAction(token_budget=554, selected_request_ids=[0, 1, 2, 3, 4, 5, 6, 7, 8, 9, 10, 11, 12, 13, 14, 15, 16, 17, 18, 19, 20, 21, 22, 23, 24, 25, 26, 27, 28, 29, 30, 31, 32, 33, 34, 35, 36, 37, 38, 39, 40, 41, 42], token_allocations={0: 1, 1: 1, 2: 1, 3: 1, 4: 1, 5: 1, 6: 1, 7: 1, 8: 1, 9: 1, 10: 1, 11: 1, 12: 1, 13: 1, 14: 1, 15: 1, 16: 1, 17: 1, 18: 1, 19: 1, 20: 1, 21: 1, 22: 1, 23: 1, 24: 1, 25: 1, 26: 1, 27: 1, 28: 1, 29: 1, 30: 1, 31: 1, 32: 1, 33: 1, 34: 1, 35: 1, 36: 1, 37: 1, 38: 1, 39: 1, 40: 1, 41: 1, 42: 512}, prefill_allocations={42: 512}, decode_allocations={0: 1, 1: 1, 2: 1, 3: 1, 4: 1, 5: 1, 6: 1, 7: 1, 8: 1, 9: 1, 10: 1, 11: 1, 12: 1, 13: 1, 14: 1, 15: 1, 16: 1, 17: 1, 18: 1, 19: 1, 20: 1, 21: 1, 22: 1, 23: 1, 24: 1, 25: 1, 26: 1, 27: 1, 28: 1, 29: 1, 30: 1, 31: 1, 32: 1, 33: 1, 34: 1, 35: 1, 36: 1, 37: 1, 38: 1, 39: 1, 40: 1, 41: 1}, heuristic='SJF', strategy='Fixed', mapping=None)","{""type"": ""controller"", ""token_budget"": 554, ""selected_request_ids"": [0, 1, 2, 3, 4, 5, 6, 7, 8, 9, 10, 11, 12, 13, 14, 15, 16, 17, 18, 19, 20, 21, 22, 23, 24, 25, 26, 27, 28, 29, 30, 31, 32, 33, 34, 35, 36, 37, 38, 39, 40, 41, 42], ""token_allocations"": {""0"": 1, ""1"": 1, ""2"": 1, ""3"": 1, ""4"": 1, ""5"": 1, ""6"": 1, ""7"": 1, ""8"": 1, ""9"": 1, ""10"": 1, ""11"": 1, ""12"": 1, ""13"": 1, ""14"": 1, ""15"": 1, ""16"": 1, ""17"": 1, ""18"": 1, ""19"": 1, ""20"": 1, ""21"": 1, ""22"": 1, ""23"": 1, ""24"": 1, ""25"": 1, ""26"": 1, ""27"": 1, ""28"": 1, ""29"": 1, ""30"": 1, ""31"": 1, ""32"": 1, ""33"": 1, ""34"": 1, ""35"": 1, ""36"": 1, ""37"": 1, ""38"": 1, ""39"": 1, ""40"": 1, ""41"": 1, ""42"": 512}, ""prefill_allocations"": {""42"": 512}, ""decode_allocations"": {""0"": 1, ""1"": 1, ""2"": 1, ""3"": 1, ""4"": 1, ""5"": 1, ""6"": 1, ""7"": 1, ""8"": 1, ""9"": 1, ""10"": 1, ""11"": 1, ""12"": 1, ""13"": 1, ""14"": 1, ""15"": 1, ""16"": 1, ""17"": 1, ""18"": 1, ""19"": 1, ""20"": 1, ""21"": 1, ""22"": 1, ""23"": 1, ""24"": 1, ""25"": 1, ""26"": 1, ""27"": 1, ""28"": 1, ""29"": 1, ""30"": 1, ""31"": 1, ""32"": 1, ""33"": 1, ""34"": 1, ""35"": 1, ""36"": 1, ""37"": 1, ""38"": 1, ""39"": 1, ""40"": 1, ""41"": 1}, ""heuristic"": ""SJF"", ""strategy"": ""Fixed""}",train_root,,11.41015745882212,44,44.989289896028126,88.98928989602813
3004,213,223,1109027,controller,8000,-30.953022003173828,"[0.1308310627937317, 0.14656797051429749, 0.16459228098392487, 0.16445304453372955, 0.07685275375843048, 0.07809438556432724, 0.08200953155755997, 0.07551997900009155, 0.008412862196564674, 0.009278840385377407, 0.00804747361689806, 0.01039121299982071, 0.0025094307493418455, 0.0028709385078400373, 0.0037326430901885033, 0.0032908651046454906, 0.002586353337392211, 0.0037427013739943504, 0.00298020476475358, 0.0027973363175988197, 0.006189987529069185, 0.005584402475506067, 0.004621476400643587, 0.004042287357151508]","[0.11959471130329151, 0.13398006364591405, 0.1504563664521866, 0.15032908824540284, 0.07025229866926379, 0.0713872936330005, 0.07496618953717213, 0.06903398851376841, 0.01, 0.01, 0.01, 0.01, 0.01, 0.01, 0.01, 0.01, 0.01, 0.01, 0.01, 0.01, 0.01, 0.01, 0.01, 0.01]","[true, true, true, true, true, true, true, true, true, true, true, true, true, true, true, true, true, true, true, true, true, true, true, true]",-39.9951211929945,"[0.127125, 0.127125, 0.1508125, 0.1508125, 0.07075, 0.07075, 0.0719375, 0.0719375, 0.0099375, 0.0099375, 0.0099375, 0.0099375, 0.0099375, 0.0099375, 0.0099375, 0.0099375, 0.0099375, 0.0099375, 0.0099375, 0.0099375, 0.009875, 0.009875, 0.009875, 0.009875]",2,0.1508125,0.16459228098392487,"ControllerAction(token_budget=554, selected_request_ids=[0, 1, 2, 3, 4, 5, 6, 7, 8, 9, 10, 11, 12, 13, 14, 15, 16, 17, 18, 19, 20, 21, 22, 23, 24, 25, 26, 27, 28, 29, 30, 31, 32, 33, 34, 35, 36, 37, 38, 39, 40, 41, 43], token_allocations={0: 1, 1: 1, 2: 1, 3: 1, 4: 1, 5: 1, 6: 1, 7: 1, 8: 1, 9: 1, 10: 1, 11: 1, 12: 1, 13: 1, 14: 1, 15: 1, 16: 1, 17: 1, 18: 1, 19: 1, 20: 1, 21: 1, 22: 1, 23: 1, 24: 1, 25: 1, 26: 1, 27: 1, 28: 1, 29: 1, 30: 1, 31: 1, 32: 1, 33: 1, 34: 1, 35: 1, 36: 1, 37: 1, 38: 1, 39: 1, 40: 1, 41: 1, 43: 512}, prefill_allocations={43: 512}, decode_allocations={0: 1, 1: 1, 2: 1, 3: 1, 4: 1, 5: 1, 6: 1, 7: 1, 8: 1, 9: 1, 10: 1, 11: 1, 12: 1, 13: 1, 14: 1, 15: 1, 16: 1, 17: 1, 18: 1, 19: 1, 20: 1, 21: 1, 22: 1, 23: 1, 24: 1, 25: 1, 26: 1, 27: 1, 28: 1, 29: 1, 30: 1, 31: 1, 32: 1, 33: 1, 34: 1, 35: 1, 36: 1, 37: 1, 38: 1, 39: 1, 40: 1, 41: 1}, heuristic='LST', strategy='Fixed', mapping=None)","{""type"": ""controller"", ""token_budget"": 554, ""selected_request_ids"": [0, 1, 2, 3, 4, 5, 6, 7, 8, 9, 10, 11, 12, 13, 14, 15, 16, 17, 18, 19, 20, 21, 22, 23, 24, 25, 26, 27, 28, 29, 30, 31, 32, 33, 34, 35, 36, 37, 38, 39, 40, 41, 43], ""token_allocations"": {""0"": 1, ""1"": 1, ""2"": 1, ""3"": 1, ""4"": 1, ""5"": 1, ""6"": 1, ""7"": 1, ""8"": 1, ""9"": 1, ""10"": 1, ""11"": 1, ""12"": 1, ""13"": 1, ""14"": 1, ""15"": 1, ""16"": 1, ""17"": 1, ""18"": 1, ""19"": 1, ""20"": 1, ""21"": 1, ""22"": 1, ""23"": 1, ""24"": 1, ""25"": 1, ""26"": 1, ""27"": 1, ""28"": 1, ""29"": 1, ""30"": 1, ""31"": 1, ""32"": 1, ""33"": 1, ""34"": 1, ""35"": 1, ""36"": 1, ""37"": 1, ""38"": 1, ""39"": 1, ""40"": 1, ""41"": 1, ""43"": 512}, ""prefill_allocations"": {""43"": 512}, ""decode_allocations"": {""0"": 1, ""1"": 1, ""2"": 1, ""3"": 1, ""4"": 1, ""5"": 1, ""6"": 1, ""7"": 1, ""8"": 1, ""9"": 1, ""10"": 1, ""11"": 1, ""12"": 1, ""13"": 1, ""14"": 1, ""15"": 1, ""16"": 1, ""17"": 1, ""18"": 1, ""19"": 1, ""20"": 1, ""21"": 1, ""22"": 1, ""23"": 1, ""24"": 1, ""25"": 1, ""26"": 1, ""27"": 1, ""28"": 1, ""29"": 1, ""30"": 1, ""31"": 1, ""32"": 1, ""33"": 1, ""34"": 1, ""35"": 1, ""36"": 1, ""37"": 1, ""38"": 1, ""39"": 1, ""40"": 1, ""41"": 1}, ""heuristic"": ""LST"", ""strategy"": ""Fixed""}",train_root,,11.439547986190592,44,45.077461478133536,89.07746147813353
3004,214,225,1194043,controller,8000,-30.984891891479492,"[0.13315889239311218, 0.14835169911384583, 0.16857363283634186, 0.16706378757953644, 0.07493510097265244, 0.07492740452289581, 0.08071921020746231, 0.07430466264486313, 0.008209028281271458, 0.008847218938171864, 0.00760791776701808, 0.010124842636287212, 0.002361280843615532, 0.0027942906599491835, 0.0035972818732261658, 0.003030311083421111, 0.0024448942858725786, 0.003612650092691183, 0.002889293944463134, 0.0026549063622951508, 0.006170167122036219, 0.005372908897697926, 0.004452360328286886, 0.003796235891059041]","[0.12131160268043142, 0.1351526890651479, 0.15357545561934272, 0.15219994291710587, 0.06826804453416015, 0.06826103284580691, 0.07353753535631244, 0.06769369698169246, 0.01, 0.01, 0.01, 0.01, 0.01, 0.01, 0.01, 0.01, 0.01, 0.01, 0.01, 0.01, 0.01, 0.01, 0.01, 0.01]","[true, true, true, true, true, true, true, true, true, true, true, true, true, true, true, true, true, true, true, true, true, true, true, true]",-39.99517523417455,"[0.1285625, 0.1285625, 0.1533125, 0.1533125, 0.06825, 0.06825, 0.0705625, 0.0705625, 0.0099375, 0.0099375, 0.0099375, 0.0099375, 0.0099375, 0.0099375, 0.0099375, 0.0099375, 0.009875, 0.009875, 0.0099375, 0.0099375, 0.009875, 0.009875, 0.009875, 0.009875]",2,0.1533125,0.16857363283634186,"ControllerAction(token_budget=554, selected_request_ids=[0, 1, 2, 3, 4, 5, 6, 7, 8, 9, 10, 11, 12, 13, 14, 15, 16, 17, 18, 19, 20, 21, 22, 23, 24, 25, 26, 27, 28, 29, 30, 31, 32, 33, 34, 35, 36, 37, 38, 39, 40, 41, 44], token_allocations={0: 1, 1: 1, 2: 1, 3: 1, 4: 1, 5: 1, 6: 1, 7: 1, 8: 1, 9: 1, 10: 1, 11: 1, 12: 1, 13: 1, 14: 1, 15: 1, 16: 1, 17: 1, 18: 1, 19: 1, 20: 1, 21: 1, 22: 1, 23: 1, 24: 1, 25: 1, 26: 1, 27: 1, 28: 1, 29: 1, 30: 1, 31: 1, 32: 1, 33: 1, 34: 1, 35: 1, 36: 1, 37: 1, 38: 1, 39: 1, 40: 1, 41: 1, 44: 512}, prefill_allocations={44: 512}, decode_allocations={0: 1, 1: 1, 2: 1, 3: 1, 4: 1, 5: 1, 6: 1, 7: 1, 8: 1, 9: 1, 10: 1, 11: 1, 12: 1, 13: 1, 14: 1, 15: 1, 16: 1, 17: 1, 18: 1, 19: 1, 20: 1, 21: 1, 22: 1, 23: 1, 24: 1, 25: 1, 26: 1, 27: 1, 28: 1, 29: 1, 30: 1, 31: 1, 32: 1, 33: 1, 34: 1, 35: 1, 36: 1, 37: 1, 38: 1, 39: 1, 40: 1, 41: 1}, heuristic='LST', strategy='Fixed', mapping=None)","{""type"": ""controller"", ""token_budget"": 554, ""selected_request_ids"": [0, 1, 2, 3, 4, 5, 6, 7, 8, 9, 10, 11, 12, 13, 14, 15, 16, 17, 18, 19, 20, 21, 22, 23, 24, 25, 26, 27, 28, 29, 30, 31, 32, 33, 34, 35, 36, 37, 38, 39, 40, 41, 44], ""token_allocations"": {""0"": 1, ""1"": 1, ""2"": 1, ""3"": 1, ""4"": 1, ""5"": 1, ""6"": 1, ""7"": 1, ""8"": 1, ""9"": 1, ""10"": 1, ""11"": 1, ""12"": 1, ""13"": 1, ""14"": 1, ""15"": 1, ""16"": 1, ""17"": 1, ""18"": 1, ""19"": 1, ""20"": 1, ""21"": 1, ""22"": 1, ""23"": 1, ""24"": 1, ""25"": 1, ""26"": 1, ""27"": 1, ""28"": 1, ""29"": 1, ""30"": 1, ""31"": 1, ""32"": 1, ""33"": 1, ""34"": 1, ""35"": 1, ""36"": 1, ""37"": 1, ""38"": 1, ""39"": 1, ""40"": 1, ""41"": 1, ""44"": 512}, ""prefill_allocations"": {""44"": 512}, ""decode_allocations"": {""0"": 1, ""1"": 1, ""2"": 1, ""3"": 1, ""4"": 1, ""5"": 1, ""6"": 1, ""7"": 1, ""8"": 1, ""9"": 1, ""10"": 1, ""11"": 1, ""12"": 1, ""13"": 1, ""14"": 1, ""15"": 1, ""16"": 1, ""17"": 1, ""18"": 1, ""19"": 1, ""20"": 1, ""21"": 1, ""22"": 1, ""23"": 1, ""24"": 1, ""25"": 1, ""26"": 1, ""27"": 1, ""28"": 1, ""29"": 1, ""30"": 1, ""31"": 1, ""32"": 1, ""33"": 1, ""34"": 1, ""35"": 1, ""36"": 1, ""37"": 1, ""38"": 1, ""39"": 1, ""40"": 1, ""41"": 1}, ""heuristic"": ""LST"", ""strategy"": ""Fixed""}",train_root,,11.468938513559063,44,45.165633060238946,89.16563306023895
3004,215,227,1280104,controller,8000,-31.222864151000977,"[0.13319675624370575, 0.1507299691438675, 0.17211636900901794, 0.1684366911649704, 0.07235587388277054, 0.071317657828331, 0.08114738017320633, 0.07330990582704544, 0.008028953336179256, 0.008989918045699596, 0.007391627412289381, 0.010200193151831627, 0.0023053688928484917, 0.002815494779497385, 0.0035356557928025723, 0.00291310902684927, 0.002374100498855114, 0.0037087928503751755, 0.00283310585655272, 0.002558366861194372, 0.006280341651290655, 0.005233469884842634, 0.004546912852674723, 0.0036740433424711227]","[0.12127031149198308, 0.1372335995616079, 0.1567050600271585, 0.15335486073610874, 0.06587712502535416, 0.06493187089253206, 0.07388143936747059, 0.0667457328977849, 0.01, 0.01, 0.01, 0.01, 0.01, 0.01, 0.01, 0.01, 0.01, 0.01, 0.01, 0.01, 0.01, 0.01, 0.01, 0.01]","[true, true, true, true, true, true, true, true, true, true, true, true, true, true, true, true, true, true, true, true, true, true, true, true]",-39.99522454709648,"[0.14246875, 0.14246875, 0.14246875, 0.14246875, 0.0678125, 0.0678125, 0.0678125, 0.0678125, 0.00996875, 0.00996875, 0.00996875, 0.00996875, 0.0099375, 0.0099375, 0.0099375, 0.0099375, 0.00990625, 0.00990625, 0.00990625, 0.00990625, 0.00990625, 0.00990625, 0.00990625, 0.00990625]",0,0.14246875,0.13319675624370575,"ControllerAction(token_budget=554, selected_request_ids=[0, 1, 2, 3, 4, 5, 6, 7, 8, 9, 10, 11, 12, 13, 14, 15, 16, 17, 18, 19, 20, 21, 22, 23, 24, 25, 26, 27, 28, 29, 30, 31, 32, 33, 34, 35, 36, 37, 38, 39, 40, 41, 42], token_allocations={0: 1, 1: 1, 2: 1, 3: 1, 4: 1, 5: 1, 6: 1, 7: 1, 8: 1, 9: 1, 10: 1, 11: 1, 12: 1, 13: 1, 14: 1, 15: 1, 16: 1, 17: 1, 18: 1, 19: 1, 20: 1, 21: 1, 22: 1, 23: 1, 24: 1, 25: 1, 26: 1, 27: 1, 28: 1, 29: 1, 30: 1, 31: 1, 32: 1, 33: 1, 34: 1, 35: 1, 36: 1, 37: 1, 38: 1, 39: 1, 40: 1, 41: 1, 42: 512}, prefill_allocations={42: 512}, decode_allocations={0: 1, 1: 1, 2: 1, 3: 1, 4: 1, 5: 1, 6: 1, 7: 1, 8: 1, 9: 1, 10: 1, 11: 1, 12: 1, 13: 1, 14: 1, 15: 1, 16: 1, 17: 1, 18: 1, 19: 1, 20: 1, 21: 1, 22: 1, 23: 1, 24: 1, 25: 1, 26: 1, 27: 1, 28: 1, 29: 1, 30: 1, 31: 1, 32: 1, 33: 1, 34: 1, 35: 1, 36: 1, 37: 1, 38: 1, 39: 1, 40: 1, 41: 1}, heuristic='SJF', strategy='Fixed', mapping=None)","{""type"": ""controller"", ""token_budget"": 554, ""selected_request_ids"": [0, 1, 2, 3, 4, 5, 6, 7, 8, 9, 10, 11, 12, 13, 14, 15, 16, 17, 18, 19, 20, 21, 22, 23, 24, 25, 26, 27, 28, 29, 30, 31, 32, 33, 34, 35, 36, 37, 38, 39, 40, 41, 42], ""token_allocations"": {""0"": 1, ""1"": 1, ""2"": 1, ""3"": 1, ""4"": 1, ""5"": 1, ""6"": 1, ""7"": 1, ""8"": 1, ""9"": 1, ""10"": 1, ""11"": 1, ""12"": 1, ""13"": 1, ""14"": 1, ""15"": 1, ""16"": 1, ""17"": 1, ""18"": 1, ""19"": 1, ""20"": 1, ""21"": 1, ""22"": 1, ""23"": 1, ""24"": 1, ""25"": 1, ""26"": 1, ""27"": 1, ""28"": 1, ""29"": 1, ""30"": 1, ""31"": 1, ""32"": 1, ""33"": 1, ""34"": 1, ""35"": 1, ""36"": 1, ""37"": 1, ""38"": 1, ""39"": 1, ""40"": 1, ""41"": 1, ""42"": 512}, ""prefill_allocations"": {""42"": 512}, ""decode_allocations"": {""0"": 1, ""1"": 1, ""2"": 1, ""3"": 1, ""4"": 1, ""5"": 1, ""6"": 1, ""7"": 1, ""8"": 1, ""9"": 1, ""10"": 1, ""11"": 1, ""12"": 1, ""13"": 1, ""14"": 1, ""15"": 1, ""16"": 1, ""17"": 1, ""18"": 1, ""19"": 1, ""20"": 1, ""21"": 1, ""22"": 1, ""23"": 1, ""24"": 1, ""25"": 1, ""26"": 1, ""27"": 1, ""28"": 1, ""29"": 1, ""30"": 1, ""31"": 1, ""32"": 1, ""33"": 1, ""34"": 1, ""35"": 1, ""36"": 1, ""37"": 1, ""38"": 1, ""39"": 1, ""40"": 1, ""41"": 1}, ""heuristic"": ""SJF"", ""strategy"": ""Fixed""}",train_root,,11.498329040927535,44,45.253804642344356,89.25380464234436
3004,216,229,1369900,controller,8000,-30.870861053466797,"[0.13669273257255554, 0.1548234075307846, 0.17760111391544342, 0.17738521099090576, 0.07295230776071548, 0.07131151109933853, 0.08077996224164963, 0.07240355014801025, 0.007885928265750408, 0.008551785722374916, 0.0071271550841629505, 0.009938865900039673, 0.0022330055944621563, 0.0027979426085948944, 0.0034800334833562374, 0.002815904561430216, 0.0023322103079408407, 0.0036081173457205296, 0.0028056378941982985, 0.0024736125487834215, 0.0, 0.0, 0.0, 0.0]","[0.12743220575979927, 0.14433458131670557, 0.1655691657171999, 0.16536788957481816, 0.06801000549375363, 0.06648036793492001, 0.07530735962266866, 0.0674984245801349, 0.01, 0.01, 0.01, 0.01, 0.01, 0.01, 0.01, 0.01, 0.01, 0.01, 0.01, 0.01, 0.0, 0.0, 0.0, 0.0]","[true, true, true, true, true, true, true, true, true, true, true, true, true, true, true, true, true, true, true, true, false, false, false, false]",-39.99518815135302,"[0.1361875, 0.1361875, 0.1658125, 0.1658125, 0.067125, 0.067125, 0.0713125, 0.0713125, 0.0099375, 0.0099375, 0.0099375, 0.0099375, 0.0099375, 0.0099375, 0.0099375, 0.0099375, 0.00990625, 0.00990625, 0.00990625, 0.00990625, 0.0, 0.0, 0.0, 0.0]",2,0.1658125,0.17760111391544342,"ControllerAction(token_budget=554, selected_request_ids=[0, 1, 2, 3, 4, 5, 6, 7, 8, 9, 10, 11, 12, 13, 14, 15, 16, 17, 18, 19, 20, 21, 22, 23, 24, 25, 26, 27, 28, 29, 30, 31, 32, 33, 34, 35, 36, 37, 38, 39, 40, 41, 43], token_allocations={0: 1, 1: 1, 2: 1, 3: 1, 4: 1, 5: 1, 6: 1, 7: 1, 8: 1, 9: 1, 10: 1, 11: 1, 12: 1, 13: 1, 14: 1, 15: 1, 16: 1, 17: 1, 18: 1, 19: 1, 20: 1, 21: 1, 22: 1, 23: 1, 24: 1, 25: 1, 26: 1, 27: 1, 28: 1, 29: 1, 30: 1, 31: 1, 32: 1, 33: 1, 34: 1, 35: 1, 36: 1, 37: 1, 38: 1, 39: 1, 40: 1, 41: 1, 43: 512}, prefill_allocations={43: 512}, decode_allocations={0: 1, 1: 1, 2: 1, 3: 1, 4: 1, 5: 1, 6: 1, 7: 1, 8: 1, 9: 1, 10: 1, 11: 1, 12: 1, 13: 1, 14: 1, 15: 1, 16: 1, 17: 1, 18: 1, 19: 1, 20: 1, 21: 1, 22: 1, 23: 1, 24: 1, 25: 1, 26: 1, 27: 1, 28: 1, 29: 1, 30: 1, 31: 1, 32: 1, 33: 1, 34: 1, 35: 1, 36: 1, 37: 1, 38: 1, 39: 1, 40: 1, 41: 1}, heuristic='LST', strategy='Fixed', mapping=None)","{""type"": ""controller"", ""token_budget"": 554, ""selected_request_ids"": [0, 1, 2, 3, 4, 5, 6, 7, 8, 9, 10, 11, 12, 13, 14, 15, 16, 17, 18, 19, 20, 21, 22, 23, 24, 25, 26, 27, 28, 29, 30, 31, 32, 33, 34, 35, 36, 37, 38, 39, 40, 41, 43], ""token_allocations"": {""0"": 1, ""1"": 1, ""2"": 1, ""3"": 1, ""4"": 1, ""5"": 1, ""6"": 1, ""7"": 1, ""8"": 1, ""9"": 1, ""10"": 1, ""11"": 1, ""12"": 1, ""13"": 1, ""14"": 1, ""15"": 1, ""16"": 1, ""17"": 1, ""18"": 1, ""19"": 1, ""20"": 1, ""21"": 1, ""22"": 1, ""23"": 1, ""24"": 1, ""25"": 1, ""26"": 1, ""27"": 1, ""28"": 1, ""29"": 1, ""30"": 1, ""31"": 1, ""32"": 1, ""33"": 1, ""34"": 1, ""35"": 1, ""36"": 1, ""37"": 1, ""38"": 1, ""39"": 1, ""40"": 1, ""41"": 1, ""43"": 512}, ""prefill_allocations"": {""43"": 512}, ""decode_allocations"": {""0"": 1, ""1"": 1, ""2"": 1, ""3"": 1, ""4"": 1, ""5"": 1, ""6"": 1, ""7"": 1, ""8"": 1, ""9"": 1, ""10"": 1, ""11"": 1, ""12"": 1, ""13"": 1, ""14"": 1, ""15"": 1, ""16"": 1, ""17"": 1, ""18"": 1, ""19"": 1, ""20"": 1, ""21"": 1, ""22"": 1, ""23"": 1, ""24"": 1, ""25"": 1, ""26"": 1, ""27"": 1, ""28"": 1, ""29"": 1, ""30"": 1, ""31"": 1, ""32"": 1, ""33"": 1, ""34"": 1, ""35"": 1, ""36"": 1, ""37"": 1, ""38"": 1, ""39"": 1, ""40"": 1, ""41"": 1}, ""heuristic"": ""LST"", ""strategy"": ""Fixed""}",train_root,,11.528198431656008,44,45.34341281452977,89.34341281452977
3004,217,231,1458976,controller,8000,-30.896909713745117,"[0.1403815597295761, 0.15811391174793243, 0.1835641711950302, 0.1818198263645172, 0.0717417448759079, 0.06897623836994171, 0.0801793783903122, 0.07184313237667084, 0.007757463492453098, 0.008216642774641514, 0.006788251455873251, 0.00976263452321291, 0.0021171451080590487, 0.002744989935308695, 0.0033809414599090815, 0.0026118990499526262, 0.0, 0.0, 0.0, 0.0, 0.0, 0.0, 0.0, 0.0]","[0.13500767278517967, 0.152061220157196, 0.1765372290172671, 0.17485965871133752, 0.06899542956996935, 0.06633578824555324, 0.07711006561467744, 0.06909293589881964, 0.01, 0.01, 0.01, 0.01, 0.01, 0.01, 0.01, 0.01, 0.0, 0.0, 0.0, 0.0, 0.0, 0.0, 0.0, 0.0]","[true, true, true, true, true, true, true, true, true, true, true, true, true, true, true, true, false, false, false, false, false, false, false, false]",-39.99515261466467,"[0.14375, 0.14375, 0.176, 0.176, 0.0675, 0.0675, 0.073, 0.073, 0.0099375, 0.0099375, 0.0099375, 0.0099375, 0.0099375, 0.0099375, 0.0099375, 0.0099375, 0.0, 0.0, 0.0, 0.0, 0.0, 0.0, 0.0, 0.0]",2,0.176,0.1835641711950302,"ControllerAction(token_budget=554, selected_request_ids=[0, 1, 2, 3, 4, 5, 6, 7, 8, 9, 10, 11, 12, 13, 14, 15, 16, 17, 18, 19, 20, 21, 22, 23, 24, 25, 26, 27, 28, 29, 30, 31, 32, 33, 34, 35, 36, 37, 38, 39, 40, 41, 44], token_allocations={0: 1, 1: 1, 2: 1, 3: 1, 4: 1, 5: 1, 6: 1, 7: 1, 8: 1, 9: 1, 10: 1, 11: 1, 12: 1, 13: 1, 14: 1, 15: 1, 16: 1, 17: 1, 18: 1, 19: 1, 20: 1, 21: 1, 22: 1, 23: 1, 24: 1, 25: 1, 26: 1, 27: 1, 28: 1, 29: 1, 30: 1, 31: 1, 32: 1, 33: 1, 34: 1, 35: 1, 36: 1, 37: 1, 38: 1, 39: 1, 40: 1, 41: 1, 44: 512}, prefill_allocations={44: 512}, decode_allocations={0: 1, 1: 1, 2: 1, 3: 1, 4: 1, 5: 1, 6: 1, 7: 1, 8: 1, 9: 1, 10: 1, 11: 1, 12: 1, 13: 1, 14: 1, 15: 1, 16: 1, 17: 1, 18: 1, 19: 1, 20: 1, 21: 1, 22: 1, 23: 1, 24: 1, 25: 1, 26: 1, 27: 1, 28: 1, 29: 1, 30: 1, 31: 1, 32: 1, 33: 1, 34: 1, 35: 1, 36: 1, 37: 1, 38: 1, 39: 1, 40: 1, 41: 1}, heuristic='LST', strategy='Fixed', mapping=None)","{""type"": ""controller"", ""token_budget"": 554, ""selected_request_ids"": [0, 1, 2, 3, 4, 5, 6, 7, 8, 9, 10, 11, 12, 13, 14, 15, 16, 17, 18, 19, 20, 21, 22, 23, 24, 25, 26, 27, 28, 29, 30, 31, 32, 33, 34, 35, 36, 37, 38, 39, 40, 41, 44], ""token_allocations"": {""0"": 1, ""1"": 1, ""2"": 1, ""3"": 1, ""4"": 1, ""5"": 1, ""6"": 1, ""7"": 1, ""8"": 1, ""9"": 1, ""10"": 1, ""11"": 1, ""12"": 1, ""13"": 1, ""14"": 1, ""15"": 1, ""16"": 1, ""17"": 1, ""18"": 1, ""19"": 1, ""20"": 1, ""21"": 1, ""22"": 1, ""23"": 1, ""24"": 1, ""25"": 1, ""26"": 1, ""27"": 1, ""28"": 1, ""29"": 1, ""30"": 1, ""31"": 1, ""32"": 1, ""33"": 1, ""34"": 1, ""35"": 1, ""36"": 1, ""37"": 1, ""38"": 1, ""39"": 1, ""40"": 1, ""41"": 1, ""44"": 512}, ""prefill_allocations"": {""44"": 512}, ""decode_allocations"": {""0"": 1, ""1"": 1, ""2"": 1, ""3"": 1, ""4"": 1, ""5"": 1, ""6"": 1, ""7"": 1, ""8"": 1, ""9"": 1, ""10"": 1, ""11"": 1, ""12"": 1, ""13"": 1, ""14"": 1, ""15"": 1, ""16"": 1, ""17"": 1, ""18"": 1, ""19"": 1, ""20"": 1, ""21"": 1, ""22"": 1, ""23"": 1, ""24"": 1, ""25"": 1, ""26"": 1, ""27"": 1, ""28"": 1, ""29"": 1, ""30"": 1, ""31"": 1, ""32"": 1, ""33"": 1, ""34"": 1, ""35"": 1, ""36"": 1, ""37"": 1, ""38"": 1, ""39"": 1, ""40"": 1, ""41"": 1}, ""heuristic"": ""LST"", ""strategy"": ""Fixed""}",train_root,,11.558067822384482,44,45.433020986715185,89.43302098671518
3004,218,233,1549443,controller,8000,-31.133956909179688,"[0.14178581535816193, 0.16220013797283173, 0.18926769495010376, 0.18508580327033997, 0.06991353631019592, 0.06623213738203049, 0.08133937418460846, 0.07153143733739853, 0.007654201239347458, 0.008419028483331203, 0.0066490801982581615, 0.009921777062118053, 0.0, 0.0, 0.0, 0.0, 0.0, 0.0, 0.0, 0.0, 0.0, 0.0, 0.0, 0.0]","[0.14070765224114953, 0.16096674092324062, 0.1878284716581145, 0.18367837978397353, 0.0693819020558162, 0.06572849710245937, 0.08072085594295512, 0.0709875002922911, 0.01, 0.01, 0.01, 0.01, 0.0, 0.0, 0.0, 0.0, 0.0, 0.0, 0.0, 0.0, 0.0, 0.0, 0.0, 0.0]","[true, true, true, true, true, true, true, true, true, true, true, true, false, false, false, false, false, false, false, false, false, false, false, false]",-39.995149338963515,"[0.1685, 0.1685, 0.1685, 0.1685, 0.0715625, 0.0715625, 0.0715625, 0.0715625, 0.0099375, 0.0099375, 0.0099375, 0.0099375, 0.0, 0.0, 0.0, 0.0, 0.0, 0.0, 0.0, 0.0, 0.0, 0.0, 0.0, 0.0]",0,0.1685,0.14178581535816193,"ControllerAction(token_budget=554, selected_request_ids=[0, 1, 2, 3, 4, 5, 6, 7, 8, 9, 10, 11, 12, 13, 14, 15, 16, 17, 18, 19, 20, 21, 22, 23, 24, 25, 26, 27, 28, 29, 30, 31, 32, 33, 34, 35, 36, 37, 38, 39, 40, 41, 42], token_allocations={0: 1, 1: 1, 2: 1, 3: 1, 4: 1, 5: 1, 6: 1, 7: 1, 8: 1, 9: 1, 10: 1, 11: 1, 12: 1, 13: 1, 14: 1, 15: 1, 16: 1, 17: 1, 18: 1, 19: 1, 20: 1, 21: 1, 22: 1, 23: 1, 24: 1, 25: 1, 26: 1, 27: 1, 28: 1, 29: 1, 30: 1, 31: 1, 32: 1, 33: 1, 34: 1, 35: 1, 36: 1, 37: 1, 38: 1, 39: 1, 40: 1, 41: 1, 42: 512}, prefill_allocations={42: 512}, decode_allocations={0: 1, 1: 1, 2: 1, 3: 1, 4: 1, 5: 1, 6: 1, 7: 1, 8: 1, 9: 1, 10: 1, 11: 1, 12: 1, 13: 1, 14: 1, 15: 1, 16: 1, 17: 1, 18: 1, 19: 1, 20: 1, 21: 1, 22: 1, 23: 1, 24: 1, 25: 1, 26: 1, 27: 1, 28: 1, 29: 1, 30: 1, 31: 1, 32: 1, 33: 1, 34: 1, 35: 1, 36: 1, 37: 1, 38: 1, 39: 1, 40: 1, 41: 1}, heuristic='SJF', strategy='Fixed', mapping=None)","{""type"": ""controller"", ""token_budget"": 554, ""selected_request_ids"": [0, 1, 2, 3, 4, 5, 6, 7, 8, 9, 10, 11, 12, 13, 14, 15, 16, 17, 18, 19, 20, 21, 22, 23, 24, 25, 26, 27, 28, 29, 30, 31, 32, 33, 34, 35, 36, 37, 38, 39, 40, 41, 42], ""token_allocations"": {""0"": 1, ""1"": 1, ""2"": 1, ""3"": 1, ""4"": 1, ""5"": 1, ""6"": 1, ""7"": 1, ""8"": 1, ""9"": 1, ""10"": 1, ""11"": 1, ""12"": 1, ""13"": 1, ""14"": 1, ""15"": 1, ""16"": 1, ""17"": 1, ""18"": 1, ""19"": 1, ""20"": 1, ""21"": 1, ""22"": 1, ""23"": 1, ""24"": 1, ""25"": 1, ""26"": 1, ""27"": 1, ""28"": 1, ""29"": 1, ""30"": 1, ""31"": 1, ""32"": 1, ""33"": 1, ""34"": 1, ""35"": 1, ""36"": 1, ""37"": 1, ""38"": 1, ""39"": 1, ""40"": 1, ""41"": 1, ""42"": 512}, ""prefill_allocations"": {""42"": 512}, ""decode_allocations"": {""0"": 1, ""1"": 1, ""2"": 1, ""3"": 1, ""4"": 1, ""5"": 1, ""6"": 1, ""7"": 1, ""8"": 1, ""9"": 1, ""10"": 1, ""11"": 1, ""12"": 1, ""13"": 1, ""14"": 1, ""15"": 1, ""16"": 1, ""17"": 1, ""18"": 1, ""19"": 1, ""20"": 1, ""21"": 1, ""22"": 1, ""23"": 1, ""24"": 1, ""25"": 1, ""26"": 1, ""27"": 1, ""28"": 1, ""29"": 1, ""30"": 1, ""31"": 1, ""32"": 1, ""33"": 1, ""34"": 1, ""35"": 1, ""36"": 1, ""37"": 1, ""38"": 1, ""39"": 1, ""40"": 1, ""41"": 1}, ""heuristic"": ""SJF"", ""strategy"": ""Fixed""}",train_root,,11.587937213112955,44,45.5226291589006,89.5226291589006
3004,219,235,1642866,controller,8000,-31.6544246673584,"[0.14926406741142273, 0.1707601547241211, 0.1967921406030655, 0.18970416486263275, 0.07180081307888031, 0.06563743203878403, 0.08308617025613785, 0.07295515388250351, 0.0, 0.0, 0.0, 0.0, 0.0, 0.0, 0.0, 0.0, 0.0, 0.0, 0.0, 0.0, 0.0, 0.0, 0.0, 0.0]","[0.14926405295407258, 0.17076013818471283, 0.19679212154226317, 0.18970414648835432, 0.0718008061244303, 0.06563742568130393, 0.08308616220861592, 0.07295514681624689, 0.0, 0.0, 0.0, 0.0, 0.0, 0.0, 0.0, 0.0, 0.0, 0.0, 0.0, 0.0, 0.0, 0.0, 0.0, 0.0]","[true, true, true, true, true, true, true, true, false, false, false, false, false, false, false, false, false, false, false, false, false, false, false, false]",-39.99513351245374,"[0.1768125, 0.1768125, 0.1768125, 0.1768125, 0.0731875, 0.0731875, 0.0731875, 0.0731875, 0.0, 0.0, 0.0, 0.0, 0.0, 0.0, 0.0, 0.0, 0.0, 0.0, 0.0, 0.0, 0.0, 0.0, 0.0, 0.0]",0,0.1768125,0.14926406741142273,"ControllerAction(token_budget=555, selected_request_ids=[0, 1, 2, 3, 4, 5, 6, 7, 8, 9, 10, 11, 12, 13, 14, 15, 16, 17, 18, 19, 20, 21, 22, 23, 24, 25, 26, 27, 28, 29, 30, 31, 32, 33, 34, 35, 36, 37, 38, 39, 40, 41, 42, 43], token_allocations={0: 1, 1: 1, 2: 1, 3: 1, 4: 1, 5: 1, 6: 1, 7: 1, 8: 1, 9: 1, 10: 1, 11: 1, 12: 1, 13: 1, 14: 1, 15: 1, 16: 1, 17: 1, 18: 1, 19: 1, 20: 1, 21: 1, 22: 1, 23: 1, 24: 1, 25: 1, 26: 1, 27: 1, 28: 1, 29: 1, 30: 1, 31: 1, 32: 1, 33: 1, 34: 1, 35: 1, 36: 1, 37: 1, 38: 1, 39: 1, 40: 1, 41: 1, 42: 1, 43: 512}, prefill_allocations={43: 512}, decode_allocations={0: 1, 1: 1, 2: 1, 3: 1, 4: 1, 5: 1, 6: 1, 7: 1, 8: 1, 9: 1, 10: 1, 11: 1, 12: 1, 13: 1, 14: 1, 15: 1, 16: 1, 17: 1, 18: 1, 19: 1, 20: 1, 21: 1, 22: 1, 23: 1, 24: 1, 25: 1, 26: 1, 27: 1, 28: 1, 29: 1, 30: 1, 31: 1, 32: 1, 33: 1, 34: 1, 35: 1, 36: 1, 37: 1, 38: 1, 39: 1, 40: 1, 41: 1, 42: 1}, heuristic='SJF', strategy='Fixed', mapping=None)","{""type"": ""controller"", ""token_budget"": 555, ""selected_request_ids"": [0, 1, 2, 3, 4, 5, 6, 7, 8, 9, 10, 11, 12, 13, 14, 15, 16, 17, 18, 19, 20, 21, 22, 23, 24, 25, 26, 27, 28, 29, 30, 31, 32, 33, 34, 35, 36, 37, 38, 39, 40, 41, 42, 43], ""token_allocations"": {""0"": 1, ""1"": 1, ""2"": 1, ""3"": 1, ""4"": 1, ""5"": 1, ""6"": 1, ""7"": 1, ""8"": 1, ""9"": 1, ""10"": 1, ""11"": 1, ""12"": 1, ""13"": 1, ""14"": 1, ""15"": 1, ""16"": 1, ""17"": 1, ""18"": 1, ""19"": 1, ""20"": 1, ""21"": 1, ""22"": 1, ""23"": 1, ""24"": 1, ""25"": 1, ""26"": 1, ""27"": 1, ""28"": 1, ""29"": 1, ""30"": 1, ""31"": 1, ""32"": 1, ""33"": 1, ""34"": 1, ""35"": 1, ""36"": 1, ""37"": 1, ""38"": 1, ""39"": 1, ""40"": 1, ""41"": 1, ""42"": 1, ""43"": 512}, ""prefill_allocations"": {""43"": 512}, ""decode_allocations"": {""0"": 1, ""1"": 1, ""2"": 1, ""3"": 1, ""4"": 1, ""5"": 1, ""6"": 1, ""7"": 1, ""8"": 1, ""9"": 1, ""10"": 1, ""11"": 1, ""12"": 1, ""13"": 1, ""14"": 1, ""15"": 1, ""16"": 1, ""17"": 1, ""18"": 1, ""19"": 1, ""20"": 1, ""21"": 1, ""22"": 1, ""23"": 1, ""24"": 1, ""25"": 1, ""26"": 1, ""27"": 1, ""28"": 1, ""29"": 1, ""30"": 1, ""31"": 1, ""32"": 1, ""33"": 1, ""34"": 1, ""35"": 1, ""36"": 1, ""37"": 1, ""38"": 1, ""39"": 1, ""40"": 1, ""41"": 1, ""42"": 1}, ""heuristic"": ""SJF"", ""strategy"": ""Fixed""}",train_root,,11.618318573121428,44,45.61377323892603,89.61377323892603
3004,220,237,1736856,controller,8000,-32.1618766784668,"[0.21351122856140137, 0.24426200985908508, 0.27803707122802734, 0.2641896903514862, 0.0, 0.0, 0.0, 0.0, 0.0, 0.0, 0.0, 0.0, 0.0, 0.0, 0.0, 0.0, 0.0, 0.0, 0.0, 0.0, 0.0, 0.0, 0.0, 0.0]","[0.21351122856140137, 0.24426200985908508, 0.27803707122802734, 0.2641896903514862, 0.0, 0.0, 0.0, 0.0, 0.0, 0.0, 0.0, 0.0, 0.0, 0.0, 0.0, 0.0, 0.0, 0.0, 0.0, 0.0, 0.0, 0.0, 0.0, 0.0]","[true, true, true, true, false, false, false, false, false, false, false, false, false, false, false, false, false, false, false, false, false, false, false, false]",-39.99488873008439,"[0.25, 0.25, 0.25, 0.25, 0.0, 0.0, 0.0, 0.0, 0.0, 0.0, 0.0, 0.0, 0.0, 0.0, 0.0, 0.0, 0.0, 0.0, 0.0, 0.0, 0.0, 0.0, 0.0, 0.0]",0,0.25,0.21351122856140137,"ControllerAction(token_budget=556, selected_request_ids=[0, 1, 2, 3, 4, 5, 6, 7, 8, 9, 10, 11, 12, 13, 14, 15, 16, 17, 18, 19, 20, 21, 22, 23, 24, 25, 26, 27, 28, 29, 30, 31, 32, 33, 34, 35, 36, 37, 38, 39, 40, 41, 42, 43, 44], token_allocations={0: 1, 1: 1, 2: 1, 3: 1, 4: 1, 5: 1, 6: 1, 7: 1, 8: 1, 9: 1, 10: 1, 11: 1, 12: 1, 13: 1, 14: 1, 15: 1, 16: 1, 17: 1, 18: 1, 19: 1, 20: 1, 21: 1, 22: 1, 23: 1, 24: 1, 25: 1, 26: 1, 27: 1, 28: 1, 29: 1, 30: 1, 31: 1, 32: 1, 33: 1, 34: 1, 35: 1, 36: 1, 37: 1, 38: 1, 39: 1, 40: 1, 41: 1, 42: 1, 43: 1, 44: 512}, prefill_allocations={44: 512}, decode_allocations={0: 1, 1: 1, 2: 1, 3: 1, 4: 1, 5: 1, 6: 1, 7: 1, 8: 1, 9: 1, 10: 1, 11: 1, 12: 1, 13: 1, 14: 1, 15: 1, 16: 1, 17: 1, 18: 1, 19: 1, 20: 1, 21: 1, 22: 1, 23: 1, 24: 1, 25: 1, 26: 1, 27: 1, 28: 1, 29: 1, 30: 1, 31: 1, 32: 1, 33: 1, 34: 1, 35: 1, 36: 1, 37: 1, 38: 1, 39: 1, 40: 1, 41: 1, 42: 1, 43: 1}, heuristic='SJF', strategy='Fixed', mapping=None)","{""type"": ""controller"", ""token_budget"": 556, ""selected_request_ids"": [0, 1, 2, 3, 4, 5, 6, 7, 8, 9, 10, 11, 12, 13, 14, 15, 16, 17, 18, 19, 20, 21, 22, 23, 24, 25, 26, 27, 28, 29, 30, 31, 32, 33, 34, 35, 36, 37, 38, 39, 40, 41, 42, 43, 44], ""token_allocations"": {""0"": 1, ""1"": 1, ""2"": 1, ""3"": 1, ""4"": 1, ""5"": 1, ""6"": 1, ""7"": 1, ""8"": 1, ""9"": 1, ""10"": 1, ""11"": 1, ""12"": 1, ""13"": 1, ""14"": 1, ""15"": 1, ""16"": 1, ""17"": 1, ""18"": 1, ""19"": 1, ""20"": 1, ""21"": 1, ""22"": 1, ""23"": 1, ""24"": 1, ""25"": 1, ""26"": 1, ""27"": 1, ""28"": 1, ""29"": 1, ""30"": 1, ""31"": 1, ""32"": 1, ""33"": 1, ""34"": 1, ""35"": 1, ""36"": 1, ""37"": 1, ""38"": 1, ""39"": 1, ""40"": 1, ""41"": 1, ""42"": 1, ""43"": 1, ""44"": 512}, ""prefill_allocations"": {""44"": 512}, ""decode_allocations"": {""0"": 1, ""1"": 1, ""2"": 1, ""3"": 1, ""4"": 1, ""5"": 1, ""6"": 1, ""7"": 1, ""8"": 1, ""9"": 1, ""10"": 1, ""11"": 1, ""12"": 1, ""13"": 1, ""14"": 1, ""15"": 1, ""16"": 1, ""17"": 1, ""18"": 1, ""19"": 1, ""20"": 1, ""21"": 1, ""22"": 1, ""23"": 1, ""24"": 1, ""25"": 1, ""26"": 1, ""27"": 1, ""28"": 1, ""29"": 1, ""30"": 1, ""31"": 1, ""32"": 1, ""33"": 1, ""34"": 1, ""35"": 1, ""36"": 1, ""37"": 1, ""38"": 1, ""39"": 1, ""40"": 1, ""41"": 1, ""42"": 1, ""43"": 1}, ""heuristic"": ""SJF"", ""strategy"": ""Fixed""}",train_root,,11.648871064009901,44,45.67487822070298,89.67487822070298
3004,221,240,1833257,adversary,4000,-32.81219482421875,"[0.08581823110580444, 0.09525894373655319, 0.11481113731861115, 0.17916041612625122, 0.2142077088356018, 0.3107435405254364]","[0.1, 0.1, 0.1121582028735604, 0.17502056654169434, 0.20925802344411976, 0.3035632071406253]","[true, true, true, true, true, true]",-39.99487478868391,"[0.1, 0.1, 0.112, 0.175, 0.20925, 0.30375]",5,0.30375,0.3107435405254364,"AdversaryAction(requests=[AdversaryRequestSpec(prefill_tokens=3072, decode_tokens=5000, prefill_slo=0.3874467952163693, decode_slo=0.05), AdversaryRequestSpec(prefill_tokens=3072, decode_tokens=5000, prefill_slo=0.3874467952163693, decode_slo=0.05), AdversaryRequestSpec(prefill_tokens=3072, decode_tokens=5000, prefill_slo=0.3874467952163693, decode_slo=0.05), AdversaryRequestSpec(prefill_tokens=3072, decode_tokens=5000, prefill_slo=0.3874467952163693, decode_slo=0.05), AdversaryRequestSpec(prefill_tokens=3072, decode_tokens=5000, prefill_slo=0.3874467952163693, decode_slo=0.05), AdversaryRequestSpec(prefill_tokens=3072, decode_tokens=5000, prefill_slo=0.3874467952163693, decode_slo=0.05)], stop_decode_ids=[])","{""type"": ""adversary"", ""requests"": [{""prefill_tokens"": 3072, ""decode_tokens"": 5000, ""prefill_slo"": 0.3874467952163693, ""decode_slo"": 0.05}, {""prefill_tokens"": 3072, ""decode_tokens"": 5000, ""prefill_slo"": 0.3874467952163693, ""decode_slo"": 0.05}, {""prefill_tokens"": 3072, ""decode_tokens"": 5000, ""prefill_slo"": 0.3874467952163693, ""decode_slo"": 0.05}, {""prefill_tokens"": 3072, ""decode_tokens"": 5000, ""prefill_slo"": 0.3874467952163693, ""decode_slo"": 0.05}, {""prefill_tokens"": 3072, ""decode_tokens"": 5000, ""prefill_slo"": 0.3874467952163693, ""decode_slo"": 0.05}, {""prefill_tokens"": 3072, ""decode_tokens"": 5000, ""prefill_slo"": 0.3874467952163693, ""decode_slo"": 0.05}], ""stop_decode_ids"": []}",train_root,,12.0,44,45.70548939498345,89.70548939498346
3004,222,241,1881342,controller,8000,-31.932071685791016,"[0.09690176695585251, 0.1081296056509018, 0.10378336906433105, 0.10906244814395905, 0.10022921860218048, 0.1311807632446289, 0.09365110099315643, 0.09519016742706299, 0.014383030124008656, 0.021628892049193382, 0.020352715626358986, 0.017158886417746544, 0.00658757658675313, 0.004717086907476187, 0.006831800099462271, 0.010016391985118389, 0.006041298154741526, 0.006586122326552868, 0.005688495468348265, 0.006542448420077562, 0.007193027064204216, 0.010747992433607578, 0.008144492283463478, 0.00925128348171711]","[0.09349802323947182, 0.10433147608782935, 0.1001379041629689, 0.10523155182261312, 0.09670859577215155, 0.1265729453210677, 0.09036153923848982, 0.09184654486558066, 0.013877815926733879, 0.020869161780928427, 0.019637811965664505, 0.01655616828721851, 0.01, 0.01, 0.01, 0.01, 0.01, 0.01, 0.01, 0.01, 0.01, 0.010370461529281902, 0.01, 0.01]","[true, true, true, true, true, true, true, true, true, true, true, true, true, true, true, true, true, true, true, true, true, true, true, true]",-39.99521521717855,"[0.101, 0.101, 0.101, 0.101, 0.1015625, 0.1015625, 0.1015625, 0.1015625, 0.01765625, 0.01765625, 0.01765625, 0.01765625, 0.00990625, 0.00990625, 0.00990625, 0.00990625, 0.00990625, 0.00990625, 0.00990625, 0.00990625, 0.00996875, 0.00996875, 0.00996875, 0.00996875]",4,0.1015625,0.10022921860218048,"ControllerAction(token_budget=1069, selected_request_ids=[0, 1, 2, 3, 4, 5, 6, 7, 8, 9, 10, 11, 12, 13, 14, 15, 16, 17, 18, 19, 20, 21, 22, 23, 24, 25, 26, 27, 28, 29, 30, 31, 32, 33, 34, 35, 36, 37, 38, 39, 40, 41, 42, 43, 44, 45], token_allocations={0: 1, 1: 1, 2: 1, 3: 1, 4: 1, 5: 1, 6: 1, 7: 1, 8: 1, 9: 1, 10: 1, 11: 1, 12: 1, 13: 1, 14: 1, 15: 1, 16: 1, 17: 1, 18: 1, 19: 1, 20: 1, 21: 1, 22: 1, 23: 1, 24: 1, 25: 1, 26: 1, 27: 1, 28: 1, 29: 1, 30: 1, 31: 1, 32: 1, 33: 1, 34: 1, 35: 1, 36: 1, 37: 1, 38: 1, 39: 1, 40: 1, 41: 1, 42: 1, 43: 1, 44: 1, 45: 1024}, prefill_allocations={45: 1024}, decode_allocations={0: 1, 1: 1, 2: 1, 3: 1, 4: 1, 5: 1, 6: 1, 7: 1, 8: 1, 9: 1, 10: 1, 11: 1, 12: 1, 13: 1, 14: 1, 15: 1, 16: 1, 17: 1, 18: 1, 19: 1, 20: 1, 21: 1, 22: 1, 23: 1, 24: 1, 25: 1, 26: 1, 27: 1, 28: 1, 29: 1, 30: 1, 31: 1, 32: 1, 33: 1, 34: 1, 35: 1, 36: 1, 37: 1, 38: 1, 39: 1, 40: 1, 41: 1, 42: 1, 43: 1, 44: 1}, heuristic='SJF', strategy='Fixed', mapping=None)","{""type"": ""controller"", ""token_budget"": 1069, ""selected_request_ids"": [0, 1, 2, 3, 4, 5, 6, 7, 8, 9, 10, 11, 12, 13, 14, 15, 16, 17, 18, 19, 20, 21, 22, 23, 24, 25, 26, 27, 28, 29, 30, 31, 32, 33, 34, 35, 36, 37, 38, 39, 40, 41, 42, 43, 44, 45], ""token_allocations"": {""0"": 1, ""1"": 1, ""2"": 1, ""3"": 1, ""4"": 1, ""5"": 1, ""6"": 1, ""7"": 1, ""8"": 1, ""9"": 1, ""10"": 1, ""11"": 1, ""12"": 1, ""13"": 1, ""14"": 1, ""15"": 1, ""16"": 1, ""17"": 1, ""18"": 1, ""19"": 1, ""20"": 1, ""21"": 1, ""22"": 1, ""23"": 1, ""24"": 1, ""25"": 1, ""26"": 1, ""27"": 1, ""28"": 1, ""29"": 1, ""30"": 1, ""31"": 1, ""32"": 1, ""33"": 1, ""34"": 1, ""35"": 1, ""36"": 1, ""37"": 1, ""38"": 1, ""39"": 1, ""40"": 1, ""41"": 1, ""42"": 1, ""43"": 1, ""44"": 1, ""45"": 1024}, ""prefill_allocations"": {""45"": 1024}, ""decode_allocations"": {""0"": 1, ""1"": 1, ""2"": 1, ""3"": 1, ""4"": 1, ""5"": 1, ""6"": 1, ""7"": 1, ""8"": 1, ""9"": 1, ""10"": 1, ""11"": 1, ""12"": 1, ""13"": 1, ""14"": 1, ""15"": 1, ""16"": 1, ""17"": 1, ""18"": 1, ""19"": 1, ""20"": 1, ""21"": 1, ""22"": 1, ""23"": 1, ""24"": 1, ""25"": 1, ""26"": 1, ""27"": 1, ""28"": 1, ""29"": 1, ""30"": 1, ""31"": 1, ""32"": 1, ""33"": 1, ""34"": 1, ""35"": 1, ""36"": 1, ""37"": 1, ""38"": 1, ""39"": 1, ""40"": 1, ""41"": 1, ""42"": 1, ""43"": 1, ""44"": 1}, ""heuristic"": ""SJF"", ""strategy"": ""Fixed""}",train_root,,12.0,44,45.70548939498345,89.70548939498346
3004,223,243,1986469,controller,8000,-31.317546844482422,"[0.09898967295885086, 0.11128213256597519, 0.10706618428230286, 0.11735666543245316, 0.10143782198429108, 0.130371555685997, 0.09100501239299774, 0.09130661189556122, 0.01358059048652649, 0.019293032586574554, 0.018608909100294113, 0.01594889536499977, 0.006131999660283327, 0.004541999660432339, 0.006540412083268166, 0.00938610639423132, 0.00576398428529501, 0.0060824062675237656, 0.005460578948259354, 0.006059239152818918, 0.0070943813771009445, 0.009985167533159256, 0.007746215909719467, 0.008960327133536339]","[0.09507360367625053, 0.10687976888481598, 0.10283060512600599, 0.11271399091023834, 0.09742490299089576, 0.12521400713283654, 0.08740481933303051, 0.08769448744404239, 0.01304333713823057, 0.01852979284628469, 0.01787273354650017, 0.015317950970868424, 0.01, 0.01, 0.01, 0.01, 0.01, 0.01, 0.01, 0.01, 0.01, 0.01, 0.01, 0.01]","[true, true, true, true, true, true, true, true, true, true, true, true, true, true, true, true, true, true, true, true, true, true, true, true]",-39.99535982578654,"[0.10125, 0.10125, 0.108125, 0.108125, 0.11125, 0.11125, 0.0878125, 0.0878125, 0.0156875, 0.0156875, 0.0165, 0.0165, 0.0099375, 0.0099375, 0.0099375, 0.0099375, 0.009875, 0.009875, 0.009875, 0.009875, 0.009875, 0.009875, 0.009875, 0.009875]",4,0.11125,0.10143782198429108,"ControllerAction(token_budget=1069, selected_request_ids=[0, 1, 2, 3, 4, 5, 6, 7, 8, 9, 10, 11, 12, 13, 14, 15, 16, 17, 18, 19, 20, 21, 22, 23, 24, 25, 26, 27, 28, 29, 30, 31, 32, 33, 34, 35, 36, 37, 38, 39, 40, 41, 42, 43, 44, 45], token_allocations={0: 1, 1: 1, 2: 1, 3: 1, 4: 1, 5: 1, 6: 1, 7: 1, 8: 1, 9: 1, 10: 1, 11: 1, 12: 1, 13: 1, 14: 1, 15: 1, 16: 1, 17: 1, 18: 1, 19: 1, 20: 1, 21: 1, 22: 1, 23: 1, 24: 1, 25: 1, 26: 1, 27: 1, 28: 1, 29: 1, 30: 1, 31: 1, 32: 1, 33: 1, 34: 1, 35: 1, 36: 1, 37: 1, 38: 1, 39: 1, 40: 1, 41: 1, 42: 1, 43: 1, 44: 1, 45: 1024}, prefill_allocations={45: 1024}, decode_allocations={0: 1, 1: 1, 2: 1, 3: 1, 4: 1, 5: 1, 6: 1, 7: 1, 8: 1, 9: 1, 10: 1, 11: 1, 12: 1, 13: 1, 14: 1, 15: 1, 16: 1, 17: 1, 18: 1, 19: 1, 20: 1, 21: 1, 22: 1, 23: 1, 24: 1, 25: 1, 26: 1, 27: 1, 28: 1, 29: 1, 30: 1, 31: 1, 32: 1, 33: 1, 34: 1, 35: 1, 36: 1, 37: 1, 38: 1, 39: 1, 40: 1, 41: 1, 42: 1, 43: 1, 44: 1}, heuristic='SJF', strategy='Fixed', mapping=None)","{""type"": ""controller"", ""token_budget"": 1069, ""selected_request_ids"": [0, 1, 2, 3, 4, 5, 6, 7, 8, 9, 10, 11, 12, 13, 14, 15, 16, 17, 18, 19, 20, 21, 22, 23, 24, 25, 26, 27, 28, 29, 30, 31, 32, 33, 34, 35, 36, 37, 38, 39, 40, 41, 42, 43, 44, 45], ""token_allocations"": {""0"": 1, ""1"": 1, ""2"": 1, ""3"": 1, ""4"": 1, ""5"": 1, ""6"": 1, ""7"": 1, ""8"": 1, ""9"": 1, ""10"": 1, ""11"": 1, ""12"": 1, ""13"": 1, ""14"": 1, ""15"": 1, ""16"": 1, ""17"": 1, ""18"": 1, ""19"": 1, ""20"": 1, ""21"": 1, ""22"": 1, ""23"": 1, ""24"": 1, ""25"": 1, ""26"": 1, ""27"": 1, ""28"": 1, ""29"": 1, ""30"": 1, ""31"": 1, ""32"": 1, ""33"": 1, ""34"": 1, ""35"": 1, ""36"": 1, ""37"": 1, ""38"": 1, ""39"": 1, ""40"": 1, ""41"": 1, ""42"": 1, ""43"": 1, ""44"": 1, ""45"": 1024}, ""prefill_allocations"": {""45"": 1024}, ""decode_allocations"": {""0"": 1, ""1"": 1, ""2"": 1, ""3"": 1, ""4"": 1, ""5"": 1, ""6"": 1, ""7"": 1, ""8"": 1, ""9"": 1, ""10"": 1, ""11"": 1, ""12"": 1, ""13"": 1, ""14"": 1, ""15"": 1, ""16"": 1, ""17"": 1, ""18"": 1, ""19"": 1, ""20"": 1, ""21"": 1, ""22"": 1, ""23"": 1, ""24"": 1, ""25"": 1, ""26"": 1, ""27"": 1, ""28"": 1, ""29"": 1, ""30"": 1, ""31"": 1, ""32"": 1, ""33"": 1, ""34"": 1, ""35"": 1, ""36"": 1, ""37"": 1, ""38"": 1, ""39"": 1, ""40"": 1, ""41"": 1, ""42"": 1, ""43"": 1, ""44"": 1}, ""heuristic"": ""SJF"", ""strategy"": ""Fixed""}",train_root,,12.04967692502165,44,45.70548939498345,89.70548939498346
3004,224,245,2089644,controller,8000,-30.777606964111328,"[0.10108829289674759, 0.11466196924448013, 0.11045826971530914, 0.12606768310070038, 0.10247736424207687, 0.12902532517910004, 0.08836811780929565, 0.08740243315696716, 0.012776730582118034, 0.01716192252933979, 0.016883134841918945, 0.014785449020564556, 0.00565600348636508, 0.004338609986007214, 0.0062300958670675755, 0.008714977651834488, 0.0054390220902860165, 0.005579916760325432, 0.0052027921192348, 0.005564219318330288, 0.0069706737995147705, 0.00921250693500042, 0.007331041619181633, 0.008603476919233799]","[0.09657173257377623, 0.10953894573697719, 0.10552306481626306, 0.12043505958728196, 0.09789874109912597, 0.12326055610779298, 0.0844198867800034, 0.08349734830078977, 0.012205874425080827, 0.01639513879859565, 0.016128807166880723, 0.0141248446074323, 0.01, 0.01, 0.01, 0.01, 0.01, 0.01, 0.01, 0.01, 0.01, 0.01, 0.01, 0.01]","[true, true, true, true, true, true, true, true, true, true, true, true, true, true, true, true, true, true, true, true, true, true, true, true]",-39.99579406311253,"[0.10325, 0.10325, 0.1131875, 0.1131875, 0.1106875, 0.1106875, 0.0840625, 0.0840625, 0.01425, 0.01425, 0.0150625, 0.0150625, 0.0099375, 0.0099375, 0.0099375, 0.0099375, 0.0099375, 0.0099375, 0.0099375, 0.0099375, 0.009875, 0.009875, 0.009875, 0.009875]",2,0.1131875,0.11045826971530914,"ControllerAction(token_budget=557, selected_request_ids=[0, 1, 2, 3, 4, 5, 6, 7, 8, 9, 10, 11, 12, 13, 14, 15, 16, 17, 18, 19, 20, 21, 22, 23, 24, 25, 26, 27, 28, 29, 30, 31, 32, 33, 34, 35, 36, 37, 38, 39, 40, 41, 42, 43, 44, 46], token_allocations={0: 1, 1: 1, 2: 1, 3: 1, 4: 1, 5: 1, 6: 1, 7: 1, 8: 1, 9: 1, 10: 1, 11: 1, 12: 1, 13: 1, 14: 1, 15: 1, 16: 1, 17: 1, 18: 1, 19: 1, 20: 1, 21: 1, 22: 1, 23: 1, 24: 1, 25: 1, 26: 1, 27: 1, 28: 1, 29: 1, 30: 1, 31: 1, 32: 1, 33: 1, 34: 1, 35: 1, 36: 1, 37: 1, 38: 1, 39: 1, 40: 1, 41: 1, 42: 1, 43: 1, 44: 1, 46: 512}, prefill_allocations={46: 512}, decode_allocations={0: 1, 1: 1, 2: 1, 3: 1, 4: 1, 5: 1, 6: 1, 7: 1, 8: 1, 9: 1, 10: 1, 11: 1, 12: 1, 13: 1, 14: 1, 15: 1, 16: 1, 17: 1, 18: 1, 19: 1, 20: 1, 21: 1, 22: 1, 23: 1, 24: 1, 25: 1, 26: 1, 27: 1, 28: 1, 29: 1, 30: 1, 31: 1, 32: 1, 33: 1, 34: 1, 35: 1, 36: 1, 37: 1, 38: 1, 39: 1, 40: 1, 41: 1, 42: 1, 43: 1, 44: 1}, heuristic='LST', strategy='Fixed', mapping=None)","{""type"": ""controller"", ""token_budget"": 557, ""selected_request_ids"": [0, 1, 2, 3, 4, 5, 6, 7, 8, 9, 10, 11, 12, 13, 14, 15, 16, 17, 18, 19, 20, 21, 22, 23, 24, 25, 26, 27, 28, 29, 30, 31, 32, 33, 34, 35, 36, 37, 38, 39, 40, 41, 42, 43, 44, 46], ""token_allocations"": {""0"": 1, ""1"": 1, ""2"": 1, ""3"": 1, ""4"": 1, ""5"": 1, ""6"": 1, ""7"": 1, ""8"": 1, ""9"": 1, ""10"": 1, ""11"": 1, ""12"": 1, ""13"": 1, ""14"": 1, ""15"": 1, ""16"": 1, ""17"": 1, ""18"": 1, ""19"": 1, ""20"": 1, ""21"": 1, ""22"": 1, ""23"": 1, ""24"": 1, ""25"": 1, ""26"": 1, ""27"": 1, ""28"": 1, ""29"": 1, ""30"": 1, ""31"": 1, ""32"": 1, ""33"": 1, ""34"": 1, ""35"": 1, ""36"": 1, ""37"": 1, ""38"": 1, ""39"": 1, ""40"": 1, ""41"": 1, ""42"": 1, ""43"": 1, ""44"": 1, ""46"": 512}, ""prefill_allocations"": {""46"": 512}, ""decode_allocations"": {""0"": 1, ""1"": 1, ""2"": 1, ""3"": 1, ""4"": 1, ""5"": 1, ""6"": 1, ""7"": 1, ""8"": 1, ""9"": 1, ""10"": 1, ""11"": 1, ""12"": 1, ""13"": 1, ""14"": 1, ""15"": 1, ""16"": 1, ""17"": 1, ""18"": 1, ""19"": 1, ""20"": 1, ""21"": 1, ""22"": 1, ""23"": 1, ""24"": 1, ""25"": 1, ""26"": 1, ""27"": 1, ""28"": 1, ""29"": 1, ""30"": 1, ""31"": 1, ""32"": 1, ""33"": 1, ""34"": 1, ""35"": 1, ""36"": 1, ""37"": 1, ""38"": 1, ""39"": 1, ""40"": 1, ""41"": 1, ""42"": 1, ""43"": 1, ""44"": 1}, ""heuristic"": ""LST"", ""strategy"": ""Fixed""}",train_root,,12.101126625696482,45,45.77072592535093,90.77072592535093
3004,225,247,2184129,controller,8000,-30.831600189208984,"[0.10359805077314377, 0.11713237315416336, 0.1139751672744751, 0.1289169043302536, 0.10153871774673462, 0.1252400130033493, 0.08761640638113022, 0.08679073303937912, 0.01251588948071003, 0.016423843801021576, 0.01597326248884201, 0.014461461454629898, 0.005355208180844784, 0.0042257849127054214, 0.006053936667740345, 0.008098509162664413, 0.0051661292091012, 0.005383633077144623, 0.005057981237769127, 0.005318951327353716, 0.00696020619943738, 0.008937116712331772, 0.007106443401426077, 0.008153294213116169]","[0.09864529227187928, 0.1115325732295208, 0.10852630530806796, 0.12275371603555757, 0.09668441070355611, 0.11925260750226421, 0.08342768952481963, 0.08264148951902521, 0.011917536736002377, 0.015638661730491377, 0.015209621561294271, 0.013770095877521043, 0.01, 0.01, 0.01, 0.01, 0.01, 0.01, 0.01, 0.01, 0.01, 0.01, 0.01, 0.01]","[true, true, true, true, true, true, true, true, true, true, true, true, true, true, true, true, true, true, true, true, true, true, true, true]",-39.995785445564415,"[0.10525, 0.10525, 0.1158125, 0.1158125, 0.108125, 0.108125, 0.0831875, 0.0831875, 0.01375, 0.01375, 0.0144375, 0.0144375, 0.0099375, 0.0099375, 0.0099375, 0.0099375, 0.009875, 0.009875, 0.0099375, 0.0099375, 0.009875, 0.009875, 0.009875, 0.009875]",2,0.1158125,0.1139751672744751,"ControllerAction(token_budget=557, selected_request_ids=[0, 1, 2, 3, 4, 5, 6, 7, 8, 9, 10, 11, 12, 13, 14, 15, 16, 17, 18, 19, 20, 21, 22, 23, 24, 25, 26, 27, 28, 29, 30, 31, 32, 33, 34, 35, 36, 37, 38, 39, 40, 41, 42, 43, 44, 47], token_allocations={0: 1, 1: 1, 2: 1, 3: 1, 4: 1, 5: 1, 6: 1, 7: 1, 8: 1, 9: 1, 10: 1, 11: 1, 12: 1, 13: 1, 14: 1, 15: 1, 16: 1, 17: 1, 18: 1, 19: 1, 20: 1, 21: 1, 22: 1, 23: 1, 24: 1, 25: 1, 26: 1, 27: 1, 28: 1, 29: 1, 30: 1, 31: 1, 32: 1, 33: 1, 34: 1, 35: 1, 36: 1, 37: 1, 38: 1, 39: 1, 40: 1, 41: 1, 42: 1, 43: 1, 44: 1, 47: 512}, prefill_allocations={47: 512}, decode_allocations={0: 1, 1: 1, 2: 1, 3: 1, 4: 1, 5: 1, 6: 1, 7: 1, 8: 1, 9: 1, 10: 1, 11: 1, 12: 1, 13: 1, 14: 1, 15: 1, 16: 1, 17: 1, 18: 1, 19: 1, 20: 1, 21: 1, 22: 1, 23: 1, 24: 1, 25: 1, 26: 1, 27: 1, 28: 1, 29: 1, 30: 1, 31: 1, 32: 1, 33: 1, 34: 1, 35: 1, 36: 1, 37: 1, 38: 1, 39: 1, 40: 1, 41: 1, 42: 1, 43: 1, 44: 1}, heuristic='LST', strategy='Fixed', mapping=None)","{""type"": ""controller"", ""token_budget"": 557, ""selected_request_ids"": [0, 1, 2, 3, 4, 5, 6, 7, 8, 9, 10, 11, 12, 13, 14, 15, 16, 17, 18, 19, 20, 21, 22, 23, 24, 25, 26, 27, 28, 29, 30, 31, 32, 33, 34, 35, 36, 37, 38, 39, 40, 41, 42, 43, 44, 47], ""token_allocations"": {""0"": 1, ""1"": 1, ""2"": 1, ""3"": 1, ""4"": 1, ""5"": 1, ""6"": 1, ""7"": 1, ""8"": 1, ""9"": 1, ""10"": 1, ""11"": 1, ""12"": 1, ""13"": 1, ""14"": 1, ""15"": 1, ""16"": 1, ""17"": 1, ""18"": 1, ""19"": 1, ""20"": 1, ""21"": 1, ""22"": 1, ""23"": 1, ""24"": 1, ""25"": 1, ""26"": 1, ""27"": 1, ""28"": 1, ""29"": 1, ""30"": 1, ""31"": 1, ""32"": 1, ""33"": 1, ""34"": 1, ""35"": 1, ""36"": 1, ""37"": 1, ""38"": 1, ""39"": 1, ""40"": 1, ""41"": 1, ""42"": 1, ""43"": 1, ""44"": 1, ""47"": 512}, ""prefill_allocations"": {""47"": 512}, ""decode_allocations"": {""0"": 1, ""1"": 1, ""2"": 1, ""3"": 1, ""4"": 1, ""5"": 1, ""6"": 1, ""7"": 1, ""8"": 1, ""9"": 1, ""10"": 1, ""11"": 1, ""12"": 1, ""13"": 1, ""14"": 1, ""15"": 1, ""16"": 1, ""17"": 1, ""18"": 1, ""19"": 1, ""20"": 1, ""21"": 1, ""22"": 1, ""23"": 1, ""24"": 1, ""25"": 1, ""26"": 1, ""27"": 1, ""28"": 1, ""29"": 1, ""30"": 1, ""31"": 1, ""32"": 1, ""33"": 1, ""34"": 1, ""35"": 1, ""36"": 1, ""37"": 1, ""38"": 1, ""39"": 1, ""40"": 1, ""41"": 1, ""42"": 1, ""43"": 1, ""44"": 1}, ""heuristic"": ""LST"", ""strategy"": ""Fixed""}",train_root,,12.129527502120954,45,45.77072592535093,90.77072592535093
3004,226,249,2278651,controller,8000,-30.8826847076416,"[0.1061004176735878, 0.11957740783691406, 0.1175268292427063, 0.1317439079284668, 0.1005425825715065, 0.12148590385913849, 0.08681406825780869, 0.08612672984600067, 0.01225233357399702, 0.015707189217209816, 0.01510249637067318, 0.014135290868580341, 0.005067082587629557, 0.004113192204385996, 0.005878896452486515, 0.007520707324147224, 0.00490370811894536, 0.005190841853618622, 0.00491397175937891, 0.005081153940409422, 0.006945190951228142, 0.008664263412356377, 0.006884198170155287, 0.007721591275185347]","[0.10070849001115358, 0.11350059167298922, 0.11155422163600053, 0.12504880118815168, 0.09543309908306558, 0.11531209964633023, 0.08240225550163463, 0.08174984700883486, 0.011629681017338408, 0.014908964008522018, 0.014335001107804706, 0.013416948118174513, 0.01, 0.01, 0.01, 0.01, 0.01, 0.01, 0.01, 0.01, 0.01, 0.01, 0.01, 0.01]","[true, true, true, true, true, true, true, true, true, true, true, true, true, true, true, true, true, true, true, true, true, true, true, true]",-39.99578658268622,"[0.1073125, 0.1073125, 0.1185, 0.1185, 0.1055, 0.1055, 0.0821875, 0.0821875, 0.01325, 0.01325, 0.0138125, 0.0138125, 0.0099375, 0.0099375, 0.0099375, 0.0099375, 0.009875, 0.009875, 0.0099375, 0.0099375, 0.009875, 0.009875, 0.009875, 0.009875]",2,0.1185,0.1175268292427063,"ControllerAction(token_budget=557, selected_request_ids=[0, 1, 2, 3, 4, 5, 6, 7, 8, 9, 10, 11, 12, 13, 14, 15, 16, 17, 18, 19, 20, 21, 22, 23, 24, 25, 26, 27, 28, 29, 30, 31, 32, 33, 34, 35, 36, 37, 38, 39, 40, 41, 42, 43, 44, 48], token_allocations={0: 1, 1: 1, 2: 1, 3: 1, 4: 1, 5: 1, 6: 1, 7: 1, 8: 1, 9: 1, 10: 1, 11: 1, 12: 1, 13: 1, 14: 1, 15: 1, 16: 1, 17: 1, 18: 1, 19: 1, 20: 1, 21: 1, 22: 1, 23: 1, 24: 1, 25: 1, 26: 1, 27: 1, 28: 1, 29: 1, 30: 1, 31: 1, 32: 1, 33: 1, 34: 1, 35: 1, 36: 1, 37: 1, 38: 1, 39: 1, 40: 1, 41: 1, 42: 1, 43: 1, 44: 1, 48: 512}, prefill_allocations={48: 512}, decode_allocations={0: 1, 1: 1, 2: 1, 3: 1, 4: 1, 5: 1, 6: 1, 7: 1, 8: 1, 9: 1, 10: 1, 11: 1, 12: 1, 13: 1, 14: 1, 15: 1, 16: 1, 17: 1, 18: 1, 19: 1, 20: 1, 21: 1, 22: 1, 23: 1, 24: 1, 25: 1, 26: 1, 27: 1, 28: 1, 29: 1, 30: 1, 31: 1, 32: 1, 33: 1, 34: 1, 35: 1, 36: 1, 37: 1, 38: 1, 39: 1, 40: 1, 41: 1, 42: 1, 43: 1, 44: 1}, heuristic='LST', strategy='Fixed', mapping=None)","{""type"": ""controller"", ""token_budget"": 557, ""selected_request_ids"": [0, 1, 2, 3, 4, 5, 6, 7, 8, 9, 10, 11, 12, 13, 14, 15, 16, 17, 18, 19, 20, 21, 22, 23, 24, 25, 26, 27, 28, 29, 30, 31, 32, 33, 34, 35, 36, 37, 38, 39, 40, 41, 42, 43, 44, 48], ""token_allocations"": {""0"": 1, ""1"": 1, ""2"": 1, ""3"": 1, ""4"": 1, ""5"": 1, ""6"": 1, ""7"": 1, ""8"": 1, ""9"": 1, ""10"": 1, ""11"": 1, ""12"": 1, ""13"": 1, ""14"": 1, ""15"": 1, ""16"": 1, ""17"": 1, ""18"": 1, ""19"": 1, ""20"": 1, ""21"": 1, ""22"": 1, ""23"": 1, ""24"": 1, ""25"": 1, ""26"": 1, ""27"": 1, ""28"": 1, ""29"": 1, ""30"": 1, ""31"": 1, ""32"": 1, ""33"": 1, ""34"": 1, ""35"": 1, ""36"": 1, ""37"": 1, ""38"": 1, ""39"": 1, ""40"": 1, ""41"": 1, ""42"": 1, ""43"": 1, ""44"": 1, ""48"": 512}, ""prefill_allocations"": {""48"": 512}, ""decode_allocations"": {""0"": 1, ""1"": 1, ""2"": 1, ""3"": 1, ""4"": 1, ""5"": 1, ""6"": 1, ""7"": 1, ""8"": 1, ""9"": 1, ""10"": 1, ""11"": 1, ""12"": 1, ""13"": 1, ""14"": 1, ""15"": 1, ""16"": 1, ""17"": 1, ""18"": 1, ""19"": 1, ""20"": 1, ""21"": 1, ""22"": 1, ""23"": 1, ""24"": 1, ""25"": 1, ""26"": 1, ""27"": 1, ""28"": 1, ""29"": 1, ""30"": 1, ""31"": 1, ""32"": 1, ""33"": 1, ""34"": 1, ""35"": 1, ""36"": 1, ""37"": 1, ""38"": 1, ""39"": 1, ""40"": 1, ""41"": 1, ""42"": 1, ""43"": 1, ""44"": 1}, ""heuristic"": ""LST"", ""strategy"": ""Fixed""}",train_root,,12.157928378545426,45,45.77072592535093,90.77072592535093
3004,227,251,2374479,controller,8000,-30.93082618713379,"[0.10859282314777374, 0.12199438363313675, 0.12111062556505203, 0.13454569876194, 0.09949172288179398, 0.11776800453662872, 0.08596331626176834, 0.0854124203324318, 0.011986544355750084, 0.015012076124548912, 0.014269950799643993, 0.013807527720928192, 0.004791350569576025, 0.004001002758741379, 0.005705216433852911, 0.0069796061143279076, 0.004651600029319525, 0.005001711193472147, 0.004770971368998289, 0.004850844386965036, 0.0069257160648703575, 0.008394302800297737, 0.006664583925157785, 0.007308010011911392]","[0.10275946115476221, 0.11544111998073123, 0.11460483540652895, 0.12731820671660432, 0.09414725150647925, 0.11144177245477256, 0.08134556043464294, 0.08082425739444166, 0.011342654177324303, 0.014205661190645109, 0.013503401167505672, 0.013065818415561757, 0.01, 0.01, 0.01, 0.01, 0.01, 0.01, 0.01, 0.01, 0.01, 0.01, 0.01, 0.01]","[true, true, true, true, true, true, true, true, true, true, true, true, true, true, true, true, true, true, true, true, true, true, true, true]",-39.995779989496675,"[0.10925, 0.10925, 0.1211875, 0.1211875, 0.1029375, 0.1029375, 0.0811875, 0.0811875, 0.01275, 0.01275, 0.01325, 0.01325, 0.0099375, 0.0099375, 0.0099375, 0.0099375, 0.009875, 0.009875, 0.0099375, 0.0099375, 0.009875, 0.009875, 0.009875, 0.009875]",2,0.1211875,0.12111062556505203,"ControllerAction(token_budget=557, selected_request_ids=[0, 1, 2, 3, 4, 5, 6, 7, 8, 9, 10, 11, 12, 13, 14, 15, 16, 17, 18, 19, 20, 21, 22, 23, 24, 25, 26, 27, 28, 29, 30, 31, 32, 33, 34, 35, 36, 37, 38, 39, 40, 41, 42, 43, 44, 49], token_allocations={0: 1, 1: 1, 2: 1, 3: 1, 4: 1, 5: 1, 6: 1, 7: 1, 8: 1, 9: 1, 10: 1, 11: 1, 12: 1, 13: 1, 14: 1, 15: 1, 16: 1, 17: 1, 18: 1, 19: 1, 20: 1, 21: 1, 22: 1, 23: 1, 24: 1, 25: 1, 26: 1, 27: 1, 28: 1, 29: 1, 30: 1, 31: 1, 32: 1, 33: 1, 34: 1, 35: 1, 36: 1, 37: 1, 38: 1, 39: 1, 40: 1, 41: 1, 42: 1, 43: 1, 44: 1, 49: 512}, prefill_allocations={49: 512}, decode_allocations={0: 1, 1: 1, 2: 1, 3: 1, 4: 1, 5: 1, 6: 1, 7: 1, 8: 1, 9: 1, 10: 1, 11: 1, 12: 1, 13: 1, 14: 1, 15: 1, 16: 1, 17: 1, 18: 1, 19: 1, 20: 1, 21: 1, 22: 1, 23: 1, 24: 1, 25: 1, 26: 1, 27: 1, 28: 1, 29: 1, 30: 1, 31: 1, 32: 1, 33: 1, 34: 1, 35: 1, 36: 1, 37: 1, 38: 1, 39: 1, 40: 1, 41: 1, 42: 1, 43: 1, 44: 1}, heuristic='LST', strategy='Fixed', mapping=None)","{""type"": ""controller"", ""token_budget"": 557, ""selected_request_ids"": [0, 1, 2, 3, 4, 5, 6, 7, 8, 9, 10, 11, 12, 13, 14, 15, 16, 17, 18, 19, 20, 21, 22, 23, 24, 25, 26, 27, 28, 29, 30, 31, 32, 33, 34, 35, 36, 37, 38, 39, 40, 41, 42, 43, 44, 49], ""token_allocations"": {""0"": 1, ""1"": 1, ""2"": 1, ""3"": 1, ""4"": 1, ""5"": 1, ""6"": 1, ""7"": 1, ""8"": 1, ""9"": 1, ""10"": 1, ""11"": 1, ""12"": 1, ""13"": 1, ""14"": 1, ""15"": 1, ""16"": 1, ""17"": 1, ""18"": 1, ""19"": 1, ""20"": 1, ""21"": 1, ""22"": 1, ""23"": 1, ""24"": 1, ""25"": 1, ""26"": 1, ""27"": 1, ""28"": 1, ""29"": 1, ""30"": 1, ""31"": 1, ""32"": 1, ""33"": 1, ""34"": 1, ""35"": 1, ""36"": 1, ""37"": 1, ""38"": 1, ""39"": 1, ""40"": 1, ""41"": 1, ""42"": 1, ""43"": 1, ""44"": 1, ""49"": 512}, ""prefill_allocations"": {""49"": 512}, ""decode_allocations"": {""0"": 1, ""1"": 1, ""2"": 1, ""3"": 1, ""4"": 1, ""5"": 1, ""6"": 1, ""7"": 1, ""8"": 1, ""9"": 1, ""10"": 1, ""11"": 1, ""12"": 1, ""13"": 1, ""14"": 1, ""15"": 1, ""16"": 1, ""17"": 1, ""18"": 1, ""19"": 1, ""20"": 1, ""21"": 1, ""22"": 1, ""23"": 1, ""24"": 1, ""25"": 1, ""26"": 1, ""27"": 1, ""28"": 1, ""29"": 1, ""30"": 1, ""31"": 1, ""32"": 1, ""33"": 1, ""34"": 1, ""35"": 1, ""36"": 1, ""37"": 1, ""38"": 1, ""39"": 1, ""40"": 1, ""41"": 1, ""42"": 1, ""43"": 1, ""44"": 1}, ""heuristic"": ""LST"", ""strategy"": ""Fixed""}",train_root,,12.186329254969898,45,45.77072592535093,90.77072592535093
3004,228,253,2467750,controller,8000,-30.975990295410156,"[0.11107271909713745, 0.1243806779384613, 0.12472394108772278, 0.13731923699378967, 0.0983889102935791, 0.11409087479114532, 0.08506649732589722, 0.08464989811182022, 0.01171903032809496, 0.014338549226522446, 0.013474680483341217, 0.013478735461831093, 0.00452772481366992, 0.003889387007802725, 0.005533131305128336, 0.006473292130976915, 0.004409634508192539, 0.004816392436623573, 0.004629168659448624, 0.004628011956810951, 0.006901881657540798, 0.008127550594508648, 0.006447850726544857, 0.006912157870829105]","[0.10479639723340016, 0.11735237094537401, 0.11767623752249574, 0.1295598183312996, 0.09282930507418376, 0.10764400775011838, 0.08025969398680584, 0.07986663530344584, 0.011056829862779094, 0.01352832912264623, 0.012713274510642308, 0.012717100356809143, 0.01, 0.01, 0.01, 0.01, 0.01, 0.01, 0.01, 0.01, 0.01, 0.01, 0.01, 0.01]","[true, true, true, true, true, true, true, true, true, true, true, true, true, true, true, true, true, true, true, true, true, true, true, true]",-39.99577354319771,"[0.11125, 0.11125, 0.1238125, 0.1238125, 0.100375, 0.100375, 0.0801875, 0.0801875, 0.01225, 0.01225, 0.0126875, 0.0126875, 0.0099375, 0.0099375, 0.0099375, 0.0099375, 0.009875, 0.009875, 0.0099375, 0.0099375, 0.009875, 0.009875, 0.009875, 0.009875]",2,0.1238125,0.12472394108772278,"ControllerAction(token_budget=557, selected_request_ids=[0, 1, 2, 3, 4, 5, 6, 7, 8, 9, 10, 11, 12, 13, 14, 15, 16, 17, 18, 19, 20, 21, 22, 23, 24, 25, 26, 27, 28, 29, 30, 31, 32, 33, 34, 35, 36, 37, 38, 39, 40, 41, 42, 43, 44, 50], token_allocations={0: 1, 1: 1, 2: 1, 3: 1, 4: 1, 5: 1, 6: 1, 7: 1, 8: 1, 9: 1, 10: 1, 11: 1, 12: 1, 13: 1, 14: 1, 15: 1, 16: 1, 17: 1, 18: 1, 19: 1, 20: 1, 21: 1, 22: 1, 23: 1, 24: 1, 25: 1, 26: 1, 27: 1, 28: 1, 29: 1, 30: 1, 31: 1, 32: 1, 33: 1, 34: 1, 35: 1, 36: 1, 37: 1, 38: 1, 39: 1, 40: 1, 41: 1, 42: 1, 43: 1, 44: 1, 50: 512}, prefill_allocations={50: 512}, decode_allocations={0: 1, 1: 1, 2: 1, 3: 1, 4: 1, 5: 1, 6: 1, 7: 1, 8: 1, 9: 1, 10: 1, 11: 1, 12: 1, 13: 1, 14: 1, 15: 1, 16: 1, 17: 1, 18: 1, 19: 1, 20: 1, 21: 1, 22: 1, 23: 1, 24: 1, 25: 1, 26: 1, 27: 1, 28: 1, 29: 1, 30: 1, 31: 1, 32: 1, 33: 1, 34: 1, 35: 1, 36: 1, 37: 1, 38: 1, 39: 1, 40: 1, 41: 1, 42: 1, 43: 1, 44: 1}, heuristic='LST', strategy='Fixed', mapping=None)","{""type"": ""controller"", ""token_budget"": 557, ""selected_request_ids"": [0, 1, 2, 3, 4, 5, 6, 7, 8, 9, 10, 11, 12, 13, 14, 15, 16, 17, 18, 19, 20, 21, 22, 23, 24, 25, 26, 27, 28, 29, 30, 31, 32, 33, 34, 35, 36, 37, 38, 39, 40, 41, 42, 43, 44, 50], ""token_allocations"": {""0"": 1, ""1"": 1, ""2"": 1, ""3"": 1, ""4"": 1, ""5"": 1, ""6"": 1, ""7"": 1, ""8"": 1, ""9"": 1, ""10"": 1, ""11"": 1, ""12"": 1, ""13"": 1, ""14"": 1, ""15"": 1, ""16"": 1, ""17"": 1, ""18"": 1, ""19"": 1, ""20"": 1, ""21"": 1, ""22"": 1, ""23"": 1, ""24"": 1, ""25"": 1, ""26"": 1, ""27"": 1, ""28"": 1, ""29"": 1, ""30"": 1, ""31"": 1, ""32"": 1, ""33"": 1, ""34"": 1, ""35"": 1, ""36"": 1, ""37"": 1, ""38"": 1, ""39"": 1, ""40"": 1, ""41"": 1, ""42"": 1, ""43"": 1, ""44"": 1, ""50"": 512}, ""prefill_allocations"": {""50"": 512}, ""decode_allocations"": {""0"": 1, ""1"": 1, ""2"": 1, ""3"": 1, ""4"": 1, ""5"": 1, ""6"": 1, ""7"": 1, ""8"": 1, ""9"": 1, ""10"": 1, ""11"": 1, ""12"": 1, ""13"": 1, ""14"": 1, ""15"": 1, ""16"": 1, ""17"": 1, ""18"": 1, ""19"": 1, ""20"": 1, ""21"": 1, ""22"": 1, ""23"": 1, ""24"": 1, ""25"": 1, ""26"": 1, ""27"": 1, ""28"": 1, ""29"": 1, ""30"": 1, ""31"": 1, ""32"": 1, ""33"": 1, ""34"": 1, ""35"": 1, ""36"": 1, ""37"": 1, ""38"": 1, ""39"": 1, ""40"": 1, ""41"": 1, ""42"": 1, ""43"": 1, ""44"": 1}, ""heuristic"": ""LST"", ""strategy"": ""Fixed""}",train_root,,12.21473013139437,45,45.77072592535093,90.77072592535093
3004,229,255,2558793,controller,8000,-31.20233154296875,"[0.11147128790616989, 0.12708808481693268, 0.12783657014369965, 0.13886478543281555, 0.09619511663913727, 0.10947003960609436, 0.08583693951368332, 0.08398649841547012, 0.011465526185929775, 0.014571048319339752, 0.013054721057415009, 0.013582066632807255, 0.004432082641869783, 0.003907634411007166, 0.005463772919028997, 0.006257452070713043, 0.004287008661776781, 0.004924661014229059, 0.004535341635346413, 0.004475753754377365, 0.007011887617409229, 0.007953673601150513, 0.006601748522371054, 0.006726340856403112]","[0.10509143924669326, 0.11981443827723136, 0.12052008545977028, 0.1309171216726391, 0.09068957079440831, 0.10320472861388917, 0.08092422437621304, 0.07917968977985898, 0.010809318446327175, 0.013737101884939906, 0.01230755875039926, 0.012804722697630189, 0.01, 0.01, 0.01, 0.01, 0.01, 0.01, 0.01, 0.01, 0.01, 0.01, 0.01, 0.01]","[true, true, true, true, true, true, true, true, true, true, true, true, true, true, true, true, true, true, true, true, true, true, true, true]",-39.99577118216904,"[0.112625, 0.112625, 0.1259375, 0.1259375, 0.0970625, 0.0970625, 0.0801875, 0.0801875, 0.01225, 0.01225, 0.0125, 0.0125, 0.0099375, 0.0099375, 0.0099375, 0.0099375, 0.009875, 0.009875, 0.0099375, 0.0099375, 0.009875, 0.009875, 0.009875, 0.009875]",2,0.1259375,0.12783657014369965,"ControllerAction(token_budget=557, selected_request_ids=[0, 1, 2, 3, 4, 5, 6, 7, 8, 9, 10, 11, 12, 13, 14, 15, 16, 17, 18, 19, 20, 21, 22, 23, 24, 25, 26, 27, 28, 29, 30, 31, 32, 33, 34, 35, 36, 37, 38, 39, 40, 41, 42, 43, 44, 46], token_allocations={0: 1, 1: 1, 2: 1, 3: 1, 4: 1, 5: 1, 6: 1, 7: 1, 8: 1, 9: 1, 10: 1, 11: 1, 12: 1, 13: 1, 14: 1, 15: 1, 16: 1, 17: 1, 18: 1, 19: 1, 20: 1, 21: 1, 22: 1, 23: 1, 24: 1, 25: 1, 26: 1, 27: 1, 28: 1, 29: 1, 30: 1, 31: 1, 32: 1, 33: 1, 34: 1, 35: 1, 36: 1, 37: 1, 38: 1, 39: 1, 40: 1, 41: 1, 42: 1, 43: 1, 44: 1, 46: 512}, prefill_allocations={46: 512}, decode_allocations={0: 1, 1: 1, 2: 1, 3: 1, 4: 1, 5: 1, 6: 1, 7: 1, 8: 1, 9: 1, 10: 1, 11: 1, 12: 1, 13: 1, 14: 1, 15: 1, 16: 1, 17: 1, 18: 1, 19: 1, 20: 1, 21: 1, 22: 1, 23: 1, 24: 1, 25: 1, 26: 1, 27: 1, 28: 1, 29: 1, 30: 1, 31: 1, 32: 1, 33: 1, 34: 1, 35: 1, 36: 1, 37: 1, 38: 1, 39: 1, 40: 1, 41: 1, 42: 1, 43: 1, 44: 1}, heuristic='LST', strategy='Fixed', mapping=None)","{""type"": ""controller"", ""token_budget"": 557, ""selected_request_ids"": [0, 1, 2, 3, 4, 5, 6, 7, 8, 9, 10, 11, 12, 13, 14, 15, 16, 17, 18, 19, 20, 21, 22, 23, 24, 25, 26, 27, 28, 29, 30, 31, 32, 33, 34, 35, 36, 37, 38, 39, 40, 41, 42, 43, 44, 46], ""token_allocations"": {""0"": 1, ""1"": 1, ""2"": 1, ""3"": 1, ""4"": 1, ""5"": 1, ""6"": 1, ""7"": 1, ""8"": 1, ""9"": 1, ""10"": 1, ""11"": 1, ""12"": 1, ""13"": 1, ""14"": 1, ""15"": 1, ""16"": 1, ""17"": 1, ""18"": 1, ""19"": 1, ""20"": 1, ""21"": 1, ""22"": 1, ""23"": 1, ""24"": 1, ""25"": 1, ""26"": 1, ""27"": 1, ""28"": 1, ""29"": 1, ""30"": 1, ""31"": 1, ""32"": 1, ""33"": 1, ""34"": 1, ""35"": 1, ""36"": 1, ""37"": 1, ""38"": 1, ""39"": 1, ""40"": 1, ""41"": 1, ""42"": 1, ""43"": 1, ""44"": 1, ""46"": 512}, ""prefill_allocations"": {""46"": 512}, ""decode_allocations"": {""0"": 1, ""1"": 1, ""2"": 1, ""3"": 1, ""4"": 1, ""5"": 1, ""6"": 1, ""7"": 1, ""8"": 1, ""9"": 1, ""10"": 1, ""11"": 1, ""12"": 1, ""13"": 1, ""14"": 1, ""15"": 1, ""16"": 1, ""17"": 1, ""18"": 1, ""19"": 1, ""20"": 1, ""21"": 1, ""22"": 1, ""23"": 1, ""24"": 1, ""25"": 1, ""26"": 1, ""27"": 1, ""28"": 1, ""29"": 1, ""30"": 1, ""31"": 1, ""32"": 1, ""33"": 1, ""34"": 1, ""35"": 1, ""36"": 1, ""37"": 1, ""38"": 1, ""39"": 1, ""40"": 1, ""41"": 1, ""42"": 1, ""43"": 1, ""44"": 1}, ""heuristic"": ""LST"", ""strategy"": ""Fixed""}",train_root,,12.243131007818842,45,45.77072592535093,90.77072592535093
3004,230,257,2648134,controller,8000,-31.243934631347656,"[0.11392731964588165, 0.12946675717830658, 0.13155928254127502, 0.14161090552806854, 0.09502322971820831, 0.10590166598558426, 0.08483874052762985, 0.08313939720392227, 0.011193747632205486, 0.013893160969018936, 0.012303991243243217, 0.013239622116088867, 0.004180707968771458, 0.0037928351666778326, 0.005291259381920099, 0.005791906733065844, 0.004056823439896107, 0.004734350368380547, 0.00439387047663331, 0.004263102076947689, 0.006979398895055056, 0.007689665537327528, 0.006377403158694506, 0.006350845098495483]","[0.10709996232805838, 0.1217081632362774, 0.12367528919202726, 0.13312454549479633, 0.0893287435774272, 0.09955526446851415, 0.07975458338449143, 0.07815707712771978, 0.010522936495349536, 0.013060581263779139, 0.011566646198050392, 0.012446207233508842, 0.01, 0.01, 0.01, 0.01, 0.01, 0.01, 0.01, 0.01, 0.01, 0.01, 0.01, 0.01]","[true, true, true, true, true, true, true, true, true, true, true, true, true, true, true, true, true, true, true, true, true, true, true, true]",-39.99585940853819,"[0.114625, 0.114625, 0.1286875, 0.1286875, 0.0945625, 0.0945625, 0.079125, 0.079125, 0.01175, 0.01175, 0.012, 0.012, 0.0099375, 0.0099375, 0.0099375, 0.0099375, 0.0098125, 0.0098125, 0.0099375, 0.0099375, 0.0098125, 0.0098125, 0.0098125, 0.0098125]",2,0.1286875,0.13155928254127502,"ControllerAction(token_budget=557, selected_request_ids=[0, 1, 2, 3, 4, 5, 6, 7, 8, 9, 10, 11, 12, 13, 14, 15, 16, 17, 18, 19, 20, 21, 22, 23, 24, 25, 26, 27, 28, 29, 30, 31, 32, 33, 34, 35, 36, 37, 38, 39, 40, 41, 42, 43, 44, 47], token_allocations={0: 1, 1: 1, 2: 1, 3: 1, 4: 1, 5: 1, 6: 1, 7: 1, 8: 1, 9: 1, 10: 1, 11: 1, 12: 1, 13: 1, 14: 1, 15: 1, 16: 1, 17: 1, 18: 1, 19: 1, 20: 1, 21: 1, 22: 1, 23: 1, 24: 1, 25: 1, 26: 1, 27: 1, 28: 1, 29: 1, 30: 1, 31: 1, 32: 1, 33: 1, 34: 1, 35: 1, 36: 1, 37: 1, 38: 1, 39: 1, 40: 1, 41: 1, 42: 1, 43: 1, 44: 1, 47: 512}, prefill_allocations={47: 512}, decode_allocations={0: 1, 1: 1, 2: 1, 3: 1, 4: 1, 5: 1, 6: 1, 7: 1, 8: 1, 9: 1, 10: 1, 11: 1, 12: 1, 13: 1, 14: 1, 15: 1, 16: 1, 17: 1, 18: 1, 19: 1, 20: 1, 21: 1, 22: 1, 23: 1, 24: 1, 25: 1, 26: 1, 27: 1, 28: 1, 29: 1, 30: 1, 31: 1, 32: 1, 33: 1, 34: 1, 35: 1, 36: 1, 37: 1, 38: 1, 39: 1, 40: 1, 41: 1, 42: 1, 43: 1, 44: 1}, heuristic='LST', strategy='Fixed', mapping=None)","{""type"": ""controller"", ""token_budget"": 557, ""selected_request_ids"": [0, 1, 2, 3, 4, 5, 6, 7, 8, 9, 10, 11, 12, 13, 14, 15, 16, 17, 18, 19, 20, 21, 22, 23, 24, 25, 26, 27, 28, 29, 30, 31, 32, 33, 34, 35, 36, 37, 38, 39, 40, 41, 42, 43, 44, 47], ""token_allocations"": {""0"": 1, ""1"": 1, ""2"": 1, ""3"": 1, ""4"": 1, ""5"": 1, ""6"": 1, ""7"": 1, ""8"": 1, ""9"": 1, ""10"": 1, ""11"": 1, ""12"": 1, ""13"": 1, ""14"": 1, ""15"": 1, ""16"": 1, ""17"": 1, ""18"": 1, ""19"": 1, ""20"": 1, ""21"": 1, ""22"": 1, ""23"": 1, ""24"": 1, ""25"": 1, ""26"": 1, ""27"": 1, ""28"": 1, ""29"": 1, ""30"": 1, ""31"": 1, ""32"": 1, ""33"": 1, ""34"": 1, ""35"": 1, ""36"": 1, ""37"": 1, ""38"": 1, ""39"": 1, ""40"": 1, ""41"": 1, ""42"": 1, ""43"": 1, ""44"": 1, ""47"": 512}, ""prefill_allocations"": {""47"": 512}, ""decode_allocations"": {""0"": 1, ""1"": 1, ""2"": 1, ""3"": 1, ""4"": 1, ""5"": 1, ""6"": 1, ""7"": 1, ""8"": 1, ""9"": 1, ""10"": 1, ""11"": 1, ""12"": 1, ""13"": 1, ""14"": 1, ""15"": 1, ""16"": 1, ""17"": 1, ""18"": 1, ""19"": 1, ""20"": 1, ""21"": 1, ""22"": 1, ""23"": 1, ""24"": 1, ""25"": 1, ""26"": 1, ""27"": 1, ""28"": 1, ""29"": 1, ""30"": 1, ""31"": 1, ""32"": 1, ""33"": 1, ""34"": 1, ""35"": 1, ""36"": 1, ""37"": 1, ""38"": 1, ""39"": 1, ""40"": 1, ""41"": 1, ""42"": 1, ""43"": 1, ""44"": 1}, ""heuristic"": ""LST"", ""strategy"": ""Fixed""}",train_root,,12.271872181971315,45,45.77072592535093,90.77072592535093
3004,231,259,2736374,controller,8000,-31.28240394592285,"[0.11636397987604141, 0.13180680572986603, 0.13530497252941132, 0.14432021975517273, 0.09380638599395752, 0.10238499939441681, 0.08379925787448883, 0.08224892616271973, 0.010921521112322807, 0.013238457031548023, 0.011589119210839272, 0.012897665612399578, 0.0039411066100001335, 0.0036790871527045965, 0.0051209647208452225, 0.005357617512345314, 0.003836574964225292, 0.004548526369035244, 0.004254126455634832, 0.004057992249727249, 0.006942681036889553, 0.007429733406752348, 0.006156792864203453, 0.005992529913783073]","[0.10908941307312381, 0.12356682103372113, 0.1268462977532421, 0.13529795117395765, 0.08794202124654808, 0.09598433727797166, 0.07856049498504247, 0.07710708322750628, 0.010238755405910033, 0.0124108466305791, 0.010864618192774797, 0.01209135999962282, 0.01, 0.01, 0.01, 0.01, 0.01, 0.01, 0.01, 0.01, 0.01, 0.01, 0.01, 0.01]","[true, true, true, true, true, true, true, true, true, true, true, true, true, true, true, true, true, true, true, true, true, true, true, true]",-39.995968586249894,"[0.116625, 0.116625, 0.1314375, 0.1314375, 0.0921875, 0.0921875, 0.0780625, 0.0780625, 0.0113125, 0.0113125, 0.0114375, 0.0114375, 0.0098125, 0.0098125, 0.009875, 0.009875, 0.0098125, 0.0098125, 0.0098125, 0.0098125, 0.0098125, 0.0098125, 0.0098125, 0.0098125]",2,0.1314375,0.13530497252941132,"ControllerAction(token_budget=557, selected_request_ids=[0, 1, 2, 3, 4, 5, 6, 7, 8, 9, 10, 11, 12, 13, 14, 15, 16, 17, 18, 19, 20, 21, 22, 23, 24, 25, 26, 27, 28, 29, 30, 31, 32, 33, 34, 35, 36, 37, 38, 39, 40, 41, 42, 43, 44, 48], token_allocations={0: 1, 1: 1, 2: 1, 3: 1, 4: 1, 5: 1, 6: 1, 7: 1, 8: 1, 9: 1, 10: 1, 11: 1, 12: 1, 13: 1, 14: 1, 15: 1, 16: 1, 17: 1, 18: 1, 19: 1, 20: 1, 21: 1, 22: 1, 23: 1, 24: 1, 25: 1, 26: 1, 27: 1, 28: 1, 29: 1, 30: 1, 31: 1, 32: 1, 33: 1, 34: 1, 35: 1, 36: 1, 37: 1, 38: 1, 39: 1, 40: 1, 41: 1, 42: 1, 43: 1, 44: 1, 48: 512}, prefill_allocations={48: 512}, decode_allocations={0: 1, 1: 1, 2: 1, 3: 1, 4: 1, 5: 1, 6: 1, 7: 1, 8: 1, 9: 1, 10: 1, 11: 1, 12: 1, 13: 1, 14: 1, 15: 1, 16: 1, 17: 1, 18: 1, 19: 1, 20: 1, 21: 1, 22: 1, 23: 1, 24: 1, 25: 1, 26: 1, 27: 1, 28: 1, 29: 1, 30: 1, 31: 1, 32: 1, 33: 1, 34: 1, 35: 1, 36: 1, 37: 1, 38: 1, 39: 1, 40: 1, 41: 1, 42: 1, 43: 1, 44: 1}, heuristic='LST', strategy='Fixed', mapping=None)","{""type"": ""controller"", ""token_budget"": 557, ""selected_request_ids"": [0, 1, 2, 3, 4, 5, 6, 7, 8, 9, 10, 11, 12, 13, 14, 15, 16, 17, 18, 19, 20, 21, 22, 23, 24, 25, 26, 27, 28, 29, 30, 31, 32, 33, 34, 35, 36, 37, 38, 39, 40, 41, 42, 43, 44, 48], ""token_allocations"": {""0"": 1, ""1"": 1, ""2"": 1, ""3"": 1, ""4"": 1, ""5"": 1, ""6"": 1, ""7"": 1, ""8"": 1, ""9"": 1, ""10"": 1, ""11"": 1, ""12"": 1, ""13"": 1, ""14"": 1, ""15"": 1, ""16"": 1, ""17"": 1, ""18"": 1, ""19"": 1, ""20"": 1, ""21"": 1, ""22"": 1, ""23"": 1, ""24"": 1, ""25"": 1, ""26"": 1, ""27"": 1, ""28"": 1, ""29"": 1, ""30"": 1, ""31"": 1, ""32"": 1, ""33"": 1, ""34"": 1, ""35"": 1, ""36"": 1, ""37"": 1, ""38"": 1, ""39"": 1, ""40"": 1, ""41"": 1, ""42"": 1, ""43"": 1, ""44"": 1, ""48"": 512}, ""prefill_allocations"": {""48"": 512}, ""decode_allocations"": {""0"": 1, ""1"": 1, ""2"": 1, ""3"": 1, ""4"": 1, ""5"": 1, ""6"": 1, ""7"": 1, ""8"": 1, ""9"": 1, ""10"": 1, ""11"": 1, ""12"": 1, ""13"": 1, ""14"": 1, ""15"": 1, ""16"": 1, ""17"": 1, ""18"": 1, ""19"": 1, ""20"": 1, ""21"": 1, ""22"": 1, ""23"": 1, ""24"": 1, ""25"": 1, ""26"": 1, ""27"": 1, ""28"": 1, ""29"": 1, ""30"": 1, ""31"": 1, ""32"": 1, ""33"": 1, ""34"": 1, ""35"": 1, ""36"": 1, ""37"": 1, ""38"": 1, ""39"": 1, ""40"": 1, ""41"": 1, ""42"": 1, ""43"": 1, ""44"": 1}, ""heuristic"": ""LST"", ""strategy"": ""Fixed""}",train_root,,12.300613356123787,45,45.77072592535093,90.77072592535093
3004,232,261,2824456,controller,8000,-31.31771469116211,"[0.11877899616956711, 0.13410581648349762, 0.13907097280025482, 0.146990105509758, 0.09254767000675201, 0.09892366826534271, 0.08272112905979156, 0.08131751418113708, 0.01064930111169815, 0.012606773525476456, 0.010909007862210274, 0.012556744739413261, 0.003712928621098399, 0.0035665358882397413, 0.004953073337674141, 0.004952816758304834, 0.003626033663749695, 0.004367282148450613, 0.004116271622478962, 0.0038603527937084436, 0.006901870481669903, 0.007174134254455566, 0.005940129514783621, 0.00565092358738184]","[0.11105273823199997, 0.12538258962948062, 0.13002477572725366, 0.13742878990630472, 0.08652769010245796, 0.09248894662434445, 0.07734033952112325, 0.07602802605894152, 0.01, 0.011786736421616172, 0.01019940590138835, 0.011739961875089364, 0.01, 0.01, 0.01, 0.01, 0.01, 0.01, 0.01, 0.01, 0.01, 0.01, 0.01, 0.01]","[true, true, true, true, true, true, true, true, true, true, true, true, true, true, true, true, true, true, true, true, true, true, true, true]",-39.99607068675951,"[0.118625, 0.118625, 0.1341875, 0.1341875, 0.08975, 0.08975, 0.0769375, 0.0769375, 0.01075, 0.01075, 0.0108125, 0.0108125, 0.0098125, 0.0098125, 0.009875, 0.009875, 0.0098125, 0.0098125, 0.0098125, 0.0098125, 0.0098125, 0.0098125, 0.0098125, 0.0098125]",2,0.1341875,0.13907097280025482,"ControllerAction(token_budget=557, selected_request_ids=[0, 1, 2, 3, 4, 5, 6, 7, 8, 9, 10, 11, 12, 13, 14, 15, 16, 17, 18, 19, 20, 21, 22, 23, 24, 25, 26, 27, 28, 29, 30, 31, 32, 33, 34, 35, 36, 37, 38, 39, 40, 41, 42, 43, 44, 49], token_allocations={0: 1, 1: 1, 2: 1, 3: 1, 4: 1, 5: 1, 6: 1, 7: 1, 8: 1, 9: 1, 10: 1, 11: 1, 12: 1, 13: 1, 14: 1, 15: 1, 16: 1, 17: 1, 18: 1, 19: 1, 20: 1, 21: 1, 22: 1, 23: 1, 24: 1, 25: 1, 26: 1, 27: 1, 28: 1, 29: 1, 30: 1, 31: 1, 32: 1, 33: 1, 34: 1, 35: 1, 36: 1, 37: 1, 38: 1, 39: 1, 40: 1, 41: 1, 42: 1, 43: 1, 44: 1, 49: 512}, prefill_allocations={49: 512}, decode_allocations={0: 1, 1: 1, 2: 1, 3: 1, 4: 1, 5: 1, 6: 1, 7: 1, 8: 1, 9: 1, 10: 1, 11: 1, 12: 1, 13: 1, 14: 1, 15: 1, 16: 1, 17: 1, 18: 1, 19: 1, 20: 1, 21: 1, 22: 1, 23: 1, 24: 1, 25: 1, 26: 1, 27: 1, 28: 1, 29: 1, 30: 1, 31: 1, 32: 1, 33: 1, 34: 1, 35: 1, 36: 1, 37: 1, 38: 1, 39: 1, 40: 1, 41: 1, 42: 1, 43: 1, 44: 1}, heuristic='LST', strategy='Fixed', mapping=None)","{""type"": ""controller"", ""token_budget"": 557, ""selected_request_ids"": [0, 1, 2, 3, 4, 5, 6, 7, 8, 9, 10, 11, 12, 13, 14, 15, 16, 17, 18, 19, 20, 21, 22, 23, 24, 25, 26, 27, 28, 29, 30, 31, 32, 33, 34, 35, 36, 37, 38, 39, 40, 41, 42, 43, 44, 49], ""token_allocations"": {""0"": 1, ""1"": 1, ""2"": 1, ""3"": 1, ""4"": 1, ""5"": 1, ""6"": 1, ""7"": 1, ""8"": 1, ""9"": 1, ""10"": 1, ""11"": 1, ""12"": 1, ""13"": 1, ""14"": 1, ""15"": 1, ""16"": 1, ""17"": 1, ""18"": 1, ""19"": 1, ""20"": 1, ""21"": 1, ""22"": 1, ""23"": 1, ""24"": 1, ""25"": 1, ""26"": 1, ""27"": 1, ""28"": 1, ""29"": 1, ""30"": 1, ""31"": 1, ""32"": 1, ""33"": 1, ""34"": 1, ""35"": 1, ""36"": 1, ""37"": 1, ""38"": 1, ""39"": 1, ""40"": 1, ""41"": 1, ""42"": 1, ""43"": 1, ""44"": 1, ""49"": 512}, ""prefill_allocations"": {""49"": 512}, ""decode_allocations"": {""0"": 1, ""1"": 1, ""2"": 1, ""3"": 1, ""4"": 1, ""5"": 1, ""6"": 1, ""7"": 1, ""8"": 1, ""9"": 1, ""10"": 1, ""11"": 1, ""12"": 1, ""13"": 1, ""14"": 1, ""15"": 1, ""16"": 1, ""17"": 1, ""18"": 1, ""19"": 1, ""20"": 1, ""21"": 1, ""22"": 1, ""23"": 1, ""24"": 1, ""25"": 1, ""26"": 1, ""27"": 1, ""28"": 1, ""29"": 1, ""30"": 1, ""31"": 1, ""32"": 1, ""33"": 1, ""34"": 1, ""35"": 1, ""36"": 1, ""37"": 1, ""38"": 1, ""39"": 1, ""40"": 1, ""41"": 1, ""42"": 1, ""43"": 1, ""44"": 1}, ""heuristic"": ""LST"", ""strategy"": ""Fixed""}",train_root,,12.329354530276259,45,45.77072592535093,90.77072592535093
3004,233,263,2914476,controller,8000,-31.349838256835938,"[0.12117018550634384, 0.1363617181777954, 0.14285457134246826, 0.149617999792099, 0.09125014394521713, 0.09552105516195297, 0.08160707354545593, 0.08034758269786835, 0.010377532802522182, 0.011997910216450691, 0.01026254240423441, 0.012217376381158829, 0.0034958282485604286, 0.00345531664788723, 0.004787761718034744, 0.004575807135552168, 0.0034249532036483288, 0.004190701525658369, 0.003980454057455063, 0.0036701010540127754, 0.006857112981379032, 0.00692310044541955, 0.005727591924369335, 0.005325537174940109]","[0.11290628357985284, 0.12706174177815452, 0.13311177725172832, 0.13941393456307513, 0.08502681237903759, 0.08900644409261539, 0.07604140696279416, 0.07486781438133765, 0.01, 0.011179643305846663, 0.01, 0.011384141705557559, 0.01, 0.01, 0.01, 0.01, 0.01, 0.01, 0.01, 0.01, 0.01, 0.01, 0.01, 0.01]","[true, true, true, true, true, true, true, true, true, true, true, true, true, true, true, true, true, true, true, true, true, true, true, true]",-39.99749963256245,"[0.1196875, 0.1196875, 0.1378125, 0.1378125, 0.08675, 0.08675, 0.07525, 0.07525, 0.0105, 0.0105, 0.010625, 0.010625, 0.0099375, 0.0099375, 0.0099375, 0.0099375, 0.009875, 0.009875, 0.009875, 0.009875, 0.009875, 0.009875, 0.009875, 0.009875]",2,0.1378125,0.14285457134246826,"ControllerAction(token_budget=557, selected_request_ids=[0, 1, 2, 3, 4, 5, 6, 7, 8, 9, 10, 11, 12, 13, 14, 15, 16, 17, 18, 19, 20, 21, 22, 23, 24, 25, 26, 27, 28, 29, 30, 31, 32, 33, 34, 35, 36, 37, 38, 39, 40, 41, 42, 43, 44, 50], token_allocations={0: 1, 1: 1, 2: 1, 3: 1, 4: 1, 5: 1, 6: 1, 7: 1, 8: 1, 9: 1, 10: 1, 11: 1, 12: 1, 13: 1, 14: 1, 15: 1, 16: 1, 17: 1, 18: 1, 19: 1, 20: 1, 21: 1, 22: 1, 23: 1, 24: 1, 25: 1, 26: 1, 27: 1, 28: 1, 29: 1, 30: 1, 31: 1, 32: 1, 33: 1, 34: 1, 35: 1, 36: 1, 37: 1, 38: 1, 39: 1, 40: 1, 41: 1, 42: 1, 43: 1, 44: 1, 50: 512}, prefill_allocations={50: 512}, decode_allocations={0: 1, 1: 1, 2: 1, 3: 1, 4: 1, 5: 1, 6: 1, 7: 1, 8: 1, 9: 1, 10: 1, 11: 1, 12: 1, 13: 1, 14: 1, 15: 1, 16: 1, 17: 1, 18: 1, 19: 1, 20: 1, 21: 1, 22: 1, 23: 1, 24: 1, 25: 1, 26: 1, 27: 1, 28: 1, 29: 1, 30: 1, 31: 1, 32: 1, 33: 1, 34: 1, 35: 1, 36: 1, 37: 1, 38: 1, 39: 1, 40: 1, 41: 1, 42: 1, 43: 1, 44: 1}, heuristic='LST', strategy='Fixed', mapping=None)","{""type"": ""controller"", ""token_budget"": 557, ""selected_request_ids"": [0, 1, 2, 3, 4, 5, 6, 7, 8, 9, 10, 11, 12, 13, 14, 15, 16, 17, 18, 19, 20, 21, 22, 23, 24, 25, 26, 27, 28, 29, 30, 31, 32, 33, 34, 35, 36, 37, 38, 39, 40, 41, 42, 43, 44, 50], ""token_allocations"": {""0"": 1, ""1"": 1, ""2"": 1, ""3"": 1, ""4"": 1, ""5"": 1, ""6"": 1, ""7"": 1, ""8"": 1, ""9"": 1, ""10"": 1, ""11"": 1, ""12"": 1, ""13"": 1, ""14"": 1, ""15"": 1, ""16"": 1, ""17"": 1, ""18"": 1, ""19"": 1, ""20"": 1, ""21"": 1, ""22"": 1, ""23"": 1, ""24"": 1, ""25"": 1, ""26"": 1, ""27"": 1, ""28"": 1, ""29"": 1, ""30"": 1, ""31"": 1, ""32"": 1, ""33"": 1, ""34"": 1, ""35"": 1, ""36"": 1, ""37"": 1, ""38"": 1, ""39"": 1, ""40"": 1, ""41"": 1, ""42"": 1, ""43"": 1, ""44"": 1, ""50"": 512}, ""prefill_allocations"": {""50"": 512}, ""decode_allocations"": {""0"": 1, ""1"": 1, ""2"": 1, ""3"": 1, ""4"": 1, ""5"": 1, ""6"": 1, ""7"": 1, ""8"": 1, ""9"": 1, ""10"": 1, ""11"": 1, ""12"": 1, ""13"": 1, ""14"": 1, ""15"": 1, ""16"": 1, ""17"": 1, ""18"": 1, ""19"": 1, ""20"": 1, ""21"": 1, ""22"": 1, ""23"": 1, ""24"": 1, ""25"": 1, ""26"": 1, ""27"": 1, ""28"": 1, ""29"": 1, ""30"": 1, ""31"": 1, ""32"": 1, ""33"": 1, ""34"": 1, ""35"": 1, ""36"": 1, ""37"": 1, ""38"": 1, ""39"": 1, ""40"": 1, ""41"": 1, ""42"": 1, ""43"": 1, ""44"": 1}, ""heuristic"": ""LST"", ""strategy"": ""Fixed""}",train_root,,12.358095704428731,45,45.77072592535093,90.77072592535093
3004,234,265,3004275,controller,8000,-31.572500228881836,"[0.12138005346059799, 0.13906648755073547, 0.14616237580776215, 0.15101677179336548, 0.08902158588171005, 0.09142495691776276, 0.08215907216072083, 0.07953996956348419, 0.010127861052751541, 0.0121583491563797, 0.009913432411849499, 0.012280287221074104, 0.003412205958738923, 0.00346254906617105, 0.004715847782790661, 0.004409681539982557, 0.00332028791308403, 0.004273264203220606, 0.0038897159975022078, 0.0035397240426391363, 0.006950667593628168, 0.006757881958037615, 0.005849197506904602, 0.005167781841009855]","[0.11294711829161465, 0.12940477922009722, 0.13600767736934408, 0.14052481195602692, 0.08283677016465127, 0.08507316589004782, 0.07645103274796765, 0.0740138935110502, 0.01, 0.011313642243881131, 0.01, 0.011427108605318845, 0.01, 0.01, 0.01, 0.01, 0.01, 0.01, 0.01, 0.01, 0.01, 0.01, 0.01, 0.01]","[true, true, true, true, true, true, true, true, true, true, true, true, true, true, true, true, true, true, true, true, true, true, true, true]",-39.99823845465598,"[0.1213125, 0.1213125, 0.1384375, 0.1384375, 0.084, 0.084, 0.0753125, 0.0753125, 0.010625, 0.010625, 0.0106875, 0.0106875, 0.0099375, 0.0099375, 0.0099375, 0.0099375, 0.0099375, 0.0099375, 0.0099375, 0.0099375, 0.0099375, 0.0099375, 0.0099375, 0.0099375]",2,0.1384375,0.14616237580776215,"ControllerAction(token_budget=557, selected_request_ids=[0, 1, 2, 3, 4, 5, 6, 7, 8, 9, 10, 11, 12, 13, 14, 15, 16, 17, 18, 19, 20, 21, 22, 23, 24, 25, 26, 27, 28, 29, 30, 31, 32, 33, 34, 35, 36, 37, 38, 39, 40, 41, 42, 43, 44, 46], token_allocations={0: 1, 1: 1, 2: 1, 3: 1, 4: 1, 5: 1, 6: 1, 7: 1, 8: 1, 9: 1, 10: 1, 11: 1, 12: 1, 13: 1, 14: 1, 15: 1, 16: 1, 17: 1, 18: 1, 19: 1, 20: 1, 21: 1, 22: 1, 23: 1, 24: 1, 25: 1, 26: 1, 27: 1, 28: 1, 29: 1, 30: 1, 31: 1, 32: 1, 33: 1, 34: 1, 35: 1, 36: 1, 37: 1, 38: 1, 39: 1, 40: 1, 41: 1, 42: 1, 43: 1, 44: 1, 46: 512}, prefill_allocations={46: 512}, decode_allocations={0: 1, 1: 1, 2: 1, 3: 1, 4: 1, 5: 1, 6: 1, 7: 1, 8: 1, 9: 1, 10: 1, 11: 1, 12: 1, 13: 1, 14: 1, 15: 1, 16: 1, 17: 1, 18: 1, 19: 1, 20: 1, 21: 1, 22: 1, 23: 1, 24: 1, 25: 1, 26: 1, 27: 1, 28: 1, 29: 1, 30: 1, 31: 1, 32: 1, 33: 1, 34: 1, 35: 1, 36: 1, 37: 1, 38: 1, 39: 1, 40: 1, 41: 1, 42: 1, 43: 1, 44: 1}, heuristic='LST', strategy='Fixed', mapping=None)","{""type"": ""controller"", ""token_budget"": 557, ""selected_request_ids"": [0, 1, 2, 3, 4, 5, 6, 7, 8, 9, 10, 11, 12, 13, 14, 15, 16, 17, 18, 19, 20, 21, 22, 23, 24, 25, 26, 27, 28, 29, 30, 31, 32, 33, 34, 35, 36, 37, 38, 39, 40, 41, 42, 43, 44, 46], ""token_allocations"": {""0"": 1, ""1"": 1, ""2"": 1, ""3"": 1, ""4"": 1, ""5"": 1, ""6"": 1, ""7"": 1, ""8"": 1, ""9"": 1, ""10"": 1, ""11"": 1, ""12"": 1, ""13"": 1, ""14"": 1, ""15"": 1, ""16"": 1, ""17"": 1, ""18"": 1, ""19"": 1, ""20"": 1, ""21"": 1, ""22"": 1, ""23"": 1, ""24"": 1, ""25"": 1, ""26"": 1, ""27"": 1, ""28"": 1, ""29"": 1, ""30"": 1, ""31"": 1, ""32"": 1, ""33"": 1, ""34"": 1, ""35"": 1, ""36"": 1, ""37"": 1, ""38"": 1, ""39"": 1, ""40"": 1, ""41"": 1, ""42"": 1, ""43"": 1, ""44"": 1, ""46"": 512}, ""prefill_allocations"": {""46"": 512}, ""decode_allocations"": {""0"": 1, ""1"": 1, ""2"": 1, ""3"": 1, ""4"": 1, ""5"": 1, ""6"": 1, ""7"": 1, ""8"": 1, ""9"": 1, ""10"": 1, ""11"": 1, ""12"": 1, ""13"": 1, ""14"": 1, ""15"": 1, ""16"": 1, ""17"": 1, ""18"": 1, ""19"": 1, ""20"": 1, ""21"": 1, ""22"": 1, ""23"": 1, ""24"": 1, ""25"": 1, ""26"": 1, ""27"": 1, ""28"": 1, ""29"": 1, ""30"": 1, ""31"": 1, ""32"": 1, ""33"": 1, ""34"": 1, ""35"": 1, ""36"": 1, ""37"": 1, ""38"": 1, ""39"": 1, ""40"": 1, ""41"": 1, ""42"": 1, ""43"": 1, ""44"": 1}, ""heuristic"": ""LST"", ""strategy"": ""Fixed""}",train_root,,12.386836878581203,45,45.77072592535093,90.77072592535093
3004,235,267,3091494,controller,8000,-29.614377975463867,"[0.13010044395923615, 0.1421581357717514, 0.17073871195316315, 0.17010964453220367, 0.07876890152692795, 0.08066439628601074, 0.07918068766593933, 0.07470287382602692, 0.007493015844374895, 0.007910523563623428, 0.007535949349403381, 0.009332183748483658, 0.002347416477277875, 0.0026083749253302813, 0.003509398316964507, 0.00310682924464345, 0.002457214519381523, 0.0031352932564914227, 0.0027012403588742018, 0.0026813093572854996, 0.005544549319893122, 0.005414214450865984, 0.00409929221495986, 0.003699409542605281]","[0.11796369378041362, 0.12889655320336696, 0.15481091778300057, 0.15424053451331282, 0.07142074459064465, 0.07313941330935311, 0.07179411621434624, 0.06773402660556188, 0.01, 0.01, 0.01, 0.01, 0.01, 0.01, 0.01, 0.01, 0.01, 0.01, 0.01, 0.01, 0.01, 0.01, 0.01, 0.01]","[true, true, true, true, true, true, true, true, true, true, true, true, true, true, true, true, true, true, true, true, true, true, true, true]",-39.9982771358661,"[0.123625, 0.123625, 0.15475, 0.15475, 0.0723125, 0.0723125, 0.0698125, 0.0698125, 0.0099375, 0.0099375, 0.0099375, 0.0099375, 0.0099375, 0.0099375, 0.0099375, 0.0099375, 0.0099375, 0.0099375, 0.0099375, 0.0099375, 0.0099375, 0.0099375, 0.0099375, 0.0099375]",2,0.15475,0.17073871195316315,"ControllerAction(token_budget=557, selected_request_ids=[0, 1, 2, 3, 4, 5, 6, 7, 8, 9, 10, 11, 12, 13, 14, 15, 16, 17, 18, 19, 20, 21, 22, 23, 24, 25, 26, 27, 28, 29, 30, 31, 32, 33, 34, 35, 36, 37, 38, 39, 40, 41, 42, 43, 44, 47], token_allocations={0: 1, 1: 1, 2: 1, 3: 1, 4: 1, 5: 1, 6: 1, 7: 1, 8: 1, 9: 1, 10: 1, 11: 1, 12: 1, 13: 1, 14: 1, 15: 1, 16: 1, 17: 1, 18: 1, 19: 1, 20: 1, 21: 1, 22: 1, 23: 1, 24: 1, 25: 1, 26: 1, 27: 1, 28: 1, 29: 1, 30: 1, 31: 1, 32: 1, 33: 1, 34: 1, 35: 1, 36: 1, 37: 1, 38: 1, 39: 1, 40: 1, 41: 1, 42: 1, 43: 1, 44: 1, 47: 512}, prefill_allocations={47: 512}, decode_allocations={0: 1, 1: 1, 2: 1, 3: 1, 4: 1, 5: 1, 6: 1, 7: 1, 8: 1, 9: 1, 10: 1, 11: 1, 12: 1, 13: 1, 14: 1, 15: 1, 16: 1, 17: 1, 18: 1, 19: 1, 20: 1, 21: 1, 22: 1, 23: 1, 24: 1, 25: 1, 26: 1, 27: 1, 28: 1, 29: 1, 30: 1, 31: 1, 32: 1, 33: 1, 34: 1, 35: 1, 36: 1, 37: 1, 38: 1, 39: 1, 40: 1, 41: 1, 42: 1, 43: 1, 44: 1}, heuristic='LST', strategy='Fixed', mapping=None)","{""type"": ""controller"", ""token_budget"": 557, ""selected_request_ids"": [0, 1, 2, 3, 4, 5, 6, 7, 8, 9, 10, 11, 12, 13, 14, 15, 16, 17, 18, 19, 20, 21, 22, 23, 24, 25, 26, 27, 28, 29, 30, 31, 32, 33, 34, 35, 36, 37, 38, 39, 40, 41, 42, 43, 44, 47], ""token_allocations"": {""0"": 1, ""1"": 1, ""2"": 1, ""3"": 1, ""4"": 1, ""5"": 1, ""6"": 1, ""7"": 1, ""8"": 1, ""9"": 1, ""10"": 1, ""11"": 1, ""12"": 1, ""13"": 1, ""14"": 1, ""15"": 1, ""16"": 1, ""17"": 1, ""18"": 1, ""19"": 1, ""20"": 1, ""21"": 1, ""22"": 1, ""23"": 1, ""24"": 1, ""25"": 1, ""26"": 1, ""27"": 1, ""28"": 1, ""29"": 1, ""30"": 1, ""31"": 1, ""32"": 1, ""33"": 1, ""34"": 1, ""35"": 1, ""36"": 1, ""37"": 1, ""38"": 1, ""39"": 1, ""40"": 1, ""41"": 1, ""42"": 1, ""43"": 1, ""44"": 1, ""47"": 512}, ""prefill_allocations"": {""47"": 512}, ""decode_allocations"": {""0"": 1, ""1"": 1, ""2"": 1, ""3"": 1, ""4"": 1, ""5"": 1, ""6"": 1, ""7"": 1, ""8"": 1, ""9"": 1, ""10"": 1, ""11"": 1, ""12"": 1, ""13"": 1, ""14"": 1, ""15"": 1, ""16"": 1, ""17"": 1, ""18"": 1, ""19"": 1, ""20"": 1, ""21"": 1, ""22"": 1, ""23"": 1, ""24"": 1, ""25"": 1, ""26"": 1, ""27"": 1, ""28"": 1, ""29"": 1, ""30"": 1, ""31"": 1, ""32"": 1, ""33"": 1, ""34"": 1, ""35"": 1, ""36"": 1, ""37"": 1, ""38"": 1, ""39"": 1, ""40"": 1, ""41"": 1, ""42"": 1, ""43"": 1, ""44"": 1}, ""heuristic"": ""LST"", ""strategy"": ""Fixed""}",train_root,,12.416076210301675,51,45.94250241586276,96.94250241586276
3004,236,269,3177206,controller,8000,-29.624820709228516,"[0.13223402202129364, 0.1440119594335556, 0.17476604878902435, 0.17250846326351166, 0.0773436650633812, 0.07753309607505798, 0.07778029888868332, 0.07350058108568192, 0.007268351037055254, 0.007490506861358881, 0.007052112836390734, 0.009038150310516357, 0.002198820933699608, 0.002515072701498866, 0.0033765530679374933, 0.0028547451365739107, 0.0023091360926628113, 0.0029937077779322863, 0.0025997720658779144, 0.0025366207119077444, 0.0054851495660841465, 0.005200495943427086, 0.003933972679078579, 0.003468722105026245]","[0.11947853172137454, 0.13012035178562928, 0.1579078559729228, 0.15586804050258757, 0.06988298017763156, 0.07005413839237598, 0.07027749565518834, 0.06641060579228987, 0.01, 0.01, 0.01, 0.01, 0.01, 0.01, 0.01, 0.01, 0.01, 0.01, 0.01, 0.01, 0.01, 0.01, 0.01, 0.01]","[true, true, true, true, true, true, true, true, true, true, true, true, true, true, true, true, true, true, true, true, true, true, true, true]",-39.99831697697853,"[0.1249375, 0.1249375, 0.157125, 0.157125, 0.07, 0.07, 0.068375, 0.068375, 0.0099375, 0.0099375, 0.01, 0.01, 0.0099375, 0.0099375, 0.0099375, 0.0099375, 0.0099375, 0.0099375, 0.0099375, 0.0099375, 0.0099375, 0.0099375, 0.0099375, 0.0099375]",2,0.157125,0.17476604878902435,"ControllerAction(token_budget=557, selected_request_ids=[0, 1, 2, 3, 4, 5, 6, 7, 8, 9, 10, 11, 12, 13, 14, 15, 16, 17, 18, 19, 20, 21, 22, 23, 24, 25, 26, 27, 28, 29, 30, 31, 32, 33, 34, 35, 36, 37, 38, 39, 40, 41, 42, 43, 44, 48], token_allocations={0: 1, 1: 1, 2: 1, 3: 1, 4: 1, 5: 1, 6: 1, 7: 1, 8: 1, 9: 1, 10: 1, 11: 1, 12: 1, 13: 1, 14: 1, 15: 1, 16: 1, 17: 1, 18: 1, 19: 1, 20: 1, 21: 1, 22: 1, 23: 1, 24: 1, 25: 1, 26: 1, 27: 1, 28: 1, 29: 1, 30: 1, 31: 1, 32: 1, 33: 1, 34: 1, 35: 1, 36: 1, 37: 1, 38: 1, 39: 1, 40: 1, 41: 1, 42: 1, 43: 1, 44: 1, 48: 512}, prefill_allocations={48: 512}, decode_allocations={0: 1, 1: 1, 2: 1, 3: 1, 4: 1, 5: 1, 6: 1, 7: 1, 8: 1, 9: 1, 10: 1, 11: 1, 12: 1, 13: 1, 14: 1, 15: 1, 16: 1, 17: 1, 18: 1, 19: 1, 20: 1, 21: 1, 22: 1, 23: 1, 24: 1, 25: 1, 26: 1, 27: 1, 28: 1, 29: 1, 30: 1, 31: 1, 32: 1, 33: 1, 34: 1, 35: 1, 36: 1, 37: 1, 38: 1, 39: 1, 40: 1, 41: 1, 42: 1, 43: 1, 44: 1}, heuristic='LST', strategy='Fixed', mapping=None)","{""type"": ""controller"", ""token_budget"": 557, ""selected_request_ids"": [0, 1, 2, 3, 4, 5, 6, 7, 8, 9, 10, 11, 12, 13, 14, 15, 16, 17, 18, 19, 20, 21, 22, 23, 24, 25, 26, 27, 28, 29, 30, 31, 32, 33, 34, 35, 36, 37, 38, 39, 40, 41, 42, 43, 44, 48], ""token_allocations"": {""0"": 1, ""1"": 1, ""2"": 1, ""3"": 1, ""4"": 1, ""5"": 1, ""6"": 1, ""7"": 1, ""8"": 1, ""9"": 1, ""10"": 1, ""11"": 1, ""12"": 1, ""13"": 1, ""14"": 1, ""15"": 1, ""16"": 1, ""17"": 1, ""18"": 1, ""19"": 1, ""20"": 1, ""21"": 1, ""22"": 1, ""23"": 1, ""24"": 1, ""25"": 1, ""26"": 1, ""27"": 1, ""28"": 1, ""29"": 1, ""30"": 1, ""31"": 1, ""32"": 1, ""33"": 1, ""34"": 1, ""35"": 1, ""36"": 1, ""37"": 1, ""38"": 1, ""39"": 1, ""40"": 1, ""41"": 1, ""42"": 1, ""43"": 1, ""44"": 1, ""48"": 512}, ""prefill_allocations"": {""48"": 512}, ""decode_allocations"": {""0"": 1, ""1"": 1, ""2"": 1, ""3"": 1, ""4"": 1, ""5"": 1, ""6"": 1, ""7"": 1, ""8"": 1, ""9"": 1, ""10"": 1, ""11"": 1, ""12"": 1, ""13"": 1, ""14"": 1, ""15"": 1, ""16"": 1, ""17"": 1, ""18"": 1, ""19"": 1, ""20"": 1, ""21"": 1, ""22"": 1, ""23"": 1, ""24"": 1, ""25"": 1, ""26"": 1, ""27"": 1, ""28"": 1, ""29"": 1, ""30"": 1, ""31"": 1, ""32"": 1, ""33"": 1, ""34"": 1, ""35"": 1, ""36"": 1, ""37"": 1, ""38"": 1, ""39"": 1, ""40"": 1, ""41"": 1, ""42"": 1, ""43"": 1, ""44"": 1}, ""heuristic"": ""LST"", ""strategy"": ""Fixed""}",train_root,,12.445315542022147,51,46.117938406185615,97.11793840618562
3004,237,271,3261222,controller,8000,-29.631752014160156,"[0.13432945311069489, 0.1458105891942978, 0.17879106104373932, 0.17484594881534576, 0.07590292394161224, 0.07448281347751617, 0.07636313140392303, 0.07227830588817596, 0.007046589627861977, 0.007088932674378157, 0.006595750339329243, 0.008748616091907024, 0.0020585113670676947, 0.0024237881880253553, 0.003246969310566783, 0.002621687250211835, 0.0021688006818294525, 0.0028569637797772884, 0.0025007538497447968, 0.002398434095084667, 0.005423433147370815, 0.004992498550564051, 0.003773268312215805, 0.003250650130212307]","[0.12096508287806826, 0.1313039664641046, 0.1610032276331197, 0.15745061265092625, 0.06835137992945366, 0.06707255554651038, 0.06876580158107504, 0.0650873733167419, 0.01, 0.01, 0.01, 0.01, 0.01, 0.01, 0.01, 0.01, 0.01, 0.01, 0.01, 0.01, 0.01, 0.01, 0.01, 0.01]","[true, true, true, true, true, true, true, true, true, true, true, true, true, true, true, true, true, true, true, true, true, true, true, true]",-39.99835623488948,"[0.1263125, 0.1263125, 0.1594375, 0.1594375, 0.06775, 0.06775, 0.067, 0.067, 0.0099375, 0.0099375, 0.0099375, 0.0099375, 0.0099375, 0.0099375, 0.0099375, 0.0099375, 0.0099375, 0.0099375, 0.0099375, 0.0099375, 0.0099375, 0.0099375, 0.0099375, 0.0099375]",2,0.1594375,0.17879106104373932,"ControllerAction(token_budget=557, selected_request_ids=[0, 1, 2, 3, 4, 5, 6, 7, 8, 9, 10, 11, 12, 13, 14, 15, 16, 17, 18, 19, 20, 21, 22, 23, 24, 25, 26, 27, 28, 29, 30, 31, 32, 33, 34, 35, 36, 37, 38, 39, 40, 41, 42, 43, 44, 49], token_allocations={0: 1, 1: 1, 2: 1, 3: 1, 4: 1, 5: 1, 6: 1, 7: 1, 8: 1, 9: 1, 10: 1, 11: 1, 12: 1, 13: 1, 14: 1, 15: 1, 16: 1, 17: 1, 18: 1, 19: 1, 20: 1, 21: 1, 22: 1, 23: 1, 24: 1, 25: 1, 26: 1, 27: 1, 28: 1, 29: 1, 30: 1, 31: 1, 32: 1, 33: 1, 34: 1, 35: 1, 36: 1, 37: 1, 38: 1, 39: 1, 40: 1, 41: 1, 42: 1, 43: 1, 44: 1, 49: 512}, prefill_allocations={49: 512}, decode_allocations={0: 1, 1: 1, 2: 1, 3: 1, 4: 1, 5: 1, 6: 1, 7: 1, 8: 1, 9: 1, 10: 1, 11: 1, 12: 1, 13: 1, 14: 1, 15: 1, 16: 1, 17: 1, 18: 1, 19: 1, 20: 1, 21: 1, 22: 1, 23: 1, 24: 1, 25: 1, 26: 1, 27: 1, 28: 1, 29: 1, 30: 1, 31: 1, 32: 1, 33: 1, 34: 1, 35: 1, 36: 1, 37: 1, 38: 1, 39: 1, 40: 1, 41: 1, 42: 1, 43: 1, 44: 1}, heuristic='LST', strategy='Fixed', mapping=None)","{""type"": ""controller"", ""token_budget"": 557, ""selected_request_ids"": [0, 1, 2, 3, 4, 5, 6, 7, 8, 9, 10, 11, 12, 13, 14, 15, 16, 17, 18, 19, 20, 21, 22, 23, 24, 25, 26, 27, 28, 29, 30, 31, 32, 33, 34, 35, 36, 37, 38, 39, 40, 41, 42, 43, 44, 49], ""token_allocations"": {""0"": 1, ""1"": 1, ""2"": 1, ""3"": 1, ""4"": 1, ""5"": 1, ""6"": 1, ""7"": 1, ""8"": 1, ""9"": 1, ""10"": 1, ""11"": 1, ""12"": 1, ""13"": 1, ""14"": 1, ""15"": 1, ""16"": 1, ""17"": 1, ""18"": 1, ""19"": 1, ""20"": 1, ""21"": 1, ""22"": 1, ""23"": 1, ""24"": 1, ""25"": 1, ""26"": 1, ""27"": 1, ""28"": 1, ""29"": 1, ""30"": 1, ""31"": 1, ""32"": 1, ""33"": 1, ""34"": 1, ""35"": 1, ""36"": 1, ""37"": 1, ""38"": 1, ""39"": 1, ""40"": 1, ""41"": 1, ""42"": 1, ""43"": 1, ""44"": 1, ""49"": 512}, ""prefill_allocations"": {""49"": 512}, ""decode_allocations"": {""0"": 1, ""1"": 1, ""2"": 1, ""3"": 1, ""4"": 1, ""5"": 1, ""6"": 1, ""7"": 1, ""8"": 1, ""9"": 1, ""10"": 1, ""11"": 1, ""12"": 1, ""13"": 1, ""14"": 1, ""15"": 1, ""16"": 1, ""17"": 1, ""18"": 1, ""19"": 1, ""20"": 1, ""21"": 1, ""22"": 1, ""23"": 1, ""24"": 1, ""25"": 1, ""26"": 1, ""27"": 1, ""28"": 1, ""29"": 1, ""30"": 1, ""31"": 1, ""32"": 1, ""33"": 1, ""34"": 1, ""35"": 1, ""36"": 1, ""37"": 1, ""38"": 1, ""39"": 1, ""40"": 1, ""41"": 1, ""42"": 1, ""43"": 1, ""44"": 1}, ""heuristic"": ""LST"", ""strategy"": ""Fixed""}",train_root,,12.474554873742619,51,46.29337439650847,97.29337439650847
3004,238,273,3343694,controller,8000,-29.63517951965332,"[0.13638564944267273, 0.14755326509475708, 0.18281158804893494, 0.17712098360061646, 0.07444944977760315, 0.07151453197002411, 0.07493195682764053, 0.07103859633207321, 0.006827964913100004, 0.006705323234200478, 0.006165642291307449, 0.008463860489428043, 0.0019261318957433105, 0.0023345749359577894, 0.0031206996645778418, 0.0024063782766461372, 0.002035911660641432, 0.0027250146958976984, 0.002404229948297143, 0.002266570460051298, 0.00535956397652626, 0.004790271166712046, 0.003617205424234271, 0.0030446709133684635]","[0.12242274889177907, 0.13244704552622585, 0.1640956891702105, 0.1589876778635535, 0.06682745825898392, 0.06419301169335544, 0.06726056716499144, 0.06376580143090035, 0.01, 0.01, 0.01, 0.01, 0.01, 0.01, 0.01, 0.01, 0.01, 0.01, 0.01, 0.01, 0.01, 0.01, 0.01, 0.01]","[true, true, true, true, true, true, true, true, true, true, true, true, true, true, true, true, true, true, true, true, true, true, true, true]",-39.99839490033108,"[0.127625, 0.127625, 0.16175, 0.16175, 0.0655625, 0.0655625, 0.0655625, 0.0655625, 0.0099375, 0.0099375, 0.0099375, 0.0099375, 0.0099375, 0.0099375, 0.0099375, 0.0099375, 0.0099375, 0.0099375, 0.0099375, 0.0099375, 0.0099375, 0.0099375, 0.0099375, 0.0099375]",2,0.16175,0.18281158804893494,"ControllerAction(token_budget=557, selected_request_ids=[0, 1, 2, 3, 4, 5, 6, 7, 8, 9, 10, 11, 12, 13, 14, 15, 16, 17, 18, 19, 20, 21, 22, 23, 24, 25, 26, 27, 28, 29, 30, 31, 32, 33, 34, 35, 36, 37, 38, 39, 40, 41, 42, 43, 44, 50], token_allocations={0: 1, 1: 1, 2: 1, 3: 1, 4: 1, 5: 1, 6: 1, 7: 1, 8: 1, 9: 1, 10: 1, 11: 1, 12: 1, 13: 1, 14: 1, 15: 1, 16: 1, 17: 1, 18: 1, 19: 1, 20: 1, 21: 1, 22: 1, 23: 1, 24: 1, 25: 1, 26: 1, 27: 1, 28: 1, 29: 1, 30: 1, 31: 1, 32: 1, 33: 1, 34: 1, 35: 1, 36: 1, 37: 1, 38: 1, 39: 1, 40: 1, 41: 1, 42: 1, 43: 1, 44: 1, 50: 512}, prefill_allocations={50: 512}, decode_allocations={0: 1, 1: 1, 2: 1, 3: 1, 4: 1, 5: 1, 6: 1, 7: 1, 8: 1, 9: 1, 10: 1, 11: 1, 12: 1, 13: 1, 14: 1, 15: 1, 16: 1, 17: 1, 18: 1, 19: 1, 20: 1, 21: 1, 22: 1, 23: 1, 24: 1, 25: 1, 26: 1, 27: 1, 28: 1, 29: 1, 30: 1, 31: 1, 32: 1, 33: 1, 34: 1, 35: 1, 36: 1, 37: 1, 38: 1, 39: 1, 40: 1, 41: 1, 42: 1, 43: 1, 44: 1}, heuristic='LST', strategy='Fixed', mapping=None)","{""type"": ""controller"", ""token_budget"": 557, ""selected_request_ids"": [0, 1, 2, 3, 4, 5, 6, 7, 8, 9, 10, 11, 12, 13, 14, 15, 16, 17, 18, 19, 20, 21, 22, 23, 24, 25, 26, 27, 28, 29, 30, 31, 32, 33, 34, 35, 36, 37, 38, 39, 40, 41, 42, 43, 44, 50], ""token_allocations"": {""0"": 1, ""1"": 1, ""2"": 1, ""3"": 1, ""4"": 1, ""5"": 1, ""6"": 1, ""7"": 1, ""8"": 1, ""9"": 1, ""10"": 1, ""11"": 1, ""12"": 1, ""13"": 1, ""14"": 1, ""15"": 1, ""16"": 1, ""17"": 1, ""18"": 1, ""19"": 1, ""20"": 1, ""21"": 1, ""22"": 1, ""23"": 1, ""24"": 1, ""25"": 1, ""26"": 1, ""27"": 1, ""28"": 1, ""29"": 1, ""30"": 1, ""31"": 1, ""32"": 1, ""33"": 1, ""34"": 1, ""35"": 1, ""36"": 1, ""37"": 1, ""38"": 1, ""39"": 1, ""40"": 1, ""41"": 1, ""42"": 1, ""43"": 1, ""44"": 1, ""50"": 512}, ""prefill_allocations"": {""50"": 512}, ""decode_allocations"": {""0"": 1, ""1"": 1, ""2"": 1, ""3"": 1, ""4"": 1, ""5"": 1, ""6"": 1, ""7"": 1, ""8"": 1, ""9"": 1, ""10"": 1, ""11"": 1, ""12"": 1, ""13"": 1, ""14"": 1, ""15"": 1, ""16"": 1, ""17"": 1, ""18"": 1, ""19"": 1, ""20"": 1, ""21"": 1, ""22"": 1, ""23"": 1, ""24"": 1, ""25"": 1, ""26"": 1, ""27"": 1, ""28"": 1, ""29"": 1, ""30"": 1, ""31"": 1, ""32"": 1, ""33"": 1, ""34"": 1, ""35"": 1, ""36"": 1, ""37"": 1, ""38"": 1, ""39"": 1, ""40"": 1, ""41"": 1, ""42"": 1, ""43"": 1, ""44"": 1}, ""heuristic"": ""LST"", ""strategy"": ""Fixed""}",train_root,,12.503794205463091,51,46.46881038683132,97.46881038683132
3004,239,275,3423965,controller,8000,-29.864099502563477,"[0.13620035350322723, 0.15000665187835693, 0.18649286031723022, 0.17821595072746277, 0.07237273454666138, 0.06817357242107391, 0.0751594603061676, 0.07006827741861343, 0.00663699209690094, 0.006764605175703764, 0.005928005091845989, 0.008473137393593788, 0.0018714875914156437, 0.0023297248408198357, 0.003061340656131506, 0.002307742368429899, 0.0019647758454084396, 0.0027666075620800257, 0.0023396709002554417, 0.002176547423005104, 0.005412675440311432, 0.004656913224607706, 0.0036786922719329596, 0.0029411944560706615]","[0.12214106471277507, 0.1345222071981405, 0.16724212481531928, 0.1598195996615823, 0.06490205514404046, 0.06113635175393393, 0.06740112098765844, 0.06283547572654982, 0.01, 0.01, 0.01, 0.01, 0.01, 0.01, 0.01, 0.01, 0.01, 0.01, 0.01, 0.01, 0.01, 0.01, 0.01, 0.01]","[true, true, true, true, true, true, true, true, true, true, true, true, true, true, true, true, true, true, true, true, true, true, true, true]",-39.99843567327664,"[0.1285, 0.1285, 0.16375, 0.16375, 0.0630625, 0.0630625, 0.0651875, 0.0651875, 0.0099375, 0.0099375, 0.0099375, 0.0099375, 0.0099375, 0.0099375, 0.0099375, 0.0099375, 0.0099375, 0.0099375, 0.0099375, 0.0099375, 0.0099375, 0.0099375, 0.0099375, 0.0099375]",2,0.16375,0.18649286031723022,"ControllerAction(token_budget=557, selected_request_ids=[0, 1, 2, 3, 4, 5, 6, 7, 8, 9, 10, 11, 12, 13, 14, 15, 16, 17, 18, 19, 20, 21, 22, 23, 24, 25, 26, 27, 28, 29, 30, 31, 32, 33, 34, 35, 36, 37, 38, 39, 40, 41, 42, 43, 44, 46], token_allocations={0: 1, 1: 1, 2: 1, 3: 1, 4: 1, 5: 1, 6: 1, 7: 1, 8: 1, 9: 1, 10: 1, 11: 1, 12: 1, 13: 1, 14: 1, 15: 1, 16: 1, 17: 1, 18: 1, 19: 1, 20: 1, 21: 1, 22: 1, 23: 1, 24: 1, 25: 1, 26: 1, 27: 1, 28: 1, 29: 1, 30: 1, 31: 1, 32: 1, 33: 1, 34: 1, 35: 1, 36: 1, 37: 1, 38: 1, 39: 1, 40: 1, 41: 1, 42: 1, 43: 1, 44: 1, 46: 512}, prefill_allocations={46: 512}, decode_allocations={0: 1, 1: 1, 2: 1, 3: 1, 4: 1, 5: 1, 6: 1, 7: 1, 8: 1, 9: 1, 10: 1, 11: 1, 12: 1, 13: 1, 14: 1, 15: 1, 16: 1, 17: 1, 18: 1, 19: 1, 20: 1, 21: 1, 22: 1, 23: 1, 24: 1, 25: 1, 26: 1, 27: 1, 28: 1, 29: 1, 30: 1, 31: 1, 32: 1, 33: 1, 34: 1, 35: 1, 36: 1, 37: 1, 38: 1, 39: 1, 40: 1, 41: 1, 42: 1, 43: 1, 44: 1}, heuristic='LST', strategy='Fixed', mapping=None)","{""type"": ""controller"", ""token_budget"": 557, ""selected_request_ids"": [0, 1, 2, 3, 4, 5, 6, 7, 8, 9, 10, 11, 12, 13, 14, 15, 16, 17, 18, 19, 20, 21, 22, 23, 24, 25, 26, 27, 28, 29, 30, 31, 32, 33, 34, 35, 36, 37, 38, 39, 40, 41, 42, 43, 44, 46], ""token_allocations"": {""0"": 1, ""1"": 1, ""2"": 1, ""3"": 1, ""4"": 1, ""5"": 1, ""6"": 1, ""7"": 1, ""8"": 1, ""9"": 1, ""10"": 1, ""11"": 1, ""12"": 1, ""13"": 1, ""14"": 1, ""15"": 1, ""16"": 1, ""17"": 1, ""18"": 1, ""19"": 1, ""20"": 1, ""21"": 1, ""22"": 1, ""23"": 1, ""24"": 1, ""25"": 1, ""26"": 1, ""27"": 1, ""28"": 1, ""29"": 1, ""30"": 1, ""31"": 1, ""32"": 1, ""33"": 1, ""34"": 1, ""35"": 1, ""36"": 1, ""37"": 1, ""38"": 1, ""39"": 1, ""40"": 1, ""41"": 1, ""42"": 1, ""43"": 1, ""44"": 1, ""46"": 512}, ""prefill_allocations"": {""46"": 512}, ""decode_allocations"": {""0"": 1, ""1"": 1, ""2"": 1, ""3"": 1, ""4"": 1, ""5"": 1, ""6"": 1, ""7"": 1, ""8"": 1, ""9"": 1, ""10"": 1, ""11"": 1, ""12"": 1, ""13"": 1, ""14"": 1, ""15"": 1, ""16"": 1, ""17"": 1, ""18"": 1, ""19"": 1, ""20"": 1, ""21"": 1, ""22"": 1, ""23"": 1, ""24"": 1, ""25"": 1, ""26"": 1, ""27"": 1, ""28"": 1, ""29"": 1, ""30"": 1, ""31"": 1, ""32"": 1, ""33"": 1, ""34"": 1, ""35"": 1, ""36"": 1, ""37"": 1, ""38"": 1, ""39"": 1, ""40"": 1, ""41"": 1, ""42"": 1, ""43"": 1, ""44"": 1}, ""heuristic"": ""LST"", ""strategy"": ""Fixed""}",train_root,,12.533033537183563,51,46.644246377154175,97.64424637715418
3004,240,277,3502551,controller,8000,-29.862625122070312,"[0.13819333910942078, 0.15169048309326172, 0.19058305025100708, 0.18040652573108673, 0.07090969383716583, 0.06535935401916504, 0.07366117835044861, 0.06878635287284851, 0.006421507336199284, 0.006386381108313799, 0.0055298516526818275, 0.008184966631233692, 0.001747669535689056, 0.0022403260227292776, 0.002937773009762168, 0.0021134514827281237, 0.0018408034229651093, 0.0026340933982282877, 0.0022457283921539783, 0.0020531965419650078, 0.005342523567378521, 0.004461375065147877, 0.003520861268043518, 0.0027495224494487047]","[0.12354581004565929, 0.13561235100582958, 0.17038257759724487, 0.16128469362276782, 0.06339376139008954, 0.05843171883968387, 0.06585360775614664, 0.061495479742578255, 0.01, 0.01, 0.01, 0.01, 0.01, 0.01, 0.01, 0.01, 0.01, 0.01, 0.01, 0.01, 0.01, 0.01, 0.01, 0.01]","[true, true, true, true, true, true, true, true, true, true, true, true, true, true, true, true, true, true, true, true, true, true, true, true]",-39.99847563416411,"[0.12975, 0.12975, 0.166, 0.166, 0.0609375, 0.0609375, 0.0636875, 0.0636875, 0.01, 0.01, 0.01, 0.01, 0.0099375, 0.0099375, 0.0099375, 0.0099375, 0.0099375, 0.0099375, 0.0099375, 0.0099375, 0.0099375, 0.0099375, 0.0099375, 0.0099375]",2,0.166,0.19058305025100708,"ControllerAction(token_budget=557, selected_request_ids=[0, 1, 2, 3, 4, 5, 6, 7, 8, 9, 10, 11, 12, 13, 14, 15, 16, 17, 18, 19, 20, 21, 22, 23, 24, 25, 26, 27, 28, 29, 30, 31, 32, 33, 34, 35, 36, 37, 38, 39, 40, 41, 42, 43, 44, 47], token_allocations={0: 1, 1: 1, 2: 1, 3: 1, 4: 1, 5: 1, 6: 1, 7: 1, 8: 1, 9: 1, 10: 1, 11: 1, 12: 1, 13: 1, 14: 1, 15: 1, 16: 1, 17: 1, 18: 1, 19: 1, 20: 1, 21: 1, 22: 1, 23: 1, 24: 1, 25: 1, 26: 1, 27: 1, 28: 1, 29: 1, 30: 1, 31: 1, 32: 1, 33: 1, 34: 1, 35: 1, 36: 1, 37: 1, 38: 1, 39: 1, 40: 1, 41: 1, 42: 1, 43: 1, 44: 1, 47: 512}, prefill_allocations={47: 512}, decode_allocations={0: 1, 1: 1, 2: 1, 3: 1, 4: 1, 5: 1, 6: 1, 7: 1, 8: 1, 9: 1, 10: 1, 11: 1, 12: 1, 13: 1, 14: 1, 15: 1, 16: 1, 17: 1, 18: 1, 19: 1, 20: 1, 21: 1, 22: 1, 23: 1, 24: 1, 25: 1, 26: 1, 27: 1, 28: 1, 29: 1, 30: 1, 31: 1, 32: 1, 33: 1, 34: 1, 35: 1, 36: 1, 37: 1, 38: 1, 39: 1, 40: 1, 41: 1, 42: 1, 43: 1, 44: 1}, heuristic='LST', strategy='Fixed', mapping=None)","{""type"": ""controller"", ""token_budget"": 557, ""selected_request_ids"": [0, 1, 2, 3, 4, 5, 6, 7, 8, 9, 10, 11, 12, 13, 14, 15, 16, 17, 18, 19, 20, 21, 22, 23, 24, 25, 26, 27, 28, 29, 30, 31, 32, 33, 34, 35, 36, 37, 38, 39, 40, 41, 42, 43, 44, 47], ""token_allocations"": {""0"": 1, ""1"": 1, ""2"": 1, ""3"": 1, ""4"": 1, ""5"": 1, ""6"": 1, ""7"": 1, ""8"": 1, ""9"": 1, ""10"": 1, ""11"": 1, ""12"": 1, ""13"": 1, ""14"": 1, ""15"": 1, ""16"": 1, ""17"": 1, ""18"": 1, ""19"": 1, ""20"": 1, ""21"": 1, ""22"": 1, ""23"": 1, ""24"": 1, ""25"": 1, ""26"": 1, ""27"": 1, ""28"": 1, ""29"": 1, ""30"": 1, ""31"": 1, ""32"": 1, ""33"": 1, ""34"": 1, ""35"": 1, ""36"": 1, ""37"": 1, ""38"": 1, ""39"": 1, ""40"": 1, ""41"": 1, ""42"": 1, ""43"": 1, ""44"": 1, ""47"": 512}, ""prefill_allocations"": {""47"": 512}, ""decode_allocations"": {""0"": 1, ""1"": 1, ""2"": 1, ""3"": 1, ""4"": 1, ""5"": 1, ""6"": 1, ""7"": 1, ""8"": 1, ""9"": 1, ""10"": 1, ""11"": 1, ""12"": 1, ""13"": 1, ""14"": 1, ""15"": 1, ""16"": 1, ""17"": 1, ""18"": 1, ""19"": 1, ""20"": 1, ""21"": 1, ""22"": 1, ""23"": 1, ""24"": 1, ""25"": 1, ""26"": 1, ""27"": 1, ""28"": 1, ""29"": 1, ""30"": 1, ""31"": 1, ""32"": 1, ""33"": 1, ""34"": 1, ""35"": 1, ""36"": 1, ""37"": 1, ""38"": 1, ""39"": 1, ""40"": 1, ""41"": 1, ""42"": 1, ""43"": 1, ""44"": 1}, ""heuristic"": ""LST"", ""strategy"": ""Fixed""}",train_root,,12.562716662312036,51,46.822345127925004,97.822345127925
3004,241,279,3579822,controller,8000,-29.85747528076172,"[0.14014334976673126, 0.15331429243087769, 0.19466274976730347, 0.18253010511398315, 0.06944048404693604, 0.06262904405593872, 0.07215562462806702, 0.06749314814805984, 0.006209825165569782, 0.0060261995531618595, 0.005155786871910095, 0.007902530953288078, 0.0016312026418745518, 0.0021532492246478796, 0.0028177425265312195, 0.0019345220644026995, 0.0017237652791664004, 0.0025066363159567118, 0.002154449000954628, 0.0019358397694304585, 0.005270568188279867, 0.00427184859290719, 0.0033680670894682407, 0.0025690176989883184]","[0.12491968543435764, 0.1366598787237128, 0.17351668493149797, 0.16270200013837474, 0.06189721765600341, 0.05582569915407889, 0.06431741460341117, 0.060161419358563305, 0.01, 0.01, 0.01, 0.01, 0.01, 0.01, 0.01, 0.01, 0.01, 0.01, 0.01, 0.01, 0.01, 0.01, 0.01, 0.01]","[true, true, true, true, true, true, true, true, true, true, true, true, true, true, true, true, true, true, true, true, true, true, true, true]",-39.998513795820784,"[0.1309375, 0.1309375, 0.1683125, 0.1683125, 0.058875, 0.058875, 0.06225, 0.06225, 0.01, 0.01, 0.01, 0.01, 0.0099375, 0.0099375, 0.0099375, 0.0099375, 0.0099375, 0.0099375, 0.0099375, 0.0099375, 0.0099375, 0.0099375, 0.0099375, 0.0099375]",2,0.1683125,0.19466274976730347,"ControllerAction(token_budget=557, selected_request_ids=[0, 1, 2, 3, 4, 5, 6, 7, 8, 9, 10, 11, 12, 13, 14, 15, 16, 17, 18, 19, 20, 21, 22, 23, 24, 25, 26, 27, 28, 29, 30, 31, 32, 33, 34, 35, 36, 37, 38, 39, 40, 41, 42, 43, 44, 48], token_allocations={0: 1, 1: 1, 2: 1, 3: 1, 4: 1, 5: 1, 6: 1, 7: 1, 8: 1, 9: 1, 10: 1, 11: 1, 12: 1, 13: 1, 14: 1, 15: 1, 16: 1, 17: 1, 18: 1, 19: 1, 20: 1, 21: 1, 22: 1, 23: 1, 24: 1, 25: 1, 26: 1, 27: 1, 28: 1, 29: 1, 30: 1, 31: 1, 32: 1, 33: 1, 34: 1, 35: 1, 36: 1, 37: 1, 38: 1, 39: 1, 40: 1, 41: 1, 42: 1, 43: 1, 44: 1, 48: 512}, prefill_allocations={48: 512}, decode_allocations={0: 1, 1: 1, 2: 1, 3: 1, 4: 1, 5: 1, 6: 1, 7: 1, 8: 1, 9: 1, 10: 1, 11: 1, 12: 1, 13: 1, 14: 1, 15: 1, 16: 1, 17: 1, 18: 1, 19: 1, 20: 1, 21: 1, 22: 1, 23: 1, 24: 1, 25: 1, 26: 1, 27: 1, 28: 1, 29: 1, 30: 1, 31: 1, 32: 1, 33: 1, 34: 1, 35: 1, 36: 1, 37: 1, 38: 1, 39: 1, 40: 1, 41: 1, 42: 1, 43: 1, 44: 1}, heuristic='LST', strategy='Fixed', mapping=None)","{""type"": ""controller"", ""token_budget"": 557, ""selected_request_ids"": [0, 1, 2, 3, 4, 5, 6, 7, 8, 9, 10, 11, 12, 13, 14, 15, 16, 17, 18, 19, 20, 21, 22, 23, 24, 25, 26, 27, 28, 29, 30, 31, 32, 33, 34, 35, 36, 37, 38, 39, 40, 41, 42, 43, 44, 48], ""token_allocations"": {""0"": 1, ""1"": 1, ""2"": 1, ""3"": 1, ""4"": 1, ""5"": 1, ""6"": 1, ""7"": 1, ""8"": 1, ""9"": 1, ""10"": 1, ""11"": 1, ""12"": 1, ""13"": 1, ""14"": 1, ""15"": 1, ""16"": 1, ""17"": 1, ""18"": 1, ""19"": 1, ""20"": 1, ""21"": 1, ""22"": 1, ""23"": 1, ""24"": 1, ""25"": 1, ""26"": 1, ""27"": 1, ""28"": 1, ""29"": 1, ""30"": 1, ""31"": 1, ""32"": 1, ""33"": 1, ""34"": 1, ""35"": 1, ""36"": 1, ""37"": 1, ""38"": 1, ""39"": 1, ""40"": 1, ""41"": 1, ""42"": 1, ""43"": 1, ""44"": 1, ""48"": 512}, ""prefill_allocations"": {""48"": 512}, ""decode_allocations"": {""0"": 1, ""1"": 1, ""2"": 1, ""3"": 1, ""4"": 1, ""5"": 1, ""6"": 1, ""7"": 1, ""8"": 1, ""9"": 1, ""10"": 1, ""11"": 1, ""12"": 1, ""13"": 1, ""14"": 1, ""15"": 1, ""16"": 1, ""17"": 1, ""18"": 1, ""19"": 1, ""20"": 1, ""21"": 1, ""22"": 1, ""23"": 1, ""24"": 1, ""25"": 1, ""26"": 1, ""27"": 1, ""28"": 1, ""29"": 1, ""30"": 1, ""31"": 1, ""32"": 1, ""33"": 1, ""34"": 1, ""35"": 1, ""36"": 1, ""37"": 1, ""38"": 1, ""39"": 1, ""40"": 1, ""41"": 1, ""42"": 1, ""43"": 1, ""44"": 1}, ""heuristic"": ""LST"", ""strategy"": ""Fixed""}",train_root,,12.59239978744051,51,47.00044387869583,98.00044387869583
3004,242,281,3654397,controller,8000,-29.84865379333496,"[0.14204953610897064, 0.15487775206565857, 0.19873003661632538, 0.18458601832389832, 0.06796759366989136, 0.05998269096016884, 0.07064537703990936, 0.06619102507829666, 0.00600210577249527, 0.005683478899300098, 0.004804612603038549, 0.007626009173691273, 0.0015217337058857083, 0.0020685198251158, 0.0027012594509869814, 0.0017698531737551093, 0.00161335791926831, 0.0023841497022658587, 0.0020658427383750677, 0.0018242745427414775, 0.005196970887482166, 0.0040883212350308895, 0.0032202876172959805, 0.0023991588968783617]","[0.12626224200390565, 0.13766473828773132, 0.1766433081305283, 0.1640712469364945, 0.06041371901269446, 0.0533162532558249, 0.0627938952607878, 0.05883459711203308, 0.01, 0.01, 0.01, 0.01, 0.01, 0.01, 0.01, 0.01, 0.01, 0.01, 0.01, 0.01, 0.01, 0.01, 0.01, 0.01]","[true, true, true, true, true, true, true, true, true, true, true, true, true, true, true, true, true, true, true, true, true, true, true, true]",-39.99854923444286,"[0.1320625, 0.1320625, 0.1705625, 0.1705625, 0.056875, 0.056875, 0.060875, 0.060875, 0.01, 0.01, 0.01, 0.01, 0.0099375, 0.0099375, 0.0099375, 0.0099375, 0.0099375, 0.0099375, 0.0099375, 0.0099375, 0.0099375, 0.0099375, 0.0099375, 0.0099375]",2,0.1705625,0.19873003661632538,"ControllerAction(token_budget=557, selected_request_ids=[0, 1, 2, 3, 4, 5, 6, 7, 8, 9, 10, 11, 12, 13, 14, 15, 16, 17, 18, 19, 20, 21, 22, 23, 24, 25, 26, 27, 28, 29, 30, 31, 32, 33, 34, 35, 36, 37, 38, 39, 40, 41, 42, 43, 44, 49], token_allocations={0: 1, 1: 1, 2: 1, 3: 1, 4: 1, 5: 1, 6: 1, 7: 1, 8: 1, 9: 1, 10: 1, 11: 1, 12: 1, 13: 1, 14: 1, 15: 1, 16: 1, 17: 1, 18: 1, 19: 1, 20: 1, 21: 1, 22: 1, 23: 1, 24: 1, 25: 1, 26: 1, 27: 1, 28: 1, 29: 1, 30: 1, 31: 1, 32: 1, 33: 1, 34: 1, 35: 1, 36: 1, 37: 1, 38: 1, 39: 1, 40: 1, 41: 1, 42: 1, 43: 1, 44: 1, 49: 512}, prefill_allocations={49: 512}, decode_allocations={0: 1, 1: 1, 2: 1, 3: 1, 4: 1, 5: 1, 6: 1, 7: 1, 8: 1, 9: 1, 10: 1, 11: 1, 12: 1, 13: 1, 14: 1, 15: 1, 16: 1, 17: 1, 18: 1, 19: 1, 20: 1, 21: 1, 22: 1, 23: 1, 24: 1, 25: 1, 26: 1, 27: 1, 28: 1, 29: 1, 30: 1, 31: 1, 32: 1, 33: 1, 34: 1, 35: 1, 36: 1, 37: 1, 38: 1, 39: 1, 40: 1, 41: 1, 42: 1, 43: 1, 44: 1}, heuristic='LST', strategy='Fixed', mapping=None)","{""type"": ""controller"", ""token_budget"": 557, ""selected_request_ids"": [0, 1, 2, 3, 4, 5, 6, 7, 8, 9, 10, 11, 12, 13, 14, 15, 16, 17, 18, 19, 20, 21, 22, 23, 24, 25, 26, 27, 28, 29, 30, 31, 32, 33, 34, 35, 36, 37, 38, 39, 40, 41, 42, 43, 44, 49], ""token_allocations"": {""0"": 1, ""1"": 1, ""2"": 1, ""3"": 1, ""4"": 1, ""5"": 1, ""6"": 1, ""7"": 1, ""8"": 1, ""9"": 1, ""10"": 1, ""11"": 1, ""12"": 1, ""13"": 1, ""14"": 1, ""15"": 1, ""16"": 1, ""17"": 1, ""18"": 1, ""19"": 1, ""20"": 1, ""21"": 1, ""22"": 1, ""23"": 1, ""24"": 1, ""25"": 1, ""26"": 1, ""27"": 1, ""28"": 1, ""29"": 1, ""30"": 1, ""31"": 1, ""32"": 1, ""33"": 1, ""34"": 1, ""35"": 1, ""36"": 1, ""37"": 1, ""38"": 1, ""39"": 1, ""40"": 1, ""41"": 1, ""42"": 1, ""43"": 1, ""44"": 1, ""49"": 512}, ""prefill_allocations"": {""49"": 512}, ""decode_allocations"": {""0"": 1, ""1"": 1, ""2"": 1, ""3"": 1, ""4"": 1, ""5"": 1, ""6"": 1, ""7"": 1, ""8"": 1, ""9"": 1, ""10"": 1, ""11"": 1, ""12"": 1, ""13"": 1, ""14"": 1, ""15"": 1, ""16"": 1, ""17"": 1, ""18"": 1, ""19"": 1, ""20"": 1, ""21"": 1, ""22"": 1, ""23"": 1, ""24"": 1, ""25"": 1, ""26"": 1, ""27"": 1, ""28"": 1, ""29"": 1, ""30"": 1, ""31"": 1, ""32"": 1, ""33"": 1, ""34"": 1, ""35"": 1, ""36"": 1, ""37"": 1, ""38"": 1, ""39"": 1, ""40"": 1, ""41"": 1, ""42"": 1, ""43"": 1, ""44"": 1}, ""heuristic"": ""LST"", ""strategy"": ""Fixed""}",train_root,,12.622082912568983,51,47.17854262946666,98.17854262946666
3004,243,283,3725473,controller,8000,-29.836149215698242,"[0.14391131699085236, 0.15638066828250885, 0.20278309285640717, 0.1865738332271576, 0.0664934366941452, 0.05742007866501808, 0.06913293153047562, 0.064882293343544, 0.005798500496894121, 0.005357629619538784, 0.004475170746445656, 0.007355568464845419, 0.0014189168578013778, 0.0019861527252942324, 0.002588326344266534, 0.0016184091800823808, 0.0015092844842001796, 0.0022665406577289104, 0.0019799116998910904, 0.0017182998126372695, 0.0051218983717262745, 0.003910765051841736, 0.0030774883925914764, 0.002239437308162451]","[0.12757319262380312, 0.1386269095064405, 0.17976130791343797, 0.16539227117463212, 0.058944495714260255, 0.05090122798662114, 0.06128433103941482, 0.05751626404139, 0.01, 0.01, 0.01, 0.01, 0.01, 0.01, 0.01, 0.01, 0.01, 0.01, 0.01, 0.01, 0.01, 0.01, 0.01, 0.01]","[true, true, true, true, true, true, true, true, true, true, true, true, true, true, true, true, true, true, true, true, true, true, true, true]",-39.99858540850017,"[0.13325, 0.13325, 0.17275, 0.17275, 0.0549375, 0.0549375, 0.0594375, 0.0594375, 0.01, 0.01, 0.01, 0.01, 0.0099375, 0.0099375, 0.0099375, 0.0099375, 0.0099375, 0.0099375, 0.0099375, 0.0099375, 0.0099375, 0.0099375, 0.0099375, 0.0099375]",2,0.17275,0.20278309285640717,"ControllerAction(token_budget=557, selected_request_ids=[0, 1, 2, 3, 4, 5, 6, 7, 8, 9, 10, 11, 12, 13, 14, 15, 16, 17, 18, 19, 20, 21, 22, 23, 24, 25, 26, 27, 28, 29, 30, 31, 32, 33, 34, 35, 36, 37, 38, 39, 40, 41, 42, 43, 44, 50], token_allocations={0: 1, 1: 1, 2: 1, 3: 1, 4: 1, 5: 1, 6: 1, 7: 1, 8: 1, 9: 1, 10: 1, 11: 1, 12: 1, 13: 1, 14: 1, 15: 1, 16: 1, 17: 1, 18: 1, 19: 1, 20: 1, 21: 1, 22: 1, 23: 1, 24: 1, 25: 1, 26: 1, 27: 1, 28: 1, 29: 1, 30: 1, 31: 1, 32: 1, 33: 1, 34: 1, 35: 1, 36: 1, 37: 1, 38: 1, 39: 1, 40: 1, 41: 1, 42: 1, 43: 1, 44: 1, 50: 512}, prefill_allocations={50: 512}, decode_allocations={0: 1, 1: 1, 2: 1, 3: 1, 4: 1, 5: 1, 6: 1, 7: 1, 8: 1, 9: 1, 10: 1, 11: 1, 12: 1, 13: 1, 14: 1, 15: 1, 16: 1, 17: 1, 18: 1, 19: 1, 20: 1, 21: 1, 22: 1, 23: 1, 24: 1, 25: 1, 26: 1, 27: 1, 28: 1, 29: 1, 30: 1, 31: 1, 32: 1, 33: 1, 34: 1, 35: 1, 36: 1, 37: 1, 38: 1, 39: 1, 40: 1, 41: 1, 42: 1, 43: 1, 44: 1}, heuristic='LST', strategy='Fixed', mapping=None)","{""type"": ""controller"", ""token_budget"": 557, ""selected_request_ids"": [0, 1, 2, 3, 4, 5, 6, 7, 8, 9, 10, 11, 12, 13, 14, 15, 16, 17, 18, 19, 20, 21, 22, 23, 24, 25, 26, 27, 28, 29, 30, 31, 32, 33, 34, 35, 36, 37, 38, 39, 40, 41, 42, 43, 44, 50], ""token_allocations"": {""0"": 1, ""1"": 1, ""2"": 1, ""3"": 1, ""4"": 1, ""5"": 1, ""6"": 1, ""7"": 1, ""8"": 1, ""9"": 1, ""10"": 1, ""11"": 1, ""12"": 1, ""13"": 1, ""14"": 1, ""15"": 1, ""16"": 1, ""17"": 1, ""18"": 1, ""19"": 1, ""20"": 1, ""21"": 1, ""22"": 1, ""23"": 1, ""24"": 1, ""25"": 1, ""26"": 1, ""27"": 1, ""28"": 1, ""29"": 1, ""30"": 1, ""31"": 1, ""32"": 1, ""33"": 1, ""34"": 1, ""35"": 1, ""36"": 1, ""37"": 1, ""38"": 1, ""39"": 1, ""40"": 1, ""41"": 1, ""42"": 1, ""43"": 1, ""44"": 1, ""50"": 512}, ""prefill_allocations"": {""50"": 512}, ""decode_allocations"": {""0"": 1, ""1"": 1, ""2"": 1, ""3"": 1, ""4"": 1, ""5"": 1, ""6"": 1, ""7"": 1, ""8"": 1, ""9"": 1, ""10"": 1, ""11"": 1, ""12"": 1, ""13"": 1, ""14"": 1, ""15"": 1, ""16"": 1, ""17"": 1, ""18"": 1, ""19"": 1, ""20"": 1, ""21"": 1, ""22"": 1, ""23"": 1, ""24"": 1, ""25"": 1, ""26"": 1, ""27"": 1, ""28"": 1, ""29"": 1, ""30"": 1, ""31"": 1, ""32"": 1, ""33"": 1, ""34"": 1, ""35"": 1, ""36"": 1, ""37"": 1, ""38"": 1, ""39"": 1, ""40"": 1, ""41"": 1, ""42"": 1, ""43"": 1, ""44"": 1}, ""heuristic"": ""LST"", ""strategy"": ""Fixed""}",train_root,,12.651766037697456,51,47.35664138023749,98.35664138023749
3004,244,285,3792074,controller,8000,-30.061973571777344,"[0.14348909258842468, 0.15872147679328918, 0.20656520128250122, 0.18742237985134125, 0.06450936198234558, 0.05460618808865547, 0.0691952109336853, 0.06386317312717438, 0.005622790195047855, 0.005389790516346693, 0.004289763048291206, 0.007345786318182945, 0.0013746763579547405, 0.0019769936334341764, 0.00253287679515779, 0.0015471660299226642, 0.00145238870754838, 0.00229490059427917, 0.0019218734232708812, 0.0016455899458378553, 0.005161731969565153, 0.003792545525357127, 0.0031219040974974632, 0.0021571903489530087]","[0.12709235090896553, 0.14058410476720265, 0.18296064581214425, 0.16600530701370994, 0.0571377679102776, 0.04836624647331716, 0.06128815696415694, 0.05656542015022559, 0.01, 0.01, 0.01, 0.01, 0.01, 0.01, 0.01, 0.01, 0.01, 0.01, 0.01, 0.01, 0.01, 0.01, 0.01, 0.01]","[true, true, true, true, true, true, true, true, true, true, true, true, true, true, true, true, true, true, true, true, true, true, true, true]",-39.99861762451952,"[0.15428125, 0.15428125, 0.15428125, 0.15428125, 0.05584375, 0.05584375, 0.05584375, 0.05584375, 0.00996875, 0.00996875, 0.00996875, 0.00996875, 0.00996875, 0.00996875, 0.00996875, 0.00996875, 0.00996875, 0.00996875, 0.00996875, 0.00996875, 0.00996875, 0.00996875, 0.00996875, 0.00996875]",0,0.15428125,0.14348909258842468,"ControllerAction(token_budget=557, selected_request_ids=[0, 1, 2, 3, 4, 5, 6, 7, 8, 9, 10, 11, 12, 13, 14, 15, 16, 17, 18, 19, 20, 21, 22, 23, 24, 25, 26, 27, 28, 29, 30, 31, 32, 33, 34, 35, 36, 37, 38, 39, 40, 41, 42, 43, 44, 45], token_allocations={0: 1, 1: 1, 2: 1, 3: 1, 4: 1, 5: 1, 6: 1, 7: 1, 8: 1, 9: 1, 10: 1, 11: 1, 12: 1, 13: 1, 14: 1, 15: 1, 16: 1, 17: 1, 18: 1, 19: 1, 20: 1, 21: 1, 22: 1, 23: 1, 24: 1, 25: 1, 26: 1, 27: 1, 28: 1, 29: 1, 30: 1, 31: 1, 32: 1, 33: 1, 34: 1, 35: 1, 36: 1, 37: 1, 38: 1, 39: 1, 40: 1, 41: 1, 42: 1, 43: 1, 44: 1, 45: 512}, prefill_allocations={45: 512}, decode_allocations={0: 1, 1: 1, 2: 1, 3: 1, 4: 1, 5: 1, 6: 1, 7: 1, 8: 1, 9: 1, 10: 1, 11: 1, 12: 1, 13: 1, 14: 1, 15: 1, 16: 1, 17: 1, 18: 1, 19: 1, 20: 1, 21: 1, 22: 1, 23: 1, 24: 1, 25: 1, 26: 1, 27: 1, 28: 1, 29: 1, 30: 1, 31: 1, 32: 1, 33: 1, 34: 1, 35: 1, 36: 1, 37: 1, 38: 1, 39: 1, 40: 1, 41: 1, 42: 1, 43: 1, 44: 1}, heuristic='SJF', strategy='Fixed', mapping=None)","{""type"": ""controller"", ""token_budget"": 557, ""selected_request_ids"": [0, 1, 2, 3, 4, 5, 6, 7, 8, 9, 10, 11, 12, 13, 14, 15, 16, 17, 18, 19, 20, 21, 22, 23, 24, 25, 26, 27, 28, 29, 30, 31, 32, 33, 34, 35, 36, 37, 38, 39, 40, 41, 42, 43, 44, 45], ""token_allocations"": {""0"": 1, ""1"": 1, ""2"": 1, ""3"": 1, ""4"": 1, ""5"": 1, ""6"": 1, ""7"": 1, ""8"": 1, ""9"": 1, ""10"": 1, ""11"": 1, ""12"": 1, ""13"": 1, ""14"": 1, ""15"": 1, ""16"": 1, ""17"": 1, ""18"": 1, ""19"": 1, ""20"": 1, ""21"": 1, ""22"": 1, ""23"": 1, ""24"": 1, ""25"": 1, ""26"": 1, ""27"": 1, ""28"": 1, ""29"": 1, ""30"": 1, ""31"": 1, ""32"": 1, ""33"": 1, ""34"": 1, ""35"": 1, ""36"": 1, ""37"": 1, ""38"": 1, ""39"": 1, ""40"": 1, ""41"": 1, ""42"": 1, ""43"": 1, ""44"": 1, ""45"": 512}, ""prefill_allocations"": {""45"": 512}, ""decode_allocations"": {""0"": 1, ""1"": 1, ""2"": 1, ""3"": 1, ""4"": 1, ""5"": 1, ""6"": 1, ""7"": 1, ""8"": 1, ""9"": 1, ""10"": 1, ""11"": 1, ""12"": 1, ""13"": 1, ""14"": 1, ""15"": 1, ""16"": 1, ""17"": 1, ""18"": 1, ""19"": 1, ""20"": 1, ""21"": 1, ""22"": 1, ""23"": 1, ""24"": 1, ""25"": 1, ""26"": 1, ""27"": 1, ""28"": 1, ""29"": 1, ""30"": 1, ""31"": 1, ""32"": 1, ""33"": 1, ""34"": 1, ""35"": 1, ""36"": 1, ""37"": 1, ""38"": 1, ""39"": 1, ""40"": 1, ""41"": 1, ""42"": 1, ""43"": 1, ""44"": 1}, ""heuristic"": ""SJF"", ""strategy"": ""Fixed""}",train_root,,12.68144916282593,51,47.53474013100832,98.53474013100832
3004,245,287,3864940,controller,8000,-29.653488159179688,"[0.1438489407300949, 0.15960761904716492, 0.20840537548065186, 0.19273199141025543, 0.06404410302639008, 0.053464021533727646, 0.06721001118421555, 0.06166814640164375, 0.005365991964936256, 0.0049746036529541016, 0.003999399021267891, 0.0069535053335130215, 0.001294899731874466, 0.0019021054031327367, 0.00243255402892828, 0.0014575127279385924, 0.0013856706209480762, 0.0021579512394964695, 0.001846449333243072, 0.0015496539417654276, 0.005052077583968639, 0.0035876252222806215, 0.0029857559129595757, 0.0020741159096360207]","[0.12706164554565919, 0.14098127254067885, 0.1840842888013884, 0.17024000214104842, 0.05657010108470254, 0.047224724207807586, 0.05936654503582281, 0.05447142064289225, 0.01, 0.01, 0.01, 0.01, 0.01, 0.01, 0.01, 0.01, 0.01, 0.01, 0.01, 0.01, 0.01, 0.01, 0.01, 0.01]","[true, true, true, true, true, true, true, true, true, true, true, true, true, true, true, true, true, true, true, true, true, true, true, true]",-39.998655136332914,"[0.134125, 0.134125, 0.177375, 0.177375, 0.0519375, 0.0519375, 0.0569375, 0.0569375, 0.01, 0.01, 0.01, 0.01, 0.0099375, 0.0099375, 0.0099375, 0.0099375, 0.0099375, 0.0099375, 0.0099375, 0.0099375, 0.0099375, 0.0099375, 0.0099375, 0.0099375]",2,0.177375,0.20840537548065186,"ControllerAction(token_budget=557, selected_request_ids=[0, 1, 2, 3, 4, 5, 6, 7, 8, 9, 10, 11, 12, 13, 14, 15, 16, 17, 18, 19, 20, 21, 22, 23, 24, 25, 26, 27, 28, 29, 30, 31, 32, 33, 34, 35, 36, 37, 38, 39, 40, 41, 42, 43, 44, 46], token_allocations={0: 1, 1: 1, 2: 1, 3: 1, 4: 1, 5: 1, 6: 1, 7: 1, 8: 1, 9: 1, 10: 1, 11: 1, 12: 1, 13: 1, 14: 1, 15: 1, 16: 1, 17: 1, 18: 1, 19: 1, 20: 1, 21: 1, 22: 1, 23: 1, 24: 1, 25: 1, 26: 1, 27: 1, 28: 1, 29: 1, 30: 1, 31: 1, 32: 1, 33: 1, 34: 1, 35: 1, 36: 1, 37: 1, 38: 1, 39: 1, 40: 1, 41: 1, 42: 1, 43: 1, 44: 1, 46: 512}, prefill_allocations={46: 512}, decode_allocations={0: 1, 1: 1, 2: 1, 3: 1, 4: 1, 5: 1, 6: 1, 7: 1, 8: 1, 9: 1, 10: 1, 11: 1, 12: 1, 13: 1, 14: 1, 15: 1, 16: 1, 17: 1, 18: 1, 19: 1, 20: 1, 21: 1, 22: 1, 23: 1, 24: 1, 25: 1, 26: 1, 27: 1, 28: 1, 29: 1, 30: 1, 31: 1, 32: 1, 33: 1, 34: 1, 35: 1, 36: 1, 37: 1, 38: 1, 39: 1, 40: 1, 41: 1, 42: 1, 43: 1, 44: 1}, heuristic='LST', strategy='Fixed', mapping=None)","{""type"": ""controller"", ""token_budget"": 557, ""selected_request_ids"": [0, 1, 2, 3, 4, 5, 6, 7, 8, 9, 10, 11, 12, 13, 14, 15, 16, 17, 18, 19, 20, 21, 22, 23, 24, 25, 26, 27, 28, 29, 30, 31, 32, 33, 34, 35, 36, 37, 38, 39, 40, 41, 42, 43, 44, 46], ""token_allocations"": {""0"": 1, ""1"": 1, ""2"": 1, ""3"": 1, ""4"": 1, ""5"": 1, ""6"": 1, ""7"": 1, ""8"": 1, ""9"": 1, ""10"": 1, ""11"": 1, ""12"": 1, ""13"": 1, ""14"": 1, ""15"": 1, ""16"": 1, ""17"": 1, ""18"": 1, ""19"": 1, ""20"": 1, ""21"": 1, ""22"": 1, ""23"": 1, ""24"": 1, ""25"": 1, ""26"": 1, ""27"": 1, ""28"": 1, ""29"": 1, ""30"": 1, ""31"": 1, ""32"": 1, ""33"": 1, ""34"": 1, ""35"": 1, ""36"": 1, ""37"": 1, ""38"": 1, ""39"": 1, ""40"": 1, ""41"": 1, ""42"": 1, ""43"": 1, ""44"": 1, ""46"": 512}, ""prefill_allocations"": {""46"": 512}, ""decode_allocations"": {""0"": 1, ""1"": 1, ""2"": 1, ""3"": 1, ""4"": 1, ""5"": 1, ""6"": 1, ""7"": 1, ""8"": 1, ""9"": 1, ""10"": 1, ""11"": 1, ""12"": 1, ""13"": 1, ""14"": 1, ""15"": 1, ""16"": 1, ""17"": 1, ""18"": 1, ""19"": 1, ""20"": 1, ""21"": 1, ""22"": 1, ""23"": 1, ""24"": 1, ""25"": 1, ""26"": 1, ""27"": 1, ""28"": 1, ""29"": 1, ""30"": 1, ""31"": 1, ""32"": 1, ""33"": 1, ""34"": 1, ""35"": 1, ""36"": 1, ""37"": 1, ""38"": 1, ""39"": 1, ""40"": 1, ""41"": 1, ""42"": 1, ""43"": 1, ""44"": 1}, ""heuristic"": ""LST"", ""strategy"": ""Fixed""}",train_root,,12.711611151314402,51,47.71571206193916,98.71571206193916
3004,246,289,3938427,controller,8000,-29.631977081298828,"[0.1455884426832199, 0.1609858274459839, 0.21247076988220215, 0.194602832198143, 0.06256376206874847, 0.05108322203159332, 0.06566616892814636, 0.06035580113530159, 0.005174173507839441, 0.004678446799516678, 0.003715704893693328, 0.006694079376757145, 0.001204488449729979, 0.0018226420506834984, 0.0023263320326805115, 0.0013291833456605673, 0.0012931976234540343, 0.0020469417795538902, 0.0017660558223724365, 0.0014563945587724447, 0.004971244838088751, 0.003425118513405323, 0.002847586525604129, 0.0019314629025757313]","[0.12828294693920753, 0.14185010828883485, 0.18721524865979353, 0.17147119879160017, 0.05512706655737518, 0.045011170808532425, 0.05786070315100187, 0.05318155680365449, 0.01, 0.01, 0.01, 0.01, 0.01, 0.01, 0.01, 0.01, 0.01, 0.01, 0.01, 0.01, 0.01, 0.01, 0.01, 0.01]","[true, true, true, true, true, true, true, true, true, true, true, true, true, true, true, true, true, true, true, true, true, true, true, true]",-39.99868913262527,"[0.1351875, 0.1351875, 0.1795625, 0.1795625, 0.0500625, 0.0500625, 0.0555625, 0.0555625, 0.01, 0.01, 0.01, 0.01, 0.0099375, 0.0099375, 0.0099375, 0.0099375, 0.0099375, 0.0099375, 0.0099375, 0.0099375, 0.0099375, 0.0099375, 0.0099375, 0.0099375]",2,0.1795625,0.21247076988220215,"ControllerAction(token_budget=557, selected_request_ids=[0, 1, 2, 3, 4, 5, 6, 7, 8, 9, 10, 11, 12, 13, 14, 15, 16, 17, 18, 19, 20, 21, 22, 23, 24, 25, 26, 27, 28, 29, 30, 31, 32, 33, 34, 35, 36, 37, 38, 39, 40, 41, 42, 43, 44, 47], token_allocations={0: 1, 1: 1, 2: 1, 3: 1, 4: 1, 5: 1, 6: 1, 7: 1, 8: 1, 9: 1, 10: 1, 11: 1, 12: 1, 13: 1, 14: 1, 15: 1, 16: 1, 17: 1, 18: 1, 19: 1, 20: 1, 21: 1, 22: 1, 23: 1, 24: 1, 25: 1, 26: 1, 27: 1, 28: 1, 29: 1, 30: 1, 31: 1, 32: 1, 33: 1, 34: 1, 35: 1, 36: 1, 37: 1, 38: 1, 39: 1, 40: 1, 41: 1, 42: 1, 43: 1, 44: 1, 47: 512}, prefill_allocations={47: 512}, decode_allocations={0: 1, 1: 1, 2: 1, 3: 1, 4: 1, 5: 1, 6: 1, 7: 1, 8: 1, 9: 1, 10: 1, 11: 1, 12: 1, 13: 1, 14: 1, 15: 1, 16: 1, 17: 1, 18: 1, 19: 1, 20: 1, 21: 1, 22: 1, 23: 1, 24: 1, 25: 1, 26: 1, 27: 1, 28: 1, 29: 1, 30: 1, 31: 1, 32: 1, 33: 1, 34: 1, 35: 1, 36: 1, 37: 1, 38: 1, 39: 1, 40: 1, 41: 1, 42: 1, 43: 1, 44: 1}, heuristic='LST', strategy='Fixed', mapping=None)","{""type"": ""controller"", ""token_budget"": 557, ""selected_request_ids"": [0, 1, 2, 3, 4, 5, 6, 7, 8, 9, 10, 11, 12, 13, 14, 15, 16, 17, 18, 19, 20, 21, 22, 23, 24, 25, 26, 27, 28, 29, 30, 31, 32, 33, 34, 35, 36, 37, 38, 39, 40, 41, 42, 43, 44, 47], ""token_allocations"": {""0"": 1, ""1"": 1, ""2"": 1, ""3"": 1, ""4"": 1, ""5"": 1, ""6"": 1, ""7"": 1, ""8"": 1, ""9"": 1, ""10"": 1, ""11"": 1, ""12"": 1, ""13"": 1, ""14"": 1, ""15"": 1, ""16"": 1, ""17"": 1, ""18"": 1, ""19"": 1, ""20"": 1, ""21"": 1, ""22"": 1, ""23"": 1, ""24"": 1, ""25"": 1, ""26"": 1, ""27"": 1, ""28"": 1, ""29"": 1, ""30"": 1, ""31"": 1, ""32"": 1, ""33"": 1, ""34"": 1, ""35"": 1, ""36"": 1, ""37"": 1, ""38"": 1, ""39"": 1, ""40"": 1, ""41"": 1, ""42"": 1, ""43"": 1, ""44"": 1, ""47"": 512}, ""prefill_allocations"": {""47"": 512}, ""decode_allocations"": {""0"": 1, ""1"": 1, ""2"": 1, ""3"": 1, ""4"": 1, ""5"": 1, ""6"": 1, ""7"": 1, ""8"": 1, ""9"": 1, ""10"": 1, ""11"": 1, ""12"": 1, ""13"": 1, ""14"": 1, ""15"": 1, ""16"": 1, ""17"": 1, ""18"": 1, ""19"": 1, ""20"": 1, ""21"": 1, ""22"": 1, ""23"": 1, ""24"": 1, ""25"": 1, ""26"": 1, ""27"": 1, ""28"": 1, ""29"": 1, ""30"": 1, ""31"": 1, ""32"": 1, ""33"": 1, ""34"": 1, ""35"": 1, ""36"": 1, ""37"": 1, ""38"": 1, ""39"": 1, ""40"": 1, ""41"": 1, ""42"": 1, ""43"": 1, ""44"": 1}, ""heuristic"": ""LST"", ""strategy"": ""Fixed""}",train_root,,12.741773139802875,51,47.896683992869995,98.89668399287
3004,247,291,4016450,controller,8000,-29.606618881225586,"[0.14728134870529175, 0.16230137646198273, 0.2165159285068512, 0.19640161097049713, 0.061089564114809036, 0.048786044120788574, 0.0641283318400383, 0.05904427543282509, 0.004986921325325966, 0.004397898446768522, 0.003450549440458417, 0.00644137617200613, 0.0011198759311810136, 0.0017456974601373076, 0.0022237254306674004, 0.0012115953722968698, 0.0012063424801453948, 0.0019407528452575207, 0.0016883871285244823, 0.0013681205455213785, 0.004889462608844042, 0.0032684728503227234, 0.0027145657222718, 0.0017977964598685503]","[0.12947153962572894, 0.14267528969982163, 0.1903340162464786, 0.1726519968811916, 0.05370238655836554, 0.042886654013511855, 0.05637369517557316, 0.05190442179932864, 0.01, 0.01, 0.01, 0.01, 0.01, 0.01, 0.01, 0.01, 0.01, 0.01, 0.01, 0.01, 0.01, 0.01, 0.01, 0.01]","[true, true, true, true, true, true, true, true, true, true, true, true, true, true, true, true, true, true, true, true, true, true, true, true]",-39.99871706390247,"[0.1361875, 0.1361875, 0.1816875, 0.1816875, 0.0483125, 0.0483125, 0.0541875, 0.0541875, 0.01, 0.01, 0.01, 0.01, 0.0099375, 0.0099375, 0.0099375, 0.0099375, 0.0099375, 0.0099375, 0.0099375, 0.0099375, 0.0099375, 0.0099375, 0.0099375, 0.0099375]",2,0.1816875,0.2165159285068512,"ControllerAction(token_budget=557, selected_request_ids=[0, 1, 2, 3, 4, 5, 6, 7, 8, 9, 10, 11, 12, 13, 14, 15, 16, 17, 18, 19, 20, 21, 22, 23, 24, 25, 26, 27, 28, 29, 30, 31, 32, 33, 34, 35, 36, 37, 38, 39, 40, 41, 42, 43, 44, 48], token_allocations={0: 1, 1: 1, 2: 1, 3: 1, 4: 1, 5: 1, 6: 1, 7: 1, 8: 1, 9: 1, 10: 1, 11: 1, 12: 1, 13: 1, 14: 1, 15: 1, 16: 1, 17: 1, 18: 1, 19: 1, 20: 1, 21: 1, 22: 1, 23: 1, 24: 1, 25: 1, 26: 1, 27: 1, 28: 1, 29: 1, 30: 1, 31: 1, 32: 1, 33: 1, 34: 1, 35: 1, 36: 1, 37: 1, 38: 1, 39: 1, 40: 1, 41: 1, 42: 1, 43: 1, 44: 1, 48: 512}, prefill_allocations={48: 512}, decode_allocations={0: 1, 1: 1, 2: 1, 3: 1, 4: 1, 5: 1, 6: 1, 7: 1, 8: 1, 9: 1, 10: 1, 11: 1, 12: 1, 13: 1, 14: 1, 15: 1, 16: 1, 17: 1, 18: 1, 19: 1, 20: 1, 21: 1, 22: 1, 23: 1, 24: 1, 25: 1, 26: 1, 27: 1, 28: 1, 29: 1, 30: 1, 31: 1, 32: 1, 33: 1, 34: 1, 35: 1, 36: 1, 37: 1, 38: 1, 39: 1, 40: 1, 41: 1, 42: 1, 43: 1, 44: 1}, heuristic='LST', strategy='Fixed', mapping=None)","{""type"": ""controller"", ""token_budget"": 557, ""selected_request_ids"": [0, 1, 2, 3, 4, 5, 6, 7, 8, 9, 10, 11, 12, 13, 14, 15, 16, 17, 18, 19, 20, 21, 22, 23, 24, 25, 26, 27, 28, 29, 30, 31, 32, 33, 34, 35, 36, 37, 38, 39, 40, 41, 42, 43, 44, 48], ""token_allocations"": {""0"": 1, ""1"": 1, ""2"": 1, ""3"": 1, ""4"": 1, ""5"": 1, ""6"": 1, ""7"": 1, ""8"": 1, ""9"": 1, ""10"": 1, ""11"": 1, ""12"": 1, ""13"": 1, ""14"": 1, ""15"": 1, ""16"": 1, ""17"": 1, ""18"": 1, ""19"": 1, ""20"": 1, ""21"": 1, ""22"": 1, ""23"": 1, ""24"": 1, ""25"": 1, ""26"": 1, ""27"": 1, ""28"": 1, ""29"": 1, ""30"": 1, ""31"": 1, ""32"": 1, ""33"": 1, ""34"": 1, ""35"": 1, ""36"": 1, ""37"": 1, ""38"": 1, ""39"": 1, ""40"": 1, ""41"": 1, ""42"": 1, ""43"": 1, ""44"": 1, ""48"": 512}, ""prefill_allocations"": {""48"": 512}, ""decode_allocations"": {""0"": 1, ""1"": 1, ""2"": 1, ""3"": 1, ""4"": 1, ""5"": 1, ""6"": 1, ""7"": 1, ""8"": 1, ""9"": 1, ""10"": 1, ""11"": 1, ""12"": 1, ""13"": 1, ""14"": 1, ""15"": 1, ""16"": 1, ""17"": 1, ""18"": 1, ""19"": 1, ""20"": 1, ""21"": 1, ""22"": 1, ""23"": 1, ""24"": 1, ""25"": 1, ""26"": 1, ""27"": 1, ""28"": 1, ""29"": 1, ""30"": 1, ""31"": 1, ""32"": 1, ""33"": 1, ""34"": 1, ""35"": 1, ""36"": 1, ""37"": 1, ""38"": 1, ""39"": 1, ""40"": 1, ""41"": 1, ""42"": 1, ""43"": 1, ""44"": 1}, ""heuristic"": ""LST"", ""strategy"": ""Fixed""}",train_root,,12.771935128291348,51,48.07765592380083,99.07765592380083
3004,248,293,4101714,controller,8000,-29.577430725097656,"[0.14892734587192535, 0.16355450451374054, 0.2205396145582199, 0.19812844693660736, 0.05962345749139786, 0.04657132551074028, 0.06259851902723312, 0.05773542821407318, 0.0048042964190244675, 0.004132326692342758, 0.0032028828281909227, 0.006195440422743559, 0.0010407405206933618, 0.0016712533542886376, 0.0021246944088488817, 0.0011039174860343337, 0.0011248162481933832, 0.001839248463511467, 0.0016134129837155342, 0.0012846215395256877, 0.00480687478557229, 0.0031175962649285793, 0.0025865999050438404, 0.0016726310132071376]","[0.13062729503393022, 0.14345708231192056, 0.19343991614770734, 0.17378261152159222, 0.052296983653826366, 0.04084868525653007, 0.05490647245328339, 0.05064095362120977, 0.01, 0.01, 0.01, 0.01, 0.01, 0.01, 0.01, 0.01, 0.01, 0.01, 0.01, 0.01, 0.01, 0.01, 0.01, 0.01]","[true, true, true, true, true, true, true, true, true, true, true, true, true, true, true, true, true, true, true, true, true, true, true, true]",-39.99874515142116,"[0.1371875, 0.1371875, 0.1838125, 0.1838125, 0.0465625, 0.0465625, 0.0528125, 0.0528125, 0.01, 0.01, 0.01, 0.01, 0.0099375, 0.0099375, 0.0099375, 0.0099375, 0.0099375, 0.0099375, 0.0099375, 0.0099375, 0.0099375, 0.0099375, 0.0099375, 0.0099375]",2,0.1838125,0.2205396145582199,"ControllerAction(token_budget=557, selected_request_ids=[0, 1, 2, 3, 4, 5, 6, 7, 8, 9, 10, 11, 12, 13, 14, 15, 16, 17, 18, 19, 20, 21, 22, 23, 24, 25, 26, 27, 28, 29, 30, 31, 32, 33, 34, 35, 36, 37, 38, 39, 40, 41, 42, 43, 44, 49], token_allocations={0: 1, 1: 1, 2: 1, 3: 1, 4: 1, 5: 1, 6: 1, 7: 1, 8: 1, 9: 1, 10: 1, 11: 1, 12: 1, 13: 1, 14: 1, 15: 1, 16: 1, 17: 1, 18: 1, 19: 1, 20: 1, 21: 1, 22: 1, 23: 1, 24: 1, 25: 1, 26: 1, 27: 1, 28: 1, 29: 1, 30: 1, 31: 1, 32: 1, 33: 1, 34: 1, 35: 1, 36: 1, 37: 1, 38: 1, 39: 1, 40: 1, 41: 1, 42: 1, 43: 1, 44: 1, 49: 512}, prefill_allocations={49: 512}, decode_allocations={0: 1, 1: 1, 2: 1, 3: 1, 4: 1, 5: 1, 6: 1, 7: 1, 8: 1, 9: 1, 10: 1, 11: 1, 12: 1, 13: 1, 14: 1, 15: 1, 16: 1, 17: 1, 18: 1, 19: 1, 20: 1, 21: 1, 22: 1, 23: 1, 24: 1, 25: 1, 26: 1, 27: 1, 28: 1, 29: 1, 30: 1, 31: 1, 32: 1, 33: 1, 34: 1, 35: 1, 36: 1, 37: 1, 38: 1, 39: 1, 40: 1, 41: 1, 42: 1, 43: 1, 44: 1}, heuristic='LST', strategy='Fixed', mapping=None)","{""type"": ""controller"", ""token_budget"": 557, ""selected_request_ids"": [0, 1, 2, 3, 4, 5, 6, 7, 8, 9, 10, 11, 12, 13, 14, 15, 16, 17, 18, 19, 20, 21, 22, 23, 24, 25, 26, 27, 28, 29, 30, 31, 32, 33, 34, 35, 36, 37, 38, 39, 40, 41, 42, 43, 44, 49], ""token_allocations"": {""0"": 1, ""1"": 1, ""2"": 1, ""3"": 1, ""4"": 1, ""5"": 1, ""6"": 1, ""7"": 1, ""8"": 1, ""9"": 1, ""10"": 1, ""11"": 1, ""12"": 1, ""13"": 1, ""14"": 1, ""15"": 1, ""16"": 1, ""17"": 1, ""18"": 1, ""19"": 1, ""20"": 1, ""21"": 1, ""22"": 1, ""23"": 1, ""24"": 1, ""25"": 1, ""26"": 1, ""27"": 1, ""28"": 1, ""29"": 1, ""30"": 1, ""31"": 1, ""32"": 1, ""33"": 1, ""34"": 1, ""35"": 1, ""36"": 1, ""37"": 1, ""38"": 1, ""39"": 1, ""40"": 1, ""41"": 1, ""42"": 1, ""43"": 1, ""44"": 1, ""49"": 512}, ""prefill_allocations"": {""49"": 512}, ""decode_allocations"": {""0"": 1, ""1"": 1, ""2"": 1, ""3"": 1, ""4"": 1, ""5"": 1, ""6"": 1, ""7"": 1, ""8"": 1, ""9"": 1, ""10"": 1, ""11"": 1, ""12"": 1, ""13"": 1, ""14"": 1, ""15"": 1, ""16"": 1, ""17"": 1, ""18"": 1, ""19"": 1, ""20"": 1, ""21"": 1, ""22"": 1, ""23"": 1, ""24"": 1, ""25"": 1, ""26"": 1, ""27"": 1, ""28"": 1, ""29"": 1, ""30"": 1, ""31"": 1, ""32"": 1, ""33"": 1, ""34"": 1, ""35"": 1, ""36"": 1, ""37"": 1, ""38"": 1, ""39"": 1, ""40"": 1, ""41"": 1, ""42"": 1, ""43"": 1, ""44"": 1}, ""heuristic"": ""LST"", ""strategy"": ""Fixed""}",train_root,,12.802097116779821,51,48.25862785473167,99.25862785473167
3004,249,295,4191619,controller,8000,-29.54440689086914,"[0.15052640438079834, 0.16474582254886627, 0.22454051673412323, 0.19978366792201996, 0.05816729739308357, 0.04443787410855293, 0.06107867881655693, 0.05643109604716301, 0.0046263509429991245, 0.0038811073172837496, 0.0029717041179537773, 0.005956307984888554, 0.0009667784324847162, 0.0015992902917787433, 0.0020291937980800867, 0.0010053723817691207, 0.001048346166498959, 0.0017422976670786738, 0.001541099976748228, 0.001205695210956037, 0.004723630379885435, 0.0029723956249654293, 0.0024636010639369488, 0.0015555053250864148]","[0.13175021701296225, 0.14419594995362095, 0.19653204319611825, 0.17486328536609477, 0.05091169277656555, 0.038894834308175315, 0.05345991769383496, 0.04939205969262794, 0.01, 0.01, 0.01, 0.01, 0.01, 0.01, 0.01, 0.01, 0.01, 0.01, 0.01, 0.01, 0.01, 0.01, 0.01, 0.01]","[true, true, true, true, true, true, true, true, true, true, true, true, true, true, true, true, true, true, true, true, true, true, true, true]",-39.998774276312155,"[0.138125, 0.138125, 0.185875, 0.185875, 0.0449375, 0.0449375, 0.0514375, 0.0514375, 0.01, 0.01, 0.01, 0.01, 0.0099375, 0.0099375, 0.0099375, 0.0099375, 0.0099375, 0.0099375, 0.0099375, 0.0099375, 0.0099375, 0.0099375, 0.0099375, 0.0099375]",2,0.185875,0.22454051673412323,"ControllerAction(token_budget=557, selected_request_ids=[0, 1, 2, 3, 4, 5, 6, 7, 8, 9, 10, 11, 12, 13, 14, 15, 16, 17, 18, 19, 20, 21, 22, 23, 24, 25, 26, 27, 28, 29, 30, 31, 32, 33, 34, 35, 36, 37, 38, 39, 40, 41, 42, 43, 44, 50], token_allocations={0: 1, 1: 1, 2: 1, 3: 1, 4: 1, 5: 1, 6: 1, 7: 1, 8: 1, 9: 1, 10: 1, 11: 1, 12: 1, 13: 1, 14: 1, 15: 1, 16: 1, 17: 1, 18: 1, 19: 1, 20: 1, 21: 1, 22: 1, 23: 1, 24: 1, 25: 1, 26: 1, 27: 1, 28: 1, 29: 1, 30: 1, 31: 1, 32: 1, 33: 1, 34: 1, 35: 1, 36: 1, 37: 1, 38: 1, 39: 1, 40: 1, 41: 1, 42: 1, 43: 1, 44: 1, 50: 512}, prefill_allocations={50: 512}, decode_allocations={0: 1, 1: 1, 2: 1, 3: 1, 4: 1, 5: 1, 6: 1, 7: 1, 8: 1, 9: 1, 10: 1, 11: 1, 12: 1, 13: 1, 14: 1, 15: 1, 16: 1, 17: 1, 18: 1, 19: 1, 20: 1, 21: 1, 22: 1, 23: 1, 24: 1, 25: 1, 26: 1, 27: 1, 28: 1, 29: 1, 30: 1, 31: 1, 32: 1, 33: 1, 34: 1, 35: 1, 36: 1, 37: 1, 38: 1, 39: 1, 40: 1, 41: 1, 42: 1, 43: 1, 44: 1}, heuristic='LST', strategy='Fixed', mapping=None)","{""type"": ""controller"", ""token_budget"": 557, ""selected_request_ids"": [0, 1, 2, 3, 4, 5, 6, 7, 8, 9, 10, 11, 12, 13, 14, 15, 16, 17, 18, 19, 20, 21, 22, 23, 24, 25, 26, 27, 28, 29, 30, 31, 32, 33, 34, 35, 36, 37, 38, 39, 40, 41, 42, 43, 44, 50], ""token_allocations"": {""0"": 1, ""1"": 1, ""2"": 1, ""3"": 1, ""4"": 1, ""5"": 1, ""6"": 1, ""7"": 1, ""8"": 1, ""9"": 1, ""10"": 1, ""11"": 1, ""12"": 1, ""13"": 1, ""14"": 1, ""15"": 1, ""16"": 1, ""17"": 1, ""18"": 1, ""19"": 1, ""20"": 1, ""21"": 1, ""22"": 1, ""23"": 1, ""24"": 1, ""25"": 1, ""26"": 1, ""27"": 1, ""28"": 1, ""29"": 1, ""30"": 1, ""31"": 1, ""32"": 1, ""33"": 1, ""34"": 1, ""35"": 1, ""36"": 1, ""37"": 1, ""38"": 1, ""39"": 1, ""40"": 1, ""41"": 1, ""42"": 1, ""43"": 1, ""44"": 1, ""50"": 512}, ""prefill_allocations"": {""50"": 512}, ""decode_allocations"": {""0"": 1, ""1"": 1, ""2"": 1, ""3"": 1, ""4"": 1, ""5"": 1, ""6"": 1, ""7"": 1, ""8"": 1, ""9"": 1, ""10"": 1, ""11"": 1, ""12"": 1, ""13"": 1, ""14"": 1, ""15"": 1, ""16"": 1, ""17"": 1, ""18"": 1, ""19"": 1, ""20"": 1, ""21"": 1, ""22"": 1, ""23"": 1, ""24"": 1, ""25"": 1, ""26"": 1, ""27"": 1, ""28"": 1, ""29"": 1, ""30"": 1, ""31"": 1, ""32"": 1, ""33"": 1, ""34"": 1, ""35"": 1, ""36"": 1, ""37"": 1, ""38"": 1, ""39"": 1, ""40"": 1, ""41"": 1, ""42"": 1, ""43"": 1, ""44"": 1}, ""heuristic"": ""LST"", ""strategy"": ""Fixed""}",train_root,,12.832259105268294,51,48.43959978566251,99.43959978566251
