game_id,root_id,root_depth,root_node_id,root_player,num_simulations,model_root_value_controller,model_root_prior_json,normalized_root_prior_json,valid_action_mask_json,mcts_root_value_controller,mcts_root_prior_json,best_action_index,best_action_mcts_prob,best_action_model_prob,best_action_repr,best_action_json,phase,cycle_label,sim_time,slo_violations,total_lateness,total_cost
7003,150,0,0,adversary,0,0.0,[],[],[],0.0,[],0,0.0,0.0,"AdversaryAction(requests=[AdversaryRequestSpec(prefill_tokens=3072, decode_tokens=5000, prefill_slo=0.3874467952163693, decode_slo=0.05)], stop_decode_ids=[])","{""type"": ""adversary"", ""requests"": [{""prefill_tokens"": 3072, ""decode_tokens"": 5000, ""prefill_slo"": 0.3874467952163693, ""decode_slo"": 0.05}], ""stop_decode_ids"": [], ""history_phase"": ""multiple-child""}",train_root,,0.0,0,0.0,0.0
7003,150,1,1,controller,0,0.0,[],[],[],0.0,[],21,0.0,0.0,"ControllerAction(token_budget=3072, selected_request_ids=[0], token_allocations={0: 3072}, prefill_allocations={0: 3072}, decode_allocations={}, heuristic='EDF', strategy='Fixed', mapping=None)","{""type"": ""controller"", ""token_budget"": 3072, ""selected_request_ids"": [0], ""token_allocations"": {""0"": 3072}, ""prefill_allocations"": {""0"": 3072}, ""decode_allocations"": {}, ""heuristic"": ""EDF"", ""strategy"": ""Fixed"", ""history_phase"": ""multiple-child""}",train_root,,0.0,0,0.0,0.0
7003,150,2,2,adversary,0,0.0,[],[],[],0.0,[],0,0.0,0.0,"AdversaryAction(requests=[], stop_decode_ids=[])","{""type"": ""adversary"", ""requests"": [], ""stop_decode_ids"": [], ""history_phase"": ""forced_step:single-child""}",train_root,,0.0,0,0.0,0.0
7003,150,3,3,controller,0,0.0,[],[],[],0.0,[],0,0.0,0.0,"ControllerAction(token_budget=1, selected_request_ids=[0], token_allocations={0: 1}, prefill_allocations={}, decode_allocations={0: 1}, heuristic='SJF', strategy='Fixed', mapping=None)","{""type"": ""controller"", ""token_budget"": 1, ""selected_request_ids"": [0], ""token_allocations"": {""0"": 1}, ""prefill_allocations"": {}, ""decode_allocations"": {""0"": 1}, ""heuristic"": ""SJF"", ""strategy"": ""Fixed"", ""history_phase"": ""forced_step:single-child""}",train_root,,0.0,0,0.0,0.0
7003,150,4,4,adversary,0,0.0,[],[],[],0.0,[],4,0.0,0.0,"AdversaryAction(requests=[AdversaryRequestSpec(prefill_tokens=3072, decode_tokens=5000, prefill_slo=0.3874467952163693, decode_slo=0.05), AdversaryRequestSpec(prefill_tokens=3072, decode_tokens=5000, prefill_slo=0.3874467952163693, decode_slo=0.05), AdversaryRequestSpec(prefill_tokens=3072, decode_tokens=5000, prefill_slo=0.3874467952163693, decode_slo=0.05), AdversaryRequestSpec(prefill_tokens=3072, decode_tokens=5000, prefill_slo=0.3874467952163693, decode_slo=0.05), AdversaryRequestSpec(prefill_tokens=3072, decode_tokens=5000, prefill_slo=0.3874467952163693, decode_slo=0.05)], stop_decode_ids=[])","{""type"": ""adversary"", ""requests"": [{""prefill_tokens"": 3072, ""decode_tokens"": 5000, ""prefill_slo"": 0.3874467952163693, ""decode_slo"": 0.05}, {""prefill_tokens"": 3072, ""decode_tokens"": 5000, ""prefill_slo"": 0.3874467952163693, ""decode_slo"": 0.05}, {""prefill_tokens"": 3072, ""decode_tokens"": 5000, ""prefill_slo"": 0.3874467952163693, ""decode_slo"": 0.05}, {""prefill_tokens"": 3072, ""decode_tokens"": 5000, ""prefill_slo"": 0.3874467952163693, ""decode_slo"": 0.05}, {""prefill_tokens"": 3072, ""decode_tokens"": 5000, ""prefill_slo"": 0.3874467952163693, ""decode_slo"": 0.05}], ""stop_decode_ids"": [], ""history_phase"": ""multiple-child""}",train_root,,0.0,0,0.0,0.0
7003,150,5,5,controller,0,0.0,[],[],[],0.0,[],19,0.0,0.0,"ControllerAction(token_budget=2561, selected_request_ids=[0, 1], token_allocations={0: 1, 1: 2560}, prefill_allocations={1: 2560}, decode_allocations={0: 1}, heuristic='LJF', strategy='Fixed', mapping=None)","{""type"": ""controller"", ""token_budget"": 2561, ""selected_request_ids"": [0, 1], ""token_allocations"": {""0"": 1, ""1"": 2560}, ""prefill_allocations"": {""1"": 2560}, ""decode_allocations"": {""0"": 1}, ""heuristic"": ""LJF"", ""strategy"": ""Fixed"", ""history_phase"": ""multiple-child""}",train_root,,0.0,0,0.0,0.0
7003,150,6,6,adversary,0,0.0,[],[],[],0.0,[],0,0.0,0.0,"AdversaryAction(requests=[], stop_decode_ids=[])","{""type"": ""adversary"", ""requests"": [], ""stop_decode_ids"": [], ""history_phase"": ""forced_step:single-child""}",train_root,,0.0,0,0.0,0.0
7003,150,7,7,controller,0,0.0,[],[],[],0.0,[],1,0.0,0.0,"ControllerAction(token_budget=513, selected_request_ids=[0, 1], token_allocations={0: 1, 1: 512}, prefill_allocations={1: 512}, decode_allocations={0: 1}, heuristic='EDF', strategy='Fixed', mapping=None)","{""type"": ""controller"", ""token_budget"": 513, ""selected_request_ids"": [0, 1], ""token_allocations"": {""0"": 1, ""1"": 512}, ""prefill_allocations"": {""1"": 512}, ""decode_allocations"": {""0"": 1}, ""heuristic"": ""EDF"", ""strategy"": ""Fixed"", ""history_phase"": ""multiple-child""}",train_root,,0.0,0,0.0,0.0
7003,150,8,8,adversary,0,0.0,[],[],[],0.0,[],0,0.0,0.0,"AdversaryAction(requests=[], stop_decode_ids=[])","{""type"": ""adversary"", ""requests"": [], ""stop_decode_ids"": [], ""history_phase"": ""forced_step:single-child""}",train_root,,0.0,0,0.0,0.0
7003,150,9,9,controller,0,0.0,[],[],[],0.0,[],11,0.0,0.0,"ControllerAction(token_budget=1538, selected_request_ids=[0, 1, 2], token_allocations={0: 1, 1: 1, 2: 1536}, prefill_allocations={2: 1536}, decode_allocations={0: 1, 1: 1}, heuristic='LJF', strategy='Fixed', mapping=None)","{""type"": ""controller"", ""token_budget"": 1538, ""selected_request_ids"": [0, 1, 2], ""token_allocations"": {""0"": 1, ""1"": 1, ""2"": 1536}, ""prefill_allocations"": {""2"": 1536}, ""decode_allocations"": {""0"": 1, ""1"": 1}, ""heuristic"": ""LJF"", ""strategy"": ""Fixed"", ""history_phase"": ""multiple-child""}",train_root,,0.0,0,0.0,0.0
7003,150,10,10,adversary,0,0.0,[],[],[],0.0,[],0,0.0,0.0,"AdversaryAction(requests=[], stop_decode_ids=[])","{""type"": ""adversary"", ""requests"": [], ""stop_decode_ids"": [], ""history_phase"": ""forced_step:single-child""}",train_root,,0.0,0,0.0,0.0
7003,150,11,11,controller,0,0.0,[],[],[],0.0,[],22,0.0,0.0,"ControllerAction(token_budget=3074, selected_request_ids=[0, 1, 3], token_allocations={0: 1, 1: 1, 3: 3072}, prefill_allocations={3: 3072}, decode_allocations={0: 1, 1: 1}, heuristic='LST', strategy='Fixed', mapping=None)","{""type"": ""controller"", ""token_budget"": 3074, ""selected_request_ids"": [0, 1, 3], ""token_allocations"": {""0"": 1, ""1"": 1, ""3"": 3072}, ""prefill_allocations"": {""3"": 3072}, ""decode_allocations"": {""0"": 1, ""1"": 1}, ""heuristic"": ""LST"", ""strategy"": ""Fixed"", ""history_phase"": ""multiple-child""}",train_root,,0.0,0,0.0,0.0
7003,150,12,12,adversary,0,0.0,[],[],[],0.0,[],0,0.0,0.0,"AdversaryAction(requests=[], stop_decode_ids=[])","{""type"": ""adversary"", ""requests"": [], ""stop_decode_ids"": [], ""history_phase"": ""forced_step:single-child""}",train_root,,0.0,0,0.0,0.0
7003,150,13,13,controller,0,0.0,[],[],[],0.0,[],8,0.0,0.0,"ControllerAction(token_budget=1539, selected_request_ids=[0, 1, 2, 3], token_allocations={0: 1, 1: 1, 2: 1536, 3: 1}, prefill_allocations={2: 1536}, decode_allocations={0: 1, 1: 1, 3: 1}, heuristic='SJF', strategy='Fixed', mapping=None)","{""type"": ""controller"", ""token_budget"": 1539, ""selected_request_ids"": [0, 1, 2, 3], ""token_allocations"": {""0"": 1, ""1"": 1, ""2"": 1536, ""3"": 1}, ""prefill_allocations"": {""2"": 1536}, ""decode_allocations"": {""0"": 1, ""1"": 1, ""3"": 1}, ""heuristic"": ""SJF"", ""strategy"": ""Fixed"", ""history_phase"": ""multiple-child""}",train_root,,0.0,0,0.0,0.0
7003,150,14,14,adversary,0,0.0,[],[],[],0.0,[],0,0.0,0.0,"AdversaryAction(requests=[], stop_decode_ids=[])","{""type"": ""adversary"", ""requests"": [], ""stop_decode_ids"": [], ""history_phase"": ""forced_step:single-child""}",train_root,,0.0,0,0.0,0.0
7003,150,15,15,controller,0,0.0,[],[],[],0.0,[],22,0.0,0.0,"ControllerAction(token_budget=3076, selected_request_ids=[0, 1, 2, 3, 4], token_allocations={0: 1, 1: 1, 2: 1, 3: 1, 4: 3072}, prefill_allocations={4: 3072}, decode_allocations={0: 1, 1: 1, 2: 1, 3: 1}, heuristic='LST', strategy='Fixed', mapping=None)","{""type"": ""controller"", ""token_budget"": 3076, ""selected_request_ids"": [0, 1, 2, 3, 4], ""token_allocations"": {""0"": 1, ""1"": 1, ""2"": 1, ""3"": 1, ""4"": 3072}, ""prefill_allocations"": {""4"": 3072}, ""decode_allocations"": {""0"": 1, ""1"": 1, ""2"": 1, ""3"": 1}, ""heuristic"": ""LST"", ""strategy"": ""Fixed"", ""history_phase"": ""multiple-child""}",train_root,,0.0,0,0.0,0.0
7003,150,16,16,adversary,0,0.0,[],[],[],0.0,[],0,0.0,0.0,"AdversaryAction(requests=[], stop_decode_ids=[])","{""type"": ""adversary"", ""requests"": [], ""stop_decode_ids"": [], ""history_phase"": ""forced_step:single-child""}",train_root,,0.0,0,0.0,0.0
7003,150,17,17,controller,0,0.0,[],[],[],0.0,[],22,0.0,0.0,"ControllerAction(token_budget=3077, selected_request_ids=[0, 1, 2, 3, 4, 5], token_allocations={0: 1, 1: 1, 2: 1, 3: 1, 4: 1, 5: 3072}, prefill_allocations={5: 3072}, decode_allocations={0: 1, 1: 1, 2: 1, 3: 1, 4: 1}, heuristic='LST', strategy='Fixed', mapping=None)","{""type"": ""controller"", ""token_budget"": 3077, ""selected_request_ids"": [0, 1, 2, 3, 4, 5], ""token_allocations"": {""0"": 1, ""1"": 1, ""2"": 1, ""3"": 1, ""4"": 1, ""5"": 3072}, ""prefill_allocations"": {""5"": 3072}, ""decode_allocations"": {""0"": 1, ""1"": 1, ""2"": 1, ""3"": 1, ""4"": 1}, ""heuristic"": ""LST"", ""strategy"": ""Fixed"", ""history_phase"": ""multiple-child""}",train_root,,0.0,0,0.0,0.0
7003,150,18,18,adversary,0,0.0,[],[],[],0.0,[],0,0.0,0.0,"AdversaryAction(requests=[], stop_decode_ids=[])","{""type"": ""adversary"", ""requests"": [], ""stop_decode_ids"": [], ""history_phase"": ""forced_step:single-child""}",train_root,,0.0,0,0.0,0.0
7003,150,19,19,controller,0,0.0,[],[],[],0.0,[],0,0.0,0.0,"ControllerAction(token_budget=6, selected_request_ids=[0, 1, 2, 3, 4, 5], token_allocations={0: 1, 1: 1, 2: 1, 3: 1, 4: 1, 5: 1}, prefill_allocations={}, decode_allocations={0: 1, 1: 1, 2: 1, 3: 1, 4: 1, 5: 1}, heuristic='SJF', strategy='Fixed', mapping=None)","{""type"": ""controller"", ""token_budget"": 6, ""selected_request_ids"": [0, 1, 2, 3, 4, 5], ""token_allocations"": {""0"": 1, ""1"": 1, ""2"": 1, ""3"": 1, ""4"": 1, ""5"": 1}, ""prefill_allocations"": {}, ""decode_allocations"": {""0"": 1, ""1"": 1, ""2"": 1, ""3"": 1, ""4"": 1, ""5"": 1}, ""heuristic"": ""SJF"", ""strategy"": ""Fixed"", ""history_phase"": ""forced_step:single-child""}",train_root,,0.0,0,0.0,0.0
7003,150,20,20,adversary,0,0.0,[],[],[],0.0,[],1,0.0,0.0,"AdversaryAction(requests=[AdversaryRequestSpec(prefill_tokens=3072, decode_tokens=5000, prefill_slo=0.3874467952163693, decode_slo=0.05), AdversaryRequestSpec(prefill_tokens=3072, decode_tokens=5000, prefill_slo=0.3874467952163693, decode_slo=0.05)], stop_decode_ids=[])","{""type"": ""adversary"", ""requests"": [{""prefill_tokens"": 3072, ""decode_tokens"": 5000, ""prefill_slo"": 0.3874467952163693, ""decode_slo"": 0.05}, {""prefill_tokens"": 3072, ""decode_tokens"": 5000, ""prefill_slo"": 0.3874467952163693, ""decode_slo"": 0.05}], ""stop_decode_ids"": [], ""history_phase"": ""multiple-child""}",train_root,,0.0,0,0.0,0.0
7003,150,21,21,controller,0,0.0,[],[],[],0.0,[],1,0.0,0.0,"ControllerAction(token_budget=518, selected_request_ids=[0, 1, 2, 3, 4, 5, 6], token_allocations={0: 1, 1: 1, 2: 1, 3: 1, 4: 1, 5: 1, 6: 512}, prefill_allocations={6: 512}, decode_allocations={0: 1, 1: 1, 2: 1, 3: 1, 4: 1, 5: 1}, heuristic='EDF', strategy='Fixed', mapping=None)","{""type"": ""controller"", ""token_budget"": 518, ""selected_request_ids"": [0, 1, 2, 3, 4, 5, 6], ""token_allocations"": {""0"": 1, ""1"": 1, ""2"": 1, ""3"": 1, ""4"": 1, ""5"": 1, ""6"": 512}, ""prefill_allocations"": {""6"": 512}, ""decode_allocations"": {""0"": 1, ""1"": 1, ""2"": 1, ""3"": 1, ""4"": 1, ""5"": 1}, ""heuristic"": ""EDF"", ""strategy"": ""Fixed"", ""history_phase"": ""multiple-child""}",train_root,,0.0,0,0.0,0.0
7003,150,22,22,adversary,0,0.0,[],[],[],0.0,[],0,0.0,0.0,"AdversaryAction(requests=[], stop_decode_ids=[])","{""type"": ""adversary"", ""requests"": [], ""stop_decode_ids"": [], ""history_phase"": ""forced_step:single-child""}",train_root,,0.0,0,0.0,0.0
7003,150,23,23,controller,0,0.0,[],[],[],0.0,[],18,0.0,0.0,"ControllerAction(token_budget=2566, selected_request_ids=[0, 1, 2, 3, 4, 5, 7], token_allocations={0: 1, 1: 1, 2: 1, 3: 1, 4: 1, 5: 1, 7: 2560}, prefill_allocations={7: 2560}, decode_allocations={0: 1, 1: 1, 2: 1, 3: 1, 4: 1, 5: 1}, heuristic='LST', strategy='Fixed', mapping=None)","{""type"": ""controller"", ""token_budget"": 2566, ""selected_request_ids"": [0, 1, 2, 3, 4, 5, 7], ""token_allocations"": {""0"": 1, ""1"": 1, ""2"": 1, ""3"": 1, ""4"": 1, ""5"": 1, ""7"": 2560}, ""prefill_allocations"": {""7"": 2560}, ""decode_allocations"": {""0"": 1, ""1"": 1, ""2"": 1, ""3"": 1, ""4"": 1, ""5"": 1}, ""heuristic"": ""LST"", ""strategy"": ""Fixed"", ""history_phase"": ""multiple-child""}",train_root,,0.0,0,0.0,0.0
7003,150,24,24,adversary,0,0.0,[],[],[],0.0,[],0,0.0,0.0,"AdversaryAction(requests=[], stop_decode_ids=[])","{""type"": ""adversary"", ""requests"": [], ""stop_decode_ids"": [], ""history_phase"": ""forced_step:single-child""}",train_root,,0.0,0,0.0,0.0
7003,150,25,25,controller,0,0.0,[],[],[],0.0,[],4,0.0,0.0,"ControllerAction(token_budget=1030, selected_request_ids=[0, 1, 2, 3, 4, 5, 6, 7], token_allocations={0: 1, 1: 1, 2: 1, 3: 1, 4: 1, 5: 1, 6: 512, 7: 512}, prefill_allocations={6: 512, 7: 512}, decode_allocations={0: 1, 1: 1, 2: 1, 3: 1, 4: 1, 5: 1}, heuristic='SJF', strategy='Fixed', mapping=None)","{""type"": ""controller"", ""token_budget"": 1030, ""selected_request_ids"": [0, 1, 2, 3, 4, 5, 6, 7], ""token_allocations"": {""0"": 1, ""1"": 1, ""2"": 1, ""3"": 1, ""4"": 1, ""5"": 1, ""6"": 512, ""7"": 512}, ""prefill_allocations"": {""6"": 512, ""7"": 512}, ""decode_allocations"": {""0"": 1, ""1"": 1, ""2"": 1, ""3"": 1, ""4"": 1, ""5"": 1}, ""heuristic"": ""SJF"", ""strategy"": ""Fixed"", ""history_phase"": ""multiple-child""}",train_root,,0.0,0,0.0,0.0
7003,150,26,26,adversary,0,0.0,[],[],[],0.0,[],0,0.0,0.0,"AdversaryAction(requests=[], stop_decode_ids=[])","{""type"": ""adversary"", ""requests"": [], ""stop_decode_ids"": [], ""history_phase"": ""forced_step:single-child""}",train_root,,0.0,0,0.0,0.0
7003,150,27,27,controller,0,0.0,[],[],[],0.0,[],12,0.0,0.0,"ControllerAction(token_budget=2055, selected_request_ids=[0, 1, 2, 3, 4, 5, 6, 7], token_allocations={0: 1, 1: 1, 2: 1, 3: 1, 4: 1, 5: 1, 6: 2048, 7: 1}, prefill_allocations={6: 2048}, decode_allocations={0: 1, 1: 1, 2: 1, 3: 1, 4: 1, 5: 1, 7: 1}, heuristic='SJF', strategy='Fixed', mapping=None)","{""type"": ""controller"", ""token_budget"": 2055, ""selected_request_ids"": [0, 1, 2, 3, 4, 5, 6, 7], ""token_allocations"": {""0"": 1, ""1"": 1, ""2"": 1, ""3"": 1, ""4"": 1, ""5"": 1, ""6"": 2048, ""7"": 1}, ""prefill_allocations"": {""6"": 2048}, ""decode_allocations"": {""0"": 1, ""1"": 1, ""2"": 1, ""3"": 1, ""4"": 1, ""5"": 1, ""7"": 1}, ""heuristic"": ""SJF"", ""strategy"": ""Fixed"", ""history_phase"": ""multiple-child""}",train_root,,0.0,0,0.0,0.0
7003,150,28,28,adversary,0,0.0,[],[],[],0.0,[],0,0.0,0.0,"AdversaryAction(requests=[], stop_decode_ids=[])","{""type"": ""adversary"", ""requests"": [], ""stop_decode_ids"": [], ""history_phase"": ""forced_step:single-child""}",train_root,,0.0,0,0.0,0.0
7003,150,29,29,controller,0,0.0,[],[],[],0.0,[],0,0.0,0.0,"ControllerAction(token_budget=8, selected_request_ids=[0, 1, 2, 3, 4, 5, 6, 7], token_allocations={0: 1, 1: 1, 2: 1, 3: 1, 4: 1, 5: 1, 6: 1, 7: 1}, prefill_allocations={}, decode_allocations={0: 1, 1: 1, 2: 1, 3: 1, 4: 1, 5: 1, 6: 1, 7: 1}, heuristic='SJF', strategy='Fixed', mapping=None)","{""type"": ""controller"", ""token_budget"": 8, ""selected_request_ids"": [0, 1, 2, 3, 4, 5, 6, 7], ""token_allocations"": {""0"": 1, ""1"": 1, ""2"": 1, ""3"": 1, ""4"": 1, ""5"": 1, ""6"": 1, ""7"": 1}, ""prefill_allocations"": {}, ""decode_allocations"": {""0"": 1, ""1"": 1, ""2"": 1, ""3"": 1, ""4"": 1, ""5"": 1, ""6"": 1, ""7"": 1}, ""heuristic"": ""SJF"", ""strategy"": ""Fixed"", ""history_phase"": ""forced_step:single-child""}",train_root,,0.0,0,0.0,0.0
7003,150,30,30,adversary,0,0.0,[],[],[],0.0,[],0,0.0,0.0,"AdversaryAction(requests=[AdversaryRequestSpec(prefill_tokens=3072, decode_tokens=5000, prefill_slo=0.3874467952163693, decode_slo=0.05)], stop_decode_ids=[])","{""type"": ""adversary"", ""requests"": [{""prefill_tokens"": 3072, ""decode_tokens"": 5000, ""prefill_slo"": 0.3874467952163693, ""decode_slo"": 0.05}], ""stop_decode_ids"": [], ""history_phase"": ""multiple-child""}",train_root,,0.0,0,0.0,0.0
7003,150,31,31,controller,0,0.0,[],[],[],0.0,[],6,0.0,0.0,"ControllerAction(token_budget=1032, selected_request_ids=[0, 1, 2, 3, 4, 5, 6, 7, 8], token_allocations={0: 1, 1: 1, 2: 1, 3: 1, 4: 1, 5: 1, 6: 1, 7: 1, 8: 1024}, prefill_allocations={8: 1024}, decode_allocations={0: 1, 1: 1, 2: 1, 3: 1, 4: 1, 5: 1, 6: 1, 7: 1}, heuristic='LST', strategy='Fixed', mapping=None)","{""type"": ""controller"", ""token_budget"": 1032, ""selected_request_ids"": [0, 1, 2, 3, 4, 5, 6, 7, 8], ""token_allocations"": {""0"": 1, ""1"": 1, ""2"": 1, ""3"": 1, ""4"": 1, ""5"": 1, ""6"": 1, ""7"": 1, ""8"": 1024}, ""prefill_allocations"": {""8"": 1024}, ""decode_allocations"": {""0"": 1, ""1"": 1, ""2"": 1, ""3"": 1, ""4"": 1, ""5"": 1, ""6"": 1, ""7"": 1}, ""heuristic"": ""LST"", ""strategy"": ""Fixed"", ""history_phase"": ""multiple-child""}",train_root,,0.0,0,0.0,0.0
7003,150,32,32,adversary,0,0.0,[],[],[],0.0,[],0,0.0,0.0,"AdversaryAction(requests=[], stop_decode_ids=[])","{""type"": ""adversary"", ""requests"": [], ""stop_decode_ids"": [], ""history_phase"": ""forced_step:single-child""}",train_root,,0.0,0,0.0,0.0
7003,150,33,33,controller,0,0.0,[],[],[],0.0,[],6,0.0,0.0,"ControllerAction(token_budget=1032, selected_request_ids=[0, 1, 2, 3, 4, 5, 6, 7, 8], token_allocations={0: 1, 1: 1, 2: 1, 3: 1, 4: 1, 5: 1, 6: 1, 7: 1, 8: 1024}, prefill_allocations={8: 1024}, decode_allocations={0: 1, 1: 1, 2: 1, 3: 1, 4: 1, 5: 1, 6: 1, 7: 1}, heuristic='LST', strategy='Fixed', mapping=None)","{""type"": ""controller"", ""token_budget"": 1032, ""selected_request_ids"": [0, 1, 2, 3, 4, 5, 6, 7, 8], ""token_allocations"": {""0"": 1, ""1"": 1, ""2"": 1, ""3"": 1, ""4"": 1, ""5"": 1, ""6"": 1, ""7"": 1, ""8"": 1024}, ""prefill_allocations"": {""8"": 1024}, ""decode_allocations"": {""0"": 1, ""1"": 1, ""2"": 1, ""3"": 1, ""4"": 1, ""5"": 1, ""6"": 1, ""7"": 1}, ""heuristic"": ""LST"", ""strategy"": ""Fixed"", ""history_phase"": ""multiple-child""}",train_root,,0.0,0,0.0,0.0
7003,150,34,34,adversary,0,0.0,[],[],[],0.0,[],0,0.0,0.0,"AdversaryAction(requests=[], stop_decode_ids=[])","{""type"": ""adversary"", ""requests"": [], ""stop_decode_ids"": [], ""history_phase"": ""forced_step:single-child""}",train_root,,0.0,0,0.0,0.0
7003,150,35,35,controller,0,0.0,[],[],[],0.0,[],2,0.0,0.0,"ControllerAction(token_budget=520, selected_request_ids=[0, 1, 2, 3, 4, 5, 6, 7, 8], token_allocations={0: 1, 1: 1, 2: 1, 3: 1, 4: 1, 5: 1, 6: 1, 7: 1, 8: 512}, prefill_allocations={8: 512}, decode_allocations={0: 1, 1: 1, 2: 1, 3: 1, 4: 1, 5: 1, 6: 1, 7: 1}, heuristic='LST', strategy='Fixed', mapping=None)","{""type"": ""controller"", ""token_budget"": 520, ""selected_request_ids"": [0, 1, 2, 3, 4, 5, 6, 7, 8], ""token_allocations"": {""0"": 1, ""1"": 1, ""2"": 1, ""3"": 1, ""4"": 1, ""5"": 1, ""6"": 1, ""7"": 1, ""8"": 512}, ""prefill_allocations"": {""8"": 512}, ""decode_allocations"": {""0"": 1, ""1"": 1, ""2"": 1, ""3"": 1, ""4"": 1, ""5"": 1, ""6"": 1, ""7"": 1}, ""heuristic"": ""LST"", ""strategy"": ""Fixed"", ""history_phase"": ""multiple-child""}",train_root,,0.0,0,0.0,0.0
7003,150,36,36,adversary,0,0.0,[],[],[],0.0,[],0,0.0,0.0,"AdversaryAction(requests=[], stop_decode_ids=[])","{""type"": ""adversary"", ""requests"": [], ""stop_decode_ids"": [], ""history_phase"": ""forced_step:single-child""}",train_root,,0.0,0,0.0,0.0
7003,150,37,37,controller,0,0.0,[],[],[],0.0,[],1,0.0,0.0,"ControllerAction(token_budget=520, selected_request_ids=[0, 1, 2, 3, 4, 5, 6, 7, 8], token_allocations={0: 1, 1: 1, 2: 1, 3: 1, 4: 1, 5: 1, 6: 1, 7: 1, 8: 512}, prefill_allocations={8: 512}, decode_allocations={0: 1, 1: 1, 2: 1, 3: 1, 4: 1, 5: 1, 6: 1, 7: 1}, heuristic='EDF', strategy='Fixed', mapping=None)","{""type"": ""controller"", ""token_budget"": 520, ""selected_request_ids"": [0, 1, 2, 3, 4, 5, 6, 7, 8], ""token_allocations"": {""0"": 1, ""1"": 1, ""2"": 1, ""3"": 1, ""4"": 1, ""5"": 1, ""6"": 1, ""7"": 1, ""8"": 512}, ""prefill_allocations"": {""8"": 512}, ""decode_allocations"": {""0"": 1, ""1"": 1, ""2"": 1, ""3"": 1, ""4"": 1, ""5"": 1, ""6"": 1, ""7"": 1}, ""heuristic"": ""EDF"", ""strategy"": ""Fixed"", ""history_phase"": ""multiple-child""}",train_root,,0.0,0,0.0,0.0
7003,150,38,38,adversary,0,0.0,[],[],[],0.0,[],0,0.0,0.0,"AdversaryAction(requests=[], stop_decode_ids=[])","{""type"": ""adversary"", ""requests"": [], ""stop_decode_ids"": [], ""history_phase"": ""forced_step:single-child""}",train_root,,0.0,0,0.0,0.0
7003,150,39,39,controller,0,0.0,[],[],[],0.0,[],0,0.0,0.0,"ControllerAction(token_budget=9, selected_request_ids=[0, 1, 2, 3, 4, 5, 6, 7, 8], token_allocations={0: 1, 1: 1, 2: 1, 3: 1, 4: 1, 5: 1, 6: 1, 7: 1, 8: 1}, prefill_allocations={}, decode_allocations={0: 1, 1: 1, 2: 1, 3: 1, 4: 1, 5: 1, 6: 1, 7: 1, 8: 1}, heuristic='SJF', strategy='Fixed', mapping=None)","{""type"": ""controller"", ""token_budget"": 9, ""selected_request_ids"": [0, 1, 2, 3, 4, 5, 6, 7, 8], ""token_allocations"": {""0"": 1, ""1"": 1, ""2"": 1, ""3"": 1, ""4"": 1, ""5"": 1, ""6"": 1, ""7"": 1, ""8"": 1}, ""prefill_allocations"": {}, ""decode_allocations"": {""0"": 1, ""1"": 1, ""2"": 1, ""3"": 1, ""4"": 1, ""5"": 1, ""6"": 1, ""7"": 1, ""8"": 1}, ""heuristic"": ""SJF"", ""strategy"": ""Fixed"", ""history_phase"": ""forced_step:single-child""}",train_root,,0.0,0,0.0,0.0
7003,150,40,40,adversary,0,0.0,[],[],[],0.0,[],5,0.0,0.0,"AdversaryAction(requests=[AdversaryRequestSpec(prefill_tokens=3072, decode_tokens=5000, prefill_slo=0.3874467952163693, decode_slo=0.05), AdversaryRequestSpec(prefill_tokens=3072, decode_tokens=5000, prefill_slo=0.3874467952163693, decode_slo=0.05), AdversaryRequestSpec(prefill_tokens=3072, decode_tokens=5000, prefill_slo=0.3874467952163693, decode_slo=0.05), AdversaryRequestSpec(prefill_tokens=3072, decode_tokens=5000, prefill_slo=0.3874467952163693, decode_slo=0.05), AdversaryRequestSpec(prefill_tokens=3072, decode_tokens=5000, prefill_slo=0.3874467952163693, decode_slo=0.05), AdversaryRequestSpec(prefill_tokens=3072, decode_tokens=5000, prefill_slo=0.3874467952163693, decode_slo=0.05)], stop_decode_ids=[])","{""type"": ""adversary"", ""requests"": [{""prefill_tokens"": 3072, ""decode_tokens"": 5000, ""prefill_slo"": 0.3874467952163693, ""decode_slo"": 0.05}, {""prefill_tokens"": 3072, ""decode_tokens"": 5000, ""prefill_slo"": 0.3874467952163693, ""decode_slo"": 0.05}, {""prefill_tokens"": 3072, ""decode_tokens"": 5000, ""prefill_slo"": 0.3874467952163693, ""decode_slo"": 0.05}, {""prefill_tokens"": 3072, ""decode_tokens"": 5000, ""prefill_slo"": 0.3874467952163693, ""decode_slo"": 0.05}, {""prefill_tokens"": 3072, ""decode_tokens"": 5000, ""prefill_slo"": 0.3874467952163693, ""decode_slo"": 0.05}, {""prefill_tokens"": 3072, ""decode_tokens"": 5000, ""prefill_slo"": 0.3874467952163693, ""decode_slo"": 0.05}], ""stop_decode_ids"": [], ""history_phase"": ""multiple-child""}",train_root,,0.0,0,0.0,0.0
7003,150,41,41,controller,0,0.0,[],[],[],0.0,[],3,0.0,0.0,"ControllerAction(token_budget=521, selected_request_ids=[0, 1, 2, 3, 4, 5, 6, 7, 8, 9], token_allocations={0: 1, 1: 1, 2: 1, 3: 1, 4: 1, 5: 1, 6: 1, 7: 1, 8: 1, 9: 512}, prefill_allocations={9: 512}, decode_allocations={0: 1, 1: 1, 2: 1, 3: 1, 4: 1, 5: 1, 6: 1, 7: 1, 8: 1}, heuristic='LJF', strategy='Fixed', mapping=None)","{""type"": ""controller"", ""token_budget"": 521, ""selected_request_ids"": [0, 1, 2, 3, 4, 5, 6, 7, 8, 9], ""token_allocations"": {""0"": 1, ""1"": 1, ""2"": 1, ""3"": 1, ""4"": 1, ""5"": 1, ""6"": 1, ""7"": 1, ""8"": 1, ""9"": 512}, ""prefill_allocations"": {""9"": 512}, ""decode_allocations"": {""0"": 1, ""1"": 1, ""2"": 1, ""3"": 1, ""4"": 1, ""5"": 1, ""6"": 1, ""7"": 1, ""8"": 1}, ""heuristic"": ""LJF"", ""strategy"": ""Fixed"", ""history_phase"": ""multiple-child""}",train_root,,0.0,0,0.0,0.0
7003,150,42,42,adversary,0,0.0,[],[],[],0.0,[],0,0.0,0.0,"AdversaryAction(requests=[], stop_decode_ids=[])","{""type"": ""adversary"", ""requests"": [], ""stop_decode_ids"": [], ""history_phase"": ""forced_step:single-child""}",train_root,,0.0,0,0.0,0.0
7003,150,43,43,controller,0,0.0,[],[],[],0.0,[],18,0.0,0.0,"ControllerAction(token_budget=2569, selected_request_ids=[0, 1, 2, 3, 4, 5, 6, 7, 8, 10], token_allocations={0: 1, 1: 1, 2: 1, 3: 1, 4: 1, 5: 1, 6: 1, 7: 1, 8: 1, 10: 2560}, prefill_allocations={10: 2560}, decode_allocations={0: 1, 1: 1, 2: 1, 3: 1, 4: 1, 5: 1, 6: 1, 7: 1, 8: 1}, heuristic='LST', strategy='Fixed', mapping=None)","{""type"": ""controller"", ""token_budget"": 2569, ""selected_request_ids"": [0, 1, 2, 3, 4, 5, 6, 7, 8, 10], ""token_allocations"": {""0"": 1, ""1"": 1, ""2"": 1, ""3"": 1, ""4"": 1, ""5"": 1, ""6"": 1, ""7"": 1, ""8"": 1, ""10"": 2560}, ""prefill_allocations"": {""10"": 2560}, ""decode_allocations"": {""0"": 1, ""1"": 1, ""2"": 1, ""3"": 1, ""4"": 1, ""5"": 1, ""6"": 1, ""7"": 1, ""8"": 1}, ""heuristic"": ""LST"", ""strategy"": ""Fixed"", ""history_phase"": ""multiple-child""}",train_root,,0.0,0,0.0,0.0
7003,150,44,44,adversary,0,0.0,[],[],[],0.0,[],0,0.0,0.0,"AdversaryAction(requests=[], stop_decode_ids=[])","{""type"": ""adversary"", ""requests"": [], ""stop_decode_ids"": [], ""history_phase"": ""forced_step:single-child""}",train_root,,0.0,0,0.0,0.0
7003,150,45,45,controller,0,0.0,[],[],[],0.0,[],14,0.0,0.0,"ControllerAction(token_budget=2057, selected_request_ids=[0, 1, 2, 3, 4, 5, 6, 7, 8, 11], token_allocations={0: 1, 1: 1, 2: 1, 3: 1, 4: 1, 5: 1, 6: 1, 7: 1, 8: 1, 11: 2048}, prefill_allocations={11: 2048}, decode_allocations={0: 1, 1: 1, 2: 1, 3: 1, 4: 1, 5: 1, 6: 1, 7: 1, 8: 1}, heuristic='LST', strategy='Fixed', mapping=None)","{""type"": ""controller"", ""token_budget"": 2057, ""selected_request_ids"": [0, 1, 2, 3, 4, 5, 6, 7, 8, 11], ""token_allocations"": {""0"": 1, ""1"": 1, ""2"": 1, ""3"": 1, ""4"": 1, ""5"": 1, ""6"": 1, ""7"": 1, ""8"": 1, ""11"": 2048}, ""prefill_allocations"": {""11"": 2048}, ""decode_allocations"": {""0"": 1, ""1"": 1, ""2"": 1, ""3"": 1, ""4"": 1, ""5"": 1, ""6"": 1, ""7"": 1, ""8"": 1}, ""heuristic"": ""LST"", ""strategy"": ""Fixed"", ""history_phase"": ""multiple-child""}",train_root,,0.0,0,0.0,0.0
7003,150,46,46,adversary,0,0.0,[],[],[],0.0,[],0,0.0,0.0,"AdversaryAction(requests=[], stop_decode_ids=[])","{""type"": ""adversary"", ""requests"": [], ""stop_decode_ids"": [], ""history_phase"": ""forced_step:single-child""}",train_root,,0.0,0,0.0,0.0
7003,150,47,47,controller,0,0.0,[],[],[],0.0,[],17,0.0,0.0,"ControllerAction(token_budget=2569, selected_request_ids=[0, 1, 2, 3, 4, 5, 6, 7, 8, 9], token_allocations={0: 1, 1: 1, 2: 1, 3: 1, 4: 1, 5: 1, 6: 1, 7: 1, 8: 1, 9: 2560}, prefill_allocations={9: 2560}, decode_allocations={0: 1, 1: 1, 2: 1, 3: 1, 4: 1, 5: 1, 6: 1, 7: 1, 8: 1}, heuristic='EDF', strategy='Fixed', mapping=None)","{""type"": ""controller"", ""token_budget"": 2569, ""selected_request_ids"": [0, 1, 2, 3, 4, 5, 6, 7, 8, 9], ""token_allocations"": {""0"": 1, ""1"": 1, ""2"": 1, ""3"": 1, ""4"": 1, ""5"": 1, ""6"": 1, ""7"": 1, ""8"": 1, ""9"": 2560}, ""prefill_allocations"": {""9"": 2560}, ""decode_allocations"": {""0"": 1, ""1"": 1, ""2"": 1, ""3"": 1, ""4"": 1, ""5"": 1, ""6"": 1, ""7"": 1, ""8"": 1}, ""heuristic"": ""EDF"", ""strategy"": ""Fixed"", ""history_phase"": ""multiple-child""}",train_root,,0.0,0,0.0,0.0
7003,150,48,48,adversary,0,0.0,[],[],[],0.0,[],0,0.0,0.0,"AdversaryAction(requests=[], stop_decode_ids=[])","{""type"": ""adversary"", ""requests"": [], ""stop_decode_ids"": [], ""history_phase"": ""forced_step:single-child""}",train_root,,0.0,0,0.0,0.0
7003,150,49,49,controller,0,0.0,[],[],[],0.0,[],4,0.0,0.0,"ControllerAction(token_budget=1034, selected_request_ids=[0, 1, 2, 3, 4, 5, 6, 7, 8, 9, 10, 11], token_allocations={0: 1, 1: 1, 2: 1, 3: 1, 4: 1, 5: 1, 6: 1, 7: 1, 8: 1, 9: 1, 10: 512, 11: 512}, prefill_allocations={10: 512, 11: 512}, decode_allocations={0: 1, 1: 1, 2: 1, 3: 1, 4: 1, 5: 1, 6: 1, 7: 1, 8: 1, 9: 1}, heuristic='SJF', strategy='Fixed', mapping=None)","{""type"": ""controller"", ""token_budget"": 1034, ""selected_request_ids"": [0, 1, 2, 3, 4, 5, 6, 7, 8, 9, 10, 11], ""token_allocations"": {""0"": 1, ""1"": 1, ""2"": 1, ""3"": 1, ""4"": 1, ""5"": 1, ""6"": 1, ""7"": 1, ""8"": 1, ""9"": 1, ""10"": 512, ""11"": 512}, ""prefill_allocations"": {""10"": 512, ""11"": 512}, ""decode_allocations"": {""0"": 1, ""1"": 1, ""2"": 1, ""3"": 1, ""4"": 1, ""5"": 1, ""6"": 1, ""7"": 1, ""8"": 1, ""9"": 1}, ""heuristic"": ""SJF"", ""strategy"": ""Fixed"", ""history_phase"": ""multiple-child""}",train_root,,0.0,0,0.0,0.0
7003,150,50,50,adversary,0,0.0,[],[],[],0.0,[],0,0.0,0.0,"AdversaryAction(requests=[], stop_decode_ids=[])","{""type"": ""adversary"", ""requests"": [], ""stop_decode_ids"": [], ""history_phase"": ""forced_step:single-child""}",train_root,,0.0,0,0.0,0.0
7003,150,51,51,controller,0,0.0,[],[],[],0.0,[],10,0.0,0.0,"ControllerAction(token_budget=1547, selected_request_ids=[0, 1, 2, 3, 4, 5, 6, 7, 8, 9, 10, 12], token_allocations={0: 1, 1: 1, 2: 1, 3: 1, 4: 1, 5: 1, 6: 1, 7: 1, 8: 1, 9: 1, 10: 1, 12: 1536}, prefill_allocations={12: 1536}, decode_allocations={0: 1, 1: 1, 2: 1, 3: 1, 4: 1, 5: 1, 6: 1, 7: 1, 8: 1, 9: 1, 10: 1}, heuristic='LST', strategy='Fixed', mapping=None)","{""type"": ""controller"", ""token_budget"": 1547, ""selected_request_ids"": [0, 1, 2, 3, 4, 5, 6, 7, 8, 9, 10, 12], ""token_allocations"": {""0"": 1, ""1"": 1, ""2"": 1, ""3"": 1, ""4"": 1, ""5"": 1, ""6"": 1, ""7"": 1, ""8"": 1, ""9"": 1, ""10"": 1, ""12"": 1536}, ""prefill_allocations"": {""12"": 1536}, ""decode_allocations"": {""0"": 1, ""1"": 1, ""2"": 1, ""3"": 1, ""4"": 1, ""5"": 1, ""6"": 1, ""7"": 1, ""8"": 1, ""9"": 1, ""10"": 1}, ""heuristic"": ""LST"", ""strategy"": ""Fixed"", ""history_phase"": ""multiple-child""}",train_root,,0.0,0,0.0,0.0
7003,150,52,52,adversary,0,0.0,[],[],[],0.0,[],0,0.0,0.0,"AdversaryAction(requests=[], stop_decode_ids=[])","{""type"": ""adversary"", ""requests"": [], ""stop_decode_ids"": [], ""history_phase"": ""forced_step:single-child""}",train_root,,0.0,0,0.0,0.0
7003,150,53,53,controller,0,0.0,[],[],[],0.0,[],15,0.0,0.0,"ControllerAction(token_budget=2059, selected_request_ids=[0, 1, 2, 3, 4, 5, 6, 7, 8, 9, 10, 13], token_allocations={0: 1, 1: 1, 2: 1, 3: 1, 4: 1, 5: 1, 6: 1, 7: 1, 8: 1, 9: 1, 10: 1, 13: 2048}, prefill_allocations={13: 2048}, decode_allocations={0: 1, 1: 1, 2: 1, 3: 1, 4: 1, 5: 1, 6: 1, 7: 1, 8: 1, 9: 1, 10: 1}, heuristic='LJF', strategy='Fixed', mapping=None)","{""type"": ""controller"", ""token_budget"": 2059, ""selected_request_ids"": [0, 1, 2, 3, 4, 5, 6, 7, 8, 9, 10, 13], ""token_allocations"": {""0"": 1, ""1"": 1, ""2"": 1, ""3"": 1, ""4"": 1, ""5"": 1, ""6"": 1, ""7"": 1, ""8"": 1, ""9"": 1, ""10"": 1, ""13"": 2048}, ""prefill_allocations"": {""13"": 2048}, ""decode_allocations"": {""0"": 1, ""1"": 1, ""2"": 1, ""3"": 1, ""4"": 1, ""5"": 1, ""6"": 1, ""7"": 1, ""8"": 1, ""9"": 1, ""10"": 1}, ""heuristic"": ""LJF"", ""strategy"": ""Fixed"", ""history_phase"": ""multiple-child""}",train_root,,0.0,0,0.0,0.0
7003,150,54,54,adversary,0,0.0,[],[],[],0.0,[],0,0.0,0.0,"AdversaryAction(requests=[], stop_decode_ids=[])","{""type"": ""adversary"", ""requests"": [], ""stop_decode_ids"": [], ""history_phase"": ""forced_step:single-child""}",train_root,,0.0,0,0.0,0.0
7003,150,55,55,controller,0,0.0,[],[],[],0.0,[],6,0.0,0.0,"ControllerAction(token_budget=1035, selected_request_ids=[0, 1, 2, 3, 4, 5, 6, 7, 8, 9, 10, 14], token_allocations={0: 1, 1: 1, 2: 1, 3: 1, 4: 1, 5: 1, 6: 1, 7: 1, 8: 1, 9: 1, 10: 1, 14: 1024}, prefill_allocations={14: 1024}, decode_allocations={0: 1, 1: 1, 2: 1, 3: 1, 4: 1, 5: 1, 6: 1, 7: 1, 8: 1, 9: 1, 10: 1}, heuristic='LST', strategy='Fixed', mapping=None)","{""type"": ""controller"", ""token_budget"": 1035, ""selected_request_ids"": [0, 1, 2, 3, 4, 5, 6, 7, 8, 9, 10, 14], ""token_allocations"": {""0"": 1, ""1"": 1, ""2"": 1, ""3"": 1, ""4"": 1, ""5"": 1, ""6"": 1, ""7"": 1, ""8"": 1, ""9"": 1, ""10"": 1, ""14"": 1024}, ""prefill_allocations"": {""14"": 1024}, ""decode_allocations"": {""0"": 1, ""1"": 1, ""2"": 1, ""3"": 1, ""4"": 1, ""5"": 1, ""6"": 1, ""7"": 1, ""8"": 1, ""9"": 1, ""10"": 1}, ""heuristic"": ""LST"", ""strategy"": ""Fixed"", ""history_phase"": ""multiple-child""}",train_root,,0.0,0,0.0,0.0
7003,150,56,56,adversary,0,0.0,[],[],[],0.0,[],0,0.0,0.0,"AdversaryAction(requests=[], stop_decode_ids=[])","{""type"": ""adversary"", ""requests"": [], ""stop_decode_ids"": [], ""history_phase"": ""forced_step:single-child""}",train_root,,0.0,0,0.0,0.0
7003,150,57,57,controller,0,0.0,[],[],[],0.0,[],11,0.0,0.0,"ControllerAction(token_budget=1547, selected_request_ids=[0, 1, 2, 3, 4, 5, 6, 7, 8, 9, 10, 14], token_allocations={0: 1, 1: 1, 2: 1, 3: 1, 4: 1, 5: 1, 6: 1, 7: 1, 8: 1, 9: 1, 10: 1, 14: 1536}, prefill_allocations={14: 1536}, decode_allocations={0: 1, 1: 1, 2: 1, 3: 1, 4: 1, 5: 1, 6: 1, 7: 1, 8: 1, 9: 1, 10: 1}, heuristic='LJF', strategy='Fixed', mapping=None)","{""type"": ""controller"", ""token_budget"": 1547, ""selected_request_ids"": [0, 1, 2, 3, 4, 5, 6, 7, 8, 9, 10, 14], ""token_allocations"": {""0"": 1, ""1"": 1, ""2"": 1, ""3"": 1, ""4"": 1, ""5"": 1, ""6"": 1, ""7"": 1, ""8"": 1, ""9"": 1, ""10"": 1, ""14"": 1536}, ""prefill_allocations"": {""14"": 1536}, ""decode_allocations"": {""0"": 1, ""1"": 1, ""2"": 1, ""3"": 1, ""4"": 1, ""5"": 1, ""6"": 1, ""7"": 1, ""8"": 1, ""9"": 1, ""10"": 1}, ""heuristic"": ""LJF"", ""strategy"": ""Fixed"", ""history_phase"": ""multiple-child""}",train_root,,0.0,0,0.0,0.0
7003,150,58,58,adversary,0,0.0,[],[],[],0.0,[],0,0.0,0.0,"AdversaryAction(requests=[], stop_decode_ids=[])","{""type"": ""adversary"", ""requests"": [], ""stop_decode_ids"": [], ""history_phase"": ""forced_step:single-child""}",train_root,,0.0,0,0.0,0.0
7003,150,59,59,controller,0,0.0,[],[],[],0.0,[],6,0.0,0.0,"ControllerAction(token_budget=1035, selected_request_ids=[0, 1, 2, 3, 4, 5, 6, 7, 8, 9, 10, 12], token_allocations={0: 1, 1: 1, 2: 1, 3: 1, 4: 1, 5: 1, 6: 1, 7: 1, 8: 1, 9: 1, 10: 1, 12: 1024}, prefill_allocations={12: 1024}, decode_allocations={0: 1, 1: 1, 2: 1, 3: 1, 4: 1, 5: 1, 6: 1, 7: 1, 8: 1, 9: 1, 10: 1}, heuristic='LST', strategy='Fixed', mapping=None)","{""type"": ""controller"", ""token_budget"": 1035, ""selected_request_ids"": [0, 1, 2, 3, 4, 5, 6, 7, 8, 9, 10, 12], ""token_allocations"": {""0"": 1, ""1"": 1, ""2"": 1, ""3"": 1, ""4"": 1, ""5"": 1, ""6"": 1, ""7"": 1, ""8"": 1, ""9"": 1, ""10"": 1, ""12"": 1024}, ""prefill_allocations"": {""12"": 1024}, ""decode_allocations"": {""0"": 1, ""1"": 1, ""2"": 1, ""3"": 1, ""4"": 1, ""5"": 1, ""6"": 1, ""7"": 1, ""8"": 1, ""9"": 1, ""10"": 1}, ""heuristic"": ""LST"", ""strategy"": ""Fixed"", ""history_phase"": ""multiple-child""}",train_root,,0.0,0,0.0,0.0
7003,150,60,60,adversary,0,0.0,[],[],[],0.0,[],0,0.0,0.0,"AdversaryAction(requests=[], stop_decode_ids=[])","{""type"": ""adversary"", ""requests"": [], ""stop_decode_ids"": [], ""history_phase"": ""forced_step:single-child""}",train_root,,0.0,0,0.0,0.0
7003,150,61,61,controller,0,0.0,[],[],[],0.0,[],15,0.0,0.0,"ControllerAction(token_budget=2059, selected_request_ids=[0, 1, 2, 3, 4, 5, 6, 7, 8, 9, 10, 11, 12, 13], token_allocations={0: 1, 1: 1, 2: 1, 3: 1, 4: 1, 5: 1, 6: 1, 7: 1, 8: 1, 9: 1, 10: 1, 11: 512, 12: 512, 13: 1024}, prefill_allocations={11: 512, 12: 512, 13: 1024}, decode_allocations={0: 1, 1: 1, 2: 1, 3: 1, 4: 1, 5: 1, 6: 1, 7: 1, 8: 1, 9: 1, 10: 1}, heuristic='LJF', strategy='Fixed', mapping=None)","{""type"": ""controller"", ""token_budget"": 2059, ""selected_request_ids"": [0, 1, 2, 3, 4, 5, 6, 7, 8, 9, 10, 11, 12, 13], ""token_allocations"": {""0"": 1, ""1"": 1, ""2"": 1, ""3"": 1, ""4"": 1, ""5"": 1, ""6"": 1, ""7"": 1, ""8"": 1, ""9"": 1, ""10"": 1, ""11"": 512, ""12"": 512, ""13"": 1024}, ""prefill_allocations"": {""11"": 512, ""12"": 512, ""13"": 1024}, ""decode_allocations"": {""0"": 1, ""1"": 1, ""2"": 1, ""3"": 1, ""4"": 1, ""5"": 1, ""6"": 1, ""7"": 1, ""8"": 1, ""9"": 1, ""10"": 1}, ""heuristic"": ""LJF"", ""strategy"": ""Fixed"", ""history_phase"": ""multiple-child""}",train_root,,0.0,0,0.0,0.0
7003,150,62,62,adversary,0,0.0,[],[],[],0.0,[],0,0.0,0.0,"AdversaryAction(requests=[], stop_decode_ids=[])","{""type"": ""adversary"", ""requests"": [], ""stop_decode_ids"": [], ""history_phase"": ""forced_step:single-child""}",train_root,,0.0,0,0.0,0.0
7003,150,63,63,controller,0,0.0,[],[],[],0.0,[],2,0.0,0.0,"ControllerAction(token_budget=526, selected_request_ids=[0, 1, 2, 3, 4, 5, 6, 7, 8, 9, 10, 11, 12, 13, 14], token_allocations={0: 1, 1: 1, 2: 1, 3: 1, 4: 1, 5: 1, 6: 1, 7: 1, 8: 1, 9: 1, 10: 1, 11: 1, 12: 1, 13: 1, 14: 512}, prefill_allocations={14: 512}, decode_allocations={0: 1, 1: 1, 2: 1, 3: 1, 4: 1, 5: 1, 6: 1, 7: 1, 8: 1, 9: 1, 10: 1, 11: 1, 12: 1, 13: 1}, heuristic='LST', strategy='Fixed', mapping=None)","{""type"": ""controller"", ""token_budget"": 526, ""selected_request_ids"": [0, 1, 2, 3, 4, 5, 6, 7, 8, 9, 10, 11, 12, 13, 14], ""token_allocations"": {""0"": 1, ""1"": 1, ""2"": 1, ""3"": 1, ""4"": 1, ""5"": 1, ""6"": 1, ""7"": 1, ""8"": 1, ""9"": 1, ""10"": 1, ""11"": 1, ""12"": 1, ""13"": 1, ""14"": 512}, ""prefill_allocations"": {""14"": 512}, ""decode_allocations"": {""0"": 1, ""1"": 1, ""2"": 1, ""3"": 1, ""4"": 1, ""5"": 1, ""6"": 1, ""7"": 1, ""8"": 1, ""9"": 1, ""10"": 1, ""11"": 1, ""12"": 1, ""13"": 1}, ""heuristic"": ""LST"", ""strategy"": ""Fixed"", ""history_phase"": ""multiple-child""}",train_root,,0.0,0,0.0,0.0
7003,150,64,64,adversary,0,0.0,[],[],[],0.0,[],0,0.0,0.0,"AdversaryAction(requests=[], stop_decode_ids=[])","{""type"": ""adversary"", ""requests"": [], ""stop_decode_ids"": [], ""history_phase"": ""forced_step:single-child""}",train_root,,0.0,0,0.0,0.0
7003,150,65,65,controller,0,0.0,[],[],[],0.0,[],0,0.0,0.0,"ControllerAction(token_budget=15, selected_request_ids=[0, 1, 2, 3, 4, 5, 6, 7, 8, 9, 10, 11, 12, 13, 14], token_allocations={0: 1, 1: 1, 2: 1, 3: 1, 4: 1, 5: 1, 6: 1, 7: 1, 8: 1, 9: 1, 10: 1, 11: 1, 12: 1, 13: 1, 14: 1}, prefill_allocations={}, decode_allocations={0: 1, 1: 1, 2: 1, 3: 1, 4: 1, 5: 1, 6: 1, 7: 1, 8: 1, 9: 1, 10: 1, 11: 1, 12: 1, 13: 1, 14: 1}, heuristic='SJF', strategy='Fixed', mapping=None)","{""type"": ""controller"", ""token_budget"": 15, ""selected_request_ids"": [0, 1, 2, 3, 4, 5, 6, 7, 8, 9, 10, 11, 12, 13, 14], ""token_allocations"": {""0"": 1, ""1"": 1, ""2"": 1, ""3"": 1, ""4"": 1, ""5"": 1, ""6"": 1, ""7"": 1, ""8"": 1, ""9"": 1, ""10"": 1, ""11"": 1, ""12"": 1, ""13"": 1, ""14"": 1}, ""prefill_allocations"": {}, ""decode_allocations"": {""0"": 1, ""1"": 1, ""2"": 1, ""3"": 1, ""4"": 1, ""5"": 1, ""6"": 1, ""7"": 1, ""8"": 1, ""9"": 1, ""10"": 1, ""11"": 1, ""12"": 1, ""13"": 1, ""14"": 1}, ""heuristic"": ""SJF"", ""strategy"": ""Fixed"", ""history_phase"": ""forced_step:single-child""}",train_root,,0.0,0,0.0,0.0
7003,150,66,66,adversary,0,0.0,[],[],[],0.0,[],3,0.0,0.0,"AdversaryAction(requests=[AdversaryRequestSpec(prefill_tokens=3072, decode_tokens=5000, prefill_slo=0.3874467952163693, decode_slo=0.05), AdversaryRequestSpec(prefill_tokens=3072, decode_tokens=5000, prefill_slo=0.3874467952163693, decode_slo=0.05), AdversaryRequestSpec(prefill_tokens=3072, decode_tokens=5000, prefill_slo=0.3874467952163693, decode_slo=0.05), AdversaryRequestSpec(prefill_tokens=3072, decode_tokens=5000, prefill_slo=0.3874467952163693, decode_slo=0.05)], stop_decode_ids=[])","{""type"": ""adversary"", ""requests"": [{""prefill_tokens"": 3072, ""decode_tokens"": 5000, ""prefill_slo"": 0.3874467952163693, ""decode_slo"": 0.05}, {""prefill_tokens"": 3072, ""decode_tokens"": 5000, ""prefill_slo"": 0.3874467952163693, ""decode_slo"": 0.05}, {""prefill_tokens"": 3072, ""decode_tokens"": 5000, ""prefill_slo"": 0.3874467952163693, ""decode_slo"": 0.05}, {""prefill_tokens"": 3072, ""decode_tokens"": 5000, ""prefill_slo"": 0.3874467952163693, ""decode_slo"": 0.05}], ""stop_decode_ids"": [], ""history_phase"": ""multiple-child""}",train_root,,0.0,0,0.0,0.0
7003,150,67,67,controller,0,0.0,[],[],[],0.0,[],9,0.0,0.0,"ControllerAction(token_budget=1551, selected_request_ids=[0, 1, 2, 3, 4, 5, 6, 7, 8, 9, 10, 11, 12, 13, 14, 15], token_allocations={0: 1, 1: 1, 2: 1, 3: 1, 4: 1, 5: 1, 6: 1, 7: 1, 8: 1, 9: 1, 10: 1, 11: 1, 12: 1, 13: 1, 14: 1, 15: 1536}, prefill_allocations={15: 1536}, decode_allocations={0: 1, 1: 1, 2: 1, 3: 1, 4: 1, 5: 1, 6: 1, 7: 1, 8: 1, 9: 1, 10: 1, 11: 1, 12: 1, 13: 1, 14: 1}, heuristic='EDF', strategy='Fixed', mapping=None)","{""type"": ""controller"", ""token_budget"": 1551, ""selected_request_ids"": [0, 1, 2, 3, 4, 5, 6, 7, 8, 9, 10, 11, 12, 13, 14, 15], ""token_allocations"": {""0"": 1, ""1"": 1, ""2"": 1, ""3"": 1, ""4"": 1, ""5"": 1, ""6"": 1, ""7"": 1, ""8"": 1, ""9"": 1, ""10"": 1, ""11"": 1, ""12"": 1, ""13"": 1, ""14"": 1, ""15"": 1536}, ""prefill_allocations"": {""15"": 1536}, ""decode_allocations"": {""0"": 1, ""1"": 1, ""2"": 1, ""3"": 1, ""4"": 1, ""5"": 1, ""6"": 1, ""7"": 1, ""8"": 1, ""9"": 1, ""10"": 1, ""11"": 1, ""12"": 1, ""13"": 1, ""14"": 1}, ""heuristic"": ""EDF"", ""strategy"": ""Fixed"", ""history_phase"": ""multiple-child""}",train_root,,0.0,0,0.0,0.0
7003,150,68,68,adversary,0,0.0,[],[],[],0.0,[],0,0.0,0.0,"AdversaryAction(requests=[], stop_decode_ids=[])","{""type"": ""adversary"", ""requests"": [], ""stop_decode_ids"": [], ""history_phase"": ""forced_step:single-child""}",train_root,,0.0,0,0.0,0.0
7003,150,69,69,controller,0,0.0,[],[],[],0.0,[],21,0.0,0.0,"ControllerAction(token_budget=3087, selected_request_ids=[0, 1, 2, 3, 4, 5, 6, 7, 8, 9, 10, 11, 12, 13, 14, 15, 16], token_allocations={0: 1, 1: 1, 2: 1, 3: 1, 4: 1, 5: 1, 6: 1, 7: 1, 8: 1, 9: 1, 10: 1, 11: 1, 12: 1, 13: 1, 14: 1, 15: 1536, 16: 1536}, prefill_allocations={15: 1536, 16: 1536}, decode_allocations={0: 1, 1: 1, 2: 1, 3: 1, 4: 1, 5: 1, 6: 1, 7: 1, 8: 1, 9: 1, 10: 1, 11: 1, 12: 1, 13: 1, 14: 1}, heuristic='EDF', strategy='Fixed', mapping=None)","{""type"": ""controller"", ""token_budget"": 3087, ""selected_request_ids"": [0, 1, 2, 3, 4, 5, 6, 7, 8, 9, 10, 11, 12, 13, 14, 15, 16], ""token_allocations"": {""0"": 1, ""1"": 1, ""2"": 1, ""3"": 1, ""4"": 1, ""5"": 1, ""6"": 1, ""7"": 1, ""8"": 1, ""9"": 1, ""10"": 1, ""11"": 1, ""12"": 1, ""13"": 1, ""14"": 1, ""15"": 1536, ""16"": 1536}, ""prefill_allocations"": {""15"": 1536, ""16"": 1536}, ""decode_allocations"": {""0"": 1, ""1"": 1, ""2"": 1, ""3"": 1, ""4"": 1, ""5"": 1, ""6"": 1, ""7"": 1, ""8"": 1, ""9"": 1, ""10"": 1, ""11"": 1, ""12"": 1, ""13"": 1, ""14"": 1}, ""heuristic"": ""EDF"", ""strategy"": ""Fixed"", ""history_phase"": ""multiple-child""}",train_root,,0.0,0,0.0,0.0
7003,150,70,70,adversary,0,0.0,[],[],[],0.0,[],0,0.0,0.0,"AdversaryAction(requests=[], stop_decode_ids=[])","{""type"": ""adversary"", ""requests"": [], ""stop_decode_ids"": [], ""history_phase"": ""forced_step:single-child""}",train_root,,0.0,0,0.0,0.0
7003,150,71,71,controller,0,0.0,[],[],[],0.0,[],9,0.0,0.0,"ControllerAction(token_budget=1552, selected_request_ids=[0, 1, 2, 3, 4, 5, 6, 7, 8, 9, 10, 11, 12, 13, 14, 15, 16], token_allocations={0: 1, 1: 1, 2: 1, 3: 1, 4: 1, 5: 1, 6: 1, 7: 1, 8: 1, 9: 1, 10: 1, 11: 1, 12: 1, 13: 1, 14: 1, 15: 1, 16: 1536}, prefill_allocations={16: 1536}, decode_allocations={0: 1, 1: 1, 2: 1, 3: 1, 4: 1, 5: 1, 6: 1, 7: 1, 8: 1, 9: 1, 10: 1, 11: 1, 12: 1, 13: 1, 14: 1, 15: 1}, heuristic='EDF', strategy='Fixed', mapping=None)","{""type"": ""controller"", ""token_budget"": 1552, ""selected_request_ids"": [0, 1, 2, 3, 4, 5, 6, 7, 8, 9, 10, 11, 12, 13, 14, 15, 16], ""token_allocations"": {""0"": 1, ""1"": 1, ""2"": 1, ""3"": 1, ""4"": 1, ""5"": 1, ""6"": 1, ""7"": 1, ""8"": 1, ""9"": 1, ""10"": 1, ""11"": 1, ""12"": 1, ""13"": 1, ""14"": 1, ""15"": 1, ""16"": 1536}, ""prefill_allocations"": {""16"": 1536}, ""decode_allocations"": {""0"": 1, ""1"": 1, ""2"": 1, ""3"": 1, ""4"": 1, ""5"": 1, ""6"": 1, ""7"": 1, ""8"": 1, ""9"": 1, ""10"": 1, ""11"": 1, ""12"": 1, ""13"": 1, ""14"": 1, ""15"": 1}, ""heuristic"": ""EDF"", ""strategy"": ""Fixed"", ""history_phase"": ""multiple-child""}",train_root,,0.0,0,0.0,0.0
7003,150,72,72,adversary,0,0.0,[],[],[],0.0,[],0,0.0,0.0,"AdversaryAction(requests=[], stop_decode_ids=[])","{""type"": ""adversary"", ""requests"": [], ""stop_decode_ids"": [], ""history_phase"": ""forced_step:single-child""}",train_root,,0.0,0,0.0,0.0
7003,150,73,73,controller,0,0.0,[],[],[],0.0,[],4,0.0,0.0,"ControllerAction(token_budget=1041, selected_request_ids=[0, 1, 2, 3, 4, 5, 6, 7, 8, 9, 10, 11, 12, 13, 14, 15, 16, 17], token_allocations={0: 1, 1: 1, 2: 1, 3: 1, 4: 1, 5: 1, 6: 1, 7: 1, 8: 1, 9: 1, 10: 1, 11: 1, 12: 1, 13: 1, 14: 1, 15: 1, 16: 1, 17: 1024}, prefill_allocations={17: 1024}, decode_allocations={0: 1, 1: 1, 2: 1, 3: 1, 4: 1, 5: 1, 6: 1, 7: 1, 8: 1, 9: 1, 10: 1, 11: 1, 12: 1, 13: 1, 14: 1, 15: 1, 16: 1}, heuristic='SJF', strategy='Fixed', mapping=None)","{""type"": ""controller"", ""token_budget"": 1041, ""selected_request_ids"": [0, 1, 2, 3, 4, 5, 6, 7, 8, 9, 10, 11, 12, 13, 14, 15, 16, 17], ""token_allocations"": {""0"": 1, ""1"": 1, ""2"": 1, ""3"": 1, ""4"": 1, ""5"": 1, ""6"": 1, ""7"": 1, ""8"": 1, ""9"": 1, ""10"": 1, ""11"": 1, ""12"": 1, ""13"": 1, ""14"": 1, ""15"": 1, ""16"": 1, ""17"": 1024}, ""prefill_allocations"": {""17"": 1024}, ""decode_allocations"": {""0"": 1, ""1"": 1, ""2"": 1, ""3"": 1, ""4"": 1, ""5"": 1, ""6"": 1, ""7"": 1, ""8"": 1, ""9"": 1, ""10"": 1, ""11"": 1, ""12"": 1, ""13"": 1, ""14"": 1, ""15"": 1, ""16"": 1}, ""heuristic"": ""SJF"", ""strategy"": ""Fixed"", ""history_phase"": ""multiple-child""}",train_root,,0.0,0,0.0,0.0
7003,150,74,74,adversary,0,0.0,[],[],[],0.0,[],0,0.0,0.0,"AdversaryAction(requests=[], stop_decode_ids=[])","{""type"": ""adversary"", ""requests"": [], ""stop_decode_ids"": [], ""history_phase"": ""forced_step:single-child""}",train_root,,0.0,0,0.0,0.0
7003,150,75,75,controller,0,0.0,[],[],[],0.0,[],18,0.0,0.0,"ControllerAction(token_budget=2577, selected_request_ids=[0, 1, 2, 3, 4, 5, 6, 7, 8, 9, 10, 11, 12, 13, 14, 15, 16, 18], token_allocations={0: 1, 1: 1, 2: 1, 3: 1, 4: 1, 5: 1, 6: 1, 7: 1, 8: 1, 9: 1, 10: 1, 11: 1, 12: 1, 13: 1, 14: 1, 15: 1, 16: 1, 18: 2560}, prefill_allocations={18: 2560}, decode_allocations={0: 1, 1: 1, 2: 1, 3: 1, 4: 1, 5: 1, 6: 1, 7: 1, 8: 1, 9: 1, 10: 1, 11: 1, 12: 1, 13: 1, 14: 1, 15: 1, 16: 1}, heuristic='LST', strategy='Fixed', mapping=None)","{""type"": ""controller"", ""token_budget"": 2577, ""selected_request_ids"": [0, 1, 2, 3, 4, 5, 6, 7, 8, 9, 10, 11, 12, 13, 14, 15, 16, 18], ""token_allocations"": {""0"": 1, ""1"": 1, ""2"": 1, ""3"": 1, ""4"": 1, ""5"": 1, ""6"": 1, ""7"": 1, ""8"": 1, ""9"": 1, ""10"": 1, ""11"": 1, ""12"": 1, ""13"": 1, ""14"": 1, ""15"": 1, ""16"": 1, ""18"": 2560}, ""prefill_allocations"": {""18"": 2560}, ""decode_allocations"": {""0"": 1, ""1"": 1, ""2"": 1, ""3"": 1, ""4"": 1, ""5"": 1, ""6"": 1, ""7"": 1, ""8"": 1, ""9"": 1, ""10"": 1, ""11"": 1, ""12"": 1, ""13"": 1, ""14"": 1, ""15"": 1, ""16"": 1}, ""heuristic"": ""LST"", ""strategy"": ""Fixed"", ""history_phase"": ""multiple-child""}",train_root,,0.0,0,0.0,0.0
7003,150,76,76,adversary,0,0.0,[],[],[],0.0,[],0,0.0,0.0,"AdversaryAction(requests=[], stop_decode_ids=[])","{""type"": ""adversary"", ""requests"": [], ""stop_decode_ids"": [], ""history_phase"": ""forced_step:single-child""}",train_root,,0.0,0,0.0,0.0
7003,150,77,77,controller,0,0.0,[],[],[],0.0,[],18,0.0,0.0,"ControllerAction(token_budget=2577, selected_request_ids=[0, 1, 2, 3, 4, 5, 6, 7, 8, 9, 10, 11, 12, 13, 14, 15, 16, 17, 18], token_allocations={0: 1, 1: 1, 2: 1, 3: 1, 4: 1, 5: 1, 6: 1, 7: 1, 8: 1, 9: 1, 10: 1, 11: 1, 12: 1, 13: 1, 14: 1, 15: 1, 16: 1, 17: 2048, 18: 512}, prefill_allocations={17: 2048, 18: 512}, decode_allocations={0: 1, 1: 1, 2: 1, 3: 1, 4: 1, 5: 1, 6: 1, 7: 1, 8: 1, 9: 1, 10: 1, 11: 1, 12: 1, 13: 1, 14: 1, 15: 1, 16: 1}, heuristic='LST', strategy='Fixed', mapping=None)","{""type"": ""controller"", ""token_budget"": 2577, ""selected_request_ids"": [0, 1, 2, 3, 4, 5, 6, 7, 8, 9, 10, 11, 12, 13, 14, 15, 16, 17, 18], ""token_allocations"": {""0"": 1, ""1"": 1, ""2"": 1, ""3"": 1, ""4"": 1, ""5"": 1, ""6"": 1, ""7"": 1, ""8"": 1, ""9"": 1, ""10"": 1, ""11"": 1, ""12"": 1, ""13"": 1, ""14"": 1, ""15"": 1, ""16"": 1, ""17"": 2048, ""18"": 512}, ""prefill_allocations"": {""17"": 2048, ""18"": 512}, ""decode_allocations"": {""0"": 1, ""1"": 1, ""2"": 1, ""3"": 1, ""4"": 1, ""5"": 1, ""6"": 1, ""7"": 1, ""8"": 1, ""9"": 1, ""10"": 1, ""11"": 1, ""12"": 1, ""13"": 1, ""14"": 1, ""15"": 1, ""16"": 1}, ""heuristic"": ""LST"", ""strategy"": ""Fixed"", ""history_phase"": ""multiple-child""}",train_root,,0.0,0,0.0,0.0
7003,150,78,78,adversary,0,0.0,[],[],[],0.0,[],0,0.0,0.0,"AdversaryAction(requests=[], stop_decode_ids=[])","{""type"": ""adversary"", ""requests"": [], ""stop_decode_ids"": [], ""history_phase"": ""forced_step:single-child""}",train_root,,0.0,0,0.0,0.0
7003,150,79,79,controller,0,0.0,[],[],[],0.0,[],0,0.0,0.0,"ControllerAction(token_budget=19, selected_request_ids=[0, 1, 2, 3, 4, 5, 6, 7, 8, 9, 10, 11, 12, 13, 14, 15, 16, 17, 18], token_allocations={0: 1, 1: 1, 2: 1, 3: 1, 4: 1, 5: 1, 6: 1, 7: 1, 8: 1, 9: 1, 10: 1, 11: 1, 12: 1, 13: 1, 14: 1, 15: 1, 16: 1, 17: 1, 18: 1}, prefill_allocations={}, decode_allocations={0: 1, 1: 1, 2: 1, 3: 1, 4: 1, 5: 1, 6: 1, 7: 1, 8: 1, 9: 1, 10: 1, 11: 1, 12: 1, 13: 1, 14: 1, 15: 1, 16: 1, 17: 1, 18: 1}, heuristic='SJF', strategy='Fixed', mapping=None)","{""type"": ""controller"", ""token_budget"": 19, ""selected_request_ids"": [0, 1, 2, 3, 4, 5, 6, 7, 8, 9, 10, 11, 12, 13, 14, 15, 16, 17, 18], ""token_allocations"": {""0"": 1, ""1"": 1, ""2"": 1, ""3"": 1, ""4"": 1, ""5"": 1, ""6"": 1, ""7"": 1, ""8"": 1, ""9"": 1, ""10"": 1, ""11"": 1, ""12"": 1, ""13"": 1, ""14"": 1, ""15"": 1, ""16"": 1, ""17"": 1, ""18"": 1}, ""prefill_allocations"": {}, ""decode_allocations"": {""0"": 1, ""1"": 1, ""2"": 1, ""3"": 1, ""4"": 1, ""5"": 1, ""6"": 1, ""7"": 1, ""8"": 1, ""9"": 1, ""10"": 1, ""11"": 1, ""12"": 1, ""13"": 1, ""14"": 1, ""15"": 1, ""16"": 1, ""17"": 1, ""18"": 1}, ""heuristic"": ""SJF"", ""strategy"": ""Fixed"", ""history_phase"": ""forced_step:single-child""}",train_root,,0.0,0,0.0,0.0
7003,150,80,80,adversary,0,0.0,[],[],[],0.0,[],2,0.0,0.0,"AdversaryAction(requests=[AdversaryRequestSpec(prefill_tokens=3072, decode_tokens=5000, prefill_slo=0.3874467952163693, decode_slo=0.05), AdversaryRequestSpec(prefill_tokens=3072, decode_tokens=5000, prefill_slo=0.3874467952163693, decode_slo=0.05), AdversaryRequestSpec(prefill_tokens=3072, decode_tokens=5000, prefill_slo=0.3874467952163693, decode_slo=0.05)], stop_decode_ids=[])","{""type"": ""adversary"", ""requests"": [{""prefill_tokens"": 3072, ""decode_tokens"": 5000, ""prefill_slo"": 0.3874467952163693, ""decode_slo"": 0.05}, {""prefill_tokens"": 3072, ""decode_tokens"": 5000, ""prefill_slo"": 0.3874467952163693, ""decode_slo"": 0.05}, {""prefill_tokens"": 3072, ""decode_tokens"": 5000, ""prefill_slo"": 0.3874467952163693, ""decode_slo"": 0.05}], ""stop_decode_ids"": [], ""history_phase"": ""multiple-child""}",train_root,,0.0,0,0.0,0.0
7003,150,81,81,controller,0,0.0,[],[],[],0.0,[],10,0.0,0.0,"ControllerAction(token_budget=1555, selected_request_ids=[0, 1, 2, 3, 4, 5, 6, 7, 8, 9, 10, 11, 12, 13, 14, 15, 16, 17, 18, 19], token_allocations={0: 1, 1: 1, 2: 1, 3: 1, 4: 1, 5: 1, 6: 1, 7: 1, 8: 1, 9: 1, 10: 1, 11: 1, 12: 1, 13: 1, 14: 1, 15: 1, 16: 1, 17: 1, 18: 1, 19: 1536}, prefill_allocations={19: 1536}, decode_allocations={0: 1, 1: 1, 2: 1, 3: 1, 4: 1, 5: 1, 6: 1, 7: 1, 8: 1, 9: 1, 10: 1, 11: 1, 12: 1, 13: 1, 14: 1, 15: 1, 16: 1, 17: 1, 18: 1}, heuristic='LST', strategy='Fixed', mapping=None)","{""type"": ""controller"", ""token_budget"": 1555, ""selected_request_ids"": [0, 1, 2, 3, 4, 5, 6, 7, 8, 9, 10, 11, 12, 13, 14, 15, 16, 17, 18, 19], ""token_allocations"": {""0"": 1, ""1"": 1, ""2"": 1, ""3"": 1, ""4"": 1, ""5"": 1, ""6"": 1, ""7"": 1, ""8"": 1, ""9"": 1, ""10"": 1, ""11"": 1, ""12"": 1, ""13"": 1, ""14"": 1, ""15"": 1, ""16"": 1, ""17"": 1, ""18"": 1, ""19"": 1536}, ""prefill_allocations"": {""19"": 1536}, ""decode_allocations"": {""0"": 1, ""1"": 1, ""2"": 1, ""3"": 1, ""4"": 1, ""5"": 1, ""6"": 1, ""7"": 1, ""8"": 1, ""9"": 1, ""10"": 1, ""11"": 1, ""12"": 1, ""13"": 1, ""14"": 1, ""15"": 1, ""16"": 1, ""17"": 1, ""18"": 1}, ""heuristic"": ""LST"", ""strategy"": ""Fixed"", ""history_phase"": ""multiple-child""}",train_root,,0.0,0,0.0,0.0
7003,150,82,82,adversary,0,0.0,[],[],[],0.0,[],0,0.0,0.0,"AdversaryAction(requests=[], stop_decode_ids=[])","{""type"": ""adversary"", ""requests"": [], ""stop_decode_ids"": [], ""history_phase"": ""forced_step:single-child""}",train_root,,0.0,0,0.0,0.0
7003,150,83,83,controller,0,0.0,[],[],[],0.0,[],14,0.0,0.0,"ControllerAction(token_budget=2067, selected_request_ids=[0, 1, 2, 3, 4, 5, 6, 7, 8, 9, 10, 11, 12, 13, 14, 15, 16, 17, 18, 20], token_allocations={0: 1, 1: 1, 2: 1, 3: 1, 4: 1, 5: 1, 6: 1, 7: 1, 8: 1, 9: 1, 10: 1, 11: 1, 12: 1, 13: 1, 14: 1, 15: 1, 16: 1, 17: 1, 18: 1, 20: 2048}, prefill_allocations={20: 2048}, decode_allocations={0: 1, 1: 1, 2: 1, 3: 1, 4: 1, 5: 1, 6: 1, 7: 1, 8: 1, 9: 1, 10: 1, 11: 1, 12: 1, 13: 1, 14: 1, 15: 1, 16: 1, 17: 1, 18: 1}, heuristic='LST', strategy='Fixed', mapping=None)","{""type"": ""controller"", ""token_budget"": 2067, ""selected_request_ids"": [0, 1, 2, 3, 4, 5, 6, 7, 8, 9, 10, 11, 12, 13, 14, 15, 16, 17, 18, 20], ""token_allocations"": {""0"": 1, ""1"": 1, ""2"": 1, ""3"": 1, ""4"": 1, ""5"": 1, ""6"": 1, ""7"": 1, ""8"": 1, ""9"": 1, ""10"": 1, ""11"": 1, ""12"": 1, ""13"": 1, ""14"": 1, ""15"": 1, ""16"": 1, ""17"": 1, ""18"": 1, ""20"": 2048}, ""prefill_allocations"": {""20"": 2048}, ""decode_allocations"": {""0"": 1, ""1"": 1, ""2"": 1, ""3"": 1, ""4"": 1, ""5"": 1, ""6"": 1, ""7"": 1, ""8"": 1, ""9"": 1, ""10"": 1, ""11"": 1, ""12"": 1, ""13"": 1, ""14"": 1, ""15"": 1, ""16"": 1, ""17"": 1, ""18"": 1}, ""heuristic"": ""LST"", ""strategy"": ""Fixed"", ""history_phase"": ""multiple-child""}",train_root,,0.0,0,0.0,0.0
7003,150,84,84,adversary,0,0.0,[],[],[],0.0,[],0,0.0,0.0,"AdversaryAction(requests=[], stop_decode_ids=[])","{""type"": ""adversary"", ""requests"": [], ""stop_decode_ids"": [], ""history_phase"": ""forced_step:single-child""}",train_root,,0.0,0,0.0,0.0
7003,150,85,85,controller,0,0.0,[],[],[],0.0,[],21,0.0,0.0,"ControllerAction(token_budget=3091, selected_request_ids=[0, 1, 2, 3, 4, 5, 6, 7, 8, 9, 10, 11, 12, 13, 14, 15, 16, 17, 18, 19, 20, 21], token_allocations={0: 1, 1: 1, 2: 1, 3: 1, 4: 1, 5: 1, 6: 1, 7: 1, 8: 1, 9: 1, 10: 1, 11: 1, 12: 1, 13: 1, 14: 1, 15: 1, 16: 1, 17: 1, 18: 1, 19: 1536, 20: 1024, 21: 512}, prefill_allocations={19: 1536, 20: 1024, 21: 512}, decode_allocations={0: 1, 1: 1, 2: 1, 3: 1, 4: 1, 5: 1, 6: 1, 7: 1, 8: 1, 9: 1, 10: 1, 11: 1, 12: 1, 13: 1, 14: 1, 15: 1, 16: 1, 17: 1, 18: 1}, heuristic='EDF', strategy='Fixed', mapping=None)","{""type"": ""controller"", ""token_budget"": 3091, ""selected_request_ids"": [0, 1, 2, 3, 4, 5, 6, 7, 8, 9, 10, 11, 12, 13, 14, 15, 16, 17, 18, 19, 20, 21], ""token_allocations"": {""0"": 1, ""1"": 1, ""2"": 1, ""3"": 1, ""4"": 1, ""5"": 1, ""6"": 1, ""7"": 1, ""8"": 1, ""9"": 1, ""10"": 1, ""11"": 1, ""12"": 1, ""13"": 1, ""14"": 1, ""15"": 1, ""16"": 1, ""17"": 1, ""18"": 1, ""19"": 1536, ""20"": 1024, ""21"": 512}, ""prefill_allocations"": {""19"": 1536, ""20"": 1024, ""21"": 512}, ""decode_allocations"": {""0"": 1, ""1"": 1, ""2"": 1, ""3"": 1, ""4"": 1, ""5"": 1, ""6"": 1, ""7"": 1, ""8"": 1, ""9"": 1, ""10"": 1, ""11"": 1, ""12"": 1, ""13"": 1, ""14"": 1, ""15"": 1, ""16"": 1, ""17"": 1, ""18"": 1}, ""heuristic"": ""EDF"", ""strategy"": ""Fixed"", ""history_phase"": ""multiple-child""}",train_root,,0.0,0,0.0,0.0
7003,150,86,86,adversary,0,0.0,[],[],[],0.0,[],0,0.0,0.0,"AdversaryAction(requests=[], stop_decode_ids=[])","{""type"": ""adversary"", ""requests"": [], ""stop_decode_ids"": [], ""history_phase"": ""forced_step:single-child""}",train_root,,0.0,0,0.0,0.0
7003,150,87,87,controller,0,0.0,[],[],[],0.0,[],11,0.0,0.0,"ControllerAction(token_budget=1557, selected_request_ids=[0, 1, 2, 3, 4, 5, 6, 7, 8, 9, 10, 11, 12, 13, 14, 15, 16, 17, 18, 19, 20, 21], token_allocations={0: 1, 1: 1, 2: 1, 3: 1, 4: 1, 5: 1, 6: 1, 7: 1, 8: 1, 9: 1, 10: 1, 11: 1, 12: 1, 13: 1, 14: 1, 15: 1, 16: 1, 17: 1, 18: 1, 19: 1, 20: 1, 21: 1536}, prefill_allocations={21: 1536}, decode_allocations={0: 1, 1: 1, 2: 1, 3: 1, 4: 1, 5: 1, 6: 1, 7: 1, 8: 1, 9: 1, 10: 1, 11: 1, 12: 1, 13: 1, 14: 1, 15: 1, 16: 1, 17: 1, 18: 1, 19: 1, 20: 1}, heuristic='LJF', strategy='Fixed', mapping=None)","{""type"": ""controller"", ""token_budget"": 1557, ""selected_request_ids"": [0, 1, 2, 3, 4, 5, 6, 7, 8, 9, 10, 11, 12, 13, 14, 15, 16, 17, 18, 19, 20, 21], ""token_allocations"": {""0"": 1, ""1"": 1, ""2"": 1, ""3"": 1, ""4"": 1, ""5"": 1, ""6"": 1, ""7"": 1, ""8"": 1, ""9"": 1, ""10"": 1, ""11"": 1, ""12"": 1, ""13"": 1, ""14"": 1, ""15"": 1, ""16"": 1, ""17"": 1, ""18"": 1, ""19"": 1, ""20"": 1, ""21"": 1536}, ""prefill_allocations"": {""21"": 1536}, ""decode_allocations"": {""0"": 1, ""1"": 1, ""2"": 1, ""3"": 1, ""4"": 1, ""5"": 1, ""6"": 1, ""7"": 1, ""8"": 1, ""9"": 1, ""10"": 1, ""11"": 1, ""12"": 1, ""13"": 1, ""14"": 1, ""15"": 1, ""16"": 1, ""17"": 1, ""18"": 1, ""19"": 1, ""20"": 1}, ""heuristic"": ""LJF"", ""strategy"": ""Fixed"", ""history_phase"": ""multiple-child""}",train_root,,0.0,0,0.0,0.0
7003,150,88,88,adversary,0,0.0,[],[],[],0.0,[],0,0.0,0.0,"AdversaryAction(requests=[], stop_decode_ids=[])","{""type"": ""adversary"", ""requests"": [], ""stop_decode_ids"": [], ""history_phase"": ""forced_step:single-child""}",train_root,,0.0,0,0.0,0.0
7003,150,89,89,controller,0,0.0,[],[],[],0.0,[],0,0.0,0.0,"ControllerAction(token_budget=533, selected_request_ids=[0, 1, 2, 3, 4, 5, 6, 7, 8, 9, 10, 11, 12, 13, 14, 15, 16, 17, 18, 19, 20, 21], token_allocations={0: 1, 1: 1, 2: 1, 3: 1, 4: 1, 5: 1, 6: 1, 7: 1, 8: 1, 9: 1, 10: 1, 11: 1, 12: 1, 13: 1, 14: 1, 15: 1, 16: 1, 17: 1, 18: 1, 19: 1, 20: 1, 21: 512}, prefill_allocations={21: 512}, decode_allocations={0: 1, 1: 1, 2: 1, 3: 1, 4: 1, 5: 1, 6: 1, 7: 1, 8: 1, 9: 1, 10: 1, 11: 1, 12: 1, 13: 1, 14: 1, 15: 1, 16: 1, 17: 1, 18: 1, 19: 1, 20: 1}, heuristic='SJF', strategy='Fixed', mapping=None)","{""type"": ""controller"", ""token_budget"": 533, ""selected_request_ids"": [0, 1, 2, 3, 4, 5, 6, 7, 8, 9, 10, 11, 12, 13, 14, 15, 16, 17, 18, 19, 20, 21], ""token_allocations"": {""0"": 1, ""1"": 1, ""2"": 1, ""3"": 1, ""4"": 1, ""5"": 1, ""6"": 1, ""7"": 1, ""8"": 1, ""9"": 1, ""10"": 1, ""11"": 1, ""12"": 1, ""13"": 1, ""14"": 1, ""15"": 1, ""16"": 1, ""17"": 1, ""18"": 1, ""19"": 1, ""20"": 1, ""21"": 512}, ""prefill_allocations"": {""21"": 512}, ""decode_allocations"": {""0"": 1, ""1"": 1, ""2"": 1, ""3"": 1, ""4"": 1, ""5"": 1, ""6"": 1, ""7"": 1, ""8"": 1, ""9"": 1, ""10"": 1, ""11"": 1, ""12"": 1, ""13"": 1, ""14"": 1, ""15"": 1, ""16"": 1, ""17"": 1, ""18"": 1, ""19"": 1, ""20"": 1}, ""heuristic"": ""SJF"", ""strategy"": ""Fixed"", ""history_phase"": ""multiple-child""}",train_root,,0.0,0,0.0,0.0
7003,150,90,90,adversary,0,0.0,[],[],[],0.0,[],0,0.0,0.0,"AdversaryAction(requests=[], stop_decode_ids=[])","{""type"": ""adversary"", ""requests"": [], ""stop_decode_ids"": [], ""history_phase"": ""forced_step:single-child""}",train_root,,0.0,0,0.0,0.0
7003,150,91,91,controller,0,0.0,[],[],[],0.0,[],3,0.0,0.0,"ControllerAction(token_budget=533, selected_request_ids=[0, 1, 2, 3, 4, 5, 6, 7, 8, 9, 10, 11, 12, 13, 14, 15, 16, 17, 18, 19, 20, 21], token_allocations={0: 1, 1: 1, 2: 1, 3: 1, 4: 1, 5: 1, 6: 1, 7: 1, 8: 1, 9: 1, 10: 1, 11: 1, 12: 1, 13: 1, 14: 1, 15: 1, 16: 1, 17: 1, 18: 1, 19: 1, 20: 1, 21: 512}, prefill_allocations={21: 512}, decode_allocations={0: 1, 1: 1, 2: 1, 3: 1, 4: 1, 5: 1, 6: 1, 7: 1, 8: 1, 9: 1, 10: 1, 11: 1, 12: 1, 13: 1, 14: 1, 15: 1, 16: 1, 17: 1, 18: 1, 19: 1, 20: 1}, heuristic='LJF', strategy='Fixed', mapping=None)","{""type"": ""controller"", ""token_budget"": 533, ""selected_request_ids"": [0, 1, 2, 3, 4, 5, 6, 7, 8, 9, 10, 11, 12, 13, 14, 15, 16, 17, 18, 19, 20, 21], ""token_allocations"": {""0"": 1, ""1"": 1, ""2"": 1, ""3"": 1, ""4"": 1, ""5"": 1, ""6"": 1, ""7"": 1, ""8"": 1, ""9"": 1, ""10"": 1, ""11"": 1, ""12"": 1, ""13"": 1, ""14"": 1, ""15"": 1, ""16"": 1, ""17"": 1, ""18"": 1, ""19"": 1, ""20"": 1, ""21"": 512}, ""prefill_allocations"": {""21"": 512}, ""decode_allocations"": {""0"": 1, ""1"": 1, ""2"": 1, ""3"": 1, ""4"": 1, ""5"": 1, ""6"": 1, ""7"": 1, ""8"": 1, ""9"": 1, ""10"": 1, ""11"": 1, ""12"": 1, ""13"": 1, ""14"": 1, ""15"": 1, ""16"": 1, ""17"": 1, ""18"": 1, ""19"": 1, ""20"": 1}, ""heuristic"": ""LJF"", ""strategy"": ""Fixed"", ""history_phase"": ""multiple-child""}",train_root,,0.0,0,0.0,0.0
7003,150,92,92,adversary,0,0.0,[],[],[],0.0,[],0,0.0,0.0,"AdversaryAction(requests=[], stop_decode_ids=[])","{""type"": ""adversary"", ""requests"": [], ""stop_decode_ids"": [], ""history_phase"": ""forced_step:single-child""}",train_root,,0.0,0,0.0,0.0
7003,150,93,93,controller,0,0.0,[],[],[],0.0,[],0,0.0,0.0,"ControllerAction(token_budget=22, selected_request_ids=[0, 1, 2, 3, 4, 5, 6, 7, 8, 9, 10, 11, 12, 13, 14, 15, 16, 17, 18, 19, 20, 21], token_allocations={0: 1, 1: 1, 2: 1, 3: 1, 4: 1, 5: 1, 6: 1, 7: 1, 8: 1, 9: 1, 10: 1, 11: 1, 12: 1, 13: 1, 14: 1, 15: 1, 16: 1, 17: 1, 18: 1, 19: 1, 20: 1, 21: 1}, prefill_allocations={}, decode_allocations={0: 1, 1: 1, 2: 1, 3: 1, 4: 1, 5: 1, 6: 1, 7: 1, 8: 1, 9: 1, 10: 1, 11: 1, 12: 1, 13: 1, 14: 1, 15: 1, 16: 1, 17: 1, 18: 1, 19: 1, 20: 1, 21: 1}, heuristic='SJF', strategy='Fixed', mapping=None)","{""type"": ""controller"", ""token_budget"": 22, ""selected_request_ids"": [0, 1, 2, 3, 4, 5, 6, 7, 8, 9, 10, 11, 12, 13, 14, 15, 16, 17, 18, 19, 20, 21], ""token_allocations"": {""0"": 1, ""1"": 1, ""2"": 1, ""3"": 1, ""4"": 1, ""5"": 1, ""6"": 1, ""7"": 1, ""8"": 1, ""9"": 1, ""10"": 1, ""11"": 1, ""12"": 1, ""13"": 1, ""14"": 1, ""15"": 1, ""16"": 1, ""17"": 1, ""18"": 1, ""19"": 1, ""20"": 1, ""21"": 1}, ""prefill_allocations"": {}, ""decode_allocations"": {""0"": 1, ""1"": 1, ""2"": 1, ""3"": 1, ""4"": 1, ""5"": 1, ""6"": 1, ""7"": 1, ""8"": 1, ""9"": 1, ""10"": 1, ""11"": 1, ""12"": 1, ""13"": 1, ""14"": 1, ""15"": 1, ""16"": 1, ""17"": 1, ""18"": 1, ""19"": 1, ""20"": 1, ""21"": 1}, ""heuristic"": ""SJF"", ""strategy"": ""Fixed"", ""history_phase"": ""forced_step:single-child""}",train_root,,0.0,0,0.0,0.0
7003,150,94,94,adversary,0,0.0,[],[],[],0.0,[],4,0.0,0.0,"AdversaryAction(requests=[AdversaryRequestSpec(prefill_tokens=3072, decode_tokens=5000, prefill_slo=0.3874467952163693, decode_slo=0.05), AdversaryRequestSpec(prefill_tokens=3072, decode_tokens=5000, prefill_slo=0.3874467952163693, decode_slo=0.05), AdversaryRequestSpec(prefill_tokens=3072, decode_tokens=5000, prefill_slo=0.3874467952163693, decode_slo=0.05), AdversaryRequestSpec(prefill_tokens=3072, decode_tokens=5000, prefill_slo=0.3874467952163693, decode_slo=0.05), AdversaryRequestSpec(prefill_tokens=3072, decode_tokens=5000, prefill_slo=0.3874467952163693, decode_slo=0.05)], stop_decode_ids=[])","{""type"": ""adversary"", ""requests"": [{""prefill_tokens"": 3072, ""decode_tokens"": 5000, ""prefill_slo"": 0.3874467952163693, ""decode_slo"": 0.05}, {""prefill_tokens"": 3072, ""decode_tokens"": 5000, ""prefill_slo"": 0.3874467952163693, ""decode_slo"": 0.05}, {""prefill_tokens"": 3072, ""decode_tokens"": 5000, ""prefill_slo"": 0.3874467952163693, ""decode_slo"": 0.05}, {""prefill_tokens"": 3072, ""decode_tokens"": 5000, ""prefill_slo"": 0.3874467952163693, ""decode_slo"": 0.05}, {""prefill_tokens"": 3072, ""decode_tokens"": 5000, ""prefill_slo"": 0.3874467952163693, ""decode_slo"": 0.05}], ""stop_decode_ids"": [], ""history_phase"": ""multiple-child""}",train_root,,0.0,0,0.0,0.0
7003,150,95,95,controller,0,0.0,[],[],[],0.0,[],5,0.0,0.0,"ControllerAction(token_budget=1046, selected_request_ids=[0, 1, 2, 3, 4, 5, 6, 7, 8, 9, 10, 11, 12, 13, 14, 15, 16, 17, 18, 19, 20, 21, 22], token_allocations={0: 1, 1: 1, 2: 1, 3: 1, 4: 1, 5: 1, 6: 1, 7: 1, 8: 1, 9: 1, 10: 1, 11: 1, 12: 1, 13: 1, 14: 1, 15: 1, 16: 1, 17: 1, 18: 1, 19: 1, 20: 1, 21: 1, 22: 1024}, prefill_allocations={22: 1024}, decode_allocations={0: 1, 1: 1, 2: 1, 3: 1, 4: 1, 5: 1, 6: 1, 7: 1, 8: 1, 9: 1, 10: 1, 11: 1, 12: 1, 13: 1, 14: 1, 15: 1, 16: 1, 17: 1, 18: 1, 19: 1, 20: 1, 21: 1}, heuristic='EDF', strategy='Fixed', mapping=None)","{""type"": ""controller"", ""token_budget"": 1046, ""selected_request_ids"": [0, 1, 2, 3, 4, 5, 6, 7, 8, 9, 10, 11, 12, 13, 14, 15, 16, 17, 18, 19, 20, 21, 22], ""token_allocations"": {""0"": 1, ""1"": 1, ""2"": 1, ""3"": 1, ""4"": 1, ""5"": 1, ""6"": 1, ""7"": 1, ""8"": 1, ""9"": 1, ""10"": 1, ""11"": 1, ""12"": 1, ""13"": 1, ""14"": 1, ""15"": 1, ""16"": 1, ""17"": 1, ""18"": 1, ""19"": 1, ""20"": 1, ""21"": 1, ""22"": 1024}, ""prefill_allocations"": {""22"": 1024}, ""decode_allocations"": {""0"": 1, ""1"": 1, ""2"": 1, ""3"": 1, ""4"": 1, ""5"": 1, ""6"": 1, ""7"": 1, ""8"": 1, ""9"": 1, ""10"": 1, ""11"": 1, ""12"": 1, ""13"": 1, ""14"": 1, ""15"": 1, ""16"": 1, ""17"": 1, ""18"": 1, ""19"": 1, ""20"": 1, ""21"": 1}, ""heuristic"": ""EDF"", ""strategy"": ""Fixed"", ""history_phase"": ""multiple-child""}",train_root,,0.0,0,0.0,0.0
7003,150,96,96,adversary,0,0.0,[],[],[],0.0,[],0,0.0,0.0,"AdversaryAction(requests=[], stop_decode_ids=[])","{""type"": ""adversary"", ""requests"": [], ""stop_decode_ids"": [], ""history_phase"": ""forced_step:single-child""}",train_root,,0.0,0,0.0,0.0
7003,150,97,97,controller,0,0.0,[],[],[],0.0,[],3,0.0,0.0,"ControllerAction(token_budget=534, selected_request_ids=[0, 1, 2, 3, 4, 5, 6, 7, 8, 9, 10, 11, 12, 13, 14, 15, 16, 17, 18, 19, 20, 21, 23], token_allocations={0: 1, 1: 1, 2: 1, 3: 1, 4: 1, 5: 1, 6: 1, 7: 1, 8: 1, 9: 1, 10: 1, 11: 1, 12: 1, 13: 1, 14: 1, 15: 1, 16: 1, 17: 1, 18: 1, 19: 1, 20: 1, 21: 1, 23: 512}, prefill_allocations={23: 512}, decode_allocations={0: 1, 1: 1, 2: 1, 3: 1, 4: 1, 5: 1, 6: 1, 7: 1, 8: 1, 9: 1, 10: 1, 11: 1, 12: 1, 13: 1, 14: 1, 15: 1, 16: 1, 17: 1, 18: 1, 19: 1, 20: 1, 21: 1}, heuristic='LJF', strategy='Fixed', mapping=None)","{""type"": ""controller"", ""token_budget"": 534, ""selected_request_ids"": [0, 1, 2, 3, 4, 5, 6, 7, 8, 9, 10, 11, 12, 13, 14, 15, 16, 17, 18, 19, 20, 21, 23], ""token_allocations"": {""0"": 1, ""1"": 1, ""2"": 1, ""3"": 1, ""4"": 1, ""5"": 1, ""6"": 1, ""7"": 1, ""8"": 1, ""9"": 1, ""10"": 1, ""11"": 1, ""12"": 1, ""13"": 1, ""14"": 1, ""15"": 1, ""16"": 1, ""17"": 1, ""18"": 1, ""19"": 1, ""20"": 1, ""21"": 1, ""23"": 512}, ""prefill_allocations"": {""23"": 512}, ""decode_allocations"": {""0"": 1, ""1"": 1, ""2"": 1, ""3"": 1, ""4"": 1, ""5"": 1, ""6"": 1, ""7"": 1, ""8"": 1, ""9"": 1, ""10"": 1, ""11"": 1, ""12"": 1, ""13"": 1, ""14"": 1, ""15"": 1, ""16"": 1, ""17"": 1, ""18"": 1, ""19"": 1, ""20"": 1, ""21"": 1}, ""heuristic"": ""LJF"", ""strategy"": ""Fixed"", ""history_phase"": ""multiple-child""}",train_root,,0.0,0,0.0,0.0
7003,150,98,98,adversary,0,0.0,[],[],[],0.0,[],0,0.0,0.0,"AdversaryAction(requests=[], stop_decode_ids=[])","{""type"": ""adversary"", ""requests"": [], ""stop_decode_ids"": [], ""history_phase"": ""forced_step:single-child""}",train_root,,0.0,0,0.0,0.0
7003,150,99,99,controller,0,0.0,[],[],[],0.0,[],11,0.0,0.0,"ControllerAction(token_budget=1558, selected_request_ids=[0, 1, 2, 3, 4, 5, 6, 7, 8, 9, 10, 11, 12, 13, 14, 15, 16, 17, 18, 19, 20, 21, 24], token_allocations={0: 1, 1: 1, 2: 1, 3: 1, 4: 1, 5: 1, 6: 1, 7: 1, 8: 1, 9: 1, 10: 1, 11: 1, 12: 1, 13: 1, 14: 1, 15: 1, 16: 1, 17: 1, 18: 1, 19: 1, 20: 1, 21: 1, 24: 1536}, prefill_allocations={24: 1536}, decode_allocations={0: 1, 1: 1, 2: 1, 3: 1, 4: 1, 5: 1, 6: 1, 7: 1, 8: 1, 9: 1, 10: 1, 11: 1, 12: 1, 13: 1, 14: 1, 15: 1, 16: 1, 17: 1, 18: 1, 19: 1, 20: 1, 21: 1}, heuristic='LJF', strategy='Fixed', mapping=None)","{""type"": ""controller"", ""token_budget"": 1558, ""selected_request_ids"": [0, 1, 2, 3, 4, 5, 6, 7, 8, 9, 10, 11, 12, 13, 14, 15, 16, 17, 18, 19, 20, 21, 24], ""token_allocations"": {""0"": 1, ""1"": 1, ""2"": 1, ""3"": 1, ""4"": 1, ""5"": 1, ""6"": 1, ""7"": 1, ""8"": 1, ""9"": 1, ""10"": 1, ""11"": 1, ""12"": 1, ""13"": 1, ""14"": 1, ""15"": 1, ""16"": 1, ""17"": 1, ""18"": 1, ""19"": 1, ""20"": 1, ""21"": 1, ""24"": 1536}, ""prefill_allocations"": {""24"": 1536}, ""decode_allocations"": {""0"": 1, ""1"": 1, ""2"": 1, ""3"": 1, ""4"": 1, ""5"": 1, ""6"": 1, ""7"": 1, ""8"": 1, ""9"": 1, ""10"": 1, ""11"": 1, ""12"": 1, ""13"": 1, ""14"": 1, ""15"": 1, ""16"": 1, ""17"": 1, ""18"": 1, ""19"": 1, ""20"": 1, ""21"": 1}, ""heuristic"": ""LJF"", ""strategy"": ""Fixed"", ""history_phase"": ""multiple-child""}",train_root,,0.0,0,0.0,0.0
7003,150,100,100,adversary,0,0.0,[],[],[],0.0,[],0,0.0,0.0,"AdversaryAction(requests=[], stop_decode_ids=[])","{""type"": ""adversary"", ""requests"": [], ""stop_decode_ids"": [], ""history_phase"": ""forced_step:single-child""}",train_root,,0.0,0,0.0,0.0
7003,150,101,100,controller,8000,-29.101747512817383,"[0.1460038274526596, 0.1398080438375473, 0.17080911993980408, 0.17659176886081696, 0.07430039346218109, 0.07120437175035477, 0.08995246142148972, 0.09006978571414948, 0.0029816548340022564, 0.0025512725114822388, 0.002643909538164735, 0.00302173662930727, 0.0029763136990368366, 0.0023306177463382483, 0.0031744588632136583, 0.0035637104883790016, 0.002167432801797986, 0.002040005987510085, 0.0020750146359205246, 0.0025077133905142546, 0.002207809593528509, 0.0023216111585497856, 0.0023375984746962786, 0.0023594095837324858]","[0.12792127601865697, 0.12249283924539747, 0.1496544368702133, 0.15472090561729956, 0.06509830123085138, 0.06238572132888473, 0.07881186299576265, 0.07891465669293397, 0.01, 0.01, 0.01, 0.01, 0.01, 0.01, 0.01, 0.01, 0.01, 0.01, 0.01, 0.01, 0.01, 0.01, 0.01, 0.01]","[true, true, true, true, true, true, true, true, true, true, true, true, true, true, true, true, true, true, true, true, true, true, true, true]",-34.586638197367435,"[0.143875, 0.1375, 0.175875, 0.175875, 0.07125, 0.069875, 0.0886875, 0.0886875, 0.004625, 0.005, 0.005125, 0.005125, 0.002875, 0.003125, 0.00325, 0.00325, 0.002125, 0.00225, 0.00225, 0.00225, 0.00175, 0.00175, 0.0018125, 0.0018125]",2,0.175875,0.17080911993980408,"ControllerAction(token_budget=534, selected_request_ids=[0, 1, 2, 3, 4, 5, 6, 7, 8, 9, 10, 11, 12, 13, 14, 15, 16, 17, 18, 19, 20, 21, 25], token_allocations={0: 1, 1: 1, 2: 1, 3: 1, 4: 1, 5: 1, 6: 1, 7: 1, 8: 1, 9: 1, 10: 1, 11: 1, 12: 1, 13: 1, 14: 1, 15: 1, 16: 1, 17: 1, 18: 1, 19: 1, 20: 1, 21: 1, 25: 512}, prefill_allocations={25: 512}, decode_allocations={0: 1, 1: 1, 2: 1, 3: 1, 4: 1, 5: 1, 6: 1, 7: 1, 8: 1, 9: 1, 10: 1, 11: 1, 12: 1, 13: 1, 14: 1, 15: 1, 16: 1, 17: 1, 18: 1, 19: 1, 20: 1, 21: 1}, heuristic='LST', strategy='Fixed', mapping=None)","{""type"": ""controller"", ""token_budget"": 534, ""selected_request_ids"": [0, 1, 2, 3, 4, 5, 6, 7, 8, 9, 10, 11, 12, 13, 14, 15, 16, 17, 18, 19, 20, 21, 25], ""token_allocations"": {""0"": 1, ""1"": 1, ""2"": 1, ""3"": 1, ""4"": 1, ""5"": 1, ""6"": 1, ""7"": 1, ""8"": 1, ""9"": 1, ""10"": 1, ""11"": 1, ""12"": 1, ""13"": 1, ""14"": 1, ""15"": 1, ""16"": 1, ""17"": 1, ""18"": 1, ""19"": 1, ""20"": 1, ""21"": 1, ""25"": 512}, ""prefill_allocations"": {""25"": 512}, ""decode_allocations"": {""0"": 1, ""1"": 1, ""2"": 1, ""3"": 1, ""4"": 1, ""5"": 1, ""6"": 1, ""7"": 1, ""8"": 1, ""9"": 1, ""10"": 1, ""11"": 1, ""12"": 1, ""13"": 1, ""14"": 1, ""15"": 1, ""16"": 1, ""17"": 1, ""18"": 1, ""19"": 1, ""20"": 1, ""21"": 1}, ""heuristic"": ""LST"", ""strategy"": ""Fixed""}",train_root,,7.142570122631271,22,14.262502517820977,36.26250251782098
7003,151,103,115379,controller,8000,-29.4267520904541,"[0.15058283507823944, 0.14401763677597046, 0.17462065815925598, 0.18063713610172272, 0.06961674243211746, 0.06790587306022644, 0.08498462289571762, 0.08518347144126892, 0.003086012089625001, 0.002672509290277958, 0.002732212422415614, 0.003112070495262742, 0.003060227492824197, 0.002418179763481021, 0.003262327052652836, 0.003584144404157996, 0.0022104710806161165, 0.0021469055209308863, 0.0021236364264041185, 0.002576033817604184, 0.002268995624035597, 0.0023926924914121628, 0.0024263516534119844, 0.00237831799313426]","[0.1320972447816079, 0.12633799203062854, 0.15318417808247317, 0.15846207153610772, 0.061070571962438105, 0.05956972938572198, 0.07455188718883765, 0.07472632503218485, 0.01, 0.01, 0.01, 0.01, 0.01, 0.01, 0.01, 0.01, 0.01, 0.01, 0.01, 0.01, 0.01, 0.01, 0.01, 0.01]","[true, true, true, true, true, true, true, true, true, true, true, true, true, true, true, true, true, true, true, true, true, true, true, true]",-34.586046812574814,"[0.147875, 0.141125, 0.1810625, 0.1810625, 0.066625, 0.0665, 0.083625, 0.083625, 0.004625, 0.005, 0.005125, 0.005125, 0.002875, 0.003125, 0.00325, 0.00325, 0.002125, 0.00225, 0.00225, 0.00225, 0.00175, 0.001875, 0.0018125, 0.0018125]",2,0.1810625,0.17462065815925598,"ControllerAction(token_budget=534, selected_request_ids=[0, 1, 2, 3, 4, 5, 6, 7, 8, 9, 10, 11, 12, 13, 14, 15, 16, 17, 18, 19, 20, 21, 26], token_allocations={0: 1, 1: 1, 2: 1, 3: 1, 4: 1, 5: 1, 6: 1, 7: 1, 8: 1, 9: 1, 10: 1, 11: 1, 12: 1, 13: 1, 14: 1, 15: 1, 16: 1, 17: 1, 18: 1, 19: 1, 20: 1, 21: 1, 26: 512}, prefill_allocations={26: 512}, decode_allocations={0: 1, 1: 1, 2: 1, 3: 1, 4: 1, 5: 1, 6: 1, 7: 1, 8: 1, 9: 1, 10: 1, 11: 1, 12: 1, 13: 1, 14: 1, 15: 1, 16: 1, 17: 1, 18: 1, 19: 1, 20: 1, 21: 1}, heuristic='LST', strategy='Fixed', mapping=None)","{""type"": ""controller"", ""token_budget"": 534, ""selected_request_ids"": [0, 1, 2, 3, 4, 5, 6, 7, 8, 9, 10, 11, 12, 13, 14, 15, 16, 17, 18, 19, 20, 21, 26], ""token_allocations"": {""0"": 1, ""1"": 1, ""2"": 1, ""3"": 1, ""4"": 1, ""5"": 1, ""6"": 1, ""7"": 1, ""8"": 1, ""9"": 1, ""10"": 1, ""11"": 1, ""12"": 1, ""13"": 1, ""14"": 1, ""15"": 1, ""16"": 1, ""17"": 1, ""18"": 1, ""19"": 1, ""20"": 1, ""21"": 1, ""26"": 512}, ""prefill_allocations"": {""26"": 512}, ""decode_allocations"": {""0"": 1, ""1"": 1, ""2"": 1, ""3"": 1, ""4"": 1, ""5"": 1, ""6"": 1, ""7"": 1, ""8"": 1, ""9"": 1, ""10"": 1, ""11"": 1, ""12"": 1, ""13"": 1, ""14"": 1, ""15"": 1, ""16"": 1, ""17"": 1, ""18"": 1, ""19"": 1, ""20"": 1, ""21"": 1}, ""heuristic"": ""LST"", ""strategy"": ""Fixed""}",train_root,,7.169337682363434,22,14.262502517820977,36.26250251782098
7003,152,105,228158,controller,8000,-29.507484436035156,"[0.15446284413337708, 0.14882008731365204, 0.17783388495445251, 0.18383435904979706, 0.06515687704086304, 0.06437307596206665, 0.08102427423000336, 0.08084037154912949, 0.0031183527316898108, 0.002813813742250204, 0.002814639126881957, 0.00322856311686337, 0.003136248793452978, 0.0025414058472961187, 0.003275482915341854, 0.0036233270075172186, 0.0022815302945673466, 0.002315643010661006, 0.0021656611934304237, 0.00259481486864388, 0.0023067528381943703, 0.0024310306180268526, 0.002555102575570345, 0.0024518598802387714]","[0.13567141986490233, 0.1307151416480944, 0.15619921934772138, 0.16146969617304127, 0.05723011298732502, 0.0565416664819627, 0.07116713660157459, 0.07100560689537823, 0.01, 0.01, 0.01, 0.01, 0.01, 0.01, 0.01, 0.01, 0.01, 0.01, 0.01, 0.01, 0.01, 0.01, 0.01, 0.01]","[true, true, true, true, true, true, true, true, true, true, true, true, true, true, true, true, true, true, true, true, true, true, true, true]",-34.58569893804508,"[0.15175, 0.146, 0.1846875, 0.1846875, 0.062375, 0.063, 0.0795, 0.0795, 0.004625, 0.005, 0.005125, 0.005125, 0.002875, 0.003125, 0.00325, 0.00325, 0.002125, 0.00225, 0.00225, 0.00225, 0.00175, 0.001875, 0.0018125, 0.0018125]",2,0.1846875,0.17783388495445251,"ControllerAction(token_budget=534, selected_request_ids=[0, 1, 2, 3, 4, 5, 6, 7, 8, 9, 10, 11, 12, 13, 14, 15, 16, 17, 18, 19, 20, 21, 23], token_allocations={0: 1, 1: 1, 2: 1, 3: 1, 4: 1, 5: 1, 6: 1, 7: 1, 8: 1, 9: 1, 10: 1, 11: 1, 12: 1, 13: 1, 14: 1, 15: 1, 16: 1, 17: 1, 18: 1, 19: 1, 20: 1, 21: 1, 23: 512}, prefill_allocations={23: 512}, decode_allocations={0: 1, 1: 1, 2: 1, 3: 1, 4: 1, 5: 1, 6: 1, 7: 1, 8: 1, 9: 1, 10: 1, 11: 1, 12: 1, 13: 1, 14: 1, 15: 1, 16: 1, 17: 1, 18: 1, 19: 1, 20: 1, 21: 1}, heuristic='LST', strategy='Fixed', mapping=None)","{""type"": ""controller"", ""token_budget"": 534, ""selected_request_ids"": [0, 1, 2, 3, 4, 5, 6, 7, 8, 9, 10, 11, 12, 13, 14, 15, 16, 17, 18, 19, 20, 21, 23], ""token_allocations"": {""0"": 1, ""1"": 1, ""2"": 1, ""3"": 1, ""4"": 1, ""5"": 1, ""6"": 1, ""7"": 1, ""8"": 1, ""9"": 1, ""10"": 1, ""11"": 1, ""12"": 1, ""13"": 1, ""14"": 1, ""15"": 1, ""16"": 1, ""17"": 1, ""18"": 1, ""19"": 1, ""20"": 1, ""21"": 1, ""23"": 512}, ""prefill_allocations"": {""23"": 512}, ""decode_allocations"": {""0"": 1, ""1"": 1, ""2"": 1, ""3"": 1, ""4"": 1, ""5"": 1, ""6"": 1, ""7"": 1, ""8"": 1, ""9"": 1, ""10"": 1, ""11"": 1, ""12"": 1, ""13"": 1, ""14"": 1, ""15"": 1, ""16"": 1, ""17"": 1, ""18"": 1, ""19"": 1, ""20"": 1, ""21"": 1}, ""heuristic"": ""LST"", ""strategy"": ""Fixed""}",train_root,,7.196105242095597,22,14.262502517820977,36.26250251782098
7003,153,107,337183,controller,8000,-29.840167999267578,"[0.15890753269195557, 0.152924045920372, 0.18133659660816193, 0.18755997717380524, 0.06082754209637642, 0.061178058385849, 0.07627391070127487, 0.07618086785078049, 0.003219395410269499, 0.002940697595477104, 0.002901191357523203, 0.003316545858979225, 0.003216502722352743, 0.002630193717777729, 0.003357781795784831, 0.0036339566577225924, 0.0023205578327178955, 0.0024312790483236313, 0.002210435923188925, 0.0026587722823023796, 0.002364509738981724, 0.0024992842227220535, 0.002645757282152772, 0.002464591059833765]","[0.1397444829677834, 0.13448255956443902, 0.15946877096926906, 0.16494165878474767, 0.05349219937192768, 0.05380044604100841, 0.06707585244270882, 0.06699402985811562, 0.01, 0.01, 0.01, 0.01, 0.01, 0.01, 0.01, 0.01, 0.01, 0.01, 0.01, 0.01, 0.01, 0.01, 0.01, 0.01]","[true, true, true, true, true, true, true, true, true, true, true, true, true, true, true, true, true, true, true, true, true, true, true, true]",-34.58544289260546,"[0.156125, 0.15, 0.1886875, 0.1886875, 0.05825, 0.06, 0.0749375, 0.0749375, 0.004625, 0.005, 0.005125, 0.005125, 0.002875, 0.003125, 0.00325, 0.00325, 0.002125, 0.00225, 0.00225, 0.00225, 0.00175, 0.00175, 0.0018125, 0.0018125]",2,0.1886875,0.18133659660816193,"ControllerAction(token_budget=534, selected_request_ids=[0, 1, 2, 3, 4, 5, 6, 7, 8, 9, 10, 11, 12, 13, 14, 15, 16, 17, 18, 19, 20, 21, 25], token_allocations={0: 1, 1: 1, 2: 1, 3: 1, 4: 1, 5: 1, 6: 1, 7: 1, 8: 1, 9: 1, 10: 1, 11: 1, 12: 1, 13: 1, 14: 1, 15: 1, 16: 1, 17: 1, 18: 1, 19: 1, 20: 1, 21: 1, 25: 512}, prefill_allocations={25: 512}, decode_allocations={0: 1, 1: 1, 2: 1, 3: 1, 4: 1, 5: 1, 6: 1, 7: 1, 8: 1, 9: 1, 10: 1, 11: 1, 12: 1, 13: 1, 14: 1, 15: 1, 16: 1, 17: 1, 18: 1, 19: 1, 20: 1, 21: 1}, heuristic='LST', strategy='Fixed', mapping=None)","{""type"": ""controller"", ""token_budget"": 534, ""selected_request_ids"": [0, 1, 2, 3, 4, 5, 6, 7, 8, 9, 10, 11, 12, 13, 14, 15, 16, 17, 18, 19, 20, 21, 25], ""token_allocations"": {""0"": 1, ""1"": 1, ""2"": 1, ""3"": 1, ""4"": 1, ""5"": 1, ""6"": 1, ""7"": 1, ""8"": 1, ""9"": 1, ""10"": 1, ""11"": 1, ""12"": 1, ""13"": 1, ""14"": 1, ""15"": 1, ""16"": 1, ""17"": 1, ""18"": 1, ""19"": 1, ""20"": 1, ""21"": 1, ""25"": 512}, ""prefill_allocations"": {""25"": 512}, ""decode_allocations"": {""0"": 1, ""1"": 1, ""2"": 1, ""3"": 1, ""4"": 1, ""5"": 1, ""6"": 1, ""7"": 1, ""8"": 1, ""9"": 1, ""10"": 1, ""11"": 1, ""12"": 1, ""13"": 1, ""14"": 1, ""15"": 1, ""16"": 1, ""17"": 1, ""18"": 1, ""19"": 1, ""20"": 1, ""21"": 1}, ""heuristic"": ""LST"", ""strategy"": ""Fixed""}",train_root,,7.22321309955576,22,14.262502517820977,36.26250251782098
7003,154,109,444052,controller,8000,-30.17519760131836,"[0.16324912011623383, 0.1569189727306366, 0.18464688956737518, 0.19109049439430237, 0.056705594062805176, 0.058059435337781906, 0.0717005506157875, 0.07168843597173691, 0.003319013165310025, 0.0030689602717757225, 0.002986177569255233, 0.0034021115861833096, 0.003294148715212941, 0.002718236530199647, 0.003437281120568514, 0.0036394663620740175, 0.0023569175973534584, 0.002549083437770605, 0.0022529473062604666, 0.0027204565703868866, 0.002420286415144801, 0.002565822098404169, 0.0027357572689652443, 0.0024738863576203585]","[0.1437324002674779, 0.1381590331514348, 0.16257202869177115, 0.16824528921219492, 0.04992634041419092, 0.051118327580155665, 0.06312862349989543, 0.06311795718287921, 0.01, 0.01, 0.01, 0.01, 0.01, 0.01, 0.01, 0.01, 0.01, 0.01, 0.01, 0.01, 0.01, 0.01, 0.01, 0.01]","[true, true, true, true, true, true, true, true, true, true, true, true, true, true, true, true, true, true, true, true, true, true, true, true]",-34.584907617536615,"[0.16375, 0.153, 0.189875, 0.189875, 0.054625, 0.0565, 0.0720625, 0.0720625, 0.00475, 0.005125, 0.0053125, 0.0053125, 0.003125, 0.003375, 0.003375, 0.003375, 0.00225, 0.002375, 0.002375, 0.002375, 0.001875, 0.001875, 0.0006875, 0.0006875]",2,0.189875,0.18464688956737518,"ControllerAction(token_budget=534, selected_request_ids=[0, 1, 2, 3, 4, 5, 6, 7, 8, 9, 10, 11, 12, 13, 14, 15, 16, 17, 18, 19, 20, 21, 26], token_allocations={0: 1, 1: 1, 2: 1, 3: 1, 4: 1, 5: 1, 6: 1, 7: 1, 8: 1, 9: 1, 10: 1, 11: 1, 12: 1, 13: 1, 14: 1, 15: 1, 16: 1, 17: 1, 18: 1, 19: 1, 20: 1, 21: 1, 26: 512}, prefill_allocations={26: 512}, decode_allocations={0: 1, 1: 1, 2: 1, 3: 1, 4: 1, 5: 1, 6: 1, 7: 1, 8: 1, 9: 1, 10: 1, 11: 1, 12: 1, 13: 1, 14: 1, 15: 1, 16: 1, 17: 1, 18: 1, 19: 1, 20: 1, 21: 1}, heuristic='LST', strategy='Fixed', mapping=None)","{""type"": ""controller"", ""token_budget"": 534, ""selected_request_ids"": [0, 1, 2, 3, 4, 5, 6, 7, 8, 9, 10, 11, 12, 13, 14, 15, 16, 17, 18, 19, 20, 21, 26], ""token_allocations"": {""0"": 1, ""1"": 1, ""2"": 1, ""3"": 1, ""4"": 1, ""5"": 1, ""6"": 1, ""7"": 1, ""8"": 1, ""9"": 1, ""10"": 1, ""11"": 1, ""12"": 1, ""13"": 1, ""14"": 1, ""15"": 1, ""16"": 1, ""17"": 1, ""18"": 1, ""19"": 1, ""20"": 1, ""21"": 1, ""26"": 512}, ""prefill_allocations"": {""26"": 512}, ""decode_allocations"": {""0"": 1, ""1"": 1, ""2"": 1, ""3"": 1, ""4"": 1, ""5"": 1, ""6"": 1, ""7"": 1, ""8"": 1, ""9"": 1, ""10"": 1, ""11"": 1, ""12"": 1, ""13"": 1, ""14"": 1, ""15"": 1, ""16"": 1, ""17"": 1, ""18"": 1, ""19"": 1, ""20"": 1, ""21"": 1}, ""heuristic"": ""LST"", ""strategy"": ""Fixed""}",train_root,,7.250320957015924,22,14.262502517820977,36.26250251782098
7003,155,111,542529,controller,8000,-30.259925842285156,"[0.166851207613945, 0.1615743339061737, 0.1873561292886734, 0.19375646114349365, 0.052821457386016846, 0.05478743463754654, 0.0680379793047905, 0.06771485507488251, 0.0033416931983083487, 0.003220184938982129, 0.0030649984255433083, 0.0035165187437087297, 0.0033637136220932007, 0.0028463571798056364, 0.0034387691412121058, 0.00366496155038476, 0.002423445926979184, 0.0027399619575589895, 0.0022888111416250467, 0.002730348613113165, 0.002451449166983366, 0.0025976381730288267, 0.0028708491008728743, 0.0025404386688023806]","[0.14708262695892085, 0.14243095881597723, 0.16515811942094788, 0.17080013805586214, 0.04656315541994751, 0.048296203102560144, 0.059976819300460976, 0.059691978925323214, 0.01, 0.01, 0.01, 0.01, 0.01, 0.01, 0.01, 0.01, 0.01, 0.01, 0.01, 0.01, 0.01, 0.01, 0.01, 0.01]","[true, true, true, true, true, true, true, true, true, true, true, true, true, true, true, true, true, true, true, true, true, true, true, true]",-34.58540722433768,"[0.167875, 0.183625, 0.183625, 0.183625, 0.050375, 0.06375, 0.06375, 0.06375, 0.00475, 0.005208333333333333, 0.005208333333333333, 0.005208333333333333, 0.003125, 0.0034166666666666664, 0.0034166666666666664, 0.0034166666666666664, 0.00075, 0.00075, 0.00075, 0.00075, 0.000625, 0.00075, 0.00075, 0.00075]",1,0.183625,0.1615743339061737,"ControllerAction(token_budget=534, selected_request_ids=[0, 1, 2, 3, 4, 5, 6, 7, 8, 9, 10, 11, 12, 13, 14, 15, 16, 17, 18, 19, 20, 21, 22], token_allocations={0: 1, 1: 1, 2: 1, 3: 1, 4: 1, 5: 1, 6: 1, 7: 1, 8: 1, 9: 1, 10: 1, 11: 1, 12: 1, 13: 1, 14: 1, 15: 1, 16: 1, 17: 1, 18: 1, 19: 1, 20: 1, 21: 1, 22: 512}, prefill_allocations={22: 512}, decode_allocations={0: 1, 1: 1, 2: 1, 3: 1, 4: 1, 5: 1, 6: 1, 7: 1, 8: 1, 9: 1, 10: 1, 11: 1, 12: 1, 13: 1, 14: 1, 15: 1, 16: 1, 17: 1, 18: 1, 19: 1, 20: 1, 21: 1}, heuristic='EDF', strategy='Fixed', mapping=None)","{""type"": ""controller"", ""token_budget"": 534, ""selected_request_ids"": [0, 1, 2, 3, 4, 5, 6, 7, 8, 9, 10, 11, 12, 13, 14, 15, 16, 17, 18, 19, 20, 21, 22], ""token_allocations"": {""0"": 1, ""1"": 1, ""2"": 1, ""3"": 1, ""4"": 1, ""5"": 1, ""6"": 1, ""7"": 1, ""8"": 1, ""9"": 1, ""10"": 1, ""11"": 1, ""12"": 1, ""13"": 1, ""14"": 1, ""15"": 1, ""16"": 1, ""17"": 1, ""18"": 1, ""19"": 1, ""20"": 1, ""21"": 1, ""22"": 512}, ""prefill_allocations"": {""22"": 512}, ""decode_allocations"": {""0"": 1, ""1"": 1, ""2"": 1, ""3"": 1, ""4"": 1, ""5"": 1, ""6"": 1, ""7"": 1, ""8"": 1, ""9"": 1, ""10"": 1, ""11"": 1, ""12"": 1, ""13"": 1, ""14"": 1, ""15"": 1, ""16"": 1, ""17"": 1, ""18"": 1, ""19"": 1, ""20"": 1, ""21"": 1}, ""heuristic"": ""EDF"", ""strategy"": ""Fixed""}",train_root,,7.277428814476087,22,14.262502517820977,36.26250251782098
7003,156,113,639262,controller,8000,-30.601051330566406,"[0.1710306704044342, 0.1654403656721115, 0.19033955037593842, 0.19694538414478302, 0.04905169829726219, 0.05180639773607254, 0.06371472030878067, 0.06348052620887756, 0.0034374736715108156, 0.003354143351316452, 0.0031475548166781664, 0.003598959418013692, 0.0034371688961982727, 0.002934998134151101, 0.0035125184804201126, 0.0036609151866286993, 0.0024552932009100914, 0.00286706630140543, 0.0023270337842404842, 0.0027874356601387262, 0.0025033780839294195, 0.0026610607746988535, 0.002962422790005803, 0.0025432929396629333]","[0.15093964847278857, 0.14600603844157467, 0.16798030877313286, 0.1738101533535306, 0.04328958122232842, 0.045720685327568726, 0.05623013383042941, 0.056023450578646626, 0.01, 0.01, 0.01, 0.01, 0.01, 0.01, 0.01, 0.01, 0.01, 0.01, 0.01, 0.01, 0.01, 0.01, 0.01, 0.01]","[true, true, true, true, true, true, true, true, true, true, true, true, true, true, true, true, true, true, true, true, true, true, true, true]",-34.586221692639725,"[0.1725, 0.1725, 0.1986875, 0.1986875, 0.0495, 0.0495, 0.0649375, 0.0649375, 0.0048125, 0.0048125, 0.0051875, 0.0051875, 0.00075, 0.00075, 0.0008125, 0.0008125, 0.00075, 0.00075, 0.00075, 0.00075, 0.000625, 0.000625, 0.0006875, 0.0006875]",2,0.1986875,0.19033955037593842,"ControllerAction(token_budget=534, selected_request_ids=[0, 1, 2, 3, 4, 5, 6, 7, 8, 9, 10, 11, 12, 13, 14, 15, 16, 17, 18, 19, 20, 21, 23], token_allocations={0: 1, 1: 1, 2: 1, 3: 1, 4: 1, 5: 1, 6: 1, 7: 1, 8: 1, 9: 1, 10: 1, 11: 1, 12: 1, 13: 1, 14: 1, 15: 1, 16: 1, 17: 1, 18: 1, 19: 1, 20: 1, 21: 1, 23: 512}, prefill_allocations={23: 512}, decode_allocations={0: 1, 1: 1, 2: 1, 3: 1, 4: 1, 5: 1, 6: 1, 7: 1, 8: 1, 9: 1, 10: 1, 11: 1, 12: 1, 13: 1, 14: 1, 15: 1, 16: 1, 17: 1, 18: 1, 19: 1, 20: 1, 21: 1}, heuristic='LST', strategy='Fixed', mapping=None)","{""type"": ""controller"", ""token_budget"": 534, ""selected_request_ids"": [0, 1, 2, 3, 4, 5, 6, 7, 8, 9, 10, 11, 12, 13, 14, 15, 16, 17, 18, 19, 20, 21, 23], ""token_allocations"": {""0"": 1, ""1"": 1, ""2"": 1, ""3"": 1, ""4"": 1, ""5"": 1, ""6"": 1, ""7"": 1, ""8"": 1, ""9"": 1, ""10"": 1, ""11"": 1, ""12"": 1, ""13"": 1, ""14"": 1, ""15"": 1, ""16"": 1, ""17"": 1, ""18"": 1, ""19"": 1, ""20"": 1, ""21"": 1, ""23"": 512}, ""prefill_allocations"": {""23"": 512}, ""decode_allocations"": {""0"": 1, ""1"": 1, ""2"": 1, ""3"": 1, ""4"": 1, ""5"": 1, ""6"": 1, ""7"": 1, ""8"": 1, ""9"": 1, ""10"": 1, ""11"": 1, ""12"": 1, ""13"": 1, ""14"": 1, ""15"": 1, ""16"": 1, ""17"": 1, ""18"": 1, ""19"": 1, ""20"": 1, ""21"": 1}, ""heuristic"": ""LST"", ""strategy"": ""Fixed""}",train_root,,7.30503482950425,22,14.262502517820977,36.26250251782098
7003,157,115,733963,controller,8000,-30.941661834716797,"[0.17508719861507416, 0.16917888820171356, 0.19311948120594025, 0.19992683827877045, 0.04549184814095497, 0.04892397299408913, 0.05958869308233261, 0.059433694928884506, 0.003531408030539751, 0.0034891406539827585, 0.003228138666599989, 0.003678550710901618, 0.0035076674539595842, 0.0030224721413105726, 0.0035831897985190153, 0.0036521253641694784, 0.0024843288119882345, 0.0029961708933115005, 0.002362822648137808, 0.0028420223388820887, 0.002553088590502739, 0.002722494537010789, 0.0030529482755810022, 0.002542843809351325]","[0.15469171878200424, 0.14947165300809406, 0.17062346484686894, 0.17663784953226236, 0.04019261393841491, 0.04322493895592219, 0.052647351866909955, 0.052510409069523395, 0.01, 0.01, 0.01, 0.01, 0.01, 0.01, 0.01, 0.01, 0.01, 0.01, 0.01, 0.01, 0.01, 0.01, 0.01, 0.01]","[true, true, true, true, true, true, true, true, true, true, true, true, true, true, true, true, true, true, true, true, true, true, true, true]",-34.58980933426463,"[0.179375, 0.179375, 0.2051875, 0.2051875, 0.0475, 0.0475, 0.0618125, 0.0618125, 0.0008125, 0.0008125, 0.000875, 0.000875, 0.00075, 0.00075, 0.0008125, 0.0008125, 0.00075, 0.00075, 0.00075, 0.00075, 0.0006875, 0.0006875, 0.0006875, 0.0006875]",2,0.2051875,0.19311948120594025,"ControllerAction(token_budget=534, selected_request_ids=[0, 1, 2, 3, 4, 5, 6, 7, 8, 9, 10, 11, 12, 13, 14, 15, 16, 17, 18, 19, 20, 21, 25], token_allocations={0: 1, 1: 1, 2: 1, 3: 1, 4: 1, 5: 1, 6: 1, 7: 1, 8: 1, 9: 1, 10: 1, 11: 1, 12: 1, 13: 1, 14: 1, 15: 1, 16: 1, 17: 1, 18: 1, 19: 1, 20: 1, 21: 1, 25: 512}, prefill_allocations={25: 512}, decode_allocations={0: 1, 1: 1, 2: 1, 3: 1, 4: 1, 5: 1, 6: 1, 7: 1, 8: 1, 9: 1, 10: 1, 11: 1, 12: 1, 13: 1, 14: 1, 15: 1, 16: 1, 17: 1, 18: 1, 19: 1, 20: 1, 21: 1}, heuristic='LST', strategy='Fixed', mapping=None)","{""type"": ""controller"", ""token_budget"": 534, ""selected_request_ids"": [0, 1, 2, 3, 4, 5, 6, 7, 8, 9, 10, 11, 12, 13, 14, 15, 16, 17, 18, 19, 20, 21, 25], ""token_allocations"": {""0"": 1, ""1"": 1, ""2"": 1, ""3"": 1, ""4"": 1, ""5"": 1, ""6"": 1, ""7"": 1, ""8"": 1, ""9"": 1, ""10"": 1, ""11"": 1, ""12"": 1, ""13"": 1, ""14"": 1, ""15"": 1, ""16"": 1, ""17"": 1, ""18"": 1, ""19"": 1, ""20"": 1, ""21"": 1, ""25"": 512}, ""prefill_allocations"": {""25"": 512}, ""decode_allocations"": {""0"": 1, ""1"": 1, ""2"": 1, ""3"": 1, ""4"": 1, ""5"": 1, ""6"": 1, ""7"": 1, ""8"": 1, ""9"": 1, ""10"": 1, ""11"": 1, ""12"": 1, ""13"": 1, ""14"": 1, ""15"": 1, ""16"": 1, ""17"": 1, ""18"": 1, ""19"": 1, ""20"": 1, ""21"": 1}, ""heuristic"": ""LST"", ""strategy"": ""Fixed""}",train_root,,7.332640844532413,22,14.262502517820977,36.26250251782098
7003,158,117,828823,controller,8000,-31.280555725097656,"[0.1790178418159485, 0.17278756201267242, 0.19569715857505798, 0.20270197093486786, 0.04213806241750717, 0.04614466056227684, 0.055660784244537354, 0.055575888603925705, 0.003623412223532796, 0.0036250727716833353, 0.0033066824544221163, 0.003755240933969617, 0.0035751734394580126, 0.0031086939852684736, 0.0036507549230009317, 0.0036388395819813013, 0.002510592108592391, 0.0031272098422050476, 0.0023961879778653383, 0.0028940862976014614, 0.002600558800622821, 0.0027818914968520403, 0.003142339875921607, 0.002539243781939149]","[0.1583354725591918, 0.15282499222482426, 0.17308778704487998, 0.1792833162945246, 0.03726974896985001, 0.04081345502826128, 0.04923015765900544, 0.049155070219462506, 0.01, 0.01, 0.01, 0.01, 0.01, 0.01, 0.01, 0.01, 0.01, 0.01, 0.01, 0.01, 0.01, 0.01, 0.01, 0.01]","[true, true, true, true, true, true, true, true, true, true, true, true, true, true, true, true, true, true, true, true, true, true, true, true]",-36.9711178453361,"[0.1808125, 0.1808125, 0.2056875, 0.2056875, 0.036875, 0.036875, 0.048, 0.048, 0.0051875, 0.0051875, 0.0055, 0.0055, 0.003625, 0.003625, 0.003875, 0.003875, 0.0028125, 0.0028125, 0.002875, 0.002875, 0.002375, 0.002375, 0.002375, 0.002375]",2,0.2056875,0.19569715857505798,"ControllerAction(token_budget=534, selected_request_ids=[0, 1, 2, 3, 4, 5, 6, 7, 8, 9, 10, 11, 12, 13, 14, 15, 16, 17, 18, 19, 20, 21, 26], token_allocations={0: 1, 1: 1, 2: 1, 3: 1, 4: 1, 5: 1, 6: 1, 7: 1, 8: 1, 9: 1, 10: 1, 11: 1, 12: 1, 13: 1, 14: 1, 15: 1, 16: 1, 17: 1, 18: 1, 19: 1, 20: 1, 21: 1, 26: 512}, prefill_allocations={26: 512}, decode_allocations={0: 1, 1: 1, 2: 1, 3: 1, 4: 1, 5: 1, 6: 1, 7: 1, 8: 1, 9: 1, 10: 1, 11: 1, 12: 1, 13: 1, 14: 1, 15: 1, 16: 1, 17: 1, 18: 1, 19: 1, 20: 1, 21: 1}, heuristic='LST', strategy='Fixed', mapping=None)","{""type"": ""controller"", ""token_budget"": 534, ""selected_request_ids"": [0, 1, 2, 3, 4, 5, 6, 7, 8, 9, 10, 11, 12, 13, 14, 15, 16, 17, 18, 19, 20, 21, 26], ""token_allocations"": {""0"": 1, ""1"": 1, ""2"": 1, ""3"": 1, ""4"": 1, ""5"": 1, ""6"": 1, ""7"": 1, ""8"": 1, ""9"": 1, ""10"": 1, ""11"": 1, ""12"": 1, ""13"": 1, ""14"": 1, ""15"": 1, ""16"": 1, ""17"": 1, ""18"": 1, ""19"": 1, ""20"": 1, ""21"": 1, ""26"": 512}, ""prefill_allocations"": {""26"": 512}, ""decode_allocations"": {""0"": 1, ""1"": 1, ""2"": 1, ""3"": 1, ""4"": 1, ""5"": 1, ""6"": 1, ""7"": 1, ""8"": 1, ""9"": 1, ""10"": 1, ""11"": 1, ""12"": 1, ""13"": 1, ""14"": 1, ""15"": 1, ""16"": 1, ""17"": 1, ""18"": 1, ""19"": 1, ""20"": 1, ""21"": 1}, ""heuristic"": ""LST"", ""strategy"": ""Fixed""}",train_root,,7.360246859560577,22,14.262502517820977,36.26250251782098
7003,159,119,922852,controller,8000,-28.89251708984375,"[0.18312443792819977, 0.18168146908283234, 0.2434059977531433, 0.23950302600860596, 0.02237512357532978, 0.026357419788837433, 0.03926697000861168, 0.03786488622426987, 0.0018493966199457645, 0.0017743356293067336, 0.0019753496162593365, 0.0019586191046983004, 0.0017969160107895732, 0.0016521302750334144, 0.002040745923295617, 0.0019664610736072063, 0.0013268506154417992, 0.0016950248973444104, 0.0010964671382680535, 0.0014620035653933883, 0.0013299473794177175, 0.0016239542746916413, 0.0016126194968819618, 0.001259840908460319]","[0.15799896635157093, 0.1567539791252622, 0.21000963325194305, 0.20664216625347462, 0.019305159032225325, 0.022741066836549525, 0.03387937046147456, 0.03266965868749951, 0.01, 0.01, 0.01, 0.01, 0.01, 0.01, 0.01, 0.01, 0.01, 0.01, 0.01, 0.01, 0.01, 0.01, 0.01, 0.01]","[true, true, true, true, true, true, true, true, true, true, true, true, true, true, true, true, true, true, true, true, true, true, true, true]",-37.019119406294855,"[0.21, 0.21, 0.21, 0.21, 0.0256875, 0.0256875, 0.0256875, 0.0256875, 0.00528125, 0.00528125, 0.00528125, 0.00528125, 0.0036875, 0.0036875, 0.0036875, 0.0036875, 0.00290625, 0.00290625, 0.00290625, 0.00290625, 0.0024375, 0.0024375, 0.0024375, 0.0024375]",0,0.21,0.18312443792819977,"ControllerAction(token_budget=534, selected_request_ids=[0, 1, 2, 3, 4, 5, 6, 7, 8, 9, 10, 11, 12, 13, 14, 15, 16, 17, 18, 19, 20, 21, 22], token_allocations={0: 1, 1: 1, 2: 1, 3: 1, 4: 1, 5: 1, 6: 1, 7: 1, 8: 1, 9: 1, 10: 1, 11: 1, 12: 1, 13: 1, 14: 1, 15: 1, 16: 1, 17: 1, 18: 1, 19: 1, 20: 1, 21: 1, 22: 512}, prefill_allocations={22: 512}, decode_allocations={0: 1, 1: 1, 2: 1, 3: 1, 4: 1, 5: 1, 6: 1, 7: 1, 8: 1, 9: 1, 10: 1, 11: 1, 12: 1, 13: 1, 14: 1, 15: 1, 16: 1, 17: 1, 18: 1, 19: 1, 20: 1, 21: 1}, heuristic='SJF', strategy='Fixed', mapping=None)","{""type"": ""controller"", ""token_budget"": 534, ""selected_request_ids"": [0, 1, 2, 3, 4, 5, 6, 7, 8, 9, 10, 11, 12, 13, 14, 15, 16, 17, 18, 19, 20, 21, 22], ""token_allocations"": {""0"": 1, ""1"": 1, ""2"": 1, ""3"": 1, ""4"": 1, ""5"": 1, ""6"": 1, ""7"": 1, ""8"": 1, ""9"": 1, ""10"": 1, ""11"": 1, ""12"": 1, ""13"": 1, ""14"": 1, ""15"": 1, ""16"": 1, ""17"": 1, ""18"": 1, ""19"": 1, ""20"": 1, ""21"": 1, ""22"": 512}, ""prefill_allocations"": {""22"": 512}, ""decode_allocations"": {""0"": 1, ""1"": 1, ""2"": 1, ""3"": 1, ""4"": 1, ""5"": 1, ""6"": 1, ""7"": 1, ""8"": 1, ""9"": 1, ""10"": 1, ""11"": 1, ""12"": 1, ""13"": 1, ""14"": 1, ""15"": 1, ""16"": 1, ""17"": 1, ""18"": 1, ""19"": 1, ""20"": 1, ""21"": 1}, ""heuristic"": ""SJF"", ""strategy"": ""Fixed""}",train_root,,7.38785287458874,27,14.264532914682835,41.26453291468283
7003,160,121,1018332,controller,8000,-28.673982620239258,"[0.18455299735069275, 0.18135777115821838, 0.24576807022094727, 0.24586589634418488, 0.02109498344361782, 0.024719689041376114, 0.03625930845737457, 0.03511488065123558, 0.0017783266957849264, 0.0016831657849252224, 0.0018724800320342183, 0.0018572139088064432, 0.0017021327512338758, 0.0015817361418157816, 0.001993199111893773, 0.0018695777980610728, 0.0012675283942371607, 0.0016224944265559316, 0.001050004968419671, 0.001383408554829657, 0.001283071469515562, 0.0015502885216847062, 0.0015582006890326738, 0.001213603070937097]","[0.15904296138408391, 0.1562893987585067, 0.21179651516206716, 0.21188081916451512, 0.018179106735643623, 0.021302783515151538, 0.0312473266627125, 0.030261088617319125, 0.01, 0.01, 0.01, 0.01, 0.01, 0.01, 0.01, 0.01, 0.01, 0.01, 0.01, 0.01, 0.01, 0.01, 0.01, 0.01]","[true, true, true, true, true, true, true, true, true, true, true, true, true, true, true, true, true, true, true, true, true, true, true, true]",-37.069724616109305,"[0.1805625, 0.1805625, 0.24375, 0.24375, 0.018, 0.018, 0.0291875, 0.0291875, 0.0053125, 0.0053125, 0.00525, 0.00525, 0.0036875, 0.0036875, 0.0036875, 0.0036875, 0.002875, 0.002875, 0.0029375, 0.0029375, 0.0023125, 0.0023125, 0.0024375, 0.0024375]",2,0.24375,0.24576807022094727,"ControllerAction(token_budget=534, selected_request_ids=[0, 1, 2, 3, 4, 5, 6, 7, 8, 9, 10, 11, 12, 13, 14, 15, 16, 17, 18, 19, 20, 21, 23], token_allocations={0: 1, 1: 1, 2: 1, 3: 1, 4: 1, 5: 1, 6: 1, 7: 1, 8: 1, 9: 1, 10: 1, 11: 1, 12: 1, 13: 1, 14: 1, 15: 1, 16: 1, 17: 1, 18: 1, 19: 1, 20: 1, 21: 1, 23: 512}, prefill_allocations={23: 512}, decode_allocations={0: 1, 1: 1, 2: 1, 3: 1, 4: 1, 5: 1, 6: 1, 7: 1, 8: 1, 9: 1, 10: 1, 11: 1, 12: 1, 13: 1, 14: 1, 15: 1, 16: 1, 17: 1, 18: 1, 19: 1, 20: 1, 21: 1}, heuristic='LST', strategy='Fixed', mapping=None)","{""type"": ""controller"", ""token_budget"": 534, ""selected_request_ids"": [0, 1, 2, 3, 4, 5, 6, 7, 8, 9, 10, 11, 12, 13, 14, 15, 16, 17, 18, 19, 20, 21, 23], ""token_allocations"": {""0"": 1, ""1"": 1, ""2"": 1, ""3"": 1, ""4"": 1, ""5"": 1, ""6"": 1, ""7"": 1, ""8"": 1, ""9"": 1, ""10"": 1, ""11"": 1, ""12"": 1, ""13"": 1, ""14"": 1, ""15"": 1, ""16"": 1, ""17"": 1, ""18"": 1, ""19"": 1, ""20"": 1, ""21"": 1, ""23"": 512}, ""prefill_allocations"": {""23"": 512}, ""decode_allocations"": {""0"": 1, ""1"": 1, ""2"": 1, ""3"": 1, ""4"": 1, ""5"": 1, ""6"": 1, ""7"": 1, ""8"": 1, ""9"": 1, ""10"": 1, ""11"": 1, ""12"": 1, ""13"": 1, ""14"": 1, ""15"": 1, ""16"": 1, ""17"": 1, ""18"": 1, ""19"": 1, ""20"": 1, ""21"": 1}, ""heuristic"": ""LST"", ""strategy"": ""Fixed""}",train_root,,7.415902683024903,27,14.404781956863653,41.40478195686365
7003,161,123,1111622,controller,8000,-29.062137603759766,"[0.1873057335615158, 0.1838729977607727, 0.24719618260860443, 0.2474176436662674, 0.01936717890202999, 0.023114506155252457, 0.03357163071632385, 0.03254786878824234, 0.0018112114630639553, 0.0017362873768433928, 0.001903771422803402, 0.0018818196840584278, 0.0017220510635524988, 0.0016148078721016645, 0.0020158791448920965, 0.0018483836902305484, 0.0012711759191006422, 0.0016813401598483324, 0.0010567287681624293, 0.0013983356766402721, 0.0012971367686986923, 0.001572527689859271, 0.0015922390157356858, 0.0012024978641420603]","[0.16147149697724333, 0.15851222297140347, 0.21310152601261537, 0.2132924419436072, 0.016695951106642456, 0.019926426382204307, 0.02894124683028815, 0.028058687775995565, 0.01, 0.01, 0.01, 0.01, 0.01, 0.01, 0.01, 0.01, 0.01, 0.01, 0.01, 0.01, 0.01, 0.01, 0.01, 0.01]","[true, true, true, true, true, true, true, true, true, true, true, true, true, true, true, true, true, true, true, true, true, true, true, true]",-37.1189254201875,"[0.1829375, 0.1829375, 0.2448125, 0.2448125, 0.0166875, 0.0166875, 0.027125, 0.027125, 0.0051875, 0.0051875, 0.0053125, 0.0053125, 0.0035625, 0.0035625, 0.00375, 0.00375, 0.0028125, 0.0028125, 0.0029375, 0.0029375, 0.002375, 0.002375, 0.0025, 0.0025]",2,0.2448125,0.24719618260860443,"ControllerAction(token_budget=534, selected_request_ids=[0, 1, 2, 3, 4, 5, 6, 7, 8, 9, 10, 11, 12, 13, 14, 15, 16, 17, 18, 19, 20, 21, 24], token_allocations={0: 1, 1: 1, 2: 1, 3: 1, 4: 1, 5: 1, 6: 1, 7: 1, 8: 1, 9: 1, 10: 1, 11: 1, 12: 1, 13: 1, 14: 1, 15: 1, 16: 1, 17: 1, 18: 1, 19: 1, 20: 1, 21: 1, 24: 512}, prefill_allocations={24: 512}, decode_allocations={0: 1, 1: 1, 2: 1, 3: 1, 4: 1, 5: 1, 6: 1, 7: 1, 8: 1, 9: 1, 10: 1, 11: 1, 12: 1, 13: 1, 14: 1, 15: 1, 16: 1, 17: 1, 18: 1, 19: 1, 20: 1, 21: 1}, heuristic='LST', strategy='Fixed', mapping=None)","{""type"": ""controller"", ""token_budget"": 534, ""selected_request_ids"": [0, 1, 2, 3, 4, 5, 6, 7, 8, 9, 10, 11, 12, 13, 14, 15, 16, 17, 18, 19, 20, 21, 24], ""token_allocations"": {""0"": 1, ""1"": 1, ""2"": 1, ""3"": 1, ""4"": 1, ""5"": 1, ""6"": 1, ""7"": 1, ""8"": 1, ""9"": 1, ""10"": 1, ""11"": 1, ""12"": 1, ""13"": 1, ""14"": 1, ""15"": 1, ""16"": 1, ""17"": 1, ""18"": 1, ""19"": 1, ""20"": 1, ""21"": 1, ""24"": 512}, ""prefill_allocations"": {""24"": 512}, ""decode_allocations"": {""0"": 1, ""1"": 1, ""2"": 1, ""3"": 1, ""4"": 1, ""5"": 1, ""6"": 1, ""7"": 1, ""8"": 1, ""9"": 1, ""10"": 1, ""11"": 1, ""12"": 1, ""13"": 1, ""14"": 1, ""15"": 1, ""16"": 1, ""17"": 1, ""18"": 1, ""19"": 1, ""20"": 1, ""21"": 1}, ""heuristic"": ""LST"", ""strategy"": ""Fixed""}",train_root,,7.443952491461067,27,14.54503099904447,41.54503099904447
7003,162,125,1204517,controller,8000,-29.449405670166016,"[0.18995988368988037, 0.18628627061843872, 0.2484501451253891, 0.24879632890224457, 0.01776784285902977, 0.021597696468234062, 0.0310603566467762, 0.030146360397338867, 0.001843350357376039, 0.0017897718353196979, 0.0019341640872880816, 0.0019053530413657427, 0.0017409245483577251, 0.0016473603900521994, 0.002037320053204894, 0.0018260886427015066, 0.001273898291401565, 0.0017410424770787358, 0.0010627149604260921, 0.001412387122400105, 0.0013103944947943091, 0.0015939143486320972, 0.0016258275136351585, 0.0011906196596100926]","[0.16381485956907574, 0.16064686221237176, 0.21425484603937078, 0.2145533830024869, 0.01532237557877818, 0.0186251093927563, 0.026785381541735008, 0.02599718266342513, 0.01, 0.01, 0.01, 0.01, 0.01, 0.01, 0.01, 0.01, 0.01, 0.01, 0.01, 0.01, 0.01, 0.01, 0.01, 0.01]","[true, true, true, true, true, true, true, true, true, true, true, true, true, true, true, true, true, true, true, true, true, true, true, true]",-37.16718339465798,"[0.1849375, 0.1849375, 0.2455, 0.2455, 0.0155625, 0.0155625, 0.0251875, 0.0251875, 0.0053125, 0.0053125, 0.005375, 0.005375, 0.003625, 0.003625, 0.0038125, 0.0038125, 0.0028125, 0.0028125, 0.003, 0.003, 0.002375, 0.002375, 0.0025, 0.0025]",2,0.2455,0.2484501451253891,"ControllerAction(token_budget=534, selected_request_ids=[0, 1, 2, 3, 4, 5, 6, 7, 8, 9, 10, 11, 12, 13, 14, 15, 16, 17, 18, 19, 20, 21, 25], token_allocations={0: 1, 1: 1, 2: 1, 3: 1, 4: 1, 5: 1, 6: 1, 7: 1, 8: 1, 9: 1, 10: 1, 11: 1, 12: 1, 13: 1, 14: 1, 15: 1, 16: 1, 17: 1, 18: 1, 19: 1, 20: 1, 21: 1, 25: 512}, prefill_allocations={25: 512}, decode_allocations={0: 1, 1: 1, 2: 1, 3: 1, 4: 1, 5: 1, 6: 1, 7: 1, 8: 1, 9: 1, 10: 1, 11: 1, 12: 1, 13: 1, 14: 1, 15: 1, 16: 1, 17: 1, 18: 1, 19: 1, 20: 1, 21: 1}, heuristic='LST', strategy='Fixed', mapping=None)","{""type"": ""controller"", ""token_budget"": 534, ""selected_request_ids"": [0, 1, 2, 3, 4, 5, 6, 7, 8, 9, 10, 11, 12, 13, 14, 15, 16, 17, 18, 19, 20, 21, 25], ""token_allocations"": {""0"": 1, ""1"": 1, ""2"": 1, ""3"": 1, ""4"": 1, ""5"": 1, ""6"": 1, ""7"": 1, ""8"": 1, ""9"": 1, ""10"": 1, ""11"": 1, ""12"": 1, ""13"": 1, ""14"": 1, ""15"": 1, ""16"": 1, ""17"": 1, ""18"": 1, ""19"": 1, ""20"": 1, ""21"": 1, ""25"": 512}, ""prefill_allocations"": {""25"": 512}, ""decode_allocations"": {""0"": 1, ""1"": 1, ""2"": 1, ""3"": 1, ""4"": 1, ""5"": 1, ""6"": 1, ""7"": 1, ""8"": 1, ""9"": 1, ""10"": 1, ""11"": 1, ""12"": 1, ""13"": 1, ""14"": 1, ""15"": 1, ""16"": 1, ""17"": 1, ""18"": 1, ""19"": 1, ""20"": 1, ""21"": 1}, ""heuristic"": ""LST"", ""strategy"": ""Fixed""}",train_root,,7.47200229989723,27,14.685280041225289,41.68528004122529
7003,163,127,1298118,controller,8000,-29.83432960510254,"[0.19251929223537445, 0.18860144913196564, 0.24953879415988922, 0.2500106692314148, 0.016289371997117996, 0.020166542381048203, 0.028717176988720894, 0.02790284901857376, 0.0018747696885839105, 0.0018436334794387221, 0.0019636908546090126, 0.0019278541440144181, 0.001758794765919447, 0.0016794144175946712, 0.0020575732924044132, 0.0018028211779892445, 0.001275748829357326, 0.0018016248941421509, 0.0010679997503757477, 0.001425598282366991, 0.001322876662015915, 0.0016144810942932963, 0.001658982946537435, 0.0011780477361753583]","[0.16607634986198802, 0.16269663100684803, 0.21526409951875736, 0.21567116152568605, 0.014051991420776462, 0.01739662404267957, 0.02477281044019503, 0.02407033218306944, 0.01, 0.01, 0.01, 0.01, 0.01, 0.01, 0.01, 0.01, 0.01, 0.01, 0.01, 0.01, 0.01, 0.01, 0.01, 0.01]","[true, true, true, true, true, true, true, true, true, true, true, true, true, true, true, true, true, true, true, true, true, true, true, true]",-37.21474156908539,"[0.1870625, 0.1870625, 0.24625, 0.24625, 0.0145, 0.0145, 0.0233125, 0.0233125, 0.005375, 0.005375, 0.0054375, 0.0054375, 0.003625, 0.003625, 0.0038125, 0.0038125, 0.0028125, 0.0028125, 0.003, 0.003, 0.0024375, 0.0024375, 0.002375, 0.002375]",2,0.24625,0.24953879415988922,"ControllerAction(token_budget=534, selected_request_ids=[0, 1, 2, 3, 4, 5, 6, 7, 8, 9, 10, 11, 12, 13, 14, 15, 16, 17, 18, 19, 20, 21, 26], token_allocations={0: 1, 1: 1, 2: 1, 3: 1, 4: 1, 5: 1, 6: 1, 7: 1, 8: 1, 9: 1, 10: 1, 11: 1, 12: 1, 13: 1, 14: 1, 15: 1, 16: 1, 17: 1, 18: 1, 19: 1, 20: 1, 21: 1, 26: 512}, prefill_allocations={26: 512}, decode_allocations={0: 1, 1: 1, 2: 1, 3: 1, 4: 1, 5: 1, 6: 1, 7: 1, 8: 1, 9: 1, 10: 1, 11: 1, 12: 1, 13: 1, 14: 1, 15: 1, 16: 1, 17: 1, 18: 1, 19: 1, 20: 1, 21: 1}, heuristic='LST', strategy='Fixed', mapping=None)","{""type"": ""controller"", ""token_budget"": 534, ""selected_request_ids"": [0, 1, 2, 3, 4, 5, 6, 7, 8, 9, 10, 11, 12, 13, 14, 15, 16, 17, 18, 19, 20, 21, 26], ""token_allocations"": {""0"": 1, ""1"": 1, ""2"": 1, ""3"": 1, ""4"": 1, ""5"": 1, ""6"": 1, ""7"": 1, ""8"": 1, ""9"": 1, ""10"": 1, ""11"": 1, ""12"": 1, ""13"": 1, ""14"": 1, ""15"": 1, ""16"": 1, ""17"": 1, ""18"": 1, ""19"": 1, ""20"": 1, ""21"": 1, ""26"": 512}, ""prefill_allocations"": {""26"": 512}, ""decode_allocations"": {""0"": 1, ""1"": 1, ""2"": 1, ""3"": 1, ""4"": 1, ""5"": 1, ""6"": 1, ""7"": 1, ""8"": 1, ""9"": 1, ""10"": 1, ""11"": 1, ""12"": 1, ""13"": 1, ""14"": 1, ""15"": 1, ""16"": 1, ""17"": 1, ""18"": 1, ""19"": 1, ""20"": 1, ""21"": 1}, ""heuristic"": ""LST"", ""strategy"": ""Fixed""}",train_root,,7.500052108333394,27,14.825529083406106,41.82552908340611
7003,164,129,1392210,controller,8000,-29.971511840820312,"[0.19441567361354828, 0.19190169870853424, 0.2501372992992401, 0.2504170536994934, 0.014945325441658497, 0.01875249110162258, 0.026843054220080376, 0.025963691994547844, 0.0018650180427357554, 0.0019123753299936652, 0.001991136698052287, 0.001968553988263011, 0.001774351578205824, 0.0017374091548845172, 0.002033991739153862, 0.0017923793056979775, 0.0012954027624800801, 0.0019142695236951113, 0.0010714806849136949, 0.001413607387803495, 0.0013235474471002817, 0.0016151571180671453, 0.0017206290503963828, 0.0011943168938159943]","[0.16777598533628169, 0.16560648629867927, 0.21586238948361128, 0.21610381070897997, 0.012897451401628738, 0.01618294252519223, 0.023164901201131217, 0.02240603304449539, 0.01, 0.01, 0.01, 0.01, 0.01, 0.01, 0.01, 0.01, 0.01, 0.01, 0.01, 0.01, 0.01, 0.01, 0.01, 0.01]","[true, true, true, true, true, true, true, true, true, true, true, true, true, true, true, true, true, true, true, true, true, true, true, true]",-37.26262111102592,"[0.218, 0.218, 0.218, 0.218, 0.017375, 0.017375, 0.017375, 0.017375, 0.00546875, 0.00546875, 0.00546875, 0.00546875, 0.00375, 0.00375, 0.00375, 0.00375, 0.00290625, 0.00290625, 0.00290625, 0.00290625, 0.0025, 0.0025, 0.0025, 0.0025]",0,0.218,0.19441567361354828,"ControllerAction(token_budget=534, selected_request_ids=[0, 1, 2, 3, 4, 5, 6, 7, 8, 9, 10, 11, 12, 13, 14, 15, 16, 17, 18, 19, 20, 21, 22], token_allocations={0: 1, 1: 1, 2: 1, 3: 1, 4: 1, 5: 1, 6: 1, 7: 1, 8: 1, 9: 1, 10: 1, 11: 1, 12: 1, 13: 1, 14: 1, 15: 1, 16: 1, 17: 1, 18: 1, 19: 1, 20: 1, 21: 1, 22: 512}, prefill_allocations={22: 512}, decode_allocations={0: 1, 1: 1, 2: 1, 3: 1, 4: 1, 5: 1, 6: 1, 7: 1, 8: 1, 9: 1, 10: 1, 11: 1, 12: 1, 13: 1, 14: 1, 15: 1, 16: 1, 17: 1, 18: 1, 19: 1, 20: 1, 21: 1}, heuristic='SJF', strategy='Fixed', mapping=None)","{""type"": ""controller"", ""token_budget"": 534, ""selected_request_ids"": [0, 1, 2, 3, 4, 5, 6, 7, 8, 9, 10, 11, 12, 13, 14, 15, 16, 17, 18, 19, 20, 21, 22], ""token_allocations"": {""0"": 1, ""1"": 1, ""2"": 1, ""3"": 1, ""4"": 1, ""5"": 1, ""6"": 1, ""7"": 1, ""8"": 1, ""9"": 1, ""10"": 1, ""11"": 1, ""12"": 1, ""13"": 1, ""14"": 1, ""15"": 1, ""16"": 1, ""17"": 1, ""18"": 1, ""19"": 1, ""20"": 1, ""21"": 1, ""22"": 512}, ""prefill_allocations"": {""22"": 512}, ""decode_allocations"": {""0"": 1, ""1"": 1, ""2"": 1, ""3"": 1, ""4"": 1, ""5"": 1, ""6"": 1, ""7"": 1, ""8"": 1, ""9"": 1, ""10"": 1, ""11"": 1, ""12"": 1, ""13"": 1, ""14"": 1, ""15"": 1, ""16"": 1, ""17"": 1, ""18"": 1, ""19"": 1, ""20"": 1, ""21"": 1}, ""heuristic"": ""SJF"", ""strategy"": ""Fixed""}",train_root,,7.5281019167695575,27,14.965778125586924,41.96577812558692
7003,165,131,1489536,controller,8000,-29.777809143066406,"[0.19535097479820251, 0.19100446999073029, 0.25179654359817505, 0.25627997517585754, 0.014026072807610035, 0.017511334270238876, 0.02467537857592106, 0.02397020533680916, 0.0017880239756777883, 0.0018092162208631635, 0.0018817008240148425, 0.0018609430408105254, 0.001675712293945253, 0.0016583754913881421, 0.001980770844966173, 0.0016983553068712354, 0.0012334865750744939, 0.0018273481400683522, 0.0010227634338662028, 0.0013336087577044964, 0.001272937748581171, 0.001537407748401165, 0.0016578916693106294, 0.001146598719060421]","[0.16836887025364733, 0.16462270976101548, 0.2170181112389723, 0.22088228601656792, 0.012088775267961623, 0.015092648351305929, 0.021267186499583875, 0.020659412610945626, 0.01, 0.01, 0.01, 0.01, 0.01, 0.01, 0.01, 0.01, 0.01, 0.01, 0.01, 0.01, 0.01, 0.01, 0.01, 0.01]","[true, true, true, true, true, true, true, true, true, true, true, true, true, true, true, true, true, true, true, true, true, true, true, true]",-37.31055107225855,"[0.1894375, 0.1894375, 0.250125, 0.250125, 0.0114375, 0.0114375, 0.0195625, 0.0195625, 0.0054375, 0.0054375, 0.0055, 0.0055, 0.004, 0.004, 0.00375, 0.00375, 0.0029375, 0.0029375, 0.0029375, 0.0029375, 0.002375, 0.002375, 0.0025, 0.0025]",2,0.250125,0.25179654359817505,"ControllerAction(token_budget=534, selected_request_ids=[0, 1, 2, 3, 4, 5, 6, 7, 8, 9, 10, 11, 12, 13, 14, 15, 16, 17, 18, 19, 20, 21, 23], token_allocations={0: 1, 1: 1, 2: 1, 3: 1, 4: 1, 5: 1, 6: 1, 7: 1, 8: 1, 9: 1, 10: 1, 11: 1, 12: 1, 13: 1, 14: 1, 15: 1, 16: 1, 17: 1, 18: 1, 19: 1, 20: 1, 21: 1, 23: 512}, prefill_allocations={23: 512}, decode_allocations={0: 1, 1: 1, 2: 1, 3: 1, 4: 1, 5: 1, 6: 1, 7: 1, 8: 1, 9: 1, 10: 1, 11: 1, 12: 1, 13: 1, 14: 1, 15: 1, 16: 1, 17: 1, 18: 1, 19: 1, 20: 1, 21: 1}, heuristic='LST', strategy='Fixed', mapping=None)","{""type"": ""controller"", ""token_budget"": 534, ""selected_request_ids"": [0, 1, 2, 3, 4, 5, 6, 7, 8, 9, 10, 11, 12, 13, 14, 15, 16, 17, 18, 19, 20, 21, 23], ""token_allocations"": {""0"": 1, ""1"": 1, ""2"": 1, ""3"": 1, ""4"": 1, ""5"": 1, ""6"": 1, ""7"": 1, ""8"": 1, ""9"": 1, ""10"": 1, ""11"": 1, ""12"": 1, ""13"": 1, ""14"": 1, ""15"": 1, ""16"": 1, ""17"": 1, ""18"": 1, ""19"": 1, ""20"": 1, ""21"": 1, ""23"": 512}, ""prefill_allocations"": {""23"": 512}, ""decode_allocations"": {""0"": 1, ""1"": 1, ""2"": 1, ""3"": 1, ""4"": 1, ""5"": 1, ""6"": 1, ""7"": 1, ""8"": 1, ""9"": 1, ""10"": 1, ""11"": 1, ""12"": 1, ""13"": 1, ""14"": 1, ""15"": 1, ""16"": 1, ""17"": 1, ""18"": 1, ""19"": 1, ""20"": 1, ""21"": 1}, ""heuristic"": ""LST"", ""strategy"": ""Fixed""}",train_root,,7.556630588565721,27,15.10842148456774,42.10842148456774
7003,166,133,1584734,controller,8000,-30.169795989990234,"[0.19767434895038605, 0.19308993220329285, 0.25248658657073975, 0.25710219144821167, 0.012818452902138233, 0.016303332522511482, 0.022743217647075653, 0.02211816981434822, 0.001815664698369801, 0.0018612612038850784, 0.0019073022995144129, 0.001879830495454371, 0.0016902138013392687, 0.00168793520424515, 0.0019974075257778168, 0.0016734489472582936, 0.0012330233585089445, 0.0018884266028180718, 0.0010259777773171663, 0.0013439481845125556, 0.0012828881153836846, 0.001554911257699132, 0.0016893282299861312, 0.0011322582140564919]","[0.17042007435921763, 0.16646773230228562, 0.21767509586633435, 0.2216543260022027, 0.011051113654108031, 0.0140555168414229, 0.019607505289193132, 0.019068635685235504, 0.01, 0.01, 0.01, 0.01, 0.01, 0.01, 0.01, 0.01, 0.01, 0.01, 0.01, 0.01, 0.01, 0.01, 0.01, 0.01]","[true, true, true, true, true, true, true, true, true, true, true, true, true, true, true, true, true, true, true, true, true, true, true, true]",-37.35730550386259,"[0.1914375, 0.1914375, 0.250875, 0.250875, 0.010375, 0.010375, 0.0180625, 0.0180625, 0.005125, 0.005125, 0.0055625, 0.0055625, 0.0039375, 0.0039375, 0.0038125, 0.0038125, 0.0028125, 0.0028125, 0.003, 0.003, 0.0024375, 0.0024375, 0.0025625, 0.0025625]",2,0.250875,0.25248658657073975,"ControllerAction(token_budget=534, selected_request_ids=[0, 1, 2, 3, 4, 5, 6, 7, 8, 9, 10, 11, 12, 13, 14, 15, 16, 17, 18, 19, 20, 21, 24], token_allocations={0: 1, 1: 1, 2: 1, 3: 1, 4: 1, 5: 1, 6: 1, 7: 1, 8: 1, 9: 1, 10: 1, 11: 1, 12: 1, 13: 1, 14: 1, 15: 1, 16: 1, 17: 1, 18: 1, 19: 1, 20: 1, 21: 1, 24: 512}, prefill_allocations={24: 512}, decode_allocations={0: 1, 1: 1, 2: 1, 3: 1, 4: 1, 5: 1, 6: 1, 7: 1, 8: 1, 9: 1, 10: 1, 11: 1, 12: 1, 13: 1, 14: 1, 15: 1, 16: 1, 17: 1, 18: 1, 19: 1, 20: 1, 21: 1}, heuristic='LST', strategy='Fixed', mapping=None)","{""type"": ""controller"", ""token_budget"": 534, ""selected_request_ids"": [0, 1, 2, 3, 4, 5, 6, 7, 8, 9, 10, 11, 12, 13, 14, 15, 16, 17, 18, 19, 20, 21, 24], ""token_allocations"": {""0"": 1, ""1"": 1, ""2"": 1, ""3"": 1, ""4"": 1, ""5"": 1, ""6"": 1, ""7"": 1, ""8"": 1, ""9"": 1, ""10"": 1, ""11"": 1, ""12"": 1, ""13"": 1, ""14"": 1, ""15"": 1, ""16"": 1, ""17"": 1, ""18"": 1, ""19"": 1, ""20"": 1, ""21"": 1, ""24"": 512}, ""prefill_allocations"": {""24"": 512}, ""decode_allocations"": {""0"": 1, ""1"": 1, ""2"": 1, ""3"": 1, ""4"": 1, ""5"": 1, ""6"": 1, ""7"": 1, ""8"": 1, ""9"": 1, ""10"": 1, ""11"": 1, ""12"": 1, ""13"": 1, ""14"": 1, ""15"": 1, ""16"": 1, ""17"": 1, ""18"": 1, ""19"": 1, ""20"": 1, ""21"": 1}, ""heuristic"": ""LST"", ""strategy"": ""Fixed""}",train_root,,7.585159260361884,27,15.251064843548557,42.251064843548555
7003,167,135,1680627,controller,8000,-30.555797576904297,"[0.19991663098335266, 0.19509218633174896, 0.25304099917411804, 0.25778692960739136, 0.011708446778357029, 0.015170417726039886, 0.020950958132743835, 0.02039814181625843, 0.0018427293980494142, 0.0019137612544000149, 0.0019322028383612633, 0.0018978780135512352, 0.0017039146041497588, 0.001717089326120913, 0.0020130896009504795, 0.0016480120830237865, 0.001231890870258212, 0.0019504871452227235, 0.0010286426404491067, 0.0013536320766434073, 0.0012922140303999186, 0.0015717584174126387, 0.001720425789244473, 0.001117489067837596]","[0.17240124624902364, 0.1682408106399163, 0.2182138794313155, 0.22230660707124672, 0.01009696295050713, 0.0130824479645485, 0.0180673877627366, 0.017590657930705692, 0.01, 0.01, 0.01, 0.01, 0.01, 0.01, 0.01, 0.01, 0.01, 0.01, 0.01, 0.01, 0.01, 0.01, 0.01, 0.01]","[true, true, true, true, true, true, true, true, true, true, true, true, true, true, true, true, true, true, true, true, true, true, true, true]",-37.40279877338328,"[0.193375, 0.193375, 0.25125, 0.25125, 0.009625, 0.009625, 0.0166875, 0.0166875, 0.005125, 0.005125, 0.0055625, 0.0055625, 0.003875, 0.003875, 0.003875, 0.003875, 0.0028125, 0.0028125, 0.003, 0.003, 0.002375, 0.002375, 0.0024375, 0.0024375]",2,0.25125,0.25304099917411804,"ControllerAction(token_budget=534, selected_request_ids=[0, 1, 2, 3, 4, 5, 6, 7, 8, 9, 10, 11, 12, 13, 14, 15, 16, 17, 18, 19, 20, 21, 25], token_allocations={0: 1, 1: 1, 2: 1, 3: 1, 4: 1, 5: 1, 6: 1, 7: 1, 8: 1, 9: 1, 10: 1, 11: 1, 12: 1, 13: 1, 14: 1, 15: 1, 16: 1, 17: 1, 18: 1, 19: 1, 20: 1, 21: 1, 25: 512}, prefill_allocations={25: 512}, decode_allocations={0: 1, 1: 1, 2: 1, 3: 1, 4: 1, 5: 1, 6: 1, 7: 1, 8: 1, 9: 1, 10: 1, 11: 1, 12: 1, 13: 1, 14: 1, 15: 1, 16: 1, 17: 1, 18: 1, 19: 1, 20: 1, 21: 1}, heuristic='LST', strategy='Fixed', mapping=None)","{""type"": ""controller"", ""token_budget"": 534, ""selected_request_ids"": [0, 1, 2, 3, 4, 5, 6, 7, 8, 9, 10, 11, 12, 13, 14, 15, 16, 17, 18, 19, 20, 21, 25], ""token_allocations"": {""0"": 1, ""1"": 1, ""2"": 1, ""3"": 1, ""4"": 1, ""5"": 1, ""6"": 1, ""7"": 1, ""8"": 1, ""9"": 1, ""10"": 1, ""11"": 1, ""12"": 1, ""13"": 1, ""14"": 1, ""15"": 1, ""16"": 1, ""17"": 1, ""18"": 1, ""19"": 1, ""20"": 1, ""21"": 1, ""25"": 512}, ""prefill_allocations"": {""25"": 512}, ""decode_allocations"": {""0"": 1, ""1"": 1, ""2"": 1, ""3"": 1, ""4"": 1, ""5"": 1, ""6"": 1, ""7"": 1, ""8"": 1, ""9"": 1, ""10"": 1, ""11"": 1, ""12"": 1, ""13"": 1, ""14"": 1, ""15"": 1, ""16"": 1, ""17"": 1, ""18"": 1, ""19"": 1, ""20"": 1, ""21"": 1}, ""heuristic"": ""LST"", ""strategy"": ""Fixed""}",train_root,,7.613687932158047,27,15.393708202529373,42.393708202529375
7003,168,137,1777305,controller,8000,-30.934465408325195,"[0.20208223164081573, 0.19701558351516724, 0.2534686028957367, 0.25834277272224426, 0.010689154267311096, 0.014109095558524132, 0.019290190190076828, 0.01880236528813839, 0.001869253464974463, 0.001966750016435981, 0.0019564384128898382, 0.0019151297165080905, 0.0017168594058603048, 0.0017458637012168765, 0.002027869690209627, 0.0016221425030380487, 0.0012301375390961766, 0.0020135685335844755, 0.0010307937627658248, 0.0013626968720927835, 0.0013009506510570645, 0.0015879875281825662, 0.0017512114718556404, 0.0011023558909073472]","[0.17415259488361526, 0.16978620447274415, 0.21843689352301038, 0.2226374079190433, 0.01, 0.01215908782789583, 0.016624107177178528, 0.016203704196512587, 0.01, 0.01, 0.01, 0.01, 0.01, 0.01, 0.01, 0.01, 0.01, 0.01, 0.01, 0.01, 0.01, 0.01, 0.01, 0.01]","[true, true, true, true, true, true, true, true, true, true, true, true, true, true, true, true, true, true, true, true, true, true, true, true]",-37.44781749289596,"[0.1948125, 0.1948125, 0.251, 0.251, 0.00925, 0.00925, 0.015375, 0.015375, 0.0051875, 0.0051875, 0.005625, 0.005625, 0.003875, 0.003875, 0.0040625, 0.0040625, 0.0030625, 0.0030625, 0.002875, 0.002875, 0.0024375, 0.0024375, 0.0024375, 0.0024375]",2,0.251,0.2534686028957367,"ControllerAction(token_budget=534, selected_request_ids=[0, 1, 2, 3, 4, 5, 6, 7, 8, 9, 10, 11, 12, 13, 14, 15, 16, 17, 18, 19, 20, 21, 26], token_allocations={0: 1, 1: 1, 2: 1, 3: 1, 4: 1, 5: 1, 6: 1, 7: 1, 8: 1, 9: 1, 10: 1, 11: 1, 12: 1, 13: 1, 14: 1, 15: 1, 16: 1, 17: 1, 18: 1, 19: 1, 20: 1, 21: 1, 26: 512}, prefill_allocations={26: 512}, decode_allocations={0: 1, 1: 1, 2: 1, 3: 1, 4: 1, 5: 1, 6: 1, 7: 1, 8: 1, 9: 1, 10: 1, 11: 1, 12: 1, 13: 1, 14: 1, 15: 1, 16: 1, 17: 1, 18: 1, 19: 1, 20: 1, 21: 1}, heuristic='LST', strategy='Fixed', mapping=None)","{""type"": ""controller"", ""token_budget"": 534, ""selected_request_ids"": [0, 1, 2, 3, 4, 5, 6, 7, 8, 9, 10, 11, 12, 13, 14, 15, 16, 17, 18, 19, 20, 21, 26], ""token_allocations"": {""0"": 1, ""1"": 1, ""2"": 1, ""3"": 1, ""4"": 1, ""5"": 1, ""6"": 1, ""7"": 1, ""8"": 1, ""9"": 1, ""10"": 1, ""11"": 1, ""12"": 1, ""13"": 1, ""14"": 1, ""15"": 1, ""16"": 1, ""17"": 1, ""18"": 1, ""19"": 1, ""20"": 1, ""21"": 1, ""26"": 512}, ""prefill_allocations"": {""26"": 512}, ""decode_allocations"": {""0"": 1, ""1"": 1, ""2"": 1, ""3"": 1, ""4"": 1, ""5"": 1, ""6"": 1, ""7"": 1, ""8"": 1, ""9"": 1, ""10"": 1, ""11"": 1, ""12"": 1, ""13"": 1, ""14"": 1, ""15"": 1, ""16"": 1, ""17"": 1, ""18"": 1, ""19"": 1, ""20"": 1, ""21"": 1}, ""heuristic"": ""LST"", ""strategy"": ""Fixed""}",train_root,,7.6422166039542105,27,15.53635156151019,42.53635156151019
7003,169,139,1875075,controller,8000,-31.072248458862305,"[0.20479437708854675, 0.20118562877178192, 0.254955917596817, 0.25965017080307007, 0.009826181456446648, 0.013148322701454163, 0.01806716062128544, 0.017530912533402443, 0.0018661029171198606, 0.002047846559435129, 0.001990643562749028, 0.001962315523996949, 0.001738107530400157, 0.0018124626949429512, 0.0020117799285799265, 0.001617818488739431, 0.001253171474672854, 0.0021475323010236025, 0.00103753583971411, 0.0013559754006564617, 0.0, 0.0, 0.0, 0.0]","[0.18380804304377352, 0.18056910174386046, 0.22882927227849825, 0.2330424811939963, 0.01, 0.011800946390326798, 0.016215725667703042, 0.015734429681841466, 0.01, 0.01, 0.01, 0.01, 0.01, 0.01, 0.01, 0.01, 0.01, 0.01, 0.01, 0.01, 0.0, 0.0, 0.0, 0.0]","[true, true, true, true, true, true, true, true, true, true, true, true, true, true, true, true, true, true, true, true, false, false, false, false]",-37.48505204928729,"[0.22684375, 0.22684375, 0.22684375, 0.22684375, 0.01103125, 0.01103125, 0.01103125, 0.01103125, 0.0051875, 0.0051875, 0.0051875, 0.0051875, 0.00384375, 0.00384375, 0.00384375, 0.00384375, 0.00309375, 0.00309375, 0.00309375, 0.00309375, 0.0, 0.0, 0.0, 0.0]",0,0.22684375,0.20479437708854675,"ControllerAction(token_budget=534, selected_request_ids=[0, 1, 2, 3, 4, 5, 6, 7, 8, 9, 10, 11, 12, 13, 14, 15, 16, 17, 18, 19, 20, 21, 22], token_allocations={0: 1, 1: 1, 2: 1, 3: 1, 4: 1, 5: 1, 6: 1, 7: 1, 8: 1, 9: 1, 10: 1, 11: 1, 12: 1, 13: 1, 14: 1, 15: 1, 16: 1, 17: 1, 18: 1, 19: 1, 20: 1, 21: 1, 22: 512}, prefill_allocations={22: 512}, decode_allocations={0: 1, 1: 1, 2: 1, 3: 1, 4: 1, 5: 1, 6: 1, 7: 1, 8: 1, 9: 1, 10: 1, 11: 1, 12: 1, 13: 1, 14: 1, 15: 1, 16: 1, 17: 1, 18: 1, 19: 1, 20: 1, 21: 1}, heuristic='SJF', strategy='Fixed', mapping=None)","{""type"": ""controller"", ""token_budget"": 534, ""selected_request_ids"": [0, 1, 2, 3, 4, 5, 6, 7, 8, 9, 10, 11, 12, 13, 14, 15, 16, 17, 18, 19, 20, 21, 22], ""token_allocations"": {""0"": 1, ""1"": 1, ""2"": 1, ""3"": 1, ""4"": 1, ""5"": 1, ""6"": 1, ""7"": 1, ""8"": 1, ""9"": 1, ""10"": 1, ""11"": 1, ""12"": 1, ""13"": 1, ""14"": 1, ""15"": 1, ""16"": 1, ""17"": 1, ""18"": 1, ""19"": 1, ""20"": 1, ""21"": 1, ""22"": 512}, ""prefill_allocations"": {""22"": 512}, ""decode_allocations"": {""0"": 1, ""1"": 1, ""2"": 1, ""3"": 1, ""4"": 1, ""5"": 1, ""6"": 1, ""7"": 1, ""8"": 1, ""9"": 1, ""10"": 1, ""11"": 1, ""12"": 1, ""13"": 1, ""14"": 1, ""15"": 1, ""16"": 1, ""17"": 1, ""18"": 1, ""19"": 1, ""20"": 1, ""21"": 1}, ""heuristic"": ""SJF"", ""strategy"": ""Fixed""}",train_root,,7.670745275750374,27,15.678994920491006,42.67899492049101
7003,170,141,1975892,controller,8000,-32.52714157104492,"[0.2152690440416336, 0.20941554009914398, 0.24633581936359406, 0.25163859128952026, 0.01025392021983862, 0.013804234564304352, 0.018037457019090652, 0.017443424090743065, 0.0022522686049342155, 0.002554262289777398, 0.002253124723210931, 0.0023537103552371264, 0.0020699440501630306, 0.0021216259337961674, 0.0023525322321802378, 0.0018445155583322048, 0.0, 0.0, 0.0, 0.0, 0.0, 0.0, 0.0, 0.0]","[0.20154948002468515, 0.1960690326097607, 0.230636302238537, 0.23560111698520922, 0.01, 0.012924460695037212, 0.016887890682797033, 0.016331716763973658, 0.01, 0.01, 0.01, 0.01, 0.01, 0.01, 0.01, 0.01, 0.0, 0.0, 0.0, 0.0, 0.0, 0.0, 0.0, 0.0]","[true, true, true, true, true, true, true, true, true, true, true, true, true, true, true, true, false, false, false, false, false, false, false, false]",-37.513268970048635,"[0.22946875, 0.22946875, 0.22946875, 0.22946875, 0.01146875, 0.01146875, 0.01146875, 0.01146875, 0.0051875, 0.0051875, 0.0051875, 0.0051875, 0.003875, 0.003875, 0.003875, 0.003875, 0.0, 0.0, 0.0, 0.0, 0.0, 0.0, 0.0, 0.0]",0,0.22946875,0.2152690440416336,"ControllerAction(token_budget=535, selected_request_ids=[0, 1, 2, 3, 4, 5, 6, 7, 8, 9, 10, 11, 12, 13, 14, 15, 16, 17, 18, 19, 20, 21, 22, 23], token_allocations={0: 1, 1: 1, 2: 1, 3: 1, 4: 1, 5: 1, 6: 1, 7: 1, 8: 1, 9: 1, 10: 1, 11: 1, 12: 1, 13: 1, 14: 1, 15: 1, 16: 1, 17: 1, 18: 1, 19: 1, 20: 1, 21: 1, 22: 1, 23: 512}, prefill_allocations={23: 512}, decode_allocations={0: 1, 1: 1, 2: 1, 3: 1, 4: 1, 5: 1, 6: 1, 7: 1, 8: 1, 9: 1, 10: 1, 11: 1, 12: 1, 13: 1, 14: 1, 15: 1, 16: 1, 17: 1, 18: 1, 19: 1, 20: 1, 21: 1, 22: 1}, heuristic='SJF', strategy='Fixed', mapping=None)","{""type"": ""controller"", ""token_budget"": 535, ""selected_request_ids"": [0, 1, 2, 3, 4, 5, 6, 7, 8, 9, 10, 11, 12, 13, 14, 15, 16, 17, 18, 19, 20, 21, 22, 23], ""token_allocations"": {""0"": 1, ""1"": 1, ""2"": 1, ""3"": 1, ""4"": 1, ""5"": 1, ""6"": 1, ""7"": 1, ""8"": 1, ""9"": 1, ""10"": 1, ""11"": 1, ""12"": 1, ""13"": 1, ""14"": 1, ""15"": 1, ""16"": 1, ""17"": 1, ""18"": 1, ""19"": 1, ""20"": 1, ""21"": 1, ""22"": 1, ""23"": 512}, ""prefill_allocations"": {""23"": 512}, ""decode_allocations"": {""0"": 1, ""1"": 1, ""2"": 1, ""3"": 1, ""4"": 1, ""5"": 1, ""6"": 1, ""7"": 1, ""8"": 1, ""9"": 1, ""10"": 1, ""11"": 1, ""12"": 1, ""13"": 1, ""14"": 1, ""15"": 1, ""16"": 1, ""17"": 1, ""18"": 1, ""19"": 1, ""20"": 1, ""21"": 1, ""22"": 1}, ""heuristic"": ""SJF"", ""strategy"": ""Fixed""}",train_root,,7.699785916826537,27,15.82419812587182,42.82419812587182
7003,171,143,2077192,controller,8000,-33.80550765991211,"[0.2267395257949829, 0.21842634677886963, 0.23849016427993774, 0.24436859786510468, 0.01072095800191164, 0.014521091245114803, 0.01804266683757305, 0.017390001565217972, 0.0027238754555583, 0.0031924420036375523, 0.002555388491600752, 0.002828898373991251, 0.0, 0.0, 0.0, 0.0, 0.0, 0.0, 0.0, 0.0, 0.0, 0.0, 0.0, 0.0]","[0.22015787128988498, 0.21208600208480374, 0.23156741951961798, 0.23727521757596357, 0.010409756673934756, 0.014099582003277699, 0.017518935480814072, 0.01688521537170327, 0.01, 0.01, 0.01, 0.01, 0.0, 0.0, 0.0, 0.0, 0.0, 0.0, 0.0, 0.0, 0.0, 0.0, 0.0, 0.0]","[true, true, true, true, true, true, true, true, true, true, true, true, false, false, false, false, false, false, false, false, false, false, false, false]",-37.53318500523809,"[0.23278125, 0.23278125, 0.23278125, 0.23278125, 0.01203125, 0.01203125, 0.01203125, 0.01203125, 0.0051875, 0.0051875, 0.0051875, 0.0051875, 0.0, 0.0, 0.0, 0.0, 0.0, 0.0, 0.0, 0.0, 0.0, 0.0, 0.0, 0.0]",0,0.23278125,0.2267395257949829,"ControllerAction(token_budget=536, selected_request_ids=[0, 1, 2, 3, 4, 5, 6, 7, 8, 9, 10, 11, 12, 13, 14, 15, 16, 17, 18, 19, 20, 21, 22, 23, 24], token_allocations={0: 1, 1: 1, 2: 1, 3: 1, 4: 1, 5: 1, 6: 1, 7: 1, 8: 1, 9: 1, 10: 1, 11: 1, 12: 1, 13: 1, 14: 1, 15: 1, 16: 1, 17: 1, 18: 1, 19: 1, 20: 1, 21: 1, 22: 1, 23: 1, 24: 512}, prefill_allocations={24: 512}, decode_allocations={0: 1, 1: 1, 2: 1, 3: 1, 4: 1, 5: 1, 6: 1, 7: 1, 8: 1, 9: 1, 10: 1, 11: 1, 12: 1, 13: 1, 14: 1, 15: 1, 16: 1, 17: 1, 18: 1, 19: 1, 20: 1, 21: 1, 22: 1, 23: 1}, heuristic='SJF', strategy='Fixed', mapping=None)","{""type"": ""controller"", ""token_budget"": 536, ""selected_request_ids"": [0, 1, 2, 3, 4, 5, 6, 7, 8, 9, 10, 11, 12, 13, 14, 15, 16, 17, 18, 19, 20, 21, 22, 23, 24], ""token_allocations"": {""0"": 1, ""1"": 1, ""2"": 1, ""3"": 1, ""4"": 1, ""5"": 1, ""6"": 1, ""7"": 1, ""8"": 1, ""9"": 1, ""10"": 1, ""11"": 1, ""12"": 1, ""13"": 1, ""14"": 1, ""15"": 1, ""16"": 1, ""17"": 1, ""18"": 1, ""19"": 1, ""20"": 1, ""21"": 1, ""22"": 1, ""23"": 1, ""24"": 512}, ""prefill_allocations"": {""24"": 512}, ""decode_allocations"": {""0"": 1, ""1"": 1, ""2"": 1, ""3"": 1, ""4"": 1, ""5"": 1, ""6"": 1, ""7"": 1, ""8"": 1, ""9"": 1, ""10"": 1, ""11"": 1, ""12"": 1, ""13"": 1, ""14"": 1, ""15"": 1, ""16"": 1, ""17"": 1, ""18"": 1, ""19"": 1, ""20"": 1, ""21"": 1, ""22"": 1, ""23"": 1}, ""heuristic"": ""SJF"", ""strategy"": ""Fixed""}",train_root,,7.7288567413267,27,15.940481423872473,42.94048142387247
7003,172,145,2178787,controller,8000,-34.919105529785156,"[0.23960885405540466, 0.22857685387134552, 0.23165489733219147, 0.23809021711349487, 0.011245486326515675, 0.01532468106597662, 0.018106229603290558, 0.01739281602203846, 0.0, 0.0, 0.0, 0.0, 0.0, 0.0, 0.0, 0.0, 0.0, 0.0, 0.0, 0.0, 0.0, 0.0, 0.0, 0.0]","[0.23960884557558584, 0.228576845781952, 0.2316548891338652, 0.23809020868742098, 0.011245485928535028, 0.015324680523632225, 0.018106228962506445, 0.017392815406502237, 0.0, 0.0, 0.0, 0.0, 0.0, 0.0, 0.0, 0.0, 0.0, 0.0, 0.0, 0.0, 0.0, 0.0, 0.0, 0.0]","[true, true, true, true, true, true, true, true, false, false, false, false, false, false, false, false, false, false, false, false, false, false, false, false]",-37.54583580707656,"[0.237375, 0.237375, 0.237375, 0.237375, 0.012625, 0.012625, 0.012625, 0.012625, 0.0, 0.0, 0.0, 0.0, 0.0, 0.0, 0.0, 0.0, 0.0, 0.0, 0.0, 0.0, 0.0, 0.0, 0.0, 0.0]",0,0.237375,0.23960885405540466,"ControllerAction(token_budget=537, selected_request_ids=[0, 1, 2, 3, 4, 5, 6, 7, 8, 9, 10, 11, 12, 13, 14, 15, 16, 17, 18, 19, 20, 21, 22, 23, 24, 25], token_allocations={0: 1, 1: 1, 2: 1, 3: 1, 4: 1, 5: 1, 6: 1, 7: 1, 8: 1, 9: 1, 10: 1, 11: 1, 12: 1, 13: 1, 14: 1, 15: 1, 16: 1, 17: 1, 18: 1, 19: 1, 20: 1, 21: 1, 22: 1, 23: 1, 24: 1, 25: 512}, prefill_allocations={25: 512}, decode_allocations={0: 1, 1: 1, 2: 1, 3: 1, 4: 1, 5: 1, 6: 1, 7: 1, 8: 1, 9: 1, 10: 1, 11: 1, 12: 1, 13: 1, 14: 1, 15: 1, 16: 1, 17: 1, 18: 1, 19: 1, 20: 1, 21: 1, 22: 1, 23: 1, 24: 1}, heuristic='SJF', strategy='Fixed', mapping=None)","{""type"": ""controller"", ""token_budget"": 537, ""selected_request_ids"": [0, 1, 2, 3, 4, 5, 6, 7, 8, 9, 10, 11, 12, 13, 14, 15, 16, 17, 18, 19, 20, 21, 22, 23, 24, 25], ""token_allocations"": {""0"": 1, ""1"": 1, ""2"": 1, ""3"": 1, ""4"": 1, ""5"": 1, ""6"": 1, ""7"": 1, ""8"": 1, ""9"": 1, ""10"": 1, ""11"": 1, ""12"": 1, ""13"": 1, ""14"": 1, ""15"": 1, ""16"": 1, ""17"": 1, ""18"": 1, ""19"": 1, ""20"": 1, ""21"": 1, ""22"": 1, ""23"": 1, ""24"": 1, ""25"": 512}, ""prefill_allocations"": {""25"": 512}, ""decode_allocations"": {""0"": 1, ""1"": 1, ""2"": 1, ""3"": 1, ""4"": 1, ""5"": 1, ""6"": 1, ""7"": 1, ""8"": 1, ""9"": 1, ""10"": 1, ""11"": 1, ""12"": 1, ""13"": 1, ""14"": 1, ""15"": 1, ""16"": 1, ""17"": 1, ""18"": 1, ""19"": 1, ""20"": 1, ""21"": 1, ""22"": 1, ""23"": 1, ""24"": 1}, ""heuristic"": ""SJF"", ""strategy"": ""Fixed""}",train_root,,7.757947570690863,27,16.027753911964965,43.027753911964965
7003,173,147,2280555,controller,8000,-35.888423919677734,"[0.2667064666748047, 0.25195416808128357, 0.2370065152645111, 0.24433286488056183, 0.0, 0.0, 0.0, 0.0, 0.0, 0.0, 0.0, 0.0, 0.0, 0.0, 0.0, 0.0, 0.0, 0.0, 0.0, 0.0, 0.0, 0.0, 0.0, 0.0]","[0.2667064627005687, 0.25195416432687395, 0.23700651173283888, 0.24433286123971848, 0.0, 0.0, 0.0, 0.0, 0.0, 0.0, 0.0, 0.0, 0.0, 0.0, 0.0, 0.0, 0.0, 0.0, 0.0, 0.0, 0.0, 0.0, 0.0, 0.0]","[true, true, true, true, false, false, false, false, false, false, false, false, false, false, false, false, false, false, false, false, false, false, false, false]",-37.55164885212843,"[0.25, 0.25, 0.25, 0.25, 0.0, 0.0, 0.0, 0.0, 0.0, 0.0, 0.0, 0.0, 0.0, 0.0, 0.0, 0.0, 0.0, 0.0, 0.0, 0.0, 0.0, 0.0, 0.0, 0.0]",0,0.25,0.2667064666748047,"ControllerAction(token_budget=538, selected_request_ids=[0, 1, 2, 3, 4, 5, 6, 7, 8, 9, 10, 11, 12, 13, 14, 15, 16, 17, 18, 19, 20, 21, 22, 23, 24, 25, 26], token_allocations={0: 1, 1: 1, 2: 1, 3: 1, 4: 1, 5: 1, 6: 1, 7: 1, 8: 1, 9: 1, 10: 1, 11: 1, 12: 1, 13: 1, 14: 1, 15: 1, 16: 1, 17: 1, 18: 1, 19: 1, 20: 1, 21: 1, 22: 1, 23: 1, 24: 1, 25: 1, 26: 512}, prefill_allocations={26: 512}, decode_allocations={0: 1, 1: 1, 2: 1, 3: 1, 4: 1, 5: 1, 6: 1, 7: 1, 8: 1, 9: 1, 10: 1, 11: 1, 12: 1, 13: 1, 14: 1, 15: 1, 16: 1, 17: 1, 18: 1, 19: 1, 20: 1, 21: 1, 22: 1, 23: 1, 24: 1, 25: 1}, heuristic='SJF', strategy='Fixed', mapping=None)","{""type"": ""controller"", ""token_budget"": 538, ""selected_request_ids"": [0, 1, 2, 3, 4, 5, 6, 7, 8, 9, 10, 11, 12, 13, 14, 15, 16, 17, 18, 19, 20, 21, 22, 23, 24, 25, 26], ""token_allocations"": {""0"": 1, ""1"": 1, ""2"": 1, ""3"": 1, ""4"": 1, ""5"": 1, ""6"": 1, ""7"": 1, ""8"": 1, ""9"": 1, ""10"": 1, ""11"": 1, ""12"": 1, ""13"": 1, ""14"": 1, ""15"": 1, ""16"": 1, ""17"": 1, ""18"": 1, ""19"": 1, ""20"": 1, ""21"": 1, ""22"": 1, ""23"": 1, ""24"": 1, ""25"": 1, ""26"": 512}, ""prefill_allocations"": {""26"": 512}, ""decode_allocations"": {""0"": 1, ""1"": 1, ""2"": 1, ""3"": 1, ""4"": 1, ""5"": 1, ""6"": 1, ""7"": 1, ""8"": 1, ""9"": 1, ""10"": 1, ""11"": 1, ""12"": 1, ""13"": 1, ""14"": 1, ""15"": 1, ""16"": 1, ""17"": 1, ""18"": 1, ""19"": 1, ""20"": 1, ""21"": 1, ""22"": 1, ""23"": 1, ""24"": 1, ""25"": 1}, ""heuristic"": ""SJF"", ""strategy"": ""Fixed""}",train_root,,7.787150453178066,27,16.086159676939374,43.086159676939374
7003,174,150,2382938,adversary,4000,-38.18769836425781,"[0.06473633646965027, 0.08606492727994919, 0.16541917622089386, 0.19101420044898987, 0.20310668647289276, 0.28965866565704346]","[0.1, 0.1, 0.15583553824173266, 0.179947702671625, 0.1913396048154196, 0.27287715427122283]","[true, true, true, true, true, true]",-37.55099398487646,"[0.09825, 0.09875, 0.1565, 0.18075, 0.192, 0.27375]",5,0.27375,0.28965866565704346,"AdversaryAction(requests=[AdversaryRequestSpec(prefill_tokens=3072, decode_tokens=5000, prefill_slo=0.3874467952163693, decode_slo=0.05), AdversaryRequestSpec(prefill_tokens=3072, decode_tokens=5000, prefill_slo=0.3874467952163693, decode_slo=0.05), AdversaryRequestSpec(prefill_tokens=3072, decode_tokens=5000, prefill_slo=0.3874467952163693, decode_slo=0.05), AdversaryRequestSpec(prefill_tokens=3072, decode_tokens=5000, prefill_slo=0.3874467952163693, decode_slo=0.05), AdversaryRequestSpec(prefill_tokens=3072, decode_tokens=5000, prefill_slo=0.3874467952163693, decode_slo=0.05), AdversaryRequestSpec(prefill_tokens=3072, decode_tokens=5000, prefill_slo=0.3874467952163693, decode_slo=0.05)], stop_decode_ids=[])","{""type"": ""adversary"", ""requests"": [{""prefill_tokens"": 3072, ""decode_tokens"": 5000, ""prefill_slo"": 0.3874467952163693, ""decode_slo"": 0.05}, {""prefill_tokens"": 3072, ""decode_tokens"": 5000, ""prefill_slo"": 0.3874467952163693, ""decode_slo"": 0.05}, {""prefill_tokens"": 3072, ""decode_tokens"": 5000, ""prefill_slo"": 0.3874467952163693, ""decode_slo"": 0.05}, {""prefill_tokens"": 3072, ""decode_tokens"": 5000, ""prefill_slo"": 0.3874467952163693, ""decode_slo"": 0.05}, {""prefill_tokens"": 3072, ""decode_tokens"": 5000, ""prefill_slo"": 0.3874467952163693, ""decode_slo"": 0.05}, {""prefill_tokens"": 3072, ""decode_tokens"": 5000, ""prefill_slo"": 0.3874467952163693, ""decode_slo"": 0.05}], ""stop_decode_ids"": []}",train_root,,8.0,27,16.115365496258576,43.115365496258576
7003,175,151,2432280,controller,8000,-30.577850341796875,"[0.12268945574760437, 0.12207923829555511, 0.1405772864818573, 0.1361640989780426, 0.0991087332367897, 0.0925421491265297, 0.12334426492452621, 0.12127524614334106, 0.0029491812456399202, 0.002707283478230238, 0.002657606964930892, 0.003249177010729909, 0.0031839371658861637, 0.0022975446190685034, 0.003090901765972376, 0.003851303132250905, 0.0021672798320651054, 0.002021725522354245, 0.00209525553509593, 0.002737511647865176, 0.002169783227145672, 0.0023047581780701876, 0.002318337559700012, 0.0024179506581276655]","[0.10760205051190569, 0.1070668729068006, 0.12329017346010035, 0.11941968579830098, 0.08692110381396213, 0.08116202769110085, 0.1081763362946689, 0.1063617495231605, 0.01, 0.01, 0.01, 0.01, 0.01, 0.01, 0.01, 0.01, 0.01, 0.01, 0.01, 0.01, 0.01, 0.01, 0.01, 0.01]","[true, true, true, true, true, true, true, true, true, true, true, true, true, true, true, true, true, true, true, true, true, true, true, true]",-37.56772443084634,"[0.12915625, 0.12915625, 0.12915625, 0.12915625, 0.107875, 0.107875, 0.107875, 0.107875, 0.00525, 0.00525, 0.00525, 0.00525, 0.003375, 0.003375, 0.003375, 0.003375, 0.00240625, 0.00240625, 0.00240625, 0.00240625, 0.0019375, 0.0019375, 0.0019375, 0.0019375]",0,0.12915625,0.12268945574760437,"ControllerAction(token_budget=539, selected_request_ids=[0, 1, 2, 3, 4, 5, 6, 7, 8, 9, 10, 11, 12, 13, 14, 15, 16, 17, 18, 19, 20, 21, 22, 23, 24, 25, 26, 27], token_allocations={0: 1, 1: 1, 2: 1, 3: 1, 4: 1, 5: 1, 6: 1, 7: 1, 8: 1, 9: 1, 10: 1, 11: 1, 12: 1, 13: 1, 14: 1, 15: 1, 16: 1, 17: 1, 18: 1, 19: 1, 20: 1, 21: 1, 22: 1, 23: 1, 24: 1, 25: 1, 26: 1, 27: 512}, prefill_allocations={27: 512}, decode_allocations={0: 1, 1: 1, 2: 1, 3: 1, 4: 1, 5: 1, 6: 1, 7: 1, 8: 1, 9: 1, 10: 1, 11: 1, 12: 1, 13: 1, 14: 1, 15: 1, 16: 1, 17: 1, 18: 1, 19: 1, 20: 1, 21: 1, 22: 1, 23: 1, 24: 1, 25: 1, 26: 1}, heuristic='SJF', strategy='Fixed', mapping=None)","{""type"": ""controller"", ""token_budget"": 539, ""selected_request_ids"": [0, 1, 2, 3, 4, 5, 6, 7, 8, 9, 10, 11, 12, 13, 14, 15, 16, 17, 18, 19, 20, 21, 22, 23, 24, 25, 26, 27], ""token_allocations"": {""0"": 1, ""1"": 1, ""2"": 1, ""3"": 1, ""4"": 1, ""5"": 1, ""6"": 1, ""7"": 1, ""8"": 1, ""9"": 1, ""10"": 1, ""11"": 1, ""12"": 1, ""13"": 1, ""14"": 1, ""15"": 1, ""16"": 1, ""17"": 1, ""18"": 1, ""19"": 1, ""20"": 1, ""21"": 1, ""22"": 1, ""23"": 1, ""24"": 1, ""25"": 1, ""26"": 1, ""27"": 512}, ""prefill_allocations"": {""27"": 512}, ""decode_allocations"": {""0"": 1, ""1"": 1, ""2"": 1, ""3"": 1, ""4"": 1, ""5"": 1, ""6"": 1, ""7"": 1, ""8"": 1, ""9"": 1, ""10"": 1, ""11"": 1, ""12"": 1, ""13"": 1, ""14"": 1, ""15"": 1, ""16"": 1, ""17"": 1, ""18"": 1, ""19"": 1, ""20"": 1, ""21"": 1, ""22"": 1, ""23"": 1, ""24"": 1, ""25"": 1, ""26"": 1}, ""heuristic"": ""SJF"", ""strategy"": ""Fixed""}",train_root,,8.0,27,16.115365496258576,43.115365496258576
7003,176,153,2542698,controller,8000,-30.387187957763672,"[0.1266404092311859, 0.12492910027503967, 0.14547298848628998, 0.1432446539402008, 0.09623443335294724, 0.08927446603775024, 0.11713918298482895, 0.11567950248718262, 0.002905877074226737, 0.002631948096677661, 0.002580411499366164, 0.003157711122184992, 0.0030931734945625067, 0.0022528180852532387, 0.0030972245149314404, 0.003759690560400486, 0.0021228091791272163, 0.001981049310415983, 0.002056330209597945, 0.0026568209286779165, 0.0021453306544572115, 0.0022565724793821573, 0.0022968105040490627, 0.0023906477726995945]","[0.1109704865479216, 0.1094709273736403, 0.12747280595432917, 0.12552019564398467, 0.08432681129721334, 0.07822803947537652, 0.10264489990649377, 0.10136583380104063, 0.01, 0.01, 0.01, 0.01, 0.01, 0.01, 0.01, 0.01, 0.01, 0.01, 0.01, 0.01, 0.01, 0.01, 0.01, 0.01]","[true, true, true, true, true, true, true, true, true, true, true, true, true, true, true, true, true, true, true, true, true, true, true, true]",-37.567035447008216,"[0.124625, 0.124625, 0.143, 0.143, 0.091875, 0.091875, 0.1155625, 0.1155625, 0.0050625, 0.0050625, 0.0050625, 0.0050625, 0.00325, 0.00325, 0.00325, 0.00325, 0.0023125, 0.0023125, 0.0023125, 0.0023125, 0.001875, 0.001875, 0.0018125, 0.0018125]",2,0.143,0.14547298848628998,"ControllerAction(token_budget=539, selected_request_ids=[0, 1, 2, 3, 4, 5, 6, 7, 8, 9, 10, 11, 12, 13, 14, 15, 16, 17, 18, 19, 20, 21, 22, 23, 24, 25, 26, 28], token_allocations={0: 1, 1: 1, 2: 1, 3: 1, 4: 1, 5: 1, 6: 1, 7: 1, 8: 1, 9: 1, 10: 1, 11: 1, 12: 1, 13: 1, 14: 1, 15: 1, 16: 1, 17: 1, 18: 1, 19: 1, 20: 1, 21: 1, 22: 1, 23: 1, 24: 1, 25: 1, 26: 1, 28: 512}, prefill_allocations={28: 512}, decode_allocations={0: 1, 1: 1, 2: 1, 3: 1, 4: 1, 5: 1, 6: 1, 7: 1, 8: 1, 9: 1, 10: 1, 11: 1, 12: 1, 13: 1, 14: 1, 15: 1, 16: 1, 17: 1, 18: 1, 19: 1, 20: 1, 21: 1, 22: 1, 23: 1, 24: 1, 25: 1, 26: 1}, heuristic='LST', strategy='Fixed', mapping=None)","{""type"": ""controller"", ""token_budget"": 539, ""selected_request_ids"": [0, 1, 2, 3, 4, 5, 6, 7, 8, 9, 10, 11, 12, 13, 14, 15, 16, 17, 18, 19, 20, 21, 22, 23, 24, 25, 26, 28], ""token_allocations"": {""0"": 1, ""1"": 1, ""2"": 1, ""3"": 1, ""4"": 1, ""5"": 1, ""6"": 1, ""7"": 1, ""8"": 1, ""9"": 1, ""10"": 1, ""11"": 1, ""12"": 1, ""13"": 1, ""14"": 1, ""15"": 1, ""16"": 1, ""17"": 1, ""18"": 1, ""19"": 1, ""20"": 1, ""21"": 1, ""22"": 1, ""23"": 1, ""24"": 1, ""25"": 1, ""26"": 1, ""28"": 512}, ""prefill_allocations"": {""28"": 512}, ""decode_allocations"": {""0"": 1, ""1"": 1, ""2"": 1, ""3"": 1, ""4"": 1, ""5"": 1, ""6"": 1, ""7"": 1, ""8"": 1, ""9"": 1, ""10"": 1, ""11"": 1, ""12"": 1, ""13"": 1, ""14"": 1, ""15"": 1, ""16"": 1, ""17"": 1, ""18"": 1, ""19"": 1, ""20"": 1, ""21"": 1, ""22"": 1, ""23"": 1, ""24"": 1, ""25"": 1, ""26"": 1}, ""heuristic"": ""LST"", ""strategy"": ""Fixed""}",train_root,,8.026963015607203,27,16.115365496258576,43.115365496258576
7003,177,155,2651221,controller,8000,-30.714223861694336,"[0.13153548538684845, 0.1297454535961151, 0.1498381346464157, 0.14760111272335052, 0.09092288464307785, 0.08579597622156143, 0.11145427078008652, 0.1101965457201004, 0.0030302591621875763, 0.0027801955584436655, 0.0026851086877286434, 0.003276623087003827, 0.003206871682778001, 0.0023536186199635267, 0.0032111669424921274, 0.003813621122390032, 0.002181069692596793, 0.002099831821396947, 0.0021192163694649935, 0.0027521909214556217, 0.0022209633607417345, 0.002345688408240676, 0.0024044611491262913, 0.002429296262562275]","[0.11544350422413316, 0.11387246396844014, 0.13150701713014123, 0.12954367127662242, 0.07979942740541265, 0.07529974222710978, 0.09781901470738077, 0.09671515906075978, 0.01, 0.01, 0.01, 0.01, 0.01, 0.01, 0.01, 0.01, 0.01, 0.01, 0.01, 0.01, 0.01, 0.01, 0.01, 0.01]","[true, true, true, true, true, true, true, true, true, true, true, true, true, true, true, true, true, true, true, true, true, true, true, true]",-37.566507197547224,"[0.1298125, 0.1298125, 0.1478125, 0.1478125, 0.08775, 0.08775, 0.110375, 0.110375, 0.0049375, 0.0049375, 0.005, 0.005, 0.003125, 0.003125, 0.003125, 0.003125, 0.00225, 0.00225, 0.00225, 0.00225, 0.0018125, 0.0018125, 0.00175, 0.00175]",2,0.1478125,0.1498381346464157,"ControllerAction(token_budget=539, selected_request_ids=[0, 1, 2, 3, 4, 5, 6, 7, 8, 9, 10, 11, 12, 13, 14, 15, 16, 17, 18, 19, 20, 21, 22, 23, 24, 25, 26, 29], token_allocations={0: 1, 1: 1, 2: 1, 3: 1, 4: 1, 5: 1, 6: 1, 7: 1, 8: 1, 9: 1, 10: 1, 11: 1, 12: 1, 13: 1, 14: 1, 15: 1, 16: 1, 17: 1, 18: 1, 19: 1, 20: 1, 21: 1, 22: 1, 23: 1, 24: 1, 25: 1, 26: 1, 29: 512}, prefill_allocations={29: 512}, decode_allocations={0: 1, 1: 1, 2: 1, 3: 1, 4: 1, 5: 1, 6: 1, 7: 1, 8: 1, 9: 1, 10: 1, 11: 1, 12: 1, 13: 1, 14: 1, 15: 1, 16: 1, 17: 1, 18: 1, 19: 1, 20: 1, 21: 1, 22: 1, 23: 1, 24: 1, 25: 1, 26: 1}, heuristic='LST', strategy='Fixed', mapping=None)","{""type"": ""controller"", ""token_budget"": 539, ""selected_request_ids"": [0, 1, 2, 3, 4, 5, 6, 7, 8, 9, 10, 11, 12, 13, 14, 15, 16, 17, 18, 19, 20, 21, 22, 23, 24, 25, 26, 29], ""token_allocations"": {""0"": 1, ""1"": 1, ""2"": 1, ""3"": 1, ""4"": 1, ""5"": 1, ""6"": 1, ""7"": 1, ""8"": 1, ""9"": 1, ""10"": 1, ""11"": 1, ""12"": 1, ""13"": 1, ""14"": 1, ""15"": 1, ""16"": 1, ""17"": 1, ""18"": 1, ""19"": 1, ""20"": 1, ""21"": 1, ""22"": 1, ""23"": 1, ""24"": 1, ""25"": 1, ""26"": 1, ""29"": 512}, ""prefill_allocations"": {""29"": 512}, ""decode_allocations"": {""0"": 1, ""1"": 1, ""2"": 1, ""3"": 1, ""4"": 1, ""5"": 1, ""6"": 1, ""7"": 1, ""8"": 1, ""9"": 1, ""10"": 1, ""11"": 1, ""12"": 1, ""13"": 1, ""14"": 1, ""15"": 1, ""16"": 1, ""17"": 1, ""18"": 1, ""19"": 1, ""20"": 1, ""21"": 1, ""22"": 1, ""23"": 1, ""24"": 1, ""25"": 1, ""26"": 1}, ""heuristic"": ""LST"", ""strategy"": ""Fixed""}",train_root,,8.053926031214406,27,16.115365496258576,43.115365496258576
7003,178,157,2761276,controller,8000,-31.044118881225586,"[0.13639265298843384, 0.13452354073524475, 0.1540776938199997, 0.1518372744321823, 0.08576168864965439, 0.08231598138809204, 0.10586899518966675, 0.10479898005723953, 0.0031547141261398792, 0.0029319091700017452, 0.0027894091326743364, 0.003394360886886716, 0.0033192229457199574, 0.002454841509461403, 0.0033237675670534372, 0.0038618938997387886, 0.0022372049279510975, 0.002222034614533186, 0.0021803975105285645, 0.0028462447226047516, 0.0022954398300498724, 0.0024342702236026525, 0.002512972569093108, 0.002464466029778123]","[0.11989599123772993, 0.11825294770554132, 0.13544203022239668, 0.1334725890728549, 0.07538883103728354, 0.07235988132050448, 0.09306416321914313, 0.09212356618454617, 0.01, 0.01, 0.01, 0.01, 0.01, 0.01, 0.01, 0.01, 0.01, 0.01, 0.01, 0.01, 0.01, 0.01, 0.01, 0.01]","[true, true, true, true, true, true, true, true, true, true, true, true, true, true, true, true, true, true, true, true, true, true, true, true]",-37.566145960915456,"[0.135, 0.135, 0.1524375, 0.1524375, 0.083625, 0.083625, 0.1051875, 0.1051875, 0.004875, 0.004875, 0.004875, 0.004875, 0.0030625, 0.0030625, 0.0030625, 0.0030625, 0.0021875, 0.0021875, 0.0021875, 0.0021875, 0.00175, 0.00175, 0.00175, 0.00175]",2,0.1524375,0.1540776938199997,"ControllerAction(token_budget=539, selected_request_ids=[0, 1, 2, 3, 4, 5, 6, 7, 8, 9, 10, 11, 12, 13, 14, 15, 16, 17, 18, 19, 20, 21, 22, 23, 24, 25, 26, 30], token_allocations={0: 1, 1: 1, 2: 1, 3: 1, 4: 1, 5: 1, 6: 1, 7: 1, 8: 1, 9: 1, 10: 1, 11: 1, 12: 1, 13: 1, 14: 1, 15: 1, 16: 1, 17: 1, 18: 1, 19: 1, 20: 1, 21: 1, 22: 1, 23: 1, 24: 1, 25: 1, 26: 1, 30: 512}, prefill_allocations={30: 512}, decode_allocations={0: 1, 1: 1, 2: 1, 3: 1, 4: 1, 5: 1, 6: 1, 7: 1, 8: 1, 9: 1, 10: 1, 11: 1, 12: 1, 13: 1, 14: 1, 15: 1, 16: 1, 17: 1, 18: 1, 19: 1, 20: 1, 21: 1, 22: 1, 23: 1, 24: 1, 25: 1, 26: 1}, heuristic='LST', strategy='Fixed', mapping=None)","{""type"": ""controller"", ""token_budget"": 539, ""selected_request_ids"": [0, 1, 2, 3, 4, 5, 6, 7, 8, 9, 10, 11, 12, 13, 14, 15, 16, 17, 18, 19, 20, 21, 22, 23, 24, 25, 26, 30], ""token_allocations"": {""0"": 1, ""1"": 1, ""2"": 1, ""3"": 1, ""4"": 1, ""5"": 1, ""6"": 1, ""7"": 1, ""8"": 1, ""9"": 1, ""10"": 1, ""11"": 1, ""12"": 1, ""13"": 1, ""14"": 1, ""15"": 1, ""16"": 1, ""17"": 1, ""18"": 1, ""19"": 1, ""20"": 1, ""21"": 1, ""22"": 1, ""23"": 1, ""24"": 1, ""25"": 1, ""26"": 1, ""30"": 512}, ""prefill_allocations"": {""30"": 512}, ""decode_allocations"": {""0"": 1, ""1"": 1, ""2"": 1, ""3"": 1, ""4"": 1, ""5"": 1, ""6"": 1, ""7"": 1, ""8"": 1, ""9"": 1, ""10"": 1, ""11"": 1, ""12"": 1, ""13"": 1, ""14"": 1, ""15"": 1, ""16"": 1, ""17"": 1, ""18"": 1, ""19"": 1, ""20"": 1, ""21"": 1, ""22"": 1, ""23"": 1, ""24"": 1, ""25"": 1, ""26"": 1}, ""heuristic"": ""LST"", ""strategy"": ""Fixed""}",train_root,,8.080889046821609,27,16.115365496258576,43.115365496258576
7003,179,159,2869889,controller,8000,-31.375699996948242,"[0.14119839668273926, 0.1392499804496765, 0.1581786870956421, 0.15594016015529633, 0.08076146990060806, 0.07884825766086578, 0.10039951652288437, 0.09950317442417145, 0.003278920194134116, 0.003086859593167901, 0.002893033903092146, 0.0035105908755213022, 0.0034299043472856283, 0.0025562401860952377, 0.003434701357036829, 0.003904396900907159, 0.0022910404950380325, 0.002347514731809497, 0.002239682013168931, 0.0029387075919657946, 0.0023685439955443144, 0.0025220753159374, 0.002622096799314022, 0.0024960653390735388]","[0.12431525407459243, 0.12259981066484538, 0.13926520511180862, 0.13729433963543086, 0.07110479216481756, 0.06942034339436452, 0.08839471055434703, 0.08760554439979344, 0.01, 0.01, 0.01, 0.01, 0.01, 0.01, 0.01, 0.01, 0.01, 0.01, 0.01, 0.01, 0.01, 0.01, 0.01, 0.01]","[true, true, true, true, true, true, true, true, true, true, true, true, true, true, true, true, true, true, true, true, true, true, true, true]",-37.56609238783173,"[0.1399375, 0.1399375, 0.156875, 0.156875, 0.0795, 0.0795, 0.0999375, 0.0999375, 0.004875, 0.004875, 0.004875, 0.004875, 0.0030625, 0.0030625, 0.0030625, 0.0030625, 0.0021875, 0.0021875, 0.0021875, 0.0021875, 0.00175, 0.00175, 0.00175, 0.00175]",2,0.156875,0.1581786870956421,"ControllerAction(token_budget=539, selected_request_ids=[0, 1, 2, 3, 4, 5, 6, 7, 8, 9, 10, 11, 12, 13, 14, 15, 16, 17, 18, 19, 20, 21, 22, 23, 24, 25, 26, 31], token_allocations={0: 1, 1: 1, 2: 1, 3: 1, 4: 1, 5: 1, 6: 1, 7: 1, 8: 1, 9: 1, 10: 1, 11: 1, 12: 1, 13: 1, 14: 1, 15: 1, 16: 1, 17: 1, 18: 1, 19: 1, 20: 1, 21: 1, 22: 1, 23: 1, 24: 1, 25: 1, 26: 1, 31: 512}, prefill_allocations={31: 512}, decode_allocations={0: 1, 1: 1, 2: 1, 3: 1, 4: 1, 5: 1, 6: 1, 7: 1, 8: 1, 9: 1, 10: 1, 11: 1, 12: 1, 13: 1, 14: 1, 15: 1, 16: 1, 17: 1, 18: 1, 19: 1, 20: 1, 21: 1, 22: 1, 23: 1, 24: 1, 25: 1, 26: 1}, heuristic='LST', strategy='Fixed', mapping=None)","{""type"": ""controller"", ""token_budget"": 539, ""selected_request_ids"": [0, 1, 2, 3, 4, 5, 6, 7, 8, 9, 10, 11, 12, 13, 14, 15, 16, 17, 18, 19, 20, 21, 22, 23, 24, 25, 26, 31], ""token_allocations"": {""0"": 1, ""1"": 1, ""2"": 1, ""3"": 1, ""4"": 1, ""5"": 1, ""6"": 1, ""7"": 1, ""8"": 1, ""9"": 1, ""10"": 1, ""11"": 1, ""12"": 1, ""13"": 1, ""14"": 1, ""15"": 1, ""16"": 1, ""17"": 1, ""18"": 1, ""19"": 1, ""20"": 1, ""21"": 1, ""22"": 1, ""23"": 1, ""24"": 1, ""25"": 1, ""26"": 1, ""31"": 512}, ""prefill_allocations"": {""31"": 512}, ""decode_allocations"": {""0"": 1, ""1"": 1, ""2"": 1, ""3"": 1, ""4"": 1, ""5"": 1, ""6"": 1, ""7"": 1, ""8"": 1, ""9"": 1, ""10"": 1, ""11"": 1, ""12"": 1, ""13"": 1, ""14"": 1, ""15"": 1, ""16"": 1, ""17"": 1, ""18"": 1, ""19"": 1, ""20"": 1, ""21"": 1, ""22"": 1, ""23"": 1, ""24"": 1, ""25"": 1, ""26"": 1}, ""heuristic"": ""LST"", ""strategy"": ""Fixed""}",train_root,,8.107852062428812,27,16.115365496258576,43.115365496258576
7003,180,161,2978372,controller,8000,-31.707761764526367,"[0.14593999087810516, 0.14391222596168518, 0.1621294766664505, 0.1598980575799942, 0.07593131810426712, 0.07540598511695862, 0.09506051242351532, 0.09432404488325119, 0.00340257422067225, 0.003244805848225951, 0.0029957147780805826, 0.0036250019911676645, 0.003538615070283413, 0.0026575757656246424, 0.003543668892234564, 0.003941063303500414, 0.002342423191294074, 0.0024761196691542864, 0.0022969041019678116, 0.00302932970225811, 0.0024400718975812197, 0.002608874114230275, 0.002731588901951909, 0.0025240322574973106]","[0.1286892556583802, 0.12690118128497407, 0.14296507452789237, 0.14099741878411606, 0.06695590940634912, 0.06649267303979356, 0.08382395060243698, 0.08317453669605741, 0.01, 0.01, 0.01, 0.01, 0.01, 0.01, 0.01, 0.01, 0.01, 0.01, 0.01, 0.01, 0.01, 0.01, 0.01, 0.01]","[true, true, true, true, true, true, true, true, true, true, true, true, true, true, true, true, true, true, true, true, true, true, true, true]",-37.56599688508357,"[0.145, 0.145, 0.161125, 0.161125, 0.075375, 0.075375, 0.09475, 0.09475, 0.004875, 0.004875, 0.004875, 0.004875, 0.0030625, 0.0030625, 0.0030625, 0.0030625, 0.0021875, 0.0021875, 0.0021875, 0.0021875, 0.00175, 0.00175, 0.00175, 0.00175]",2,0.161125,0.1621294766664505,"ControllerAction(token_budget=539, selected_request_ids=[0, 1, 2, 3, 4, 5, 6, 7, 8, 9, 10, 11, 12, 13, 14, 15, 16, 17, 18, 19, 20, 21, 22, 23, 24, 25, 26, 32], token_allocations={0: 1, 1: 1, 2: 1, 3: 1, 4: 1, 5: 1, 6: 1, 7: 1, 8: 1, 9: 1, 10: 1, 11: 1, 12: 1, 13: 1, 14: 1, 15: 1, 16: 1, 17: 1, 18: 1, 19: 1, 20: 1, 21: 1, 22: 1, 23: 1, 24: 1, 25: 1, 26: 1, 32: 512}, prefill_allocations={32: 512}, decode_allocations={0: 1, 1: 1, 2: 1, 3: 1, 4: 1, 5: 1, 6: 1, 7: 1, 8: 1, 9: 1, 10: 1, 11: 1, 12: 1, 13: 1, 14: 1, 15: 1, 16: 1, 17: 1, 18: 1, 19: 1, 20: 1, 21: 1, 22: 1, 23: 1, 24: 1, 25: 1, 26: 1}, heuristic='LST', strategy='Fixed', mapping=None)","{""type"": ""controller"", ""token_budget"": 539, ""selected_request_ids"": [0, 1, 2, 3, 4, 5, 6, 7, 8, 9, 10, 11, 12, 13, 14, 15, 16, 17, 18, 19, 20, 21, 22, 23, 24, 25, 26, 32], ""token_allocations"": {""0"": 1, ""1"": 1, ""2"": 1, ""3"": 1, ""4"": 1, ""5"": 1, ""6"": 1, ""7"": 1, ""8"": 1, ""9"": 1, ""10"": 1, ""11"": 1, ""12"": 1, ""13"": 1, ""14"": 1, ""15"": 1, ""16"": 1, ""17"": 1, ""18"": 1, ""19"": 1, ""20"": 1, ""21"": 1, ""22"": 1, ""23"": 1, ""24"": 1, ""25"": 1, ""26"": 1, ""32"": 512}, ""prefill_allocations"": {""32"": 512}, ""decode_allocations"": {""0"": 1, ""1"": 1, ""2"": 1, ""3"": 1, ""4"": 1, ""5"": 1, ""6"": 1, ""7"": 1, ""8"": 1, ""9"": 1, ""10"": 1, ""11"": 1, ""12"": 1, ""13"": 1, ""14"": 1, ""15"": 1, ""16"": 1, ""17"": 1, ""18"": 1, ""19"": 1, ""20"": 1, ""21"": 1, ""22"": 1, ""23"": 1, ""24"": 1, ""25"": 1, ""26"": 1}, ""heuristic"": ""LST"", ""strategy"": ""Fixed""}",train_root,,8.134815078036015,27,16.115365496258576,43.115365496258576
7003,181,163,3086716,controller,8000,-31.776649475097656,"[0.1499728411436081, 0.14914853870868683, 0.1654880791902542, 0.16306772828102112, 0.07128825038671494, 0.07165921479463577, 0.09079723805189133, 0.08969353884458542, 0.0034461019095033407, 0.003427129704505205, 0.0030913217924535275, 0.0037692927289754152, 0.0036376670468598604, 0.002797652268782258, 0.0035707869101315737, 0.003997311927378178, 0.002423017518594861, 0.0026758851017802954, 0.0023464271798729897, 0.0030610726680606604, 0.00248585338704288, 0.0026595655363053083, 0.0028860820457339287, 0.0026094510685652494]","[0.13245204805468974, 0.13172404593851164, 0.14615469607858436, 0.1440171061490052, 0.06295989789854264, 0.0632875238554148, 0.08018971999181053, 0.07921496203344111, 0.01, 0.01, 0.01, 0.01, 0.01, 0.01, 0.01, 0.01, 0.01, 0.01, 0.01, 0.01, 0.01, 0.01, 0.01, 0.01]","[true, true, true, true, true, true, true, true, true, true, true, true, true, true, true, true, true, true, true, true, true, true, true, true]",-37.57468590563343,"[0.15259375, 0.15259375, 0.15259375, 0.15259375, 0.079125, 0.079125, 0.079125, 0.079125, 0.00675, 0.00675, 0.00675, 0.00675, 0.0048125, 0.0048125, 0.0048125, 0.0048125, 0.00365625, 0.00365625, 0.00365625, 0.00365625, 0.0030625, 0.0030625, 0.0030625, 0.0030625]",0,0.15259375,0.1499728411436081,"ControllerAction(token_budget=539, selected_request_ids=[0, 1, 2, 3, 4, 5, 6, 7, 8, 9, 10, 11, 12, 13, 14, 15, 16, 17, 18, 19, 20, 21, 22, 23, 24, 25, 26, 27], token_allocations={0: 1, 1: 1, 2: 1, 3: 1, 4: 1, 5: 1, 6: 1, 7: 1, 8: 1, 9: 1, 10: 1, 11: 1, 12: 1, 13: 1, 14: 1, 15: 1, 16: 1, 17: 1, 18: 1, 19: 1, 20: 1, 21: 1, 22: 1, 23: 1, 24: 1, 25: 1, 26: 1, 27: 512}, prefill_allocations={27: 512}, decode_allocations={0: 1, 1: 1, 2: 1, 3: 1, 4: 1, 5: 1, 6: 1, 7: 1, 8: 1, 9: 1, 10: 1, 11: 1, 12: 1, 13: 1, 14: 1, 15: 1, 16: 1, 17: 1, 18: 1, 19: 1, 20: 1, 21: 1, 22: 1, 23: 1, 24: 1, 25: 1, 26: 1}, heuristic='SJF', strategy='Fixed', mapping=None)","{""type"": ""controller"", ""token_budget"": 539, ""selected_request_ids"": [0, 1, 2, 3, 4, 5, 6, 7, 8, 9, 10, 11, 12, 13, 14, 15, 16, 17, 18, 19, 20, 21, 22, 23, 24, 25, 26, 27], ""token_allocations"": {""0"": 1, ""1"": 1, ""2"": 1, ""3"": 1, ""4"": 1, ""5"": 1, ""6"": 1, ""7"": 1, ""8"": 1, ""9"": 1, ""10"": 1, ""11"": 1, ""12"": 1, ""13"": 1, ""14"": 1, ""15"": 1, ""16"": 1, ""17"": 1, ""18"": 1, ""19"": 1, ""20"": 1, ""21"": 1, ""22"": 1, ""23"": 1, ""24"": 1, ""25"": 1, ""26"": 1, ""27"": 512}, ""prefill_allocations"": {""27"": 512}, ""decode_allocations"": {""0"": 1, ""1"": 1, ""2"": 1, ""3"": 1, ""4"": 1, ""5"": 1, ""6"": 1, ""7"": 1, ""8"": 1, ""9"": 1, ""10"": 1, ""11"": 1, ""12"": 1, ""13"": 1, ""14"": 1, ""15"": 1, ""16"": 1, ""17"": 1, ""18"": 1, ""19"": 1, ""20"": 1, ""21"": 1, ""22"": 1, ""23"": 1, ""24"": 1, ""25"": 1, ""26"": 1}, ""heuristic"": ""SJF"", ""strategy"": ""Fixed""}",train_root,,8.161778093643218,27,16.115365496258576,43.115365496258576
7003,182,165,3194100,controller,8000,-31.600502014160156,"[0.15358339250087738, 0.1514357626438141, 0.16989381611347198, 0.1701837033033371, 0.06859792768955231, 0.06851844489574432, 0.08545677363872528, 0.08478987962007523, 0.003368762321770191, 0.0033061609137803316, 0.0029777297750115395, 0.0036341289523988962, 0.0035060527734458447, 0.002721507102251053, 0.0035499969962984324, 0.0038704255130141973, 0.002354164607822895, 0.002601833315566182, 0.0022842742037028074, 0.0029473959002643824, 0.002438253490254283, 0.002583565888926387, 0.002837083302438259, 0.0025589221622794867]","[0.13544935249837767, 0.13355529957502044, 0.14983395672755934, 0.15008961608971713, 0.06049836988870598, 0.06042827186065264, 0.07536664262641316, 0.07477849073355355, 0.01, 0.01, 0.01, 0.01, 0.01, 0.01, 0.01, 0.01, 0.01, 0.01, 0.01, 0.01, 0.01, 0.01, 0.01, 0.01]","[true, true, true, true, true, true, true, true, true, true, true, true, true, true, true, true, true, true, true, true, true, true, true, true]",-37.57430217611309,"[0.14925, 0.14925, 0.1655, 0.1655, 0.066625, 0.066625, 0.082875, 0.082875, 0.0065, 0.0065, 0.006625, 0.006625, 0.0046875, 0.0046875, 0.00475, 0.00475, 0.003625, 0.003625, 0.0035625, 0.0035625, 0.003, 0.003, 0.003, 0.003]",2,0.1655,0.16989381611347198,"ControllerAction(token_budget=539, selected_request_ids=[0, 1, 2, 3, 4, 5, 6, 7, 8, 9, 10, 11, 12, 13, 14, 15, 16, 17, 18, 19, 20, 21, 22, 23, 24, 25, 26, 28], token_allocations={0: 1, 1: 1, 2: 1, 3: 1, 4: 1, 5: 1, 6: 1, 7: 1, 8: 1, 9: 1, 10: 1, 11: 1, 12: 1, 13: 1, 14: 1, 15: 1, 16: 1, 17: 1, 18: 1, 19: 1, 20: 1, 21: 1, 22: 1, 23: 1, 24: 1, 25: 1, 26: 1, 28: 512}, prefill_allocations={28: 512}, decode_allocations={0: 1, 1: 1, 2: 1, 3: 1, 4: 1, 5: 1, 6: 1, 7: 1, 8: 1, 9: 1, 10: 1, 11: 1, 12: 1, 13: 1, 14: 1, 15: 1, 16: 1, 17: 1, 18: 1, 19: 1, 20: 1, 21: 1, 22: 1, 23: 1, 24: 1, 25: 1, 26: 1}, heuristic='LST', strategy='Fixed', mapping=None)","{""type"": ""controller"", ""token_budget"": 539, ""selected_request_ids"": [0, 1, 2, 3, 4, 5, 6, 7, 8, 9, 10, 11, 12, 13, 14, 15, 16, 17, 18, 19, 20, 21, 22, 23, 24, 25, 26, 28], ""token_allocations"": {""0"": 1, ""1"": 1, ""2"": 1, ""3"": 1, ""4"": 1, ""5"": 1, ""6"": 1, ""7"": 1, ""8"": 1, ""9"": 1, ""10"": 1, ""11"": 1, ""12"": 1, ""13"": 1, ""14"": 1, ""15"": 1, ""16"": 1, ""17"": 1, ""18"": 1, ""19"": 1, ""20"": 1, ""21"": 1, ""22"": 1, ""23"": 1, ""24"": 1, ""25"": 1, ""26"": 1, ""28"": 512}, ""prefill_allocations"": {""28"": 512}, ""decode_allocations"": {""0"": 1, ""1"": 1, ""2"": 1, ""3"": 1, ""4"": 1, ""5"": 1, ""6"": 1, ""7"": 1, ""8"": 1, ""9"": 1, ""10"": 1, ""11"": 1, ""12"": 1, ""13"": 1, ""14"": 1, ""15"": 1, ""16"": 1, ""17"": 1, ""18"": 1, ""19"": 1, ""20"": 1, ""21"": 1, ""22"": 1, ""23"": 1, ""24"": 1, ""25"": 1, ""26"": 1}, ""heuristic"": ""LST"", ""strategy"": ""Fixed""}",train_root,,8.18908140697842,27,16.115365496258576,43.115365496258576
7003,183,167,3302965,controller,8000,-31.935876846313477,"[0.15811581909656525, 0.15589728951454163, 0.17344225943088531, 0.17380285263061523, 0.0641685426235199, 0.06520620733499527, 0.08050554245710373, 0.07997383922338486, 0.0034820346627384424, 0.003462307620793581, 0.0030711086001247168, 0.003737571183592081, 0.0036028430331498384, 0.0028181676752865314, 0.0036482836585491896, 0.0038903108797967434, 0.00239703175611794, 0.0027340154629200697, 0.0023329753894358873, 0.003026262391358614, 0.002501757349818945, 0.002662072191014886, 0.0029442436061799526, 0.0025766524486243725]","[0.13964416266733554, 0.13768480965886015, 0.15318011333555995, 0.1534985807458895, 0.05667214359350159, 0.057588584595998145, 0.07110059658000464, 0.07063100882285026, 0.01, 0.01, 0.01, 0.01, 0.01, 0.01, 0.01, 0.01, 0.01, 0.01, 0.01, 0.01, 0.01, 0.01, 0.01, 0.01]","[true, true, true, true, true, true, true, true, true, true, true, true, true, true, true, true, true, true, true, true, true, true, true, true]",-37.574763770573036,"[0.1539375, 0.1539375, 0.1688125, 0.1688125, 0.0628125, 0.0628125, 0.078, 0.078, 0.006625, 0.006625, 0.00675, 0.00675, 0.0048125, 0.0048125, 0.0048125, 0.0048125, 0.003625, 0.003625, 0.0036875, 0.0036875, 0.0030625, 0.0030625, 0.0030625, 0.0030625]",2,0.1688125,0.17344225943088531,"ControllerAction(token_budget=539, selected_request_ids=[0, 1, 2, 3, 4, 5, 6, 7, 8, 9, 10, 11, 12, 13, 14, 15, 16, 17, 18, 19, 20, 21, 22, 23, 24, 25, 26, 29], token_allocations={0: 1, 1: 1, 2: 1, 3: 1, 4: 1, 5: 1, 6: 1, 7: 1, 8: 1, 9: 1, 10: 1, 11: 1, 12: 1, 13: 1, 14: 1, 15: 1, 16: 1, 17: 1, 18: 1, 19: 1, 20: 1, 21: 1, 22: 1, 23: 1, 24: 1, 25: 1, 26: 1, 29: 512}, prefill_allocations={29: 512}, decode_allocations={0: 1, 1: 1, 2: 1, 3: 1, 4: 1, 5: 1, 6: 1, 7: 1, 8: 1, 9: 1, 10: 1, 11: 1, 12: 1, 13: 1, 14: 1, 15: 1, 16: 1, 17: 1, 18: 1, 19: 1, 20: 1, 21: 1, 22: 1, 23: 1, 24: 1, 25: 1, 26: 1}, heuristic='LST', strategy='Fixed', mapping=None)","{""type"": ""controller"", ""token_budget"": 539, ""selected_request_ids"": [0, 1, 2, 3, 4, 5, 6, 7, 8, 9, 10, 11, 12, 13, 14, 15, 16, 17, 18, 19, 20, 21, 22, 23, 24, 25, 26, 29], ""token_allocations"": {""0"": 1, ""1"": 1, ""2"": 1, ""3"": 1, ""4"": 1, ""5"": 1, ""6"": 1, ""7"": 1, ""8"": 1, ""9"": 1, ""10"": 1, ""11"": 1, ""12"": 1, ""13"": 1, ""14"": 1, ""15"": 1, ""16"": 1, ""17"": 1, ""18"": 1, ""19"": 1, ""20"": 1, ""21"": 1, ""22"": 1, ""23"": 1, ""24"": 1, ""25"": 1, ""26"": 1, ""29"": 512}, ""prefill_allocations"": {""29"": 512}, ""decode_allocations"": {""0"": 1, ""1"": 1, ""2"": 1, ""3"": 1, ""4"": 1, ""5"": 1, ""6"": 1, ""7"": 1, ""8"": 1, ""9"": 1, ""10"": 1, ""11"": 1, ""12"": 1, ""13"": 1, ""14"": 1, ""15"": 1, ""16"": 1, ""17"": 1, ""18"": 1, ""19"": 1, ""20"": 1, ""21"": 1, ""22"": 1, ""23"": 1, ""24"": 1, ""25"": 1, ""26"": 1}, ""heuristic"": ""LST"", ""strategy"": ""Fixed""}",train_root,,8.216384720313624,27,16.115365496258576,43.115365496258576
7003,184,169,3413527,controller,8000,-32.26891326904297,"[0.1625434011220932, 0.1602550745010376, 0.1768052726984024, 0.17723889648914337, 0.05993717908859253, 0.06196313723921776, 0.07572999596595764, 0.07532081007957458, 0.0035938408691436052, 0.0036205134820193052, 0.003162772161886096, 0.0038383256178349257, 0.0036968793720006943, 0.002913982607424259, 0.0037437949795275927, 0.0039045666344463825, 0.0024371009785681963, 0.002868704032152891, 0.0023792225401848555, 0.003102686023339629, 0.002563152927905321, 0.002738939831033349, 0.003050971543416381, 0.0025907016824930906]","[0.14375379336017988, 0.141729991532773, 0.15636702850449796, 0.15675052647722348, 0.05300859215331441, 0.05480035464462951, 0.06697579917796996, 0.06661391414941178, 0.01, 0.01, 0.01, 0.01, 0.01, 0.01, 0.01, 0.01, 0.01, 0.01, 0.01, 0.01, 0.01, 0.01, 0.01, 0.01]","[true, true, true, true, true, true, true, true, true, true, true, true, true, true, true, true, true, true, true, true, true, true, true, true]",-37.574194031846034,"[0.157375, 0.157375, 0.17375, 0.17375, 0.059125, 0.059125, 0.073375, 0.073375, 0.006625, 0.006625, 0.00675, 0.00675, 0.0048125, 0.0048125, 0.0048125, 0.0048125, 0.003625, 0.003625, 0.003625, 0.003625, 0.0030625, 0.0030625, 0.0030625, 0.0030625]",2,0.17375,0.1768052726984024,"ControllerAction(token_budget=539, selected_request_ids=[0, 1, 2, 3, 4, 5, 6, 7, 8, 9, 10, 11, 12, 13, 14, 15, 16, 17, 18, 19, 20, 21, 22, 23, 24, 25, 26, 30], token_allocations={0: 1, 1: 1, 2: 1, 3: 1, 4: 1, 5: 1, 6: 1, 7: 1, 8: 1, 9: 1, 10: 1, 11: 1, 12: 1, 13: 1, 14: 1, 15: 1, 16: 1, 17: 1, 18: 1, 19: 1, 20: 1, 21: 1, 22: 1, 23: 1, 24: 1, 25: 1, 26: 1, 30: 512}, prefill_allocations={30: 512}, decode_allocations={0: 1, 1: 1, 2: 1, 3: 1, 4: 1, 5: 1, 6: 1, 7: 1, 8: 1, 9: 1, 10: 1, 11: 1, 12: 1, 13: 1, 14: 1, 15: 1, 16: 1, 17: 1, 18: 1, 19: 1, 20: 1, 21: 1, 22: 1, 23: 1, 24: 1, 25: 1, 26: 1}, heuristic='LST', strategy='Fixed', mapping=None)","{""type"": ""controller"", ""token_budget"": 539, ""selected_request_ids"": [0, 1, 2, 3, 4, 5, 6, 7, 8, 9, 10, 11, 12, 13, 14, 15, 16, 17, 18, 19, 20, 21, 22, 23, 24, 25, 26, 30], ""token_allocations"": {""0"": 1, ""1"": 1, ""2"": 1, ""3"": 1, ""4"": 1, ""5"": 1, ""6"": 1, ""7"": 1, ""8"": 1, ""9"": 1, ""10"": 1, ""11"": 1, ""12"": 1, ""13"": 1, ""14"": 1, ""15"": 1, ""16"": 1, ""17"": 1, ""18"": 1, ""19"": 1, ""20"": 1, ""21"": 1, ""22"": 1, ""23"": 1, ""24"": 1, ""25"": 1, ""26"": 1, ""30"": 512}, ""prefill_allocations"": {""30"": 512}, ""decode_allocations"": {""0"": 1, ""1"": 1, ""2"": 1, ""3"": 1, ""4"": 1, ""5"": 1, ""6"": 1, ""7"": 1, ""8"": 1, ""9"": 1, ""10"": 1, ""11"": 1, ""12"": 1, ""13"": 1, ""14"": 1, ""15"": 1, ""16"": 1, ""17"": 1, ""18"": 1, ""19"": 1, ""20"": 1, ""21"": 1, ""22"": 1, ""23"": 1, ""24"": 1, ""25"": 1, ""26"": 1}, ""heuristic"": ""LST"", ""strategy"": ""Fixed""}",train_root,,8.243688033648827,27,16.115365496258576,43.115365496258576
7003,185,171,3517633,controller,8000,-32.598388671875,"[0.16685877740383148, 0.16450180113315582, 0.17997880280017853, 0.18048736453056335, 0.055905699729919434, 0.058798130601644516, 0.07113704085350037, 0.07083822786808014, 0.0037039967719465494, 0.00378059851936996, 0.003252568654716015, 0.003936224617063999, 0.0037880095187574625, 0.0030087982304394245, 0.0038363777566701174, 0.0039133355021476746, 0.002474339911714196, 0.0030057725962251425, 0.002422957681119442, 0.0031765426974743605, 0.0026223440654575825, 0.0028140475042164326, 0.003157100873067975, 0.002601145301014185]","[0.14777070038077728, 0.14568335418468428, 0.15938983946352156, 0.15984022346042662, 0.04951027769053957, 0.05207182430120042, 0.06299920515716505, 0.06273457536168504, 0.01, 0.01, 0.01, 0.01, 0.01, 0.01, 0.01, 0.01, 0.01, 0.01, 0.01, 0.01, 0.01, 0.01, 0.01, 0.01]","[true, true, true, true, true, true, true, true, true, true, true, true, true, true, true, true, true, true, true, true, true, true, true, true]",-37.575200354834095,"[0.1636875, 0.1636875, 0.17775, 0.17775, 0.0560625, 0.0560625, 0.0694375, 0.0694375, 0.006625, 0.006625, 0.00675, 0.00675, 0.0048125, 0.0048125, 0.0048125, 0.0048125, 0.003625, 0.003625, 0.0036875, 0.0036875, 0.001375, 0.001375, 0.001375, 0.001375]",2,0.17775,0.17997880280017853,"ControllerAction(token_budget=539, selected_request_ids=[0, 1, 2, 3, 4, 5, 6, 7, 8, 9, 10, 11, 12, 13, 14, 15, 16, 17, 18, 19, 20, 21, 22, 23, 24, 25, 26, 31], token_allocations={0: 1, 1: 1, 2: 1, 3: 1, 4: 1, 5: 1, 6: 1, 7: 1, 8: 1, 9: 1, 10: 1, 11: 1, 12: 1, 13: 1, 14: 1, 15: 1, 16: 1, 17: 1, 18: 1, 19: 1, 20: 1, 21: 1, 22: 1, 23: 1, 24: 1, 25: 1, 26: 1, 31: 512}, prefill_allocations={31: 512}, decode_allocations={0: 1, 1: 1, 2: 1, 3: 1, 4: 1, 5: 1, 6: 1, 7: 1, 8: 1, 9: 1, 10: 1, 11: 1, 12: 1, 13: 1, 14: 1, 15: 1, 16: 1, 17: 1, 18: 1, 19: 1, 20: 1, 21: 1, 22: 1, 23: 1, 24: 1, 25: 1, 26: 1}, heuristic='LST', strategy='Fixed', mapping=None)","{""type"": ""controller"", ""token_budget"": 539, ""selected_request_ids"": [0, 1, 2, 3, 4, 5, 6, 7, 8, 9, 10, 11, 12, 13, 14, 15, 16, 17, 18, 19, 20, 21, 22, 23, 24, 25, 26, 31], ""token_allocations"": {""0"": 1, ""1"": 1, ""2"": 1, ""3"": 1, ""4"": 1, ""5"": 1, ""6"": 1, ""7"": 1, ""8"": 1, ""9"": 1, ""10"": 1, ""11"": 1, ""12"": 1, ""13"": 1, ""14"": 1, ""15"": 1, ""16"": 1, ""17"": 1, ""18"": 1, ""19"": 1, ""20"": 1, ""21"": 1, ""22"": 1, ""23"": 1, ""24"": 1, ""25"": 1, ""26"": 1, ""31"": 512}, ""prefill_allocations"": {""31"": 512}, ""decode_allocations"": {""0"": 1, ""1"": 1, ""2"": 1, ""3"": 1, ""4"": 1, ""5"": 1, ""6"": 1, ""7"": 1, ""8"": 1, ""9"": 1, ""10"": 1, ""11"": 1, ""12"": 1, ""13"": 1, ""14"": 1, ""15"": 1, ""16"": 1, ""17"": 1, ""18"": 1, ""19"": 1, ""20"": 1, ""21"": 1, ""22"": 1, ""23"": 1, ""24"": 1, ""25"": 1, ""26"": 1}, ""heuristic"": ""LST"", ""strategy"": ""Fixed""}",train_root,,8.27099134698403,27,16.115365496258576,43.115365496258576
7003,186,173,3619733,controller,8000,-32.92311477661133,"[0.17105579376220703, 0.168631449341774, 0.18296009302139282, 0.18354539573192596, 0.05207446962594986, 0.05571891367435455, 0.0667317658662796, 0.06653181463479996, 0.003812334267422557, 0.003942391835153103, 0.0033403648994863033, 0.004031128715723753, 0.0038761061150580645, 0.0031024725176393986, 0.0039259023033082485, 0.003916789777576923, 0.0025087296962738037, 0.003145109862089157, 0.00246413960121572, 0.0032477343920618296, 0.0026792529970407486, 0.002887281123548746, 0.003262478159740567, 0.002608080394566059]","[0.15168848025898718, 0.14953862545037974, 0.16224494855192517, 0.16276398200118478, 0.046178483546918274, 0.04941029561789624, 0.05917624844281044, 0.05899893612989795, 0.01, 0.01, 0.01, 0.01, 0.01, 0.01, 0.01, 0.01, 0.01, 0.01, 0.01, 0.01, 0.01, 0.01, 0.01, 0.01]","[true, true, true, true, true, true, true, true, true, true, true, true, true, true, true, true, true, true, true, true, true, true, true, true]",-37.57912977257819,"[0.1698125, 0.1698125, 0.184625, 0.184625, 0.0536875, 0.0536875, 0.066375, 0.066375, 0.0066875, 0.0066875, 0.0068125, 0.0068125, 0.0015, 0.0015, 0.004875, 0.004875, 0.0014375, 0.0014375, 0.0014375, 0.0014375, 0.001375, 0.001375, 0.001375, 0.001375]",2,0.184625,0.18296009302139282,"ControllerAction(token_budget=539, selected_request_ids=[0, 1, 2, 3, 4, 5, 6, 7, 8, 9, 10, 11, 12, 13, 14, 15, 16, 17, 18, 19, 20, 21, 22, 23, 24, 25, 26, 32], token_allocations={0: 1, 1: 1, 2: 1, 3: 1, 4: 1, 5: 1, 6: 1, 7: 1, 8: 1, 9: 1, 10: 1, 11: 1, 12: 1, 13: 1, 14: 1, 15: 1, 16: 1, 17: 1, 18: 1, 19: 1, 20: 1, 21: 1, 22: 1, 23: 1, 24: 1, 25: 1, 26: 1, 32: 512}, prefill_allocations={32: 512}, decode_allocations={0: 1, 1: 1, 2: 1, 3: 1, 4: 1, 5: 1, 6: 1, 7: 1, 8: 1, 9: 1, 10: 1, 11: 1, 12: 1, 13: 1, 14: 1, 15: 1, 16: 1, 17: 1, 18: 1, 19: 1, 20: 1, 21: 1, 22: 1, 23: 1, 24: 1, 25: 1, 26: 1}, heuristic='LST', strategy='Fixed', mapping=None)","{""type"": ""controller"", ""token_budget"": 539, ""selected_request_ids"": [0, 1, 2, 3, 4, 5, 6, 7, 8, 9, 10, 11, 12, 13, 14, 15, 16, 17, 18, 19, 20, 21, 22, 23, 24, 25, 26, 32], ""token_allocations"": {""0"": 1, ""1"": 1, ""2"": 1, ""3"": 1, ""4"": 1, ""5"": 1, ""6"": 1, ""7"": 1, ""8"": 1, ""9"": 1, ""10"": 1, ""11"": 1, ""12"": 1, ""13"": 1, ""14"": 1, ""15"": 1, ""16"": 1, ""17"": 1, ""18"": 1, ""19"": 1, ""20"": 1, ""21"": 1, ""22"": 1, ""23"": 1, ""24"": 1, ""25"": 1, ""26"": 1, ""32"": 512}, ""prefill_allocations"": {""32"": 512}, ""decode_allocations"": {""0"": 1, ""1"": 1, ""2"": 1, ""3"": 1, ""4"": 1, ""5"": 1, ""6"": 1, ""7"": 1, ""8"": 1, ""9"": 1, ""10"": 1, ""11"": 1, ""12"": 1, ""13"": 1, ""14"": 1, ""15"": 1, ""16"": 1, ""17"": 1, ""18"": 1, ""19"": 1, ""20"": 1, ""21"": 1, ""22"": 1, ""23"": 1, ""24"": 1, ""25"": 1, ""26"": 1}, ""heuristic"": ""LST"", ""strategy"": ""Fixed""}",train_root,,8.298294660319232,27,16.115365496258576,43.115365496258576
7003,187,175,3720140,controller,8000,-32.98371124267578,"[0.17447076737880707, 0.17347121238708496, 0.18534663319587708, 0.18577289581298828, 0.0484703853726387, 0.0525045208632946, 0.06319399178028107, 0.06272584944963455, 0.0038322857581079006, 0.00413363054394722, 0.003421059111133218, 0.004160059615969658, 0.003954767249524593, 0.0032415268942713737, 0.003926509525626898, 0.0039419508539140224, 0.002575189806520939, 0.0033740426879376173, 0.0024980134330689907, 0.003257211297750473, 0.0027088916394859552, 0.002921539358794689, 0.0034216518979519606, 0.002675439463928342]","[0.15492835279787098, 0.15404075763952468, 0.16458601638016576, 0.16496453345853088, 0.043041233084947755, 0.04662350635582619, 0.056115653070890316, 0.055699947212243237, 0.01, 0.01, 0.01, 0.01, 0.01, 0.01, 0.01, 0.01, 0.01, 0.01, 0.01, 0.01, 0.01, 0.01, 0.01, 0.01]","[true, true, true, true, true, true, true, true, true, true, true, true, true, true, true, true, true, true, true, true, true, true, true, true]",-37.58538927371339,"[0.18565625, 0.18565625, 0.18565625, 0.18565625, 0.05828125, 0.05828125, 0.05828125, 0.05828125, 0.001625, 0.001625, 0.001625, 0.001625, 0.0015625, 0.0015625, 0.0015625, 0.0015625, 0.00146875, 0.00146875, 0.00146875, 0.00146875, 0.00140625, 0.00140625, 0.00140625, 0.00140625]",0,0.18565625,0.17447076737880707,"ControllerAction(token_budget=539, selected_request_ids=[0, 1, 2, 3, 4, 5, 6, 7, 8, 9, 10, 11, 12, 13, 14, 15, 16, 17, 18, 19, 20, 21, 22, 23, 24, 25, 26, 27], token_allocations={0: 1, 1: 1, 2: 1, 3: 1, 4: 1, 5: 1, 6: 1, 7: 1, 8: 1, 9: 1, 10: 1, 11: 1, 12: 1, 13: 1, 14: 1, 15: 1, 16: 1, 17: 1, 18: 1, 19: 1, 20: 1, 21: 1, 22: 1, 23: 1, 24: 1, 25: 1, 26: 1, 27: 512}, prefill_allocations={27: 512}, decode_allocations={0: 1, 1: 1, 2: 1, 3: 1, 4: 1, 5: 1, 6: 1, 7: 1, 8: 1, 9: 1, 10: 1, 11: 1, 12: 1, 13: 1, 14: 1, 15: 1, 16: 1, 17: 1, 18: 1, 19: 1, 20: 1, 21: 1, 22: 1, 23: 1, 24: 1, 25: 1, 26: 1}, heuristic='SJF', strategy='Fixed', mapping=None)","{""type"": ""controller"", ""token_budget"": 539, ""selected_request_ids"": [0, 1, 2, 3, 4, 5, 6, 7, 8, 9, 10, 11, 12, 13, 14, 15, 16, 17, 18, 19, 20, 21, 22, 23, 24, 25, 26, 27], ""token_allocations"": {""0"": 1, ""1"": 1, ""2"": 1, ""3"": 1, ""4"": 1, ""5"": 1, ""6"": 1, ""7"": 1, ""8"": 1, ""9"": 1, ""10"": 1, ""11"": 1, ""12"": 1, ""13"": 1, ""14"": 1, ""15"": 1, ""16"": 1, ""17"": 1, ""18"": 1, ""19"": 1, ""20"": 1, ""21"": 1, ""22"": 1, ""23"": 1, ""24"": 1, ""25"": 1, ""26"": 1, ""27"": 512}, ""prefill_allocations"": {""27"": 512}, ""decode_allocations"": {""0"": 1, ""1"": 1, ""2"": 1, ""3"": 1, ""4"": 1, ""5"": 1, ""6"": 1, ""7"": 1, ""8"": 1, ""9"": 1, ""10"": 1, ""11"": 1, ""12"": 1, ""13"": 1, ""14"": 1, ""15"": 1, ""16"": 1, ""17"": 1, ""18"": 1, ""19"": 1, ""20"": 1, ""21"": 1, ""22"": 1, ""23"": 1, ""24"": 1, ""25"": 1, ""26"": 1}, ""heuristic"": ""SJF"", ""strategy"": ""Fixed""}",train_root,,8.325597973654435,27,16.115365496258576,43.115365496258576
7003,188,177,3821524,controller,8000,-32.82859420776367,"[0.1774684339761734, 0.17495828866958618, 0.18898549675941467, 0.19255331158638, 0.04625044763088226, 0.04979502782225609, 0.05898204445838928, 0.05880456045269966, 0.003721058601513505, 0.003961990587413311, 0.0032729096710681915, 0.0039835465140640736, 0.0037858830764889717, 0.0031319367699325085, 0.003877502167597413, 0.003789593232795596, 0.002484481781721115, 0.003259378718212247, 0.002414816292002797, 0.0031150500290095806, 0.0026387691032141447, 0.0028191262390464544, 0.003341466886922717, 0.002604858484119177]","[0.15728408971905172, 0.15505943539172426, 0.16749126118900717, 0.17065329116116953, 0.040990160287877705, 0.0441315982120511, 0.05227373096475232, 0.052116433074366184, 0.01, 0.01, 0.01, 0.01, 0.01, 0.01, 0.01, 0.01, 0.01, 0.01, 0.01, 0.01, 0.01, 0.01, 0.01, 0.01]","[true, true, true, true, true, true, true, true, true, true, true, true, true, true, true, true, true, true, true, true, true, true, true, true]",-37.629444924416916,"[0.2261875, 0.2261875, 0.245125, 0.245125, 0.0075, 0.0075, 0.0091875, 0.0091875, 0.001625, 0.001625, 0.001625, 0.001625, 0.0015625, 0.0015625, 0.0015625, 0.0015625, 0.0014375, 0.0014375, 0.0014375, 0.0014375, 0.001375, 0.001375, 0.001375, 0.001375]",2,0.245125,0.18898549675941467,"ControllerAction(token_budget=539, selected_request_ids=[0, 1, 2, 3, 4, 5, 6, 7, 8, 9, 10, 11, 12, 13, 14, 15, 16, 17, 18, 19, 20, 21, 22, 23, 24, 25, 26, 28], token_allocations={0: 1, 1: 1, 2: 1, 3: 1, 4: 1, 5: 1, 6: 1, 7: 1, 8: 1, 9: 1, 10: 1, 11: 1, 12: 1, 13: 1, 14: 1, 15: 1, 16: 1, 17: 1, 18: 1, 19: 1, 20: 1, 21: 1, 22: 1, 23: 1, 24: 1, 25: 1, 26: 1, 28: 512}, prefill_allocations={28: 512}, decode_allocations={0: 1, 1: 1, 2: 1, 3: 1, 4: 1, 5: 1, 6: 1, 7: 1, 8: 1, 9: 1, 10: 1, 11: 1, 12: 1, 13: 1, 14: 1, 15: 1, 16: 1, 17: 1, 18: 1, 19: 1, 20: 1, 21: 1, 22: 1, 23: 1, 24: 1, 25: 1, 26: 1}, heuristic='LST', strategy='Fixed', mapping=None)","{""type"": ""controller"", ""token_budget"": 539, ""selected_request_ids"": [0, 1, 2, 3, 4, 5, 6, 7, 8, 9, 10, 11, 12, 13, 14, 15, 16, 17, 18, 19, 20, 21, 22, 23, 24, 25, 26, 28], ""token_allocations"": {""0"": 1, ""1"": 1, ""2"": 1, ""3"": 1, ""4"": 1, ""5"": 1, ""6"": 1, ""7"": 1, ""8"": 1, ""9"": 1, ""10"": 1, ""11"": 1, ""12"": 1, ""13"": 1, ""14"": 1, ""15"": 1, ""16"": 1, ""17"": 1, ""18"": 1, ""19"": 1, ""20"": 1, ""21"": 1, ""22"": 1, ""23"": 1, ""24"": 1, ""25"": 1, ""26"": 1, ""28"": 512}, ""prefill_allocations"": {""28"": 512}, ""decode_allocations"": {""0"": 1, ""1"": 1, ""2"": 1, ""3"": 1, ""4"": 1, ""5"": 1, ""6"": 1, ""7"": 1, ""8"": 1, ""9"": 1, ""10"": 1, ""11"": 1, ""12"": 1, ""13"": 1, ""14"": 1, ""15"": 1, ""16"": 1, ""17"": 1, ""18"": 1, ""19"": 1, ""20"": 1, ""21"": 1, ""22"": 1, ""23"": 1, ""24"": 1, ""25"": 1, ""26"": 1}, ""heuristic"": ""LST"", ""strategy"": ""Fixed""}",train_root,,8.353399444557638,27,16.115365496258576,43.115365496258576
7003,189,179,3921311,controller,8000,-33.152366638183594,"[0.18135344982147217, 0.17879244685173035, 0.1914898157119751, 0.1951713114976883, 0.04287264868617058, 0.046970807015895844, 0.05506503954529762, 0.05496716871857643, 0.003817706136032939, 0.004119557794183493, 0.0033502932637929916, 0.00406626658514142, 0.0038614633958786726, 0.0032190277706831694, 0.003955493681132793, 0.003779337042942643, 0.0025103020016103983, 0.003400444285944104, 0.002447375562041998, 0.0031746418680995703, 0.0026870807632803917, 0.002883468521758914, 0.0034425726626068354, 0.002602379536256194]","[0.16091653497562022, 0.158644134178399, 0.16991062291798079, 0.17317724699349468, 0.03804128390497712, 0.041677616375355005, 0.04885970115620967, 0.04877285949796342, 0.01, 0.01, 0.01, 0.01, 0.01, 0.01, 0.01, 0.01, 0.01, 0.01, 0.01, 0.01, 0.01, 0.01, 0.01, 0.01]","[true, true, true, true, true, true, true, true, true, true, true, true, true, true, true, true, true, true, true, true, true, true, true, true]",-38.89253969120376,"[0.1761875, 0.1761875, 0.189375, 0.189375, 0.0398125, 0.0398125, 0.0495625, 0.0495625, 0.00725, 0.00725, 0.0075, 0.0075, 0.00575, 0.00575, 0.0060625, 0.0060625, 0.004875, 0.004875, 0.0049375, 0.0049375, 0.0043125, 0.0043125, 0.004375, 0.004375]",2,0.189375,0.1914898157119751,"ControllerAction(token_budget=539, selected_request_ids=[0, 1, 2, 3, 4, 5, 6, 7, 8, 9, 10, 11, 12, 13, 14, 15, 16, 17, 18, 19, 20, 21, 22, 23, 24, 25, 26, 29], token_allocations={0: 1, 1: 1, 2: 1, 3: 1, 4: 1, 5: 1, 6: 1, 7: 1, 8: 1, 9: 1, 10: 1, 11: 1, 12: 1, 13: 1, 14: 1, 15: 1, 16: 1, 17: 1, 18: 1, 19: 1, 20: 1, 21: 1, 22: 1, 23: 1, 24: 1, 25: 1, 26: 1, 29: 512}, prefill_allocations={29: 512}, decode_allocations={0: 1, 1: 1, 2: 1, 3: 1, 4: 1, 5: 1, 6: 1, 7: 1, 8: 1, 9: 1, 10: 1, 11: 1, 12: 1, 13: 1, 14: 1, 15: 1, 16: 1, 17: 1, 18: 1, 19: 1, 20: 1, 21: 1, 22: 1, 23: 1, 24: 1, 25: 1, 26: 1}, heuristic='LST', strategy='Fixed', mapping=None)","{""type"": ""controller"", ""token_budget"": 539, ""selected_request_ids"": [0, 1, 2, 3, 4, 5, 6, 7, 8, 9, 10, 11, 12, 13, 14, 15, 16, 17, 18, 19, 20, 21, 22, 23, 24, 25, 26, 29], ""token_allocations"": {""0"": 1, ""1"": 1, ""2"": 1, ""3"": 1, ""4"": 1, ""5"": 1, ""6"": 1, ""7"": 1, ""8"": 1, ""9"": 1, ""10"": 1, ""11"": 1, ""12"": 1, ""13"": 1, ""14"": 1, ""15"": 1, ""16"": 1, ""17"": 1, ""18"": 1, ""19"": 1, ""20"": 1, ""21"": 1, ""22"": 1, ""23"": 1, ""24"": 1, ""25"": 1, ""26"": 1, ""29"": 512}, ""prefill_allocations"": {""29"": 512}, ""decode_allocations"": {""0"": 1, ""1"": 1, ""2"": 1, ""3"": 1, ""4"": 1, ""5"": 1, ""6"": 1, ""7"": 1, ""8"": 1, ""9"": 1, ""10"": 1, ""11"": 1, ""12"": 1, ""13"": 1, ""14"": 1, ""15"": 1, ""16"": 1, ""17"": 1, ""18"": 1, ""19"": 1, ""20"": 1, ""21"": 1, ""22"": 1, ""23"": 1, ""24"": 1, ""25"": 1, ""26"": 1}, ""heuristic"": ""LST"", ""strategy"": ""Fixed""}",train_root,,8.381200915460841,27,16.115365496258576,43.115365496258576
7003,190,181,4020518,controller,8000,-31.300792694091797,"[0.18695692718029022, 0.1880609095096588, 0.23885370790958405, 0.23150639235973358, 0.022987045347690582, 0.027196547016501427, 0.03868982568383217, 0.03750329464673996, 0.002012337790802121, 0.0020293667912483215, 0.0020176637917757034, 0.0021248890552669764, 0.0019651504699140787, 0.0016998705687001348, 0.0022831670939922333, 0.0020482796244323254, 0.0013180467067286372, 0.0018151719123125076, 0.0011318132746964693, 0.0016516377218067646, 0.0013985536061227322, 0.0017180752474814653, 0.0017584627494215965, 0.001272869878448546]","[0.16160850775178215, 0.1625628074374073, 0.20646890109091065, 0.2001177659931041, 0.01987036346976536, 0.023509122906687024, 0.03344409371850152, 0.03241843763184189, 0.01, 0.01, 0.01, 0.01, 0.01, 0.01, 0.01, 0.01, 0.01, 0.01, 0.01, 0.01, 0.01, 0.01, 0.01, 0.01]","[true, true, true, true, true, true, true, true, true, true, true, true, true, true, true, true, true, true, true, true, true, true, true, true]",-38.914760519853786,"[0.1770625, 0.1770625, 0.2226875, 0.2226875, 0.0215, 0.0215, 0.0331875, 0.0331875, 0.0073125, 0.0073125, 0.0075625, 0.0075625, 0.0058125, 0.0058125, 0.006125, 0.006125, 0.0049375, 0.0049375, 0.005, 0.005, 0.004375, 0.004375, 0.0044375, 0.0044375]",2,0.2226875,0.23885370790958405,"ControllerAction(token_budget=539, selected_request_ids=[0, 1, 2, 3, 4, 5, 6, 7, 8, 9, 10, 11, 12, 13, 14, 15, 16, 17, 18, 19, 20, 21, 22, 23, 24, 25, 26, 30], token_allocations={0: 1, 1: 1, 2: 1, 3: 1, 4: 1, 5: 1, 6: 1, 7: 1, 8: 1, 9: 1, 10: 1, 11: 1, 12: 1, 13: 1, 14: 1, 15: 1, 16: 1, 17: 1, 18: 1, 19: 1, 20: 1, 21: 1, 22: 1, 23: 1, 24: 1, 25: 1, 26: 1, 30: 512}, prefill_allocations={30: 512}, decode_allocations={0: 1, 1: 1, 2: 1, 3: 1, 4: 1, 5: 1, 6: 1, 7: 1, 8: 1, 9: 1, 10: 1, 11: 1, 12: 1, 13: 1, 14: 1, 15: 1, 16: 1, 17: 1, 18: 1, 19: 1, 20: 1, 21: 1, 22: 1, 23: 1, 24: 1, 25: 1, 26: 1}, heuristic='LST', strategy='Fixed', mapping=None)","{""type"": ""controller"", ""token_budget"": 539, ""selected_request_ids"": [0, 1, 2, 3, 4, 5, 6, 7, 8, 9, 10, 11, 12, 13, 14, 15, 16, 17, 18, 19, 20, 21, 22, 23, 24, 25, 26, 30], ""token_allocations"": {""0"": 1, ""1"": 1, ""2"": 1, ""3"": 1, ""4"": 1, ""5"": 1, ""6"": 1, ""7"": 1, ""8"": 1, ""9"": 1, ""10"": 1, ""11"": 1, ""12"": 1, ""13"": 1, ""14"": 1, ""15"": 1, ""16"": 1, ""17"": 1, ""18"": 1, ""19"": 1, ""20"": 1, ""21"": 1, ""22"": 1, ""23"": 1, ""24"": 1, ""25"": 1, ""26"": 1, ""30"": 512}, ""prefill_allocations"": {""30"": 512}, ""decode_allocations"": {""0"": 1, ""1"": 1, ""2"": 1, ""3"": 1, ""4"": 1, ""5"": 1, ""6"": 1, ""7"": 1, ""8"": 1, ""9"": 1, ""10"": 1, ""11"": 1, ""12"": 1, ""13"": 1, ""14"": 1, ""15"": 1, ""16"": 1, ""17"": 1, ""18"": 1, ""19"": 1, ""20"": 1, ""21"": 1, ""22"": 1, ""23"": 1, ""24"": 1, ""25"": 1, ""26"": 1}, ""heuristic"": ""LST"", ""strategy"": ""Fixed""}",train_root,,8.409002386364044,33,16.24469904314462,49.24469904314462
7003,191,183,4119789,controller,8000,-31.656713485717773,"[0.1897410899400711, 0.19086594879627228, 0.2403612583875656, 0.2330467849969864, 0.02116229198873043, 0.025478333234786987, 0.035873036831617355, 0.03481585904955864, 0.0020504645071923733, 0.0020956206135451794, 0.002051224233582616, 0.002154157031327486, 0.001990653108805418, 0.0017351728165522218, 0.002313137985765934, 0.002028746297582984, 0.0013226231094449759, 0.0018807633314281702, 0.0011392181040719151, 0.0016717050457373261, 0.0014144049491733313, 0.0017452515894547105, 0.0017992614302784204, 0.0012629491975530982]","[0.16408441970068174, 0.16505717585341195, 0.20785976096957243, 0.20153434604712023, 0.01830074024347579, 0.022033169120568664, 0.031022307467909294, 0.03010808059725968, 0.01, 0.01, 0.01, 0.01, 0.01, 0.01, 0.01, 0.01, 0.01, 0.01, 0.01, 0.01, 0.01, 0.01, 0.01, 0.01]","[true, true, true, true, true, true, true, true, true, true, true, true, true, true, true, true, true, true, true, true, true, true, true, true]",-38.937810701421476,"[0.1795, 0.1795, 0.22375, 0.22375, 0.02, 0.02, 0.0308125, 0.0308125, 0.0073125, 0.0073125, 0.0075625, 0.0075625, 0.005875, 0.005875, 0.0061875, 0.0061875, 0.005, 0.005, 0.0050625, 0.0050625, 0.0044375, 0.0044375, 0.0045, 0.0045]",2,0.22375,0.2403612583875656,"ControllerAction(token_budget=539, selected_request_ids=[0, 1, 2, 3, 4, 5, 6, 7, 8, 9, 10, 11, 12, 13, 14, 15, 16, 17, 18, 19, 20, 21, 22, 23, 24, 25, 26, 31], token_allocations={0: 1, 1: 1, 2: 1, 3: 1, 4: 1, 5: 1, 6: 1, 7: 1, 8: 1, 9: 1, 10: 1, 11: 1, 12: 1, 13: 1, 14: 1, 15: 1, 16: 1, 17: 1, 18: 1, 19: 1, 20: 1, 21: 1, 22: 1, 23: 1, 24: 1, 25: 1, 26: 1, 31: 512}, prefill_allocations={31: 512}, decode_allocations={0: 1, 1: 1, 2: 1, 3: 1, 4: 1, 5: 1, 6: 1, 7: 1, 8: 1, 9: 1, 10: 1, 11: 1, 12: 1, 13: 1, 14: 1, 15: 1, 16: 1, 17: 1, 18: 1, 19: 1, 20: 1, 21: 1, 22: 1, 23: 1, 24: 1, 25: 1, 26: 1}, heuristic='LST', strategy='Fixed', mapping=None)","{""type"": ""controller"", ""token_budget"": 539, ""selected_request_ids"": [0, 1, 2, 3, 4, 5, 6, 7, 8, 9, 10, 11, 12, 13, 14, 15, 16, 17, 18, 19, 20, 21, 22, 23, 24, 25, 26, 31], ""token_allocations"": {""0"": 1, ""1"": 1, ""2"": 1, ""3"": 1, ""4"": 1, ""5"": 1, ""6"": 1, ""7"": 1, ""8"": 1, ""9"": 1, ""10"": 1, ""11"": 1, ""12"": 1, ""13"": 1, ""14"": 1, ""15"": 1, ""16"": 1, ""17"": 1, ""18"": 1, ""19"": 1, ""20"": 1, ""21"": 1, ""22"": 1, ""23"": 1, ""24"": 1, ""25"": 1, ""26"": 1, ""31"": 512}, ""prefill_allocations"": {""31"": 512}, ""decode_allocations"": {""0"": 1, ""1"": 1, ""2"": 1, ""3"": 1, ""4"": 1, ""5"": 1, ""6"": 1, ""7"": 1, ""8"": 1, ""9"": 1, ""10"": 1, ""11"": 1, ""12"": 1, ""13"": 1, ""14"": 1, ""15"": 1, ""16"": 1, ""17"": 1, ""18"": 1, ""19"": 1, ""20"": 1, ""21"": 1, ""22"": 1, ""23"": 1, ""24"": 1, ""25"": 1, ""26"": 1}, ""heuristic"": ""LST"", ""strategy"": ""Fixed""}",train_root,,8.436803857267247,33,16.411507868563838,49.41150786856384
7003,192,185,4218762,controller,8000,-32.005733489990234,"[0.19241973757743835, 0.1935649961233139, 0.24169369041919708, 0.2344183474779129, 0.019467530772089958, 0.0238504558801651, 0.033235933631658554, 0.032296326011419296, 0.0020877185743302107, 0.0021623873617500067, 0.002083748346194625, 0.002182162133976817, 0.002014948520809412, 0.0017698563169687986, 0.0023417132906615734, 0.0020078637171536684, 0.0013262021820992231, 0.0019472374115139246, 0.0011457954533398151, 0.0016907246317714453, 0.0014293448766693473, 0.00177150615490973, 0.0018396012019366026, 0.0012521492317318916]","[0.16646900045665305, 0.16745980341583291, 0.20909760904632407, 0.20280345709152509, 0.016842037255584193, 0.02063385804800163, 0.02875356094215246, 0.027940673743926576, 0.01, 0.01, 0.01, 0.01, 0.01, 0.01, 0.01, 0.01, 0.01, 0.01, 0.01, 0.01, 0.01, 0.01, 0.01, 0.01]","[true, true, true, true, true, true, true, true, true, true, true, true, true, true, true, true, true, true, true, true, true, true, true, true]",-38.960339909591106,"[0.181875, 0.181875, 0.2248125, 0.2248125, 0.0185625, 0.0185625, 0.028625, 0.028625, 0.007375, 0.007375, 0.007625, 0.007625, 0.005875, 0.005875, 0.0061875, 0.0061875, 0.0050625, 0.0050625, 0.0050625, 0.0050625, 0.0044375, 0.0044375, 0.0045, 0.0045]",2,0.2248125,0.24169369041919708,"ControllerAction(token_budget=539, selected_request_ids=[0, 1, 2, 3, 4, 5, 6, 7, 8, 9, 10, 11, 12, 13, 14, 15, 16, 17, 18, 19, 20, 21, 22, 23, 24, 25, 26, 32], token_allocations={0: 1, 1: 1, 2: 1, 3: 1, 4: 1, 5: 1, 6: 1, 7: 1, 8: 1, 9: 1, 10: 1, 11: 1, 12: 1, 13: 1, 14: 1, 15: 1, 16: 1, 17: 1, 18: 1, 19: 1, 20: 1, 21: 1, 22: 1, 23: 1, 24: 1, 25: 1, 26: 1, 32: 512}, prefill_allocations={32: 512}, decode_allocations={0: 1, 1: 1, 2: 1, 3: 1, 4: 1, 5: 1, 6: 1, 7: 1, 8: 1, 9: 1, 10: 1, 11: 1, 12: 1, 13: 1, 14: 1, 15: 1, 16: 1, 17: 1, 18: 1, 19: 1, 20: 1, 21: 1, 22: 1, 23: 1, 24: 1, 25: 1, 26: 1}, heuristic='LST', strategy='Fixed', mapping=None)","{""type"": ""controller"", ""token_budget"": 539, ""selected_request_ids"": [0, 1, 2, 3, 4, 5, 6, 7, 8, 9, 10, 11, 12, 13, 14, 15, 16, 17, 18, 19, 20, 21, 22, 23, 24, 25, 26, 32], ""token_allocations"": {""0"": 1, ""1"": 1, ""2"": 1, ""3"": 1, ""4"": 1, ""5"": 1, ""6"": 1, ""7"": 1, ""8"": 1, ""9"": 1, ""10"": 1, ""11"": 1, ""12"": 1, ""13"": 1, ""14"": 1, ""15"": 1, ""16"": 1, ""17"": 1, ""18"": 1, ""19"": 1, ""20"": 1, ""21"": 1, ""22"": 1, ""23"": 1, ""24"": 1, ""25"": 1, ""26"": 1, ""32"": 512}, ""prefill_allocations"": {""32"": 512}, ""decode_allocations"": {""0"": 1, ""1"": 1, ""2"": 1, ""3"": 1, ""4"": 1, ""5"": 1, ""6"": 1, ""7"": 1, ""8"": 1, ""9"": 1, ""10"": 1, ""11"": 1, ""12"": 1, ""13"": 1, ""14"": 1, ""15"": 1, ""16"": 1, ""17"": 1, ""18"": 1, ""19"": 1, ""20"": 1, ""21"": 1, ""22"": 1, ""23"": 1, ""24"": 1, ""25"": 1, ""26"": 1}, ""heuristic"": ""LST"", ""strategy"": ""Fixed""}",train_root,,8.46460532817045,33,16.578316693983055,49.578316693983055
7003,193,187,4317888,controller,8000,-32.11626052856445,"[0.19439597427845, 0.19724194705486298, 0.24250048398971558, 0.23498237133026123, 0.017918212339282036, 0.022229541093111038, 0.031124837696552277, 0.030111880972981453, 0.0020786968525499105, 0.002246363088488579, 0.0021136365830898285, 0.002230363665148616, 0.0020362266805022955, 0.0018315267516300082, 0.002319894963875413, 0.0020007453858852386, 0.001348024234175682, 0.0020696271676570177, 0.0011501926928758621, 0.00167949462775141, 0.0014312237035483122, 0.0017755998997017741, 0.0019113298039883375, 0.0012717371573671699]","[0.16825526559834617, 0.17071853628673567, 0.2098910921013874, 0.20338395095811007, 0.015508724331271685, 0.019240302452937043, 0.026939435617311363, 0.026062692653900453, 0.01, 0.01, 0.01, 0.01, 0.01, 0.01, 0.01, 0.01, 0.01, 0.01, 0.01, 0.01, 0.01, 0.01, 0.01, 0.01]","[true, true, true, true, true, true, true, true, true, true, true, true, true, true, true, true, true, true, true, true, true, true, true, true]",-38.983079968651786,"[0.20490625, 0.20490625, 0.20490625, 0.20490625, 0.0219375, 0.0219375, 0.0219375, 0.0219375, 0.00746875, 0.00746875, 0.00746875, 0.00746875, 0.006, 0.006, 0.006, 0.006, 0.005125, 0.005125, 0.005125, 0.005125, 0.0045625, 0.0045625, 0.0045625, 0.0045625]",0,0.20490625,0.19439597427845,"ControllerAction(token_budget=539, selected_request_ids=[0, 1, 2, 3, 4, 5, 6, 7, 8, 9, 10, 11, 12, 13, 14, 15, 16, 17, 18, 19, 20, 21, 22, 23, 24, 25, 26, 27], token_allocations={0: 1, 1: 1, 2: 1, 3: 1, 4: 1, 5: 1, 6: 1, 7: 1, 8: 1, 9: 1, 10: 1, 11: 1, 12: 1, 13: 1, 14: 1, 15: 1, 16: 1, 17: 1, 18: 1, 19: 1, 20: 1, 21: 1, 22: 1, 23: 1, 24: 1, 25: 1, 26: 1, 27: 512}, prefill_allocations={27: 512}, decode_allocations={0: 1, 1: 1, 2: 1, 3: 1, 4: 1, 5: 1, 6: 1, 7: 1, 8: 1, 9: 1, 10: 1, 11: 1, 12: 1, 13: 1, 14: 1, 15: 1, 16: 1, 17: 1, 18: 1, 19: 1, 20: 1, 21: 1, 22: 1, 23: 1, 24: 1, 25: 1, 26: 1}, heuristic='SJF', strategy='Fixed', mapping=None)","{""type"": ""controller"", ""token_budget"": 539, ""selected_request_ids"": [0, 1, 2, 3, 4, 5, 6, 7, 8, 9, 10, 11, 12, 13, 14, 15, 16, 17, 18, 19, 20, 21, 22, 23, 24, 25, 26, 27], ""token_allocations"": {""0"": 1, ""1"": 1, ""2"": 1, ""3"": 1, ""4"": 1, ""5"": 1, ""6"": 1, ""7"": 1, ""8"": 1, ""9"": 1, ""10"": 1, ""11"": 1, ""12"": 1, ""13"": 1, ""14"": 1, ""15"": 1, ""16"": 1, ""17"": 1, ""18"": 1, ""19"": 1, ""20"": 1, ""21"": 1, ""22"": 1, ""23"": 1, ""24"": 1, ""25"": 1, ""26"": 1, ""27"": 512}, ""prefill_allocations"": {""27"": 512}, ""decode_allocations"": {""0"": 1, ""1"": 1, ""2"": 1, ""3"": 1, ""4"": 1, ""5"": 1, ""6"": 1, ""7"": 1, ""8"": 1, ""9"": 1, ""10"": 1, ""11"": 1, ""12"": 1, ""13"": 1, ""14"": 1, ""15"": 1, ""16"": 1, ""17"": 1, ""18"": 1, ""19"": 1, ""20"": 1, ""21"": 1, ""22"": 1, ""23"": 1, ""24"": 1, ""25"": 1, ""26"": 1}, ""heuristic"": ""SJF"", ""strategy"": ""Fixed""}",train_root,,8.492406799073652,33,16.745125519402272,49.74512551940227
7003,194,189,4419658,controller,8000,-31.96169090270996,"[0.195530503988266, 0.196726456284523, 0.24448668956756592, 0.2408188283443451, 0.016881903633475304, 0.020821047946810722, 0.028685301542282104, 0.027875380590558052, 0.0019958512857556343, 0.002129605272784829, 0.0019994089379906654, 0.002111747395247221, 0.0019274677615612745, 0.0017497995868325233, 0.002265453338623047, 0.0019012769917026162, 0.0012857182882726192, 0.0019774215761572123, 0.0010992151219397783, 0.0015882386360317469, 0.0013784526381641626, 0.0016943400260061026, 0.0018459873972460628, 0.0012239114148542285]","[0.16900721367673183, 0.17004093762853437, 0.21132259847978543, 0.20815227470500153, 0.014591909888515288, 0.01799671778850062, 0.024794202378923408, 0.024094145454007468, 0.01, 0.01, 0.01, 0.01, 0.01, 0.01, 0.01, 0.01, 0.01, 0.01, 0.01, 0.01, 0.01, 0.01, 0.01, 0.01]","[true, true, true, true, true, true, true, true, true, true, true, true, true, true, true, true, true, true, true, true, true, true, true, true]",-39.00550154273676,"[0.1845, 0.1845, 0.22875, 0.22875, 0.016, 0.016, 0.0245, 0.0245, 0.0075, 0.0075, 0.0075, 0.0075, 0.006, 0.006, 0.006, 0.006, 0.005125, 0.005125, 0.005125, 0.005125, 0.0044375, 0.0044375, 0.0045625, 0.0045625]",2,0.22875,0.24448668956756592,"ControllerAction(token_budget=539, selected_request_ids=[0, 1, 2, 3, 4, 5, 6, 7, 8, 9, 10, 11, 12, 13, 14, 15, 16, 17, 18, 19, 20, 21, 22, 23, 24, 25, 26, 28], token_allocations={0: 1, 1: 1, 2: 1, 3: 1, 4: 1, 5: 1, 6: 1, 7: 1, 8: 1, 9: 1, 10: 1, 11: 1, 12: 1, 13: 1, 14: 1, 15: 1, 16: 1, 17: 1, 18: 1, 19: 1, 20: 1, 21: 1, 22: 1, 23: 1, 24: 1, 25: 1, 26: 1, 28: 512}, prefill_allocations={28: 512}, decode_allocations={0: 1, 1: 1, 2: 1, 3: 1, 4: 1, 5: 1, 6: 1, 7: 1, 8: 1, 9: 1, 10: 1, 11: 1, 12: 1, 13: 1, 14: 1, 15: 1, 16: 1, 17: 1, 18: 1, 19: 1, 20: 1, 21: 1, 22: 1, 23: 1, 24: 1, 25: 1, 26: 1}, heuristic='LST', strategy='Fixed', mapping=None)","{""type"": ""controller"", ""token_budget"": 539, ""selected_request_ids"": [0, 1, 2, 3, 4, 5, 6, 7, 8, 9, 10, 11, 12, 13, 14, 15, 16, 17, 18, 19, 20, 21, 22, 23, 24, 25, 26, 28], ""token_allocations"": {""0"": 1, ""1"": 1, ""2"": 1, ""3"": 1, ""4"": 1, ""5"": 1, ""6"": 1, ""7"": 1, ""8"": 1, ""9"": 1, ""10"": 1, ""11"": 1, ""12"": 1, ""13"": 1, ""14"": 1, ""15"": 1, ""16"": 1, ""17"": 1, ""18"": 1, ""19"": 1, ""20"": 1, ""21"": 1, ""22"": 1, ""23"": 1, ""24"": 1, ""25"": 1, ""26"": 1, ""28"": 512}, ""prefill_allocations"": {""28"": 512}, ""decode_allocations"": {""0"": 1, ""1"": 1, ""2"": 1, ""3"": 1, ""4"": 1, ""5"": 1, ""6"": 1, ""7"": 1, ""8"": 1, ""9"": 1, ""10"": 1, ""11"": 1, ""12"": 1, ""13"": 1, ""14"": 1, ""15"": 1, ""16"": 1, ""17"": 1, ""18"": 1, ""19"": 1, ""20"": 1, ""21"": 1, ""22"": 1, ""23"": 1, ""24"": 1, ""25"": 1, ""26"": 1}, ""heuristic"": ""LST"", ""strategy"": ""Fixed""}",train_root,,8.520652063384855,33,16.914597105269486,49.914597105269486
7003,195,191,4517623,controller,8000,-32.30893325805664,"[0.1979435682296753, 0.1991714984178543, 0.24539433419704437, 0.2417880743741989, 0.01547983381897211, 0.01943214051425457, 0.026492150500416756, 0.025776563212275505, 0.002028551185503602, 0.0021941536106169224, 0.0020274121779948473, 0.0021352916955947876, 0.0019475111039355397, 0.0017815789906308055, 0.0022894914727658033, 0.0018777319928631186, 0.001286621787585318, 0.0020441687665879726, 0.0011033570626750588, 0.0016034540021792054, 0.0013903992949053645, 0.0017169114435091615, 0.001884343451820314, 0.001210858579725027]","[0.1711542303268675, 0.17221597458121501, 0.2121830922403905, 0.20906489734344066, 0.013384820060431683, 0.016802228448573396, 0.02290674897474442, 0.022288008024336795, 0.01, 0.01, 0.01, 0.01, 0.01, 0.01, 0.01, 0.01, 0.01, 0.01, 0.01, 0.01, 0.01, 0.01, 0.01, 0.01]","[true, true, true, true, true, true, true, true, true, true, true, true, true, true, true, true, true, true, true, true, true, true, true, true]",-39.02731984442463,"[0.18675, 0.18675, 0.2295, 0.2295, 0.014875, 0.014875, 0.022625, 0.022625, 0.0074375, 0.0074375, 0.0075, 0.0075, 0.005875, 0.005875, 0.0060625, 0.0060625, 0.0050625, 0.0050625, 0.0051875, 0.0051875, 0.0045, 0.0045, 0.004625, 0.004625]",2,0.2295,0.24539433419704437,"ControllerAction(token_budget=539, selected_request_ids=[0, 1, 2, 3, 4, 5, 6, 7, 8, 9, 10, 11, 12, 13, 14, 15, 16, 17, 18, 19, 20, 21, 22, 23, 24, 25, 26, 29], token_allocations={0: 1, 1: 1, 2: 1, 3: 1, 4: 1, 5: 1, 6: 1, 7: 1, 8: 1, 9: 1, 10: 1, 11: 1, 12: 1, 13: 1, 14: 1, 15: 1, 16: 1, 17: 1, 18: 1, 19: 1, 20: 1, 21: 1, 22: 1, 23: 1, 24: 1, 25: 1, 26: 1, 29: 512}, prefill_allocations={29: 512}, decode_allocations={0: 1, 1: 1, 2: 1, 3: 1, 4: 1, 5: 1, 6: 1, 7: 1, 8: 1, 9: 1, 10: 1, 11: 1, 12: 1, 13: 1, 14: 1, 15: 1, 16: 1, 17: 1, 18: 1, 19: 1, 20: 1, 21: 1, 22: 1, 23: 1, 24: 1, 25: 1, 26: 1}, heuristic='LST', strategy='Fixed', mapping=None)","{""type"": ""controller"", ""token_budget"": 539, ""selected_request_ids"": [0, 1, 2, 3, 4, 5, 6, 7, 8, 9, 10, 11, 12, 13, 14, 15, 16, 17, 18, 19, 20, 21, 22, 23, 24, 25, 26, 29], ""token_allocations"": {""0"": 1, ""1"": 1, ""2"": 1, ""3"": 1, ""4"": 1, ""5"": 1, ""6"": 1, ""7"": 1, ""8"": 1, ""9"": 1, ""10"": 1, ""11"": 1, ""12"": 1, ""13"": 1, ""14"": 1, ""15"": 1, ""16"": 1, ""17"": 1, ""18"": 1, ""19"": 1, ""20"": 1, ""21"": 1, ""22"": 1, ""23"": 1, ""24"": 1, ""25"": 1, ""26"": 1, ""29"": 512}, ""prefill_allocations"": {""29"": 512}, ""decode_allocations"": {""0"": 1, ""1"": 1, ""2"": 1, ""3"": 1, ""4"": 1, ""5"": 1, ""6"": 1, ""7"": 1, ""8"": 1, ""9"": 1, ""10"": 1, ""11"": 1, ""12"": 1, ""13"": 1, ""14"": 1, ""15"": 1, ""16"": 1, ""17"": 1, ""18"": 1, ""19"": 1, ""20"": 1, ""21"": 1, ""22"": 1, ""23"": 1, ""24"": 1, ""25"": 1, ""26"": 1}, ""heuristic"": ""LST"", ""strategy"": ""Fixed""}",train_root,,8.548897327696057,33,17.0840686911367,50.0840686911367
7003,196,193,4614882,controller,8000,-32.646385192871094,"[0.20026415586471558, 0.20152390003204346, 0.24615511298179626, 0.24261315166950226, 0.014185553416609764, 0.01812482625246048, 0.02445174753665924, 0.023821230977773666, 0.002060529077425599, 0.0022592791356146336, 0.0020545520819723606, 0.002157781505957246, 0.0019665625877678394, 0.0018128291703760624, 0.0023123733699321747, 0.0018533483380451798, 0.0012867405312135816, 0.0021118801087141037, 0.0011068383464589715, 0.001617828500457108, 0.001401594839990139, 0.0017387208063155413, 0.001922322204336524, 0.001197214238345623]","[0.17322110774639699, 0.17431073998337607, 0.21291509288836666, 0.20985142700436837, 0.012269980447628217, 0.015677306144006503, 0.02114985967582034, 0.020604486110036627, 0.01, 0.01, 0.01, 0.01, 0.01, 0.01, 0.01, 0.01, 0.01, 0.01, 0.01, 0.01, 0.01, 0.01, 0.01, 0.01]","[true, true, true, true, true, true, true, true, true, true, true, true, true, true, true, true, true, true, true, true, true, true, true, true]",-39.04846649524076,"[0.1886875, 0.1886875, 0.23, 0.23, 0.01375, 0.01375, 0.0209375, 0.0209375, 0.0075, 0.0075, 0.0075625, 0.0075625, 0.0059375, 0.0059375, 0.006125, 0.006125, 0.0050625, 0.0050625, 0.00525, 0.00525, 0.0045, 0.0045, 0.0046875, 0.0046875]",2,0.23,0.24615511298179626,"ControllerAction(token_budget=539, selected_request_ids=[0, 1, 2, 3, 4, 5, 6, 7, 8, 9, 10, 11, 12, 13, 14, 15, 16, 17, 18, 19, 20, 21, 22, 23, 24, 25, 26, 30], token_allocations={0: 1, 1: 1, 2: 1, 3: 1, 4: 1, 5: 1, 6: 1, 7: 1, 8: 1, 9: 1, 10: 1, 11: 1, 12: 1, 13: 1, 14: 1, 15: 1, 16: 1, 17: 1, 18: 1, 19: 1, 20: 1, 21: 1, 22: 1, 23: 1, 24: 1, 25: 1, 26: 1, 30: 512}, prefill_allocations={30: 512}, decode_allocations={0: 1, 1: 1, 2: 1, 3: 1, 4: 1, 5: 1, 6: 1, 7: 1, 8: 1, 9: 1, 10: 1, 11: 1, 12: 1, 13: 1, 14: 1, 15: 1, 16: 1, 17: 1, 18: 1, 19: 1, 20: 1, 21: 1, 22: 1, 23: 1, 24: 1, 25: 1, 26: 1}, heuristic='LST', strategy='Fixed', mapping=None)","{""type"": ""controller"", ""token_budget"": 539, ""selected_request_ids"": [0, 1, 2, 3, 4, 5, 6, 7, 8, 9, 10, 11, 12, 13, 14, 15, 16, 17, 18, 19, 20, 21, 22, 23, 24, 25, 26, 30], ""token_allocations"": {""0"": 1, ""1"": 1, ""2"": 1, ""3"": 1, ""4"": 1, ""5"": 1, ""6"": 1, ""7"": 1, ""8"": 1, ""9"": 1, ""10"": 1, ""11"": 1, ""12"": 1, ""13"": 1, ""14"": 1, ""15"": 1, ""16"": 1, ""17"": 1, ""18"": 1, ""19"": 1, ""20"": 1, ""21"": 1, ""22"": 1, ""23"": 1, ""24"": 1, ""25"": 1, ""26"": 1, ""30"": 512}, ""prefill_allocations"": {""30"": 512}, ""decode_allocations"": {""0"": 1, ""1"": 1, ""2"": 1, ""3"": 1, ""4"": 1, ""5"": 1, ""6"": 1, ""7"": 1, ""8"": 1, ""9"": 1, ""10"": 1, ""11"": 1, ""12"": 1, ""13"": 1, ""14"": 1, ""15"": 1, ""16"": 1, ""17"": 1, ""18"": 1, ""19"": 1, ""20"": 1, ""21"": 1, ""22"": 1, ""23"": 1, ""24"": 1, ""25"": 1, ""26"": 1}, ""heuristic"": ""LST"", ""strategy"": ""Fixed""}",train_root,,8.57714259200726,33,17.253540277003914,50.253540277003914
7003,197,195,4711526,controller,8000,-32.97319793701172,"[0.20249652862548828, 0.2037878930568695, 0.24677762389183044, 0.24330243468284607, 0.012992078438401222, 0.016895828768610954, 0.02255563996732235, 0.022001687437295914, 0.0020918194204568863, 0.002325011882930994, 0.0020808700937777758, 0.0021792654879391193, 0.0019846674986183643, 0.0018435767851769924, 0.0023341516498476267, 0.0018282384844496846, 0.0012861258583143353, 0.0021805905271321535, 0.0011096978560090065, 0.0016314006643369794, 0.001412075012922287, 0.0017598043195903301, 0.0019599494989961386, 0.0011830495204776525]","[0.1752115594232816, 0.17632892166816497, 0.21352609156489646, 0.21051915942274976, 0.011241488132134554, 0.014619235827850385, 0.019516427660712033, 0.019037116300210086, 0.01, 0.01, 0.01, 0.01, 0.01, 0.01, 0.01, 0.01, 0.01, 0.01, 0.01, 0.01, 0.01, 0.01, 0.01, 0.01]","[true, true, true, true, true, true, true, true, true, true, true, true, true, true, true, true, true, true, true, true, true, true, true, true]",-39.06915292721451,"[0.1905625, 0.1905625, 0.2303125, 0.2303125, 0.01275, 0.01275, 0.0193125, 0.0193125, 0.0075, 0.0075, 0.007625, 0.007625, 0.006, 0.006, 0.0061875, 0.0061875, 0.005125, 0.005125, 0.0053125, 0.0053125, 0.0045625, 0.0045625, 0.00475, 0.00475]",2,0.2303125,0.24677762389183044,"ControllerAction(token_budget=539, selected_request_ids=[0, 1, 2, 3, 4, 5, 6, 7, 8, 9, 10, 11, 12, 13, 14, 15, 16, 17, 18, 19, 20, 21, 22, 23, 24, 25, 26, 31], token_allocations={0: 1, 1: 1, 2: 1, 3: 1, 4: 1, 5: 1, 6: 1, 7: 1, 8: 1, 9: 1, 10: 1, 11: 1, 12: 1, 13: 1, 14: 1, 15: 1, 16: 1, 17: 1, 18: 1, 19: 1, 20: 1, 21: 1, 22: 1, 23: 1, 24: 1, 25: 1, 26: 1, 31: 512}, prefill_allocations={31: 512}, decode_allocations={0: 1, 1: 1, 2: 1, 3: 1, 4: 1, 5: 1, 6: 1, 7: 1, 8: 1, 9: 1, 10: 1, 11: 1, 12: 1, 13: 1, 14: 1, 15: 1, 16: 1, 17: 1, 18: 1, 19: 1, 20: 1, 21: 1, 22: 1, 23: 1, 24: 1, 25: 1, 26: 1}, heuristic='LST', strategy='Fixed', mapping=None)","{""type"": ""controller"", ""token_budget"": 539, ""selected_request_ids"": [0, 1, 2, 3, 4, 5, 6, 7, 8, 9, 10, 11, 12, 13, 14, 15, 16, 17, 18, 19, 20, 21, 22, 23, 24, 25, 26, 31], ""token_allocations"": {""0"": 1, ""1"": 1, ""2"": 1, ""3"": 1, ""4"": 1, ""5"": 1, ""6"": 1, ""7"": 1, ""8"": 1, ""9"": 1, ""10"": 1, ""11"": 1, ""12"": 1, ""13"": 1, ""14"": 1, ""15"": 1, ""16"": 1, ""17"": 1, ""18"": 1, ""19"": 1, ""20"": 1, ""21"": 1, ""22"": 1, ""23"": 1, ""24"": 1, ""25"": 1, ""26"": 1, ""31"": 512}, ""prefill_allocations"": {""31"": 512}, ""decode_allocations"": {""0"": 1, ""1"": 1, ""2"": 1, ""3"": 1, ""4"": 1, ""5"": 1, ""6"": 1, ""7"": 1, ""8"": 1, ""9"": 1, ""10"": 1, ""11"": 1, ""12"": 1, ""13"": 1, ""14"": 1, ""15"": 1, ""16"": 1, ""17"": 1, ""18"": 1, ""19"": 1, ""20"": 1, ""21"": 1, ""22"": 1, ""23"": 1, ""24"": 1, ""25"": 1, ""26"": 1}, ""heuristic"": ""LST"", ""strategy"": ""Fixed""}",train_root,,8.605387856318462,33,17.423011862871128,50.42301186287113
7003,198,197,4808480,controller,8000,-33.28866958618164,"[0.2046450674533844, 0.2059679627418518, 0.2472703456878662, 0.2438640296459198, 0.01189269870519638, 0.015741806477308273, 0.020795518532395363, 0.020310338586568832, 0.002122456906363368, 0.0023913865443319082, 0.002106405794620514, 0.0021997943986207247, 0.0020018774084746838, 0.0018738496582955122, 0.0023548852186650038, 0.001802511396817863, 0.0012848288752138615, 0.002250341232866049, 0.001111973891966045, 0.001644213916733861, 0.0014218783471733332, 0.0017801969079300761, 0.0019972524605691433, 0.0011684312485158443]","[0.1771293388324992, 0.17827436309673775, 0.21402339860721095, 0.21107508171947584, 0.010293655668321442, 0.013625228343165006, 0.01799943919567585, 0.01757949453691383, 0.01, 0.01, 0.01, 0.01, 0.01, 0.01, 0.01, 0.01, 0.01, 0.01, 0.01, 0.01, 0.01, 0.01, 0.01, 0.01]","[true, true, true, true, true, true, true, true, true, true, true, true, true, true, true, true, true, true, true, true, true, true, true, true]",-39.089542682642175,"[0.1924375, 0.1924375, 0.2305625, 0.2305625, 0.0118125, 0.0118125, 0.017875, 0.017875, 0.0075625, 0.0075625, 0.0076875, 0.0076875, 0.0060625, 0.0060625, 0.00625, 0.00625, 0.005125, 0.005125, 0.005375, 0.005375, 0.004625, 0.004625, 0.004625, 0.004625]",2,0.2305625,0.2472703456878662,"ControllerAction(token_budget=539, selected_request_ids=[0, 1, 2, 3, 4, 5, 6, 7, 8, 9, 10, 11, 12, 13, 14, 15, 16, 17, 18, 19, 20, 21, 22, 23, 24, 25, 26, 32], token_allocations={0: 1, 1: 1, 2: 1, 3: 1, 4: 1, 5: 1, 6: 1, 7: 1, 8: 1, 9: 1, 10: 1, 11: 1, 12: 1, 13: 1, 14: 1, 15: 1, 16: 1, 17: 1, 18: 1, 19: 1, 20: 1, 21: 1, 22: 1, 23: 1, 24: 1, 25: 1, 26: 1, 32: 512}, prefill_allocations={32: 512}, decode_allocations={0: 1, 1: 1, 2: 1, 3: 1, 4: 1, 5: 1, 6: 1, 7: 1, 8: 1, 9: 1, 10: 1, 11: 1, 12: 1, 13: 1, 14: 1, 15: 1, 16: 1, 17: 1, 18: 1, 19: 1, 20: 1, 21: 1, 22: 1, 23: 1, 24: 1, 25: 1, 26: 1}, heuristic='LST', strategy='Fixed', mapping=None)","{""type"": ""controller"", ""token_budget"": 539, ""selected_request_ids"": [0, 1, 2, 3, 4, 5, 6, 7, 8, 9, 10, 11, 12, 13, 14, 15, 16, 17, 18, 19, 20, 21, 22, 23, 24, 25, 26, 32], ""token_allocations"": {""0"": 1, ""1"": 1, ""2"": 1, ""3"": 1, ""4"": 1, ""5"": 1, ""6"": 1, ""7"": 1, ""8"": 1, ""9"": 1, ""10"": 1, ""11"": 1, ""12"": 1, ""13"": 1, ""14"": 1, ""15"": 1, ""16"": 1, ""17"": 1, ""18"": 1, ""19"": 1, ""20"": 1, ""21"": 1, ""22"": 1, ""23"": 1, ""24"": 1, ""25"": 1, ""26"": 1, ""32"": 512}, ""prefill_allocations"": {""32"": 512}, ""decode_allocations"": {""0"": 1, ""1"": 1, ""2"": 1, ""3"": 1, ""4"": 1, ""5"": 1, ""6"": 1, ""7"": 1, ""8"": 1, ""9"": 1, ""10"": 1, ""11"": 1, ""12"": 1, ""13"": 1, ""14"": 1, ""15"": 1, ""16"": 1, ""17"": 1, ""18"": 1, ""19"": 1, ""20"": 1, ""21"": 1, ""22"": 1, ""23"": 1, ""24"": 1, ""25"": 1, ""26"": 1}, ""heuristic"": ""LST"", ""strategy"": ""Fixed""}",train_root,,8.633633120629664,33,17.592483448738342,50.59248344873834
7003,199,199,4906076,controller,8000,-33.38544464111328,"[0.20611275732517242, 0.20925001800060272, 0.24731755256652832, 0.24367716908454895, 0.010896536521613598, 0.01460858341306448, 0.01938716322183609, 0.018851997330784798, 0.002106802072376013, 0.0024772544857114553, 0.002129914239048958, 0.0022413202095776796, 0.00201674597337842, 0.0019331184448674321, 0.0023258558940142393, 0.0017899646190926433, 0.0013016421580687165, 0.0023849629797041416, 0.001112546888180077, 0.001628243364393711, 0.0014192042872309685, 0.001778937061317265, 0.0020690637174993753, 0.0011826194822788239]","[0.17834930552692996, 0.18106397622456757, 0.21400380217742748, 0.21085377947000997, 0.01, 0.012640802734698451, 0.016775706373655982, 0.01631262749271065, 0.01, 0.01, 0.01, 0.01, 0.01, 0.01, 0.01, 0.01, 0.01, 0.01, 0.01, 0.01, 0.01, 0.01, 0.01, 0.01]","[true, true, true, true, true, true, true, true, true, true, true, true, true, true, true, true, true, true, true, true, true, true, true, true]",-39.10999782326309,"[0.21234375, 0.21234375, 0.21234375, 0.21234375, 0.0138125, 0.0138125, 0.0138125, 0.0138125, 0.0076875, 0.0076875, 0.0076875, 0.0076875, 0.00615625, 0.00615625, 0.00615625, 0.00615625, 0.00525, 0.00525, 0.00525, 0.00525, 0.00475, 0.00475, 0.00475, 0.00475]",0,0.21234375,0.20611275732517242,"ControllerAction(token_budget=539, selected_request_ids=[0, 1, 2, 3, 4, 5, 6, 7, 8, 9, 10, 11, 12, 13, 14, 15, 16, 17, 18, 19, 20, 21, 22, 23, 24, 25, 26, 27], token_allocations={0: 1, 1: 1, 2: 1, 3: 1, 4: 1, 5: 1, 6: 1, 7: 1, 8: 1, 9: 1, 10: 1, 11: 1, 12: 1, 13: 1, 14: 1, 15: 1, 16: 1, 17: 1, 18: 1, 19: 1, 20: 1, 21: 1, 22: 1, 23: 1, 24: 1, 25: 1, 26: 1, 27: 512}, prefill_allocations={27: 512}, decode_allocations={0: 1, 1: 1, 2: 1, 3: 1, 4: 1, 5: 1, 6: 1, 7: 1, 8: 1, 9: 1, 10: 1, 11: 1, 12: 1, 13: 1, 14: 1, 15: 1, 16: 1, 17: 1, 18: 1, 19: 1, 20: 1, 21: 1, 22: 1, 23: 1, 24: 1, 25: 1, 26: 1}, heuristic='SJF', strategy='Fixed', mapping=None)","{""type"": ""controller"", ""token_budget"": 539, ""selected_request_ids"": [0, 1, 2, 3, 4, 5, 6, 7, 8, 9, 10, 11, 12, 13, 14, 15, 16, 17, 18, 19, 20, 21, 22, 23, 24, 25, 26, 27], ""token_allocations"": {""0"": 1, ""1"": 1, ""2"": 1, ""3"": 1, ""4"": 1, ""5"": 1, ""6"": 1, ""7"": 1, ""8"": 1, ""9"": 1, ""10"": 1, ""11"": 1, ""12"": 1, ""13"": 1, ""14"": 1, ""15"": 1, ""16"": 1, ""17"": 1, ""18"": 1, ""19"": 1, ""20"": 1, ""21"": 1, ""22"": 1, ""23"": 1, ""24"": 1, ""25"": 1, ""26"": 1, ""27"": 512}, ""prefill_allocations"": {""27"": 512}, ""decode_allocations"": {""0"": 1, ""1"": 1, ""2"": 1, ""3"": 1, ""4"": 1, ""5"": 1, ""6"": 1, ""7"": 1, ""8"": 1, ""9"": 1, ""10"": 1, ""11"": 1, ""12"": 1, ""13"": 1, ""14"": 1, ""15"": 1, ""16"": 1, ""17"": 1, ""18"": 1, ""19"": 1, ""20"": 1, ""21"": 1, ""22"": 1, ""23"": 1, ""24"": 1, ""25"": 1, ""26"": 1}, ""heuristic"": ""SJF"", ""strategy"": ""Fixed""}",train_root,,8.661878384940866,33,17.761955034605556,50.761955034605556
