nohup: ignoring input
INFO 02-12 13:30:53 sklearn_execution_time_predictor.py:1047] Getting predictions for compute operations
INFO 02-12 13:30:53 sklearn_execution_time_predictor.py:1047] Getting predictions for compute operations
INFO 02-12 13:30:53 sklearn_execution_time_predictor.py:1047] Getting predictions for compute operations
INFO 02-12 13:30:53 sklearn_execution_time_predictor.py:1047] Getting predictions for compute operations
INFO 02-12 13:30:53 sklearn_execution_time_predictor.py:1047] Getting predictions for compute operations
INFO 02-12 13:30:53 sklearn_execution_time_predictor.py:1047] Getting predictions for compute operations
INFO 02-12 13:30:53 sklearn_execution_time_predictor.py:1047] Getting predictions for compute operations
INFO 02-12 13:30:53 sklearn_execution_time_predictor.py:1047] Getting predictions for compute operations
INFO 02-12 13:30:55 sklearn_execution_time_predictor.py:1105] Getting predictions for attention operations
INFO 02-12 13:30:55 sklearn_execution_time_predictor.py:1105] Getting predictions for attention operations
INFO 02-12 13:30:55 sklearn_execution_time_predictor.py:1105] Getting predictions for attention operations
INFO 02-12 13:30:55 sklearn_execution_time_predictor.py:1105] Getting predictions for attention operations
INFO 02-12 13:30:56 sklearn_execution_time_predictor.py:1105] Getting predictions for attention operations
INFO 02-12 13:30:56 sklearn_execution_time_predictor.py:1105] Getting predictions for attention operations
INFO 02-12 13:30:56 sklearn_execution_time_predictor.py:1105] Getting predictions for attention operations
INFO 02-12 13:30:56 sklearn_execution_time_predictor.py:1105] Getting predictions for attention operations
[run_single_root_search_DNN:after_search] dt=6.217s 
[run_single_root_search_DNN:end] total_dt=6.217711s fork_dt=0.000058s search_dt=6.217497s encode/write_dt=0.000156s
[run_single_root_search_DNN:after_search] dt=14.453s 
[run_single_root_search_DNN:end] total_dt=14.454002s fork_dt=0.000140s search_dt=14.453393s encode/write_dt=0.000469s
[run_single_root_search_DNN:after_search] dt=14.988s 
[run_single_root_search_DNN:end] total_dt=14.988714s fork_dt=0.000140s search_dt=14.987997s encode/write_dt=0.000576s
[run_single_root_search_DNN:after_search] dt=15.756s 
[run_single_root_search_DNN:end] total_dt=15.756258s fork_dt=0.000169s search_dt=15.755548s encode/write_dt=0.000541s
[run_single_root_search_DNN:after_search] dt=15.507s 
[run_single_root_search_DNN:end] total_dt=15.507378s fork_dt=0.000159s search_dt=15.506518s encode/write_dt=0.000701s
[run_single_root_search_DNN:after_search] dt=16.448s 
[run_single_root_search_DNN:end] total_dt=16.448525s fork_dt=0.000187s search_dt=16.447621s encode/write_dt=0.000717s
[run_single_root_search_DNN:after_search] dt=16.183s 
[run_single_root_search_DNN:end] total_dt=16.183515s fork_dt=0.000191s search_dt=16.182774s encode/write_dt=0.000550s
[run_single_root_search_DNN:after_search] dt=16.307s 
[run_single_root_search_DNN:end] total_dt=16.307718s fork_dt=0.000174s search_dt=16.307026s encode/write_dt=0.000518s
[run_single_root_search_DNN:after_search] dt=16.347s 
[run_single_root_search_DNN:end] total_dt=16.348304s fork_dt=0.000165s search_dt=16.347494s encode/write_dt=0.000645s
[run_single_root_search_DNN:after_search] dt=16.709s 
[run_single_root_search_DNN:end] total_dt=16.710354s fork_dt=0.000205s search_dt=16.709492s encode/write_dt=0.000657s
[run_single_root_search_DNN:after_search] dt=19.143s 
[run_single_root_search_DNN:end] total_dt=19.143860s fork_dt=0.000194s search_dt=19.142984s encode/write_dt=0.000682s
[run_single_root_search_DNN:after_search] dt=24.037s 
[run_single_root_search_DNN:end] total_dt=24.037464s fork_dt=0.000188s search_dt=24.036581s encode/write_dt=0.000696s
[run_single_root_search_DNN:after_search] dt=23.727s 
[run_single_root_search_DNN:end] total_dt=23.727658s fork_dt=0.000252s search_dt=23.726754s encode/write_dt=0.000652s
[run_single_root_search_DNN:after_search] dt=23.311s 
[run_single_root_search_DNN:end] total_dt=23.311620s fork_dt=0.000155s search_dt=23.310878s encode/write_dt=0.000588s
[run_single_root_search_DNN:after_search] dt=23.886s 
[run_single_root_search_DNN:end] total_dt=23.886665s fork_dt=0.000171s search_dt=23.885856s encode/write_dt=0.000638s
[run_single_root_search_DNN:after_search] dt=23.126s 
[run_single_root_search_DNN:end] total_dt=23.126363s fork_dt=0.000156s search_dt=23.125621s encode/write_dt=0.000585s
[run_single_root_search_DNN:after_search] dt=23.605s 
[run_single_root_search_DNN:end] total_dt=23.606104s fork_dt=0.000178s search_dt=23.605162s encode/write_dt=0.000763s
[run_single_root_search_DNN:after_search] dt=22.542s 
[run_single_root_search_DNN:end] total_dt=22.543150s fork_dt=0.000178s search_dt=22.542334s encode/write_dt=0.000639s
[run_single_root_search_DNN:after_search] dt=22.615s 
[run_single_root_search_DNN:end] total_dt=22.615255s fork_dt=0.000195s search_dt=22.614527s encode/write_dt=0.000533s
[run_single_root_search_DNN:after_search] dt=22.732s 
[run_single_root_search_DNN:end] total_dt=22.732629s fork_dt=0.000187s search_dt=22.731871s encode/write_dt=0.000571s
[run_single_root_search_DNN:after_search] dt=21.793s 
[run_single_root_search_DNN:end] total_dt=21.793685s fork_dt=0.000179s search_dt=21.792685s encode/write_dt=0.000821s
[run_single_root_search_DNN:after_search] dt=21.410s 
[run_single_root_search_DNN:end] total_dt=21.410959s fork_dt=0.000235s search_dt=21.410061s encode/write_dt=0.000663s
[run_single_root_search_DNN:after_search] dt=20.831s 
[run_single_root_search_DNN:end] total_dt=20.831551s fork_dt=0.000241s search_dt=20.830687s encode/write_dt=0.000624s
[run_single_root_search_DNN:after_search] dt=21.014s 
[run_single_root_search_DNN:end] total_dt=21.015279s fork_dt=0.000292s search_dt=21.014420s encode/write_dt=0.000567s
[run_single_root_search_DNN:after_search] dt=20.259s 
[run_single_root_search_DNN:end] total_dt=20.260149s fork_dt=0.000214s search_dt=20.259284s encode/write_dt=0.000651s
[run_single_root_search_DNN:after_search] dt=20.490s 
[run_single_root_search_DNN:end] total_dt=20.490910s fork_dt=0.000196s search_dt=20.490113s encode/write_dt=0.000601s
[run_single_root_search_DNN:after_search] dt=19.158s 
[run_single_root_search_DNN:end] total_dt=19.158817s fork_dt=0.000147s search_dt=19.158119s encode/write_dt=0.000551s
[run_single_root_search_DNN:after_search] dt=19.953s 
[run_single_root_search_DNN:end] total_dt=19.953416s fork_dt=0.000195s search_dt=19.952689s encode/write_dt=0.000532s
[run_single_root_search_DNN:after_search] dt=19.499s 
[run_single_root_search_DNN:end] total_dt=19.500302s fork_dt=0.000200s search_dt=19.499468s encode/write_dt=0.000634s
[run_single_root_search_DNN:after_search] dt=19.347s 
[run_single_root_search_DNN:end] total_dt=19.348001s fork_dt=0.000170s search_dt=19.347353s encode/write_dt=0.000478s
[run_single_root_search_DNN:after_search] dt=19.109s 
[run_single_root_search_DNN:end] total_dt=19.109842s fork_dt=0.000192s search_dt=19.109260s encode/write_dt=0.000390s
[run_single_root_search_DNN:after_search] dt=19.016s 
[run_single_root_search_DNN:end] total_dt=19.016163s fork_dt=0.000201s search_dt=19.015667s encode/write_dt=0.000294s
[run_single_root_search_DNN:after_search] dt=19.328s 
[run_single_root_search_DNN:end] total_dt=19.328766s fork_dt=0.000204s search_dt=19.328310s encode/write_dt=0.000252s
[run_single_root_search_DNN:after_search] dt=9.466s 
[run_single_root_search_DNN:end] total_dt=9.466435s fork_dt=0.000140s search_dt=9.466105s encode/write_dt=0.000190s
[run_single_root_search_DNN:after_search] dt=18.351s 
[run_single_root_search_DNN:end] total_dt=18.351434s fork_dt=0.000198s search_dt=18.350758s encode/write_dt=0.000478s
[run_single_root_search_DNN:after_search] dt=18.578s 
[run_single_root_search_DNN:end] total_dt=18.578990s fork_dt=0.000274s search_dt=18.578177s encode/write_dt=0.000539s
[run_single_root_search_DNN:after_search] dt=18.465s 
[run_single_root_search_DNN:end] total_dt=18.465197s fork_dt=0.000220s search_dt=18.464514s encode/write_dt=0.000463s
[run_single_root_search_DNN:after_search] dt=18.165s 
[run_single_root_search_DNN:end] total_dt=18.165842s fork_dt=0.000232s search_dt=18.165141s encode/write_dt=0.000468s
[run_single_root_search_DNN:after_search] dt=18.161s 
[run_single_root_search_DNN:end] total_dt=18.161559s fork_dt=0.000196s search_dt=18.160607s encode/write_dt=0.000756s
[run_single_root_search_DNN:after_search] dt=17.692s 
[run_single_root_search_DNN:end] total_dt=17.692733s fork_dt=0.000241s search_dt=17.692023s encode/write_dt=0.000469s
[run_single_root_search_DNN:after_search] dt=17.411s 
[run_single_root_search_DNN:end] total_dt=17.411879s fork_dt=0.000241s search_dt=17.411067s encode/write_dt=0.000571s
[run_single_root_search_DNN:after_search] dt=19.198s 
[run_single_root_search_DNN:end] total_dt=19.198730s fork_dt=0.000217s search_dt=19.197940s encode/write_dt=0.000573s
[run_single_root_search_DNN:after_search] dt=21.134s 
[run_single_root_search_DNN:end] total_dt=21.134306s fork_dt=0.000216s search_dt=21.133503s encode/write_dt=0.000587s
[run_single_root_search_DNN:after_search] dt=20.532s 
[run_single_root_search_DNN:end] total_dt=20.532315s fork_dt=0.000196s search_dt=20.531641s encode/write_dt=0.000478s
[run_single_root_search_DNN:after_search] dt=21.817s 
[run_single_root_search_DNN:end] total_dt=21.817334s fork_dt=0.000268s search_dt=21.816534s encode/write_dt=0.000531s
[run_single_root_search_DNN:after_search] dt=20.665s 
[run_single_root_search_DNN:end] total_dt=20.665798s fork_dt=0.000216s search_dt=20.665044s encode/write_dt=0.000537s
[run_single_root_search_DNN:after_search] dt=20.304s 
[run_single_root_search_DNN:end] total_dt=20.304441s fork_dt=0.000213s search_dt=20.303813s encode/write_dt=0.000415s
[run_single_root_search_DNN:after_search] dt=20.076s 
[run_single_root_search_DNN:after_search] dt=19.295s 
[run_single_root_search_DNN:end] total_dt=19.295836s fork_dt=0.000325s search_dt=19.294982s encode/write_dt=0.000529s
[run_single_root_search_DNN:after_search] dt=20.098s 
[run_single_root_search_DNN:end] total_dt=20.098822s fork_dt=0.000336s search_dt=20.097947s encode/write_dt=0.000539s
[run_single_root_search_DNN:after_search] dt=21.643s 
[run_single_root_search_DNN:end] total_dt=21.644218s fork_dt=0.000355s search_dt=21.643335s encode/write_dt=0.000528s
[run_single_root_search_DNN:after_search] dt=22.371s 
[run_single_root_search_DNN:end] total_dt=22.371874s fork_dt=0.000350s search_dt=22.370963s encode/write_dt=0.000561s
[run_single_root_search_DNN:after_search] dt=21.290s 
[run_single_root_search_DNN:end] total_dt=21.290871s fork_dt=0.000221s search_dt=21.290166s encode/write_dt=0.000484s
[run_single_root_search_DNN:after_search] dt=22.183s 
[run_single_root_search_DNN:end] total_dt=22.184343s fork_dt=0.000275s search_dt=22.183341s encode/write_dt=0.000726s
[run_single_root_search_DNN:after_search] dt=22.134s 
[run_single_root_search_DNN:end] total_dt=22.134852s fork_dt=0.000394s search_dt=22.134049s encode/write_dt=0.000409s
[run_single_root_search_DNN:after_search] dt=21.887s 
[run_single_root_search_DNN:end] total_dt=21.887760s fork_dt=0.000425s search_dt=21.886881s encode/write_dt=0.000454s
[run_single_root_search_DNN:after_search] dt=22.290s 
[run_single_root_search_DNN:end] total_dt=22.290412s fork_dt=0.000284s search_dt=22.289860s encode/write_dt=0.000268s
[run_single_root_search_DNN:after_search] dt=10.015s 
[run_single_root_search_DNN:end] total_dt=10.015299s fork_dt=0.000201s search_dt=10.014888s encode/write_dt=0.000209s
[run_single_root_search_DNN:after_search] dt=22.464s 
[run_single_root_search_DNN:end] total_dt=22.465345s fork_dt=0.000255s search_dt=22.464193s encode/write_dt=0.000897s
[run_single_root_search_DNN:after_search] dt=22.465s 
[run_single_root_search_DNN:end] total_dt=22.465592s fork_dt=0.000376s search_dt=22.464597s encode/write_dt=0.000619s
[run_single_root_search_DNN:after_search] dt=23.084s 
[run_single_root_search_DNN:end] total_dt=23.085316s fork_dt=0.000378s search_dt=23.084286s encode/write_dt=0.000652s
[run_single_root_search_DNN:after_search] dt=23.103s 
[run_single_root_search_DNN:end] total_dt=23.103872s fork_dt=0.000280s search_dt=23.102535s encode/write_dt=0.001057s
[run_single_root_search_DNN:after_search] dt=22.464s 
[run_single_root_search_DNN:end] total_dt=22.464836s fork_dt=0.000276s search_dt=22.463885s encode/write_dt=0.000675s
[run_single_root_search_DNN:after_search] dt=22.229s 
[run_single_root_search_DNN:end] total_dt=22.229904s fork_dt=0.000309s search_dt=22.228694s encode/write_dt=0.000901s
[run_single_root_search_DNN:after_search] dt=23.729s 
[run_single_root_search_DNN:end] total_dt=23.729604s fork_dt=0.000401s search_dt=23.728541s encode/write_dt=0.000662s
[run_single_root_search_DNN:after_search] dt=24.203s 
[run_single_root_search_DNN:end] total_dt=24.204048s fork_dt=0.000475s search_dt=24.202647s encode/write_dt=0.000926s
[run_single_root_search_DNN:after_search] dt=25.779s 
[run_single_root_search_DNN:end] total_dt=25.780081s fork_dt=0.000388s search_dt=25.779083s encode/write_dt=0.000610s
[run_single_root_search_DNN:after_search] dt=25.990s 
[run_single_root_search_DNN:end] total_dt=25.991094s fork_dt=0.000382s search_dt=25.990033s encode/write_dt=0.000678s
[run_single_root_search_DNN:after_search] dt=26.019s 
[run_single_root_search_DNN:end] total_dt=26.019835s fork_dt=0.000441s search_dt=26.018592s encode/write_dt=0.000803s
[run_single_root_search_DNN:after_search] dt=25.854s 
[run_single_root_search_DNN:end] total_dt=25.854647s fork_dt=0.000286s search_dt=25.853738s encode/write_dt=0.000624s
[run_single_root_search_DNN:after_search] dt=27.433s 
[run_single_root_search_DNN:end] total_dt=27.435213s fork_dt=0.001312s search_dt=27.433259s encode/write_dt=0.000641s
[run_single_root_search_DNN:after_search] dt=27.138s 
[run_single_root_search_DNN:end] total_dt=27.139375s fork_dt=0.000279s search_dt=27.138166s encode/write_dt=0.000930s
[run_single_root_search_DNN:after_search] dt=27.199s 
[run_single_root_search_DNN:end] total_dt=27.200220s fork_dt=0.000274s search_dt=27.199027s encode/write_dt=0.000918s
[run_single_root_search_DNN:after_search] dt=25.792s 
[run_single_root_search_DNN:end] total_dt=25.792609s fork_dt=0.000319s search_dt=25.791595s encode/write_dt=0.000695s
[run_single_root_search_DNN:after_search] dt=26.493s 
[run_single_root_search_DNN:end] total_dt=26.494086s fork_dt=0.000398s search_dt=26.492911s encode/write_dt=0.000777s
[run_single_root_search_DNN:after_search] dt=26.339s 
[run_single_root_search_DNN:end] total_dt=26.339740s fork_dt=0.000316s search_dt=26.338717s encode/write_dt=0.000706s
[run_single_root_search_DNN:after_search] dt=26.508s 
[run_single_root_search_DNN:end] total_dt=26.509219s fork_dt=0.000404s search_dt=26.508012s encode/write_dt=0.000802s
[run_single_root_search_DNN:after_search] dt=25.916s 
[run_single_root_search_DNN:end] total_dt=25.917183s fork_dt=0.000309s search_dt=25.915952s encode/write_dt=0.000922s
[run_single_root_search_DNN:after_search] dt=25.247s 
[run_single_root_search_DNN:end] total_dt=25.247762s fork_dt=0.000291s search_dt=25.246848s encode/write_dt=0.000623s
[run_single_root_search_DNN:after_search] dt=25.840s 
[run_single_root_search_DNN:end] total_dt=25.841700s fork_dt=0.000255s search_dt=25.840500s encode/write_dt=0.000946s
[run_single_root_search_DNN:after_search] dt=25.132s 
[run_single_root_search_DNN:end] total_dt=25.132776s fork_dt=0.000324s search_dt=25.131713s encode/write_dt=0.000739s
[run_single_root_search_DNN:after_search] dt=24.609s 
[run_single_root_search_DNN:end] total_dt=24.610641s fork_dt=0.000459s search_dt=24.609472s encode/write_dt=0.000709s
[run_single_root_search_DNN:after_search] dt=26.050s 
[run_single_root_search_DNN:end] total_dt=26.050900s fork_dt=0.000302s search_dt=26.049923s encode/write_dt=0.000675s
[run_single_root_search_DNN:after_search] dt=24.388s 
[run_single_root_search_DNN:end] total_dt=24.388943s fork_dt=0.000252s search_dt=24.387985s encode/write_dt=0.000706s
[run_single_root_search_DNN:after_search] dt=24.084s 
[run_single_root_search_DNN:end] total_dt=24.085678s fork_dt=0.000419s search_dt=24.084488s encode/write_dt=0.000770s
[run_single_root_search_DNN:after_search] dt=24.014s 
[run_single_root_search_DNN:end] total_dt=24.015311s fork_dt=0.000305s search_dt=24.014198s encode/write_dt=0.000808s
[run_single_root_search_DNN:after_search] dt=23.627s 
[run_single_root_search_DNN:end] total_dt=23.627818s fork_dt=0.000315s search_dt=23.626810s encode/write_dt=0.000693s
[run_single_root_search_DNN:after_search] dt=23.353s 
[run_single_root_search_DNN:end] total_dt=23.354559s fork_dt=0.000375s search_dt=23.353308s encode/write_dt=0.000876s
[run_single_root_search_DNN:after_search] dt=22.405s 
[run_single_root_search_DNN:end] total_dt=22.405944s fork_dt=0.000333s search_dt=22.404876s encode/write_dt=0.000735s
[run_single_root_search_DNN:after_search] dt=22.283s 
[run_single_root_search_DNN:end] total_dt=22.284530s fork_dt=0.000279s search_dt=22.283486s encode/write_dt=0.000765s
[run_single_root_search_DNN:after_search] dt=22.852s 
[run_single_root_search_DNN:end] total_dt=22.852759s fork_dt=0.000439s search_dt=22.851794s encode/write_dt=0.000525s
[run_single_root_search_DNN:after_search] dt=21.748s 
[run_single_root_search_DNN:end] total_dt=21.748554s fork_dt=0.000248s search_dt=21.747739s encode/write_dt=0.000567s
[run_single_root_search_DNN:after_search] dt=22.180s 
[run_single_root_search_DNN:end] total_dt=22.180556s fork_dt=0.000301s search_dt=22.179908s encode/write_dt=0.000348s
[run_single_root_search_DNN:after_search] dt=21.265s 
[run_single_root_search_DNN:end] total_dt=21.265793s fork_dt=0.000278s search_dt=21.265040s encode/write_dt=0.000475s
[run_single_root_search_DNN:after_search] dt=10.685s 
[run_single_root_search_DNN:end] total_dt=10.685084s fork_dt=0.000261s search_dt=10.684596s encode/write_dt=0.000227s
[run_single_root_search_DNN:after_search] dt=25.056s 
[run_single_root_search_DNN:after_search] dt=8.577s 
[run_single_root_search_DNN:end] total_dt=8.577472s fork_dt=0.000175s search_dt=8.577100s encode/write_dt=0.000198s
[run_single_root_search_DNN:after_search] dt=20.779s 
[run_single_root_search_DNN:end] total_dt=20.779867s fork_dt=0.000282s search_dt=20.778958s encode/write_dt=0.000627s
[run_single_root_search_DNN:after_search] dt=21.753s 
[run_single_root_search_DNN:end] total_dt=21.754287s fork_dt=0.000261s search_dt=21.753373s encode/write_dt=0.000653s
[run_single_root_search_DNN:after_search] dt=23.009s 
[run_single_root_search_DNN:end] total_dt=23.010098s fork_dt=0.000264s search_dt=23.009088s encode/write_dt=0.000746s
[run_single_root_search_DNN:after_search] dt=22.098s 
[run_single_root_search_DNN:end] total_dt=22.099181s fork_dt=0.000313s search_dt=22.098161s encode/write_dt=0.000707s
[run_single_root_search_DNN:after_search] dt=22.180s 
[run_single_root_search_DNN:end] total_dt=22.180867s fork_dt=0.000441s search_dt=22.179785s encode/write_dt=0.000641s
[run_single_root_search_DNN:after_search] dt=22.567s 
[run_single_root_search_DNN:end] total_dt=22.568161s fork_dt=0.000302s search_dt=22.566989s encode/write_dt=0.000870s
[run_single_root_search_DNN:after_search] dt=25.965s 
[run_single_root_search_DNN:end] total_dt=25.966211s fork_dt=0.000250s search_dt=25.965226s encode/write_dt=0.000735s
[run_single_root_search_DNN:after_search] dt=25.648s 
[run_single_root_search_DNN:end] total_dt=25.648666s fork_dt=0.000335s search_dt=25.647671s encode/write_dt=0.000659s
[run_single_root_search_DNN:after_search] dt=25.970s 
[run_single_root_search_DNN:end] total_dt=25.971694s fork_dt=0.000383s search_dt=25.970394s encode/write_dt=0.000917s
[run_single_root_search_DNN:after_search] dt=25.756s 
[run_single_root_search_DNN:end] total_dt=25.757248s fork_dt=0.000317s search_dt=25.756280s encode/write_dt=0.000651s
[run_single_root_search_DNN:after_search] dt=26.136s 
[run_single_root_search_DNN:end] total_dt=26.137463s fork_dt=0.000388s search_dt=26.136346s encode/write_dt=0.000730s
[run_single_root_search_DNN:after_search] dt=26.379s 
[run_single_root_search_DNN:end] total_dt=26.380050s fork_dt=0.000381s search_dt=26.378985s encode/write_dt=0.000684s
[run_single_root_search_DNN:after_search] dt=26.827s 
[run_single_root_search_DNN:end] total_dt=26.827903s fork_dt=0.000312s search_dt=26.826923s encode/write_dt=0.000668s
[run_single_root_search_DNN:after_search] dt=26.313s 
[run_single_root_search_DNN:end] total_dt=26.314257s fork_dt=0.000373s search_dt=26.313249s encode/write_dt=0.000636s
[run_single_root_search_DNN:after_search] dt=27.207s 
[run_single_root_search_DNN:end] total_dt=27.208589s fork_dt=0.000379s search_dt=27.207415s encode/write_dt=0.000795s
[run_single_root_search_DNN:after_search] dt=27.001s 
[run_single_root_search_DNN:end] total_dt=27.001906s fork_dt=0.000301s search_dt=27.000712s encode/write_dt=0.000894s
[run_single_root_search_DNN:after_search] dt=26.059s 
[run_single_root_search_DNN:end] total_dt=26.059828s fork_dt=0.000325s search_dt=26.058836s encode/write_dt=0.000667s
[run_single_root_search_DNN:after_search] dt=26.019s 
[run_single_root_search_DNN:end] total_dt=26.020249s fork_dt=0.000315s search_dt=26.019215s encode/write_dt=0.000719s
[run_single_root_search_DNN:after_search] dt=26.166s 
[run_single_root_search_DNN:end] total_dt=26.166560s fork_dt=0.000358s search_dt=26.165511s encode/write_dt=0.000691s
[run_single_root_search_DNN:after_search] dt=25.765s 
[run_single_root_search_DNN:end] total_dt=25.766044s fork_dt=0.000332s search_dt=25.765135s encode/write_dt=0.000578s
[run_single_root_search_DNN:after_search] dt=25.270s 
[run_single_root_search_DNN:end] total_dt=25.270704s fork_dt=0.000320s search_dt=25.269633s encode/write_dt=0.000751s
[run_single_root_search_DNN:after_search] dt=25.832s 
[run_single_root_search_DNN:end] total_dt=25.833167s fork_dt=0.000387s search_dt=25.832035s encode/write_dt=0.000745s
[run_single_root_search_DNN:after_search] dt=25.511s 
[run_single_root_search_DNN:end] total_dt=25.512295s fork_dt=0.000353s search_dt=25.511302s encode/write_dt=0.000641s
[run_single_root_search_DNN:after_search] dt=25.149s 
[run_single_root_search_DNN:end] total_dt=25.149444s fork_dt=0.000285s search_dt=25.148519s encode/write_dt=0.000640s
[run_single_root_search_DNN:after_search] dt=24.827s 
[run_single_root_search_DNN:end] total_dt=24.828195s fork_dt=0.000342s search_dt=24.827306s encode/write_dt=0.000547s
[run_single_root_search_DNN:after_search] dt=24.135s 
[run_single_root_search_DNN:end] total_dt=24.135664s fork_dt=0.000256s search_dt=24.134691s encode/write_dt=0.000717s
[run_single_root_search_DNN:after_search] dt=24.304s 
[run_single_root_search_DNN:end] total_dt=24.304531s fork_dt=0.000323s search_dt=24.303541s encode/write_dt=0.000668s
[run_single_root_search_DNN:after_search] dt=24.144s 
[run_single_root_search_DNN:end] total_dt=24.145242s fork_dt=0.000265s search_dt=24.144196s encode/write_dt=0.000780s
[run_single_root_search_DNN:after_search] dt=23.463s 
[run_single_root_search_DNN:end] total_dt=23.464342s fork_dt=0.000432s search_dt=23.462941s encode/write_dt=0.000969s
[run_single_root_search_DNN:after_search] dt=23.542s 
[run_single_root_search_DNN:end] total_dt=23.542662s fork_dt=0.000273s search_dt=23.541598s encode/write_dt=0.000791s
[run_single_root_search_DNN:after_search] dt=22.966s 
[run_single_root_search_DNN:end] total_dt=22.966874s fork_dt=0.000249s search_dt=22.965793s encode/write_dt=0.000832s
[run_single_root_search_DNN:after_search] dt=23.393s 
[run_single_root_search_DNN:end] total_dt=23.394213s fork_dt=0.000360s search_dt=23.392973s encode/write_dt=0.000879s
[run_single_root_search_DNN:after_search] dt=24.114s 
[run_single_root_search_DNN:end] total_dt=24.115007s fork_dt=0.000287s search_dt=24.114225s encode/write_dt=0.000494s
[run_single_root_search_DNN:after_search] dt=22.749s 
[run_single_root_search_DNN:end] total_dt=22.749732s fork_dt=0.000389s search_dt=22.748803s encode/write_dt=0.000540s
[run_single_root_search_DNN:after_search] dt=23.842s 
[run_single_root_search_DNN:end] total_dt=23.843149s fork_dt=0.000299s search_dt=23.842454s encode/write_dt=0.000396s
[run_single_root_search_DNN:after_search] dt=22.993s 
[run_single_root_search_DNN:end] total_dt=22.993186s fork_dt=0.000255s search_dt=22.992597s encode/write_dt=0.000334s
[run_single_root_search_DNN:after_search] dt=10.717s 
[run_single_root_search_DNN:end] total_dt=10.717067s fork_dt=0.000347s search_dt=10.716514s encode/write_dt=0.000206s
[run_single_root_search_DNN:after_search] dt=27.582s 
[run_single_root_search_DNN:end] total_dt=27.583420s fork_dt=0.000304s search_dt=27.582387s encode/write_dt=0.000730s
[run_single_root_search_DNN:after_search] dt=24.909s 
[run_single_root_search_DNN:end] total_dt=24.910085s fork_dt=0.000356s search_dt=24.909071s encode/write_dt=0.000659s
[run_single_root_search_DNN:after_search] dt=23.491s 
[run_single_root_search_DNN:end] total_dt=23.492291s fork_dt=0.000451s search_dt=23.491172s encode/write_dt=0.000668s
[run_single_root_search_DNN:after_search] dt=23.031s 
[run_single_root_search_DNN:end] total_dt=23.031636s fork_dt=0.000392s search_dt=23.030541s encode/write_dt=0.000703s
[run_single_root_search_DNN:after_search] dt=23.296s 
[run_single_root_search_DNN:end] total_dt=23.296517s fork_dt=0.000328s search_dt=23.295549s encode/write_dt=0.000640s
[run_single_root_search_DNN:after_search] dt=25.027s 
[run_single_root_search_DNN:end] total_dt=25.027936s fork_dt=0.000447s search_dt=25.026751s encode/write_dt=0.000738s
[run_single_root_search_DNN:after_search] dt=26.134s 
[run_single_root_search_DNN:end] total_dt=26.135220s fork_dt=0.000324s search_dt=26.134241s encode/write_dt=0.000655s
[run_single_root_search_DNN:after_search] dt=23.956s 
[run_single_root_search_DNN:end] total_dt=23.956992s fork_dt=0.000357s search_dt=23.955969s encode/write_dt=0.000666s
[run_single_root_search_DNN:after_search] dt=26.177s 
[run_single_root_search_DNN:end] total_dt=26.178490s fork_dt=0.000512s search_dt=26.177333s encode/write_dt=0.000644s
[run_single_root_search_DNN:after_search] dt=25.634s 
[run_single_root_search_DNN:after_search] dt=20.614s 
[run_single_root_search_DNN:end] total_dt=20.614769s fork_dt=0.000209s search_dt=20.614063s encode/write_dt=0.000497s
[run_single_root_search_DNN:after_search] dt=20.403s 
[run_single_root_search_DNN:end] total_dt=20.404070s fork_dt=0.000294s search_dt=20.403043s encode/write_dt=0.000732s
[run_single_root_search_DNN:after_search] dt=21.843s 
[run_single_root_search_DNN:end] total_dt=21.843405s fork_dt=0.000326s search_dt=21.842555s encode/write_dt=0.000525s
[run_single_root_search_DNN:after_search] dt=22.333s 
[run_single_root_search_DNN:end] total_dt=22.333515s fork_dt=0.000346s search_dt=22.332622s encode/write_dt=0.000546s
[run_single_root_search_DNN:after_search] dt=22.041s 
[run_single_root_search_DNN:end] total_dt=22.042201s fork_dt=0.000270s search_dt=22.041176s encode/write_dt=0.000755s
[run_single_root_search_DNN:after_search] dt=22.372s 
[run_single_root_search_DNN:end] total_dt=22.373011s fork_dt=0.000304s search_dt=22.372197s encode/write_dt=0.000510s
[run_single_root_search_DNN:after_search] dt=22.695s 
[run_single_root_search_DNN:end] total_dt=22.695527s fork_dt=0.000284s search_dt=22.694678s encode/write_dt=0.000566s
[run_single_root_search_DNN:after_search] dt=22.852s 
[run_single_root_search_DNN:end] total_dt=22.853279s fork_dt=0.000384s search_dt=22.852412s encode/write_dt=0.000483s
[run_single_root_search_DNN:after_search] dt=22.079s 
[run_single_root_search_DNN:end] total_dt=22.079607s fork_dt=0.000299s search_dt=22.078682s encode/write_dt=0.000626s
[run_single_root_search_DNN:after_search] dt=22.661s 
[run_single_root_search_DNN:end] total_dt=22.662331s fork_dt=0.000304s search_dt=22.661425s encode/write_dt=0.000601s
[run_single_root_search_DNN:after_search] dt=22.746s 
[run_single_root_search_DNN:end] total_dt=22.747094s fork_dt=0.000409s search_dt=22.746020s encode/write_dt=0.000664s
[run_single_root_search_DNN:after_search] dt=22.636s 
[run_single_root_search_DNN:end] total_dt=22.637109s fork_dt=0.000249s search_dt=22.636140s encode/write_dt=0.000720s
[run_single_root_search_DNN:after_search] dt=22.939s 
[run_single_root_search_DNN:end] total_dt=22.940318s fork_dt=0.000333s search_dt=22.939410s encode/write_dt=0.000575s
[run_single_root_search_DNN:after_search] dt=22.997s 
[run_single_root_search_DNN:end] total_dt=22.997956s fork_dt=0.000414s search_dt=22.997076s encode/write_dt=0.000467s
[run_single_root_search_DNN:after_search] dt=22.515s 
[run_single_root_search_DNN:end] total_dt=22.515898s fork_dt=0.000360s search_dt=22.514950s encode/write_dt=0.000588s
[run_single_root_search_DNN:after_search] dt=23.593s 
[run_single_root_search_DNN:end] total_dt=23.594204s fork_dt=0.000347s search_dt=23.593288s encode/write_dt=0.000569s
[run_single_root_search_DNN:after_search] dt=23.430s 
[run_single_root_search_DNN:end] total_dt=23.431135s fork_dt=0.000364s search_dt=23.430368s encode/write_dt=0.000403s
[run_single_root_search_DNN:after_search] dt=23.114s 
[run_single_root_search_DNN:end] total_dt=23.114761s fork_dt=0.000297s search_dt=23.114144s encode/write_dt=0.000320s
[run_single_root_search_DNN:after_search] dt=11.102s 
[run_single_root_search_DNN:end] total_dt=11.102566s fork_dt=0.000227s search_dt=11.102114s encode/write_dt=0.000225s
[run_single_root_search_DNN:after_search] dt=26.572s 
[run_single_root_search_DNN:end] total_dt=26.573432s fork_dt=0.000385s search_dt=26.572402s encode/write_dt=0.000645s
[run_single_root_search_DNN:after_search] dt=24.610s 
[run_single_root_search_DNN:end] total_dt=24.610921s fork_dt=0.000427s search_dt=24.609538s encode/write_dt=0.000956s
[run_single_root_search_DNN:after_search] dt=24.672s 
[run_single_root_search_DNN:end] total_dt=24.673690s fork_dt=0.000402s search_dt=24.672201s encode/write_dt=0.001088s
[run_single_root_search_DNN:after_search] dt=24.254s 
[run_single_root_search_DNN:end] total_dt=24.255358s fork_dt=0.000382s search_dt=24.254200s encode/write_dt=0.000776s
[run_single_root_search_DNN:after_search] dt=23.838s 
[run_single_root_search_DNN:end] total_dt=23.839040s fork_dt=0.000350s search_dt=23.838065s encode/write_dt=0.000625s
[run_single_root_search_DNN:after_search] dt=26.148s 
[run_single_root_search_DNN:end] total_dt=26.149292s fork_dt=0.000349s search_dt=26.147828s encode/write_dt=0.001115s
[run_single_root_search_DNN:after_search] dt=28.188s 
[run_single_root_search_DNN:end] total_dt=28.189542s fork_dt=0.000403s search_dt=28.188348s encode/write_dt=0.000791s
[run_single_root_search_DNN:after_search] dt=24.762s 
[run_single_root_search_DNN:end] total_dt=24.763288s fork_dt=0.000331s search_dt=24.761949s encode/write_dt=0.001007s
[run_single_root_search_DNN:after_search] dt=25.474s 
[run_single_root_search_DNN:end] total_dt=25.474779s fork_dt=0.000384s search_dt=25.473783s encode/write_dt=0.000611s
[run_single_root_search_DNN:after_search] dt=25.952s 
[run_single_root_search_DNN:end] total_dt=25.952670s fork_dt=0.000372s search_dt=25.951516s encode/write_dt=0.000782s
[run_single_root_search_DNN:after_search] dt=26.999s 
[run_single_root_search_DNN:end] total_dt=27.000300s fork_dt=0.000331s search_dt=26.999109s encode/write_dt=0.000860s
[run_single_root_search_DNN:after_search] dt=27.698s 
[run_single_root_search_DNN:end] total_dt=27.699613s fork_dt=0.000398s search_dt=27.697553s encode/write_dt=0.001662s
[run_single_root_search_DNN:after_search] dt=28.960s 
[run_single_root_search_DNN:end] total_dt=28.960648s fork_dt=0.000486s search_dt=28.959515s encode/write_dt=0.000647s
[run_single_root_search_DNN:after_search] dt=28.722s 
[run_single_root_search_DNN:end] total_dt=28.723167s fork_dt=0.000321s search_dt=28.721944s encode/write_dt=0.000902s
[run_single_root_search_DNN:after_search] dt=26.824s 
[run_single_root_search_DNN:end] total_dt=26.825133s fork_dt=0.000332s search_dt=26.823861s encode/write_dt=0.000940s
[run_single_root_search_DNN:after_search] dt=27.593s 
[run_single_root_search_DNN:end] total_dt=27.594476s fork_dt=0.000402s search_dt=27.593326s encode/write_dt=0.000748s
[run_single_root_search_DNN:after_search] dt=27.681s 
[run_single_root_search_DNN:end] total_dt=27.682525s fork_dt=0.000468s search_dt=27.681137s encode/write_dt=0.000920s
[run_single_root_search_DNN:after_search] dt=26.503s 
[run_single_root_search_DNN:end] total_dt=26.503647s fork_dt=0.000329s search_dt=26.502534s encode/write_dt=0.000785s
[run_single_root_search_DNN:after_search] dt=27.327s 
[run_single_root_search_DNN:end] total_dt=27.328446s fork_dt=0.000354s search_dt=27.327384s encode/write_dt=0.000708s
[run_single_root_search_DNN:after_search] dt=26.555s 
[run_single_root_search_DNN:end] total_dt=26.556154s fork_dt=0.000358s search_dt=26.555056s encode/write_dt=0.000740s
[run_single_root_search_DNN:after_search] dt=25.527s 
[run_single_root_search_DNN:end] total_dt=25.528175s fork_dt=0.000419s search_dt=25.527053s encode/write_dt=0.000703s
[run_single_root_search_DNN:after_search] dt=24.422s 
[run_single_root_search_DNN:end] total_dt=24.423354s fork_dt=0.000328s search_dt=24.422015s encode/write_dt=0.001012s
[run_single_root_search_DNN:after_search] dt=24.691s 
[run_single_root_search_DNN:end] total_dt=24.691728s fork_dt=0.000469s search_dt=24.690584s encode/write_dt=0.000675s
[run_single_root_search_DNN:after_search] dt=24.439s 
[run_single_root_search_DNN:end] total_dt=24.439609s fork_dt=0.000380s search_dt=24.438575s encode/write_dt=0.000654s
[run_single_root_search_DNN:after_search] dt=24.601s 
[run_single_root_search_DNN:end] total_dt=24.601859s fork_dt=0.000407s search_dt=24.600734s encode/write_dt=0.000718s
[run_single_root_search_DNN:after_search] dt=23.597s 
[run_single_root_search_DNN:end] total_dt=23.598346s fork_dt=0.000365s search_dt=23.597242s encode/write_dt=0.000739s
[run_single_root_search_DNN:after_search] dt=23.531s 
[run_single_root_search_DNN:end] total_dt=23.532433s fork_dt=0.000475s search_dt=23.531244s encode/write_dt=0.000714s
[run_single_root_search_DNN:after_search] dt=23.614s 
[run_single_root_search_DNN:end] total_dt=23.615407s fork_dt=0.000381s search_dt=23.614320s encode/write_dt=0.000706s
[run_single_root_search_DNN:after_search] dt=22.936s 
[run_single_root_search_DNN:after_search] dt=23.445s 
[run_single_root_search_DNN:end] total_dt=23.446778s fork_dt=0.000455s search_dt=23.445410s encode/write_dt=0.000913s
[run_single_root_search_DNN:after_search] dt=25.461s 
[run_single_root_search_DNN:end] total_dt=25.462129s fork_dt=0.000322s search_dt=25.461142s encode/write_dt=0.000666s
[run_single_root_search_DNN:after_search] dt=27.673s 
[run_single_root_search_DNN:end] total_dt=27.674536s fork_dt=0.000412s search_dt=27.673196s encode/write_dt=0.000928s
[run_single_root_search_DNN:after_search] dt=27.874s 
[run_single_root_search_DNN:end] total_dt=27.874872s fork_dt=0.000336s search_dt=27.873694s encode/write_dt=0.000842s
[run_single_root_search_DNN:after_search] dt=27.964s 
[run_single_root_search_DNN:end] total_dt=27.965162s fork_dt=0.000315s search_dt=27.963980s encode/write_dt=0.000867s
[run_single_root_search_DNN:after_search] dt=27.064s 
[run_single_root_search_DNN:end] total_dt=27.065571s fork_dt=0.000335s search_dt=27.064329s encode/write_dt=0.000908s
[run_single_root_search_DNN:after_search] dt=27.049s 
[run_single_root_search_DNN:end] total_dt=27.050243s fork_dt=0.000312s search_dt=27.049229s encode/write_dt=0.000702s
[run_single_root_search_DNN:after_search] dt=26.349s 
[run_single_root_search_DNN:end] total_dt=26.350512s fork_dt=0.000322s search_dt=26.349467s encode/write_dt=0.000723s
[run_single_root_search_DNN:after_search] dt=26.780s 
[run_single_root_search_DNN:end] total_dt=26.781568s fork_dt=0.000306s search_dt=26.780382s encode/write_dt=0.000880s
[run_single_root_search_DNN:after_search] dt=26.472s 
[run_single_root_search_DNN:end] total_dt=26.473779s fork_dt=0.000332s search_dt=26.472417s encode/write_dt=0.001029s
[run_single_root_search_DNN:after_search] dt=26.772s 
[run_single_root_search_DNN:end] total_dt=26.773711s fork_dt=0.000326s search_dt=26.772246s encode/write_dt=0.001138s
[run_single_root_search_DNN:after_search] dt=26.159s 
[run_single_root_search_DNN:end] total_dt=26.159941s fork_dt=0.000361s search_dt=26.158780s encode/write_dt=0.000800s
[run_single_root_search_DNN:after_search] dt=26.218s 
[run_single_root_search_DNN:end] total_dt=26.219609s fork_dt=0.000412s search_dt=26.218351s encode/write_dt=0.000846s
[run_single_root_search_DNN:after_search] dt=26.195s 
[run_single_root_search_DNN:end] total_dt=26.195935s fork_dt=0.000365s search_dt=26.194800s encode/write_dt=0.000771s
[run_single_root_search_DNN:after_search] dt=25.992s 
[run_single_root_search_DNN:end] total_dt=25.992864s fork_dt=0.000379s search_dt=25.991592s encode/write_dt=0.000893s
[run_single_root_search_DNN:after_search] dt=25.355s 
[run_single_root_search_DNN:end] total_dt=25.356200s fork_dt=0.000447s search_dt=25.354920s encode/write_dt=0.000834s
[run_single_root_search_DNN:after_search] dt=25.627s 
[run_single_root_search_DNN:end] total_dt=25.628430s fork_dt=0.000317s search_dt=25.627339s encode/write_dt=0.000773s
[run_single_root_search_DNN:after_search] dt=24.873s 
[run_single_root_search_DNN:end] total_dt=24.873655s fork_dt=0.000377s search_dt=24.872617s encode/write_dt=0.000661s
[run_single_root_search_DNN:after_search] dt=25.668s 
[run_single_root_search_DNN:end] total_dt=25.669241s fork_dt=0.000444s search_dt=25.668097s encode/write_dt=0.000700s
[run_single_root_search_DNN:after_search] dt=24.870s 
[run_single_root_search_DNN:end] total_dt=24.871210s fork_dt=0.000382s search_dt=24.869926s encode/write_dt=0.000902s
[run_single_root_search_DNN:after_search] dt=24.672s 
[run_single_root_search_DNN:end] total_dt=24.673555s fork_dt=0.000436s search_dt=24.672459s encode/write_dt=0.000660s
[run_single_root_search_DNN:after_search] dt=25.397s 
[run_single_root_search_DNN:end] total_dt=25.398496s fork_dt=0.000500s search_dt=25.397496s encode/write_dt=0.000499s
[run_single_root_search_DNN:after_search] dt=25.407s 
[run_single_root_search_DNN:end] total_dt=25.407642s fork_dt=0.000443s search_dt=25.406551s encode/write_dt=0.000648s
[run_single_root_search_DNN:after_search] dt=25.224s 
[run_single_root_search_DNN:end] total_dt=25.224313s fork_dt=0.000317s search_dt=25.223591s encode/write_dt=0.000405s
[run_single_root_search_DNN:after_search] dt=25.243s 
[run_single_root_search_DNN:end] total_dt=25.243984s fork_dt=0.000439s search_dt=25.243145s encode/write_dt=0.000400s
[run_single_root_search_DNN:after_search] dt=12.137s 
[run_single_root_search_DNN:end] total_dt=12.137149s fork_dt=0.000351s search_dt=12.136533s encode/write_dt=0.000264s
[run_single_root_search_DNN:after_search] dt=27.416s 
[run_single_root_search_DNN:end] total_dt=27.416638s fork_dt=0.000403s search_dt=27.415527s encode/write_dt=0.000708s
[run_single_root_search_DNN:after_search] dt=26.374s 
[run_single_root_search_DNN:end] total_dt=26.375737s fork_dt=0.000518s search_dt=26.374294s encode/write_dt=0.000925s
[run_single_root_search_DNN:after_search] dt=25.898s 
[run_single_root_search_DNN:end] total_dt=25.899367s fork_dt=0.000427s search_dt=25.898240s encode/write_dt=0.000700s
[run_single_root_search_DNN:after_search] dt=26.522s 
[run_single_root_search_DNN:end] total_dt=26.523252s fork_dt=0.000496s search_dt=26.521924s encode/write_dt=0.000831s
[run_single_root_search_DNN:after_search] dt=26.167s 
[run_single_root_search_DNN:end] total_dt=26.168914s fork_dt=0.000387s search_dt=26.167344s encode/write_dt=0.001183s
[run_single_root_search_DNN:after_search] dt=26.825s 
[run_single_root_search_DNN:end] total_dt=26.826714s fork_dt=0.000384s search_dt=26.825418s encode/write_dt=0.000912s
[run_single_root_search_DNN:after_search] dt=29.116s 
[run_single_root_search_DNN:end] total_dt=29.117214s fork_dt=0.000506s search_dt=29.115848s encode/write_dt=0.000860s
[run_single_root_search_DNN:after_search] dt=26.108s 
[run_single_root_search_DNN:end] total_dt=26.109378s fork_dt=0.000452s search_dt=26.108112s encode/write_dt=0.000814s
[run_single_root_search_DNN:after_search] dt=26.719s 
[run_single_root_search_DNN:end] total_dt=26.720344s fork_dt=0.000391s search_dt=26.719108s encode/write_dt=0.000845s
[run_single_root_search_DNN:after_search] dt=27.736s 
[run_single_root_search_DNN:end] total_dt=27.737154s fork_dt=0.000509s search_dt=27.735900s encode/write_dt=0.000745s
[run_single_root_search_DNN:after_search] dt=28.369s 
[run_single_root_search_DNN:end] total_dt=28.369806s fork_dt=0.000347s search_dt=28.368721s encode/write_dt=0.000739s
[run_single_root_search_DNN:after_search] dt=27.486s 
[run_single_root_search_DNN:end] total_dt=27.487373s fork_dt=0.000352s search_dt=27.486302s encode/write_dt=0.000719s
[run_single_root_search_DNN:after_search] dt=28.350s 
[run_single_root_search_DNN:end] total_dt=28.351127s fork_dt=0.000379s search_dt=28.350060s encode/write_dt=0.000688s
[run_single_root_search_DNN:after_search] dt=28.760s 
[run_single_root_search_DNN:end] total_dt=28.761656s fork_dt=0.000506s search_dt=28.760459s encode/write_dt=0.000690s
[run_single_root_search_DNN:after_search] dt=26.727s 
[run_single_root_search_DNN:end] total_dt=26.728310s fork_dt=0.000483s search_dt=26.727018s encode/write_dt=0.000809s
[run_single_root_search_DNN:after_search] dt=26.142s 
[run_single_root_search_DNN:end] total_dt=26.143254s fork_dt=0.000320s search_dt=26.142301s encode/write_dt=0.000633s
[run_single_root_search_DNN:after_search] dt=26.780s 
[run_single_root_search_DNN:end] total_dt=26.781427s fork_dt=0.000311s search_dt=26.780349s encode/write_dt=0.000767s
[run_single_root_search_DNN:after_search] dt=26.378s 
[run_single_root_search_DNN:end] total_dt=26.379613s fork_dt=0.000499s search_dt=26.378271s encode/write_dt=0.000843s
[run_single_root_search_DNN:after_search] dt=26.186s 
[run_single_root_search_DNN:end] total_dt=26.186795s fork_dt=0.000462s search_dt=26.185523s encode/write_dt=0.000810s
[run_single_root_search_DNN:after_search] dt=24.151s 
[run_single_root_search_DNN:end] total_dt=24.152540s fork_dt=0.000431s search_dt=24.151394s encode/write_dt=0.000714s
[run_single_root_search_DNN:after_search] dt=21.866s 
[run_single_root_search_DNN:end] total_dt=21.867252s fork_dt=0.000422s search_dt=21.866163s encode/write_dt=0.000667s
[run_single_root_search_DNN:after_search] dt=20.978s 
[run_single_root_search_DNN:after_search] dt=21.374s 
[run_single_root_search_DNN:end] total_dt=21.374729s fork_dt=0.000318s search_dt=21.373748s encode/write_dt=0.000664s
[run_single_root_search_DNN:after_search] dt=22.897s 
[run_single_root_search_DNN:end] total_dt=22.897908s fork_dt=0.000306s search_dt=22.896998s encode/write_dt=0.000604s
[run_single_root_search_DNN:after_search] dt=24.834s 
[run_single_root_search_DNN:end] total_dt=24.835062s fork_dt=0.000383s search_dt=24.834269s encode/write_dt=0.000410s
[run_single_root_search_DNN:after_search] dt=25.142s 
[run_single_root_search_DNN:end] total_dt=25.142848s fork_dt=0.000452s search_dt=25.141948s encode/write_dt=0.000447s
[run_single_root_search_DNN:after_search] dt=25.521s 
[run_single_root_search_DNN:end] total_dt=25.522238s fork_dt=0.000543s search_dt=25.521227s encode/write_dt=0.000467s
[run_single_root_search_DNN:after_search] dt=25.757s 
[run_single_root_search_DNN:end] total_dt=25.757597s fork_dt=0.000442s search_dt=25.756786s encode/write_dt=0.000368s
[run_single_root_search_DNN:after_search] dt=12.278s 
[run_single_root_search_DNN:end] total_dt=12.278712s fork_dt=0.000520s search_dt=12.277913s encode/write_dt=0.000280s
[run_single_root_search_DNN:after_search] dt=29.345s 
[run_single_root_search_DNN:end] total_dt=29.346844s fork_dt=0.000627s search_dt=29.345467s encode/write_dt=0.000750s
[run_single_root_search_DNN:after_search] dt=26.552s 
[run_single_root_search_DNN:end] total_dt=26.553911s fork_dt=0.000517s search_dt=26.552183s encode/write_dt=0.001211s
[run_single_root_search_DNN:after_search] dt=26.224s 
[run_single_root_search_DNN:end] total_dt=26.225760s fork_dt=0.000507s search_dt=26.224430s encode/write_dt=0.000824s
[run_single_root_search_DNN:after_search] dt=26.704s 
[run_single_root_search_DNN:end] total_dt=26.705697s fork_dt=0.000525s search_dt=26.704305s encode/write_dt=0.000867s
[run_single_root_search_DNN:after_search] dt=26.753s 
[run_single_root_search_DNN:end] total_dt=26.753996s fork_dt=0.000533s search_dt=26.752639s encode/write_dt=0.000825s
[run_single_root_search_DNN:after_search] dt=26.976s 
[run_single_root_search_DNN:end] total_dt=26.977573s fork_dt=0.000680s search_dt=26.976142s encode/write_dt=0.000751s
[run_single_root_search_DNN:after_search] dt=29.911s 
[run_single_root_search_DNN:end] total_dt=29.912292s fork_dt=0.000638s search_dt=29.910927s encode/write_dt=0.000726s
[run_single_root_search_DNN:after_search] dt=29.073s 
[run_single_root_search_DNN:end] total_dt=29.074679s fork_dt=0.000374s search_dt=29.072615s encode/write_dt=0.001690s
[run_single_root_search_DNN:after_search] dt=29.172s 
[run_single_root_search_DNN:end] total_dt=29.173412s fork_dt=0.000392s search_dt=29.172274s encode/write_dt=0.000746s
[run_single_root_search_DNN:after_search] dt=28.994s 
[run_single_root_search_DNN:end] total_dt=28.995977s fork_dt=0.000490s search_dt=28.994359s encode/write_dt=0.001128s
[run_single_root_search_DNN:after_search] dt=29.335s 
[run_single_root_search_DNN:end] total_dt=29.336292s fork_dt=0.000438s search_dt=29.334920s encode/write_dt=0.000933s
[run_single_root_search_DNN:after_search] dt=29.315s 
[run_single_root_search_DNN:end] total_dt=29.316003s fork_dt=0.000349s search_dt=29.314659s encode/write_dt=0.000994s
[run_single_root_search_DNN:after_search] dt=30.207s 
[run_single_root_search_DNN:end] total_dt=30.208138s fork_dt=0.000400s search_dt=30.206955s encode/write_dt=0.000783s
[run_single_root_search_DNN:after_search] dt=29.377s 
[run_single_root_search_DNN:end] total_dt=29.378555s fork_dt=0.000508s search_dt=29.377304s encode/write_dt=0.000743s
[run_single_root_search_DNN:after_search] dt=29.244s 
[run_single_root_search_DNN:end] total_dt=29.245554s fork_dt=0.000481s search_dt=29.244280s encode/write_dt=0.000793s
[run_single_root_search_DNN:after_search] dt=29.312s 
[run_single_root_search_DNN:end] total_dt=29.312799s fork_dt=0.000432s search_dt=29.311638s encode/write_dt=0.000729s
[run_single_root_search_DNN:after_search] dt=28.463s 
[run_single_root_search_DNN:end] total_dt=28.464357s fork_dt=0.000339s search_dt=28.462912s encode/write_dt=0.001106s
[run_single_root_search_DNN:after_search] dt=28.226s 
[run_single_root_search_DNN:end] total_dt=28.227340s fork_dt=0.000507s search_dt=28.226048s encode/write_dt=0.000785s
[run_single_root_search_DNN:after_search] dt=29.202s 
[run_single_root_search_DNN:end] total_dt=29.203472s fork_dt=0.000410s search_dt=29.202399s encode/write_dt=0.000663s
[run_single_root_search_DNN:after_search] dt=27.812s 
[run_single_root_search_DNN:end] total_dt=27.813477s fork_dt=0.000435s search_dt=27.812298s encode/write_dt=0.000743s
[run_single_root_search_DNN:after_search] dt=27.646s 
[run_single_root_search_DNN:end] total_dt=27.647667s fork_dt=0.000592s search_dt=27.646406s encode/write_dt=0.000668s
[run_single_root_search_DNN:after_search] dt=28.144s 
[run_single_root_search_DNN:end] total_dt=28.145707s fork_dt=0.000367s search_dt=28.144428s encode/write_dt=0.000912s
[run_single_root_search_DNN:after_search] dt=27.088s 
[run_single_root_search_DNN:end] total_dt=27.089246s fork_dt=0.000496s search_dt=27.088016s encode/write_dt=0.000734s
[run_single_root_search_DNN:after_search] dt=27.446s 
[run_single_root_search_DNN:end] total_dt=27.448016s fork_dt=0.000739s search_dt=27.446418s encode/write_dt=0.000859s
[run_single_root_search_DNN:after_search] dt=28.605s 
[run_single_root_search_DNN:end] total_dt=28.605708s fork_dt=0.000373s search_dt=28.604594s encode/write_dt=0.000740s
[run_single_root_search_DNN:after_search] dt=26.594s 
[run_single_root_search_DNN:end] total_dt=26.595019s fork_dt=0.000598s search_dt=26.593696s encode/write_dt=0.000725s
[run_single_root_search_DNN:after_search] dt=26.639s 
[run_single_root_search_DNN:end] total_dt=26.640411s fork_dt=0.000360s search_dt=26.639329s encode/write_dt=0.000721s
[run_single_root_search_DNN:after_search] dt=26.308s 
[run_single_root_search_DNN:end] total_dt=26.308828s fork_dt=0.000534s search_dt=26.307579s encode/write_dt=0.000715s
[run_single_root_search_DNN:after_search] dt=25.292s 
[run_single_root_search_DNN:end] total_dt=25.292961s fork_dt=0.000556s search_dt=25.291669s encode/write_dt=0.000736s
[run_single_root_search_DNN:after_search] dt=24.913s 
[run_single_root_search_DNN:end] total_dt=24.914005s fork_dt=0.000428s search_dt=24.912779s encode/write_dt=0.000799s
[run_single_root_search_DNN:after_search] dt=24.516s 
[run_single_root_search_DNN:end] total_dt=24.517786s fork_dt=0.000570s search_dt=24.516465s encode/write_dt=0.000751s
[run_single_root_search_DNN:after_search] dt=25.361s 
[run_single_root_search_DNN:end] total_dt=25.361965s fork_dt=0.000521s search_dt=25.360777s encode/write_dt=0.000667s
[run_single_root_search_DNN:after_search] dt=24.870s 
[run_single_root_search_DNN:end] total_dt=24.870605s fork_dt=0.000421s search_dt=24.869577s encode/write_dt=0.000607s
[run_single_root_search_DNN:after_search] dt=24.618s 
[run_single_root_search_DNN:end] total_dt=24.619191s fork_dt=0.000456s search_dt=24.618172s encode/write_dt=0.000562s
[run_single_root_search_DNN:after_search] dt=25.543s 
[run_single_root_search_DNN:end] total_dt=25.544189s fork_dt=0.000536s search_dt=25.543231s encode/write_dt=0.000422s
[run_single_root_search_DNN:after_search] dt=24.846s 
[run_single_root_search_DNN:end] total_dt=24.847045s fork_dt=0.000397s search_dt=24.846294s encode/write_dt=0.000353s
[run_single_root_search_DNN:after_search] dt=11.728s 
[run_single_root_search_DNN:end] total_dt=11.728949s fork_dt=0.000360s search_dt=11.728340s encode/write_dt=0.000249s
[run_single_root_search_DNN:after_search] dt=26.913s 
[run_single_root_search_DNN:end] total_dt=26.913708s fork_dt=0.000371s search_dt=26.912528s encode/write_dt=0.000809s
[run_single_root_search_DNN:after_search] dt=24.102s 
[run_single_root_search_DNN:end] total_dt=24.103695s fork_dt=0.000484s search_dt=24.102462s encode/write_dt=0.000749s
[run_single_root_search_DNN:after_search] dt=22.418s 
[run_single_root_search_DNN:end] total_dt=22.419092s fork_dt=0.000355s search_dt=22.418063s encode/write_dt=0.000674s
[run_single_root_search_DNN:after_search] dt=22.022s 
[run_single_root_search_DNN:after_search] dt=10.485s 
[run_single_root_search_DNN:end] total_dt=10.485088s fork_dt=0.000271s search_dt=10.484593s encode/write_dt=0.000224s
[run_single_root_search_DNN:after_search] dt=24.692s 
[run_single_root_search_DNN:end] total_dt=24.692717s fork_dt=0.000352s search_dt=24.691561s encode/write_dt=0.000805s
[run_single_root_search_DNN:after_search] dt=26.281s 
[run_single_root_search_DNN:end] total_dt=26.282646s fork_dt=0.000442s search_dt=26.280898s encode/write_dt=0.001306s
[run_single_root_search_DNN:after_search] dt=26.899s 
[run_single_root_search_DNN:end] total_dt=26.899915s fork_dt=0.000477s search_dt=26.898670s encode/write_dt=0.000768s
[run_single_root_search_DNN:after_search] dt=27.041s 
[run_single_root_search_DNN:end] total_dt=27.042123s fork_dt=0.000641s search_dt=27.040669s encode/write_dt=0.000813s
[run_single_root_search_DNN:after_search] dt=26.875s 
[run_single_root_search_DNN:end] total_dt=26.876338s fork_dt=0.000557s search_dt=26.874882s encode/write_dt=0.000899s
[run_single_root_search_DNN:after_search] dt=27.368s 
[run_single_root_search_DNN:end] total_dt=27.369600s fork_dt=0.000557s search_dt=27.368236s encode/write_dt=0.000807s
[run_single_root_search_DNN:after_search] dt=29.519s 
[run_single_root_search_DNN:end] total_dt=29.520330s fork_dt=0.000419s search_dt=29.519115s encode/write_dt=0.000796s
[run_single_root_search_DNN:after_search] dt=26.117s 
[run_single_root_search_DNN:end] total_dt=26.118515s fork_dt=0.000363s search_dt=26.117477s encode/write_dt=0.000675s
[run_single_root_search_DNN:after_search] dt=28.446s 
[run_single_root_search_DNN:end] total_dt=28.448085s fork_dt=0.000487s search_dt=28.446347s encode/write_dt=0.001251s
[run_single_root_search_DNN:after_search] dt=29.015s 
[run_single_root_search_DNN:end] total_dt=29.016771s fork_dt=0.000530s search_dt=29.015424s encode/write_dt=0.000818s
[run_single_root_search_DNN:after_search] dt=29.574s 
[run_single_root_search_DNN:end] total_dt=29.575306s fork_dt=0.000394s search_dt=29.574077s encode/write_dt=0.000835s
[run_single_root_search_DNN:after_search] dt=29.267s 
[run_single_root_search_DNN:end] total_dt=29.268258s fork_dt=0.000369s search_dt=29.266873s encode/write_dt=0.001016s
[run_single_root_search_DNN:after_search] dt=30.704s 
[run_single_root_search_DNN:end] total_dt=30.704776s fork_dt=0.000395s search_dt=30.703620s encode/write_dt=0.000761s
[run_single_root_search_DNN:after_search] dt=29.712s 
[run_single_root_search_DNN:end] total_dt=29.713879s fork_dt=0.000582s search_dt=29.712233s encode/write_dt=0.001064s
[run_single_root_search_DNN:after_search] dt=28.974s 
[run_single_root_search_DNN:end] total_dt=28.975391s fork_dt=0.000509s search_dt=28.974134s encode/write_dt=0.000748s
[run_single_root_search_DNN:after_search] dt=29.016s 
[run_single_root_search_DNN:end] total_dt=29.017490s fork_dt=0.000398s search_dt=29.016276s encode/write_dt=0.000816s
[run_single_root_search_DNN:after_search] dt=29.125s 
[run_single_root_search_DNN:end] total_dt=29.126413s fork_dt=0.000466s search_dt=29.125252s encode/write_dt=0.000695s
[run_single_root_search_DNN:after_search] dt=28.471s 
[run_single_root_search_DNN:end] total_dt=28.472727s fork_dt=0.000532s search_dt=28.471283s encode/write_dt=0.000912s
[run_single_root_search_DNN:after_search] dt=29.264s 
[run_single_root_search_DNN:end] total_dt=29.265308s fork_dt=0.000521s search_dt=29.263955s encode/write_dt=0.000832s
[run_single_root_search_DNN:after_search] dt=28.646s 
[run_single_root_search_DNN:end] total_dt=28.647219s fork_dt=0.000579s search_dt=28.645746s encode/write_dt=0.000893s
[run_single_root_search_DNN:after_search] dt=28.305s 
[run_single_root_search_DNN:end] total_dt=28.306977s fork_dt=0.000553s search_dt=28.305454s encode/write_dt=0.000971s
[run_single_root_search_DNN:after_search] dt=27.697s 
[run_single_root_search_DNN:end] total_dt=27.698545s fork_dt=0.000490s search_dt=27.696984s encode/write_dt=0.001071s
[run_single_root_search_DNN:after_search] dt=27.706s 
[run_single_root_search_DNN:end] total_dt=27.707424s fork_dt=0.000378s search_dt=27.706265s encode/write_dt=0.000781s
[run_single_root_search_DNN:after_search] dt=26.923s 
[run_single_root_search_DNN:end] total_dt=26.924413s fork_dt=0.000450s search_dt=26.923176s encode/write_dt=0.000787s
[run_single_root_search_DNN:after_search] dt=27.814s 
[run_single_root_search_DNN:end] total_dt=27.815443s fork_dt=0.000601s search_dt=27.814079s encode/write_dt=0.000763s
[run_single_root_search_DNN:after_search] dt=26.670s 
[run_single_root_search_DNN:end] total_dt=26.671038s fork_dt=0.000667s search_dt=26.669523s encode/write_dt=0.000848s
[run_single_root_search_DNN:after_search] dt=26.953s 
[run_single_root_search_DNN:end] total_dt=26.953972s fork_dt=0.000435s search_dt=26.952658s encode/write_dt=0.000879s
[run_single_root_search_DNN:after_search] dt=27.660s 
[run_single_root_search_DNN:end] total_dt=27.660701s fork_dt=0.000414s search_dt=27.659610s encode/write_dt=0.000677s
[run_single_root_search_DNN:after_search] dt=27.274s 
[run_single_root_search_DNN:end] total_dt=27.275523s fork_dt=0.000381s search_dt=27.274456s encode/write_dt=0.000686s
[run_single_root_search_DNN:after_search] dt=26.174s 
[run_single_root_search_DNN:end] total_dt=26.175634s fork_dt=0.000564s search_dt=26.173855s encode/write_dt=0.001215s
[run_single_root_search_DNN:after_search] dt=27.633s 
[run_single_root_search_DNN:end] total_dt=27.634533s fork_dt=0.000609s search_dt=27.633075s encode/write_dt=0.000849s
[run_single_root_search_DNN:after_search] dt=26.753s 
[run_single_root_search_DNN:end] total_dt=26.753878s fork_dt=0.000439s search_dt=26.752669s encode/write_dt=0.000770s
[run_single_root_search_DNN:after_search] dt=26.743s 
[run_single_root_search_DNN:end] total_dt=26.744072s fork_dt=0.000659s search_dt=26.742802s encode/write_dt=0.000611s
[run_single_root_search_DNN:after_search] dt=26.867s 
[run_single_root_search_DNN:end] total_dt=26.867958s fork_dt=0.000586s search_dt=26.866839s encode/write_dt=0.000533s
[run_single_root_search_DNN:after_search] dt=25.565s 
[run_single_root_search_DNN:end] total_dt=25.566126s fork_dt=0.000558s search_dt=25.565135s encode/write_dt=0.000432s
[run_single_root_search_DNN:after_search] dt=25.535s 
[run_single_root_search_DNN:end] total_dt=25.536334s fork_dt=0.000434s search_dt=25.535353s encode/write_dt=0.000547s
[run_single_root_search_DNN:after_search] dt=12.503s 
[run_single_root_search_DNN:end] total_dt=12.503701s fork_dt=0.000373s search_dt=12.503069s encode/write_dt=0.000259s
[run_single_root_search_DNN:after_search] dt=28.851s 
[run_single_root_search_DNN:end] total_dt=28.852063s fork_dt=0.000537s search_dt=28.850538s encode/write_dt=0.000988s
[run_single_root_search_DNN:after_search] dt=26.424s 
[run_single_root_search_DNN:end] total_dt=26.425333s fork_dt=0.000516s search_dt=26.424012s encode/write_dt=0.000805s
[run_single_root_search_DNN:after_search] dt=27.286s 
[run_single_root_search_DNN:end] total_dt=27.287270s fork_dt=0.000439s search_dt=27.286110s encode/write_dt=0.000721s
[run_single_root_search_DNN:after_search] dt=27.167s 
[run_single_root_search_DNN:end] total_dt=27.168766s fork_dt=0.000662s search_dt=27.166933s encode/write_dt=0.001171s
[run_single_root_search_DNN:after_search] dt=26.755s 
[run_single_root_search_DNN:end] total_dt=26.756779s fork_dt=0.000439s search_dt=26.755390s encode/write_dt=0.000950s
[run_single_root_search_DNN:after_search] dt=25.978s 
[run_single_root_search_DNN:end] total_dt=25.979758s fork_dt=0.000535s search_dt=25.978491s encode/write_dt=0.000732s
[run_single_root_search_DNN:after_search] dt=26.411s 
[run_single_root_search_DNN:end] total_dt=26.411789s fork_dt=0.000447s search_dt=26.410646s encode/write_dt=0.000695s
[run_single_root_search_DNN:after_search] dt=23.302s 
[run_single_root_search_DNN:end] total_dt=23.303156s fork_dt=0.000358s search_dt=23.302085s encode/write_dt=0.000713s
[run_single_root_search_DNN:after_search] dt=23.342s 
[run_single_root_search_DNN:end] total_dt=23.343289s fork_dt=0.000355s search_dt=23.342231s encode/write_dt=0.000704s
[run_single_root_search_DNN:after_search] dt=23.379s 
[run_single_root_search_DNN:after_search] dt=22.764s 
[run_single_root_search_DNN:end] total_dt=22.765116s fork_dt=0.000296s search_dt=22.764151s encode/write_dt=0.000669s
[run_single_root_search_DNN:after_search] dt=24.547s 
[run_single_root_search_DNN:end] total_dt=24.548056s fork_dt=0.000440s search_dt=24.546904s encode/write_dt=0.000712s
[run_single_root_search_DNN:after_search] dt=25.901s 
[run_single_root_search_DNN:end] total_dt=25.902050s fork_dt=0.000591s search_dt=25.900819s encode/write_dt=0.000640s
[run_single_root_search_DNN:after_search] dt=26.565s 
[run_single_root_search_DNN:end] total_dt=26.566480s fork_dt=0.000496s search_dt=26.565468s encode/write_dt=0.000516s
[run_single_root_search_DNN:after_search] dt=27.220s 
[run_single_root_search_DNN:end] total_dt=27.221125s fork_dt=0.000535s search_dt=27.219807s encode/write_dt=0.000783s
[run_single_root_search_DNN:after_search] dt=26.646s 
[run_single_root_search_DNN:end] total_dt=26.646857s fork_dt=0.000462s search_dt=26.646035s encode/write_dt=0.000360s
[run_single_root_search_DNN:after_search] dt=13.268s 
[run_single_root_search_DNN:end] total_dt=13.268420s fork_dt=0.000503s search_dt=13.267573s encode/write_dt=0.000344s
[run_single_root_search_DNN:after_search] dt=29.677s 
[run_single_root_search_DNN:end] total_dt=29.678151s fork_dt=0.000503s search_dt=29.676728s encode/write_dt=0.000920s
[run_single_root_search_DNN:after_search] dt=27.739s 
[run_single_root_search_DNN:end] total_dt=27.741220s fork_dt=0.000474s search_dt=27.739354s encode/write_dt=0.001391s
[run_single_root_search_DNN:after_search] dt=28.600s 
[run_single_root_search_DNN:end] total_dt=28.600865s fork_dt=0.000461s search_dt=28.599663s encode/write_dt=0.000742s
[run_single_root_search_DNN:after_search] dt=28.844s 
[run_single_root_search_DNN:end] total_dt=28.845749s fork_dt=0.000546s search_dt=28.844420s encode/write_dt=0.000783s
[run_single_root_search_DNN:after_search] dt=28.362s 
[run_single_root_search_DNN:end] total_dt=28.363858s fork_dt=0.000618s search_dt=28.362310s encode/write_dt=0.000931s
[run_single_root_search_DNN:after_search] dt=28.434s 
[run_single_root_search_DNN:end] total_dt=28.435233s fork_dt=0.000524s search_dt=28.433925s encode/write_dt=0.000784s
[run_single_root_search_DNN:after_search] dt=31.593s 
[run_single_root_search_DNN:end] total_dt=31.594129s fork_dt=0.000588s search_dt=31.592671s encode/write_dt=0.000871s
[run_single_root_search_DNN:after_search] dt=29.990s 
[run_single_root_search_DNN:end] total_dt=29.991420s fork_dt=0.000424s search_dt=29.989990s encode/write_dt=0.001007s
[run_single_root_search_DNN:after_search] dt=29.980s 
[run_single_root_search_DNN:end] total_dt=29.980999s fork_dt=0.000429s search_dt=29.979684s encode/write_dt=0.000886s
[run_single_root_search_DNN:after_search] dt=30.487s 
[run_single_root_search_DNN:end] total_dt=30.489049s fork_dt=0.000660s search_dt=30.487307s encode/write_dt=0.001082s
[run_single_root_search_DNN:after_search] dt=30.281s 
[run_single_root_search_DNN:end] total_dt=30.282441s fork_dt=0.000572s search_dt=30.281077s encode/write_dt=0.000792s
[run_single_root_search_DNN:after_search] dt=30.277s 
[run_single_root_search_DNN:end] total_dt=30.278977s fork_dt=0.000799s search_dt=30.277439s encode/write_dt=0.000738s
[run_single_root_search_DNN:after_search] dt=31.332s 
[run_single_root_search_DNN:end] total_dt=31.333556s fork_dt=0.000671s search_dt=31.332051s encode/write_dt=0.000834s
[run_single_root_search_DNN:after_search] dt=30.023s 
[run_single_root_search_DNN:end] total_dt=30.024536s fork_dt=0.000609s search_dt=30.023165s encode/write_dt=0.000762s
[run_single_root_search_DNN:after_search] dt=30.531s 
[run_single_root_search_DNN:end] total_dt=30.532491s fork_dt=0.000627s search_dt=30.531087s encode/write_dt=0.000777s
[run_single_root_search_DNN:after_search] dt=30.077s 
[run_single_root_search_DNN:end] total_dt=30.078969s fork_dt=0.000732s search_dt=30.077021s encode/write_dt=0.001216s
[run_single_root_search_DNN:after_search] dt=29.707s 
[run_single_root_search_DNN:end] total_dt=29.708202s fork_dt=0.000463s search_dt=29.707028s encode/write_dt=0.000711s
[run_single_root_search_DNN:after_search] dt=29.772s 
[run_single_root_search_DNN:end] total_dt=29.773693s fork_dt=0.000602s search_dt=29.772271s encode/write_dt=0.000820s
[run_single_root_search_DNN:after_search] dt=29.683s 
[run_single_root_search_DNN:end] total_dt=29.684532s fork_dt=0.000578s search_dt=29.683120s encode/write_dt=0.000833s
[run_single_root_search_DNN:after_search] dt=29.849s 
[run_single_root_search_DNN:end] total_dt=29.850158s fork_dt=0.000593s search_dt=29.848842s encode/write_dt=0.000723s
[run_single_root_search_DNN:after_search] dt=29.178s 
[run_single_root_search_DNN:end] total_dt=29.179076s fork_dt=0.000713s search_dt=29.177512s encode/write_dt=0.000851s
[run_single_root_search_DNN:after_search] dt=29.408s 
[run_single_root_search_DNN:end] total_dt=29.409875s fork_dt=0.000649s search_dt=29.408313s encode/write_dt=0.000914s
[run_single_root_search_DNN:after_search] dt=28.903s 
[run_single_root_search_DNN:end] total_dt=28.904399s fork_dt=0.000491s search_dt=28.903169s encode/write_dt=0.000739s
[run_single_root_search_DNN:after_search] dt=28.868s 
[run_single_root_search_DNN:end] total_dt=28.869021s fork_dt=0.000479s search_dt=28.867534s encode/write_dt=0.001009s
[run_single_root_search_DNN:after_search] dt=28.892s 
[run_single_root_search_DNN:end] total_dt=28.893074s fork_dt=0.000506s search_dt=28.891707s encode/write_dt=0.000862s
[run_single_root_search_DNN:after_search] dt=28.045s 
[run_single_root_search_DNN:end] total_dt=28.046980s fork_dt=0.000600s search_dt=28.045403s encode/write_dt=0.000978s
[run_single_root_search_DNN:after_search] dt=27.885s 
[run_single_root_search_DNN:end] total_dt=27.886174s fork_dt=0.000561s search_dt=27.884660s encode/write_dt=0.000954s
[run_single_root_search_DNN:after_search] dt=26.325s 
[run_single_root_search_DNN:end] total_dt=26.326924s fork_dt=0.000683s search_dt=26.325425s encode/write_dt=0.000816s
[run_single_root_search_DNN:after_search] dt=26.554s 
[run_single_root_search_DNN:end] total_dt=26.555470s fork_dt=0.000596s search_dt=26.554075s encode/write_dt=0.000799s
[run_single_root_search_DNN:after_search] dt=26.530s 
[run_single_root_search_DNN:end] total_dt=26.531904s fork_dt=0.000677s search_dt=26.530204s encode/write_dt=0.001023s
[run_single_root_search_DNN:after_search] dt=26.373s 
[run_single_root_search_DNN:end] total_dt=26.374587s fork_dt=0.000399s search_dt=26.373456s encode/write_dt=0.000732s
[run_single_root_search_DNN:after_search] dt=25.945s 
[run_single_root_search_DNN:end] total_dt=25.946391s fork_dt=0.000394s search_dt=25.945334s encode/write_dt=0.000662s
[run_single_root_search_DNN:after_search] dt=26.554s 
[run_single_root_search_DNN:end] total_dt=26.555560s fork_dt=0.000610s search_dt=26.554264s encode/write_dt=0.000687s
[run_single_root_search_DNN:after_search] dt=25.580s 
[run_single_root_search_DNN:end] total_dt=25.580651s fork_dt=0.000403s search_dt=25.579702s encode/write_dt=0.000547s
[run_single_root_search_DNN:after_search] dt=25.835s 
[run_single_root_search_DNN:end] total_dt=25.835535s fork_dt=0.000429s search_dt=25.834661s encode/write_dt=0.000444s
[run_single_root_search_DNN:after_search] dt=11.797s 
[run_single_root_search_DNN:end] total_dt=11.797729s fork_dt=0.000540s search_dt=11.796915s encode/write_dt=0.000275s
[run_single_root_search_DNN:after_search] dt=25.382s 
[run_single_root_search_DNN:end] total_dt=25.383086s fork_dt=0.000398s search_dt=25.381996s encode/write_dt=0.000692s
[run_single_root_search_DNN:after_search] dt=22.625s 
[run_single_root_search_DNN:end] total_dt=22.626289s fork_dt=0.000376s search_dt=22.625295s encode/write_dt=0.000618s
[run_single_root_search_DNN:after_search] dt=22.796s 
[run_single_root_search_DNN:end] total_dt=22.796584s fork_dt=0.000381s search_dt=22.795581s encode/write_dt=0.000621s
[run_single_root_search_DNN:after_search] dt=22.171s 
[run_single_root_search_DNN:end] total_dt=22.172307s fork_dt=0.000373s search_dt=22.171302s encode/write_dt=0.000632s
[run_single_root_search_DNN:after_search] dt=22.091s 
[run_single_root_search_DNN:end] total_dt=20.076292s fork_dt=0.000203s search_dt=20.075683s encode/write_dt=0.000407s
[run_single_root_search_DNN:after_search] dt=19.778s 
[run_single_root_search_DNN:end] total_dt=19.778340s fork_dt=0.000250s search_dt=19.777612s encode/write_dt=0.000479s
[run_single_root_search_DNN:after_search] dt=19.448s 
[run_single_root_search_DNN:end] total_dt=19.448903s fork_dt=0.000191s search_dt=19.448291s encode/write_dt=0.000420s
[run_single_root_search_DNN:after_search] dt=5.194s 
[run_single_root_search_DNN:end] total_dt=5.194019s fork_dt=0.000020s search_dt=5.193861s encode/write_dt=0.000137s
[run_single_root_search_DNN:after_search] dt=16.124s 
[run_single_root_search_DNN:end] total_dt=16.124600s fork_dt=0.000113s search_dt=16.124081s encode/write_dt=0.000406s
[run_single_root_search_DNN:after_search] dt=16.657s 
[run_single_root_search_DNN:end] total_dt=16.657433s fork_dt=0.000119s search_dt=16.656900s encode/write_dt=0.000414s
[run_single_root_search_DNN:after_search] dt=17.515s 
[run_single_root_search_DNN:end] total_dt=17.515369s fork_dt=0.000124s search_dt=17.514765s encode/write_dt=0.000480s
[run_single_root_search_DNN:after_search] dt=17.251s 
[run_single_root_search_DNN:end] total_dt=17.251345s fork_dt=0.000127s search_dt=17.250723s encode/write_dt=0.000496s
[run_single_root_search_DNN:after_search] dt=17.859s 
[run_single_root_search_DNN:end] total_dt=17.859687s fork_dt=0.000131s search_dt=17.859121s encode/write_dt=0.000434s
[run_single_root_search_DNN:after_search] dt=18.423s 
[run_single_root_search_DNN:end] total_dt=18.423352s fork_dt=0.000138s search_dt=18.422746s encode/write_dt=0.000468s
[run_single_root_search_DNN:after_search] dt=19.361s 
[run_single_root_search_DNN:end] total_dt=19.361483s fork_dt=0.000150s search_dt=19.360791s encode/write_dt=0.000543s
[run_single_root_search_DNN:after_search] dt=21.174s 
[run_single_root_search_DNN:end] total_dt=21.174357s fork_dt=0.000141s search_dt=21.173650s encode/write_dt=0.000566s
[run_single_root_search_DNN:after_search] dt=22.739s 
[run_single_root_search_DNN:end] total_dt=22.739659s fork_dt=0.000184s search_dt=22.738822s encode/write_dt=0.000653s
[run_single_root_search_DNN:after_search] dt=21.967s 
[run_single_root_search_DNN:end] total_dt=21.967759s fork_dt=0.000175s search_dt=21.967083s encode/write_dt=0.000501s
[run_single_root_search_DNN:after_search] dt=21.729s 
[run_single_root_search_DNN:end] total_dt=21.730195s fork_dt=0.000154s search_dt=21.729430s encode/write_dt=0.000610s
[run_single_root_search_DNN:after_search] dt=21.568s 
[run_single_root_search_DNN:end] total_dt=21.568659s fork_dt=0.000209s search_dt=21.567833s encode/write_dt=0.000618s
[run_single_root_search_DNN:after_search] dt=22.465s 
[run_single_root_search_DNN:end] total_dt=22.465677s fork_dt=0.000205s search_dt=22.465008s encode/write_dt=0.000464s
[run_single_root_search_DNN:after_search] dt=21.164s 
[run_single_root_search_DNN:end] total_dt=21.164519s fork_dt=0.000143s search_dt=21.163736s encode/write_dt=0.000640s
[run_single_root_search_DNN:after_search] dt=21.314s 
[run_single_root_search_DNN:end] total_dt=21.314687s fork_dt=0.000153s search_dt=21.313822s encode/write_dt=0.000713s
[run_single_root_search_DNN:after_search] dt=20.993s 
[run_single_root_search_DNN:end] total_dt=20.993427s fork_dt=0.000155s search_dt=20.992551s encode/write_dt=0.000721s
[run_single_root_search_DNN:after_search] dt=21.748s 
[run_single_root_search_DNN:end] total_dt=21.749192s fork_dt=0.000222s search_dt=21.748178s encode/write_dt=0.000793s
[run_single_root_search_DNN:after_search] dt=21.190s 
[run_single_root_search_DNN:end] total_dt=21.191155s fork_dt=0.000163s search_dt=21.190463s encode/write_dt=0.000529s
[run_single_root_search_DNN:after_search] dt=20.702s 
[run_single_root_search_DNN:end] total_dt=20.702717s fork_dt=0.000206s search_dt=20.701988s encode/write_dt=0.000523s
[run_single_root_search_DNN:after_search] dt=20.699s 
[run_single_root_search_DNN:end] total_dt=20.699727s fork_dt=0.000144s search_dt=20.698648s encode/write_dt=0.000935s
[run_single_root_search_DNN:after_search] dt=20.234s 
[run_single_root_search_DNN:end] total_dt=20.234401s fork_dt=0.000191s search_dt=20.233658s encode/write_dt=0.000552s
[run_single_root_search_DNN:after_search] dt=20.330s 
[run_single_root_search_DNN:end] total_dt=20.331024s fork_dt=0.000200s search_dt=20.330290s encode/write_dt=0.000534s
[run_single_root_search_DNN:after_search] dt=19.303s 
[run_single_root_search_DNN:end] total_dt=19.303519s fork_dt=0.000154s search_dt=19.302779s encode/write_dt=0.000586s
[run_single_root_search_DNN:after_search] dt=19.294s 
[run_single_root_search_DNN:end] total_dt=19.295117s fork_dt=0.000165s search_dt=19.294266s encode/write_dt=0.000685s
[run_single_root_search_DNN:after_search] dt=19.344s 
[run_single_root_search_DNN:end] total_dt=19.344960s fork_dt=0.000205s search_dt=19.344039s encode/write_dt=0.000715s
[run_single_root_search_DNN:after_search] dt=19.930s 
[run_single_root_search_DNN:end] total_dt=19.930365s fork_dt=0.000167s search_dt=19.929705s encode/write_dt=0.000493s
[run_single_root_search_DNN:after_search] dt=19.079s 
[run_single_root_search_DNN:end] total_dt=19.079814s fork_dt=0.000192s search_dt=19.079193s encode/write_dt=0.000429s
[run_single_root_search_DNN:after_search] dt=19.190s 
[run_single_root_search_DNN:end] total_dt=19.191023s fork_dt=0.000206s search_dt=19.190476s encode/write_dt=0.000341s
[run_single_root_search_DNN:after_search] dt=18.256s 
[run_single_root_search_DNN:end] total_dt=18.256312s fork_dt=0.000194s search_dt=18.255841s encode/write_dt=0.000277s
[run_single_root_search_DNN:after_search] dt=18.470s 
[run_single_root_search_DNN:end] total_dt=18.470719s fork_dt=0.000235s search_dt=18.470217s encode/write_dt=0.000268s
[run_single_root_search_DNN:after_search] dt=9.082s 
[run_single_root_search_DNN:end] total_dt=9.082283s fork_dt=0.000142s search_dt=9.081950s encode/write_dt=0.000190s
[run_single_root_search_DNN:after_search] dt=20.262s 
[run_single_root_search_DNN:end] total_dt=20.262854s fork_dt=0.000200s search_dt=20.262027s encode/write_dt=0.000627s
[run_single_root_search_DNN:after_search] dt=19.966s 
[run_single_root_search_DNN:end] total_dt=19.966552s fork_dt=0.000192s search_dt=19.965893s encode/write_dt=0.000467s
[run_single_root_search_DNN:after_search] dt=19.817s 
[run_single_root_search_DNN:end] total_dt=19.817243s fork_dt=0.000167s search_dt=19.816587s encode/write_dt=0.000489s
[run_single_root_search_DNN:after_search] dt=20.646s 
[run_single_root_search_DNN:end] total_dt=20.646826s fork_dt=0.000166s search_dt=20.646246s encode/write_dt=0.000414s
[run_single_root_search_DNN:after_search] dt=19.845s 
[run_single_root_search_DNN:end] total_dt=19.846308s fork_dt=0.000199s search_dt=19.845466s encode/write_dt=0.000643s
[run_single_root_search_DNN:after_search] dt=19.055s 
[run_single_root_search_DNN:end] total_dt=19.055277s fork_dt=0.000214s search_dt=19.054635s encode/write_dt=0.000428s
[run_single_root_search_DNN:after_search] dt=19.729s 
[run_single_root_search_DNN:end] total_dt=19.730121s fork_dt=0.000176s search_dt=19.729457s encode/write_dt=0.000488s
[run_single_root_search_DNN:after_search] dt=18.182s 
[run_single_root_search_DNN:end] total_dt=18.183147s fork_dt=0.000215s search_dt=18.182466s encode/write_dt=0.000466s
[run_single_root_search_DNN:after_search] dt=19.043s 
[run_single_root_search_DNN:end] total_dt=19.044074s fork_dt=0.000259s search_dt=19.043321s encode/write_dt=0.000494s
[run_single_root_search_DNN:after_search] dt=18.798s 
[run_single_root_search_DNN:end] total_dt=18.798921s fork_dt=0.000352s search_dt=18.798244s encode/write_dt=0.000325s
[run_single_root_search_DNN:after_search] dt=17.707s 
[run_single_root_search_DNN:end] total_dt=17.707155s fork_dt=0.000197s search_dt=17.706578s encode/write_dt=0.000380s
[run_single_root_search_DNN:after_search] dt=18.625s 
[run_single_root_search_DNN:end] total_dt=18.625402s fork_dt=0.000215s search_dt=18.624848s encode/write_dt=0.000339s
[run_single_root_search_DNN:after_search] dt=18.643s 
[run_single_root_search_DNN:end] total_dt=22.091948s fork_dt=0.000385s search_dt=22.090920s encode/write_dt=0.000644s
[run_single_root_search_DNN:after_search] dt=19.700s 
[run_single_root_search_DNN:end] total_dt=19.701045s fork_dt=0.000354s search_dt=19.700107s encode/write_dt=0.000585s
[run_single_root_search_DNN:after_search] dt=18.129s 
[run_single_root_search_DNN:end] total_dt=18.129534s fork_dt=0.000349s search_dt=18.128673s encode/write_dt=0.000512s
[run_single_root_search_DNN:after_search] dt=5.765s 
[run_single_root_search_DNN:end] total_dt=5.765255s fork_dt=0.000097s search_dt=5.765013s encode/write_dt=0.000144s
[run_single_root_search_DNN:after_search] dt=14.273s 
[run_single_root_search_DNN:end] total_dt=14.273905s fork_dt=0.000168s search_dt=14.273275s encode/write_dt=0.000461s
[run_single_root_search_DNN:after_search] dt=14.487s 
[run_single_root_search_DNN:end] total_dt=14.487174s fork_dt=0.000196s search_dt=14.486504s encode/write_dt=0.000475s
[run_single_root_search_DNN:after_search] dt=14.948s 
[run_single_root_search_DNN:end] total_dt=14.948508s fork_dt=0.000186s search_dt=14.947842s encode/write_dt=0.000480s
[run_single_root_search_DNN:after_search] dt=14.894s 
[run_single_root_search_DNN:end] total_dt=14.894504s fork_dt=0.000203s search_dt=14.893811s encode/write_dt=0.000490s
[run_single_root_search_DNN:after_search] dt=15.165s 
[run_single_root_search_DNN:end] total_dt=15.165350s fork_dt=0.000190s search_dt=15.164665s encode/write_dt=0.000495s
[run_single_root_search_DNN:after_search] dt=15.718s 
[run_single_root_search_DNN:end] total_dt=15.718764s fork_dt=0.000206s search_dt=15.717988s encode/write_dt=0.000569s
[run_single_root_search_DNN:after_search] dt=16.076s 
[run_single_root_search_DNN:end] total_dt=16.077147s fork_dt=0.000208s search_dt=16.076412s encode/write_dt=0.000528s
[run_single_root_search_DNN:after_search] dt=17.049s 
[run_single_root_search_DNN:end] total_dt=17.049338s fork_dt=0.000220s search_dt=17.048551s encode/write_dt=0.000567s
[run_single_root_search_DNN:after_search] dt=18.707s 
[run_single_root_search_DNN:end] total_dt=18.707470s fork_dt=0.000248s search_dt=18.706599s encode/write_dt=0.000624s
[run_single_root_search_DNN:after_search] dt=20.270s 
[run_single_root_search_DNN:end] total_dt=20.270519s fork_dt=0.000245s search_dt=20.269527s encode/write_dt=0.000747s
[run_single_root_search_DNN:after_search] dt=20.619s 
[run_single_root_search_DNN:end] total_dt=20.619952s fork_dt=0.000232s search_dt=20.619178s encode/write_dt=0.000543s
[run_single_root_search_DNN:after_search] dt=21.936s 
[run_single_root_search_DNN:end] total_dt=21.936457s fork_dt=0.000240s search_dt=21.935677s encode/write_dt=0.000540s
[run_single_root_search_DNN:after_search] dt=23.147s 
[run_single_root_search_DNN:end] total_dt=23.147841s fork_dt=0.000193s search_dt=23.147061s encode/write_dt=0.000587s
[run_single_root_search_DNN:after_search] dt=23.108s 
[run_single_root_search_DNN:end] total_dt=23.109040s fork_dt=0.000233s search_dt=23.108100s encode/write_dt=0.000708s
[run_single_root_search_DNN:after_search] dt=22.957s 
[run_single_root_search_DNN:end] total_dt=22.958117s fork_dt=0.000210s search_dt=22.957309s encode/write_dt=0.000597s
[run_single_root_search_DNN:after_search] dt=22.823s 
[run_single_root_search_DNN:end] total_dt=22.823513s fork_dt=0.000228s search_dt=22.822754s encode/write_dt=0.000530s
[run_single_root_search_DNN:after_search] dt=22.930s 
[run_single_root_search_DNN:end] total_dt=22.931126s fork_dt=0.000207s search_dt=22.930228s encode/write_dt=0.000690s
[run_single_root_search_DNN:after_search] dt=23.583s 
[run_single_root_search_DNN:end] total_dt=23.583998s fork_dt=0.000225s search_dt=23.583092s encode/write_dt=0.000681s
[run_single_root_search_DNN:after_search] dt=23.385s 
[run_single_root_search_DNN:end] total_dt=23.385454s fork_dt=0.000252s search_dt=23.384541s encode/write_dt=0.000661s
[run_single_root_search_DNN:after_search] dt=22.027s 
[run_single_root_search_DNN:end] total_dt=22.027979s fork_dt=0.000299s search_dt=22.026966s encode/write_dt=0.000714s
[run_single_root_search_DNN:after_search] dt=23.022s 
[run_single_root_search_DNN:end] total_dt=23.022561s fork_dt=0.000276s search_dt=23.021596s encode/write_dt=0.000688s
[run_single_root_search_DNN:after_search] dt=22.439s 
[run_single_root_search_DNN:end] total_dt=22.440252s fork_dt=0.000284s search_dt=22.439102s encode/write_dt=0.000865s
[run_single_root_search_DNN:after_search] dt=21.174s 
[run_single_root_search_DNN:end] total_dt=21.174821s fork_dt=0.000302s search_dt=21.173776s encode/write_dt=0.000743s
[run_single_root_search_DNN:after_search] dt=21.570s 
[run_single_root_search_DNN:end] total_dt=21.571671s fork_dt=0.000320s search_dt=21.570492s encode/write_dt=0.000859s
[run_single_root_search_DNN:after_search] dt=21.680s 
[run_single_root_search_DNN:end] total_dt=21.680717s fork_dt=0.000271s search_dt=21.679902s encode/write_dt=0.000543s
[run_single_root_search_DNN:after_search] dt=21.474s 
[run_single_root_search_DNN:end] total_dt=21.475133s fork_dt=0.000242s search_dt=21.474286s encode/write_dt=0.000605s
[run_single_root_search_DNN:after_search] dt=21.075s 
[run_single_root_search_DNN:end] total_dt=21.075940s fork_dt=0.000239s search_dt=21.074983s encode/write_dt=0.000719s
[run_single_root_search_DNN:after_search] dt=21.246s 
[run_single_root_search_DNN:end] total_dt=21.246525s fork_dt=0.000285s search_dt=21.245550s encode/write_dt=0.000691s
[run_single_root_search_DNN:after_search] dt=20.556s 
[run_single_root_search_DNN:end] total_dt=20.557061s fork_dt=0.000255s search_dt=20.556232s encode/write_dt=0.000574s
[run_single_root_search_DNN:after_search] dt=20.531s 
[run_single_root_search_DNN:end] total_dt=20.532086s fork_dt=0.000272s search_dt=20.531153s encode/write_dt=0.000661s
[run_single_root_search_DNN:after_search] dt=20.931s 
[run_single_root_search_DNN:end] total_dt=20.932015s fork_dt=0.000265s search_dt=20.931143s encode/write_dt=0.000607s
[run_single_root_search_DNN:after_search] dt=21.748s 
[run_single_root_search_DNN:end] total_dt=21.748945s fork_dt=0.000367s search_dt=21.748055s encode/write_dt=0.000524s
[run_single_root_search_DNN:after_search] dt=19.504s 
[run_single_root_search_DNN:end] total_dt=19.504805s fork_dt=0.000297s search_dt=19.503777s encode/write_dt=0.000730s
[run_single_root_search_DNN:after_search] dt=20.558s 
[run_single_root_search_DNN:end] total_dt=20.559090s fork_dt=0.000266s search_dt=20.558386s encode/write_dt=0.000438s
[run_single_root_search_DNN:after_search] dt=20.427s 
[run_single_root_search_DNN:end] total_dt=20.427955s fork_dt=0.000277s search_dt=20.427364s encode/write_dt=0.000314s
[run_single_root_search_DNN:after_search] dt=19.491s 
[run_single_root_search_DNN:end] total_dt=19.491744s fork_dt=0.000365s search_dt=19.491128s encode/write_dt=0.000252s
[run_single_root_search_DNN:after_search] dt=10.092s 
[run_single_root_search_DNN:end] total_dt=10.092978s fork_dt=0.000175s search_dt=10.092498s encode/write_dt=0.000305s
[run_single_root_search_DNN:after_search] dt=21.424s 
[run_single_root_search_DNN:end] total_dt=21.424630s fork_dt=0.000323s search_dt=21.423570s encode/write_dt=0.000738s
[run_single_root_search_DNN:after_search] dt=21.874s 
[run_single_root_search_DNN:end] total_dt=21.875519s fork_dt=0.000272s search_dt=21.874298s encode/write_dt=0.000949s
[run_single_root_search_DNN:after_search] dt=21.775s 
[run_single_root_search_DNN:end] total_dt=21.775673s fork_dt=0.000352s search_dt=21.774581s encode/write_dt=0.000740s
[run_single_root_search_DNN:after_search] dt=21.303s 
[run_single_root_search_DNN:end] total_dt=21.304069s fork_dt=0.000266s search_dt=21.303161s encode/write_dt=0.000642s
[run_single_root_search_DNN:after_search] dt=21.262s 
[run_single_root_search_DNN:end] total_dt=21.263464s fork_dt=0.000238s search_dt=21.262441s encode/write_dt=0.000786s
[run_single_root_search_DNN:after_search] dt=21.395s 
[run_single_root_search_DNN:end] total_dt=21.396251s fork_dt=0.000250s search_dt=21.395352s encode/write_dt=0.000649s
[run_single_root_search_DNN:after_search] dt=20.993s 
[run_single_root_search_DNN:end] total_dt=23.379864s fork_dt=0.000344s search_dt=23.378823s encode/write_dt=0.000697s
[run_single_root_search_DNN:after_search] dt=22.635s 
[run_single_root_search_DNN:end] total_dt=22.635975s fork_dt=0.000345s search_dt=22.634995s encode/write_dt=0.000634s
[run_single_root_search_DNN:after_search] dt=20.665s 
[run_single_root_search_DNN:end] total_dt=20.665633s fork_dt=0.000303s search_dt=20.664646s encode/write_dt=0.000684s
[run_single_root_search_DNN:after_search] dt=14.796s 
[run_single_root_search_DNN:end] total_dt=14.796283s fork_dt=0.000089s search_dt=14.795800s encode/write_dt=0.000394s
[run_single_root_search_DNN:after_search] dt=16.342s 
[run_single_root_search_DNN:end] total_dt=16.342860s fork_dt=0.000183s search_dt=16.342254s encode/write_dt=0.000423s
[run_single_root_search_DNN:after_search] dt=15.732s 
[run_single_root_search_DNN:end] total_dt=15.732631s fork_dt=0.000186s search_dt=15.732014s encode/write_dt=0.000431s
[run_single_root_search_DNN:after_search] dt=16.122s 
[run_single_root_search_DNN:end] total_dt=16.123160s fork_dt=0.000170s search_dt=16.122498s encode/write_dt=0.000492s
[run_single_root_search_DNN:after_search] dt=16.280s 
[run_single_root_search_DNN:end] total_dt=16.280528s fork_dt=0.000192s search_dt=16.279831s encode/write_dt=0.000505s
[run_single_root_search_DNN:after_search] dt=16.378s 
[run_single_root_search_DNN:end] total_dt=16.378662s fork_dt=0.000177s search_dt=16.377970s encode/write_dt=0.000516s
[run_single_root_search_DNN:after_search] dt=17.486s 
[run_single_root_search_DNN:end] total_dt=17.486123s fork_dt=0.000172s search_dt=17.485511s encode/write_dt=0.000439s
[run_single_root_search_DNN:after_search] dt=17.967s 
[run_single_root_search_DNN:end] total_dt=17.967488s fork_dt=0.000179s search_dt=17.966717s encode/write_dt=0.000593s
[run_single_root_search_DNN:after_search] dt=19.928s 
[run_single_root_search_DNN:end] total_dt=19.929147s fork_dt=0.000223s search_dt=19.928273s encode/write_dt=0.000651s
[run_single_root_search_DNN:after_search] dt=20.332s 
[run_single_root_search_DNN:end] total_dt=20.332579s fork_dt=0.000231s search_dt=20.331770s encode/write_dt=0.000578s
[run_single_root_search_DNN:after_search] dt=19.882s 
[run_single_root_search_DNN:end] total_dt=19.883329s fork_dt=0.000246s search_dt=19.882486s encode/write_dt=0.000597s
[run_single_root_search_DNN:after_search] dt=19.974s 
[run_single_root_search_DNN:end] total_dt=19.974524s fork_dt=0.000217s search_dt=19.973698s encode/write_dt=0.000609s
[run_single_root_search_DNN:after_search] dt=19.990s 
[run_single_root_search_DNN:end] total_dt=19.991058s fork_dt=0.000266s search_dt=19.990236s encode/write_dt=0.000556s
[run_single_root_search_DNN:after_search] dt=19.722s 
[run_single_root_search_DNN:end] total_dt=19.722577s fork_dt=0.000205s search_dt=19.721737s encode/write_dt=0.000634s
[run_single_root_search_DNN:after_search] dt=19.595s 
[run_single_root_search_DNN:end] total_dt=19.595578s fork_dt=0.000265s search_dt=19.594685s encode/write_dt=0.000628s
[run_single_root_search_DNN:after_search] dt=18.719s 
[run_single_root_search_DNN:end] total_dt=18.720146s fork_dt=0.000210s search_dt=18.719476s encode/write_dt=0.000460s
[run_single_root_search_DNN:after_search] dt=19.427s 
[run_single_root_search_DNN:end] total_dt=19.427649s fork_dt=0.000213s search_dt=19.426993s encode/write_dt=0.000443s
[run_single_root_search_DNN:after_search] dt=18.830s 
[run_single_root_search_DNN:end] total_dt=18.830142s fork_dt=0.000287s search_dt=18.829505s encode/write_dt=0.000350s
[run_single_root_search_DNN:after_search] dt=19.518s 
[run_single_root_search_DNN:end] total_dt=19.518670s fork_dt=0.000248s search_dt=19.518047s encode/write_dt=0.000375s
[run_single_root_search_DNN:after_search] dt=18.790s 
[run_single_root_search_DNN:end] total_dt=18.790324s fork_dt=0.000277s search_dt=18.789717s encode/write_dt=0.000329s
[run_single_root_search_DNN:after_search] dt=10.028s 
[run_single_root_search_DNN:end] total_dt=10.028173s fork_dt=0.000177s search_dt=10.027807s encode/write_dt=0.000189s
[run_single_root_search_DNN:after_search] dt=21.142s 
[run_single_root_search_DNN:end] total_dt=21.143086s fork_dt=0.000203s search_dt=21.142319s encode/write_dt=0.000564s
[run_single_root_search_DNN:after_search] dt=21.380s 
[run_single_root_search_DNN:end] total_dt=21.380668s fork_dt=0.000277s search_dt=21.379666s encode/write_dt=0.000725s
[run_single_root_search_DNN:after_search] dt=21.309s 
[run_single_root_search_DNN:end] total_dt=21.310293s fork_dt=0.000332s search_dt=21.309369s encode/write_dt=0.000592s
[run_single_root_search_DNN:after_search] dt=20.519s 
[run_single_root_search_DNN:end] total_dt=20.520154s fork_dt=0.000235s search_dt=20.519113s encode/write_dt=0.000805s
[run_single_root_search_DNN:after_search] dt=20.699s 
[run_single_root_search_DNN:end] total_dt=20.699983s fork_dt=0.000291s search_dt=20.699119s encode/write_dt=0.000574s
[run_single_root_search_DNN:after_search] dt=20.728s 
[run_single_root_search_DNN:end] total_dt=20.728908s fork_dt=0.000225s search_dt=20.728064s encode/write_dt=0.000618s
[run_single_root_search_DNN:after_search] dt=21.203s 
[run_single_root_search_DNN:end] total_dt=21.204178s fork_dt=0.000341s search_dt=21.203127s encode/write_dt=0.000710s
[run_single_root_search_DNN:after_search] dt=21.141s 
[run_single_root_search_DNN:end] total_dt=21.142481s fork_dt=0.000241s search_dt=21.141483s encode/write_dt=0.000758s
[run_single_root_search_DNN:after_search] dt=23.055s 
[run_single_root_search_DNN:end] total_dt=23.055532s fork_dt=0.000256s search_dt=23.054635s encode/write_dt=0.000640s
[run_single_root_search_DNN:after_search] dt=22.940s 
[run_single_root_search_DNN:end] total_dt=22.941403s fork_dt=0.000252s search_dt=22.940170s encode/write_dt=0.000980s
[run_single_root_search_DNN:after_search] dt=24.094s 
[run_single_root_search_DNN:end] total_dt=24.094964s fork_dt=0.000279s search_dt=24.094037s encode/write_dt=0.000649s
[run_single_root_search_DNN:after_search] dt=25.159s 
[run_single_root_search_DNN:end] total_dt=25.160039s fork_dt=0.000224s search_dt=25.158917s encode/write_dt=0.000897s
[run_single_root_search_DNN:after_search] dt=25.231s 
[run_single_root_search_DNN:end] total_dt=25.232373s fork_dt=0.000249s search_dt=25.231420s encode/write_dt=0.000704s
[run_single_root_search_DNN:after_search] dt=24.758s 
[run_single_root_search_DNN:end] total_dt=24.759056s fork_dt=0.000224s search_dt=24.758070s encode/write_dt=0.000762s
[run_single_root_search_DNN:after_search] dt=25.348s 
[run_single_root_search_DNN:end] total_dt=25.349261s fork_dt=0.000282s search_dt=25.348363s encode/write_dt=0.000617s
[run_single_root_search_DNN:after_search] dt=24.687s 
[run_single_root_search_DNN:end] total_dt=24.688126s fork_dt=0.000209s search_dt=24.687299s encode/write_dt=0.000618s
[run_single_root_search_DNN:after_search] dt=24.652s 
[run_single_root_search_DNN:end] total_dt=24.653155s fork_dt=0.000372s search_dt=24.652048s encode/write_dt=0.000735s
[run_single_root_search_DNN:after_search] dt=25.871s 
[run_single_root_search_DNN:end] total_dt=25.872188s fork_dt=0.000288s search_dt=25.870972s encode/write_dt=0.000928s
[run_single_root_search_DNN:after_search] dt=24.918s 
[run_single_root_search_DNN:end] total_dt=24.919369s fork_dt=0.000267s search_dt=24.918330s encode/write_dt=0.000772s
[run_single_root_search_DNN:after_search] dt=24.380s 
[run_single_root_search_DNN:end] total_dt=24.381075s fork_dt=0.000198s search_dt=24.380151s encode/write_dt=0.000727s
[run_single_root_search_DNN:after_search] dt=23.912s 
[run_single_root_search_DNN:end] total_dt=23.913286s fork_dt=0.000277s search_dt=23.912114s encode/write_dt=0.000895s
[run_single_root_search_DNN:after_search] dt=23.543s 
[run_single_root_search_DNN:end] total_dt=23.544253s fork_dt=0.000345s search_dt=23.543186s encode/write_dt=0.000722s
[run_single_root_search_DNN:after_search] dt=23.279s 
[run_single_root_search_DNN:end] total_dt=23.279640s fork_dt=0.000302s search_dt=23.278672s encode/write_dt=0.000666s
[run_single_root_search_DNN:after_search] dt=23.262s 
[run_single_root_search_DNN:end] total_dt=22.937179s fork_dt=0.000372s search_dt=22.936098s encode/write_dt=0.000709s
[run_single_root_search_DNN:after_search] dt=22.107s 
[run_single_root_search_DNN:end] total_dt=22.108826s fork_dt=0.000326s search_dt=22.107235s encode/write_dt=0.001266s
[run_single_root_search_DNN:after_search] dt=21.314s 
[run_single_root_search_DNN:end] total_dt=21.315020s fork_dt=0.000320s search_dt=21.313985s encode/write_dt=0.000716s
[run_single_root_search_DNN:after_search] dt=15.212s 
[run_single_root_search_DNN:end] total_dt=15.212694s fork_dt=0.000132s search_dt=15.212296s encode/write_dt=0.000266s
[run_single_root_search_DNN:after_search] dt=15.658s 
[run_single_root_search_DNN:end] total_dt=15.658940s fork_dt=0.000201s search_dt=15.658480s encode/write_dt=0.000259s
[run_single_root_search_DNN:after_search] dt=8.065s 
[run_single_root_search_DNN:end] total_dt=8.065464s fork_dt=0.000190s search_dt=8.065048s encode/write_dt=0.000226s
[run_single_root_search_DNN:after_search] dt=19.563s 
[run_single_root_search_DNN:end] total_dt=19.563393s fork_dt=0.000243s search_dt=19.562530s encode/write_dt=0.000620s
[run_single_root_search_DNN:after_search] dt=18.555s 
[run_single_root_search_DNN:end] total_dt=18.556086s fork_dt=0.000260s search_dt=18.555208s encode/write_dt=0.000617s
[run_single_root_search_DNN:after_search] dt=18.991s 
[run_single_root_search_DNN:end] total_dt=18.991598s fork_dt=0.000257s search_dt=18.990683s encode/write_dt=0.000657s
[run_single_root_search_DNN:after_search] dt=19.584s 
[run_single_root_search_DNN:end] total_dt=19.584973s fork_dt=0.000263s search_dt=19.583914s encode/write_dt=0.000796s
[run_single_root_search_DNN:after_search] dt=21.707s 
[run_single_root_search_DNN:end] total_dt=21.708326s fork_dt=0.000292s search_dt=21.707310s encode/write_dt=0.000724s
[run_single_root_search_DNN:after_search] dt=24.468s 
[run_single_root_search_DNN:end] total_dt=24.469066s fork_dt=0.000314s search_dt=24.467750s encode/write_dt=0.001002s
[run_single_root_search_DNN:after_search] dt=26.937s 
[run_single_root_search_DNN:end] total_dt=26.938470s fork_dt=0.000370s search_dt=26.937373s encode/write_dt=0.000726s
[run_single_root_search_DNN:after_search] dt=25.687s 
[run_single_root_search_DNN:end] total_dt=25.688335s fork_dt=0.000332s search_dt=25.687203s encode/write_dt=0.000800s
[run_single_root_search_DNN:after_search] dt=25.336s 
[run_single_root_search_DNN:end] total_dt=25.337083s fork_dt=0.000434s search_dt=25.336019s encode/write_dt=0.000630s
[run_single_root_search_DNN:after_search] dt=26.130s 
[run_single_root_search_DNN:end] total_dt=26.130629s fork_dt=0.000337s search_dt=26.129564s encode/write_dt=0.000727s
[run_single_root_search_DNN:after_search] dt=25.997s 
[run_single_root_search_DNN:end] total_dt=25.998289s fork_dt=0.000409s search_dt=25.997122s encode/write_dt=0.000757s
[run_single_root_search_DNN:after_search] dt=26.978s 
[run_single_root_search_DNN:end] total_dt=26.978509s fork_dt=0.000263s search_dt=26.977561s encode/write_dt=0.000684s
[run_single_root_search_DNN:after_search] dt=27.942s 
[run_single_root_search_DNN:end] total_dt=27.943172s fork_dt=0.000301s search_dt=27.941999s encode/write_dt=0.000872s
[run_single_root_search_DNN:after_search] dt=27.734s 
[run_single_root_search_DNN:end] total_dt=27.735764s fork_dt=0.000317s search_dt=27.734437s encode/write_dt=0.001010s
[run_single_root_search_DNN:after_search] dt=26.687s 
[run_single_root_search_DNN:end] total_dt=26.688567s fork_dt=0.000328s search_dt=26.687482s encode/write_dt=0.000757s
[run_single_root_search_DNN:after_search] dt=26.501s 
[run_single_root_search_DNN:end] total_dt=26.502568s fork_dt=0.000406s search_dt=26.501094s encode/write_dt=0.001068s
[run_single_root_search_DNN:after_search] dt=26.712s 
[run_single_root_search_DNN:end] total_dt=26.712813s fork_dt=0.000422s search_dt=26.711698s encode/write_dt=0.000692s
[run_single_root_search_DNN:after_search] dt=25.953s 
[run_single_root_search_DNN:end] total_dt=25.953873s fork_dt=0.000407s search_dt=25.952820s encode/write_dt=0.000646s
[run_single_root_search_DNN:after_search] dt=27.231s 
[run_single_root_search_DNN:end] total_dt=27.231985s fork_dt=0.000414s search_dt=27.230924s encode/write_dt=0.000647s
[run_single_root_search_DNN:after_search] dt=26.075s 
[run_single_root_search_DNN:end] total_dt=26.076149s fork_dt=0.000421s search_dt=26.074642s encode/write_dt=0.001086s
[run_single_root_search_DNN:after_search] dt=26.498s 
[run_single_root_search_DNN:end] total_dt=26.499254s fork_dt=0.000324s search_dt=26.498279s encode/write_dt=0.000651s
[run_single_root_search_DNN:after_search] dt=25.427s 
[run_single_root_search_DNN:end] total_dt=25.428062s fork_dt=0.000401s search_dt=25.426735s encode/write_dt=0.000927s
[run_single_root_search_DNN:after_search] dt=26.074s 
[run_single_root_search_DNN:end] total_dt=26.075561s fork_dt=0.000402s search_dt=26.074469s encode/write_dt=0.000691s
[run_single_root_search_DNN:after_search] dt=26.075s 
[run_single_root_search_DNN:end] total_dt=26.075681s fork_dt=0.000296s search_dt=26.074640s encode/write_dt=0.000745s
[run_single_root_search_DNN:after_search] dt=25.766s 
[run_single_root_search_DNN:end] total_dt=25.767246s fork_dt=0.000399s search_dt=25.766133s encode/write_dt=0.000713s
[run_single_root_search_DNN:after_search] dt=25.628s 
[run_single_root_search_DNN:end] total_dt=25.629072s fork_dt=0.000300s search_dt=25.628072s encode/write_dt=0.000700s
[run_single_root_search_DNN:after_search] dt=24.660s 
[run_single_root_search_DNN:end] total_dt=24.661141s fork_dt=0.000399s search_dt=24.660088s encode/write_dt=0.000654s
[run_single_root_search_DNN:after_search] dt=24.757s 
[run_single_root_search_DNN:end] total_dt=24.758019s fork_dt=0.000434s search_dt=24.756506s encode/write_dt=0.001079s
[run_single_root_search_DNN:after_search] dt=23.963s 
[run_single_root_search_DNN:end] total_dt=23.963943s fork_dt=0.000275s search_dt=23.962934s encode/write_dt=0.000734s
[run_single_root_search_DNN:after_search] dt=24.690s 
[run_single_root_search_DNN:end] total_dt=24.691324s fork_dt=0.000376s search_dt=24.690076s encode/write_dt=0.000872s
[run_single_root_search_DNN:after_search] dt=25.258s 
[run_single_root_search_DNN:end] total_dt=25.259194s fork_dt=0.000302s search_dt=25.258009s encode/write_dt=0.000882s
[run_single_root_search_DNN:after_search] dt=24.153s 
[run_single_root_search_DNN:end] total_dt=24.154430s fork_dt=0.000444s search_dt=24.153393s encode/write_dt=0.000593s
[run_single_root_search_DNN:after_search] dt=24.729s 
[run_single_root_search_DNN:end] total_dt=24.730226s fork_dt=0.000323s search_dt=24.729182s encode/write_dt=0.000721s
[run_single_root_search_DNN:after_search] dt=24.047s 
[run_single_root_search_DNN:end] total_dt=24.047880s fork_dt=0.000441s search_dt=24.046828s encode/write_dt=0.000610s
[run_single_root_search_DNN:after_search] dt=23.378s 
[run_single_root_search_DNN:end] total_dt=23.378798s fork_dt=0.000316s search_dt=23.377956s encode/write_dt=0.000525s
[run_single_root_search_DNN:after_search] dt=23.900s 
[run_single_root_search_DNN:end] total_dt=23.901078s fork_dt=0.000343s search_dt=23.900405s encode/write_dt=0.000331s
[run_single_root_search_DNN:after_search] dt=10.826s 
[run_single_root_search_DNN:end] total_dt=10.826394s fork_dt=0.000316s search_dt=10.825852s encode/write_dt=0.000227s
[run_single_root_search_DNN:after_search] dt=24.474s 
[run_single_root_search_DNN:end] total_dt=24.475427s fork_dt=0.000358s search_dt=24.474383s encode/write_dt=0.000686s
[run_single_root_search_DNN:after_search] dt=23.770s 
[run_single_root_search_DNN:end] total_dt=23.771297s fork_dt=0.000471s search_dt=23.770009s encode/write_dt=0.000817s
[run_single_root_search_DNN:after_search] dt=22.417s 
[run_single_root_search_DNN:end] total_dt=22.418662s fork_dt=0.000462s search_dt=22.417334s encode/write_dt=0.000866s
[run_single_root_search_DNN:after_search] dt=22.434s 
[run_single_root_search_DNN:end] total_dt=22.435180s fork_dt=0.000356s search_dt=22.434153s encode/write_dt=0.000671s
[run_single_root_search_DNN:after_search] dt=21.235s 
[run_single_root_search_DNN:end] total_dt=20.979400s fork_dt=0.000302s search_dt=20.978448s encode/write_dt=0.000649s
[run_single_root_search_DNN:after_search] dt=20.685s 
[run_single_root_search_DNN:end] total_dt=20.685922s fork_dt=0.000292s search_dt=20.684987s encode/write_dt=0.000643s
[run_single_root_search_DNN:after_search] dt=20.871s 
[run_single_root_search_DNN:end] total_dt=20.872326s fork_dt=0.000300s search_dt=20.871389s encode/write_dt=0.000637s
[run_single_root_search_DNN:after_search] dt=17.140s 
[run_single_root_search_DNN:end] total_dt=17.140549s fork_dt=0.000139s search_dt=17.139945s encode/write_dt=0.000465s
[run_single_root_search_DNN:after_search] dt=18.376s 
[run_single_root_search_DNN:end] total_dt=18.377142s fork_dt=0.000209s search_dt=18.376461s encode/write_dt=0.000472s
[run_single_root_search_DNN:after_search] dt=18.185s 
[run_single_root_search_DNN:end] total_dt=18.186230s fork_dt=0.000218s search_dt=18.185478s encode/write_dt=0.000533s
[run_single_root_search_DNN:after_search] dt=19.254s 
[run_single_root_search_DNN:end] total_dt=19.254803s fork_dt=0.000220s search_dt=19.254081s encode/write_dt=0.000502s
[run_single_root_search_DNN:after_search] dt=19.024s 
[run_single_root_search_DNN:end] total_dt=19.024554s fork_dt=0.000223s search_dt=19.023809s encode/write_dt=0.000522s
[run_single_root_search_DNN:after_search] dt=18.890s 
[run_single_root_search_DNN:end] total_dt=18.890585s fork_dt=0.000218s search_dt=18.889813s encode/write_dt=0.000554s
[run_single_root_search_DNN:after_search] dt=20.491s 
[run_single_root_search_DNN:end] total_dt=20.492330s fork_dt=0.000230s search_dt=20.491464s encode/write_dt=0.000635s
[run_single_root_search_DNN:after_search] dt=22.071s 
[run_single_root_search_DNN:end] total_dt=22.071998s fork_dt=0.000257s search_dt=22.071164s encode/write_dt=0.000577s
[run_single_root_search_DNN:after_search] dt=23.318s 
[run_single_root_search_DNN:end] total_dt=23.318774s fork_dt=0.000435s search_dt=23.317720s encode/write_dt=0.000620s
[run_single_root_search_DNN:after_search] dt=23.062s 
[run_single_root_search_DNN:end] total_dt=23.062880s fork_dt=0.000302s search_dt=23.062008s encode/write_dt=0.000570s
[run_single_root_search_DNN:after_search] dt=22.978s 
[run_single_root_search_DNN:end] total_dt=22.978645s fork_dt=0.000351s search_dt=22.977740s encode/write_dt=0.000554s
[run_single_root_search_DNN:after_search] dt=23.781s 
[run_single_root_search_DNN:end] total_dt=23.781880s fork_dt=0.000344s search_dt=23.781046s encode/write_dt=0.000490s
[run_single_root_search_DNN:after_search] dt=22.724s 
[run_single_root_search_DNN:end] total_dt=22.725393s fork_dt=0.000325s search_dt=22.724437s encode/write_dt=0.000631s
[run_single_root_search_DNN:after_search] dt=22.383s 
[run_single_root_search_DNN:end] total_dt=22.384031s fork_dt=0.000403s search_dt=22.382835s encode/write_dt=0.000794s
[run_single_root_search_DNN:after_search] dt=22.890s 
[run_single_root_search_DNN:end] total_dt=22.890740s fork_dt=0.000247s search_dt=22.889836s encode/write_dt=0.000657s
[run_single_root_search_DNN:after_search] dt=22.746s 
[run_single_root_search_DNN:end] total_dt=22.746536s fork_dt=0.000260s search_dt=22.745658s encode/write_dt=0.000618s
[run_single_root_search_DNN:after_search] dt=22.389s 
[run_single_root_search_DNN:end] total_dt=22.389726s fork_dt=0.000280s search_dt=22.388944s encode/write_dt=0.000503s
[run_single_root_search_DNN:after_search] dt=22.352s 
[run_single_root_search_DNN:end] total_dt=22.352756s fork_dt=0.000375s search_dt=22.351979s encode/write_dt=0.000401s
[run_single_root_search_DNN:after_search] dt=22.456s 
[run_single_root_search_DNN:end] total_dt=22.456953s fork_dt=0.000357s search_dt=22.456201s encode/write_dt=0.000396s
[run_single_root_search_DNN:after_search] dt=22.438s 
[run_single_root_search_DNN:end] total_dt=22.439175s fork_dt=0.000413s search_dt=22.438416s encode/write_dt=0.000346s
[run_single_root_search_DNN:after_search] dt=11.191s 
[run_single_root_search_DNN:end] total_dt=11.191243s fork_dt=0.000349s search_dt=11.190665s encode/write_dt=0.000229s
[run_single_root_search_DNN:after_search] dt=26.899s 
[run_single_root_search_DNN:end] total_dt=26.899679s fork_dt=0.000281s search_dt=26.898728s encode/write_dt=0.000669s
[run_single_root_search_DNN:after_search] dt=24.091s 
[run_single_root_search_DNN:end] total_dt=24.092645s fork_dt=0.000307s search_dt=24.091473s encode/write_dt=0.000865s
[run_single_root_search_DNN:after_search] dt=24.871s 
[run_single_root_search_DNN:end] total_dt=24.872520s fork_dt=0.000405s search_dt=24.871476s encode/write_dt=0.000639s
[run_single_root_search_DNN:after_search] dt=24.516s 
[run_single_root_search_DNN:end] total_dt=24.517193s fork_dt=0.000442s search_dt=24.515769s encode/write_dt=0.000982s
[run_single_root_search_DNN:after_search] dt=25.684s 
[run_single_root_search_DNN:end] total_dt=25.685612s fork_dt=0.000500s search_dt=25.684365s encode/write_dt=0.000748s
[run_single_root_search_DNN:after_search] dt=26.777s 
[run_single_root_search_DNN:end] total_dt=26.778592s fork_dt=0.000388s search_dt=26.777447s encode/write_dt=0.000758s
[run_single_root_search_DNN:after_search] dt=28.888s 
[run_single_root_search_DNN:end] total_dt=28.889464s fork_dt=0.000328s search_dt=28.888473s encode/write_dt=0.000663s
[run_single_root_search_DNN:after_search] dt=27.390s 
[run_single_root_search_DNN:end] total_dt=27.390547s fork_dt=0.000304s search_dt=27.389534s encode/write_dt=0.000709s
[run_single_root_search_DNN:after_search] dt=27.050s 
[run_single_root_search_DNN:end] total_dt=27.050818s fork_dt=0.000337s search_dt=27.049674s encode/write_dt=0.000807s
[run_single_root_search_DNN:after_search] dt=26.912s 
[run_single_root_search_DNN:end] total_dt=26.913018s fork_dt=0.000445s search_dt=26.911879s encode/write_dt=0.000694s
[run_single_root_search_DNN:after_search] dt=27.613s 
[run_single_root_search_DNN:end] total_dt=27.614404s fork_dt=0.000428s search_dt=27.612968s encode/write_dt=0.001008s
[run_single_root_search_DNN:after_search] dt=26.866s 
[run_single_root_search_DNN:end] total_dt=26.866814s fork_dt=0.000282s search_dt=26.865838s encode/write_dt=0.000694s
[run_single_root_search_DNN:after_search] dt=28.475s 
[run_single_root_search_DNN:end] total_dt=28.475786s fork_dt=0.000411s search_dt=28.474693s encode/write_dt=0.000682s
[run_single_root_search_DNN:after_search] dt=27.925s 
[run_single_root_search_DNN:end] total_dt=27.926900s fork_dt=0.000575s search_dt=27.925477s encode/write_dt=0.000849s
[run_single_root_search_DNN:after_search] dt=27.392s 
[run_single_root_search_DNN:end] total_dt=27.393650s fork_dt=0.000473s search_dt=27.392456s encode/write_dt=0.000720s
[run_single_root_search_DNN:after_search] dt=27.262s 
[run_single_root_search_DNN:end] total_dt=27.263278s fork_dt=0.000286s search_dt=27.262260s encode/write_dt=0.000731s
[run_single_root_search_DNN:after_search] dt=27.271s 
[run_single_root_search_DNN:end] total_dt=27.272414s fork_dt=0.000305s search_dt=27.271477s encode/write_dt=0.000632s
[run_single_root_search_DNN:after_search] dt=26.994s 
[run_single_root_search_DNN:end] total_dt=26.994942s fork_dt=0.000418s search_dt=26.993602s encode/write_dt=0.000922s
[run_single_root_search_DNN:after_search] dt=27.329s 
[run_single_root_search_DNN:end] total_dt=27.330522s fork_dt=0.000313s search_dt=27.329423s encode/write_dt=0.000785s
[run_single_root_search_DNN:after_search] dt=24.696s 
[run_single_root_search_DNN:end] total_dt=24.697178s fork_dt=0.000296s search_dt=24.696037s encode/write_dt=0.000845s
[run_single_root_search_DNN:after_search] dt=24.765s 
[run_single_root_search_DNN:end] total_dt=24.766187s fork_dt=0.000338s search_dt=24.765185s encode/write_dt=0.000665s
[run_single_root_search_DNN:after_search] dt=23.053s 
[run_single_root_search_DNN:end] total_dt=23.054531s fork_dt=0.000409s search_dt=23.053460s encode/write_dt=0.000661s
[run_single_root_search_DNN:after_search] dt=22.123s 
[run_single_root_search_DNN:end] total_dt=22.123628s fork_dt=0.000281s search_dt=22.122695s encode/write_dt=0.000652s
[run_single_root_search_DNN:after_search] dt=20.854s 
[run_single_root_search_DNN:end] total_dt=25.634936s fork_dt=0.000395s search_dt=25.633883s encode/write_dt=0.000658s
[run_single_root_search_DNN:after_search] dt=24.490s 
[run_single_root_search_DNN:end] total_dt=24.491112s fork_dt=0.000386s search_dt=24.490046s encode/write_dt=0.000680s
[run_single_root_search_DNN:after_search] dt=24.051s 
[run_single_root_search_DNN:end] total_dt=24.052193s fork_dt=0.000333s search_dt=24.051165s encode/write_dt=0.000695s
[run_single_root_search_DNN:after_search] dt=16.234s 
[run_single_root_search_DNN:end] total_dt=16.234741s fork_dt=0.000157s search_dt=16.234139s encode/write_dt=0.000445s
[run_single_root_search_DNN:after_search] dt=16.621s 
[run_single_root_search_DNN:end] total_dt=16.622044s fork_dt=0.000234s search_dt=16.621435s encode/write_dt=0.000374s
[run_single_root_search_DNN:after_search] dt=17.115s 
[run_single_root_search_DNN:end] total_dt=17.115941s fork_dt=0.000238s search_dt=17.115331s encode/write_dt=0.000372s
[run_single_root_search_DNN:after_search] dt=17.697s 
[run_single_root_search_DNN:end] total_dt=17.697609s fork_dt=0.000235s search_dt=17.697036s encode/write_dt=0.000339s
[run_single_root_search_DNN:after_search] dt=18.464s 
[run_single_root_search_DNN:end] total_dt=18.464520s fork_dt=0.000246s search_dt=18.463980s encode/write_dt=0.000294s
[run_single_root_search_DNN:after_search] dt=8.640s 
[run_single_root_search_DNN:end] total_dt=8.640747s fork_dt=0.000235s search_dt=8.640285s encode/write_dt=0.000228s
[run_single_root_search_DNN:after_search] dt=20.478s 
[run_single_root_search_DNN:end] total_dt=20.479333s fork_dt=0.000288s search_dt=20.478332s encode/write_dt=0.000713s
[run_single_root_search_DNN:after_search] dt=21.973s 
[run_single_root_search_DNN:end] total_dt=21.973795s fork_dt=0.000325s search_dt=21.972671s encode/write_dt=0.000799s
[run_single_root_search_DNN:after_search] dt=24.455s 
[run_single_root_search_DNN:end] total_dt=24.456827s fork_dt=0.000354s search_dt=24.455435s encode/write_dt=0.001039s
[run_single_root_search_DNN:after_search] dt=24.105s 
[run_single_root_search_DNN:end] total_dt=24.105913s fork_dt=0.000426s search_dt=24.104570s encode/write_dt=0.000917s
[run_single_root_search_DNN:after_search] dt=25.440s 
[run_single_root_search_DNN:end] total_dt=25.441410s fork_dt=0.000456s search_dt=25.440160s encode/write_dt=0.000794s
[run_single_root_search_DNN:after_search] dt=25.491s 
[run_single_root_search_DNN:end] total_dt=25.492195s fork_dt=0.000379s search_dt=25.490961s encode/write_dt=0.000854s
[run_single_root_search_DNN:after_search] dt=28.335s 
[run_single_root_search_DNN:end] total_dt=28.335964s fork_dt=0.000389s search_dt=28.334844s encode/write_dt=0.000731s
[run_single_root_search_DNN:after_search] dt=26.013s 
[run_single_root_search_DNN:end] total_dt=26.014664s fork_dt=0.000304s search_dt=26.013214s encode/write_dt=0.001146s
[run_single_root_search_DNN:after_search] dt=26.503s 
[run_single_root_search_DNN:end] total_dt=26.503921s fork_dt=0.000401s search_dt=26.502813s encode/write_dt=0.000707s
[run_single_root_search_DNN:after_search] dt=27.381s 
[run_single_root_search_DNN:end] total_dt=27.382088s fork_dt=0.000503s search_dt=27.380880s encode/write_dt=0.000705s
[run_single_root_search_DNN:after_search] dt=27.485s 
[run_single_root_search_DNN:end] total_dt=27.487025s fork_dt=0.000434s search_dt=27.485500s encode/write_dt=0.001090s
[run_single_root_search_DNN:after_search] dt=26.364s 
[run_single_root_search_DNN:end] total_dt=26.365252s fork_dt=0.000361s search_dt=26.364166s encode/write_dt=0.000726s
[run_single_root_search_DNN:after_search] dt=29.476s 
[run_single_root_search_DNN:end] total_dt=29.476904s fork_dt=0.000443s search_dt=29.475816s encode/write_dt=0.000645s
[run_single_root_search_DNN:after_search] dt=28.225s 
[run_single_root_search_DNN:end] total_dt=28.226291s fork_dt=0.000392s search_dt=28.225241s encode/write_dt=0.000658s
[run_single_root_search_DNN:after_search] dt=27.054s 
[run_single_root_search_DNN:end] total_dt=27.055466s fork_dt=0.000513s search_dt=27.054073s encode/write_dt=0.000880s
[run_single_root_search_DNN:after_search] dt=27.525s 
[run_single_root_search_DNN:end] total_dt=27.526412s fork_dt=0.000410s search_dt=27.525076s encode/write_dt=0.000926s
[run_single_root_search_DNN:after_search] dt=27.455s 
[run_single_root_search_DNN:end] total_dt=27.456268s fork_dt=0.000341s search_dt=27.455018s encode/write_dt=0.000909s
[run_single_root_search_DNN:after_search] dt=27.288s 
[run_single_root_search_DNN:end] total_dt=27.289683s fork_dt=0.000582s search_dt=27.288390s encode/write_dt=0.000711s
[run_single_root_search_DNN:after_search] dt=28.009s 
[run_single_root_search_DNN:end] total_dt=28.009888s fork_dt=0.000393s search_dt=28.008679s encode/write_dt=0.000816s
[run_single_root_search_DNN:after_search] dt=27.477s 
[run_single_root_search_DNN:end] total_dt=27.478503s fork_dt=0.000496s search_dt=27.476871s encode/write_dt=0.001136s
[run_single_root_search_DNN:after_search] dt=26.968s 
[run_single_root_search_DNN:end] total_dt=26.969214s fork_dt=0.000340s search_dt=26.968119s encode/write_dt=0.000755s
[run_single_root_search_DNN:after_search] dt=26.512s 
[run_single_root_search_DNN:end] total_dt=26.513121s fork_dt=0.000347s search_dt=26.511631s encode/write_dt=0.001142s
[run_single_root_search_DNN:after_search] dt=26.158s 
[run_single_root_search_DNN:end] total_dt=26.159232s fork_dt=0.000428s search_dt=26.158118s encode/write_dt=0.000686s
[run_single_root_search_DNN:after_search] dt=27.026s 
[run_single_root_search_DNN:end] total_dt=27.027315s fork_dt=0.000466s search_dt=27.025810s encode/write_dt=0.001039s
[run_single_root_search_DNN:after_search] dt=26.408s 
[run_single_root_search_DNN:end] total_dt=26.409226s fork_dt=0.000528s search_dt=26.407727s encode/write_dt=0.000970s
[run_single_root_search_DNN:after_search] dt=25.936s 
[run_single_root_search_DNN:end] total_dt=25.937429s fork_dt=0.000352s search_dt=25.936376s encode/write_dt=0.000701s
[run_single_root_search_DNN:after_search] dt=25.798s 
[run_single_root_search_DNN:end] total_dt=25.799535s fork_dt=0.000497s search_dt=25.798176s encode/write_dt=0.000862s
[run_single_root_search_DNN:after_search] dt=26.137s 
[run_single_root_search_DNN:end] total_dt=26.138306s fork_dt=0.000459s search_dt=26.136972s encode/write_dt=0.000874s
[run_single_root_search_DNN:after_search] dt=25.294s 
[run_single_root_search_DNN:end] total_dt=25.295200s fork_dt=0.000361s search_dt=25.293848s encode/write_dt=0.000991s
[run_single_root_search_DNN:after_search] dt=24.876s 
[run_single_root_search_DNN:end] total_dt=24.877375s fork_dt=0.000373s search_dt=24.876316s encode/write_dt=0.000686s
[run_single_root_search_DNN:after_search] dt=25.547s 
[run_single_root_search_DNN:end] total_dt=25.547929s fork_dt=0.000355s search_dt=25.546506s encode/write_dt=0.001067s
[run_single_root_search_DNN:after_search] dt=25.772s 
[run_single_root_search_DNN:end] total_dt=25.773543s fork_dt=0.000397s search_dt=25.772455s encode/write_dt=0.000691s
[run_single_root_search_DNN:after_search] dt=24.405s 
[run_single_root_search_DNN:end] total_dt=24.405804s fork_dt=0.000323s search_dt=24.404910s encode/write_dt=0.000571s
[run_single_root_search_DNN:after_search] dt=23.444s 
[run_single_root_search_DNN:end] total_dt=23.444462s fork_dt=0.000456s search_dt=23.443525s encode/write_dt=0.000480s
[run_single_root_search_DNN:after_search] dt=23.792s 
[run_single_root_search_DNN:end] total_dt=23.792624s fork_dt=0.000382s search_dt=23.791778s encode/write_dt=0.000464s
[run_single_root_search_DNN:after_search] dt=22.195s 
[run_single_root_search_DNN:end] total_dt=22.195223s fork_dt=0.000302s search_dt=22.194585s encode/write_dt=0.000336s
[run_single_root_search_DNN:after_search] dt=10.459s 
[run_single_root_search_DNN:end] total_dt=10.459273s fork_dt=0.000372s search_dt=10.458671s encode/write_dt=0.000231s
[run_single_root_search_DNN:after_search] dt=21.532s 
[run_single_root_search_DNN:end] total_dt=21.533087s fork_dt=0.000322s search_dt=21.532019s encode/write_dt=0.000746s
[run_single_root_search_DNN:after_search] dt=21.624s 
[run_single_root_search_DNN:end] total_dt=25.057392s fork_dt=0.000320s search_dt=25.056432s encode/write_dt=0.000640s
[run_single_root_search_DNN:after_search] dt=23.354s 
[run_single_root_search_DNN:end] total_dt=23.354891s fork_dt=0.000490s search_dt=23.353628s encode/write_dt=0.000773s
[run_single_root_search_DNN:after_search] dt=22.910s 
[run_single_root_search_DNN:end] total_dt=22.911160s fork_dt=0.000363s search_dt=22.910041s encode/write_dt=0.000756s
[run_single_root_search_DNN:after_search] dt=15.577s 
[run_single_root_search_DNN:end] total_dt=15.577187s fork_dt=0.000154s search_dt=15.576707s encode/write_dt=0.000327s
[run_single_root_search_DNN:after_search] dt=16.558s 
[run_single_root_search_DNN:end] total_dt=16.558311s fork_dt=0.000227s search_dt=16.557733s encode/write_dt=0.000350s
[run_single_root_search_DNN:after_search] dt=17.018s 
[run_single_root_search_DNN:end] total_dt=17.018892s fork_dt=0.000242s search_dt=17.018349s encode/write_dt=0.000301s
[run_single_root_search_DNN:after_search] dt=18.177s 
[run_single_root_search_DNN:end] total_dt=18.177939s fork_dt=0.000248s search_dt=18.177397s encode/write_dt=0.000294s
[run_single_root_search_DNN:after_search] dt=8.630s 
[run_single_root_search_DNN:end] total_dt=8.630743s fork_dt=0.000226s search_dt=8.630303s encode/write_dt=0.000214s
[run_single_root_search_DNN:after_search] dt=20.591s 
[run_single_root_search_DNN:end] total_dt=20.591870s fork_dt=0.000280s search_dt=20.590971s encode/write_dt=0.000618s
[run_single_root_search_DNN:after_search] dt=20.699s 
[run_single_root_search_DNN:end] total_dt=20.699879s fork_dt=0.000287s search_dt=20.698897s encode/write_dt=0.000696s
[run_single_root_search_DNN:after_search] dt=22.477s 
[run_single_root_search_DNN:end] total_dt=22.477981s fork_dt=0.000318s search_dt=22.477003s encode/write_dt=0.000660s
[run_single_root_search_DNN:after_search] dt=24.871s 
[run_single_root_search_DNN:end] total_dt=24.872351s fork_dt=0.000457s search_dt=24.871170s encode/write_dt=0.000725s
[run_single_root_search_DNN:after_search] dt=25.251s 
[run_single_root_search_DNN:end] total_dt=25.252791s fork_dt=0.000445s search_dt=25.251469s encode/write_dt=0.000878s
[run_single_root_search_DNN:after_search] dt=26.474s 
[run_single_root_search_DNN:end] total_dt=26.475760s fork_dt=0.000414s search_dt=26.474014s encode/write_dt=0.001332s
[run_single_root_search_DNN:after_search] dt=28.559s 
[run_single_root_search_DNN:end] total_dt=28.560444s fork_dt=0.000378s search_dt=28.558854s encode/write_dt=0.001213s
[run_single_root_search_DNN:after_search] dt=26.753s 
[run_single_root_search_DNN:end] total_dt=26.754510s fork_dt=0.000382s search_dt=26.753431s encode/write_dt=0.000697s
[run_single_root_search_DNN:after_search] dt=26.405s 
[run_single_root_search_DNN:end] total_dt=26.405840s fork_dt=0.000334s search_dt=26.404778s encode/write_dt=0.000727s
[run_single_root_search_DNN:after_search] dt=27.071s 
[run_single_root_search_DNN:end] total_dt=27.072529s fork_dt=0.000470s search_dt=27.071369s encode/write_dt=0.000690s
[run_single_root_search_DNN:after_search] dt=27.493s 
[run_single_root_search_DNN:end] total_dt=27.494172s fork_dt=0.000539s search_dt=27.492711s encode/write_dt=0.000923s
[run_single_root_search_DNN:after_search] dt=28.125s 
[run_single_root_search_DNN:end] total_dt=28.126202s fork_dt=0.000448s search_dt=28.124781s encode/write_dt=0.000973s
[run_single_root_search_DNN:after_search] dt=28.780s 
[run_single_root_search_DNN:end] total_dt=28.781613s fork_dt=0.000385s search_dt=28.780391s encode/write_dt=0.000837s
[run_single_root_search_DNN:after_search] dt=29.187s 
[run_single_root_search_DNN:end] total_dt=29.188461s fork_dt=0.000446s search_dt=29.187311s encode/write_dt=0.000704s
[run_single_root_search_DNN:after_search] dt=27.503s 
[run_single_root_search_DNN:end] total_dt=27.504544s fork_dt=0.000418s search_dt=27.503443s encode/write_dt=0.000682s
[run_single_root_search_DNN:after_search] dt=27.438s 
[run_single_root_search_DNN:end] total_dt=27.438978s fork_dt=0.000288s search_dt=27.437940s encode/write_dt=0.000749s
[run_single_root_search_DNN:after_search] dt=28.562s 
[run_single_root_search_DNN:end] total_dt=28.562725s fork_dt=0.000372s search_dt=28.561521s encode/write_dt=0.000832s
[run_single_root_search_DNN:after_search] dt=27.807s 
[run_single_root_search_DNN:end] total_dt=27.807805s fork_dt=0.000397s search_dt=27.806610s encode/write_dt=0.000797s
[run_single_root_search_DNN:after_search] dt=29.376s 
[run_single_root_search_DNN:end] total_dt=29.377249s fork_dt=0.000451s search_dt=29.376120s encode/write_dt=0.000679s
[run_single_root_search_DNN:after_search] dt=27.604s 
[run_single_root_search_DNN:end] total_dt=27.604908s fork_dt=0.000438s search_dt=27.603649s encode/write_dt=0.000821s
[run_single_root_search_DNN:after_search] dt=27.970s 
[run_single_root_search_DNN:end] total_dt=27.972158s fork_dt=0.000384s search_dt=27.970420s encode/write_dt=0.001354s
[run_single_root_search_DNN:after_search] dt=26.947s 
[run_single_root_search_DNN:end] total_dt=26.948110s fork_dt=0.000363s search_dt=26.947042s encode/write_dt=0.000705s
[run_single_root_search_DNN:after_search] dt=27.829s 
[run_single_root_search_DNN:end] total_dt=27.830647s fork_dt=0.000444s search_dt=27.829398s encode/write_dt=0.000805s
[run_single_root_search_DNN:after_search] dt=26.677s 
[run_single_root_search_DNN:end] total_dt=26.677915s fork_dt=0.000322s search_dt=26.676885s encode/write_dt=0.000708s
[run_single_root_search_DNN:after_search] dt=28.035s 
[run_single_root_search_DNN:end] total_dt=28.036052s fork_dt=0.000475s search_dt=28.034878s encode/write_dt=0.000699s
[run_single_root_search_DNN:after_search] dt=26.490s 
[run_single_root_search_DNN:end] total_dt=26.491092s fork_dt=0.000463s search_dt=26.489620s encode/write_dt=0.001009s
[run_single_root_search_DNN:after_search] dt=26.354s 
[run_single_root_search_DNN:end] total_dt=26.354867s fork_dt=0.000305s search_dt=26.353786s encode/write_dt=0.000776s
[run_single_root_search_DNN:after_search] dt=26.576s 
[run_single_root_search_DNN:end] total_dt=26.577177s fork_dt=0.000344s search_dt=26.575706s encode/write_dt=0.001127s
[run_single_root_search_DNN:after_search] dt=25.489s 
[run_single_root_search_DNN:end] total_dt=25.490315s fork_dt=0.000384s search_dt=25.489040s encode/write_dt=0.000891s
[run_single_root_search_DNN:after_search] dt=25.175s 
[run_single_root_search_DNN:end] total_dt=25.176713s fork_dt=0.000403s search_dt=25.175340s encode/write_dt=0.000970s
[run_single_root_search_DNN:after_search] dt=26.169s 
[run_single_root_search_DNN:end] total_dt=26.170628s fork_dt=0.000366s search_dt=26.169455s encode/write_dt=0.000807s
[run_single_root_search_DNN:after_search] dt=26.026s 
[run_single_root_search_DNN:end] total_dt=26.026667s fork_dt=0.000309s search_dt=26.025742s encode/write_dt=0.000617s
[run_single_root_search_DNN:after_search] dt=25.252s 
[run_single_root_search_DNN:end] total_dt=25.253144s fork_dt=0.000401s search_dt=25.252155s encode/write_dt=0.000587s
[run_single_root_search_DNN:after_search] dt=24.840s 
[run_single_root_search_DNN:end] total_dt=24.841124s fork_dt=0.000426s search_dt=24.840110s encode/write_dt=0.000588s
[run_single_root_search_DNN:after_search] dt=23.978s 
[run_single_root_search_DNN:end] total_dt=23.978849s fork_dt=0.000359s search_dt=23.978094s encode/write_dt=0.000395s
[run_single_root_search_DNN:after_search] dt=22.313s 
[run_single_root_search_DNN:end] total_dt=22.313512s fork_dt=0.000353s search_dt=22.312761s encode/write_dt=0.000399s
[run_single_root_search_DNN:after_search] dt=10.844s 
[run_single_root_search_DNN:end] total_dt=10.844259s fork_dt=0.000308s search_dt=10.843713s encode/write_dt=0.000238s
[run_single_root_search_DNN:after_search] dt=21.986s 
[run_single_root_search_DNN:end] total_dt=21.987453s fork_dt=0.000355s search_dt=21.986384s encode/write_dt=0.000713s
[run_single_root_search_DNN:after_search] dt=22.248s 
[run_single_root_search_DNN:end] total_dt=22.249117s fork_dt=0.000341s search_dt=22.248089s encode/write_dt=0.000687s
[run_single_root_search_DNN:after_search] dt=22.373s 
[run_single_root_search_DNN:end] total_dt=22.022844s fork_dt=0.000349s search_dt=22.021802s encode/write_dt=0.000692s
[run_single_root_search_DNN:after_search] dt=22.266s 
[run_single_root_search_DNN:end] total_dt=22.267162s fork_dt=0.000337s search_dt=22.266130s encode/write_dt=0.000695s
[run_single_root_search_DNN:after_search] dt=21.929s 
[run_single_root_search_DNN:end] total_dt=21.929575s fork_dt=0.000346s search_dt=21.928573s encode/write_dt=0.000656s
[run_single_root_search_DNN:after_search] dt=19.867s 
[run_single_root_search_DNN:end] total_dt=19.867727s fork_dt=0.000264s search_dt=19.866796s encode/write_dt=0.000667s
[run_single_root_search_DNN:after_search] dt=21.383s 
[run_single_root_search_DNN:end] total_dt=21.383765s fork_dt=0.000368s search_dt=21.382804s encode/write_dt=0.000594s
[run_single_root_search_DNN:after_search] dt=21.913s 
[run_single_root_search_DNN:end] total_dt=21.913714s fork_dt=0.000377s search_dt=21.912702s encode/write_dt=0.000635s
[run_single_root_search_DNN:after_search] dt=22.050s 
[run_single_root_search_DNN:end] total_dt=22.051254s fork_dt=0.000393s search_dt=22.050216s encode/write_dt=0.000645s
[run_single_root_search_DNN:after_search] dt=23.029s 
[run_single_root_search_DNN:end] total_dt=23.030428s fork_dt=0.000417s search_dt=23.029372s encode/write_dt=0.000639s
[run_single_root_search_DNN:after_search] dt=25.462s 
[run_single_root_search_DNN:end] total_dt=25.463631s fork_dt=0.000422s search_dt=25.462467s encode/write_dt=0.000742s
[run_single_root_search_DNN:after_search] dt=28.075s 
[run_single_root_search_DNN:end] total_dt=28.076662s fork_dt=0.000448s search_dt=28.075294s encode/write_dt=0.000920s
[run_single_root_search_DNN:after_search] dt=27.852s 
[run_single_root_search_DNN:end] total_dt=27.853803s fork_dt=0.000559s search_dt=27.852487s encode/write_dt=0.000757s
[run_single_root_search_DNN:after_search] dt=29.177s 
[run_single_root_search_DNN:end] total_dt=29.178515s fork_dt=0.000736s search_dt=29.177119s encode/write_dt=0.000661s
[run_single_root_search_DNN:after_search] dt=28.798s 
[run_single_root_search_DNN:end] total_dt=28.799902s fork_dt=0.000595s search_dt=28.798026s encode/write_dt=0.001282s
[run_single_root_search_DNN:after_search] dt=29.323s 
[run_single_root_search_DNN:end] total_dt=29.324848s fork_dt=0.000799s search_dt=29.323316s encode/write_dt=0.000733s
[run_single_root_search_DNN:after_search] dt=28.577s 
[run_single_root_search_DNN:end] total_dt=28.578315s fork_dt=0.000581s search_dt=28.577168s encode/write_dt=0.000566s
[run_single_root_search_DNN:after_search] dt=29.398s 
[run_single_root_search_DNN:end] total_dt=29.399259s fork_dt=0.000667s search_dt=29.397990s encode/write_dt=0.000602s
[run_single_root_search_DNN:after_search] dt=29.427s 
[run_single_root_search_DNN:end] total_dt=29.428599s fork_dt=0.000678s search_dt=29.427355s encode/write_dt=0.000567s
[run_single_root_search_DNN:after_search] dt=29.386s 
[run_single_root_search_DNN:end] total_dt=29.387149s fork_dt=0.000511s search_dt=29.386062s encode/write_dt=0.000577s
[run_single_root_search_DNN:after_search] dt=14.449s 
[run_single_root_search_DNN:end] total_dt=14.449769s fork_dt=0.000755s search_dt=14.448710s encode/write_dt=0.000304s
[run_single_root_search_DNN:after_search] dt=33.267s 
[run_single_root_search_DNN:end] total_dt=33.268196s fork_dt=0.000552s search_dt=33.266707s encode/write_dt=0.000936s
[run_single_root_search_DNN:after_search] dt=31.184s 
[run_single_root_search_DNN:end] total_dt=31.185383s fork_dt=0.000552s search_dt=31.183868s encode/write_dt=0.000964s
[run_single_root_search_DNN:after_search] dt=31.011s 
[run_single_root_search_DNN:end] total_dt=31.012486s fork_dt=0.000705s search_dt=31.010987s encode/write_dt=0.000794s
[run_single_root_search_DNN:after_search] dt=32.715s 
[run_single_root_search_DNN:end] total_dt=32.717311s fork_dt=0.000794s search_dt=32.715427s encode/write_dt=0.001089s
[run_single_root_search_DNN:after_search] dt=31.727s 
[run_single_root_search_DNN:end] total_dt=31.728008s fork_dt=0.000631s search_dt=31.726523s encode/write_dt=0.000854s
[run_single_root_search_DNN:after_search] dt=34.049s 
[run_single_root_search_DNN:end] total_dt=34.050677s fork_dt=0.000565s search_dt=34.049354s encode/write_dt=0.000758s
[run_single_root_search_DNN:after_search] dt=34.598s 
[run_single_root_search_DNN:end] total_dt=34.599875s fork_dt=0.000774s search_dt=34.598173s encode/write_dt=0.000928s
[run_single_root_search_DNN:after_search] dt=33.637s 
[run_single_root_search_DNN:end] total_dt=33.638543s fork_dt=0.000702s search_dt=33.636777s encode/write_dt=0.001064s
[run_single_root_search_DNN:after_search] dt=34.322s 
[run_single_root_search_DNN:end] total_dt=34.323600s fork_dt=0.000626s search_dt=34.321890s encode/write_dt=0.001083s
[run_single_root_search_DNN:after_search] dt=34.734s 
[run_single_root_search_DNN:end] total_dt=34.735779s fork_dt=0.000566s search_dt=34.734003s encode/write_dt=0.001211s
[run_single_root_search_DNN:after_search] dt=33.583s 
[run_single_root_search_DNN:end] total_dt=33.584788s fork_dt=0.000469s search_dt=33.583352s encode/write_dt=0.000966s
[run_single_root_search_DNN:after_search] dt=34.299s 
[run_single_root_search_DNN:end] total_dt=34.300203s fork_dt=0.000784s search_dt=34.298648s encode/write_dt=0.000771s
[run_single_root_search_DNN:after_search] dt=33.243s 
[run_single_root_search_DNN:end] total_dt=33.244476s fork_dt=0.000644s search_dt=33.242998s encode/write_dt=0.000834s
[run_single_root_search_DNN:after_search] dt=32.670s 
[run_single_root_search_DNN:end] total_dt=32.671200s fork_dt=0.000548s search_dt=32.669804s encode/write_dt=0.000848s
[run_single_root_search_DNN:after_search] dt=32.427s 
[run_single_root_search_DNN:end] total_dt=32.429028s fork_dt=0.000691s search_dt=32.427149s encode/write_dt=0.001188s
[run_single_root_search_DNN:after_search] dt=32.045s 
[run_single_root_search_DNN:end] total_dt=32.046281s fork_dt=0.000591s search_dt=32.044913s encode/write_dt=0.000777s
[run_single_root_search_DNN:after_search] dt=29.771s 
[run_single_root_search_DNN:end] total_dt=29.772456s fork_dt=0.000583s search_dt=29.771018s encode/write_dt=0.000855s
[run_single_root_search_DNN:after_search] dt=30.773s 
[run_single_root_search_DNN:end] total_dt=30.774172s fork_dt=0.000591s search_dt=30.772901s encode/write_dt=0.000679s
[run_single_root_search_DNN:after_search] dt=28.174s 
[run_single_root_search_DNN:end] total_dt=28.175018s fork_dt=0.000584s search_dt=28.173511s encode/write_dt=0.000923s
[run_single_root_search_DNN:after_search] dt=25.900s 
[run_single_root_search_DNN:end] total_dt=25.901184s fork_dt=0.000485s search_dt=25.900029s encode/write_dt=0.000670s
[run_single_root_search_DNN:after_search] dt=25.688s 
[run_single_root_search_DNN:end] total_dt=25.689693s fork_dt=0.000490s search_dt=25.688399s encode/write_dt=0.000804s
[run_single_root_search_DNN:after_search] dt=24.990s 
[run_single_root_search_DNN:end] total_dt=24.991188s fork_dt=0.000430s search_dt=24.990068s encode/write_dt=0.000690s
[run_single_root_search_DNN:after_search] dt=25.454s 
[run_single_root_search_DNN:end] total_dt=25.455632s fork_dt=0.000521s search_dt=25.454441s encode/write_dt=0.000670s
[run_single_root_search_DNN:after_search] dt=25.048s 
[run_single_root_search_DNN:end] total_dt=25.048809s fork_dt=0.000438s search_dt=25.047733s encode/write_dt=0.000638s
[run_single_root_search_DNN:after_search] dt=24.372s 
[run_single_root_search_DNN:end] total_dt=24.373020s fork_dt=0.000624s search_dt=24.371776s encode/write_dt=0.000620s
[run_single_root_search_DNN:after_search] dt=22.558s 
[run_single_root_search_DNN:end] total_dt=22.558857s fork_dt=0.000431s search_dt=22.557857s encode/write_dt=0.000569s
[run_single_root_search_DNN:after_search] dt=19.531s 
[run_single_root_search_DNN:end] total_dt=19.531966s fork_dt=0.000388s search_dt=19.531097s encode/write_dt=0.000482s
[run_single_root_search_DNN:after_search] dt=18.326s 
[run_single_root_search_DNN:end] total_dt=18.326360s fork_dt=0.000298s search_dt=18.325573s encode/write_dt=0.000489s
[run_single_root_search_DNN:after_search] dt=18.118s 
[run_single_root_search_DNN:end] total_dt=18.643965s fork_dt=0.000220s search_dt=18.643446s encode/write_dt=0.000299s
[run_single_root_search_DNN:after_search] dt=8.943s 
[run_single_root_search_DNN:end] total_dt=8.943268s fork_dt=0.000173s search_dt=8.942925s encode/write_dt=0.000170s
[run_single_root_search_DNN:after_search] dt=20.401s 
[run_single_root_search_DNN:end] total_dt=20.402204s fork_dt=0.000187s search_dt=20.401444s encode/write_dt=0.000573s
[run_single_root_search_DNN:after_search] dt=17.036s 
[run_single_root_search_DNN:end] total_dt=17.036397s fork_dt=0.000219s search_dt=17.035725s encode/write_dt=0.000452s
[run_single_root_search_DNN:after_search] dt=18.002s 
[run_single_root_search_DNN:end] total_dt=18.002403s fork_dt=0.000261s search_dt=18.001622s encode/write_dt=0.000520s
[run_single_root_search_DNN:after_search] dt=19.218s 
[run_single_root_search_DNN:end] total_dt=19.218583s fork_dt=0.000254s search_dt=19.217814s encode/write_dt=0.000514s
[run_single_root_search_DNN:after_search] dt=6.541s 
[run_single_root_search_DNN:end] total_dt=6.541623s fork_dt=0.000021s search_dt=6.541461s encode/write_dt=0.000141s
[run_single_root_search_DNN:after_search] dt=12.835s 
[run_single_root_search_DNN:end] total_dt=12.835338s fork_dt=0.000136s search_dt=12.834747s encode/write_dt=0.000456s
[run_single_root_search_DNN:after_search] dt=13.924s 
[run_single_root_search_DNN:end] total_dt=13.924470s fork_dt=0.000134s search_dt=13.923853s encode/write_dt=0.000483s
[run_single_root_search_DNN:after_search] dt=14.260s 
[run_single_root_search_DNN:end] total_dt=14.261021s fork_dt=0.000145s search_dt=14.260375s encode/write_dt=0.000501s
[run_single_root_search_DNN:after_search] dt=14.120s 
[run_single_root_search_DNN:end] total_dt=14.120470s fork_dt=0.000160s search_dt=14.119827s encode/write_dt=0.000483s
[run_single_root_search_DNN:after_search] dt=15.550s 
[run_single_root_search_DNN:end] total_dt=15.550637s fork_dt=0.000151s search_dt=15.549904s encode/write_dt=0.000583s
[run_single_root_search_DNN:after_search] dt=16.745s 
[run_single_root_search_DNN:end] total_dt=16.745754s fork_dt=0.000198s search_dt=16.744918s encode/write_dt=0.000639s
[run_single_root_search_DNN:after_search] dt=16.993s 
[run_single_root_search_DNN:end] total_dt=16.993937s fork_dt=0.000179s search_dt=16.993209s encode/write_dt=0.000548s
[run_single_root_search_DNN:after_search] dt=17.149s 
[run_single_root_search_DNN:end] total_dt=17.149990s fork_dt=0.000155s search_dt=17.149236s encode/write_dt=0.000599s
[run_single_root_search_DNN:after_search] dt=17.723s 
[run_single_root_search_DNN:end] total_dt=17.723779s fork_dt=0.000164s search_dt=17.723038s encode/write_dt=0.000576s
[run_single_root_search_DNN:after_search] dt=20.384s 
[run_single_root_search_DNN:end] total_dt=20.384608s fork_dt=0.000156s search_dt=20.383748s encode/write_dt=0.000705s
[run_single_root_search_DNN:after_search] dt=20.167s 
[run_single_root_search_DNN:end] total_dt=20.168286s fork_dt=0.000189s search_dt=20.167498s encode/write_dt=0.000599s
[run_single_root_search_DNN:after_search] dt=19.976s 
[run_single_root_search_DNN:end] total_dt=19.976432s fork_dt=0.000154s search_dt=19.975631s encode/write_dt=0.000647s
[run_single_root_search_DNN:after_search] dt=20.797s 
[run_single_root_search_DNN:end] total_dt=20.797460s fork_dt=0.000201s search_dt=20.796555s encode/write_dt=0.000704s
[run_single_root_search_DNN:after_search] dt=20.950s 
[run_single_root_search_DNN:end] total_dt=20.950709s fork_dt=0.000178s search_dt=20.949855s encode/write_dt=0.000677s
[run_single_root_search_DNN:after_search] dt=21.895s 
[run_single_root_search_DNN:end] total_dt=21.895462s fork_dt=0.000244s search_dt=21.894576s encode/write_dt=0.000643s
[run_single_root_search_DNN:after_search] dt=21.263s 
[run_single_root_search_DNN:end] total_dt=21.264013s fork_dt=0.000160s search_dt=21.263316s encode/write_dt=0.000537s
[run_single_root_search_DNN:after_search] dt=21.210s 
[run_single_root_search_DNN:end] total_dt=21.211065s fork_dt=0.000235s search_dt=21.210333s encode/write_dt=0.000497s
[run_single_root_search_DNN:after_search] dt=21.062s 
[run_single_root_search_DNN:end] total_dt=21.063336s fork_dt=0.000175s search_dt=21.062396s encode/write_dt=0.000764s
[run_single_root_search_DNN:after_search] dt=20.528s 
[run_single_root_search_DNN:end] total_dt=20.529069s fork_dt=0.000190s search_dt=20.528139s encode/write_dt=0.000741s
[run_single_root_search_DNN:after_search] dt=21.890s 
[run_single_root_search_DNN:end] total_dt=21.890344s fork_dt=0.000162s search_dt=21.889538s encode/write_dt=0.000643s
[run_single_root_search_DNN:after_search] dt=21.695s 
[run_single_root_search_DNN:end] total_dt=21.696016s fork_dt=0.000200s search_dt=21.695202s encode/write_dt=0.000614s
[run_single_root_search_DNN:after_search] dt=20.521s 
[run_single_root_search_DNN:end] total_dt=20.522025s fork_dt=0.000165s search_dt=20.521222s encode/write_dt=0.000639s
[run_single_root_search_DNN:after_search] dt=20.585s 
[run_single_root_search_DNN:end] total_dt=20.585915s fork_dt=0.000216s search_dt=20.585175s encode/write_dt=0.000524s
[run_single_root_search_DNN:after_search] dt=20.949s 
[run_single_root_search_DNN:end] total_dt=20.949784s fork_dt=0.000209s search_dt=20.948825s encode/write_dt=0.000751s
[run_single_root_search_DNN:after_search] dt=20.660s 
[run_single_root_search_DNN:end] total_dt=20.660628s fork_dt=0.000176s search_dt=20.659783s encode/write_dt=0.000669s
[run_single_root_search_DNN:after_search] dt=20.690s 
[run_single_root_search_DNN:end] total_dt=20.690650s fork_dt=0.000173s search_dt=20.689760s encode/write_dt=0.000717s
[run_single_root_search_DNN:after_search] dt=19.449s 
[run_single_root_search_DNN:end] total_dt=19.449957s fork_dt=0.000142s search_dt=19.449142s encode/write_dt=0.000674s
[run_single_root_search_DNN:after_search] dt=19.677s 
[run_single_root_search_DNN:end] total_dt=19.677406s fork_dt=0.000180s search_dt=19.676668s encode/write_dt=0.000558s
[run_single_root_search_DNN:after_search] dt=20.058s 
[run_single_root_search_DNN:end] total_dt=20.058936s fork_dt=0.000186s search_dt=20.057960s encode/write_dt=0.000789s
[run_single_root_search_DNN:after_search] dt=19.001s 
[run_single_root_search_DNN:end] total_dt=19.001699s fork_dt=0.000192s search_dt=19.000568s encode/write_dt=0.000940s
[run_single_root_search_DNN:after_search] dt=19.188s 
[run_single_root_search_DNN:end] total_dt=19.188695s fork_dt=0.000276s search_dt=19.187648s encode/write_dt=0.000771s
[run_single_root_search_DNN:after_search] dt=18.893s 
[run_single_root_search_DNN:end] total_dt=18.894036s fork_dt=0.000300s search_dt=18.893151s encode/write_dt=0.000585s
[run_single_root_search_DNN:after_search] dt=19.467s 
[run_single_root_search_DNN:end] total_dt=19.467732s fork_dt=0.000267s search_dt=19.467061s encode/write_dt=0.000404s
[run_single_root_search_DNN:after_search] dt=19.353s 
[run_single_root_search_DNN:end] total_dt=19.353509s fork_dt=0.000208s search_dt=19.352851s encode/write_dt=0.000450s
[run_single_root_search_DNN:after_search] dt=19.055s 
[run_single_root_search_DNN:end] total_dt=19.055291s fork_dt=0.000230s search_dt=19.054748s encode/write_dt=0.000313s
[run_single_root_search_DNN:after_search] dt=18.576s 
[run_single_root_search_DNN:end] total_dt=18.576176s fork_dt=0.000188s search_dt=18.575740s encode/write_dt=0.000249s
[run_single_root_search_DNN:after_search] dt=8.935s 
[run_single_root_search_DNN:end] total_dt=8.935454s fork_dt=0.000182s search_dt=8.935063s encode/write_dt=0.000209s
[run_single_root_search_DNN:after_search] dt=19.126s 
[run_single_root_search_DNN:end] total_dt=19.126912s fork_dt=0.000256s search_dt=19.126076s encode/write_dt=0.000580s
[run_single_root_search_DNN:after_search] dt=18.817s 
[run_single_root_search_DNN:end] total_dt=18.817700s fork_dt=0.000250s search_dt=18.816772s encode/write_dt=0.000678s
[run_single_root_search_DNN:after_search] dt=18.670s 
[run_single_root_search_DNN:end] total_dt=18.670726s fork_dt=0.000225s search_dt=18.669767s encode/write_dt=0.000735s
[run_single_root_search_DNN:after_search] dt=18.188s 
[run_single_root_search_DNN:end] total_dt=18.189078s fork_dt=0.000243s search_dt=18.188270s encode/write_dt=0.000566s[run_single_root_search_DNN:end] total_dt=21.236435s fork_dt=0.000356s search_dt=21.235429s encode/write_dt=0.000649s
[run_single_root_search_DNN:after_search] dt=21.307s 
[run_single_root_search_DNN:end] total_dt=21.307889s fork_dt=0.000321s search_dt=21.306931s encode/write_dt=0.000638s
[run_single_root_search_DNN:after_search] dt=22.968s 
[run_single_root_search_DNN:end] total_dt=22.969266s fork_dt=0.000288s search_dt=22.968313s encode/write_dt=0.000665s
[run_single_root_search_DNN:after_search] dt=21.457s 
[run_single_root_search_DNN:end] total_dt=21.458217s fork_dt=0.000302s search_dt=21.457256s encode/write_dt=0.000659s
[run_single_root_search_DNN:after_search] dt=21.394s 
[run_single_root_search_DNN:end] total_dt=21.394697s fork_dt=0.000294s search_dt=21.393733s encode/write_dt=0.000671s
[run_single_root_search_DNN:after_search] dt=21.722s 
[run_single_root_search_DNN:end] total_dt=21.723234s fork_dt=0.000325s search_dt=21.722269s encode/write_dt=0.000640s
[run_single_root_search_DNN:after_search] dt=6.759s 
[run_single_root_search_DNN:end] total_dt=6.758938s fork_dt=0.000038s search_dt=6.758758s encode/write_dt=0.000142s
[run_single_root_search_DNN:after_search] dt=14.665s 
[run_single_root_search_DNN:end] total_dt=14.665403s fork_dt=0.000138s search_dt=14.664740s encode/write_dt=0.000525s
[run_single_root_search_DNN:after_search] dt=15.180s 
[run_single_root_search_DNN:end] total_dt=15.180604s fork_dt=0.000159s search_dt=15.179959s encode/write_dt=0.000486s
[run_single_root_search_DNN:after_search] dt=14.862s 
[run_single_root_search_DNN:end] total_dt=14.862283s fork_dt=0.000188s search_dt=14.861561s encode/write_dt=0.000535s
[run_single_root_search_DNN:after_search] dt=15.707s 
[run_single_root_search_DNN:end] total_dt=15.707510s fork_dt=0.000175s search_dt=15.706693s encode/write_dt=0.000642s
[run_single_root_search_DNN:after_search] dt=17.572s 
[run_single_root_search_DNN:end] total_dt=17.572782s fork_dt=0.000196s search_dt=17.572028s encode/write_dt=0.000558s
[run_single_root_search_DNN:after_search] dt=18.930s 
[run_single_root_search_DNN:end] total_dt=18.930470s fork_dt=0.000206s search_dt=18.929614s encode/write_dt=0.000650s
[run_single_root_search_DNN:after_search] dt=18.383s 
[run_single_root_search_DNN:end] total_dt=18.383723s fork_dt=0.000214s search_dt=18.382879s encode/write_dt=0.000629s
[run_single_root_search_DNN:after_search] dt=18.415s 
[run_single_root_search_DNN:end] total_dt=18.415512s fork_dt=0.000180s search_dt=18.414733s encode/write_dt=0.000599s
[run_single_root_search_DNN:after_search] dt=18.903s 
[run_single_root_search_DNN:end] total_dt=18.903993s fork_dt=0.000207s search_dt=18.903195s encode/write_dt=0.000590s
[run_single_root_search_DNN:after_search] dt=17.901s 
[run_single_root_search_DNN:end] total_dt=17.901327s fork_dt=0.000164s search_dt=17.900509s encode/write_dt=0.000655s
[run_single_root_search_DNN:after_search] dt=18.052s 
[run_single_root_search_DNN:end] total_dt=18.052823s fork_dt=0.000214s search_dt=18.051972s encode/write_dt=0.000636s
[run_single_root_search_DNN:after_search] dt=18.228s 
[run_single_root_search_DNN:end] total_dt=18.228278s fork_dt=0.000195s search_dt=18.227556s encode/write_dt=0.000528s
[run_single_root_search_DNN:after_search] dt=18.481s 
[run_single_root_search_DNN:end] total_dt=18.481478s fork_dt=0.000156s search_dt=18.480738s encode/write_dt=0.000584s
[run_single_root_search_DNN:after_search] dt=19.006s 
[run_single_root_search_DNN:end] total_dt=19.006415s fork_dt=0.000201s search_dt=19.005606s encode/write_dt=0.000608s
[run_single_root_search_DNN:after_search] dt=19.790s 
[run_single_root_search_DNN:end] total_dt=19.790774s fork_dt=0.000179s search_dt=19.789968s encode/write_dt=0.000626s
[run_single_root_search_DNN:after_search] dt=21.429s 
[run_single_root_search_DNN:end] total_dt=21.429846s fork_dt=0.000204s search_dt=21.429142s encode/write_dt=0.000501s
[run_single_root_search_DNN:after_search] dt=21.255s 
[run_single_root_search_DNN:end] total_dt=21.255869s fork_dt=0.000189s search_dt=21.255088s encode/write_dt=0.000592s
[run_single_root_search_DNN:after_search] dt=21.328s 
[run_single_root_search_DNN:end] total_dt=21.328901s fork_dt=0.000161s search_dt=21.328111s encode/write_dt=0.000629s
[run_single_root_search_DNN:after_search] dt=21.501s 
[run_single_root_search_DNN:end] total_dt=21.502202s fork_dt=0.000202s search_dt=21.501459s encode/write_dt=0.000541s
[run_single_root_search_DNN:after_search] dt=22.246s 
[run_single_root_search_DNN:end] total_dt=22.247310s fork_dt=0.000199s search_dt=22.246160s encode/write_dt=0.000952s
[run_single_root_search_DNN:after_search] dt=21.136s 
[run_single_root_search_DNN:end] total_dt=21.137153s fork_dt=0.000223s search_dt=21.136381s encode/write_dt=0.000549s
[run_single_root_search_DNN:after_search] dt=21.014s 
[run_single_root_search_DNN:end] total_dt=21.015278s fork_dt=0.000205s search_dt=21.014450s encode/write_dt=0.000623s
[run_single_root_search_DNN:after_search] dt=20.601s 
[run_single_root_search_DNN:end] total_dt=20.602244s fork_dt=0.000192s search_dt=20.601387s encode/write_dt=0.000666s
[run_single_root_search_DNN:after_search] dt=20.466s 
[run_single_root_search_DNN:end] total_dt=20.466702s fork_dt=0.000220s search_dt=20.465876s encode/write_dt=0.000605s
[run_single_root_search_DNN:after_search] dt=20.926s 
[run_single_root_search_DNN:end] total_dt=20.927068s fork_dt=0.000177s search_dt=20.926310s encode/write_dt=0.000582s
[run_single_root_search_DNN:after_search] dt=20.867s 
[run_single_root_search_DNN:end] total_dt=20.868005s fork_dt=0.000197s search_dt=20.867048s encode/write_dt=0.000759s
[run_single_root_search_DNN:after_search] dt=19.618s 
[run_single_root_search_DNN:end] total_dt=19.618666s fork_dt=0.000215s search_dt=19.617932s encode/write_dt=0.000519s
[run_single_root_search_DNN:after_search] dt=20.210s 
[run_single_root_search_DNN:end] total_dt=20.210744s fork_dt=0.000183s search_dt=20.210013s encode/write_dt=0.000548s
[run_single_root_search_DNN:after_search] dt=19.358s 
[run_single_root_search_DNN:end] total_dt=19.358826s fork_dt=0.000181s search_dt=19.358028s encode/write_dt=0.000616s
[run_single_root_search_DNN:after_search] dt=19.767s 
[run_single_root_search_DNN:end] total_dt=19.767867s fork_dt=0.000249s search_dt=19.767050s encode/write_dt=0.000569s
[run_single_root_search_DNN:after_search] dt=19.561s 
[run_single_root_search_DNN:end] total_dt=19.561872s fork_dt=0.000198s search_dt=19.560927s encode/write_dt=0.000747s
[run_single_root_search_DNN:after_search] dt=18.859s 
[run_single_root_search_DNN:end] total_dt=18.859408s fork_dt=0.000216s search_dt=18.858666s encode/write_dt=0.000526s
[run_single_root_search_DNN:after_search] dt=19.218s 
[run_single_root_search_DNN:end] total_dt=19.218496s fork_dt=0.000234s search_dt=19.217736s encode/write_dt=0.000526s
[run_single_root_search_DNN:after_search] dt=19.320s 
[run_single_root_search_DNN:end] total_dt=19.320905s fork_dt=0.000242s search_dt=19.320325s encode/write_dt=0.000338s
[run_single_root_search_DNN:after_search] dt=19.441s 
[run_single_root_search_DNN:end] total_dt=19.441819s fork_dt=0.000199s search_dt=19.441304s encode/write_dt=0.000316s
[run_single_root_search_DNN:after_search] dt=18.460s 
[run_single_root_search_DNN:end] total_dt=18.460501s fork_dt=0.000239s search_dt=18.459929s encode/write_dt=0.000333s
[run_single_root_search_DNN:after_search] dt=8.938s 
[run_single_root_search_DNN:end] total_dt=8.937937s fork_dt=0.000183s search_dt=8.937549s encode/write_dt=0.000205s
[run_single_root_search_DNN:after_search] dt=17.139s 
[run_single_root_search_DNN:end] total_dt=17.140364s fork_dt=0.000231s search_dt=17.139476s encode/write_dt=0.000656s
[run_single_root_search_DNN:after_search] dt=19.056s 
[run_single_root_search_DNN:end] total_dt=19.057141s fork_dt=0.000251s search_dt=19.056291s encode/write_dt=0.000599s
[run_single_root_search_DNN:after_search] dt=19.902s 
[run_single_root_search_DNN:end] total_dt=19.902596s fork_dt=0.000255s search_dt=19.901807s encode/write_dt=0.000533s
[run_single_root_search_DNN:after_search] dt=20.838s 
[run_single_root_search_DNN:end] total_dt=23.262449s fork_dt=0.000276s search_dt=23.261528s encode/write_dt=0.000646s
[run_single_root_search_DNN:after_search] dt=22.345s 
[run_single_root_search_DNN:end] total_dt=22.346205s fork_dt=0.000253s search_dt=22.345271s encode/write_dt=0.000681s
[run_single_root_search_DNN:after_search] dt=21.608s 
[run_single_root_search_DNN:end] total_dt=21.609251s fork_dt=0.000321s search_dt=21.608299s encode/write_dt=0.000630s
[run_single_root_search_DNN:after_search] dt=21.178s 
[run_single_root_search_DNN:end] total_dt=21.179404s fork_dt=0.000241s search_dt=21.178336s encode/write_dt=0.000827s
[run_single_root_search_DNN:after_search] dt=19.497s 
[run_single_root_search_DNN:end] total_dt=19.497900s fork_dt=0.000253s search_dt=19.496964s encode/write_dt=0.000682s
[run_single_root_search_DNN:after_search] dt=19.322s 
[run_single_root_search_DNN:end] total_dt=19.322993s fork_dt=0.000244s search_dt=19.322151s encode/write_dt=0.000599s
[run_single_root_search_DNN:after_search] dt=14.148s 
[run_single_root_search_DNN:end] total_dt=14.148160s fork_dt=0.000058s search_dt=14.147765s encode/write_dt=0.000337s
[run_single_root_search_DNN:after_search] dt=14.163s 
[run_single_root_search_DNN:end] total_dt=14.163190s fork_dt=0.000121s search_dt=14.162753s encode/write_dt=0.000315s
[run_single_root_search_DNN:after_search] dt=14.847s 
[run_single_root_search_DNN:end] total_dt=14.847484s fork_dt=0.000129s search_dt=14.847088s encode/write_dt=0.000267s
[run_single_root_search_DNN:after_search] dt=14.953s 
[run_single_root_search_DNN:end] total_dt=14.953735s fork_dt=0.000134s search_dt=14.953342s encode/write_dt=0.000259s
[run_single_root_search_DNN:after_search] dt=16.149s 
[run_single_root_search_DNN:end] total_dt=16.149678s fork_dt=0.000119s search_dt=16.149241s encode/write_dt=0.000317s
[run_single_root_search_DNN:after_search] dt=8.192s 
[run_single_root_search_DNN:end] total_dt=8.192359s fork_dt=0.000115s search_dt=8.192086s encode/write_dt=0.000158s
[run_single_root_search_DNN:after_search] dt=19.008s 
[run_single_root_search_DNN:end] total_dt=19.008549s fork_dt=0.000160s search_dt=19.007843s encode/write_dt=0.000545s
[run_single_root_search_DNN:after_search] dt=18.307s 
[run_single_root_search_DNN:end] total_dt=18.307986s fork_dt=0.000206s search_dt=18.307088s encode/write_dt=0.000692s
[run_single_root_search_DNN:after_search] dt=18.689s 
[run_single_root_search_DNN:end] total_dt=18.689912s fork_dt=0.000211s search_dt=18.689126s encode/write_dt=0.000575s
[run_single_root_search_DNN:after_search] dt=19.055s 
[run_single_root_search_DNN:end] total_dt=19.056460s fork_dt=0.000192s search_dt=19.055494s encode/write_dt=0.000774s
[run_single_root_search_DNN:after_search] dt=18.483s 
[run_single_root_search_DNN:end] total_dt=18.483722s fork_dt=0.000194s search_dt=18.482871s encode/write_dt=0.000657s
[run_single_root_search_DNN:after_search] dt=19.373s 
[run_single_root_search_DNN:end] total_dt=19.373771s fork_dt=0.000187s search_dt=19.372998s encode/write_dt=0.000586s
[run_single_root_search_DNN:after_search] dt=19.844s 
[run_single_root_search_DNN:end] total_dt=19.845322s fork_dt=0.000200s search_dt=19.844462s encode/write_dt=0.000660s
[run_single_root_search_DNN:after_search] dt=19.690s 
[run_single_root_search_DNN:end] total_dt=19.690904s fork_dt=0.000166s search_dt=19.690138s encode/write_dt=0.000600s
[run_single_root_search_DNN:after_search] dt=19.129s 
[run_single_root_search_DNN:end] total_dt=19.129459s fork_dt=0.000170s search_dt=19.128774s encode/write_dt=0.000515s
[run_single_root_search_DNN:after_search] dt=19.340s 
[run_single_root_search_DNN:end] total_dt=19.341172s fork_dt=0.000195s search_dt=19.340359s encode/write_dt=0.000618s
[run_single_root_search_DNN:after_search] dt=18.810s 
[run_single_root_search_DNN:end] total_dt=18.810347s fork_dt=0.000187s search_dt=18.809562s encode/write_dt=0.000598s
[run_single_root_search_DNN:after_search] dt=18.866s 
[run_single_root_search_DNN:end] total_dt=18.866987s fork_dt=0.000263s search_dt=18.866089s encode/write_dt=0.000635s
[run_single_root_search_DNN:after_search] dt=18.204s 
[run_single_root_search_DNN:end] total_dt=18.205106s fork_dt=0.000205s search_dt=18.204350s encode/write_dt=0.000552s
[run_single_root_search_DNN:after_search] dt=17.812s 
[run_single_root_search_DNN:end] total_dt=17.812723s fork_dt=0.000184s search_dt=17.811935s encode/write_dt=0.000604s
[run_single_root_search_DNN:after_search] dt=19.497s 
[run_single_root_search_DNN:end] total_dt=19.498031s fork_dt=0.000202s search_dt=19.497198s encode/write_dt=0.000630s
[run_single_root_search_DNN:after_search] dt=21.549s 
[run_single_root_search_DNN:end] total_dt=21.550258s fork_dt=0.000187s search_dt=21.549416s encode/write_dt=0.000656s
[run_single_root_search_DNN:after_search] dt=21.848s 
[run_single_root_search_DNN:end] total_dt=21.848547s fork_dt=0.000272s search_dt=21.847645s encode/write_dt=0.000630s
[run_single_root_search_DNN:after_search] dt=21.985s 
[run_single_root_search_DNN:end] total_dt=21.985297s fork_dt=0.000172s search_dt=21.984545s encode/write_dt=0.000581s
[run_single_root_search_DNN:after_search] dt=22.685s 
[run_single_root_search_DNN:end] total_dt=22.685649s fork_dt=0.000212s search_dt=22.684832s encode/write_dt=0.000605s
[run_single_root_search_DNN:after_search] dt=22.041s 
[run_single_root_search_DNN:end] total_dt=22.041822s fork_dt=0.000201s search_dt=22.040821s encode/write_dt=0.000800s
[run_single_root_search_DNN:after_search] dt=21.964s 
[run_single_root_search_DNN:end] total_dt=21.965383s fork_dt=0.000192s search_dt=21.964374s encode/write_dt=0.000816s
[run_single_root_search_DNN:after_search] dt=21.291s 
[run_single_root_search_DNN:end] total_dt=21.292237s fork_dt=0.000202s search_dt=21.291367s encode/write_dt=0.000667s
[run_single_root_search_DNN:after_search] dt=20.775s 
[run_single_root_search_DNN:end] total_dt=20.776096s fork_dt=0.000205s search_dt=20.775096s encode/write_dt=0.000794s
[run_single_root_search_DNN:after_search] dt=21.095s 
[run_single_root_search_DNN:end] total_dt=21.096111s fork_dt=0.000229s search_dt=21.095021s encode/write_dt=0.000861s
[run_single_root_search_DNN:after_search] dt=21.267s 
[run_single_root_search_DNN:end] total_dt=21.267776s fork_dt=0.000175s search_dt=21.266710s encode/write_dt=0.000890s
[run_single_root_search_DNN:after_search] dt=20.137s 
[run_single_root_search_DNN:end] total_dt=20.138256s fork_dt=0.000209s search_dt=20.137346s encode/write_dt=0.000701s
[run_single_root_search_DNN:after_search] dt=20.788s 
[run_single_root_search_DNN:end] total_dt=20.788752s fork_dt=0.000243s search_dt=20.787947s encode/write_dt=0.000562s
[run_single_root_search_DNN:after_search] dt=20.636s 
[run_single_root_search_DNN:end] total_dt=20.636877s fork_dt=0.000202s search_dt=20.635684s encode/write_dt=0.000991s
[run_single_root_search_DNN:after_search] dt=19.943s 
[run_single_root_search_DNN:end] total_dt=19.943439s fork_dt=0.000201s search_dt=19.942583s encode/write_dt=0.000655s
[run_single_root_search_DNN:after_search] dt=20.605s 
[run_single_root_search_DNN:end] total_dt=20.605950s fork_dt=0.000208s search_dt=20.605001s encode/write_dt=0.000741s
[run_single_root_search_DNN:after_search] dt=19.933s 
[run_single_root_search_DNN:end] total_dt=19.933685s fork_dt=0.000265s search_dt=19.932837s encode/write_dt=0.000583s
[run_single_root_search_DNN:after_search] dt=19.522s 
[run_single_root_search_DNN:end] total_dt=19.522841s fork_dt=0.000190s search_dt=19.522047s encode/write_dt=0.000604s
[run_single_root_search_DNN:after_search] dt=19.774s 
[run_single_root_search_DNN:end] total_dt=19.774411s fork_dt=0.000279s search_dt=19.773584s encode/write_dt=0.000548s
[run_single_root_search_DNN:after_search] dt=19.246s 
[run_single_root_search_DNN:end] total_dt=19.246602s fork_dt=0.000279s search_dt=19.245928s encode/write_dt=0.000396s
[run_single_root_search_DNN:after_search] dt=19.891s 
[run_single_root_search_DNN:end] total_dt=19.891821s fork_dt=0.000265s search_dt=19.891262s encode/write_dt=0.000293s
[run_single_root_search_DNN:after_search] dt=18.726s 
[run_single_root_search_DNN:end] total_dt=20.994313s fork_dt=0.000293s search_dt=20.992954s encode/write_dt=0.001066s
[run_single_root_search_DNN:after_search] dt=21.082s 
[run_single_root_search_DNN:end] total_dt=21.082876s fork_dt=0.000297s search_dt=21.081898s encode/write_dt=0.000680s
[run_single_root_search_DNN:after_search] dt=22.321s 
[run_single_root_search_DNN:end] total_dt=22.321737s fork_dt=0.000242s search_dt=22.320675s encode/write_dt=0.000821s
[run_single_root_search_DNN:after_search] dt=22.259s 
[run_single_root_search_DNN:end] total_dt=22.260010s fork_dt=0.000325s search_dt=22.259049s encode/write_dt=0.000636s
[run_single_root_search_DNN:after_search] dt=21.684s 
[run_single_root_search_DNN:end] total_dt=21.684972s fork_dt=0.000278s search_dt=21.684037s encode/write_dt=0.000657s
[run_single_root_search_DNN:after_search] dt=21.999s 
[run_single_root_search_DNN:end] total_dt=21.999552s fork_dt=0.000269s search_dt=21.998653s encode/write_dt=0.000631s
[run_single_root_search_DNN:after_search] dt=15.412s 
[run_single_root_search_DNN:end] total_dt=15.412633s fork_dt=0.000111s search_dt=15.412126s encode/write_dt=0.000397s
[run_single_root_search_DNN:after_search] dt=16.111s 
[run_single_root_search_DNN:end] total_dt=16.111592s fork_dt=0.000184s search_dt=16.110960s encode/write_dt=0.000448s
[run_single_root_search_DNN:after_search] dt=15.979s 
[run_single_root_search_DNN:end] total_dt=15.979171s fork_dt=0.000191s search_dt=15.978588s encode/write_dt=0.000391s
[run_single_root_search_DNN:after_search] dt=16.283s 
[run_single_root_search_DNN:end] total_dt=16.283947s fork_dt=0.000184s search_dt=16.283408s encode/write_dt=0.000355s
[run_single_root_search_DNN:after_search] dt=17.876s 
[run_single_root_search_DNN:end] total_dt=17.876681s fork_dt=0.000214s search_dt=17.875995s encode/write_dt=0.000473s
[run_single_root_search_DNN:after_search] dt=19.192s 
[run_single_root_search_DNN:end] total_dt=19.192840s fork_dt=0.000228s search_dt=19.192220s encode/write_dt=0.000392s
[run_single_root_search_DNN:after_search] dt=19.499s 
[run_single_root_search_DNN:end] total_dt=19.500081s fork_dt=0.000306s search_dt=19.499500s encode/write_dt=0.000275s
[run_single_root_search_DNN:after_search] dt=9.927s 
[run_single_root_search_DNN:end] total_dt=9.927685s fork_dt=0.000212s search_dt=9.927265s encode/write_dt=0.000208s
[run_single_root_search_DNN:after_search] dt=22.271s 
[run_single_root_search_DNN:end] total_dt=22.272141s fork_dt=0.000215s search_dt=22.271135s encode/write_dt=0.000791s
[run_single_root_search_DNN:after_search] dt=21.791s 
[run_single_root_search_DNN:end] total_dt=21.791838s fork_dt=0.000286s search_dt=21.791042s encode/write_dt=0.000510s
[run_single_root_search_DNN:after_search] dt=21.962s 
[run_single_root_search_DNN:end] total_dt=21.963051s fork_dt=0.000310s search_dt=21.962150s encode/write_dt=0.000591s
[run_single_root_search_DNN:after_search] dt=21.664s 
[run_single_root_search_DNN:end] total_dt=21.664957s fork_dt=0.000311s search_dt=21.664165s encode/write_dt=0.000481s
[run_single_root_search_DNN:after_search] dt=21.106s 
[run_single_root_search_DNN:end] total_dt=21.106948s fork_dt=0.000240s search_dt=21.106188s encode/write_dt=0.000520s
[run_single_root_search_DNN:after_search] dt=22.289s 
[run_single_root_search_DNN:end] total_dt=22.289900s fork_dt=0.000222s search_dt=22.288921s encode/write_dt=0.000757s
[run_single_root_search_DNN:after_search] dt=21.838s 
[run_single_root_search_DNN:end] total_dt=21.839165s fork_dt=0.000253s search_dt=21.838310s encode/write_dt=0.000602s
[run_single_root_search_DNN:after_search] dt=22.331s 
[run_single_root_search_DNN:end] total_dt=22.331815s fork_dt=0.000281s search_dt=22.330774s encode/write_dt=0.000761s
[run_single_root_search_DNN:after_search] dt=21.509s 
[run_single_root_search_DNN:end] total_dt=21.510561s fork_dt=0.000232s search_dt=21.508888s encode/write_dt=0.001441s
[run_single_root_search_DNN:after_search] dt=20.822s 
[run_single_root_search_DNN:end] total_dt=20.822791s fork_dt=0.000224s search_dt=20.821987s encode/write_dt=0.000580s
[run_single_root_search_DNN:after_search] dt=21.956s 
[run_single_root_search_DNN:end] total_dt=21.956947s fork_dt=0.000284s search_dt=21.956139s encode/write_dt=0.000525s
[run_single_root_search_DNN:after_search] dt=21.960s 
[run_single_root_search_DNN:end] total_dt=21.961289s fork_dt=0.000233s search_dt=21.960473s encode/write_dt=0.000583s
[run_single_root_search_DNN:after_search] dt=21.714s 
[run_single_root_search_DNN:end] total_dt=21.714472s fork_dt=0.000218s search_dt=21.713627s encode/write_dt=0.000626s
[run_single_root_search_DNN:after_search] dt=21.624s 
[run_single_root_search_DNN:end] total_dt=21.625179s fork_dt=0.000256s search_dt=21.624347s encode/write_dt=0.000577s
[run_single_root_search_DNN:after_search] dt=21.224s 
[run_single_root_search_DNN:end] total_dt=21.225140s fork_dt=0.000255s search_dt=21.224492s encode/write_dt=0.000393s
[run_single_root_search_DNN:after_search] dt=22.092s 
[run_single_root_search_DNN:end] total_dt=22.092801s fork_dt=0.000343s search_dt=22.092108s encode/write_dt=0.000350s
[run_single_root_search_DNN:after_search] dt=21.860s 
[run_single_root_search_DNN:end] total_dt=21.860997s fork_dt=0.000427s search_dt=21.860263s encode/write_dt=0.000307s
[run_single_root_search_DNN:after_search] dt=10.672s 
[run_single_root_search_DNN:end] total_dt=10.672897s fork_dt=0.000261s search_dt=10.672415s encode/write_dt=0.000221s
[run_single_root_search_DNN:after_search] dt=23.744s 
[run_single_root_search_DNN:end] total_dt=23.744577s fork_dt=0.000270s search_dt=23.743669s encode/write_dt=0.000638s
[run_single_root_search_DNN:after_search] dt=23.565s 
[run_single_root_search_DNN:end] total_dt=23.566061s fork_dt=0.000247s search_dt=23.564969s encode/write_dt=0.000844s
[run_single_root_search_DNN:after_search] dt=23.483s 
[run_single_root_search_DNN:end] total_dt=23.484311s fork_dt=0.000389s search_dt=23.482941s encode/write_dt=0.000980s
[run_single_root_search_DNN:after_search] dt=23.225s 
[run_single_root_search_DNN:end] total_dt=23.226177s fork_dt=0.000300s search_dt=23.225075s encode/write_dt=0.000802s
[run_single_root_search_DNN:after_search] dt=23.496s 
[run_single_root_search_DNN:end] total_dt=23.497301s fork_dt=0.000387s search_dt=23.496282s encode/write_dt=0.000632s
[run_single_root_search_DNN:after_search] dt=23.444s 
[run_single_root_search_DNN:end] total_dt=23.445473s fork_dt=0.000328s search_dt=23.444425s encode/write_dt=0.000719s
[run_single_root_search_DNN:after_search] dt=24.400s 
[run_single_root_search_DNN:end] total_dt=24.400688s fork_dt=0.000318s search_dt=24.399683s encode/write_dt=0.000687s
[run_single_root_search_DNN:after_search] dt=24.350s 
[run_single_root_search_DNN:end] total_dt=24.351374s fork_dt=0.000382s search_dt=24.349725s encode/write_dt=0.001266s
[run_single_root_search_DNN:after_search] dt=24.459s 
[run_single_root_search_DNN:end] total_dt=24.460660s fork_dt=0.000285s search_dt=24.459445s encode/write_dt=0.000930s
[run_single_root_search_DNN:after_search] dt=24.045s 
[run_single_root_search_DNN:end] total_dt=24.045840s fork_dt=0.000283s search_dt=24.044826s encode/write_dt=0.000731s
[run_single_root_search_DNN:after_search] dt=24.041s 
[run_single_root_search_DNN:end] total_dt=24.041591s fork_dt=0.000315s search_dt=24.040516s encode/write_dt=0.000759s
[run_single_root_search_DNN:after_search] dt=23.094s 
[run_single_root_search_DNN:end] total_dt=23.094701s fork_dt=0.000308s search_dt=23.093666s encode/write_dt=0.000728s
[run_single_root_search_DNN:after_search] dt=23.675s 
[run_single_root_search_DNN:end] total_dt=23.676000s fork_dt=0.000285s search_dt=23.674936s encode/write_dt=0.000779s
[run_single_root_search_DNN:after_search] dt=23.772s 
[run_single_root_search_DNN:end] total_dt=23.772748s fork_dt=0.000277s search_dt=23.771804s encode/write_dt=0.000667s
[run_single_root_search_DNN:after_search] dt=23.030s 
[run_single_root_search_DNN:end] total_dt=23.030667s fork_dt=0.000455s search_dt=23.029527s encode/write_dt=0.000686s
[run_single_root_search_DNN:after_search] dt=24.199s 
[run_single_root_search_DNN:end] total_dt=18.119013s fork_dt=0.000361s search_dt=18.118172s encode/write_dt=0.000480s
[run_single_root_search_DNN:after_search] dt=18.261s 
[run_single_root_search_DNN:end] total_dt=18.261434s fork_dt=0.000296s search_dt=18.260693s encode/write_dt=0.000446s
[run_single_root_search_DNN:after_search] dt=18.263s 
[run_single_root_search_DNN:end] total_dt=18.263383s fork_dt=0.000298s search_dt=18.262662s encode/write_dt=0.000423s
[run_single_root_search_DNN:after_search] dt=18.547s 
[run_single_root_search_DNN:end] total_dt=18.548123s fork_dt=0.000293s search_dt=18.547430s encode/write_dt=0.000400s
[run_single_root_search_DNN:after_search] dt=17.645s 
[run_single_root_search_DNN:end] total_dt=17.645436s fork_dt=0.000299s search_dt=17.644770s encode/write_dt=0.000367s
[run_single_root_search_DNN:after_search] dt=17.842s 
[run_single_root_search_DNN:end] total_dt=17.842600s fork_dt=0.000301s search_dt=17.841959s encode/write_dt=0.000339s
[run_single_root_search_DNN:after_search] dt=17.649s 
[run_single_root_search_DNN:end] total_dt=17.649886s fork_dt=0.000124s search_dt=17.649227s encode/write_dt=0.000535s
[run_single_root_search_DNN:after_search] dt=18.168s 
[run_single_root_search_DNN:end] total_dt=18.169104s fork_dt=0.000196s search_dt=18.168344s encode/write_dt=0.000564s
[run_single_root_search_DNN:after_search] dt=18.123s 
[run_single_root_search_DNN:end] total_dt=18.124095s fork_dt=0.000203s search_dt=18.123343s encode/write_dt=0.000550s
[run_single_root_search_DNN:after_search] dt=18.797s 
[run_single_root_search_DNN:end] total_dt=18.797343s fork_dt=0.000217s search_dt=18.796526s encode/write_dt=0.000600s
[run_single_root_search_DNN:after_search] dt=20.545s 
[run_single_root_search_DNN:end] total_dt=20.546258s fork_dt=0.000218s search_dt=20.545307s encode/write_dt=0.000734s
[run_single_root_search_DNN:after_search] dt=21.115s 
[run_single_root_search_DNN:end] total_dt=21.115490s fork_dt=0.000262s search_dt=21.114554s encode/write_dt=0.000674s
[run_single_root_search_DNN:after_search] dt=21.592s 
[run_single_root_search_DNN:end] total_dt=21.592615s fork_dt=0.000250s search_dt=21.591825s encode/write_dt=0.000539s
[run_single_root_search_DNN:after_search] dt=20.817s 
[run_single_root_search_DNN:end] total_dt=20.818029s fork_dt=0.000217s search_dt=20.817135s encode/write_dt=0.000677s
[run_single_root_search_DNN:after_search] dt=21.127s 
[run_single_root_search_DNN:end] total_dt=21.127342s fork_dt=0.000240s search_dt=21.126552s encode/write_dt=0.000550s
[run_single_root_search_DNN:after_search] dt=21.426s 
[run_single_root_search_DNN:end] total_dt=21.426615s fork_dt=0.000279s search_dt=21.425928s encode/write_dt=0.000408s
[run_single_root_search_DNN:after_search] dt=22.172s 
[run_single_root_search_DNN:end] total_dt=22.172414s fork_dt=0.000400s search_dt=22.171737s encode/write_dt=0.000277s
[run_single_root_search_DNN:after_search] dt=10.533s 
[run_single_root_search_DNN:end] total_dt=10.533400s fork_dt=0.000246s search_dt=10.532954s encode/write_dt=0.000199s
[run_single_root_search_DNN:after_search] dt=23.349s 
[run_single_root_search_DNN:end] total_dt=23.349830s fork_dt=0.000281s search_dt=23.348864s encode/write_dt=0.000684s
[run_single_root_search_DNN:after_search] dt=24.098s 
[run_single_root_search_DNN:end] total_dt=24.098485s fork_dt=0.000282s search_dt=24.097563s encode/write_dt=0.000640s
[run_single_root_search_DNN:after_search] dt=23.810s 
[run_single_root_search_DNN:end] total_dt=23.810902s fork_dt=0.000309s search_dt=23.809572s encode/write_dt=0.001021s
[run_single_root_search_DNN:after_search] dt=23.132s 
[run_single_root_search_DNN:end] total_dt=23.132958s fork_dt=0.000419s search_dt=23.131520s encode/write_dt=0.001019s
[run_single_root_search_DNN:after_search] dt=22.769s 
[run_single_root_search_DNN:end] total_dt=22.770415s fork_dt=0.000297s search_dt=22.769246s encode/write_dt=0.000873s
[run_single_root_search_DNN:after_search] dt=24.494s 
[run_single_root_search_DNN:end] total_dt=24.495636s fork_dt=0.000384s search_dt=24.494388s encode/write_dt=0.000864s
[run_single_root_search_DNN:after_search] dt=24.143s 
[run_single_root_search_DNN:end] total_dt=24.143866s fork_dt=0.000423s search_dt=24.142665s encode/write_dt=0.000778s
[run_single_root_search_DNN:after_search] dt=24.636s 
[run_single_root_search_DNN:end] total_dt=24.637115s fork_dt=0.000295s search_dt=24.635784s encode/write_dt=0.001036s
[run_single_root_search_DNN:after_search] dt=23.796s 
[run_single_root_search_DNN:end] total_dt=23.796793s fork_dt=0.000273s search_dt=23.795832s encode/write_dt=0.000687s
[run_single_root_search_DNN:after_search] dt=24.451s 
[run_single_root_search_DNN:end] total_dt=24.452369s fork_dt=0.000313s search_dt=24.451302s encode/write_dt=0.000754s
[run_single_root_search_DNN:after_search] dt=23.964s 
[run_single_root_search_DNN:end] total_dt=23.964932s fork_dt=0.000326s search_dt=23.964008s encode/write_dt=0.000597s
[run_single_root_search_DNN:after_search] dt=24.021s 
[run_single_root_search_DNN:end] total_dt=24.022578s fork_dt=0.000306s search_dt=24.021473s encode/write_dt=0.000800s
[run_single_root_search_DNN:after_search] dt=23.349s 
[run_single_root_search_DNN:end] total_dt=23.350515s fork_dt=0.000433s search_dt=23.349372s encode/write_dt=0.000709s
[run_single_root_search_DNN:after_search] dt=24.354s 
[run_single_root_search_DNN:end] total_dt=24.355228s fork_dt=0.000330s search_dt=24.354108s encode/write_dt=0.000790s
[run_single_root_search_DNN:after_search] dt=23.671s 
[run_single_root_search_DNN:end] total_dt=23.671776s fork_dt=0.000280s search_dt=23.670683s encode/write_dt=0.000813s
[run_single_root_search_DNN:after_search] dt=24.493s 
[run_single_root_search_DNN:end] total_dt=24.494229s fork_dt=0.000276s search_dt=24.492985s encode/write_dt=0.000968s
[run_single_root_search_DNN:after_search] dt=26.025s 
[run_single_root_search_DNN:end] total_dt=26.026232s fork_dt=0.000340s search_dt=26.024828s encode/write_dt=0.001064s
[run_single_root_search_DNN:after_search] dt=26.374s 
[run_single_root_search_DNN:end] total_dt=26.374731s fork_dt=0.000439s search_dt=26.373607s encode/write_dt=0.000685s
[run_single_root_search_DNN:after_search] dt=27.239s 
[run_single_root_search_DNN:end] total_dt=27.239608s fork_dt=0.000270s search_dt=27.238572s encode/write_dt=0.000766s
[run_single_root_search_DNN:after_search] dt=26.541s 
[run_single_root_search_DNN:end] total_dt=26.541881s fork_dt=0.000308s search_dt=26.540868s encode/write_dt=0.000706s
[run_single_root_search_DNN:after_search] dt=25.796s 
[run_single_root_search_DNN:end] total_dt=25.797010s fork_dt=0.000398s search_dt=25.795908s encode/write_dt=0.000705s
[run_single_root_search_DNN:after_search] dt=25.907s 
[run_single_root_search_DNN:end] total_dt=25.907664s fork_dt=0.000358s search_dt=25.906549s encode/write_dt=0.000757s
[run_single_root_search_DNN:after_search] dt=24.973s 
[run_single_root_search_DNN:end] total_dt=24.974073s fork_dt=0.000305s search_dt=24.973057s encode/write_dt=0.000712s
[run_single_root_search_DNN:after_search] dt=25.294s 
[run_single_root_search_DNN:end] total_dt=25.295381s fork_dt=0.000367s search_dt=25.294354s encode/write_dt=0.000660s
[run_single_root_search_DNN:after_search] dt=26.135s 
[run_single_root_search_DNN:end] total_dt=26.136529s fork_dt=0.000427s search_dt=26.135474s encode/write_dt=0.000629s
[run_single_root_search_DNN:after_search] dt=24.396s 
[run_single_root_search_DNN:end] total_dt=24.396934s fork_dt=0.000374s search_dt=24.395672s encode/write_dt=0.000888s
[run_single_root_search_DNN:after_search] dt=24.611s 
[run_single_root_search_DNN:end] total_dt=24.612445s fork_dt=0.000322s search_dt=24.611401s encode/write_dt=0.000723s
[run_single_root_search_DNN:after_search] dt=24.351s 
[run_single_root_search_DNN:end] total_dt=24.351812s fork_dt=0.000406s search_dt=24.350569s encode/write_dt=0.000838s
[run_single_root_search_DNN:after_search] dt=22.152s 
[run_single_root_search_DNN:end] total_dt=22.152474s fork_dt=0.000323s search_dt=22.151527s encode/write_dt=0.000625s
[run_single_root_search_DNN:after_search] dt=19.361s 
[run_single_root_search_DNN:end] total_dt=21.625139s fork_dt=0.000347s search_dt=21.624110s encode/write_dt=0.000682s
[run_single_root_search_DNN:after_search] dt=21.827s 
[run_single_root_search_DNN:end] total_dt=21.827730s fork_dt=0.000336s search_dt=21.826721s encode/write_dt=0.000673s
[run_single_root_search_DNN:after_search] dt=21.015s 
[run_single_root_search_DNN:end] total_dt=21.016250s fork_dt=0.000377s search_dt=21.015195s encode/write_dt=0.000678s
[run_single_root_search_DNN:after_search] dt=21.125s 
[run_single_root_search_DNN:end] total_dt=21.126000s fork_dt=0.000328s search_dt=21.124984s encode/write_dt=0.000689s
[run_single_root_search_DNN:after_search] dt=21.669s 
[run_single_root_search_DNN:end] total_dt=21.670499s fork_dt=0.000326s search_dt=21.669494s encode/write_dt=0.000679s
[run_single_root_search_DNN:after_search] dt=22.445s 
[run_single_root_search_DNN:end] total_dt=22.446397s fork_dt=0.000316s search_dt=22.445415s encode/write_dt=0.000666s
[run_single_root_search_DNN:after_search] dt=19.671s 
[run_single_root_search_DNN:end] total_dt=19.671816s fork_dt=0.000183s search_dt=19.671055s encode/write_dt=0.000577s
[run_single_root_search_DNN:after_search] dt=20.432s 
[run_single_root_search_DNN:end] total_dt=20.433264s fork_dt=0.000279s search_dt=20.432377s encode/write_dt=0.000608s
[run_single_root_search_DNN:after_search] dt=20.633s 
[run_single_root_search_DNN:end] total_dt=20.634003s fork_dt=0.000282s search_dt=20.633015s encode/write_dt=0.000706s
[run_single_root_search_DNN:after_search] dt=23.179s 
[run_single_root_search_DNN:end] total_dt=23.179897s fork_dt=0.000301s search_dt=23.178968s encode/write_dt=0.000627s
[run_single_root_search_DNN:after_search] dt=25.488s 
[run_single_root_search_DNN:end] total_dt=25.489297s fork_dt=0.000323s search_dt=25.488293s encode/write_dt=0.000682s
[run_single_root_search_DNN:after_search] dt=25.992s 
[run_single_root_search_DNN:end] total_dt=25.993170s fork_dt=0.000431s search_dt=25.991931s encode/write_dt=0.000808s
[run_single_root_search_DNN:after_search] dt=26.283s 
[run_single_root_search_DNN:end] total_dt=26.284099s fork_dt=0.000310s search_dt=26.282860s encode/write_dt=0.000929s
[run_single_root_search_DNN:after_search] dt=25.830s 
[run_single_root_search_DNN:end] total_dt=25.830581s fork_dt=0.000328s search_dt=25.829549s encode/write_dt=0.000705s
[run_single_root_search_DNN:after_search] dt=26.166s 
[run_single_root_search_DNN:end] total_dt=26.166935s fork_dt=0.000330s search_dt=26.165665s encode/write_dt=0.000939s
[run_single_root_search_DNN:after_search] dt=26.173s 
[run_single_root_search_DNN:end] total_dt=26.173835s fork_dt=0.000398s search_dt=26.172730s encode/write_dt=0.000706s
[run_single_root_search_DNN:after_search] dt=26.160s 
[run_single_root_search_DNN:end] total_dt=26.160597s fork_dt=0.000449s search_dt=26.159516s encode/write_dt=0.000632s
[run_single_root_search_DNN:after_search] dt=25.957s 
[run_single_root_search_DNN:end] total_dt=25.957940s fork_dt=0.000452s search_dt=25.956893s encode/write_dt=0.000595s
[run_single_root_search_DNN:after_search] dt=24.820s 
[run_single_root_search_DNN:end] total_dt=24.820772s fork_dt=0.000302s search_dt=24.819818s encode/write_dt=0.000653s
[run_single_root_search_DNN:after_search] dt=25.665s 
[run_single_root_search_DNN:end] total_dt=25.665792s fork_dt=0.000436s search_dt=25.664606s encode/write_dt=0.000751s
[run_single_root_search_DNN:after_search] dt=25.965s 
[run_single_root_search_DNN:end] total_dt=25.966795s fork_dt=0.000380s search_dt=25.965232s encode/write_dt=0.001182s
[run_single_root_search_DNN:after_search] dt=25.797s 
[run_single_root_search_DNN:end] total_dt=25.797702s fork_dt=0.000407s search_dt=25.796659s encode/write_dt=0.000636s
[run_single_root_search_DNN:after_search] dt=24.868s 
[run_single_root_search_DNN:end] total_dt=24.869845s fork_dt=0.000485s search_dt=24.868443s encode/write_dt=0.000918s
[run_single_root_search_DNN:after_search] dt=24.696s 
[run_single_root_search_DNN:end] total_dt=24.696704s fork_dt=0.000337s search_dt=24.695514s encode/write_dt=0.000852s
[run_single_root_search_DNN:after_search] dt=24.773s 
[run_single_root_search_DNN:end] total_dt=24.773921s fork_dt=0.000394s search_dt=24.772887s encode/write_dt=0.000641s
[run_single_root_search_DNN:after_search] dt=25.046s 
[run_single_root_search_DNN:end] total_dt=25.046959s fork_dt=0.000332s search_dt=25.045631s encode/write_dt=0.000996s
[run_single_root_search_DNN:after_search] dt=24.920s 
[run_single_root_search_DNN:end] total_dt=24.921445s fork_dt=0.000504s search_dt=24.920284s encode/write_dt=0.000657s
[run_single_root_search_DNN:after_search] dt=24.527s 
[run_single_root_search_DNN:end] total_dt=24.527652s fork_dt=0.000390s search_dt=24.526788s encode/write_dt=0.000474s
[run_single_root_search_DNN:after_search] dt=24.883s 
[run_single_root_search_DNN:end] total_dt=24.884341s fork_dt=0.000512s search_dt=24.883342s encode/write_dt=0.000488s
[run_single_root_search_DNN:after_search] dt=24.823s 
[run_single_root_search_DNN:end] total_dt=24.823444s fork_dt=0.000322s search_dt=24.822724s encode/write_dt=0.000398s
[run_single_root_search_DNN:after_search] dt=11.738s 
[run_single_root_search_DNN:end] total_dt=11.739129s fork_dt=0.000357s search_dt=11.738463s encode/write_dt=0.000309s
[run_single_root_search_DNN:after_search] dt=26.796s 
[run_single_root_search_DNN:end] total_dt=26.797214s fork_dt=0.000490s search_dt=26.795973s encode/write_dt=0.000750s
[run_single_root_search_DNN:after_search] dt=26.798s 
[run_single_root_search_DNN:end] total_dt=26.799386s fork_dt=0.000567s search_dt=26.797945s encode/write_dt=0.000874s
[run_single_root_search_DNN:after_search] dt=26.545s 
[run_single_root_search_DNN:end] total_dt=26.545677s fork_dt=0.000404s search_dt=26.544523s encode/write_dt=0.000750s
[run_single_root_search_DNN:after_search] dt=26.636s 
[run_single_root_search_DNN:end] total_dt=26.637523s fork_dt=0.000411s search_dt=26.636249s encode/write_dt=0.000863s
[run_single_root_search_DNN:after_search] dt=26.724s 
[run_single_root_search_DNN:end] total_dt=26.726389s fork_dt=0.000368s search_dt=26.724223s encode/write_dt=0.001798s
[run_single_root_search_DNN:after_search] dt=27.435s 
[run_single_root_search_DNN:end] total_dt=27.436110s fork_dt=0.000455s search_dt=27.434795s encode/write_dt=0.000860s
[run_single_root_search_DNN:after_search] dt=26.786s 
[run_single_root_search_DNN:end] total_dt=26.787040s fork_dt=0.000380s search_dt=26.785763s encode/write_dt=0.000896s
[run_single_root_search_DNN:after_search] dt=26.938s 
[run_single_root_search_DNN:end] total_dt=26.939875s fork_dt=0.000463s search_dt=26.938249s encode/write_dt=0.001163s
[run_single_root_search_DNN:after_search] dt=27.652s 
[run_single_root_search_DNN:end] total_dt=27.652942s fork_dt=0.000364s search_dt=27.651648s encode/write_dt=0.000931s
[run_single_root_search_DNN:after_search] dt=28.384s 
[run_single_root_search_DNN:end] total_dt=28.385449s fork_dt=0.000500s search_dt=28.384061s encode/write_dt=0.000888s
[run_single_root_search_DNN:after_search] dt=28.241s 
[run_single_root_search_DNN:end] total_dt=28.242353s fork_dt=0.000349s search_dt=28.241285s encode/write_dt=0.000718s
[run_single_root_search_DNN:after_search] dt=28.246s 
[run_single_root_search_DNN:end] total_dt=28.247608s fork_dt=0.000497s search_dt=28.245999s encode/write_dt=0.001112s
[run_single_root_search_DNN:after_search] dt=25.009s 
[run_single_root_search_DNN:end] total_dt=25.009752s fork_dt=0.000358s search_dt=25.008677s encode/write_dt=0.000717s
[run_single_root_search_DNN:after_search] dt=23.448s 
[run_single_root_search_DNN:end] total_dt=23.449129s fork_dt=0.000320s search_dt=23.448133s encode/write_dt=0.000675s
[run_single_root_search_DNN:after_search] dt=22.802s 
[run_single_root_search_DNN:end] total_dt=22.802562s fork_dt=0.000323s search_dt=22.801509s encode/write_dt=0.000730s
[run_single_root_search_DNN:after_search] dt=22.621s 
[run_single_root_search_DNN:end] total_dt=22.621749s fork_dt=0.000353s search_dt=22.620712s encode/write_dt=0.000684s
[run_single_root_search_DNN:after_search] dt=22.942s 
[run_single_root_search_DNN:end] total_dt=22.373836s fork_dt=0.000398s search_dt=22.372753s encode/write_dt=0.000685s
[run_single_root_search_DNN:after_search] dt=21.410s 
[run_single_root_search_DNN:end] total_dt=21.410818s fork_dt=0.000336s search_dt=21.409810s encode/write_dt=0.000672s
[run_single_root_search_DNN:after_search] dt=21.786s 
[run_single_root_search_DNN:end] total_dt=21.787268s fork_dt=0.000338s search_dt=21.786241s encode/write_dt=0.000689s
[run_single_root_search_DNN:after_search] dt=21.850s 
[run_single_root_search_DNN:end] total_dt=21.851418s fork_dt=0.000321s search_dt=21.850438s encode/write_dt=0.000659s
[run_single_root_search_DNN:after_search] dt=22.453s 
[run_single_root_search_DNN:end] total_dt=22.453951s fork_dt=0.000303s search_dt=22.452975s encode/write_dt=0.000673s
[run_single_root_search_DNN:after_search] dt=20.131s 
[run_single_root_search_DNN:end] total_dt=20.132314s fork_dt=0.000299s search_dt=20.131408s encode/write_dt=0.000606s
[run_single_root_search_DNN:after_search] dt=19.974s 
[run_single_root_search_DNN:end] total_dt=19.974243s fork_dt=0.000203s search_dt=19.973712s encode/write_dt=0.000328s
[run_single_root_search_DNN:after_search] dt=9.785s 
[run_single_root_search_DNN:end] total_dt=9.785054s fork_dt=0.000263s search_dt=9.784558s encode/write_dt=0.000233s
[run_single_root_search_DNN:after_search] dt=21.828s 
[run_single_root_search_DNN:end] total_dt=21.829369s fork_dt=0.000323s search_dt=21.828368s encode/write_dt=0.000678s
[run_single_root_search_DNN:after_search] dt=23.731s 
[run_single_root_search_DNN:end] total_dt=23.731863s fork_dt=0.000340s search_dt=23.730832s encode/write_dt=0.000692s
[run_single_root_search_DNN:after_search] dt=26.071s 
[run_single_root_search_DNN:end] total_dt=26.072088s fork_dt=0.000632s search_dt=26.070500s encode/write_dt=0.000956s
[run_single_root_search_DNN:after_search] dt=26.326s 
[run_single_root_search_DNN:end] total_dt=26.327444s fork_dt=0.000420s search_dt=26.326215s encode/write_dt=0.000809s
[run_single_root_search_DNN:after_search] dt=27.176s 
[run_single_root_search_DNN:end] total_dt=27.177509s fork_dt=0.000465s search_dt=27.176141s encode/write_dt=0.000903s
[run_single_root_search_DNN:after_search] dt=27.653s 
[run_single_root_search_DNN:end] total_dt=27.654060s fork_dt=0.000392s search_dt=27.652783s encode/write_dt=0.000884s
[run_single_root_search_DNN:after_search] dt=27.369s 
[run_single_root_search_DNN:end] total_dt=27.369676s fork_dt=0.000383s search_dt=27.368501s encode/write_dt=0.000792s
[run_single_root_search_DNN:after_search] dt=28.077s 
[run_single_root_search_DNN:end] total_dt=28.078369s fork_dt=0.000614s search_dt=28.076694s encode/write_dt=0.001062s
[run_single_root_search_DNN:after_search] dt=29.129s 
[run_single_root_search_DNN:end] total_dt=29.129795s fork_dt=0.000499s search_dt=29.128516s encode/write_dt=0.000780s
[run_single_root_search_DNN:after_search] dt=29.161s 
[run_single_root_search_DNN:end] total_dt=29.162235s fork_dt=0.000493s search_dt=29.160871s encode/write_dt=0.000871s
[run_single_root_search_DNN:after_search] dt=29.311s 
[run_single_root_search_DNN:end] total_dt=29.311717s fork_dt=0.000393s search_dt=29.310622s encode/write_dt=0.000702s
[run_single_root_search_DNN:after_search] dt=28.726s 
[run_single_root_search_DNN:end] total_dt=28.727857s fork_dt=0.000540s search_dt=28.726478s encode/write_dt=0.000838s
[run_single_root_search_DNN:after_search] dt=31.377s 
[run_single_root_search_DNN:end] total_dt=31.378172s fork_dt=0.000653s search_dt=31.376716s encode/write_dt=0.000803s
[run_single_root_search_DNN:after_search] dt=29.580s 
[run_single_root_search_DNN:end] total_dt=29.581025s fork_dt=0.000534s search_dt=29.579792s encode/write_dt=0.000699s
[run_single_root_search_DNN:after_search] dt=29.329s 
[run_single_root_search_DNN:end] total_dt=29.330109s fork_dt=0.000531s search_dt=29.328855s encode/write_dt=0.000723s
[run_single_root_search_DNN:after_search] dt=29.618s 
[run_single_root_search_DNN:end] total_dt=29.618868s fork_dt=0.000408s search_dt=29.617570s encode/write_dt=0.000890s
[run_single_root_search_DNN:after_search] dt=29.062s 
[run_single_root_search_DNN:end] total_dt=29.063085s fork_dt=0.000378s search_dt=29.061975s encode/write_dt=0.000732s
[run_single_root_search_DNN:after_search] dt=28.678s 
[run_single_root_search_DNN:end] total_dt=28.679045s fork_dt=0.000588s search_dt=28.677636s encode/write_dt=0.000822s
[run_single_root_search_DNN:after_search] dt=30.276s 
[run_single_root_search_DNN:end] total_dt=30.277557s fork_dt=0.000534s search_dt=30.276234s encode/write_dt=0.000789s
[run_single_root_search_DNN:after_search] dt=28.583s 
[run_single_root_search_DNN:end] total_dt=28.584452s fork_dt=0.000557s search_dt=28.583116s encode/write_dt=0.000779s
[run_single_root_search_DNN:after_search] dt=28.421s 
[run_single_root_search_DNN:end] total_dt=28.422459s fork_dt=0.000431s search_dt=28.421002s encode/write_dt=0.001026s
[run_single_root_search_DNN:after_search] dt=28.345s 
[run_single_root_search_DNN:end] total_dt=28.346941s fork_dt=0.000666s search_dt=28.345338s encode/write_dt=0.000937s
[run_single_root_search_DNN:after_search] dt=29.051s 
[run_single_root_search_DNN:end] total_dt=29.052538s fork_dt=0.000545s search_dt=29.050897s encode/write_dt=0.001097s
[run_single_root_search_DNN:after_search] dt=28.058s 
[run_single_root_search_DNN:end] total_dt=28.059787s fork_dt=0.000518s search_dt=28.058480s encode/write_dt=0.000789s
[run_single_root_search_DNN:after_search] dt=29.328s 
[run_single_root_search_DNN:end] total_dt=29.329332s fork_dt=0.000405s search_dt=29.328134s encode/write_dt=0.000794s
[run_single_root_search_DNN:after_search] dt=27.696s 
[run_single_root_search_DNN:end] total_dt=27.697441s fork_dt=0.000559s search_dt=27.695960s encode/write_dt=0.000922s
[run_single_root_search_DNN:after_search] dt=27.517s 
[run_single_root_search_DNN:end] total_dt=27.518766s fork_dt=0.000661s search_dt=27.517216s encode/write_dt=0.000889s
[run_single_root_search_DNN:after_search] dt=27.652s 
[run_single_root_search_DNN:end] total_dt=27.653360s fork_dt=0.000511s search_dt=27.652027s encode/write_dt=0.000822s
[run_single_root_search_DNN:after_search] dt=27.772s 
[run_single_root_search_DNN:end] total_dt=27.772919s fork_dt=0.000619s search_dt=27.771506s encode/write_dt=0.000794s
[run_single_root_search_DNN:after_search] dt=27.278s 
[run_single_root_search_DNN:end] total_dt=27.279360s fork_dt=0.000520s search_dt=27.277946s encode/write_dt=0.000894s
[run_single_root_search_DNN:after_search] dt=27.240s 
[run_single_root_search_DNN:end] total_dt=27.241019s fork_dt=0.000530s search_dt=27.239580s encode/write_dt=0.000908s
[run_single_root_search_DNN:after_search] dt=27.182s 
[run_single_root_search_DNN:end] total_dt=27.183065s fork_dt=0.000589s search_dt=27.181653s encode/write_dt=0.000823s
[run_single_root_search_DNN:after_search] dt=24.247s 
[run_single_root_search_DNN:end] total_dt=24.248288s fork_dt=0.000437s search_dt=24.247295s encode/write_dt=0.000556s
[run_single_root_search_DNN:after_search] dt=21.649s 
[run_single_root_search_DNN:end] total_dt=21.650118s fork_dt=0.000377s search_dt=21.649261s encode/write_dt=0.000480s
[run_single_root_search_DNN:after_search] dt=22.242s 
[run_single_root_search_DNN:end] total_dt=22.242709s fork_dt=0.000368s search_dt=22.241918s encode/write_dt=0.000423s
[run_single_root_search_DNN:after_search] dt=21.684s 
[run_single_root_search_DNN:end] total_dt=21.684639s fork_dt=0.000390s search_dt=21.683882s encode/write_dt=0.000366s
[run_single_root_search_DNN:after_search] dt=10.262s 
[run_single_root_search_DNN:end] total_dt=10.262452s fork_dt=0.000400s search_dt=10.261800s encode/write_dt=0.000252s
[run_single_root_search_DNN:after_search] dt=23.118s 
[run_single_root_search_DNN:end] total_dt=23.119049s fork_dt=0.000371s search_dt=23.117922s encode/write_dt=0.000756s
[run_single_root_search_DNN:after_search] dt=21.852s 
[run_single_root_search_DNN:end] total_dt=21.852690s fork_dt=0.000356s search_dt=21.851628s encode/write_dt=0.000705s
[run_single_root_search_DNN:after_search] dt=21.934s 
[run_single_root_search_DNN:end] total_dt=20.855333s fork_dt=0.000278s search_dt=20.854426s encode/write_dt=0.000630s
[run_single_root_search_DNN:after_search] dt=21.611s 
[run_single_root_search_DNN:end] total_dt=21.611489s fork_dt=0.000282s search_dt=21.610525s encode/write_dt=0.000682s
[run_single_root_search_DNN:after_search] dt=19.877s 
[run_single_root_search_DNN:end] total_dt=19.877877s fork_dt=0.000284s search_dt=19.876969s encode/write_dt=0.000623s
[run_single_root_search_DNN:after_search] dt=20.333s 
[run_single_root_search_DNN:end] total_dt=20.334001s fork_dt=0.000262s search_dt=20.333049s encode/write_dt=0.000690s
[run_single_root_search_DNN:after_search] dt=19.665s 
[run_single_root_search_DNN:end] total_dt=19.666226s fork_dt=0.000264s search_dt=19.665311s encode/write_dt=0.000651s
[run_single_root_search_DNN:after_search] dt=19.472s 
[run_single_root_search_DNN:end] total_dt=19.472635s fork_dt=0.000297s search_dt=19.471704s encode/write_dt=0.000633s
[run_single_root_search_DNN:after_search] dt=9.708s 
[run_single_root_search_DNN:end] total_dt=9.708894s fork_dt=0.000220s search_dt=9.708417s encode/write_dt=0.000256s
[run_single_root_search_DNN:after_search] dt=21.880s 
[run_single_root_search_DNN:end] total_dt=21.881408s fork_dt=0.000423s search_dt=21.880234s encode/write_dt=0.000751s
[run_single_root_search_DNN:after_search] dt=21.964s 
[run_single_root_search_DNN:end] total_dt=21.964556s fork_dt=0.000350s search_dt=21.963502s encode/write_dt=0.000704s
[run_single_root_search_DNN:after_search] dt=23.460s 
[run_single_root_search_DNN:end] total_dt=23.461631s fork_dt=0.000385s search_dt=23.460460s encode/write_dt=0.000786s
[run_single_root_search_DNN:after_search] dt=26.313s 
[run_single_root_search_DNN:end] total_dt=26.314595s fork_dt=0.000478s search_dt=26.313122s encode/write_dt=0.000995s
[run_single_root_search_DNN:after_search] dt=27.693s 
[run_single_root_search_DNN:end] total_dt=27.694580s fork_dt=0.000492s search_dt=27.693262s encode/write_dt=0.000826s
[run_single_root_search_DNN:after_search] dt=27.782s 
[run_single_root_search_DNN:end] total_dt=27.783411s fork_dt=0.000771s search_dt=27.781852s encode/write_dt=0.000787s
[run_single_root_search_DNN:after_search] dt=27.865s 
[run_single_root_search_DNN:end] total_dt=27.866180s fork_dt=0.000527s search_dt=27.864586s encode/write_dt=0.001067s
[run_single_root_search_DNN:after_search] dt=30.096s 
[run_single_root_search_DNN:end] total_dt=30.097706s fork_dt=0.000413s search_dt=30.096347s encode/write_dt=0.000946s
[run_single_root_search_DNN:after_search] dt=29.559s 
[run_single_root_search_DNN:end] total_dt=29.560871s fork_dt=0.000444s search_dt=29.559427s encode/write_dt=0.001000s
[run_single_root_search_DNN:after_search] dt=30.312s 
[run_single_root_search_DNN:end] total_dt=30.313793s fork_dt=0.000624s search_dt=30.312404s encode/write_dt=0.000765s
[run_single_root_search_DNN:after_search] dt=30.594s 
[run_single_root_search_DNN:end] total_dt=30.595746s fork_dt=0.000608s search_dt=30.594383s encode/write_dt=0.000755s
[run_single_root_search_DNN:after_search] dt=29.903s 
[run_single_root_search_DNN:end] total_dt=29.904103s fork_dt=0.000464s search_dt=29.902826s encode/write_dt=0.000813s
[run_single_root_search_DNN:after_search] dt=31.167s 
[run_single_root_search_DNN:end] total_dt=31.168150s fork_dt=0.000523s search_dt=31.166813s encode/write_dt=0.000815s
[run_single_root_search_DNN:after_search] dt=29.867s 
[run_single_root_search_DNN:end] total_dt=29.868035s fork_dt=0.000571s search_dt=29.866642s encode/write_dt=0.000822s
[run_single_root_search_DNN:after_search] dt=30.327s 
[run_single_root_search_DNN:end] total_dt=30.328512s fork_dt=0.000435s search_dt=30.327233s encode/write_dt=0.000844s
[run_single_root_search_DNN:after_search] dt=30.529s 
[run_single_root_search_DNN:end] total_dt=30.530010s fork_dt=0.000494s search_dt=30.528712s encode/write_dt=0.000804s
[run_single_root_search_DNN:after_search] dt=29.799s 
[run_single_root_search_DNN:end] total_dt=29.801026s fork_dt=0.000562s search_dt=29.799483s encode/write_dt=0.000981s
[run_single_root_search_DNN:after_search] dt=29.944s 
[run_single_root_search_DNN:end] total_dt=29.945272s fork_dt=0.000538s search_dt=29.943800s encode/write_dt=0.000934s
[run_single_root_search_DNN:after_search] dt=28.853s 
[run_single_root_search_DNN:end] total_dt=28.853785s fork_dt=0.000405s search_dt=28.852589s encode/write_dt=0.000792s
[run_single_root_search_DNN:after_search] dt=29.847s 
[run_single_root_search_DNN:end] total_dt=29.848278s fork_dt=0.000681s search_dt=29.846524s encode/write_dt=0.001073s
[run_single_root_search_DNN:after_search] dt=29.468s 
[run_single_root_search_DNN:end] total_dt=29.469412s fork_dt=0.000466s search_dt=29.468071s encode/write_dt=0.000875s
[run_single_root_search_DNN:after_search] dt=29.329s 
[run_single_root_search_DNN:end] total_dt=29.330344s fork_dt=0.000494s search_dt=29.328784s encode/write_dt=0.001067s
[run_single_root_search_DNN:after_search] dt=29.424s 
[run_single_root_search_DNN:end] total_dt=29.425996s fork_dt=0.000477s search_dt=29.424354s encode/write_dt=0.001165s
[run_single_root_search_DNN:after_search] dt=29.214s 
[run_single_root_search_DNN:end] total_dt=29.215964s fork_dt=0.000451s search_dt=29.214000s encode/write_dt=0.001513s
[run_single_root_search_DNN:after_search] dt=28.700s 
[run_single_root_search_DNN:end] total_dt=28.701298s fork_dt=0.000434s search_dt=28.699903s encode/write_dt=0.000962s
[run_single_root_search_DNN:after_search] dt=28.576s 
[run_single_root_search_DNN:end] total_dt=28.578312s fork_dt=0.000654s search_dt=28.576493s encode/write_dt=0.001164s
[run_single_root_search_DNN:after_search] dt=28.251s 
[run_single_root_search_DNN:end] total_dt=28.251965s fork_dt=0.000550s search_dt=28.250736s encode/write_dt=0.000679s
[run_single_root_search_DNN:after_search] dt=28.276s 
[run_single_root_search_DNN:end] total_dt=28.277197s fork_dt=0.000501s search_dt=28.275880s encode/write_dt=0.000816s
[run_single_root_search_DNN:after_search] dt=28.872s 
[run_single_root_search_DNN:end] total_dt=28.873599s fork_dt=0.000426s search_dt=28.872331s encode/write_dt=0.000842s
[run_single_root_search_DNN:after_search] dt=28.063s 
[run_single_root_search_DNN:end] total_dt=28.063722s fork_dt=0.000531s search_dt=28.062588s encode/write_dt=0.000604s
[run_single_root_search_DNN:after_search] dt=28.407s 
[run_single_root_search_DNN:end] total_dt=28.407822s fork_dt=0.000568s search_dt=28.406679s encode/write_dt=0.000575s
[run_single_root_search_DNN:after_search] dt=27.975s 
[run_single_root_search_DNN:end] total_dt=27.975995s fork_dt=0.000502s search_dt=27.974987s encode/write_dt=0.000506s
[run_single_root_search_DNN:after_search] dt=25.272s 
[run_single_root_search_DNN:end] total_dt=25.273003s fork_dt=0.000560s search_dt=25.271996s encode/write_dt=0.000448s
[run_single_root_search_DNN:after_search] dt=22.274s 
[run_single_root_search_DNN:end] total_dt=22.274663s fork_dt=0.000468s search_dt=22.273735s encode/write_dt=0.000459s
[run_single_root_search_DNN:after_search] dt=10.962s 
[run_single_root_search_DNN:end] total_dt=10.962245s fork_dt=0.000378s search_dt=10.961577s encode/write_dt=0.000291s
[run_single_root_search_DNN:after_search] dt=24.134s 
[run_single_root_search_DNN:end] total_dt=24.134778s fork_dt=0.000415s search_dt=24.133577s encode/write_dt=0.000787s
[run_single_root_search_DNN:after_search] dt=24.459s 
[run_single_root_search_DNN:end] total_dt=24.460174s fork_dt=0.000421s search_dt=24.459028s encode/write_dt=0.000725s
[run_single_root_search_DNN:after_search] dt=22.811s 
[run_single_root_search_DNN:end] total_dt=22.811925s fork_dt=0.000529s search_dt=22.810653s encode/write_dt=0.000743s
[run_single_root_search_DNN:after_search] dt=23.286s 
[run_single_root_search_DNN:end] total_dt=23.287148s fork_dt=0.000397s search_dt=23.286033s encode/write_dt=0.000719s
[run_single_root_search_DNN:after_search] dt=22.987s 
[run_single_root_search_DNN:end] total_dt=22.988087s fork_dt=0.000378s search_dt=22.986983s encode/write_dt=0.000725s
[run_single_root_search_DNN:after_search] dt=22.483s 
[run_single_root_search_DNN:end] total_dt=20.838377s fork_dt=0.000246s search_dt=20.837547s encode/write_dt=0.000583s
[run_single_root_search_DNN:after_search] dt=20.122s 
[run_single_root_search_DNN:end] total_dt=20.122379s fork_dt=0.000197s search_dt=20.121703s encode/write_dt=0.000479s
[run_single_root_search_DNN:after_search] dt=19.929s 
[run_single_root_search_DNN:end] total_dt=19.930235s fork_dt=0.000252s search_dt=19.929468s encode/write_dt=0.000515s
[run_single_root_search_DNN:after_search] dt=20.127s 
[run_single_root_search_DNN:end] total_dt=20.127762s fork_dt=0.000242s search_dt=20.126929s encode/write_dt=0.000590s
[run_single_root_search_DNN:after_search] dt=19.599s 
[run_single_root_search_DNN:end] total_dt=19.599410s fork_dt=0.000192s search_dt=19.598741s encode/write_dt=0.000477s
[run_single_root_search_DNN:after_search] dt=19.046s 
[run_single_root_search_DNN:end] total_dt=19.047015s fork_dt=0.000200s search_dt=19.046252s encode/write_dt=0.000563s
[run_single_root_search_DNN:after_search] dt=18.799s 
[run_single_root_search_DNN:end] total_dt=18.799890s fork_dt=0.000219s search_dt=18.799175s encode/write_dt=0.000497s
[run_single_root_search_DNN:after_search] dt=18.301s 
[run_single_root_search_DNN:end] total_dt=18.301758s fork_dt=0.000259s search_dt=18.300961s encode/write_dt=0.000538s
[run_single_root_search_DNN:after_search] dt=18.523s 
[run_single_root_search_DNN:end] total_dt=18.523812s fork_dt=0.000284s search_dt=18.523089s encode/write_dt=0.000439s
[run_single_root_search_DNN:after_search] dt=5.620s 
[run_single_root_search_DNN:end] total_dt=5.620547s fork_dt=0.000020s search_dt=5.620364s encode/write_dt=0.000163s
[run_single_root_search_DNN:after_search] dt=12.552s 
[run_single_root_search_DNN:end] total_dt=12.552362s fork_dt=0.000130s search_dt=12.551801s encode/write_dt=0.000431s
[run_single_root_search_DNN:after_search] dt=11.985s 
[run_single_root_search_DNN:end] total_dt=11.985287s fork_dt=0.000143s search_dt=11.984688s encode/write_dt=0.000456s
[run_single_root_search_DNN:after_search] dt=12.468s 
[run_single_root_search_DNN:end] total_dt=12.468519s fork_dt=0.000149s search_dt=12.467879s encode/write_dt=0.000490s
[run_single_root_search_DNN:after_search] dt=12.461s 
[run_single_root_search_DNN:end] total_dt=12.461984s fork_dt=0.000145s search_dt=12.461364s encode/write_dt=0.000475s
[run_single_root_search_DNN:after_search] dt=12.648s 
[run_single_root_search_DNN:end] total_dt=12.648828s fork_dt=0.000147s search_dt=12.648162s encode/write_dt=0.000518s
[run_single_root_search_DNN:after_search] dt=12.960s 
[run_single_root_search_DNN:end] total_dt=12.961039s fork_dt=0.000154s search_dt=12.960324s encode/write_dt=0.000561s
[run_single_root_search_DNN:after_search] dt=13.367s 
[run_single_root_search_DNN:end] total_dt=13.367700s fork_dt=0.000142s search_dt=13.367047s encode/write_dt=0.000511s
[run_single_root_search_DNN:after_search] dt=14.351s 
[run_single_root_search_DNN:end] total_dt=14.351806s fork_dt=0.000149s search_dt=14.351164s encode/write_dt=0.000493s
[run_single_root_search_DNN:after_search] dt=14.796s 
[run_single_root_search_DNN:end] total_dt=14.796409s fork_dt=0.000174s search_dt=14.795602s encode/write_dt=0.000633s
[run_single_root_search_DNN:after_search] dt=16.758s 
[run_single_root_search_DNN:end] total_dt=16.758683s fork_dt=0.000168s search_dt=16.757751s encode/write_dt=0.000764s
[run_single_root_search_DNN:after_search] dt=16.346s 
[run_single_root_search_DNN:end] total_dt=16.346880s fork_dt=0.000214s search_dt=16.345833s encode/write_dt=0.000832s
[run_single_root_search_DNN:after_search] dt=17.187s 
[run_single_root_search_DNN:end] total_dt=17.187866s fork_dt=0.000193s search_dt=17.186975s encode/write_dt=0.000698s
[run_single_root_search_DNN:after_search] dt=17.100s 
[run_single_root_search_DNN:end] total_dt=17.101281s fork_dt=0.000169s search_dt=17.100493s encode/write_dt=0.000618s
[run_single_root_search_DNN:after_search] dt=16.318s 
[run_single_root_search_DNN:end] total_dt=16.318734s fork_dt=0.000157s search_dt=16.318028s encode/write_dt=0.000549s
[run_single_root_search_DNN:after_search] dt=18.432s 
[run_single_root_search_DNN:end] total_dt=18.432558s fork_dt=0.000187s search_dt=18.431750s encode/write_dt=0.000621s
[run_single_root_search_DNN:after_search] dt=20.440s 
[run_single_root_search_DNN:end] total_dt=20.440752s fork_dt=0.000178s search_dt=20.439952s encode/write_dt=0.000622s
[run_single_root_search_DNN:after_search] dt=20.348s 
[run_single_root_search_DNN:end] total_dt=20.348437s fork_dt=0.000249s search_dt=20.347527s encode/write_dt=0.000661s
[run_single_root_search_DNN:after_search] dt=20.574s 
[run_single_root_search_DNN:end] total_dt=20.574385s fork_dt=0.000206s search_dt=20.573615s encode/write_dt=0.000564s
[run_single_root_search_DNN:after_search] dt=19.859s 
[run_single_root_search_DNN:end] total_dt=19.859467s fork_dt=0.000207s search_dt=19.858768s encode/write_dt=0.000492s
[run_single_root_search_DNN:after_search] dt=20.499s 
[run_single_root_search_DNN:end] total_dt=20.499472s fork_dt=0.000183s search_dt=20.498745s encode/write_dt=0.000544s
[run_single_root_search_DNN:after_search] dt=19.573s 
[run_single_root_search_DNN:end] total_dt=19.573623s fork_dt=0.000196s search_dt=19.572909s encode/write_dt=0.000517s
[run_single_root_search_DNN:after_search] dt=19.867s 
[run_single_root_search_DNN:end] total_dt=19.867569s fork_dt=0.000155s search_dt=19.866837s encode/write_dt=0.000576s
[run_single_root_search_DNN:after_search] dt=19.687s 
[run_single_root_search_DNN:end] total_dt=19.687711s fork_dt=0.000192s search_dt=19.686753s encode/write_dt=0.000767s
[run_single_root_search_DNN:after_search] dt=19.185s 
[run_single_root_search_DNN:end] total_dt=19.186218s fork_dt=0.000227s search_dt=19.185407s encode/write_dt=0.000584s
[run_single_root_search_DNN:after_search] dt=20.007s 
[run_single_root_search_DNN:end] total_dt=20.007647s fork_dt=0.000180s search_dt=20.006776s encode/write_dt=0.000691s
[run_single_root_search_DNN:after_search] dt=19.449s 
[run_single_root_search_DNN:end] total_dt=19.449766s fork_dt=0.000170s search_dt=19.449009s encode/write_dt=0.000586s
[run_single_root_search_DNN:after_search] dt=19.650s 
[run_single_root_search_DNN:end] total_dt=19.650628s fork_dt=0.000179s search_dt=19.649948s encode/write_dt=0.000502s
[run_single_root_search_DNN:after_search] dt=18.895s 
[run_single_root_search_DNN:end] total_dt=18.896235s fork_dt=0.000149s search_dt=18.895363s encode/write_dt=0.000723s
[run_single_root_search_DNN:after_search] dt=19.625s 
[run_single_root_search_DNN:end] total_dt=19.625703s fork_dt=0.000198s search_dt=19.624948s encode/write_dt=0.000558s
[run_single_root_search_DNN:after_search] dt=18.332s 
[run_single_root_search_DNN:end] total_dt=18.332337s fork_dt=0.000195s search_dt=18.331548s encode/write_dt=0.000594s
[run_single_root_search_DNN:after_search] dt=18.698s 
[run_single_root_search_DNN:end] total_dt=18.698952s fork_dt=0.000199s search_dt=18.698435s encode/write_dt=0.000319s
[run_single_root_search_DNN:after_search] dt=17.793s 
[run_single_root_search_DNN:end] total_dt=17.793796s fork_dt=0.000166s search_dt=17.793343s encode/write_dt=0.000288s
[run_single_root_search_DNN:after_search] dt=17.061s 
[run_single_root_search_DNN:end] total_dt=17.060974s fork_dt=0.000186s search_dt=17.060561s encode/write_dt=0.000228s
[run_single_root_search_DNN:after_search] dt=8.440s 
[run_single_root_search_DNN:end] total_dt=8.440025s fork_dt=0.000145s search_dt=8.439651s encode/write_dt=0.000229s
[run_single_root_search_DNN:after_search] dt=18.284s 
[run_single_root_search_DNN:end] total_dt=18.285534s fork_dt=0.000239s search_dt=18.284175s encode/write_dt=0.001120s
[run_single_root_search_DNN:after_search] dt=19.254s 
[run_single_root_search_DNN:end] total_dt=19.254811s fork_dt=0.000180s search_dt=19.254124s encode/write_dt=0.000508s
[run_single_root_search_DNN:after_search] dt=20.225s 
[run_single_root_search_DNN:end] total_dt=20.225727s fork_dt=0.000218s search_dt=20.225025s encode/write_dt=0.000483s
[run_single_root_search_DNN:after_search] dt=19.594s 
[run_single_root_search_DNN:end] total_dt=21.935340s fork_dt=0.000375s search_dt=21.934249s encode/write_dt=0.000716s
[run_single_root_search_DNN:after_search] dt=22.176s 
[run_single_root_search_DNN:end] total_dt=22.177404s fork_dt=0.000353s search_dt=22.176349s encode/write_dt=0.000701s
[run_single_root_search_DNN:after_search] dt=22.411s 
[run_single_root_search_DNN:end] total_dt=22.412183s fork_dt=0.000341s search_dt=22.411155s encode/write_dt=0.000687s
[run_single_root_search_DNN:after_search] dt=21.473s 
[run_single_root_search_DNN:end] total_dt=21.473771s fork_dt=0.000333s search_dt=21.472762s encode/write_dt=0.000675s
[run_single_root_search_DNN:after_search] dt=22.125s 
[run_single_root_search_DNN:end] total_dt=22.126349s fork_dt=0.000343s search_dt=22.125282s encode/write_dt=0.000723s
[run_single_root_search_DNN:after_search] dt=22.186s 
[run_single_root_search_DNN:end] total_dt=22.187016s fork_dt=0.000341s search_dt=22.186036s encode/write_dt=0.000639s
[run_single_root_search_DNN:after_search] dt=21.634s 
[run_single_root_search_DNN:end] total_dt=21.634876s fork_dt=0.000345s search_dt=21.633953s encode/write_dt=0.000578s
[run_single_root_search_DNN:after_search] dt=20.458s 
[run_single_root_search_DNN:end] total_dt=20.458429s fork_dt=0.000321s search_dt=20.457501s encode/write_dt=0.000607s
[run_single_root_search_DNN:after_search] dt=19.874s 
[run_single_root_search_DNN:end] total_dt=19.875219s fork_dt=0.000322s search_dt=19.874352s encode/write_dt=0.000544s
[run_single_root_search_DNN:after_search] dt=13.645s 
[run_single_root_search_DNN:end] total_dt=13.645249s fork_dt=0.000082s search_dt=13.644799s encode/write_dt=0.000368s
[run_single_root_search_DNN:after_search] dt=14.025s 
[run_single_root_search_DNN:end] total_dt=14.025943s fork_dt=0.000187s search_dt=14.025357s encode/write_dt=0.000399s
[run_single_root_search_DNN:after_search] dt=14.055s 
[run_single_root_search_DNN:end] total_dt=14.055588s fork_dt=0.000184s search_dt=14.055030s encode/write_dt=0.000375s
[run_single_root_search_DNN:after_search] dt=14.265s 
[run_single_root_search_DNN:end] total_dt=14.265402s fork_dt=0.000192s search_dt=14.264833s encode/write_dt=0.000378s
[run_single_root_search_DNN:after_search] dt=14.497s 
[run_single_root_search_DNN:end] total_dt=14.497726s fork_dt=0.000178s search_dt=14.497145s encode/write_dt=0.000402s
[run_single_root_search_DNN:after_search] dt=14.972s 
[run_single_root_search_DNN:end] total_dt=14.972703s fork_dt=0.000185s search_dt=14.972262s encode/write_dt=0.000256s
[run_single_root_search_DNN:after_search] dt=14.718s 
[run_single_root_search_DNN:end] total_dt=14.718282s fork_dt=0.000197s search_dt=14.717809s encode/write_dt=0.000276s
[run_single_root_search_DNN:after_search] dt=8.120s 
[run_single_root_search_DNN:end] total_dt=8.120582s fork_dt=0.000138s search_dt=8.120249s encode/write_dt=0.000194s
[run_single_root_search_DNN:after_search] dt=19.534s 
[run_single_root_search_DNN:end] total_dt=19.534819s fork_dt=0.000284s search_dt=19.533967s encode/write_dt=0.000568s
[run_single_root_search_DNN:after_search] dt=19.919s 
[run_single_root_search_DNN:end] total_dt=19.920060s fork_dt=0.000285s search_dt=19.919042s encode/write_dt=0.000733s
[run_single_root_search_DNN:after_search] dt=21.132s 
[run_single_root_search_DNN:end] total_dt=21.132939s fork_dt=0.000317s search_dt=21.131870s encode/write_dt=0.000752s
[run_single_root_search_DNN:after_search] dt=21.064s 
[run_single_root_search_DNN:end] total_dt=21.065374s fork_dt=0.000280s search_dt=21.064205s encode/write_dt=0.000890s
[run_single_root_search_DNN:after_search] dt=19.789s 
[run_single_root_search_DNN:end] total_dt=19.789776s fork_dt=0.000265s search_dt=19.788797s encode/write_dt=0.000714s
[run_single_root_search_DNN:after_search] dt=20.839s 
[run_single_root_search_DNN:end] total_dt=20.840179s fork_dt=0.000355s search_dt=20.839106s encode/write_dt=0.000719s
[run_single_root_search_DNN:after_search] dt=20.722s 
[run_single_root_search_DNN:end] total_dt=20.722615s fork_dt=0.000266s search_dt=20.721587s encode/write_dt=0.000762s
[run_single_root_search_DNN:after_search] dt=21.533s 
[run_single_root_search_DNN:end] total_dt=21.533588s fork_dt=0.000336s search_dt=21.532592s encode/write_dt=0.000660s
[run_single_root_search_DNN:after_search] dt=21.349s 
[run_single_root_search_DNN:end] total_dt=21.350336s fork_dt=0.000354s search_dt=21.349296s encode/write_dt=0.000687s
[run_single_root_search_DNN:after_search] dt=21.477s 
[run_single_root_search_DNN:end] total_dt=21.477377s fork_dt=0.000267s search_dt=21.476520s encode/write_dt=0.000591s
[run_single_root_search_DNN:after_search] dt=22.298s 
[run_single_root_search_DNN:end] total_dt=22.299076s fork_dt=0.000346s search_dt=22.298125s encode/write_dt=0.000605s
[run_single_root_search_DNN:after_search] dt=20.758s 
[run_single_root_search_DNN:end] total_dt=20.759496s fork_dt=0.000245s search_dt=20.758426s encode/write_dt=0.000825s
[run_single_root_search_DNN:after_search] dt=21.250s 
[run_single_root_search_DNN:end] total_dt=21.250644s fork_dt=0.000308s search_dt=21.249709s encode/write_dt=0.000627s
[run_single_root_search_DNN:after_search] dt=21.071s 
[run_single_root_search_DNN:end] total_dt=21.072206s fork_dt=0.000272s search_dt=21.071198s encode/write_dt=0.000736s
[run_single_root_search_DNN:after_search] dt=20.333s 
[run_single_root_search_DNN:end] total_dt=20.333465s fork_dt=0.000274s search_dt=20.332511s encode/write_dt=0.000680s
[run_single_root_search_DNN:after_search] dt=21.955s 
[run_single_root_search_DNN:end] total_dt=21.956204s fork_dt=0.000924s search_dt=21.954617s encode/write_dt=0.000663s
[run_single_root_search_DNN:after_search] dt=22.310s 
[run_single_root_search_DNN:end] total_dt=22.311609s fork_dt=0.000282s search_dt=22.310324s encode/write_dt=0.001003s
[run_single_root_search_DNN:after_search] dt=23.639s 
[run_single_root_search_DNN:end] total_dt=23.640263s fork_dt=0.000392s search_dt=23.639159s encode/write_dt=0.000712s
[run_single_root_search_DNN:after_search] dt=24.373s 
[run_single_root_search_DNN:end] total_dt=24.374224s fork_dt=0.000308s search_dt=24.373230s encode/write_dt=0.000686s
[run_single_root_search_DNN:after_search] dt=23.411s 
[run_single_root_search_DNN:end] total_dt=23.412297s fork_dt=0.000272s search_dt=23.411218s encode/write_dt=0.000808s
[run_single_root_search_DNN:after_search] dt=23.572s 
[run_single_root_search_DNN:end] total_dt=23.572404s fork_dt=0.000266s search_dt=23.571529s encode/write_dt=0.000608s
[run_single_root_search_DNN:after_search] dt=23.681s 
[run_single_root_search_DNN:end] total_dt=23.682163s fork_dt=0.000303s search_dt=23.681236s encode/write_dt=0.000624s
[run_single_root_search_DNN:after_search] dt=24.085s 
[run_single_root_search_DNN:end] total_dt=24.086015s fork_dt=0.000253s search_dt=24.085032s encode/write_dt=0.000730s
[run_single_root_search_DNN:after_search] dt=23.150s 
[run_single_root_search_DNN:end] total_dt=23.150765s fork_dt=0.000255s search_dt=23.149862s encode/write_dt=0.000648s
[run_single_root_search_DNN:after_search] dt=22.998s 
[run_single_root_search_DNN:end] total_dt=22.998642s fork_dt=0.000230s search_dt=22.997767s encode/write_dt=0.000645s
[run_single_root_search_DNN:after_search] dt=23.588s 
[run_single_root_search_DNN:end] total_dt=23.588725s fork_dt=0.000268s search_dt=23.587836s encode/write_dt=0.000621s
[run_single_root_search_DNN:after_search] dt=22.470s 
[run_single_root_search_DNN:end] total_dt=22.471045s fork_dt=0.000212s search_dt=22.470192s encode/write_dt=0.000641s
[run_single_root_search_DNN:after_search] dt=22.228s 
[run_single_root_search_DNN:end] total_dt=22.229167s fork_dt=0.000318s search_dt=22.228211s encode/write_dt=0.000638s
[run_single_root_search_DNN:after_search] dt=22.962s 
[run_single_root_search_DNN:end] total_dt=22.962995s fork_dt=0.000308s search_dt=22.962039s encode/write_dt=0.000648s
[run_single_root_search_DNN:after_search] dt=21.955s 
[run_single_root_search_DNN:end] total_dt=21.956165s fork_dt=0.000260s search_dt=21.955084s encode/write_dt=0.000821s
[run_single_root_search_DNN:after_search] dt=23.090s 
[run_single_root_search_DNN:end] total_dt=18.726868s fork_dt=0.000192s search_dt=18.726365s encode/write_dt=0.000311s
[run_single_root_search_DNN:after_search] dt=9.025s 
[run_single_root_search_DNN:end] total_dt=9.025860s fork_dt=0.000145s search_dt=9.025477s encode/write_dt=0.000238s
[run_single_root_search_DNN:after_search] dt=17.842s 
[run_single_root_search_DNN:end] total_dt=17.842952s fork_dt=0.000260s search_dt=17.841974s encode/write_dt=0.000717s
[run_single_root_search_DNN:after_search] dt=16.778s 
[run_single_root_search_DNN:end] total_dt=16.778956s fork_dt=0.000235s search_dt=16.778185s encode/write_dt=0.000537s
[run_single_root_search_DNN:after_search] dt=17.815s 
[run_single_root_search_DNN:end] total_dt=17.815577s fork_dt=0.000279s search_dt=17.814575s encode/write_dt=0.000723s
[run_single_root_search_DNN:after_search] dt=19.219s 
[run_single_root_search_DNN:end] total_dt=19.220231s fork_dt=0.000269s search_dt=19.219459s encode/write_dt=0.000503s
[run_single_root_search_DNN:after_search] dt=19.798s 
[run_single_root_search_DNN:end] total_dt=19.799151s fork_dt=0.000205s search_dt=19.798257s encode/write_dt=0.000689s
[run_single_root_search_DNN:after_search] dt=19.496s 
[run_single_root_search_DNN:end] total_dt=19.496651s fork_dt=0.000223s search_dt=19.495875s encode/write_dt=0.000553s
[run_single_root_search_DNN:after_search] dt=19.274s 
[run_single_root_search_DNN:end] total_dt=19.275126s fork_dt=0.000276s search_dt=19.274397s encode/write_dt=0.000454s
[run_single_root_search_DNN:after_search] dt=6.994s 
[run_single_root_search_DNN:end] total_dt=6.994243s fork_dt=0.000096s search_dt=6.993978s encode/write_dt=0.000170s
[run_single_root_search_DNN:after_search] dt=16.224s 
[run_single_root_search_DNN:end] total_dt=16.224563s fork_dt=0.000192s search_dt=16.223857s encode/write_dt=0.000514s
[run_single_root_search_DNN:after_search] dt=16.377s 
[run_single_root_search_DNN:end] total_dt=16.377781s fork_dt=0.000198s search_dt=16.376957s encode/write_dt=0.000626s
[run_single_root_search_DNN:after_search] dt=16.184s 
[run_single_root_search_DNN:end] total_dt=16.185111s fork_dt=0.000201s search_dt=16.183736s encode/write_dt=0.001174s
[run_single_root_search_DNN:after_search] dt=16.973s 
[run_single_root_search_DNN:end] total_dt=16.973746s fork_dt=0.000206s search_dt=16.972980s encode/write_dt=0.000560s
[run_single_root_search_DNN:after_search] dt=17.140s 
[run_single_root_search_DNN:end] total_dt=17.140856s fork_dt=0.000214s search_dt=17.140091s encode/write_dt=0.000551s
[run_single_root_search_DNN:after_search] dt=18.208s 
[run_single_root_search_DNN:end] total_dt=18.208374s fork_dt=0.000204s search_dt=18.207573s encode/write_dt=0.000597s
[run_single_root_search_DNN:after_search] dt=19.532s 
[run_single_root_search_DNN:end] total_dt=19.532578s fork_dt=0.000230s search_dt=19.531673s encode/write_dt=0.000676s
[run_single_root_search_DNN:after_search] dt=20.620s 
[run_single_root_search_DNN:end] total_dt=20.620772s fork_dt=0.000303s search_dt=20.619795s encode/write_dt=0.000674s
[run_single_root_search_DNN:after_search] dt=21.788s 
[run_single_root_search_DNN:end] total_dt=21.788500s fork_dt=0.000258s search_dt=21.787562s encode/write_dt=0.000680s
[run_single_root_search_DNN:after_search] dt=21.708s 
[run_single_root_search_DNN:end] total_dt=21.708635s fork_dt=0.000333s search_dt=21.707718s encode/write_dt=0.000585s
[run_single_root_search_DNN:after_search] dt=21.803s 
[run_single_root_search_DNN:end] total_dt=21.803501s fork_dt=0.000230s search_dt=21.802574s encode/write_dt=0.000698s
[run_single_root_search_DNN:after_search] dt=21.330s 
[run_single_root_search_DNN:end] total_dt=21.331172s fork_dt=0.000302s search_dt=21.330246s encode/write_dt=0.000624s
[run_single_root_search_DNN:after_search] dt=21.758s 
[run_single_root_search_DNN:end] total_dt=21.759226s fork_dt=0.000300s search_dt=21.758272s encode/write_dt=0.000654s
[run_single_root_search_DNN:after_search] dt=21.567s 
[run_single_root_search_DNN:end] total_dt=21.567588s fork_dt=0.000259s search_dt=21.566693s encode/write_dt=0.000636s
[run_single_root_search_DNN:after_search] dt=22.570s 
[run_single_root_search_DNN:end] total_dt=22.570753s fork_dt=0.000252s search_dt=22.569708s encode/write_dt=0.000793s
[run_single_root_search_DNN:after_search] dt=22.287s 
[run_single_root_search_DNN:end] total_dt=22.288372s fork_dt=0.000243s search_dt=22.287431s encode/write_dt=0.000698s
[run_single_root_search_DNN:after_search] dt=23.564s 
[run_single_root_search_DNN:end] total_dt=23.565307s fork_dt=0.000348s search_dt=23.564241s encode/write_dt=0.000718s
[run_single_root_search_DNN:after_search] dt=23.914s 
[run_single_root_search_DNN:end] total_dt=23.915254s fork_dt=0.000332s search_dt=23.914280s encode/write_dt=0.000642s
[run_single_root_search_DNN:after_search] dt=24.703s 
[run_single_root_search_DNN:end] total_dt=24.704045s fork_dt=0.000236s search_dt=24.703164s encode/write_dt=0.000645s
[run_single_root_search_DNN:after_search] dt=24.677s 
[run_single_root_search_DNN:end] total_dt=24.678022s fork_dt=0.000288s search_dt=24.676923s encode/write_dt=0.000812s
[run_single_root_search_DNN:after_search] dt=24.954s 
[run_single_root_search_DNN:end] total_dt=24.955248s fork_dt=0.000262s search_dt=24.954193s encode/write_dt=0.000793s
[run_single_root_search_DNN:after_search] dt=23.999s 
[run_single_root_search_DNN:end] total_dt=23.999770s fork_dt=0.000368s search_dt=23.998568s encode/write_dt=0.000835s
[run_single_root_search_DNN:after_search] dt=24.283s 
[run_single_root_search_DNN:end] total_dt=24.284393s fork_dt=0.000334s search_dt=24.283272s encode/write_dt=0.000787s
[run_single_root_search_DNN:after_search] dt=23.731s 
[run_single_root_search_DNN:end] total_dt=23.731695s fork_dt=0.000316s search_dt=23.730749s encode/write_dt=0.000629s
[run_single_root_search_DNN:after_search] dt=23.618s 
[run_single_root_search_DNN:end] total_dt=23.618675s fork_dt=0.000325s search_dt=23.617677s encode/write_dt=0.000672s
[run_single_root_search_DNN:after_search] dt=22.708s 
[run_single_root_search_DNN:end] total_dt=22.709115s fork_dt=0.000214s search_dt=22.708196s encode/write_dt=0.000705s
[run_single_root_search_DNN:after_search] dt=22.799s 
[run_single_root_search_DNN:end] total_dt=22.799731s fork_dt=0.000293s search_dt=22.798787s encode/write_dt=0.000652s
[run_single_root_search_DNN:after_search] dt=23.181s 
[run_single_root_search_DNN:end] total_dt=23.181904s fork_dt=0.000341s search_dt=23.180959s encode/write_dt=0.000604s
[run_single_root_search_DNN:after_search] dt=22.788s 
[run_single_root_search_DNN:end] total_dt=22.789569s fork_dt=0.000269s search_dt=22.788458s encode/write_dt=0.000842s
[run_single_root_search_DNN:after_search] dt=22.028s 
[run_single_root_search_DNN:end] total_dt=22.029307s fork_dt=0.000277s search_dt=22.028339s encode/write_dt=0.000691s
[run_single_root_search_DNN:after_search] dt=22.746s 
[run_single_root_search_DNN:end] total_dt=22.746823s fork_dt=0.000276s search_dt=22.745806s encode/write_dt=0.000740s
[run_single_root_search_DNN:after_search] dt=23.052s 
[run_single_root_search_DNN:end] total_dt=23.052764s fork_dt=0.000307s search_dt=23.051846s encode/write_dt=0.000611s
[run_single_root_search_DNN:after_search] dt=22.980s 
[run_single_root_search_DNN:end] total_dt=22.980964s fork_dt=0.000362s search_dt=22.979936s encode/write_dt=0.000665s
[run_single_root_search_DNN:after_search] dt=21.946s 
[run_single_root_search_DNN:end] total_dt=21.946496s fork_dt=0.000230s search_dt=21.945877s encode/write_dt=0.000388s
[run_single_root_search_DNN:after_search] dt=22.500s 
[run_single_root_search_DNN:end] total_dt=22.500297s fork_dt=0.000231s search_dt=22.499614s encode/write_dt=0.000452s
[run_single_root_search_DNN:after_search] dt=21.912s 
[run_single_root_search_DNN:end] total_dt=21.912435s fork_dt=0.000315s search_dt=21.911689s encode/write_dt=0.000432s
[run_single_root_search_DNN:after_search] dt=11.033s 
[run_single_root_search_DNN:end] total_dt=11.033309s fork_dt=0.000322s search_dt=11.032757s encode/write_dt=0.000231s
[run_single_root_search_DNN:after_search] dt=23.217s 
[run_single_root_search_DNN:end] total_dt=22.484644s fork_dt=0.000387s search_dt=22.483493s encode/write_dt=0.000764s
[run_single_root_search_DNN:after_search] dt=24.313s 
[run_single_root_search_DNN:end] total_dt=24.314002s fork_dt=0.000375s search_dt=24.312980s encode/write_dt=0.000647s
[run_single_root_search_DNN:after_search] dt=23.105s 
[run_single_root_search_DNN:end] total_dt=23.105738s fork_dt=0.000369s search_dt=23.104708s encode/write_dt=0.000661s
[run_single_root_search_DNN:after_search] dt=23.063s 
[run_single_root_search_DNN:end] total_dt=23.063856s fork_dt=0.000366s search_dt=23.062783s encode/write_dt=0.000707s
[run_single_root_search_DNN:after_search] dt=23.256s 
[run_single_root_search_DNN:end] total_dt=23.257401s fork_dt=0.000366s search_dt=23.256386s encode/write_dt=0.000649s
[run_single_root_search_DNN:after_search] dt=21.533s 
[run_single_root_search_DNN:end] total_dt=21.533944s fork_dt=0.000360s search_dt=21.532999s encode/write_dt=0.000585s
[run_single_root_search_DNN:after_search] dt=20.816s 
[run_single_root_search_DNN:end] total_dt=20.816967s fork_dt=0.000319s search_dt=20.816052s encode/write_dt=0.000596s
[run_single_root_search_DNN:after_search] dt=20.307s 
[run_single_root_search_DNN:end] total_dt=20.307628s fork_dt=0.000318s search_dt=20.306777s encode/write_dt=0.000532s
[run_single_root_search_DNN:after_search] dt=18.815s 
[run_single_root_search_DNN:end] total_dt=18.815820s fork_dt=0.000266s search_dt=18.815038s encode/write_dt=0.000516s
[run_single_root_search_DNN:after_search] dt=16.172s 
[run_single_root_search_DNN:end] total_dt=16.172404s fork_dt=0.000136s search_dt=16.171744s encode/write_dt=0.000524s
[run_single_root_search_DNN:after_search] dt=16.721s 
[run_single_root_search_DNN:end] total_dt=16.721302s fork_dt=0.000213s search_dt=16.720636s encode/write_dt=0.000454s
[run_single_root_search_DNN:after_search] dt=17.662s 
[run_single_root_search_DNN:end] total_dt=17.663145s fork_dt=0.000225s search_dt=17.662461s encode/write_dt=0.000459s
[run_single_root_search_DNN:after_search] dt=18.561s 
[run_single_root_search_DNN:end] total_dt=18.561292s fork_dt=0.000221s search_dt=18.560581s encode/write_dt=0.000490s
[run_single_root_search_DNN:after_search] dt=18.984s 
[run_single_root_search_DNN:end] total_dt=18.984872s fork_dt=0.000223s search_dt=18.984174s encode/write_dt=0.000475s
[run_single_root_search_DNN:after_search] dt=19.849s 
[run_single_root_search_DNN:end] total_dt=19.849411s fork_dt=0.000234s search_dt=19.848679s encode/write_dt=0.000497s
[run_single_root_search_DNN:after_search] dt=21.035s 
[run_single_root_search_DNN:end] total_dt=21.035881s fork_dt=0.000271s search_dt=21.035121s encode/write_dt=0.000489s
[run_single_root_search_DNN:after_search] dt=23.037s 
[run_single_root_search_DNN:end] total_dt=23.037743s fork_dt=0.000267s search_dt=23.036975s encode/write_dt=0.000501s
[run_single_root_search_DNN:after_search] dt=22.774s 
[run_single_root_search_DNN:end] total_dt=22.775265s fork_dt=0.000287s search_dt=22.774190s encode/write_dt=0.000788s
[run_single_root_search_DNN:after_search] dt=22.779s 
[run_single_root_search_DNN:end] total_dt=22.779652s fork_dt=0.000264s search_dt=22.778671s encode/write_dt=0.000717s
[run_single_root_search_DNN:after_search] dt=22.830s 
[run_single_root_search_DNN:end] total_dt=22.830851s fork_dt=0.000298s search_dt=22.829918s encode/write_dt=0.000635s
[run_single_root_search_DNN:after_search] dt=22.708s 
[run_single_root_search_DNN:end] total_dt=22.709171s fork_dt=0.000323s search_dt=22.708027s encode/write_dt=0.000821s
[run_single_root_search_DNN:after_search] dt=22.698s 
[run_single_root_search_DNN:end] total_dt=22.699190s fork_dt=0.000314s search_dt=22.698438s encode/write_dt=0.000437s
[run_single_root_search_DNN:after_search] dt=23.220s 
[run_single_root_search_DNN:end] total_dt=23.220502s fork_dt=0.000363s search_dt=23.219597s encode/write_dt=0.000542s
[run_single_root_search_DNN:after_search] dt=23.356s 
[run_single_root_search_DNN:end] total_dt=23.356864s fork_dt=0.000358s search_dt=23.356069s encode/write_dt=0.000436s
[run_single_root_search_DNN:after_search] dt=23.521s 
[run_single_root_search_DNN:end] total_dt=23.521213s fork_dt=0.000250s search_dt=23.520625s encode/write_dt=0.000338s
[run_single_root_search_DNN:after_search] dt=11.189s 
[run_single_root_search_DNN:end] total_dt=11.189194s fork_dt=0.000385s search_dt=11.188608s encode/write_dt=0.000201s
[run_single_root_search_DNN:after_search] dt=24.245s 
[run_single_root_search_DNN:end] total_dt=24.246189s fork_dt=0.000285s search_dt=24.245174s encode/write_dt=0.000730s
[run_single_root_search_DNN:after_search] dt=24.339s 
[run_single_root_search_DNN:end] total_dt=24.340054s fork_dt=0.000421s search_dt=24.338877s encode/write_dt=0.000756s
[run_single_root_search_DNN:after_search] dt=24.592s 
[run_single_root_search_DNN:end] total_dt=24.592533s fork_dt=0.000322s search_dt=24.591583s encode/write_dt=0.000628s
[run_single_root_search_DNN:after_search] dt=24.563s 
[run_single_root_search_DNN:end] total_dt=24.564820s fork_dt=0.001250s search_dt=24.562743s encode/write_dt=0.000826s
[run_single_root_search_DNN:after_search] dt=24.552s 
[run_single_root_search_DNN:end] total_dt=24.552566s fork_dt=0.000298s search_dt=24.551659s encode/write_dt=0.000609s
[run_single_root_search_DNN:after_search] dt=25.562s 
[run_single_root_search_DNN:end] total_dt=25.562933s fork_dt=0.000329s search_dt=25.561823s encode/write_dt=0.000782s
[run_single_root_search_DNN:after_search] dt=24.528s 
[run_single_root_search_DNN:end] total_dt=24.529458s fork_dt=0.000312s search_dt=24.528419s encode/write_dt=0.000727s
[run_single_root_search_DNN:after_search] dt=25.179s 
[run_single_root_search_DNN:end] total_dt=25.180478s fork_dt=0.000299s search_dt=25.179356s encode/write_dt=0.000824s
[run_single_root_search_DNN:after_search] dt=24.560s 
[run_single_root_search_DNN:end] total_dt=24.561246s fork_dt=0.000406s search_dt=24.559932s encode/write_dt=0.000908s
[run_single_root_search_DNN:after_search] dt=25.639s 
[run_single_root_search_DNN:end] total_dt=25.640043s fork_dt=0.000367s search_dt=25.638659s encode/write_dt=0.001016s
[run_single_root_search_DNN:after_search] dt=25.446s 
[run_single_root_search_DNN:end] total_dt=25.446846s fork_dt=0.000406s search_dt=25.445796s encode/write_dt=0.000644s
[run_single_root_search_DNN:after_search] dt=25.075s 
[run_single_root_search_DNN:end] total_dt=25.076519s fork_dt=0.000471s search_dt=25.075226s encode/write_dt=0.000823s
[run_single_root_search_DNN:after_search] dt=28.590s 
[run_single_root_search_DNN:end] total_dt=28.590890s fork_dt=0.000295s search_dt=28.589681s encode/write_dt=0.000914s
[run_single_root_search_DNN:after_search] dt=26.676s 
[run_single_root_search_DNN:end] total_dt=26.676736s fork_dt=0.000484s search_dt=26.675601s encode/write_dt=0.000651s
[run_single_root_search_DNN:after_search] dt=26.637s 
[run_single_root_search_DNN:end] total_dt=26.638507s fork_dt=0.000447s search_dt=26.637371s encode/write_dt=0.000689s
[run_single_root_search_DNN:after_search] dt=27.128s 
[run_single_root_search_DNN:end] total_dt=27.128884s fork_dt=0.000317s search_dt=27.127694s encode/write_dt=0.000873s
[run_single_root_search_DNN:after_search] dt=26.376s 
[run_single_root_search_DNN:end] total_dt=26.377067s fork_dt=0.000403s search_dt=26.375739s encode/write_dt=0.000926s
[run_single_root_search_DNN:after_search] dt=27.112s 
[run_single_root_search_DNN:end] total_dt=27.112829s fork_dt=0.000374s search_dt=27.111640s encode/write_dt=0.000815s
[run_single_root_search_DNN:after_search] dt=27.104s 
[run_single_root_search_DNN:end] total_dt=27.105060s fork_dt=0.000435s search_dt=27.103856s encode/write_dt=0.000769s
[run_single_root_search_DNN:after_search] dt=26.317s 
[run_single_root_search_DNN:end] total_dt=26.317717s fork_dt=0.000329s search_dt=26.316581s encode/write_dt=0.000807s
[run_single_root_search_DNN:after_search] dt=25.055s 
[run_single_root_search_DNN:end] total_dt=25.055891s fork_dt=0.000316s search_dt=25.054758s encode/write_dt=0.000818s
[run_single_root_search_DNN:after_search] dt=24.705s 
[run_single_root_search_DNN:end] total_dt=22.943154s fork_dt=0.000344s search_dt=22.941510s encode/write_dt=0.001299s
[run_single_root_search_DNN:after_search] dt=22.402s 
[run_single_root_search_DNN:end] total_dt=22.403009s fork_dt=0.000304s search_dt=22.402011s encode/write_dt=0.000695s
[run_single_root_search_DNN:after_search] dt=22.505s 
[run_single_root_search_DNN:end] total_dt=22.505844s fork_dt=0.000294s search_dt=22.504925s encode/write_dt=0.000626s
[run_single_root_search_DNN:after_search] dt=21.186s 
[run_single_root_search_DNN:end] total_dt=21.186896s fork_dt=0.000305s search_dt=21.185899s encode/write_dt=0.000692s
[run_single_root_search_DNN:after_search] dt=20.603s 
[run_single_root_search_DNN:end] total_dt=20.603921s fork_dt=0.000300s search_dt=20.602918s encode/write_dt=0.000702s
[run_single_root_search_DNN:after_search] dt=20.816s 
[run_single_root_search_DNN:end] total_dt=20.816914s fork_dt=0.000290s search_dt=20.815971s encode/write_dt=0.000653s
[run_single_root_search_DNN:after_search] dt=20.419s 
[run_single_root_search_DNN:end] total_dt=20.419684s fork_dt=0.000285s search_dt=20.418753s encode/write_dt=0.000647s
[run_single_root_search_DNN:after_search] dt=19.667s 
[run_single_root_search_DNN:end] total_dt=19.667598s fork_dt=0.000294s search_dt=19.666668s encode/write_dt=0.000636s
[run_single_root_search_DNN:after_search] dt=20.832s 
[run_single_root_search_DNN:end] total_dt=20.832833s fork_dt=0.000280s search_dt=20.831926s encode/write_dt=0.000627s
[run_single_root_search_DNN:after_search] dt=16.461s 
[run_single_root_search_DNN:end] total_dt=16.462238s fork_dt=0.000164s search_dt=16.461493s encode/write_dt=0.000582s
[run_single_root_search_DNN:after_search] dt=17.480s 
[run_single_root_search_DNN:end] total_dt=17.480625s fork_dt=0.000244s search_dt=17.479796s encode/write_dt=0.000585s
[run_single_root_search_DNN:after_search] dt=16.941s 
[run_single_root_search_DNN:end] total_dt=16.941586s fork_dt=0.000249s search_dt=16.940807s encode/write_dt=0.000530s
[run_single_root_search_DNN:after_search] dt=17.673s 
[run_single_root_search_DNN:end] total_dt=17.674047s fork_dt=0.000251s search_dt=17.673263s encode/write_dt=0.000533s
[run_single_root_search_DNN:after_search] dt=17.375s 
[run_single_root_search_DNN:end] total_dt=17.375926s fork_dt=0.000260s search_dt=17.374939s encode/write_dt=0.000727s
[run_single_root_search_DNN:after_search] dt=19.510s 
[run_single_root_search_DNN:end] total_dt=19.510914s fork_dt=0.000261s search_dt=19.509994s encode/write_dt=0.000659s
[run_single_root_search_DNN:after_search] dt=22.604s 
[run_single_root_search_DNN:end] total_dt=22.605537s fork_dt=0.000334s search_dt=22.604453s encode/write_dt=0.000750s
[run_single_root_search_DNN:after_search] dt=24.181s 
[run_single_root_search_DNN:end] total_dt=24.182006s fork_dt=0.000295s search_dt=24.180934s encode/write_dt=0.000778s
[run_single_root_search_DNN:after_search] dt=25.128s 
[run_single_root_search_DNN:end] total_dt=25.129130s fork_dt=0.000349s search_dt=25.127925s encode/write_dt=0.000855s
[run_single_root_search_DNN:after_search] dt=24.908s 
[run_single_root_search_DNN:end] total_dt=24.908551s fork_dt=0.000350s search_dt=24.907609s encode/write_dt=0.000592s
[run_single_root_search_DNN:after_search] dt=24.094s 
[run_single_root_search_DNN:end] total_dt=24.095031s fork_dt=0.000333s search_dt=24.094094s encode/write_dt=0.000605s
[run_single_root_search_DNN:after_search] dt=24.267s 
[run_single_root_search_DNN:end] total_dt=24.268220s fork_dt=0.000379s search_dt=24.267060s encode/write_dt=0.000782s
[run_single_root_search_DNN:after_search] dt=24.686s 
[run_single_root_search_DNN:end] total_dt=24.686992s fork_dt=0.000392s search_dt=24.685981s encode/write_dt=0.000619s
[run_single_root_search_DNN:after_search] dt=23.809s 
[run_single_root_search_DNN:end] total_dt=23.809890s fork_dt=0.000458s search_dt=23.808750s encode/write_dt=0.000682s
[run_single_root_search_DNN:after_search] dt=24.636s 
[run_single_root_search_DNN:end] total_dt=24.636957s fork_dt=0.000333s search_dt=24.635927s encode/write_dt=0.000698s
[run_single_root_search_DNN:after_search] dt=24.144s 
[run_single_root_search_DNN:end] total_dt=24.145165s fork_dt=0.000383s search_dt=24.143815s encode/write_dt=0.000967s
[run_single_root_search_DNN:after_search] dt=23.991s 
[run_single_root_search_DNN:end] total_dt=23.992302s fork_dt=0.000328s search_dt=23.991365s encode/write_dt=0.000609s
[run_single_root_search_DNN:after_search] dt=24.607s 
[run_single_root_search_DNN:end] total_dt=24.607681s fork_dt=0.000299s search_dt=24.606733s encode/write_dt=0.000650s
[run_single_root_search_DNN:after_search] dt=25.732s 
[run_single_root_search_DNN:end] total_dt=25.732834s fork_dt=0.000343s search_dt=25.732035s encode/write_dt=0.000456s
[run_single_root_search_DNN:after_search] dt=25.522s 
[run_single_root_search_DNN:end] total_dt=25.522932s fork_dt=0.000382s search_dt=25.522093s encode/write_dt=0.000457s
[run_single_root_search_DNN:after_search] dt=24.494s 
[run_single_root_search_DNN:end] total_dt=24.494774s fork_dt=0.000298s search_dt=24.494143s encode/write_dt=0.000332s
[run_single_root_search_DNN:after_search] dt=11.289s 
[run_single_root_search_DNN:end] total_dt=11.289066s fork_dt=0.000287s search_dt=11.288552s encode/write_dt=0.000227s
[run_single_root_search_DNN:after_search] dt=25.924s 
[run_single_root_search_DNN:end] total_dt=25.925001s fork_dt=0.000476s search_dt=25.923801s encode/write_dt=0.000724s
[run_single_root_search_DNN:after_search] dt=25.644s 
[run_single_root_search_DNN:end] total_dt=25.645207s fork_dt=0.000426s search_dt=25.644127s encode/write_dt=0.000654s
[run_single_root_search_DNN:after_search] dt=25.483s 
[run_single_root_search_DNN:end] total_dt=25.483750s fork_dt=0.000407s search_dt=25.482609s encode/write_dt=0.000734s
[run_single_root_search_DNN:after_search] dt=25.321s 
[run_single_root_search_DNN:end] total_dt=25.322619s fork_dt=0.000640s search_dt=25.321167s encode/write_dt=0.000813s
[run_single_root_search_DNN:after_search] dt=25.789s 
[run_single_root_search_DNN:end] total_dt=25.789690s fork_dt=0.000374s search_dt=25.788628s encode/write_dt=0.000688s
[run_single_root_search_DNN:after_search] dt=25.780s 
[run_single_root_search_DNN:end] total_dt=25.781519s fork_dt=0.000674s search_dt=25.780117s encode/write_dt=0.000728s
[run_single_root_search_DNN:after_search] dt=26.655s 
[run_single_root_search_DNN:end] total_dt=26.656564s fork_dt=0.000401s search_dt=26.655268s encode/write_dt=0.000895s
[run_single_root_search_DNN:after_search] dt=26.199s 
[run_single_root_search_DNN:end] total_dt=26.200279s fork_dt=0.000432s search_dt=26.198943s encode/write_dt=0.000903s
[run_single_root_search_DNN:after_search] dt=27.328s 
[run_single_root_search_DNN:end] total_dt=27.329323s fork_dt=0.000381s search_dt=27.328221s encode/write_dt=0.000721s
[run_single_root_search_DNN:after_search] dt=28.456s 
[run_single_root_search_DNN:end] total_dt=28.456947s fork_dt=0.000388s search_dt=28.455813s encode/write_dt=0.000746s
[run_single_root_search_DNN:after_search] dt=28.091s 
[run_single_root_search_DNN:end] total_dt=28.092066s fork_dt=0.000407s search_dt=28.090983s encode/write_dt=0.000676s
[run_single_root_search_DNN:after_search] dt=28.548s 
[run_single_root_search_DNN:end] total_dt=28.548809s fork_dt=0.000345s search_dt=28.547653s encode/write_dt=0.000811s
[run_single_root_search_DNN:after_search] dt=29.799s 
[run_single_root_search_DNN:end] total_dt=29.800085s fork_dt=0.000502s search_dt=29.798848s encode/write_dt=0.000735s
[run_single_root_search_DNN:after_search] dt=29.133s 
[run_single_root_search_DNN:end] total_dt=29.134711s fork_dt=0.000450s search_dt=29.133352s encode/write_dt=0.000909s
[run_single_root_search_DNN:after_search] dt=26.296s 
[run_single_root_search_DNN:end] total_dt=26.296749s fork_dt=0.000360s search_dt=26.295532s encode/write_dt=0.000856s
[run_single_root_search_DNN:after_search] dt=26.128s 
[run_single_root_search_DNN:end] total_dt=26.129189s fork_dt=0.000356s search_dt=26.128124s encode/write_dt=0.000709s
[run_single_root_search_DNN:after_search] dt=25.778s 
[run_single_root_search_DNN:end] total_dt=24.199704s fork_dt=0.000384s search_dt=24.198668s encode/write_dt=0.000651s
[run_single_root_search_DNN:after_search] dt=24.583s 
[run_single_root_search_DNN:end] total_dt=24.583865s fork_dt=0.000399s search_dt=24.582737s encode/write_dt=0.000729s
[run_single_root_search_DNN:after_search] dt=25.127s 
[run_single_root_search_DNN:end] total_dt=25.128195s fork_dt=0.000241s search_dt=25.127360s encode/write_dt=0.000594s
[run_single_root_search_DNN:after_search] dt=21.508s 
[run_single_root_search_DNN:end] total_dt=21.509203s fork_dt=0.000240s search_dt=21.508332s encode/write_dt=0.000631s
[run_single_root_search_DNN:after_search] dt=20.609s 
[run_single_root_search_DNN:end] total_dt=20.609742s fork_dt=0.000281s search_dt=20.608836s encode/write_dt=0.000625s
[run_single_root_search_DNN:after_search] dt=21.073s 
[run_single_root_search_DNN:end] total_dt=21.074129s fork_dt=0.000256s search_dt=21.073253s encode/write_dt=0.000620s
[run_single_root_search_DNN:after_search] dt=20.399s 
[run_single_root_search_DNN:end] total_dt=20.399890s fork_dt=0.000257s search_dt=20.399024s encode/write_dt=0.000609s
[run_single_root_search_DNN:after_search] dt=20.426s 
[run_single_root_search_DNN:end] total_dt=20.426516s fork_dt=0.000252s search_dt=20.425660s encode/write_dt=0.000604s
[run_single_root_search_DNN:after_search] dt=20.148s 
[run_single_root_search_DNN:end] total_dt=20.148874s fork_dt=0.000283s search_dt=20.147984s encode/write_dt=0.000608s
[run_single_root_search_DNN:after_search] dt=7.712s 
[run_single_root_search_DNN:end] total_dt=7.712806s fork_dt=0.000160s search_dt=7.712442s encode/write_dt=0.000203s
[run_single_root_search_DNN:after_search] dt=18.587s 
[run_single_root_search_DNN:end] total_dt=18.588201s fork_dt=0.000255s search_dt=18.587271s encode/write_dt=0.000675s
[run_single_root_search_DNN:after_search] dt=18.686s 
[run_single_root_search_DNN:end] total_dt=18.687273s fork_dt=0.000278s search_dt=18.686391s encode/write_dt=0.000604s
[run_single_root_search_DNN:after_search] dt=19.033s 
[run_single_root_search_DNN:end] total_dt=19.034260s fork_dt=0.000268s search_dt=19.033380s encode/write_dt=0.000612s
[run_single_root_search_DNN:after_search] dt=19.776s 
[run_single_root_search_DNN:end] total_dt=19.777175s fork_dt=0.000278s search_dt=19.776266s encode/write_dt=0.000631s
[run_single_root_search_DNN:after_search] dt=20.184s 
[run_single_root_search_DNN:end] total_dt=20.185316s fork_dt=0.000277s search_dt=20.184378s encode/write_dt=0.000661s
[run_single_root_search_DNN:after_search] dt=22.460s 
[run_single_root_search_DNN:end] total_dt=22.460648s fork_dt=0.000325s search_dt=22.459528s encode/write_dt=0.000795s
[run_single_root_search_DNN:after_search] dt=24.184s 
[run_single_root_search_DNN:end] total_dt=24.184855s fork_dt=0.000361s search_dt=24.183776s encode/write_dt=0.000718s
[run_single_root_search_DNN:after_search] dt=26.060s 
[run_single_root_search_DNN:end] total_dt=26.060842s fork_dt=0.000435s search_dt=26.059688s encode/write_dt=0.000719s
[run_single_root_search_DNN:after_search] dt=25.657s 
[run_single_root_search_DNN:end] total_dt=25.657619s fork_dt=0.000353s search_dt=25.656598s encode/write_dt=0.000668s
[run_single_root_search_DNN:after_search] dt=25.974s 
[run_single_root_search_DNN:end] total_dt=25.975113s fork_dt=0.000360s search_dt=25.973746s encode/write_dt=0.001008s
[run_single_root_search_DNN:after_search] dt=26.493s 
[run_single_root_search_DNN:end] total_dt=26.493761s fork_dt=0.000399s search_dt=26.492603s encode/write_dt=0.000758s
[run_single_root_search_DNN:after_search] dt=26.786s 
[run_single_root_search_DNN:end] total_dt=26.787044s fork_dt=0.000369s search_dt=26.786018s encode/write_dt=0.000657s
[run_single_root_search_DNN:after_search] dt=29.156s 
[run_single_root_search_DNN:end] total_dt=29.157484s fork_dt=0.000454s search_dt=29.156048s encode/write_dt=0.000982s
[run_single_root_search_DNN:after_search] dt=28.232s 
[run_single_root_search_DNN:end] total_dt=28.233430s fork_dt=0.000283s search_dt=28.232463s encode/write_dt=0.000684s
[run_single_root_search_DNN:after_search] dt=27.172s 
[run_single_root_search_DNN:end] total_dt=27.172912s fork_dt=0.000387s search_dt=27.171766s encode/write_dt=0.000759s
[run_single_root_search_DNN:after_search] dt=27.062s 
[run_single_root_search_DNN:end] total_dt=27.062774s fork_dt=0.000379s search_dt=27.061541s encode/write_dt=0.000854s
[run_single_root_search_DNN:after_search] dt=27.676s 
[run_single_root_search_DNN:end] total_dt=27.677555s fork_dt=0.000368s search_dt=27.676193s encode/write_dt=0.000994s
[run_single_root_search_DNN:after_search] dt=27.882s 
[run_single_root_search_DNN:end] total_dt=27.883675s fork_dt=0.000474s search_dt=27.882457s encode/write_dt=0.000744s
[run_single_root_search_DNN:after_search] dt=27.672s 
[run_single_root_search_DNN:end] total_dt=27.673400s fork_dt=0.000344s search_dt=27.672370s encode/write_dt=0.000686s
[run_single_root_search_DNN:after_search] dt=26.909s 
[run_single_root_search_DNN:end] total_dt=26.910736s fork_dt=0.000479s search_dt=26.909471s encode/write_dt=0.000786s
[run_single_root_search_DNN:after_search] dt=26.669s 
[run_single_root_search_DNN:end] total_dt=26.670748s fork_dt=0.000485s search_dt=26.669352s encode/write_dt=0.000911s
[run_single_root_search_DNN:after_search] dt=25.939s 
[run_single_root_search_DNN:end] total_dt=25.939995s fork_dt=0.000419s search_dt=25.938794s encode/write_dt=0.000782s
[run_single_root_search_DNN:after_search] dt=26.764s 
[run_single_root_search_DNN:end] total_dt=26.765455s fork_dt=0.000301s search_dt=26.764135s encode/write_dt=0.001019s
[run_single_root_search_DNN:after_search] dt=26.283s 
[run_single_root_search_DNN:end] total_dt=26.284266s fork_dt=0.000308s search_dt=26.283121s encode/write_dt=0.000838s
[run_single_root_search_DNN:after_search] dt=26.711s 
[run_single_root_search_DNN:end] total_dt=26.712745s fork_dt=0.000419s search_dt=26.710561s encode/write_dt=0.001765s
[run_single_root_search_DNN:after_search] dt=25.304s 
[run_single_root_search_DNN:end] total_dt=25.304777s fork_dt=0.000310s search_dt=25.303657s encode/write_dt=0.000811s
[run_single_root_search_DNN:after_search] dt=25.963s 
[run_single_root_search_DNN:end] total_dt=25.963649s fork_dt=0.000451s search_dt=25.962552s encode/write_dt=0.000646s
[run_single_root_search_DNN:after_search] dt=25.674s 
[run_single_root_search_DNN:end] total_dt=25.674756s fork_dt=0.000425s search_dt=25.673597s encode/write_dt=0.000734s
[run_single_root_search_DNN:after_search] dt=25.706s 
[run_single_root_search_DNN:end] total_dt=25.706820s fork_dt=0.000424s search_dt=25.705547s encode/write_dt=0.000849s
[run_single_root_search_DNN:after_search] dt=25.730s 
[run_single_root_search_DNN:end] total_dt=25.731328s fork_dt=0.000409s search_dt=25.730001s encode/write_dt=0.000918s
[run_single_root_search_DNN:after_search] dt=26.413s 
[run_single_root_search_DNN:end] total_dt=26.413911s fork_dt=0.000324s search_dt=26.412710s encode/write_dt=0.000877s
[run_single_root_search_DNN:after_search] dt=26.003s 
[run_single_root_search_DNN:end] total_dt=26.004507s fork_dt=0.000420s search_dt=26.003425s encode/write_dt=0.000661s
[run_single_root_search_DNN:after_search] dt=25.373s 
[run_single_root_search_DNN:end] total_dt=25.373926s fork_dt=0.000544s search_dt=25.372795s encode/write_dt=0.000587s
[run_single_root_search_DNN:after_search] dt=25.287s 
[run_single_root_search_DNN:end] total_dt=25.287505s fork_dt=0.000395s search_dt=25.286524s encode/write_dt=0.000586s
[run_single_root_search_DNN:after_search] dt=24.020s 
[run_single_root_search_DNN:end] total_dt=24.020670s fork_dt=0.000358s search_dt=24.019826s encode/write_dt=0.000486s
[run_single_root_search_DNN:after_search] dt=23.869s 
[run_single_root_search_DNN:end] total_dt=23.869902s fork_dt=0.000344s search_dt=23.869231s encode/write_dt=0.000328s
[run_single_root_search_DNN:after_search] dt=11.102s 
[run_single_root_search_DNN:end] total_dt=11.102812s fork_dt=0.000350s search_dt=11.102222s encode/write_dt=0.000240s
[run_single_root_search_DNN:after_search] dt=24.892s 

[run_single_root_search_DNN:after_search] dt=19.278s 
[run_single_root_search_DNN:end] total_dt=19.278645s fork_dt=0.000234s search_dt=19.277930s encode/write_dt=0.000481s
[run_single_root_search_DNN:after_search] dt=18.972s 
[run_single_root_search_DNN:end] total_dt=18.972516s fork_dt=0.000194s search_dt=18.971645s encode/write_dt=0.000677s
[run_single_root_search_DNN:after_search] dt=22.200s 
[run_single_root_search_DNN:end] total_dt=22.200784s fork_dt=0.000225s search_dt=22.199732s encode/write_dt=0.000827s
[run_single_root_search_DNN:after_search] dt=21.386s 
[run_single_root_search_DNN:end] total_dt=21.387374s fork_dt=0.000285s search_dt=21.386298s encode/write_dt=0.000791s
[run_single_root_search_DNN:after_search] dt=20.736s 
[run_single_root_search_DNN:end] total_dt=20.737188s fork_dt=0.000232s search_dt=20.736132s encode/write_dt=0.000824s
[run_single_root_search_DNN:after_search] dt=19.598s 
[run_single_root_search_DNN:end] total_dt=19.598266s fork_dt=0.000239s search_dt=19.597511s encode/write_dt=0.000515s
[run_single_root_search_DNN:after_search] dt=19.845s 
[run_single_root_search_DNN:end] total_dt=19.846078s fork_dt=0.000207s search_dt=19.845336s encode/write_dt=0.000535s
[run_single_root_search_DNN:after_search] dt=19.890s 
[run_single_root_search_DNN:end] total_dt=19.890943s fork_dt=0.000305s search_dt=19.890199s encode/write_dt=0.000439s
[run_single_root_search_DNN:after_search] dt=18.019s 
[run_single_root_search_DNN:end] total_dt=18.019561s fork_dt=0.000160s search_dt=18.018840s encode/write_dt=0.000561s
[run_single_root_search_DNN:after_search] dt=18.534s 
[run_single_root_search_DNN:end] total_dt=18.534533s fork_dt=0.000248s search_dt=18.533771s encode/write_dt=0.000515s
[run_single_root_search_DNN:after_search] dt=18.541s 
[run_single_root_search_DNN:end] total_dt=18.541809s fork_dt=0.000244s search_dt=18.541009s encode/write_dt=0.000556s
[run_single_root_search_DNN:after_search] dt=19.722s 
[run_single_root_search_DNN:end] total_dt=19.722610s fork_dt=0.000247s search_dt=19.721826s encode/write_dt=0.000537s
[run_single_root_search_DNN:after_search] dt=19.369s 
[run_single_root_search_DNN:end] total_dt=19.370184s fork_dt=0.000255s search_dt=19.368697s encode/write_dt=0.001232s
[run_single_root_search_DNN:after_search] dt=21.131s 
[run_single_root_search_DNN:end] total_dt=21.131567s fork_dt=0.000266s search_dt=21.130603s encode/write_dt=0.000699s
[run_single_root_search_DNN:after_search] dt=22.266s 
[run_single_root_search_DNN:end] total_dt=22.267110s fork_dt=0.000430s search_dt=22.265985s encode/write_dt=0.000694s
[run_single_root_search_DNN:after_search] dt=24.696s 
[run_single_root_search_DNN:end] total_dt=24.697170s fork_dt=0.000328s search_dt=24.696020s encode/write_dt=0.000821s
[run_single_root_search_DNN:after_search] dt=24.747s 
[run_single_root_search_DNN:end] total_dt=24.748310s fork_dt=0.000342s search_dt=24.747483s encode/write_dt=0.000484s
[run_single_root_search_DNN:after_search] dt=24.464s 
[run_single_root_search_DNN:end] total_dt=24.464934s fork_dt=0.000389s search_dt=24.464023s encode/write_dt=0.000521s
[run_single_root_search_DNN:after_search] dt=24.305s 
[run_single_root_search_DNN:end] total_dt=24.306056s fork_dt=0.000439s search_dt=24.305237s encode/write_dt=0.000379s
[run_single_root_search_DNN:after_search] dt=11.198s 
[run_single_root_search_DNN:end] total_dt=11.198499s fork_dt=0.000291s search_dt=11.197932s encode/write_dt=0.000275s
[run_single_root_search_DNN:after_search] dt=25.385s 
[run_single_root_search_DNN:end] total_dt=25.386860s fork_dt=0.000442s search_dt=25.385459s encode/write_dt=0.000959s
[run_single_root_search_DNN:after_search] dt=25.751s 
[run_single_root_search_DNN:end] total_dt=25.751968s fork_dt=0.000522s search_dt=25.750720s encode/write_dt=0.000726s
[run_single_root_search_DNN:after_search] dt=25.687s 
[run_single_root_search_DNN:end] total_dt=25.688503s fork_dt=0.000491s search_dt=25.687174s encode/write_dt=0.000838s
[run_single_root_search_DNN:after_search] dt=25.851s 
[run_single_root_search_DNN:end] total_dt=25.852777s fork_dt=0.000388s search_dt=25.851387s encode/write_dt=0.001002s
[run_single_root_search_DNN:after_search] dt=25.355s 
[run_single_root_search_DNN:end] total_dt=25.355664s fork_dt=0.000435s search_dt=25.354577s encode/write_dt=0.000651s
[run_single_root_search_DNN:after_search] dt=26.547s 
[run_single_root_search_DNN:end] total_dt=26.548226s fork_dt=0.000453s search_dt=26.547085s encode/write_dt=0.000688s
[run_single_root_search_DNN:after_search] dt=27.028s 
[run_single_root_search_DNN:end] total_dt=27.030128s fork_dt=0.000401s search_dt=27.028432s encode/write_dt=0.001295s
[run_single_root_search_DNN:after_search] dt=27.101s 
[run_single_root_search_DNN:end] total_dt=27.102144s fork_dt=0.000486s search_dt=27.100958s encode/write_dt=0.000700s
[run_single_root_search_DNN:after_search] dt=27.974s 
[run_single_root_search_DNN:end] total_dt=27.974934s fork_dt=0.000380s search_dt=27.973725s encode/write_dt=0.000829s
[run_single_root_search_DNN:after_search] dt=28.510s 
[run_single_root_search_DNN:end] total_dt=28.511310s fork_dt=0.000560s search_dt=28.509978s encode/write_dt=0.000772s
[run_single_root_search_DNN:after_search] dt=28.092s 
[run_single_root_search_DNN:end] total_dt=28.093229s fork_dt=0.000439s search_dt=28.092070s encode/write_dt=0.000721s
[run_single_root_search_DNN:after_search] dt=28.038s 
[run_single_root_search_DNN:end] total_dt=28.039288s fork_dt=0.000498s search_dt=28.038097s encode/write_dt=0.000692s
[run_single_root_search_DNN:after_search] dt=30.181s 
[run_single_root_search_DNN:end] total_dt=30.182104s fork_dt=0.000438s search_dt=30.180912s encode/write_dt=0.000755s
[run_single_root_search_DNN:after_search] dt=29.633s 
[run_single_root_search_DNN:end] total_dt=29.634269s fork_dt=0.000404s search_dt=29.633027s encode/write_dt=0.000837s
[run_single_root_search_DNN:after_search] dt=27.059s 
[run_single_root_search_DNN:end] total_dt=27.060095s fork_dt=0.000429s search_dt=27.058800s encode/write_dt=0.000866s
[run_single_root_search_DNN:after_search] dt=28.554s 
[run_single_root_search_DNN:end] total_dt=28.555376s fork_dt=0.000347s search_dt=28.554375s encode/write_dt=0.000654s
[run_single_root_search_DNN:after_search] dt=27.323s 
[run_single_root_search_DNN:end] total_dt=27.324256s fork_dt=0.000470s search_dt=27.323030s encode/write_dt=0.000756s
[run_single_root_search_DNN:after_search] dt=28.228s 
[run_single_root_search_DNN:end] total_dt=28.228646s fork_dt=0.000427s search_dt=28.227574s encode/write_dt=0.000645s
[run_single_root_search_DNN:after_search] dt=28.288s 
[run_single_root_search_DNN:end] total_dt=28.289453s fork_dt=0.000394s search_dt=28.288351s encode/write_dt=0.000709s
[run_single_root_search_DNN:after_search] dt=27.712s 
[run_single_root_search_DNN:end] total_dt=27.713092s fork_dt=0.000497s search_dt=27.711748s encode/write_dt=0.000848s
[run_single_root_search_DNN:after_search] dt=27.904s 
[run_single_root_search_DNN:end] total_dt=27.905288s fork_dt=0.000500s search_dt=27.903725s encode/write_dt=0.001064s
[run_single_root_search_DNN:after_search] dt=26.922s 
[run_single_root_search_DNN:end] total_dt=26.923075s fork_dt=0.000391s search_dt=26.921659s encode/write_dt=0.001025s
[run_single_root_search_DNN:after_search] dt=25.985s 
[run_single_root_search_DNN:end] total_dt=25.986350s fork_dt=0.000381s search_dt=25.985120s encode/write_dt=0.000849s
[run_single_root_search_DNN:after_search] dt=24.872s 
[run_single_root_search_DNN:end] total_dt=24.873293s fork_dt=0.000421s search_dt=24.872135s encode/write_dt=0.000737s
[run_single_root_search_DNN:after_search] dt=25.433s 
[run_single_root_search_DNN:end] total_dt=25.434440s fork_dt=0.000351s search_dt=25.433431s encode/write_dt=0.000658s
[run_single_root_search_DNN:after_search] dt=24.872s 
[run_single_root_search_DNN:end] total_dt=24.873077s fork_dt=0.000356s search_dt=24.871951s encode/write_dt=0.000769s
[run_single_root_search_DNN:after_search] dt=24.791s 
[run_single_root_search_DNN:end] total_dt=24.792780s fork_dt=0.000500s search_dt=24.791461s encode/write_dt=0.000818s
[run_single_root_search_DNN:after_search] dt=24.543s 
[run_single_root_search_DNN:end] total_dt=19.361922s fork_dt=0.000257s search_dt=19.361030s encode/write_dt=0.000635s
[run_single_root_search_DNN:after_search] dt=19.468s 
[run_single_root_search_DNN:end] total_dt=19.468516s fork_dt=0.000235s search_dt=19.467628s encode/write_dt=0.000652s
[run_single_root_search_DNN:after_search] dt=19.082s 
[run_single_root_search_DNN:end] total_dt=19.083025s fork_dt=0.000266s search_dt=19.082187s encode/write_dt=0.000572s
[run_single_root_search_DNN:after_search] dt=19.512s 
[run_single_root_search_DNN:end] total_dt=19.512941s fork_dt=0.000275s search_dt=19.512187s encode/write_dt=0.000480s
[run_single_root_search_DNN:after_search] dt=18.801s 
[run_single_root_search_DNN:end] total_dt=18.802098s fork_dt=0.000250s search_dt=18.801448s encode/write_dt=0.000401s
[run_single_root_search_DNN:after_search] dt=18.665s 
[run_single_root_search_DNN:end] total_dt=18.665291s fork_dt=0.000240s search_dt=18.664674s encode/write_dt=0.000377s
[run_single_root_search_DNN:after_search] dt=18.080s 
[run_single_root_search_DNN:end] total_dt=18.080224s fork_dt=0.000261s search_dt=18.079667s encode/write_dt=0.000295s
[run_single_root_search_DNN:after_search] dt=8.624s 
[run_single_root_search_DNN:end] total_dt=8.624356s fork_dt=0.000239s search_dt=8.623913s encode/write_dt=0.000204s
[run_single_root_search_DNN:after_search] dt=19.091s 
[run_single_root_search_DNN:end] total_dt=19.091652s fork_dt=0.000265s search_dt=19.090766s encode/write_dt=0.000621s
[run_single_root_search_DNN:after_search] dt=9.324s 
[run_single_root_search_DNN:end] total_dt=9.324141s fork_dt=0.000199s search_dt=9.323717s encode/write_dt=0.000225s
[run_single_root_search_DNN:after_search] dt=20.290s 
[run_single_root_search_DNN:end] total_dt=20.290826s fork_dt=0.000312s search_dt=20.289797s encode/write_dt=0.000716s
[run_single_root_search_DNN:after_search] dt=20.458s 
[run_single_root_search_DNN:end] total_dt=20.458833s fork_dt=0.000338s search_dt=20.457840s encode/write_dt=0.000654s
[run_single_root_search_DNN:after_search] dt=21.165s 
[run_single_root_search_DNN:end] total_dt=21.166215s fork_dt=0.000338s search_dt=21.165142s encode/write_dt=0.000735s
[run_single_root_search_DNN:after_search] dt=21.965s 
[run_single_root_search_DNN:end] total_dt=21.965798s fork_dt=0.000349s search_dt=21.964748s encode/write_dt=0.000701s
[run_single_root_search_DNN:after_search] dt=24.401s 
[run_single_root_search_DNN:end] total_dt=24.402517s fork_dt=0.000355s search_dt=24.401421s encode/write_dt=0.000741s
[run_single_root_search_DNN:after_search] dt=27.257s 
[run_single_root_search_DNN:end] total_dt=27.259013s fork_dt=0.000488s search_dt=27.257468s encode/write_dt=0.001057s
[run_single_root_search_DNN:after_search] dt=29.186s 
[run_single_root_search_DNN:end] total_dt=29.187787s fork_dt=0.000374s search_dt=29.186427s encode/write_dt=0.000986s
[run_single_root_search_DNN:after_search] dt=29.413s 
[run_single_root_search_DNN:end] total_dt=29.413998s fork_dt=0.000578s search_dt=29.412621s encode/write_dt=0.000799s
[run_single_root_search_DNN:after_search] dt=30.005s 
[run_single_root_search_DNN:end] total_dt=30.007100s fork_dt=0.000485s search_dt=30.005448s encode/write_dt=0.001167s
[run_single_root_search_DNN:after_search] dt=29.639s 
[run_single_root_search_DNN:end] total_dt=29.640623s fork_dt=0.000459s search_dt=29.639222s encode/write_dt=0.000942s
[run_single_root_search_DNN:after_search] dt=30.080s 
[run_single_root_search_DNN:end] total_dt=30.081738s fork_dt=0.000469s search_dt=30.080356s encode/write_dt=0.000913s
[run_single_root_search_DNN:after_search] dt=30.509s 
[run_single_root_search_DNN:end] total_dt=30.510595s fork_dt=0.000415s search_dt=30.509191s encode/write_dt=0.000989s
[run_single_root_search_DNN:after_search] dt=30.399s 
[run_single_root_search_DNN:end] total_dt=30.400409s fork_dt=0.000565s search_dt=30.398959s encode/write_dt=0.000886s
[run_single_root_search_DNN:after_search] dt=29.892s 
[run_single_root_search_DNN:end] total_dt=29.893489s fork_dt=0.000516s search_dt=29.892022s encode/write_dt=0.000952s
[run_single_root_search_DNN:after_search] dt=29.913s 
[run_single_root_search_DNN:end] total_dt=29.914317s fork_dt=0.000577s search_dt=29.912798s encode/write_dt=0.000942s
[run_single_root_search_DNN:after_search] dt=30.304s 
[run_single_root_search_DNN:end] total_dt=30.305323s fork_dt=0.000614s search_dt=30.303881s encode/write_dt=0.000829s
[run_single_root_search_DNN:after_search] dt=29.547s 
[run_single_root_search_DNN:end] total_dt=29.548562s fork_dt=0.000627s search_dt=29.547140s encode/write_dt=0.000794s
[run_single_root_search_DNN:after_search] dt=29.836s 
[run_single_root_search_DNN:end] total_dt=29.837048s fork_dt=0.000446s search_dt=29.835625s encode/write_dt=0.000976s
[run_single_root_search_DNN:after_search] dt=28.923s 
[run_single_root_search_DNN:end] total_dt=28.925682s fork_dt=0.000572s search_dt=28.923454s encode/write_dt=0.001655s
[run_single_root_search_DNN:after_search] dt=28.424s 
[run_single_root_search_DNN:end] total_dt=28.425388s fork_dt=0.000566s search_dt=28.424044s encode/write_dt=0.000778s
[run_single_root_search_DNN:after_search] dt=28.993s 
[run_single_root_search_DNN:end] total_dt=28.994019s fork_dt=0.000702s search_dt=28.992542s encode/write_dt=0.000775s
[run_single_root_search_DNN:after_search] dt=28.863s 
[run_single_root_search_DNN:end] total_dt=28.864368s fork_dt=0.000602s search_dt=28.862924s encode/write_dt=0.000842s
[run_single_root_search_DNN:after_search] dt=28.572s 
[run_single_root_search_DNN:end] total_dt=28.573580s fork_dt=0.000543s search_dt=28.572038s encode/write_dt=0.000998s
[run_single_root_search_DNN:after_search] dt=28.436s 
[run_single_root_search_DNN:end] total_dt=28.437307s fork_dt=0.000386s search_dt=28.436131s encode/write_dt=0.000790s
[run_single_root_search_DNN:after_search] dt=28.164s 
[run_single_root_search_DNN:end] total_dt=28.165236s fork_dt=0.000532s search_dt=28.163882s encode/write_dt=0.000822s
[run_single_root_search_DNN:after_search] dt=28.351s 
[run_single_root_search_DNN:end] total_dt=28.352790s fork_dt=0.000542s search_dt=28.351409s encode/write_dt=0.000839s
[run_single_root_search_DNN:after_search] dt=27.418s 
[run_single_root_search_DNN:end] total_dt=27.419499s fork_dt=0.000377s search_dt=27.418331s encode/write_dt=0.000791s
[run_single_root_search_DNN:after_search] dt=28.229s 
[run_single_root_search_DNN:end] total_dt=28.229981s fork_dt=0.000572s search_dt=28.228718s encode/write_dt=0.000691s
[run_single_root_search_DNN:after_search] dt=28.239s 
[run_single_root_search_DNN:end] total_dt=28.240577s fork_dt=0.000599s search_dt=28.239363s encode/write_dt=0.000616s
[run_single_root_search_DNN:after_search] dt=27.521s 
[run_single_root_search_DNN:end] total_dt=27.522485s fork_dt=0.000676s search_dt=27.521101s encode/write_dt=0.000708s
[run_single_root_search_DNN:after_search] dt=27.042s 
[run_single_root_search_DNN:end] total_dt=27.042803s fork_dt=0.000533s search_dt=27.041674s encode/write_dt=0.000595s
[run_single_root_search_DNN:after_search] dt=26.166s 
[run_single_root_search_DNN:end] total_dt=26.167244s fork_dt=0.000561s search_dt=26.166160s encode/write_dt=0.000522s
[run_single_root_search_DNN:after_search] dt=26.406s 
[run_single_root_search_DNN:end] total_dt=26.407340s fork_dt=0.000450s search_dt=26.406416s encode/write_dt=0.000474s
[run_single_root_search_DNN:after_search] dt=26.143s 
[run_single_root_search_DNN:end] total_dt=26.143837s fork_dt=0.000517s search_dt=26.142866s encode/write_dt=0.000454s
[run_single_root_search_DNN:after_search] dt=12.507s 
[run_single_root_search_DNN:end] total_dt=12.507393s fork_dt=0.000526s search_dt=12.506527s encode/write_dt=0.000340s
[run_single_root_search_DNN:after_search] dt=26.943s 
[run_single_root_search_DNN:end] total_dt=26.943881s fork_dt=0.000603s search_dt=26.942585s encode/write_dt=0.000693s
[run_single_root_search_DNN:after_search] dt=27.856s 
[run_single_root_search_DNN:end] total_dt=27.857504s fork_dt=0.000571s search_dt=27.856171s encode/write_dt=0.000763s
[run_single_root_search_DNN:after_search] dt=24.366s 
[run_single_root_search_DNN:end] total_dt=19.595351s fork_dt=0.000191s search_dt=19.594493s encode/write_dt=0.000666s
[run_single_root_search_DNN:after_search] dt=19.844s 
[run_single_root_search_DNN:end] total_dt=19.844236s fork_dt=0.000216s search_dt=19.843553s encode/write_dt=0.000467s
[run_single_root_search_DNN:after_search] dt=19.412s 
[run_single_root_search_DNN:end] total_dt=19.412477s fork_dt=0.000178s search_dt=19.411743s encode/write_dt=0.000556s
[run_single_root_search_DNN:after_search] dt=19.294s 
[run_single_root_search_DNN:end] total_dt=19.294652s fork_dt=0.000257s search_dt=19.293959s encode/write_dt=0.000436s
[run_single_root_search_DNN:after_search] dt=19.177s 
[run_single_root_search_DNN:end] total_dt=19.178180s fork_dt=0.000213s search_dt=19.177492s encode/write_dt=0.000475s
[run_single_root_search_DNN:after_search] dt=18.676s 
[run_single_root_search_DNN:end] total_dt=18.676454s fork_dt=0.000192s search_dt=18.675726s encode/write_dt=0.000536s
[run_single_root_search_DNN:after_search] dt=18.437s 
[run_single_root_search_DNN:end] total_dt=18.437479s fork_dt=0.000193s search_dt=18.436941s encode/write_dt=0.000345s
[run_single_root_search_DNN:after_search] dt=18.276s 
[run_single_root_search_DNN:end] total_dt=18.276267s fork_dt=0.000198s search_dt=18.275747s encode/write_dt=0.000322s
[run_single_root_search_DNN:after_search] dt=18.680s 
[run_single_root_search_DNN:end] total_dt=18.680274s fork_dt=0.000233s search_dt=18.679597s encode/write_dt=0.000444s
[run_single_root_search_DNN:after_search] dt=19.264s 
[run_single_root_search_DNN:end] total_dt=19.264752s fork_dt=0.000243s search_dt=19.264156s encode/write_dt=0.000352s
[run_single_root_search_DNN:after_search] dt=8.813s 
[run_single_root_search_DNN:end] total_dt=8.812915s fork_dt=0.000149s search_dt=8.812563s encode/write_dt=0.000204s
[run_single_root_search_DNN:after_search] dt=18.610s 
[run_single_root_search_DNN:end] total_dt=18.610634s fork_dt=0.000237s search_dt=18.609828s encode/write_dt=0.000569s
[run_single_root_search_DNN:after_search] dt=5.623s 
[run_single_root_search_DNN:end] total_dt=5.623234s fork_dt=0.000021s search_dt=5.623086s encode/write_dt=0.000126s
[run_single_root_search_DNN:after_search] dt=11.904s 
[run_single_root_search_DNN:end] total_dt=11.904631s fork_dt=0.000134s search_dt=11.904080s encode/write_dt=0.000417s
[run_single_root_search_DNN:after_search] dt=12.017s 
[run_single_root_search_DNN:end] total_dt=12.017558s fork_dt=0.000144s search_dt=12.016967s encode/write_dt=0.000447s
[run_single_root_search_DNN:after_search] dt=12.282s 
[run_single_root_search_DNN:end] total_dt=12.282523s fork_dt=0.000146s search_dt=12.281888s encode/write_dt=0.000489s
[run_single_root_search_DNN:after_search] dt=12.524s 
[run_single_root_search_DNN:end] total_dt=12.524349s fork_dt=0.000131s search_dt=12.523757s encode/write_dt=0.000461s
[run_single_root_search_DNN:after_search] dt=12.163s 
[run_single_root_search_DNN:end] total_dt=12.163751s fork_dt=0.000136s search_dt=12.163098s encode/write_dt=0.000517s
[run_single_root_search_DNN:after_search] dt=12.745s 
[run_single_root_search_DNN:end] total_dt=12.745849s fork_dt=0.000145s search_dt=12.744605s encode/write_dt=0.001099s
[run_single_root_search_DNN:after_search] dt=13.058s 
[run_single_root_search_DNN:end] total_dt=13.059146s fork_dt=0.000142s search_dt=13.058481s encode/write_dt=0.000524s
[run_single_root_search_DNN:after_search] dt=13.499s 
[run_single_root_search_DNN:end] total_dt=13.499487s fork_dt=0.000142s search_dt=13.498848s encode/write_dt=0.000497s
[run_single_root_search_DNN:after_search] dt=14.894s 
[run_single_root_search_DNN:end] total_dt=14.894947s fork_dt=0.000158s search_dt=14.894298s encode/write_dt=0.000491s
[run_single_root_search_DNN:after_search] dt=15.955s 
[run_single_root_search_DNN:end] total_dt=15.955345s fork_dt=0.000148s search_dt=15.954629s encode/write_dt=0.000568s
[run_single_root_search_DNN:after_search] dt=16.015s 
[run_single_root_search_DNN:end] total_dt=16.015469s fork_dt=0.000173s search_dt=16.014738s encode/write_dt=0.000558s
[run_single_root_search_DNN:after_search] dt=16.861s 
[run_single_root_search_DNN:end] total_dt=16.861998s fork_dt=0.000163s search_dt=16.861347s encode/write_dt=0.000488s
[run_single_root_search_DNN:after_search] dt=16.999s 
[run_single_root_search_DNN:end] total_dt=16.999653s fork_dt=0.000155s search_dt=16.998946s encode/write_dt=0.000552s
[run_single_root_search_DNN:after_search] dt=16.922s 
[run_single_root_search_DNN:end] total_dt=16.922254s fork_dt=0.000181s search_dt=16.921575s encode/write_dt=0.000498s
[run_single_root_search_DNN:after_search] dt=18.846s 
[run_single_root_search_DNN:end] total_dt=18.847049s fork_dt=0.000155s search_dt=18.846372s encode/write_dt=0.000523s
[run_single_root_search_DNN:after_search] dt=20.527s 
[run_single_root_search_DNN:end] total_dt=20.527362s fork_dt=0.000162s search_dt=20.526687s encode/write_dt=0.000512s
[run_single_root_search_DNN:after_search] dt=20.640s 
[run_single_root_search_DNN:end] total_dt=20.640768s fork_dt=0.000144s search_dt=20.639982s encode/write_dt=0.000642s
[run_single_root_search_DNN:after_search] dt=20.245s 
[run_single_root_search_DNN:end] total_dt=20.245449s fork_dt=0.000225s search_dt=20.244612s encode/write_dt=0.000612s
[run_single_root_search_DNN:after_search] dt=20.156s 
[run_single_root_search_DNN:end] total_dt=20.156968s fork_dt=0.000153s search_dt=20.156220s encode/write_dt=0.000595s
[run_single_root_search_DNN:after_search] dt=20.054s 
[run_single_root_search_DNN:end] total_dt=20.054627s fork_dt=0.000159s search_dt=20.053838s encode/write_dt=0.000631s
[run_single_root_search_DNN:after_search] dt=20.036s 
[run_single_root_search_DNN:end] total_dt=20.036752s fork_dt=0.000175s search_dt=20.036029s encode/write_dt=0.000548s
[run_single_root_search_DNN:after_search] dt=18.870s 
[run_single_root_search_DNN:end] total_dt=18.871040s fork_dt=0.000174s search_dt=18.870368s encode/write_dt=0.000499s
[run_single_root_search_DNN:after_search] dt=19.810s 
[run_single_root_search_DNN:end] total_dt=19.810670s fork_dt=0.000197s search_dt=19.809895s encode/write_dt=0.000578s
[run_single_root_search_DNN:after_search] dt=19.719s 
[run_single_root_search_DNN:end] total_dt=19.719558s fork_dt=0.000175s search_dt=19.718700s encode/write_dt=0.000683s
[run_single_root_search_DNN:after_search] dt=19.427s 
[run_single_root_search_DNN:end] total_dt=19.427401s fork_dt=0.000232s search_dt=19.426610s encode/write_dt=0.000559s
[run_single_root_search_DNN:after_search] dt=19.215s 
[run_single_root_search_DNN:end] total_dt=19.215820s fork_dt=0.000166s search_dt=19.214928s encode/write_dt=0.000726s
[run_single_root_search_DNN:after_search] dt=19.379s 
[run_single_root_search_DNN:end] total_dt=19.379626s fork_dt=0.000183s search_dt=19.378936s encode/write_dt=0.000507s
[run_single_root_search_DNN:after_search] dt=18.231s 
[run_single_root_search_DNN:end] total_dt=18.231662s fork_dt=0.000179s search_dt=18.230603s encode/write_dt=0.000880s
[run_single_root_search_DNN:after_search] dt=18.804s 
[run_single_root_search_DNN:end] total_dt=18.804481s fork_dt=0.000160s search_dt=18.803860s encode/write_dt=0.000462s
[run_single_root_search_DNN:after_search] dt=18.888s 
[run_single_root_search_DNN:end] total_dt=18.888585s fork_dt=0.000164s search_dt=18.888005s encode/write_dt=0.000416s
[run_single_root_search_DNN:after_search] dt=19.031s 
[run_single_root_search_DNN:end] total_dt=19.031426s fork_dt=0.000173s search_dt=19.030898s encode/write_dt=0.000355s
[run_single_root_search_DNN:after_search] dt=17.736s 
[run_single_root_search_DNN:end] total_dt=17.736182s fork_dt=0.000157s search_dt=17.735715s encode/write_dt=0.000309s
[run_single_root_search_DNN:after_search] dt=17.389s 
[run_single_root_search_DNN:end] total_dt=17.389993s fork_dt=0.000186s search_dt=17.389430s encode/write_dt=0.000377s
[run_single_root_search_DNN:after_search] dt=8.293s 
[run_single_root_search_DNN:end] total_dt=8.293019s fork_dt=0.000157s search_dt=8.292591s encode/write_dt=0.000271s
[run_single_root_search_DNN:after_search] dt=18.174s 
[run_single_root_search_DNN:end] total_dt=18.174947s fork_dt=0.000247s search_dt=18.174011s encode/write_dt=0.000689s[run_single_root_search_DNN:end] total_dt=24.892843s fork_dt=0.000363s search_dt=24.891791s encode/write_dt=0.000689s
[run_single_root_search_DNN:after_search] dt=23.977s 
[run_single_root_search_DNN:end] total_dt=23.978158s fork_dt=0.000588s search_dt=23.976909s encode/write_dt=0.000661s
[run_single_root_search_DNN:after_search] dt=24.353s 
[run_single_root_search_DNN:end] total_dt=24.354589s fork_dt=0.000521s search_dt=24.353311s encode/write_dt=0.000757s
[run_single_root_search_DNN:after_search] dt=23.531s 
[run_single_root_search_DNN:end] total_dt=23.532392s fork_dt=0.000468s search_dt=23.531068s encode/write_dt=0.000856s
[run_single_root_search_DNN:after_search] dt=22.335s 
[run_single_root_search_DNN:end] total_dt=22.335947s fork_dt=0.000366s search_dt=22.334838s encode/write_dt=0.000742s
[run_single_root_search_DNN:after_search] dt=22.944s 
[run_single_root_search_DNN:end] total_dt=22.944624s fork_dt=0.000459s search_dt=22.943501s encode/write_dt=0.000664s
[run_single_root_search_DNN:after_search] dt=22.035s 
[run_single_root_search_DNN:end] total_dt=22.036327s fork_dt=0.000344s search_dt=22.035319s encode/write_dt=0.000664s
[run_single_root_search_DNN:after_search] dt=22.818s 
[run_single_root_search_DNN:end] total_dt=22.818854s fork_dt=0.000361s search_dt=22.817760s encode/write_dt=0.000733s
[run_single_root_search_DNN:after_search] dt=23.070s 
[run_single_root_search_DNN:end] total_dt=23.071301s fork_dt=0.000351s search_dt=23.070292s encode/write_dt=0.000658s
[run_single_root_search_DNN:after_search] dt=23.155s 
[run_single_root_search_DNN:end] total_dt=23.156004s fork_dt=0.000323s search_dt=23.155019s encode/write_dt=0.000662s
[run_single_root_search_DNN:after_search] dt=22.316s 
[run_single_root_search_DNN:end] total_dt=22.316551s fork_dt=0.000312s search_dt=22.315528s encode/write_dt=0.000712s
[run_single_root_search_DNN:after_search] dt=23.591s 
[run_single_root_search_DNN:end] total_dt=23.592105s fork_dt=0.000300s search_dt=23.591169s encode/write_dt=0.000635s
[run_single_root_search_DNN:after_search] dt=13.985s 
[run_single_root_search_DNN:end] total_dt=13.985528s fork_dt=0.000085s search_dt=13.985034s encode/write_dt=0.000409s
[run_single_root_search_DNN:after_search] dt=14.546s 
[run_single_root_search_DNN:end] total_dt=14.546188s fork_dt=0.000175s search_dt=14.545592s encode/write_dt=0.000420s
[run_single_root_search_DNN:after_search] dt=14.745s 
[run_single_root_search_DNN:end] total_dt=14.745213s fork_dt=0.000163s search_dt=14.744624s encode/write_dt=0.000425s
[run_single_root_search_DNN:after_search] dt=14.681s 
[run_single_root_search_DNN:end] total_dt=14.681400s fork_dt=0.000180s search_dt=14.680787s encode/write_dt=0.000433s
[run_single_root_search_DNN:after_search] dt=15.095s 
[run_single_root_search_DNN:end] total_dt=15.095776s fork_dt=0.000167s search_dt=15.095172s encode/write_dt=0.000437s
[run_single_root_search_DNN:after_search] dt=15.108s 
[run_single_root_search_DNN:end] total_dt=15.108159s fork_dt=0.000157s search_dt=15.107563s encode/write_dt=0.000439s
[run_single_root_search_DNN:after_search] dt=14.815s 
[run_single_root_search_DNN:end] total_dt=14.815660s fork_dt=0.000177s search_dt=14.814962s encode/write_dt=0.000521s
[run_single_root_search_DNN:after_search] dt=15.827s 
[run_single_root_search_DNN:end] total_dt=15.827256s fork_dt=0.000172s search_dt=15.826508s encode/write_dt=0.000576s
[run_single_root_search_DNN:after_search] dt=16.852s 
[run_single_root_search_DNN:end] total_dt=16.852249s fork_dt=0.000183s search_dt=16.851618s encode/write_dt=0.000447s
[run_single_root_search_DNN:after_search] dt=17.497s 
[run_single_root_search_DNN:end] total_dt=17.497546s fork_dt=0.000206s search_dt=17.496745s encode/write_dt=0.000594s
[run_single_root_search_DNN:after_search] dt=18.080s 
[run_single_root_search_DNN:end] total_dt=18.080644s fork_dt=0.000302s search_dt=18.079992s encode/write_dt=0.000351s
[run_single_root_search_DNN:after_search] dt=18.136s 
[run_single_root_search_DNN:end] total_dt=18.136968s fork_dt=0.000196s search_dt=18.136471s encode/write_dt=0.000301s
[run_single_root_search_DNN:after_search] dt=18.289s 
[run_single_root_search_DNN:end] total_dt=18.289560s fork_dt=0.000212s search_dt=18.288975s encode/write_dt=0.000373s
[run_single_root_search_DNN:after_search] dt=9.069s 
[run_single_root_search_DNN:end] total_dt=9.069068s fork_dt=0.000286s search_dt=9.068566s encode/write_dt=0.000216s
[run_single_root_search_DNN:after_search] dt=18.986s 
[run_single_root_search_DNN:end] total_dt=18.986706s fork_dt=0.000269s search_dt=18.985964s encode/write_dt=0.000473s
[run_single_root_search_DNN:after_search] dt=20.811s 
[run_single_root_search_DNN:end] total_dt=20.812049s fork_dt=0.000211s search_dt=20.811245s encode/write_dt=0.000593s
[run_single_root_search_DNN:after_search] dt=19.919s 
[run_single_root_search_DNN:end] total_dt=19.919936s fork_dt=0.000235s search_dt=19.919100s encode/write_dt=0.000601s
[run_single_root_search_DNN:after_search] dt=20.669s 
[run_single_root_search_DNN:end] total_dt=20.670128s fork_dt=0.000264s search_dt=20.669367s encode/write_dt=0.000497s
[run_single_root_search_DNN:after_search] dt=20.825s 
[run_single_root_search_DNN:end] total_dt=20.825502s fork_dt=0.000230s search_dt=20.824821s encode/write_dt=0.000451s
[run_single_root_search_DNN:after_search] dt=20.700s 
[run_single_root_search_DNN:end] total_dt=20.700379s fork_dt=0.000247s search_dt=20.699651s encode/write_dt=0.000480s
[run_single_root_search_DNN:after_search] dt=20.040s 
[run_single_root_search_DNN:end] total_dt=20.041060s fork_dt=0.000258s search_dt=20.040198s encode/write_dt=0.000603s
[run_single_root_search_DNN:after_search] dt=20.582s 
[run_single_root_search_DNN:end] total_dt=20.582919s fork_dt=0.000206s search_dt=20.582232s encode/write_dt=0.000480s
[run_single_root_search_DNN:after_search] dt=20.525s 
[run_single_root_search_DNN:end] total_dt=20.525671s fork_dt=0.000219s search_dt=20.524866s encode/write_dt=0.000586s
[run_single_root_search_DNN:after_search] dt=19.937s 
[run_single_root_search_DNN:end] total_dt=19.938134s fork_dt=0.000288s search_dt=19.937135s encode/write_dt=0.000710s
[run_single_root_search_DNN:after_search] dt=20.304s 
[run_single_root_search_DNN:end] total_dt=20.304779s fork_dt=0.000249s search_dt=20.303929s encode/write_dt=0.000601s
[run_single_root_search_DNN:after_search] dt=19.978s 
[run_single_root_search_DNN:end] total_dt=19.978971s fork_dt=0.000233s search_dt=19.978289s encode/write_dt=0.000450s
[run_single_root_search_DNN:after_search] dt=19.609s 
[run_single_root_search_DNN:end] total_dt=19.609387s fork_dt=0.000196s search_dt=19.608798s encode/write_dt=0.000393s
[run_single_root_search_DNN:after_search] dt=19.958s 
[run_single_root_search_DNN:end] total_dt=19.958270s fork_dt=0.000239s search_dt=19.957656s encode/write_dt=0.000375s
[run_single_root_search_DNN:after_search] dt=20.406s 
[run_single_root_search_DNN:end] total_dt=20.406372s fork_dt=0.000306s search_dt=20.405678s encode/write_dt=0.000388s
[run_single_root_search_DNN:after_search] dt=19.235s 
[run_single_root_search_DNN:end] total_dt=19.236030s fork_dt=0.000283s search_dt=19.235420s encode/write_dt=0.000327s
[run_single_root_search_DNN:after_search] dt=9.678s 
[run_single_root_search_DNN:end] total_dt=9.678785s fork_dt=0.000213s search_dt=9.678381s encode/write_dt=0.000191s
[run_single_root_search_DNN:after_search] dt=21.964s 
[run_single_root_search_DNN:end] total_dt=21.965170s fork_dt=0.000236s search_dt=21.964379s encode/write_dt=0.000555s
[run_single_root_search_DNN:after_search] dt=21.853s 
[run_single_root_search_DNN:end] total_dt=21.853987s fork_dt=0.000295s search_dt=21.853046s encode/write_dt=0.000646s
[run_single_root_search_DNN:after_search] dt=21.658s 
[run_single_root_search_DNN:end] total_dt=21.658681s fork_dt=0.000289s search_dt=21.657635s encode/write_dt=0.000757s
[run_single_root_search_DNN:after_search] dt=22.035s 
[run_single_root_search_DNN:end] total_dt=22.036323s fork_dt=0.000464s search_dt=22.035093s encode/write_dt=0.000765s
[run_single_root_search_DNN:after_search] dt=21.516s 
[run_single_root_search_DNN:end] total_dt=24.543502s fork_dt=0.000299s search_dt=24.542532s encode/write_dt=0.000670s
[run_single_root_search_DNN:after_search] dt=23.814s 
[run_single_root_search_DNN:end] total_dt=23.814775s fork_dt=0.000361s search_dt=23.813711s encode/write_dt=0.000704s
[run_single_root_search_DNN:after_search] dt=22.600s 
[run_single_root_search_DNN:end] total_dt=22.600706s fork_dt=0.000365s search_dt=22.599637s encode/write_dt=0.000704s
[run_single_root_search_DNN:after_search] dt=23.056s 
[run_single_root_search_DNN:end] total_dt=23.056814s fork_dt=0.000401s search_dt=23.055735s encode/write_dt=0.000677s
[run_single_root_search_DNN:after_search] dt=20.974s 
[run_single_root_search_DNN:end] total_dt=20.974635s fork_dt=0.000343s search_dt=20.973598s encode/write_dt=0.000694s
[run_single_root_search_DNN:after_search] dt=21.524s 
[run_single_root_search_DNN:end] total_dt=21.525118s fork_dt=0.000303s search_dt=21.524305s encode/write_dt=0.000510s
[run_single_root_search_DNN:after_search] dt=20.775s 
[run_single_root_search_DNN:end] total_dt=20.776123s fork_dt=0.000299s search_dt=20.775364s encode/write_dt=0.000460s
[run_single_root_search_DNN:after_search] dt=20.923s 
[run_single_root_search_DNN:end] total_dt=20.923517s fork_dt=0.000335s search_dt=20.922790s encode/write_dt=0.000392s
[run_single_root_search_DNN:after_search] dt=20.107s 
[run_single_root_search_DNN:end] total_dt=20.107979s fork_dt=0.000298s search_dt=20.107345s encode/write_dt=0.000335s
[run_single_root_search_DNN:after_search] dt=9.817s 
[run_single_root_search_DNN:end] total_dt=9.817798s fork_dt=0.000300s search_dt=9.817273s encode/write_dt=0.000225s
[run_single_root_search_DNN:after_search] dt=20.765s 
[run_single_root_search_DNN:end] total_dt=20.766172s fork_dt=0.000318s search_dt=20.765217s encode/write_dt=0.000637s
[run_single_root_search_DNN:after_search] dt=11.646s 
[run_single_root_search_DNN:end] total_dt=11.646129s fork_dt=0.000061s search_dt=11.645879s encode/write_dt=0.000189s
[run_single_root_search_DNN:after_search] dt=6.411s 
[run_single_root_search_DNN:end] total_dt=6.410859s fork_dt=0.000107s search_dt=6.410611s encode/write_dt=0.000141s
[run_single_root_search_DNN:after_search] dt=11.798s 
[run_single_root_search_DNN:end] total_dt=11.798600s fork_dt=0.000154s search_dt=11.798087s encode/write_dt=0.000359s
[run_single_root_search_DNN:after_search] dt=11.777s 
[run_single_root_search_DNN:end] total_dt=11.777283s fork_dt=0.000155s search_dt=11.776748s encode/write_dt=0.000380s
[run_single_root_search_DNN:after_search] dt=13.156s 
[run_single_root_search_DNN:end] total_dt=13.157214s fork_dt=0.000232s search_dt=13.155899s encode/write_dt=0.001083s
[run_single_root_search_DNN:after_search] dt=14.583s 
[run_single_root_search_DNN:end] total_dt=14.583525s fork_dt=0.000175s search_dt=14.582963s encode/write_dt=0.000386s
[run_single_root_search_DNN:after_search] dt=14.959s 
[run_single_root_search_DNN:end] total_dt=14.959302s fork_dt=0.000168s search_dt=14.958733s encode/write_dt=0.000401s
[run_single_root_search_DNN:after_search] dt=15.755s 
[run_single_root_search_DNN:end] total_dt=15.755946s fork_dt=0.000189s search_dt=15.755302s encode/write_dt=0.000455s
[run_single_root_search_DNN:after_search] dt=17.007s 
[run_single_root_search_DNN:end] total_dt=17.008013s fork_dt=0.000179s search_dt=17.007383s encode/write_dt=0.000450s
[run_single_root_search_DNN:after_search] dt=17.455s 
[run_single_root_search_DNN:end] total_dt=17.455375s fork_dt=0.000175s search_dt=17.454672s encode/write_dt=0.000528s
[run_single_root_search_DNN:after_search] dt=18.094s 
[run_single_root_search_DNN:end] total_dt=18.094728s fork_dt=0.000225s search_dt=18.094054s encode/write_dt=0.000449s
[run_single_root_search_DNN:after_search] dt=19.687s 
[run_single_root_search_DNN:end] total_dt=19.688176s fork_dt=0.000189s search_dt=19.687388s encode/write_dt=0.000598s
[run_single_root_search_DNN:after_search] dt=18.036s 
[run_single_root_search_DNN:end] total_dt=18.036751s fork_dt=0.000190s search_dt=18.036065s encode/write_dt=0.000496s
[run_single_root_search_DNN:after_search] dt=19.061s 
[run_single_root_search_DNN:end] total_dt=19.061500s fork_dt=0.000222s search_dt=19.060592s encode/write_dt=0.000686s
[run_single_root_search_DNN:after_search] dt=18.677s 
[run_single_root_search_DNN:end] total_dt=18.677913s fork_dt=0.000323s search_dt=18.677119s encode/write_dt=0.000471s
[run_single_root_search_DNN:after_search] dt=18.297s 
[run_single_root_search_DNN:end] total_dt=18.297864s fork_dt=0.000240s search_dt=18.297143s encode/write_dt=0.000481s
[run_single_root_search_DNN:after_search] dt=18.465s 
[run_single_root_search_DNN:end] total_dt=18.465463s fork_dt=0.000216s search_dt=18.464659s encode/write_dt=0.000588s
[run_single_root_search_DNN:after_search] dt=17.915s 
[run_single_root_search_DNN:end] total_dt=17.915491s fork_dt=0.000213s search_dt=17.914863s encode/write_dt=0.000416s
[run_single_root_search_DNN:after_search] dt=17.663s 
[run_single_root_search_DNN:end] total_dt=17.664043s fork_dt=0.000287s search_dt=17.663463s encode/write_dt=0.000294s
[run_single_root_search_DNN:after_search] dt=18.113s 
[run_single_root_search_DNN:end] total_dt=18.113555s fork_dt=0.000270s search_dt=18.113011s encode/write_dt=0.000273s
[run_single_root_search_DNN:after_search] dt=9.143s 
[run_single_root_search_DNN:end] total_dt=9.143555s fork_dt=0.000146s search_dt=9.143233s encode/write_dt=0.000176s
[run_single_root_search_DNN:after_search] dt=20.410s 
[run_single_root_search_DNN:end] total_dt=20.411332s fork_dt=0.000222s search_dt=20.410308s encode/write_dt=0.000802s
[run_single_root_search_DNN:after_search] dt=20.884s 
[run_single_root_search_DNN:end] total_dt=20.885063s fork_dt=0.000301s search_dt=20.884128s encode/write_dt=0.000635s
[run_single_root_search_DNN:after_search] dt=21.084s 
[run_single_root_search_DNN:end] total_dt=21.084738s fork_dt=0.000368s search_dt=21.083664s encode/write_dt=0.000706s
[run_single_root_search_DNN:after_search] dt=20.816s 
[run_single_root_search_DNN:end] total_dt=20.816511s fork_dt=0.000320s search_dt=20.815532s encode/write_dt=0.000659s
[run_single_root_search_DNN:after_search] dt=20.540s 
[run_single_root_search_DNN:end] total_dt=20.541354s fork_dt=0.000307s search_dt=20.540103s encode/write_dt=0.000944s
[run_single_root_search_DNN:after_search] dt=20.311s 
[run_single_root_search_DNN:end] total_dt=20.312503s fork_dt=0.000276s search_dt=20.311351s encode/write_dt=0.000876s
[run_single_root_search_DNN:after_search] dt=20.541s 
[run_single_root_search_DNN:end] total_dt=20.542405s fork_dt=0.000335s search_dt=20.541476s encode/write_dt=0.000594s
[run_single_root_search_DNN:after_search] dt=20.696s 
[run_single_root_search_DNN:end] total_dt=20.697306s fork_dt=0.000347s search_dt=20.696417s encode/write_dt=0.000542s
[run_single_root_search_DNN:after_search] dt=20.990s 
[run_single_root_search_DNN:end] total_dt=20.990605s fork_dt=0.000241s search_dt=20.989558s encode/write_dt=0.000807s
[run_single_root_search_DNN:after_search] dt=20.984s 
[run_single_root_search_DNN:end] total_dt=20.985042s fork_dt=0.000210s search_dt=20.984190s encode/write_dt=0.000641s
[run_single_root_search_DNN:after_search] dt=21.640s 
[run_single_root_search_DNN:end] total_dt=21.640689s fork_dt=0.000251s search_dt=21.639791s encode/write_dt=0.000647s
[run_single_root_search_DNN:after_search] dt=20.762s 
[run_single_root_search_DNN:end] total_dt=20.763107s fork_dt=0.000247s search_dt=20.762012s encode/write_dt=0.000849s
[run_single_root_search_DNN:after_search] dt=21.036s 
[run_single_root_search_DNN:end] total_dt=21.037436s fork_dt=0.000255s search_dt=21.036420s encode/write_dt=0.000762s
[run_single_root_search_DNN:after_search] dt=21.131s 
[run_single_root_search_DNN:end] total_dt=21.132295s fork_dt=0.000242s search_dt=21.131410s encode/write_dt=0.000643s
[run_single_root_search_DNN:after_search] dt=20.478s 
[run_single_root_search_DNN:end] total_dt=20.478537s fork_dt=0.000264s search_dt=20.477539s encode/write_dt=0.000735s
[run_single_root_search_DNN:after_search] dt=20.136s 
[run_single_root_search_DNN:end] total_dt=20.136883s fork_dt=0.000338s search_dt=20.135629s encode/write_dt=0.000917s[run_single_root_search_DNN:end] total_dt=24.706217s fork_dt=0.000527s search_dt=24.705056s encode/write_dt=0.000634s
[run_single_root_search_DNN:after_search] dt=23.990s 
[run_single_root_search_DNN:end] total_dt=23.990573s fork_dt=0.000368s search_dt=23.989564s encode/write_dt=0.000641s
[run_single_root_search_DNN:after_search] dt=24.229s 
[run_single_root_search_DNN:end] total_dt=24.229552s fork_dt=0.000379s search_dt=24.228540s encode/write_dt=0.000633s
[run_single_root_search_DNN:after_search] dt=23.975s 
[run_single_root_search_DNN:end] total_dt=23.975901s fork_dt=0.000300s search_dt=23.974668s encode/write_dt=0.000933s
[run_single_root_search_DNN:after_search] dt=24.036s 
[run_single_root_search_DNN:end] total_dt=24.037100s fork_dt=0.000350s search_dt=24.036068s encode/write_dt=0.000682s
[run_single_root_search_DNN:after_search] dt=22.116s 
[run_single_root_search_DNN:end] total_dt=22.116523s fork_dt=0.000304s search_dt=22.115585s encode/write_dt=0.000634s
[run_single_root_search_DNN:after_search] dt=22.215s 
[run_single_root_search_DNN:end] total_dt=22.216145s fork_dt=0.000271s search_dt=22.215221s encode/write_dt=0.000653s
[run_single_root_search_DNN:after_search] dt=21.336s 
[run_single_root_search_DNN:end] total_dt=21.337482s fork_dt=0.000395s search_dt=21.336435s encode/write_dt=0.000653s
[run_single_root_search_DNN:after_search] dt=20.471s 
[run_single_root_search_DNN:end] total_dt=20.472380s fork_dt=0.000280s search_dt=20.471429s encode/write_dt=0.000671s
[run_single_root_search_DNN:after_search] dt=20.312s 
[run_single_root_search_DNN:end] total_dt=20.313034s fork_dt=0.000266s search_dt=20.312115s encode/write_dt=0.000654s
[run_single_root_search_DNN:after_search] dt=20.113s 
[run_single_root_search_DNN:end] total_dt=20.113538s fork_dt=0.000263s search_dt=20.112690s encode/write_dt=0.000585s
[run_single_root_search_DNN:after_search] dt=20.196s 
[run_single_root_search_DNN:end] total_dt=20.196566s fork_dt=0.000283s search_dt=20.195788s encode/write_dt=0.000494s
[run_single_root_search_DNN:after_search] dt=14.122s 
[run_single_root_search_DNN:end] total_dt=14.122616s fork_dt=0.000088s search_dt=14.122157s encode/write_dt=0.000371s
[run_single_root_search_DNN:after_search] dt=14.021s 
[run_single_root_search_DNN:end] total_dt=14.021310s fork_dt=0.000167s search_dt=14.020716s encode/write_dt=0.000428s
[run_single_root_search_DNN:after_search] dt=14.447s 
[run_single_root_search_DNN:end] total_dt=14.448049s fork_dt=0.000173s search_dt=14.447482s encode/write_dt=0.000394s
[run_single_root_search_DNN:after_search] dt=14.983s 
[run_single_root_search_DNN:end] total_dt=14.983124s fork_dt=0.000166s search_dt=14.982551s encode/write_dt=0.000406s
[run_single_root_search_DNN:after_search] dt=14.919s 
[run_single_root_search_DNN:end] total_dt=14.919404s fork_dt=0.000177s search_dt=14.918773s encode/write_dt=0.000453s
[run_single_root_search_DNN:after_search] dt=15.183s 
[run_single_root_search_DNN:end] total_dt=15.183174s fork_dt=0.000169s search_dt=15.182527s encode/write_dt=0.000478s
[run_single_root_search_DNN:after_search] dt=15.480s 
[run_single_root_search_DNN:end] total_dt=15.480751s fork_dt=0.000177s search_dt=15.480172s encode/write_dt=0.000402s
[run_single_root_search_DNN:after_search] dt=16.443s 
[run_single_root_search_DNN:end] total_dt=16.443357s fork_dt=0.000187s search_dt=16.442758s encode/write_dt=0.000413s
[run_single_root_search_DNN:after_search] dt=17.906s 
[run_single_root_search_DNN:end] total_dt=17.906533s fork_dt=0.000235s search_dt=17.905934s encode/write_dt=0.000364s
[run_single_root_search_DNN:after_search] dt=18.659s 
[run_single_root_search_DNN:end] total_dt=18.659462s fork_dt=0.000241s search_dt=18.658898s encode/write_dt=0.000323s
[run_single_root_search_DNN:after_search] dt=19.387s 
[run_single_root_search_DNN:end] total_dt=19.387119s fork_dt=0.000252s search_dt=19.386567s encode/write_dt=0.000300s
[run_single_root_search_DNN:after_search] dt=9.463s 
[run_single_root_search_DNN:end] total_dt=9.463717s fork_dt=0.000152s search_dt=9.463320s encode/write_dt=0.000246s
[run_single_root_search_DNN:after_search] dt=17.060s 
[run_single_root_search_DNN:end] total_dt=17.060519s fork_dt=0.000277s search_dt=17.059515s encode/write_dt=0.000728s
[run_single_root_search_DNN:after_search] dt=18.876s 
[run_single_root_search_DNN:end] total_dt=18.877508s fork_dt=0.000257s search_dt=18.876427s encode/write_dt=0.000824s
[run_single_root_search_DNN:after_search] dt=21.665s 
[run_single_root_search_DNN:end] total_dt=21.665734s fork_dt=0.000310s search_dt=21.664901s encode/write_dt=0.000523s
[run_single_root_search_DNN:after_search] dt=21.054s 
[run_single_root_search_DNN:end] total_dt=21.054506s fork_dt=0.000291s search_dt=21.053768s encode/write_dt=0.000447s
[run_single_root_search_DNN:after_search] dt=21.480s 
[run_single_root_search_DNN:end] total_dt=21.480449s fork_dt=0.000208s search_dt=21.479794s encode/write_dt=0.000447s
[run_single_root_search_DNN:after_search] dt=20.575s 
[run_single_root_search_DNN:end] total_dt=20.575901s fork_dt=0.000204s search_dt=20.575211s encode/write_dt=0.000487s
[run_single_root_search_DNN:after_search] dt=20.651s 
[run_single_root_search_DNN:end] total_dt=20.652271s fork_dt=0.000329s search_dt=20.651210s encode/write_dt=0.000732s
[run_single_root_search_DNN:after_search] dt=20.354s 
[run_single_root_search_DNN:end] total_dt=20.354575s fork_dt=0.000258s search_dt=20.353710s encode/write_dt=0.000607s
[run_single_root_search_DNN:after_search] dt=20.113s 
[run_single_root_search_DNN:end] total_dt=20.113238s fork_dt=0.000220s search_dt=20.112531s encode/write_dt=0.000486s
[run_single_root_search_DNN:after_search] dt=20.912s 
[run_single_root_search_DNN:end] total_dt=20.912817s fork_dt=0.000290s search_dt=20.911916s encode/write_dt=0.000612s
[run_single_root_search_DNN:after_search] dt=20.348s 
[run_single_root_search_DNN:end] total_dt=20.349406s fork_dt=0.000275s search_dt=20.348459s encode/write_dt=0.000672s
[run_single_root_search_DNN:after_search] dt=20.557s 
[run_single_root_search_DNN:end] total_dt=20.557245s fork_dt=0.000298s search_dt=20.556552s encode/write_dt=0.000395s
[run_single_root_search_DNN:after_search] dt=20.274s 
[run_single_root_search_DNN:end] total_dt=20.274512s fork_dt=0.000230s search_dt=20.273934s encode/write_dt=0.000348s
[run_single_root_search_DNN:after_search] dt=21.040s 
[run_single_root_search_DNN:end] total_dt=21.040859s fork_dt=0.000245s search_dt=21.040232s encode/write_dt=0.000381s
[run_single_root_search_DNN:after_search] dt=20.691s 
[run_single_root_search_DNN:end] total_dt=20.691063s fork_dt=0.000253s search_dt=20.690508s encode/write_dt=0.000302s
[run_single_root_search_DNN:after_search] dt=9.650s 
[run_single_root_search_DNN:end] total_dt=9.650698s fork_dt=0.000221s search_dt=9.650257s encode/write_dt=0.000220s
[run_single_root_search_DNN:after_search] dt=21.488s 
[run_single_root_search_DNN:end] total_dt=21.488986s fork_dt=0.000283s search_dt=21.488000s encode/write_dt=0.000703s
[run_single_root_search_DNN:after_search] dt=21.794s 
[run_single_root_search_DNN:end] total_dt=21.795027s fork_dt=0.000242s search_dt=21.794156s encode/write_dt=0.000629s
[run_single_root_search_DNN:after_search] dt=21.892s 
[run_single_root_search_DNN:end] total_dt=21.893067s fork_dt=0.000285s search_dt=21.892014s encode/write_dt=0.000768s
[run_single_root_search_DNN:after_search] dt=21.971s 
[run_single_root_search_DNN:end] total_dt=21.972265s fork_dt=0.000272s search_dt=21.971372s encode/write_dt=0.000622s
[run_single_root_search_DNN:after_search] dt=21.764s 
[run_single_root_search_DNN:end] total_dt=21.764716s fork_dt=0.000319s search_dt=21.763711s encode/write_dt=0.000686s
[run_single_root_search_DNN:after_search] dt=22.332s 
[run_single_root_search_DNN:end] total_dt=22.333021s fork_dt=0.000241s search_dt=22.331818s encode/write_dt=0.000961s
[run_single_root_search_DNN:after_search] dt=22.387s 
[run_single_root_search_DNN:end] total_dt=22.388245s fork_dt=0.000264s search_dt=22.387330s encode/write_dt=0.000652s
[run_single_root_search_DNN:after_search] dt=22.129s 
[run_single_root_search_DNN:end] total_dt=23.217894s fork_dt=0.000299s search_dt=23.216937s encode/write_dt=0.000659s
[run_single_root_search_DNN:after_search] dt=22.689s 
[run_single_root_search_DNN:end] total_dt=22.690602s fork_dt=0.000380s search_dt=22.689476s encode/write_dt=0.000746s
[run_single_root_search_DNN:after_search] dt=22.664s 
[run_single_root_search_DNN:end] total_dt=22.664941s fork_dt=0.000400s search_dt=22.663925s encode/write_dt=0.000616s
[run_single_root_search_DNN:after_search] dt=22.048s 
[run_single_root_search_DNN:end] total_dt=22.048914s fork_dt=0.000388s search_dt=22.047889s encode/write_dt=0.000637s
[run_single_root_search_DNN:after_search] dt=21.541s 
[run_single_root_search_DNN:end] total_dt=21.542034s fork_dt=0.000302s search_dt=21.540862s encode/write_dt=0.000870s
[run_single_root_search_DNN:after_search] dt=21.948s 
[run_single_root_search_DNN:end] total_dt=21.949411s fork_dt=0.000276s search_dt=21.948458s encode/write_dt=0.000676s
[run_single_root_search_DNN:after_search] dt=22.102s 
[run_single_root_search_DNN:end] total_dt=22.103121s fork_dt=0.000404s search_dt=22.102070s encode/write_dt=0.000647s
[run_single_root_search_DNN:after_search] dt=22.330s 
[run_single_root_search_DNN:end] total_dt=22.331137s fork_dt=0.000326s search_dt=22.330193s encode/write_dt=0.000618s
[run_single_root_search_DNN:after_search] dt=22.339s 
[run_single_root_search_DNN:end] total_dt=22.340225s fork_dt=0.000316s search_dt=22.339305s encode/write_dt=0.000605s
[run_single_root_search_DNN:after_search] dt=21.869s 
[run_single_root_search_DNN:end] total_dt=21.870257s fork_dt=0.000269s search_dt=21.869351s encode/write_dt=0.000637s
[run_single_root_search_DNN:after_search] dt=19.959s 
[run_single_root_search_DNN:end] total_dt=19.959690s fork_dt=0.000296s search_dt=19.958759s encode/write_dt=0.000635s
[run_single_root_search_DNN:after_search] dt=20.514s 
[run_single_root_search_DNN:end] total_dt=20.514978s fork_dt=0.000279s search_dt=20.514064s encode/write_dt=0.000635s
[run_single_root_search_DNN:after_search] dt=13.986s 
[run_single_root_search_DNN:end] total_dt=13.986948s fork_dt=0.000093s search_dt=13.986470s encode/write_dt=0.000385s
[run_single_root_search_DNN:after_search] dt=14.375s 
[run_single_root_search_DNN:end] total_dt=14.375924s fork_dt=0.000181s search_dt=14.374753s encode/write_dt=0.000990s
[run_single_root_search_DNN:after_search] dt=14.874s 
[run_single_root_search_DNN:end] total_dt=14.874319s fork_dt=0.000187s search_dt=14.873725s encode/write_dt=0.000406s
[run_single_root_search_DNN:after_search] dt=14.988s 
[run_single_root_search_DNN:end] total_dt=14.988235s fork_dt=0.000192s search_dt=14.987646s encode/write_dt=0.000397s
[run_single_root_search_DNN:after_search] dt=14.968s 
[run_single_root_search_DNN:end] total_dt=14.969018s fork_dt=0.000205s search_dt=14.968441s encode/write_dt=0.000372s
[run_single_root_search_DNN:after_search] dt=16.262s 
[run_single_root_search_DNN:end] total_dt=16.262406s fork_dt=0.000202s search_dt=16.261863s encode/write_dt=0.000341s
[run_single_root_search_DNN:after_search] dt=16.711s 
[run_single_root_search_DNN:end] total_dt=16.711888s fork_dt=0.000205s search_dt=16.711387s encode/write_dt=0.000296s
[run_single_root_search_DNN:after_search] dt=16.979s 
[run_single_root_search_DNN:end] total_dt=16.979543s fork_dt=0.000239s search_dt=16.978978s encode/write_dt=0.000326s
[run_single_root_search_DNN:after_search] dt=8.960s 
[run_single_root_search_DNN:end] total_dt=8.960852s fork_dt=0.000192s search_dt=8.960461s encode/write_dt=0.000199s
[run_single_root_search_DNN:after_search] dt=20.337s 
[run_single_root_search_DNN:end] total_dt=20.338177s fork_dt=0.000285s search_dt=20.337207s encode/write_dt=0.000685s
[run_single_root_search_DNN:after_search] dt=21.652s 
[run_single_root_search_DNN:end] total_dt=21.652977s fork_dt=0.000362s search_dt=21.652006s encode/write_dt=0.000609s
[run_single_root_search_DNN:after_search] dt=21.046s 
[run_single_root_search_DNN:end] total_dt=21.046746s fork_dt=0.000318s search_dt=21.045813s encode/write_dt=0.000616s
[run_single_root_search_DNN:after_search] dt=22.054s 
[run_single_root_search_DNN:end] total_dt=22.055131s fork_dt=0.000271s search_dt=22.054134s encode/write_dt=0.000726s
[run_single_root_search_DNN:after_search] dt=21.195s 
[run_single_root_search_DNN:end] total_dt=21.195531s fork_dt=0.000248s search_dt=21.194599s encode/write_dt=0.000684s
[run_single_root_search_DNN:after_search] dt=21.562s 
[run_single_root_search_DNN:end] total_dt=21.562576s fork_dt=0.000243s search_dt=21.561714s encode/write_dt=0.000620s
[run_single_root_search_DNN:after_search] dt=21.478s 
[run_single_root_search_DNN:end] total_dt=21.478588s fork_dt=0.000263s search_dt=21.477509s encode/write_dt=0.000817s
[run_single_root_search_DNN:after_search] dt=21.625s 
[run_single_root_search_DNN:end] total_dt=21.626160s fork_dt=0.000293s search_dt=21.625163s encode/write_dt=0.000704s
[run_single_root_search_DNN:after_search] dt=21.934s 
[run_single_root_search_DNN:end] total_dt=21.934506s fork_dt=0.000360s search_dt=21.933505s encode/write_dt=0.000640s
[run_single_root_search_DNN:after_search] dt=22.525s 
[run_single_root_search_DNN:end] total_dt=22.526318s fork_dt=0.000304s search_dt=22.525181s encode/write_dt=0.000833s
[run_single_root_search_DNN:after_search] dt=21.997s 
[run_single_root_search_DNN:end] total_dt=21.998341s fork_dt=0.000259s search_dt=21.997398s encode/write_dt=0.000685s
[run_single_root_search_DNN:after_search] dt=22.122s 
[run_single_root_search_DNN:end] total_dt=22.123401s fork_dt=0.000343s search_dt=22.122382s encode/write_dt=0.000676s
[run_single_root_search_DNN:after_search] dt=21.767s 
[run_single_root_search_DNN:end] total_dt=21.768025s fork_dt=0.000268s search_dt=21.766878s encode/write_dt=0.000879s
[run_single_root_search_DNN:after_search] dt=21.946s 
[run_single_root_search_DNN:end] total_dt=21.947024s fork_dt=0.000279s search_dt=21.946122s encode/write_dt=0.000623s
[run_single_root_search_DNN:after_search] dt=22.584s 
[run_single_root_search_DNN:end] total_dt=22.585260s fork_dt=0.000216s search_dt=22.584395s encode/write_dt=0.000649s
[run_single_root_search_DNN:after_search] dt=21.706s 
[run_single_root_search_DNN:end] total_dt=21.707140s fork_dt=0.000309s search_dt=21.706159s encode/write_dt=0.000672s
[run_single_root_search_DNN:after_search] dt=23.286s 
[run_single_root_search_DNN:end] total_dt=23.287348s fork_dt=0.000256s search_dt=23.286292s encode/write_dt=0.000800s
[run_single_root_search_DNN:after_search] dt=23.777s 
[run_single_root_search_DNN:end] total_dt=23.778464s fork_dt=0.000279s search_dt=23.777483s encode/write_dt=0.000703s
[run_single_root_search_DNN:after_search] dt=24.466s 
[run_single_root_search_DNN:end] total_dt=24.466737s fork_dt=0.000222s search_dt=24.465822s encode/write_dt=0.000694s
[run_single_root_search_DNN:after_search] dt=24.141s 
[run_single_root_search_DNN:end] total_dt=24.142117s fork_dt=0.000340s search_dt=24.141123s encode/write_dt=0.000655s
[run_single_root_search_DNN:after_search] dt=24.761s 
[run_single_root_search_DNN:end] total_dt=24.761805s fork_dt=0.000342s search_dt=24.760838s encode/write_dt=0.000626s
[run_single_root_search_DNN:after_search] dt=24.684s 
[run_single_root_search_DNN:end] total_dt=24.685447s fork_dt=0.000292s search_dt=24.684211s encode/write_dt=0.000944s
[run_single_root_search_DNN:after_search] dt=23.837s 
[run_single_root_search_DNN:end] total_dt=23.837395s fork_dt=0.000271s search_dt=23.836521s encode/write_dt=0.000603s
[run_single_root_search_DNN:after_search] dt=23.937s 
[run_single_root_search_DNN:end] total_dt=23.938217s fork_dt=0.000308s search_dt=23.936864s encode/write_dt=0.001044s
[run_single_root_search_DNN:after_search] dt=23.407s 
[run_single_root_search_DNN:end] total_dt=23.408386s fork_dt=0.000315s search_dt=23.407373s encode/write_dt=0.000697s
[run_single_root_search_DNN:after_search] dt=23.783s 
[run_single_root_search_DNN:end] total_dt=23.784271s fork_dt=0.000314s search_dt=23.783313s encode/write_dt=0.000644s
[run_single_root_search_DNN:after_search] dt=23.127s 
[run_single_root_search_DNN:end] total_dt=25.778935s fork_dt=0.000357s search_dt=25.777803s encode/write_dt=0.000775s
[run_single_root_search_DNN:after_search] dt=25.926s 
[run_single_root_search_DNN:end] total_dt=25.926842s fork_dt=0.000398s search_dt=25.925652s encode/write_dt=0.000791s
[run_single_root_search_DNN:after_search] dt=26.375s 
[run_single_root_search_DNN:end] total_dt=26.375908s fork_dt=0.000365s search_dt=26.374809s encode/write_dt=0.000733s
[run_single_root_search_DNN:after_search] dt=25.408s 
[run_single_root_search_DNN:end] total_dt=25.409365s fork_dt=0.000435s search_dt=25.408038s encode/write_dt=0.000893s
[run_single_root_search_DNN:after_search] dt=23.268s 
[run_single_root_search_DNN:end] total_dt=23.269539s fork_dt=0.000305s search_dt=23.268470s encode/write_dt=0.000764s
[run_single_root_search_DNN:after_search] dt=23.694s 
[run_single_root_search_DNN:end] total_dt=23.695247s fork_dt=0.000409s search_dt=23.694184s encode/write_dt=0.000654s
[run_single_root_search_DNN:after_search] dt=21.667s 
[run_single_root_search_DNN:end] total_dt=21.667693s fork_dt=0.000299s search_dt=21.666609s encode/write_dt=0.000785s
[run_single_root_search_DNN:after_search] dt=21.355s 
[run_single_root_search_DNN:end] total_dt=21.355538s fork_dt=0.000299s search_dt=21.354578s encode/write_dt=0.000662s
[run_single_root_search_DNN:after_search] dt=22.334s 
[run_single_root_search_DNN:end] total_dt=22.334734s fork_dt=0.000315s search_dt=22.333770s encode/write_dt=0.000649s
[run_single_root_search_DNN:after_search] dt=21.295s 
[run_single_root_search_DNN:end] total_dt=21.295516s fork_dt=0.000298s search_dt=21.294560s encode/write_dt=0.000659s
[run_single_root_search_DNN:after_search] dt=20.219s 
[run_single_root_search_DNN:end] total_dt=20.219618s fork_dt=0.000301s search_dt=20.218660s encode/write_dt=0.000658s
[run_single_root_search_DNN:after_search] dt=20.363s 
[run_single_root_search_DNN:end] total_dt=20.363772s fork_dt=0.000283s search_dt=20.362835s encode/write_dt=0.000654s
[run_single_root_search_DNN:after_search] dt=16.331s 
[run_single_root_search_DNN:end] total_dt=16.331445s fork_dt=0.000110s search_dt=16.330896s encode/write_dt=0.000439s
[run_single_root_search_DNN:after_search] dt=17.531s 
[run_single_root_search_DNN:end] total_dt=17.531556s fork_dt=0.000177s search_dt=17.530926s encode/write_dt=0.000454s
[run_single_root_search_DNN:after_search] dt=17.613s 
[run_single_root_search_DNN:end] total_dt=17.614108s fork_dt=0.000186s search_dt=17.613458s encode/write_dt=0.000464s
[run_single_root_search_DNN:after_search] dt=17.611s 
[run_single_root_search_DNN:end] total_dt=17.611814s fork_dt=0.000192s search_dt=17.611150s encode/write_dt=0.000472s
[run_single_root_search_DNN:after_search] dt=18.023s 
[run_single_root_search_DNN:end] total_dt=18.023418s fork_dt=0.000194s search_dt=18.022734s encode/write_dt=0.000489s
[run_single_root_search_DNN:after_search] dt=18.287s 
[run_single_root_search_DNN:end] total_dt=18.287539s fork_dt=0.000194s search_dt=18.286835s encode/write_dt=0.000511s
[run_single_root_search_DNN:after_search] dt=20.081s 
[run_single_root_search_DNN:end] total_dt=20.081511s fork_dt=0.000220s search_dt=20.080738s encode/write_dt=0.000553s
[run_single_root_search_DNN:after_search] dt=21.003s 
[run_single_root_search_DNN:end] total_dt=21.003830s fork_dt=0.000202s search_dt=21.003070s encode/write_dt=0.000558s
[run_single_root_search_DNN:after_search] dt=21.521s 
[run_single_root_search_DNN:end] total_dt=21.521610s fork_dt=0.000214s search_dt=21.520590s encode/write_dt=0.000806s
[run_single_root_search_DNN:after_search] dt=21.895s 
[run_single_root_search_DNN:end] total_dt=21.896170s fork_dt=0.000324s search_dt=21.895194s encode/write_dt=0.000652s
[run_single_root_search_DNN:after_search] dt=21.975s 
[run_single_root_search_DNN:end] total_dt=21.976114s fork_dt=0.000267s search_dt=21.975257s encode/write_dt=0.000590s
[run_single_root_search_DNN:after_search] dt=21.636s 
[run_single_root_search_DNN:end] total_dt=21.636775s fork_dt=0.000215s search_dt=21.635790s encode/write_dt=0.000769s
[run_single_root_search_DNN:after_search] dt=21.878s 
[run_single_root_search_DNN:end] total_dt=21.878498s fork_dt=0.000215s search_dt=21.877676s encode/write_dt=0.000606s
[run_single_root_search_DNN:after_search] dt=21.279s 
[run_single_root_search_DNN:end] total_dt=21.280288s fork_dt=0.000267s search_dt=21.279493s encode/write_dt=0.000528s
[run_single_root_search_DNN:after_search] dt=21.977s 
[run_single_root_search_DNN:end] total_dt=21.977678s fork_dt=0.000238s search_dt=21.976871s encode/write_dt=0.000570s
[run_single_root_search_DNN:after_search] dt=21.628s 
[run_single_root_search_DNN:end] total_dt=21.628742s fork_dt=0.000263s search_dt=21.628043s encode/write_dt=0.000436s
[run_single_root_search_DNN:after_search] dt=21.913s 
[run_single_root_search_DNN:end] total_dt=21.913340s fork_dt=0.000278s search_dt=21.912688s encode/write_dt=0.000373s
[run_single_root_search_DNN:after_search] dt=20.888s 
[run_single_root_search_DNN:end] total_dt=20.888806s fork_dt=0.000280s search_dt=20.888171s encode/write_dt=0.000356s
[run_single_root_search_DNN:after_search] dt=10.335s 
[run_single_root_search_DNN:end] total_dt=10.335821s fork_dt=0.000305s search_dt=10.335306s encode/write_dt=0.000210s
[run_single_root_search_DNN:after_search] dt=23.013s 
[run_single_root_search_DNN:end] total_dt=23.013574s fork_dt=0.000263s search_dt=23.012534s encode/write_dt=0.000777s
[run_single_root_search_DNN:after_search] dt=22.763s 
[run_single_root_search_DNN:end] total_dt=22.764427s fork_dt=0.000286s search_dt=22.763434s encode/write_dt=0.000706s
[run_single_root_search_DNN:after_search] dt=22.583s 
[run_single_root_search_DNN:end] total_dt=22.583988s fork_dt=0.000261s search_dt=22.583090s encode/write_dt=0.000636s
[run_single_root_search_DNN:after_search] dt=22.771s 
[run_single_root_search_DNN:end] total_dt=22.772420s fork_dt=0.000285s search_dt=22.771357s encode/write_dt=0.000778s
[run_single_root_search_DNN:after_search] dt=21.741s 
[run_single_root_search_DNN:end] total_dt=21.742723s fork_dt=0.000257s search_dt=21.741492s encode/write_dt=0.000973s
[run_single_root_search_DNN:after_search] dt=22.846s 
[run_single_root_search_DNN:end] total_dt=22.846925s fork_dt=0.000379s search_dt=22.845790s encode/write_dt=0.000756s
[run_single_root_search_DNN:after_search] dt=22.809s 
[run_single_root_search_DNN:end] total_dt=22.810476s fork_dt=0.000357s search_dt=22.809302s encode/write_dt=0.000817s
[run_single_root_search_DNN:after_search] dt=22.857s 
[run_single_root_search_DNN:end] total_dt=22.858448s fork_dt=0.000303s search_dt=22.857256s encode/write_dt=0.000890s
[run_single_root_search_DNN:after_search] dt=23.095s 
[run_single_root_search_DNN:end] total_dt=23.095641s fork_dt=0.000310s search_dt=23.094568s encode/write_dt=0.000764s
[run_single_root_search_DNN:after_search] dt=23.343s 
[run_single_root_search_DNN:end] total_dt=23.344111s fork_dt=0.000325s search_dt=23.343176s encode/write_dt=0.000609s
[run_single_root_search_DNN:after_search] dt=23.056s 
[run_single_root_search_DNN:end] total_dt=23.057343s fork_dt=0.000279s search_dt=23.056303s encode/write_dt=0.000761s
[run_single_root_search_DNN:after_search] dt=22.931s 
[run_single_root_search_DNN:end] total_dt=22.932137s fork_dt=0.000376s search_dt=22.931048s encode/write_dt=0.000713s
[run_single_root_search_DNN:after_search] dt=22.973s 
[run_single_root_search_DNN:end] total_dt=22.974114s fork_dt=0.000431s search_dt=22.973043s encode/write_dt=0.000640s
[run_single_root_search_DNN:after_search] dt=22.818s 
[run_single_root_search_DNN:end] total_dt=22.819016s fork_dt=0.000312s search_dt=22.817950s encode/write_dt=0.000754s
[run_single_root_search_DNN:after_search] dt=21.737s 
[run_single_root_search_DNN:end] total_dt=21.738656s fork_dt=0.000342s search_dt=21.737433s encode/write_dt=0.000882s
[run_single_root_search_DNN:after_search] dt=21.258s 
[run_single_root_search_DNN:end] total_dt=21.259238s fork_dt=0.000327s search_dt=21.258286s encode/write_dt=0.000626s
[run_single_root_search_DNN:after_search] dt=23.163s 
[run_single_root_search_DNN:end] total_dt=23.090457s fork_dt=0.000257s search_dt=23.089624s encode/write_dt=0.000577s
[run_single_root_search_DNN:after_search] dt=22.276s 
[run_single_root_search_DNN:end] total_dt=22.276585s fork_dt=0.000222s search_dt=22.275822s encode/write_dt=0.000541s
[run_single_root_search_DNN:after_search] dt=22.944s 
[run_single_root_search_DNN:end] total_dt=22.945157s fork_dt=0.000262s search_dt=22.944314s encode/write_dt=0.000581s
[run_single_root_search_DNN:after_search] dt=21.531s 
[run_single_root_search_DNN:end] total_dt=21.531480s fork_dt=0.000242s search_dt=21.530733s encode/write_dt=0.000505s
[run_single_root_search_DNN:after_search] dt=20.512s 
[run_single_root_search_DNN:end] total_dt=20.512493s fork_dt=0.000329s search_dt=20.511731s encode/write_dt=0.000433s
[run_single_root_search_DNN:after_search] dt=20.375s 
[run_single_root_search_DNN:end] total_dt=20.375701s fork_dt=0.000295s search_dt=20.375130s encode/write_dt=0.000276s
[run_single_root_search_DNN:after_search] dt=9.286s 
[run_single_root_search_DNN:end] total_dt=9.286836s fork_dt=0.000224s search_dt=9.286381s encode/write_dt=0.000230s
[run_single_root_search_DNN:after_search] dt=21.290s 
[run_single_root_search_DNN:end] total_dt=21.290469s fork_dt=0.000287s search_dt=21.289514s encode/write_dt=0.000668s
[run_single_root_search_DNN:after_search] dt=21.007s 
[run_single_root_search_DNN:end] total_dt=21.007550s fork_dt=0.000267s search_dt=21.006630s encode/write_dt=0.000653s
[run_single_root_search_DNN:after_search] dt=21.211s 
[run_single_root_search_DNN:end] total_dt=21.211964s fork_dt=0.000286s search_dt=21.210843s encode/write_dt=0.000834s
[run_single_root_search_DNN:after_search] dt=20.854s 
[run_single_root_search_DNN:end] total_dt=20.854764s fork_dt=0.000386s search_dt=20.853748s encode/write_dt=0.000630s
[run_single_root_search_DNN:after_search] dt=20.770s 
[run_single_root_search_DNN:end] total_dt=20.770688s fork_dt=0.000363s search_dt=20.769598s encode/write_dt=0.000727s
[run_single_root_search_DNN:after_search] dt=19.351s 
[run_single_root_search_DNN:end] total_dt=19.351319s fork_dt=0.000225s search_dt=19.350754s encode/write_dt=0.000340s
[run_single_root_search_DNN:after_search] dt=9.934s 
[run_single_root_search_DNN:end] total_dt=9.934684s fork_dt=0.000293s search_dt=9.934148s encode/write_dt=0.000242s
[run_single_root_search_DNN:after_search] dt=22.297s 
[run_single_root_search_DNN:end] total_dt=22.297641s fork_dt=0.000356s search_dt=22.296598s encode/write_dt=0.000688s
[run_single_root_search_DNN:after_search] dt=21.756s 
[run_single_root_search_DNN:end] total_dt=21.757058s fork_dt=0.000375s search_dt=21.755996s encode/write_dt=0.000687s
[run_single_root_search_DNN:after_search] dt=22.336s 
[run_single_root_search_DNN:end] total_dt=22.337118s fork_dt=0.000376s search_dt=22.336020s encode/write_dt=0.000723s
[run_single_root_search_DNN:after_search] dt=24.824s 
[run_single_root_search_DNN:end] total_dt=24.824909s fork_dt=0.000396s search_dt=24.823690s encode/write_dt=0.000824s
[run_single_root_search_DNN:after_search] dt=27.183s 
[run_single_root_search_DNN:end] total_dt=27.184301s fork_dt=0.000454s search_dt=27.183104s encode/write_dt=0.000743s
[run_single_root_search_DNN:after_search] dt=29.358s 
[run_single_root_search_DNN:end] total_dt=29.359843s fork_dt=0.000541s search_dt=29.358321s encode/write_dt=0.000981s
[run_single_root_search_DNN:after_search] dt=31.267s 
[run_single_root_search_DNN:end] total_dt=31.268773s fork_dt=0.000576s search_dt=31.267490s encode/write_dt=0.000707s
[run_single_root_search_DNN:after_search] dt=31.713s 
[run_single_root_search_DNN:end] total_dt=31.714462s fork_dt=0.000844s search_dt=31.712866s encode/write_dt=0.000752s
[run_single_root_search_DNN:after_search] dt=31.870s 
[run_single_root_search_DNN:end] total_dt=31.872035s fork_dt=0.000863s search_dt=31.870407s encode/write_dt=0.000765s
[run_single_root_search_DNN:after_search] dt=31.349s 
[run_single_root_search_DNN:end] total_dt=31.350658s fork_dt=0.000493s search_dt=31.349022s encode/write_dt=0.001143s
[run_single_root_search_DNN:after_search] dt=32.215s 
[run_single_root_search_DNN:end] total_dt=32.216352s fork_dt=0.000501s search_dt=32.215086s encode/write_dt=0.000765s
[run_single_root_search_DNN:after_search] dt=30.914s 
[run_single_root_search_DNN:end] total_dt=30.915140s fork_dt=0.000467s search_dt=30.913589s encode/write_dt=0.001085s
[run_single_root_search_DNN:after_search] dt=31.996s 
[run_single_root_search_DNN:end] total_dt=31.997695s fork_dt=0.000533s search_dt=31.996249s encode/write_dt=0.000914s
[run_single_root_search_DNN:after_search] dt=31.145s 
[run_single_root_search_DNN:end] total_dt=31.146333s fork_dt=0.000486s search_dt=31.145142s encode/write_dt=0.000705s
[run_single_root_search_DNN:after_search] dt=30.910s 
[run_single_root_search_DNN:end] total_dt=30.911495s fork_dt=0.000626s search_dt=30.910023s encode/write_dt=0.000846s
[run_single_root_search_DNN:after_search] dt=30.267s 
[run_single_root_search_DNN:end] total_dt=30.268006s fork_dt=0.000453s search_dt=30.266747s encode/write_dt=0.000807s
[run_single_root_search_DNN:after_search] dt=31.231s 
[run_single_root_search_DNN:end] total_dt=31.231945s fork_dt=0.000468s search_dt=31.230585s encode/write_dt=0.000892s
[run_single_root_search_DNN:after_search] dt=30.353s 
[run_single_root_search_DNN:end] total_dt=30.354120s fork_dt=0.000568s search_dt=30.352878s encode/write_dt=0.000674s
[run_single_root_search_DNN:after_search] dt=30.410s 
[run_single_root_search_DNN:end] total_dt=30.411724s fork_dt=0.000636s search_dt=30.410067s encode/write_dt=0.001020s
[run_single_root_search_DNN:after_search] dt=30.013s 
[run_single_root_search_DNN:end] total_dt=30.014641s fork_dt=0.000553s search_dt=30.013301s encode/write_dt=0.000787s
[run_single_root_search_DNN:after_search] dt=30.211s 
[run_single_root_search_DNN:end] total_dt=30.212237s fork_dt=0.000714s search_dt=30.210729s encode/write_dt=0.000794s
[run_single_root_search_DNN:after_search] dt=30.977s 
[run_single_root_search_DNN:end] total_dt=30.978315s fork_dt=0.000671s search_dt=30.976859s encode/write_dt=0.000785s
[run_single_root_search_DNN:after_search] dt=29.934s 
[run_single_root_search_DNN:end] total_dt=29.935263s fork_dt=0.000517s search_dt=29.934061s encode/write_dt=0.000685s
[run_single_root_search_DNN:after_search] dt=30.092s 
[run_single_root_search_DNN:end] total_dt=30.093423s fork_dt=0.000610s search_dt=30.092198s encode/write_dt=0.000615s
[run_single_root_search_DNN:after_search] dt=28.936s 
[run_single_root_search_DNN:end] total_dt=28.937342s fork_dt=0.000504s search_dt=28.936199s encode/write_dt=0.000638s
[run_single_root_search_DNN:after_search] dt=29.385s 
[run_single_root_search_DNN:end] total_dt=29.386294s fork_dt=0.000565s search_dt=29.384923s encode/write_dt=0.000806s
[run_single_root_search_DNN:after_search] dt=29.992s 
[run_single_root_search_DNN:end] total_dt=29.993042s fork_dt=0.000529s search_dt=29.991864s encode/write_dt=0.000649s
[run_single_root_search_DNN:after_search] dt=29.931s 
[run_single_root_search_DNN:end] total_dt=29.932381s fork_dt=0.000639s search_dt=29.931027s encode/write_dt=0.000715s
[run_single_root_search_DNN:after_search] dt=28.147s 
[run_single_root_search_DNN:end] total_dt=28.148580s fork_dt=0.000534s search_dt=28.147392s encode/write_dt=0.000654s
[run_single_root_search_DNN:after_search] dt=26.854s 
[run_single_root_search_DNN:end] total_dt=26.855341s fork_dt=0.000452s search_dt=26.854255s encode/write_dt=0.000634s
[run_single_root_search_DNN:after_search] dt=28.075s 
[run_single_root_search_DNN:end] total_dt=28.075756s fork_dt=0.000538s search_dt=28.074712s encode/write_dt=0.000506s
[run_single_root_search_DNN:after_search] dt=26.719s 
[run_single_root_search_DNN:end] total_dt=26.720294s fork_dt=0.000470s search_dt=26.719340s encode/write_dt=0.000485s
[run_single_root_search_DNN:after_search] dt=23.860s 
[run_single_root_search_DNN:end] total_dt=23.860956s fork_dt=0.000573s search_dt=23.859934s encode/write_dt=0.000448s
[run_single_root_search_DNN:after_search] dt=10.880s 
[run_single_root_search_DNN:end] total_dt=24.367173s fork_dt=0.000474s search_dt=24.365904s encode/write_dt=0.000795s
[run_single_root_search_DNN:after_search] dt=24.324s 
[run_single_root_search_DNN:end] total_dt=24.324933s fork_dt=0.000369s search_dt=24.323945s encode/write_dt=0.000619s
[run_single_root_search_DNN:after_search] dt=22.962s 
[run_single_root_search_DNN:end] total_dt=22.963127s fork_dt=0.000461s search_dt=22.962059s encode/write_dt=0.000607s
[run_single_root_search_DNN:after_search] dt=22.881s 
[run_single_root_search_DNN:end] total_dt=22.881796s fork_dt=0.000379s search_dt=22.880794s encode/write_dt=0.000623s
[run_single_root_search_DNN:after_search] dt=23.811s 
[run_single_root_search_DNN:end] total_dt=23.812005s fork_dt=0.000400s search_dt=23.811036s encode/write_dt=0.000569s
[run_single_root_search_DNN:after_search] dt=22.497s 
[run_single_root_search_DNN:end] total_dt=22.498095s fork_dt=0.000391s search_dt=22.497151s encode/write_dt=0.000553s
[run_single_root_search_DNN:after_search] dt=22.517s 
[run_single_root_search_DNN:end] total_dt=22.518075s fork_dt=0.000360s search_dt=22.517175s encode/write_dt=0.000541s
[run_single_root_search_DNN:after_search] dt=21.444s 
[run_single_root_search_DNN:end] total_dt=21.444790s fork_dt=0.000358s search_dt=21.443879s encode/write_dt=0.000554s
[run_single_root_search_DNN:after_search] dt=19.584s 
[run_single_root_search_DNN:end] total_dt=19.585267s fork_dt=0.000358s search_dt=19.584403s encode/write_dt=0.000506s
[run_single_root_search_DNN:after_search] dt=17.966s 
[run_single_root_search_DNN:end] total_dt=17.967068s fork_dt=0.000258s search_dt=17.966341s encode/write_dt=0.000468s
[run_single_root_search_DNN:after_search] dt=17.724s 
[run_single_root_search_DNN:end] total_dt=17.724306s fork_dt=0.000254s search_dt=17.723639s encode/write_dt=0.000413s
[run_single_root_search_DNN:after_search] dt=17.199s 
[run_single_root_search_DNN:end] total_dt=17.199904s fork_dt=0.000248s search_dt=17.199281s encode/write_dt=0.000375s
[run_single_root_search_DNN:after_search] dt=21.124s 
[run_single_root_search_DNN:end] total_dt=21.125077s fork_dt=0.000245s search_dt=21.124255s encode/write_dt=0.000577s
[run_single_root_search_DNN:after_search] dt=21.881s 
[run_single_root_search_DNN:end] total_dt=21.881718s fork_dt=0.000339s search_dt=21.880786s encode/write_dt=0.000593s
[run_single_root_search_DNN:after_search] dt=22.635s 
[run_single_root_search_DNN:end] total_dt=22.636075s fork_dt=0.000364s search_dt=22.635185s encode/write_dt=0.000526s
[run_single_root_search_DNN:after_search] dt=22.349s 
[run_single_root_search_DNN:end] total_dt=22.349645s fork_dt=0.000356s search_dt=22.348722s encode/write_dt=0.000567s
[run_single_root_search_DNN:after_search] dt=23.885s 
[run_single_root_search_DNN:end] total_dt=23.886322s fork_dt=0.000363s search_dt=23.885339s encode/write_dt=0.000620s
[run_single_root_search_DNN:after_search] dt=25.969s 
[run_single_root_search_DNN:end] total_dt=25.969807s fork_dt=0.000473s search_dt=25.968616s encode/write_dt=0.000717s
[run_single_root_search_DNN:after_search] dt=27.690s 
[run_single_root_search_DNN:end] total_dt=27.690856s fork_dt=0.000494s search_dt=27.689739s encode/write_dt=0.000623s
[run_single_root_search_DNN:after_search] dt=27.879s 
[run_single_root_search_DNN:end] total_dt=27.880089s fork_dt=0.000565s search_dt=27.878926s encode/write_dt=0.000598s
[run_single_root_search_DNN:after_search] dt=28.501s 
[run_single_root_search_DNN:end] total_dt=28.502116s fork_dt=0.000733s search_dt=28.500695s encode/write_dt=0.000688s
[run_single_root_search_DNN:after_search] dt=28.802s 
[run_single_root_search_DNN:end] total_dt=28.802723s fork_dt=0.000547s search_dt=28.801594s encode/write_dt=0.000582s
[run_single_root_search_DNN:after_search] dt=28.498s 
[run_single_root_search_DNN:end] total_dt=28.499535s fork_dt=0.000569s search_dt=28.498394s encode/write_dt=0.000572s
[run_single_root_search_DNN:after_search] dt=28.273s 
[run_single_root_search_DNN:end] total_dt=28.273992s fork_dt=0.000428s search_dt=28.273098s encode/write_dt=0.000465s
[run_single_root_search_DNN:after_search] dt=28.432s 
[run_single_root_search_DNN:end] total_dt=28.433405s fork_dt=0.000511s search_dt=28.432364s encode/write_dt=0.000530s
[run_single_root_search_DNN:after_search] dt=27.963s 
[run_single_root_search_DNN:end] total_dt=27.963584s fork_dt=0.000439s search_dt=27.962690s encode/write_dt=0.000455s
[run_single_root_search_DNN:after_search] dt=13.560s 
[run_single_root_search_DNN:end] total_dt=13.560790s fork_dt=0.000560s search_dt=13.559935s encode/write_dt=0.000295s
[run_single_root_search_DNN:after_search] dt=32.913s 
[run_single_root_search_DNN:end] total_dt=32.913967s fork_dt=0.000619s search_dt=32.912555s encode/write_dt=0.000792s
[run_single_root_search_DNN:after_search] dt=29.568s 
[run_single_root_search_DNN:end] total_dt=29.569908s fork_dt=0.000599s search_dt=29.568102s encode/write_dt=0.001207s
[run_single_root_search_DNN:after_search] dt=30.282s 
[run_single_root_search_DNN:end] total_dt=30.283841s fork_dt=0.000574s search_dt=30.282420s encode/write_dt=0.000847s
[run_single_root_search_DNN:after_search] dt=30.071s 
[run_single_root_search_DNN:end] total_dt=30.072865s fork_dt=0.000725s search_dt=30.071283s encode/write_dt=0.000857s
[run_single_root_search_DNN:after_search] dt=29.459s 
[run_single_root_search_DNN:end] total_dt=29.460399s fork_dt=0.000732s search_dt=29.458915s encode/write_dt=0.000752s
[run_single_root_search_DNN:after_search] dt=31.104s 
[run_single_root_search_DNN:end] total_dt=31.105052s fork_dt=0.000576s search_dt=31.103544s encode/write_dt=0.000933s
[run_single_root_search_DNN:after_search] dt=32.438s 
[run_single_root_search_DNN:end] total_dt=32.439920s fork_dt=0.000583s search_dt=32.438131s encode/write_dt=0.001206s
[run_single_root_search_DNN:after_search] dt=32.710s 
[run_single_root_search_DNN:end] total_dt=32.711009s fork_dt=0.000446s search_dt=32.709825s encode/write_dt=0.000738s
[run_single_root_search_DNN:after_search] dt=33.177s 
[run_single_root_search_DNN:end] total_dt=33.177968s fork_dt=0.000508s search_dt=33.176513s encode/write_dt=0.000947s
[run_single_root_search_DNN:after_search] dt=32.806s 
[run_single_root_search_DNN:end] total_dt=32.807730s fork_dt=0.000656s search_dt=32.806160s encode/write_dt=0.000913s
[run_single_root_search_DNN:after_search] dt=33.065s 
[run_single_root_search_DNN:end] total_dt=33.066142s fork_dt=0.000571s search_dt=33.064634s encode/write_dt=0.000937s
[run_single_root_search_DNN:after_search] dt=31.377s 
[run_single_root_search_DNN:end] total_dt=31.378564s fork_dt=0.000717s search_dt=31.376728s encode/write_dt=0.001119s
[run_single_root_search_DNN:after_search] dt=31.628s 
[run_single_root_search_DNN:end] total_dt=31.629195s fork_dt=0.000515s search_dt=31.627907s encode/write_dt=0.000773s
[run_single_root_search_DNN:after_search] dt=32.320s 
[run_single_root_search_DNN:end] total_dt=32.322416s fork_dt=0.000694s search_dt=32.320224s encode/write_dt=0.001497s
[run_single_root_search_DNN:after_search] dt=31.263s 
[run_single_root_search_DNN:end] total_dt=31.264446s fork_dt=0.000753s search_dt=31.262841s encode/write_dt=0.000852s
[run_single_root_search_DNN:after_search] dt=29.927s 
[run_single_root_search_DNN:end] total_dt=29.928164s fork_dt=0.000608s search_dt=29.926804s encode/write_dt=0.000752s
[run_single_root_search_DNN:after_search] dt=29.880s 
[run_single_root_search_DNN:end] total_dt=29.881369s fork_dt=0.000579s search_dt=29.880070s encode/write_dt=0.000719s
[run_single_root_search_DNN:after_search] dt=29.357s 
[run_single_root_search_DNN:end] total_dt=29.359143s fork_dt=0.000600s search_dt=29.357220s encode/write_dt=0.001324s
[run_single_root_search_DNN:after_search] dt=27.083s 
[run_single_root_search_DNN:end] total_dt=27.084658s fork_dt=0.000578s search_dt=27.083431s encode/write_dt=0.000649s
[run_single_root_search_DNN:after_search] dt=24.321s 
[run_single_root_search_DNN:end] total_dt=24.322403s fork_dt=0.000496s search_dt=24.321266s encode/write_dt=0.000641s
[run_single_root_search_DNN:after_search] dt=24.133s 
