game_id,root_id,root_depth,root_node_id,root_player,num_simulations,model_root_value_controller,model_root_prior_json,normalized_root_prior_json,valid_action_mask_json,mcts_root_value_controller,mcts_root_prior_json,best_action_index,best_action_mcts_prob,best_action_model_prob,best_action_repr,best_action_json,phase,cycle_label,sim_time,slo_violations,total_lateness,total_cost
907003,3,0,0,adversary,0,0.0,[],[],[],0.0,[],2,0.0,0.0,"AdversaryAction(requests=[AdversaryRequestSpec(prefill_tokens=3072, decode_tokens=5000, prefill_slo=0.3874467952163693, decode_slo=0.05), AdversaryRequestSpec(prefill_tokens=3072, decode_tokens=5000, prefill_slo=0.3874467952163693, decode_slo=0.05), AdversaryRequestSpec(prefill_tokens=3072, decode_tokens=5000, prefill_slo=0.3874467952163693, decode_slo=0.05)], stop_decode_ids=[])","{""type"": ""adversary"", ""requests"": [{""prefill_tokens"": 3072, ""decode_tokens"": 5000, ""prefill_slo"": 0.3874467952163693, ""decode_slo"": 0.05}, {""prefill_tokens"": 3072, ""decode_tokens"": 5000, ""prefill_slo"": 0.3874467952163693, ""decode_slo"": 0.05}, {""prefill_tokens"": 3072, ""decode_tokens"": 5000, ""prefill_slo"": 0.3874467952163693, ""decode_slo"": 0.05}], ""stop_decode_ids"": [], ""history_phase"": ""multiple-child""}",train_root,,0.0,0,0.0,0.0
907003,3,1,1,controller,0,0.0,[],[],[],0.0,[],13,0.0,0.0,"ControllerAction(token_budget=2048, selected_request_ids=[0], token_allocations={0: 2048}, prefill_allocations={0: 2048}, decode_allocations={}, heuristic='EDF', strategy='Fixed', mapping=None)","{""type"": ""controller"", ""token_budget"": 2048, ""selected_request_ids"": [0], ""token_allocations"": {""0"": 2048}, ""prefill_allocations"": {""0"": 2048}, ""decode_allocations"": {}, ""heuristic"": ""EDF"", ""strategy"": ""Fixed"", ""history_phase"": ""multiple-child""}",train_root,,0.0,0,0.0,0.0
907003,3,2,2,adversary,0,0.0,[],[],[],0.0,[],0,0.0,0.0,"AdversaryAction(requests=[], stop_decode_ids=[])","{""type"": ""adversary"", ""requests"": [], ""stop_decode_ids"": [], ""history_phase"": ""forced_step:single-child""}",train_root,,0.0,0,0.0,0.0
907003,3,3,3,controller,0,0.0,[],[],[],0.0,[],9,0.0,0.0,"ControllerAction(token_budget=1536, selected_request_ids=[0, 1], token_allocations={0: 1024, 1: 512}, prefill_allocations={0: 1024, 1: 512}, decode_allocations={}, heuristic='EDF', strategy='Fixed', mapping=None)","{""type"": ""controller"", ""token_budget"": 1536, ""selected_request_ids"": [0, 1], ""token_allocations"": {""0"": 1024, ""1"": 512}, ""prefill_allocations"": {""0"": 1024, ""1"": 512}, ""decode_allocations"": {}, ""heuristic"": ""EDF"", ""strategy"": ""Fixed"", ""history_phase"": ""multiple-child""}",train_root,,0.0,0,0.0,0.0
907003,3,4,4,adversary,0,0.0,[],[],[],0.0,[],0,0.0,0.0,"AdversaryAction(requests=[], stop_decode_ids=[])","{""type"": ""adversary"", ""requests"": [], ""stop_decode_ids"": [], ""history_phase"": ""forced_step:single-child""}",train_root,,0.0,0,0.0,0.0
907003,3,5,5,controller,0,0.0,[],[],[],0.0,[],4,0.0,0.0,"ControllerAction(token_budget=1025, selected_request_ids=[0, 1], token_allocations={0: 1, 1: 1024}, prefill_allocations={1: 1024}, decode_allocations={0: 1}, heuristic='SJF', strategy='Fixed', mapping=None)","{""type"": ""controller"", ""token_budget"": 1025, ""selected_request_ids"": [0, 1], ""token_allocations"": {""0"": 1, ""1"": 1024}, ""prefill_allocations"": {""1"": 1024}, ""decode_allocations"": {""0"": 1}, ""heuristic"": ""SJF"", ""strategy"": ""Fixed"", ""history_phase"": ""multiple-child""}",train_root,,0.0,0,0.0,0.0
907003,3,6,6,adversary,0,0.0,[],[],[],0.0,[],0,0.0,0.0,"AdversaryAction(requests=[], stop_decode_ids=[])","{""type"": ""adversary"", ""requests"": [], ""stop_decode_ids"": [], ""history_phase"": ""forced_step:single-child""}",train_root,,0.0,0,0.0,0.0
907003,3,7,7,controller,0,0.0,[],[],[],0.0,[],0,0.0,0.0,"ControllerAction(token_budget=513, selected_request_ids=[0, 1], token_allocations={0: 1, 1: 512}, prefill_allocations={1: 512}, decode_allocations={0: 1}, heuristic='SJF', strategy='Fixed', mapping=None)","{""type"": ""controller"", ""token_budget"": 513, ""selected_request_ids"": [0, 1], ""token_allocations"": {""0"": 1, ""1"": 512}, ""prefill_allocations"": {""1"": 512}, ""decode_allocations"": {""0"": 1}, ""heuristic"": ""SJF"", ""strategy"": ""Fixed"", ""history_phase"": ""multiple-child""}",train_root,,0.0,0,0.0,0.0
907003,3,8,8,adversary,0,0.0,[],[],[],0.0,[],0,0.0,0.0,"AdversaryAction(requests=[], stop_decode_ids=[])","{""type"": ""adversary"", ""requests"": [], ""stop_decode_ids"": [], ""history_phase"": ""forced_step:single-child""}",train_root,,0.0,0,0.0,0.0
907003,3,9,9,controller,0,0.0,[],[],[],0.0,[],22,0.0,0.0,"ControllerAction(token_budget=3073, selected_request_ids=[0, 2], token_allocations={0: 1, 2: 3072}, prefill_allocations={2: 3072}, decode_allocations={0: 1}, heuristic='LST', strategy='Fixed', mapping=None)","{""type"": ""controller"", ""token_budget"": 3073, ""selected_request_ids"": [0, 2], ""token_allocations"": {""0"": 1, ""2"": 3072}, ""prefill_allocations"": {""2"": 3072}, ""decode_allocations"": {""0"": 1}, ""heuristic"": ""LST"", ""strategy"": ""Fixed"", ""history_phase"": ""multiple-child""}",train_root,,0.0,0,0.0,0.0
907003,3,10,10,adversary,0,0.0,[],[],[],0.0,[],0,0.0,0.0,"AdversaryAction(requests=[], stop_decode_ids=[])","{""type"": ""adversary"", ""requests"": [], ""stop_decode_ids"": [], ""history_phase"": ""forced_step:single-child""}",train_root,,0.0,0,0.0,0.0
907003,3,11,11,controller,0,0.0,[],[],[],0.0,[],1,0.0,0.0,"ControllerAction(token_budget=514, selected_request_ids=[0, 1, 2], token_allocations={0: 1, 1: 512, 2: 1}, prefill_allocations={1: 512}, decode_allocations={0: 1, 2: 1}, heuristic='EDF', strategy='Fixed', mapping=None)","{""type"": ""controller"", ""token_budget"": 514, ""selected_request_ids"": [0, 1, 2], ""token_allocations"": {""0"": 1, ""1"": 512, ""2"": 1}, ""prefill_allocations"": {""1"": 512}, ""decode_allocations"": {""0"": 1, ""2"": 1}, ""heuristic"": ""EDF"", ""strategy"": ""Fixed"", ""history_phase"": ""multiple-child""}",train_root,,0.0,0,0.0,0.0
907003,3,12,12,adversary,0,0.0,[],[],[],0.0,[],0,0.0,0.0,"AdversaryAction(requests=[], stop_decode_ids=[])","{""type"": ""adversary"", ""requests"": [], ""stop_decode_ids"": [], ""history_phase"": ""forced_step:single-child""}",train_root,,0.0,0,0.0,0.0
907003,3,13,13,controller,0,0.0,[],[],[],0.0,[],1,0.0,0.0,"ControllerAction(token_budget=514, selected_request_ids=[0, 1, 2], token_allocations={0: 1, 1: 512, 2: 1}, prefill_allocations={1: 512}, decode_allocations={0: 1, 2: 1}, heuristic='EDF', strategy='Fixed', mapping=None)","{""type"": ""controller"", ""token_budget"": 514, ""selected_request_ids"": [0, 1, 2], ""token_allocations"": {""0"": 1, ""1"": 512, ""2"": 1}, ""prefill_allocations"": {""1"": 512}, ""decode_allocations"": {""0"": 1, ""2"": 1}, ""heuristic"": ""EDF"", ""strategy"": ""Fixed"", ""history_phase"": ""multiple-child""}",train_root,,0.0,0,0.0,0.0
907003,3,14,14,adversary,0,0.0,[],[],[],0.0,[],0,0.0,0.0,"AdversaryAction(requests=[], stop_decode_ids=[])","{""type"": ""adversary"", ""requests"": [], ""stop_decode_ids"": [], ""history_phase"": ""forced_step:single-child""}",train_root,,0.0,0,0.0,0.0
907003,3,15,15,controller,0,0.0,[],[],[],0.0,[],0,0.0,0.0,"ControllerAction(token_budget=3, selected_request_ids=[0, 1, 2], token_allocations={0: 1, 1: 1, 2: 1}, prefill_allocations={}, decode_allocations={0: 1, 1: 1, 2: 1}, heuristic='SJF', strategy='Fixed', mapping=None)","{""type"": ""controller"", ""token_budget"": 3, ""selected_request_ids"": [0, 1, 2], ""token_allocations"": {""0"": 1, ""1"": 1, ""2"": 1}, ""prefill_allocations"": {}, ""decode_allocations"": {""0"": 1, ""1"": 1, ""2"": 1}, ""heuristic"": ""SJF"", ""strategy"": ""Fixed"", ""history_phase"": ""forced_step:single-child""}",train_root,,0.0,0,0.0,0.0
907003,3,16,16,adversary,0,0.0,[],[],[],0.0,[],0,0.0,0.0,"AdversaryAction(requests=[AdversaryRequestSpec(prefill_tokens=3072, decode_tokens=5000, prefill_slo=0.3874467952163693, decode_slo=0.05)], stop_decode_ids=[])","{""type"": ""adversary"", ""requests"": [{""prefill_tokens"": 3072, ""decode_tokens"": 5000, ""prefill_slo"": 0.3874467952163693, ""decode_slo"": 0.05}], ""stop_decode_ids"": [], ""history_phase"": ""multiple-child""}",train_root,,0.0,0,0.0,0.0
907003,3,17,17,controller,0,0.0,[],[],[],0.0,[],9,0.0,0.0,"ControllerAction(token_budget=1539, selected_request_ids=[0, 1, 2, 3], token_allocations={0: 1, 1: 1, 2: 1, 3: 1536}, prefill_allocations={3: 1536}, decode_allocations={0: 1, 1: 1, 2: 1}, heuristic='EDF', strategy='Fixed', mapping=None)","{""type"": ""controller"", ""token_budget"": 1539, ""selected_request_ids"": [0, 1, 2, 3], ""token_allocations"": {""0"": 1, ""1"": 1, ""2"": 1, ""3"": 1536}, ""prefill_allocations"": {""3"": 1536}, ""decode_allocations"": {""0"": 1, ""1"": 1, ""2"": 1}, ""heuristic"": ""EDF"", ""strategy"": ""Fixed"", ""history_phase"": ""multiple-child""}",train_root,,0.0,0,0.0,0.0
907003,3,18,18,adversary,0,0.0,[],[],[],0.0,[],0,0.0,0.0,"AdversaryAction(requests=[], stop_decode_ids=[])","{""type"": ""adversary"", ""requests"": [], ""stop_decode_ids"": [], ""history_phase"": ""forced_step:single-child""}",train_root,,0.0,0,0.0,0.0
907003,3,19,19,controller,0,0.0,[],[],[],0.0,[],7,0.0,0.0,"ControllerAction(token_budget=1027, selected_request_ids=[0, 1, 2, 3], token_allocations={0: 1, 1: 1, 2: 1, 3: 1024}, prefill_allocations={3: 1024}, decode_allocations={0: 1, 1: 1, 2: 1}, heuristic='LJF', strategy='Fixed', mapping=None)","{""type"": ""controller"", ""token_budget"": 1027, ""selected_request_ids"": [0, 1, 2, 3], ""token_allocations"": {""0"": 1, ""1"": 1, ""2"": 1, ""3"": 1024}, ""prefill_allocations"": {""3"": 1024}, ""decode_allocations"": {""0"": 1, ""1"": 1, ""2"": 1}, ""heuristic"": ""LJF"", ""strategy"": ""Fixed"", ""history_phase"": ""multiple-child""}",train_root,,0.0,0,0.0,0.0
907003,3,20,20,adversary,0,0.0,[],[],[],0.0,[],0,0.0,0.0,"AdversaryAction(requests=[], stop_decode_ids=[])","{""type"": ""adversary"", ""requests"": [], ""stop_decode_ids"": [], ""history_phase"": ""forced_step:single-child""}",train_root,,0.0,0,0.0,0.0
907003,3,21,21,controller,0,0.0,[],[],[],0.0,[],2,0.0,0.0,"ControllerAction(token_budget=515, selected_request_ids=[0, 1, 2, 3], token_allocations={0: 1, 1: 1, 2: 1, 3: 512}, prefill_allocations={3: 512}, decode_allocations={0: 1, 1: 1, 2: 1}, heuristic='LST', strategy='Fixed', mapping=None)","{""type"": ""controller"", ""token_budget"": 515, ""selected_request_ids"": [0, 1, 2, 3], ""token_allocations"": {""0"": 1, ""1"": 1, ""2"": 1, ""3"": 512}, ""prefill_allocations"": {""3"": 512}, ""decode_allocations"": {""0"": 1, ""1"": 1, ""2"": 1}, ""heuristic"": ""LST"", ""strategy"": ""Fixed"", ""history_phase"": ""multiple-child""}",train_root,,0.0,0,0.0,0.0
907003,3,22,22,adversary,0,0.0,[],[],[],0.0,[],0,0.0,0.0,"AdversaryAction(requests=[], stop_decode_ids=[])","{""type"": ""adversary"", ""requests"": [], ""stop_decode_ids"": [], ""history_phase"": ""forced_step:single-child""}",train_root,,0.0,0,0.0,0.0
907003,3,23,23,controller,0,0.0,[],[],[],0.0,[],0,0.0,0.0,"ControllerAction(token_budget=4, selected_request_ids=[0, 1, 2, 3], token_allocations={0: 1, 1: 1, 2: 1, 3: 1}, prefill_allocations={}, decode_allocations={0: 1, 1: 1, 2: 1, 3: 1}, heuristic='SJF', strategy='Fixed', mapping=None)","{""type"": ""controller"", ""token_budget"": 4, ""selected_request_ids"": [0, 1, 2, 3], ""token_allocations"": {""0"": 1, ""1"": 1, ""2"": 1, ""3"": 1}, ""prefill_allocations"": {}, ""decode_allocations"": {""0"": 1, ""1"": 1, ""2"": 1, ""3"": 1}, ""heuristic"": ""SJF"", ""strategy"": ""Fixed"", ""history_phase"": ""forced_step:single-child""}",train_root,,0.0,0,0.0,0.0
907003,3,24,24,adversary,0,0.0,[],[],[],0.0,[],4,0.0,0.0,"AdversaryAction(requests=[AdversaryRequestSpec(prefill_tokens=3072, decode_tokens=5000, prefill_slo=0.3874467952163693, decode_slo=0.05), AdversaryRequestSpec(prefill_tokens=3072, decode_tokens=5000, prefill_slo=0.3874467952163693, decode_slo=0.05), AdversaryRequestSpec(prefill_tokens=3072, decode_tokens=5000, prefill_slo=0.3874467952163693, decode_slo=0.05), AdversaryRequestSpec(prefill_tokens=3072, decode_tokens=5000, prefill_slo=0.3874467952163693, decode_slo=0.05), AdversaryRequestSpec(prefill_tokens=3072, decode_tokens=5000, prefill_slo=0.3874467952163693, decode_slo=0.05)], stop_decode_ids=[])","{""type"": ""adversary"", ""requests"": [{""prefill_tokens"": 3072, ""decode_tokens"": 5000, ""prefill_slo"": 0.3874467952163693, ""decode_slo"": 0.05}, {""prefill_tokens"": 3072, ""decode_tokens"": 5000, ""prefill_slo"": 0.3874467952163693, ""decode_slo"": 0.05}, {""prefill_tokens"": 3072, ""decode_tokens"": 5000, ""prefill_slo"": 0.3874467952163693, ""decode_slo"": 0.05}, {""prefill_tokens"": 3072, ""decode_tokens"": 5000, ""prefill_slo"": 0.3874467952163693, ""decode_slo"": 0.05}, {""prefill_tokens"": 3072, ""decode_tokens"": 5000, ""prefill_slo"": 0.3874467952163693, ""decode_slo"": 0.05}], ""stop_decode_ids"": [], ""history_phase"": ""multiple-child""}",train_root,,0.0,0,0.0,0.0
907003,3,25,25,controller,0,0.0,[],[],[],0.0,[],2,0.0,0.0,"ControllerAction(token_budget=516, selected_request_ids=[0, 1, 2, 3, 4], token_allocations={0: 1, 1: 1, 2: 1, 3: 1, 4: 512}, prefill_allocations={4: 512}, decode_allocations={0: 1, 1: 1, 2: 1, 3: 1}, heuristic='LST', strategy='Fixed', mapping=None)","{""type"": ""controller"", ""token_budget"": 516, ""selected_request_ids"": [0, 1, 2, 3, 4], ""token_allocations"": {""0"": 1, ""1"": 1, ""2"": 1, ""3"": 1, ""4"": 512}, ""prefill_allocations"": {""4"": 512}, ""decode_allocations"": {""0"": 1, ""1"": 1, ""2"": 1, ""3"": 1}, ""heuristic"": ""LST"", ""strategy"": ""Fixed"", ""history_phase"": ""multiple-child""}",train_root,,0.0,0,0.0,0.0
907003,3,26,26,adversary,0,0.0,[],[],[],0.0,[],0,0.0,0.0,"AdversaryAction(requests=[], stop_decode_ids=[])","{""type"": ""adversary"", ""requests"": [], ""stop_decode_ids"": [], ""history_phase"": ""forced_step:single-child""}",train_root,,0.0,0,0.0,0.0
907003,0,27,27,controller,4000,-26.991195678710938,"[0.1330290138721466, 0.0987718403339386, 0.16568167507648468, 0.17224930226802826, 0.08162303268909454, 0.10410049557685852, 0.08535967022180557, 0.07820279151201248, 0.0051564909517765045, 0.00413399888202548, 0.008328202180564404, 0.005793876480311155, 0.005141813308000565, 0.005334113724529743, 0.00281464378349483, 0.005078229587525129, 0.0056671821512281895, 0.0028949507977813482, 0.005090436432510614, 0.005330894608050585, 0.00491379527375102, 0.0046593970619142056, 0.003973742015659809, 0.006670370232313871]","[0.12159108238411749, 0.09027936557371875, 0.1514362439995614, 0.1574391818224535, 0.07460502489840085, 0.0951498591583825, 0.07802038361492954, 0.07147885854843582, 0.01, 0.01, 0.01, 0.01, 0.01, 0.01, 0.01, 0.01, 0.01, 0.01, 0.01, 0.01, 0.01, 0.01, 0.01, 0.01]","[true, true, true, true, true, true, true, true, true, true, true, true, true, true, true, true, true, true, true, true, true, true, true, true]",-6.4287968910565585,"[0.10575, 0.10575, 0.200125, 0.200125, 0.10075, 0.10075, 0.093375, 0.093375, 0.0, 0.0, 0.0, 0.0, 0.0, 0.0, 0.0, 0.0, 0.0, 0.0, 0.0, 0.0, 0.0, 0.0, 0.0, 0.0]",2,0.200125,0.16568167507648468,"ControllerAction(token_budget=516, selected_request_ids=[0, 1, 2, 3, 5], token_allocations={0: 1, 1: 1, 2: 1, 3: 1, 5: 512}, prefill_allocations={5: 512}, decode_allocations={0: 1, 1: 1, 2: 1, 3: 1}, heuristic='LST', strategy='Fixed', mapping=None)","{""type"": ""controller"", ""token_budget"": 516, ""selected_request_ids"": [0, 1, 2, 3, 5], ""token_allocations"": {""0"": 1, ""1"": 1, ""2"": 1, ""3"": 1, ""5"": 512}, ""prefill_allocations"": {""5"": 512}, ""decode_allocations"": {""0"": 1, ""1"": 1, ""2"": 1, ""3"": 1}, ""heuristic"": ""LST"", ""strategy"": ""Fixed""}",arena_root,candidate_as_adversary,2.024569485137193,3,0.13719696012863591,3.137196960128636
907003,2,29,106436,controller,4000,-27.09583854675293,"[0.1353142261505127, 0.10115629434585571, 0.16884475946426392, 0.1753978729248047, 0.07912619411945343, 0.10031260550022125, 0.08267945796251297, 0.07685022056102753, 0.005126145668327808, 0.004127962980419397, 0.008197302930057049, 0.005809337366372347, 0.005069996230304241, 0.005368164740502834, 0.002861915621906519, 0.004919536877423525, 0.005641339812427759, 0.0029514364432543516, 0.005041486117988825, 0.005169361364096403, 0.0049614068120718, 0.004635038785636425, 0.003986081574112177, 0.00645193737000227]","[0.1235905406083831, 0.09239206741084902, 0.15421597340304283, 0.1602013221597614, 0.07227066499740731, 0.09162147614706538, 0.07551607245958704, 0.07019188281390386, 0.01, 0.01, 0.01, 0.01, 0.01, 0.01, 0.01, 0.01, 0.01, 0.01, 0.01, 0.01, 0.01, 0.01, 0.01, 0.01]","[true, true, true, true, true, true, true, true, true, true, true, true, true, true, true, true, true, true, true, true, true, true, true, true]",-6.3558758060715315,"[0.110375, 0.110375, 0.205625, 0.205625, 0.0915, 0.0915, 0.0925, 0.0925, 0.0, 0.0, 0.0, 0.0, 0.0, 0.0, 0.0, 0.0, 0.0, 0.0, 0.0, 0.0, 0.0, 0.0, 0.0, 0.0]",2,0.205625,0.16884475946426392,"ControllerAction(token_budget=516, selected_request_ids=[0, 1, 2, 3, 6], token_allocations={0: 1, 1: 1, 2: 1, 3: 1, 6: 512}, prefill_allocations={6: 512}, decode_allocations={0: 1, 1: 1, 2: 1, 3: 1}, heuristic='LST', strategy='Fixed', mapping=None)","{""type"": ""controller"", ""token_budget"": 516, ""selected_request_ids"": [0, 1, 2, 3, 6], ""token_allocations"": {""0"": 1, ""1"": 1, ""2"": 1, ""3"": 1, ""6"": 512}, ""prefill_allocations"": {""6"": 512}, ""decode_allocations"": {""0"": 1, ""1"": 1, ""2"": 1, ""3"": 1}, ""heuristic"": ""LST"", ""strategy"": ""Fixed""}",arena_root,candidate_as_adversary,2.0491389702743863,3,0.13719696012863591,3.137196960128636
907003,4,31,213807,controller,4000,-27.205276489257812,"[0.1375616192817688, 0.10354027152061462, 0.17197191715240479, 0.17850397527217865, 0.07666279375553131, 0.09660842269659042, 0.08003853261470795, 0.07547872513532639, 0.005093125160783529, 0.004119628109037876, 0.00806394126266241, 0.005821580998599529, 0.0049963826313614845, 0.0053994134068489075, 0.0029083515983074903, 0.0047631342895329, 0.005612469743937254, 0.0030073390807956457, 0.004990213084965944, 0.005009916611015797, 0.005006673280149698, 0.004608226008713245, 0.003996218089014292, 0.006237164605408907]","[0.1255497572449676, 0.09449914898038739, 0.15695535254794424, 0.16291703223396053, 0.06996860894762372, 0.08817258826047886, 0.0730495787450489, 0.06888793303958857, 0.01, 0.01, 0.01, 0.01, 0.01, 0.01, 0.01, 0.01, 0.01, 0.01, 0.01, 0.01, 0.01, 0.01, 0.01, 0.01]","[true, true, true, true, true, true, true, true, true, true, true, true, true, true, true, true, true, true, true, true, true, true, true, true]",-6.300099316191143,"[0.120625, 0.120625, 0.196375, 0.196375, 0.090375, 0.090375, 0.092625, 0.092625, 0.0, 0.0, 0.0, 0.0, 0.0, 0.0, 0.0, 0.0, 0.0, 0.0, 0.0, 0.0, 0.0, 0.0, 0.0, 0.0]",2,0.196375,0.17197191715240479,"ControllerAction(token_budget=516, selected_request_ids=[0, 1, 2, 3, 7], token_allocations={0: 1, 1: 1, 2: 1, 3: 1, 7: 512}, prefill_allocations={7: 512}, decode_allocations={0: 1, 1: 1, 2: 1, 3: 1}, heuristic='LST', strategy='Fixed', mapping=None)","{""type"": ""controller"", ""token_budget"": 516, ""selected_request_ids"": [0, 1, 2, 3, 7], ""token_allocations"": {""0"": 1, ""1"": 1, ""2"": 1, ""3"": 1, ""7"": 512}, ""prefill_allocations"": {""7"": 512}, ""decode_allocations"": {""0"": 1, ""1"": 1, ""2"": 1, ""3"": 1}, ""heuristic"": ""LST"", ""strategy"": ""Fixed""}",arena_root,candidate_as_adversary,2.0737084554115794,3,0.13719696012863591,3.137196960128636
907003,6,33,319466,controller,4000,-27.319414138793945,"[0.13976910710334778, 0.10592194646596909, 0.1750602126121521, 0.1815647929906845, 0.07423505932092667, 0.09298963844776154, 0.07743918150663376, 0.07409077882766724, 0.005057519767433405, 0.00410904036834836, 0.007928366772830486, 0.0058306255377829075, 0.004921118263155222, 0.005427841562777758, 0.002953908173367381, 0.004609157331287861, 0.005580665543675423, 0.003062607254832983, 0.004936733283102512, 0.004852707497775555, 0.005049563944339752, 0.004579038359224796, 0.004004168324172497, 0.006026210729032755]","[0.12746692275066707, 0.09659891837038559, 0.15965177899611882, 0.16558383981999483, 0.06770104472982713, 0.08480488504422429, 0.07062314678509198, 0.06756946350369016, 0.01, 0.01, 0.01, 0.01, 0.01, 0.01, 0.01, 0.01, 0.01, 0.01, 0.01, 0.01, 0.01, 0.01, 0.01, 0.01]","[true, true, true, true, true, true, true, true, true, true, true, true, true, true, true, true, true, true, true, true, true, true, true, true]",-6.2620531765675835,"[0.127625, 0.127625, 0.197, 0.197, 0.08875, 0.08875, 0.086625, 0.086625, 0.0, 0.0, 0.0, 0.0, 0.0, 0.0, 0.0, 0.0, 0.0, 0.0, 0.0, 0.0, 0.0, 0.0, 0.0, 0.0]",2,0.197,0.1750602126121521,"ControllerAction(token_budget=516, selected_request_ids=[0, 1, 2, 3, 8], token_allocations={0: 1, 1: 1, 2: 1, 3: 1, 8: 512}, prefill_allocations={8: 512}, decode_allocations={0: 1, 1: 1, 2: 1, 3: 1}, heuristic='LST', strategy='Fixed', mapping=None)","{""type"": ""controller"", ""token_budget"": 516, ""selected_request_ids"": [0, 1, 2, 3, 8], ""token_allocations"": {""0"": 1, ""1"": 1, ""2"": 1, ""3"": 1, ""8"": 512}, ""prefill_allocations"": {""8"": 512}, ""decode_allocations"": {""0"": 1, ""1"": 1, ""2"": 1, ""3"": 1}, ""heuristic"": ""LST"", ""strategy"": ""Fixed""}",arena_root,candidate_as_adversary,2.0982779405487726,3,0.13719696012863591,3.137196960128636
907003,8,35,421835,controller,4000,-27.34516716003418,"[0.13936246931552887, 0.10714796185493469, 0.17507600784301758, 0.18175673484802246, 0.07266378402709961, 0.0904703140258789, 0.07722432166337967, 0.07343744486570358, 0.005197254009544849, 0.004463256802409887, 0.008211037144064903, 0.0062179649248719215, 0.005129050929099321, 0.005785621702671051, 0.0031152432784438133, 0.004775267094373703, 0.005850896704941988, 0.0034048608504235744, 0.005123394541442394, 0.004941951017826796, 0.0053472318686544895, 0.0047388263046741486, 0.004341015126556158, 0.006218072026968002]","[0.12764092391455606, 0.0981359250729173, 0.16035065614229013, 0.1664694783153465, 0.06655215406199233, 0.08286100645187454, 0.07072911246622339, 0.06726074357479969, 0.01, 0.01, 0.01, 0.01, 0.01, 0.01, 0.01, 0.01, 0.01, 0.01, 0.01, 0.01, 0.01, 0.01, 0.01, 0.01]","[true, true, true, true, true, true, true, true, true, true, true, true, true, true, true, true, true, true, true, true, true, true, true, true]",-6.29241003917237,"[0.1583125, 0.1583125, 0.1583125, 0.1583125, 0.0830625, 0.0830625, 0.0830625, 0.0830625, 0.002375, 0.002375, 0.002375, 0.002375, 0.0021875, 0.0021875, 0.0021875, 0.0021875, 0.0020625, 0.0020625, 0.0020625, 0.0020625, 0.002, 0.002, 0.002, 0.002]",0,0.1583125,0.13936246931552887,"ControllerAction(token_budget=516, selected_request_ids=[0, 1, 2, 3, 4], token_allocations={0: 1, 1: 1, 2: 1, 3: 1, 4: 512}, prefill_allocations={4: 512}, decode_allocations={0: 1, 1: 1, 2: 1, 3: 1}, heuristic='SJF', strategy='Fixed', mapping=None)","{""type"": ""controller"", ""token_budget"": 516, ""selected_request_ids"": [0, 1, 2, 3, 4], ""token_allocations"": {""0"": 1, ""1"": 1, ""2"": 1, ""3"": 1, ""4"": 512}, ""prefill_allocations"": {""4"": 512}, ""decode_allocations"": {""0"": 1, ""1"": 1, ""2"": 1, ""3"": 1}, ""heuristic"": ""SJF"", ""strategy"": ""Fixed""}",arena_root,candidate_as_adversary,2.1228474256859657,3,0.13719696012863591,3.137196960128636
907003,10,37,522030,controller,4000,-27.311481475830078,"[0.14092868566513062, 0.10788382589817047, 0.17652703821659088, 0.1871355026960373, 0.07202648371458054, 0.08880428224802017, 0.07480188459157944, 0.0710267722606659, 0.0050590550526976585, 0.004257441498339176, 0.007893386296927929, 0.0060305967926979065, 0.00498651759698987, 0.005701402202248573, 0.0030925937462598085, 0.004646983928978443, 0.005763739347457886, 0.0033283161465078592, 0.0050442758947610855, 0.004745041020214558, 0.005319531541317701, 0.004572462756186724, 0.004279996268451214, 0.006144210696220398]","[0.12879518627702355, 0.09859538097055286, 0.16132863698211944, 0.1710237473302716, 0.06582523879447269, 0.08115852369125644, 0.06836168672385924, 0.06491159923044411, 0.01, 0.01, 0.01, 0.01, 0.01, 0.01, 0.01, 0.01, 0.01, 0.01, 0.01, 0.01, 0.01, 0.01, 0.01, 0.01]","[true, true, true, true, true, true, true, true, true, true, true, true, true, true, true, true, true, true, true, true, true, true, true, true]",-6.251348551503717,"[0.135, 0.135, 0.201125, 0.201125, 0.08275, 0.08275, 0.081125, 0.081125, 0.0, 0.0, 0.0, 0.0, 0.0, 0.0, 0.0, 0.0, 0.0, 0.0, 0.0, 0.0, 0.0, 0.0, 0.0, 0.0]",2,0.201125,0.17652703821659088,"ControllerAction(token_budget=516, selected_request_ids=[0, 1, 2, 3, 5], token_allocations={0: 1, 1: 1, 2: 1, 3: 1, 5: 512}, prefill_allocations={5: 512}, decode_allocations={0: 1, 1: 1, 2: 1, 3: 1}, heuristic='LST', strategy='Fixed', mapping=None)","{""type"": ""controller"", ""token_budget"": 516, ""selected_request_ids"": [0, 1, 2, 3, 5], ""token_allocations"": {""0"": 1, ""1"": 1, ""2"": 1, ""3"": 1, ""5"": 512}, ""prefill_allocations"": {""5"": 512}, ""decode_allocations"": {""0"": 1, ""1"": 1, ""2"": 1, ""3"": 1}, ""heuristic"": ""LST"", ""strategy"": ""Fixed""}",arena_root,candidate_as_adversary,2.147757208551159,3,0.13719696012863591,3.137196960128636
907003,12,39,619719,controller,4000,-27.43798828125,"[0.1430603414773941, 0.11028188467025757, 0.17954814434051514, 0.1901780664920807, 0.0696401447057724, 0.08533437550067902, 0.0722537562251091, 0.06962393969297409, 0.0050165895372629166, 0.0042407093569636345, 0.007748332805931568, 0.006032208446413279, 0.004904242232441902, 0.0057240924797952175, 0.003137971041724086, 0.004489148501306772, 0.005723325069993734, 0.0033857040107250214, 0.004982724320143461, 0.004588373005390167, 0.005358637776225805, 0.004537642467767, 0.0042833322659134865, 0.005926221143454313]","[0.1306315783164868, 0.10070084067616286, 0.16394940230660715, 0.1736558205473312, 0.06358996436857443, 0.0779207154211002, 0.06597651115261838, 0.0635751672111189, 0.01, 0.01, 0.01, 0.01, 0.01, 0.01, 0.01, 0.01, 0.01, 0.01, 0.01, 0.01, 0.01, 0.01, 0.01, 0.01]","[true, true, true, true, true, true, true, true, true, true, true, true, true, true, true, true, true, true, true, true, true, true, true, true]",-6.278423972321275,"[0.14075, 0.14075, 0.19725, 0.19725, 0.07875, 0.07875, 0.08325, 0.08325, 0.0, 0.0, 0.0, 0.0, 0.0, 0.0, 0.0, 0.0, 0.0, 0.0, 0.0, 0.0, 0.0, 0.0, 0.0, 0.0]",2,0.19725,0.17954814434051514,"ControllerAction(token_budget=516, selected_request_ids=[0, 1, 2, 3, 6], token_allocations={0: 1, 1: 1, 2: 1, 3: 1, 6: 512}, prefill_allocations={6: 512}, decode_allocations={0: 1, 1: 1, 2: 1, 3: 1}, heuristic='LST', strategy='Fixed', mapping=None)","{""type"": ""controller"", ""token_budget"": 516, ""selected_request_ids"": [0, 1, 2, 3, 6], ""token_allocations"": {""0"": 1, ""1"": 1, ""2"": 1, ""3"": 1, ""6"": 512}, ""prefill_allocations"": {""6"": 512}, ""decode_allocations"": {""0"": 1, ""1"": 1, ""2"": 1, ""3"": 1}, ""heuristic"": ""LST"", ""strategy"": ""Fixed""}",arena_root,candidate_as_adversary,2.172666991416352,3,0.13719696012863591,3.137196960128636
907003,14,41,717019,controller,4000,-27.5689697265625,"[0.14514559507369995, 0.11267220228910446, 0.18252210319042206, 0.19316543638706207, 0.06729639321565628, 0.08195565640926361, 0.06975463032722473, 0.06821185350418091, 0.004971787333488464, 0.00422175507992506, 0.0076018283143639565, 0.006030556745827198, 0.004820715170353651, 0.005743763409554958, 0.003182291053235531, 0.0043343305587768555, 0.005680120084434748, 0.0034422145690768957, 0.004919260740280151, 0.004434476140886545, 0.00539510790258646, 0.0045006489381194115, 0.004284346476197243, 0.005712874699383974]","[0.13242004881375377, 0.10279373975834721, 0.16651959573276895, 0.176229781568753, 0.06139622542511108, 0.07477024719053552, 0.06363893818635187, 0.06223142332437857, 0.01, 0.01, 0.01, 0.01, 0.01, 0.01, 0.01, 0.01, 0.01, 0.01, 0.01, 0.01, 0.01, 0.01, 0.01, 0.01]","[true, true, true, true, true, true, true, true, true, true, true, true, true, true, true, true, true, true, true, true, true, true, true, true]",-6.349677066329037,"[0.14525, 0.14525, 0.19125, 0.19125, 0.08, 0.08, 0.0835, 0.0835, 0.0, 0.0, 0.0, 0.0, 0.0, 0.0, 0.0, 0.0, 0.0, 0.0, 0.0, 0.0, 0.0, 0.0, 0.0, 0.0]",2,0.19125,0.18252210319042206,"ControllerAction(token_budget=516, selected_request_ids=[0, 1, 2, 3, 7], token_allocations={0: 1, 1: 1, 2: 1, 3: 1, 7: 512}, prefill_allocations={7: 512}, decode_allocations={0: 1, 1: 1, 2: 1, 3: 1}, heuristic='LST', strategy='Fixed', mapping=None)","{""type"": ""controller"", ""token_budget"": 516, ""selected_request_ids"": [0, 1, 2, 3, 7], ""token_allocations"": {""0"": 1, ""1"": 1, ""2"": 1, ""3"": 1, ""7"": 512}, ""prefill_allocations"": {""7"": 512}, ""decode_allocations"": {""0"": 1, ""1"": 1, ""2"": 1, ""3"": 1}, ""heuristic"": ""LST"", ""strategy"": ""Fixed""}",arena_root,candidate_as_adversary,2.1975767742815453,3,0.13719696012863591,3.137196960128636
907003,16,43,811674,controller,4000,-27.704265594482422,"[0.14718294143676758, 0.11505305767059326, 0.1854465901851654, 0.1960953176021576, 0.06499693542718887, 0.07866883277893066, 0.06730613112449646, 0.06679287552833557, 0.004924765322357416, 0.004200650844722986, 0.0074541266076266766, 0.006025699432939291, 0.004736088681966066, 0.005760434549301863, 0.003225521184504032, 0.00418262230232358, 0.005634240806102753, 0.0034978094045072794, 0.004854023456573486, 0.004283462651073933, 0.005428940989077091, 0.004461580887436867, 0.0042830826714634895, 0.005504279397428036]","[0.13415946244792262, 0.10487259066437384, 0.16903735316861182, 0.17874382819942844, 0.05924568317871433, 0.07170782302622422, 0.061350549750979005, 0.06088270956374565, 0.01, 0.01, 0.01, 0.01, 0.01, 0.01, 0.01, 0.01, 0.01, 0.01, 0.01, 0.01, 0.01, 0.01, 0.01, 0.01]","[true, true, true, true, true, true, true, true, true, true, true, true, true, true, true, true, true, true, true, true, true, true, true, true]",-6.384558224143259,"[0.140125, 0.140125, 0.208375, 0.208375, 0.078125, 0.078125, 0.073375, 0.073375, 0.0, 0.0, 0.0, 0.0, 0.0, 0.0, 0.0, 0.0, 0.0, 0.0, 0.0, 0.0, 0.0, 0.0, 0.0, 0.0]",2,0.208375,0.1854465901851654,"ControllerAction(token_budget=516, selected_request_ids=[0, 1, 2, 3, 8], token_allocations={0: 1, 1: 1, 2: 1, 3: 1, 8: 512}, prefill_allocations={8: 512}, decode_allocations={0: 1, 1: 1, 2: 1, 3: 1}, heuristic='LST', strategy='Fixed', mapping=None)","{""type"": ""controller"", ""token_budget"": 516, ""selected_request_ids"": [0, 1, 2, 3, 8], ""token_allocations"": {""0"": 1, ""1"": 1, ""2"": 1, ""3"": 1, ""8"": 512}, ""prefill_allocations"": {""8"": 512}, ""decode_allocations"": {""0"": 1, ""1"": 1, ""2"": 1, ""3"": 1}, ""heuristic"": ""LST"", ""strategy"": ""Fixed""}",arena_root,candidate_as_adversary,2.2224865571467385,3,0.13719696012863591,3.137196960128636
907003,18,45,902150,controller,4000,-27.744327545166016,"[0.1466561257839203, 0.1163240373134613, 0.1853531301021576, 0.19617734849452972, 0.06353995203971863, 0.07642702758312225, 0.06702493131160736, 0.06612756848335266, 0.005054864566773176, 0.0045576137490570545, 0.007709420286118984, 0.006419257260859013, 0.0049301693215966225, 0.006133732385933399, 0.0033991707023233175, 0.004327043890953064, 0.005900463089346886, 0.00388527475297451, 0.005031178239732981, 0.004355886951088905, 0.005743394605815411, 0.004612399265170097, 0.004638874437659979, 0.005671119783073664]","[0.1342492392351129, 0.10648319959779877, 0.1696725354842958, 0.17958104136308672, 0.058164568147231505, 0.06996141658039157, 0.061354723440782126, 0.06053327615130061, 0.01, 0.01, 0.01, 0.01, 0.01, 0.01, 0.01, 0.01, 0.01, 0.01, 0.01, 0.01, 0.01, 0.01, 0.01, 0.01]","[true, true, true, true, true, true, true, true, true, true, true, true, true, true, true, true, true, true, true, true, true, true, true, true]",-6.237802811084183,"[0.1765, 0.1765, 0.1765, 0.1765, 0.06525, 0.06525, 0.06525, 0.06525, 0.00225, 0.00225, 0.00225, 0.00225, 0.002125, 0.002125, 0.002125, 0.002125, 0.002, 0.002, 0.002, 0.002, 0.001875, 0.001875, 0.001875, 0.001875]",0,0.1765,0.1466561257839203,"ControllerAction(token_budget=516, selected_request_ids=[0, 1, 2, 3, 4], token_allocations={0: 1, 1: 1, 2: 1, 3: 1, 4: 512}, prefill_allocations={4: 512}, decode_allocations={0: 1, 1: 1, 2: 1, 3: 1}, heuristic='SJF', strategy='Fixed', mapping=None)","{""type"": ""controller"", ""token_budget"": 516, ""selected_request_ids"": [0, 1, 2, 3, 4], ""token_allocations"": {""0"": 1, ""1"": 1, ""2"": 1, ""3"": 1, ""4"": 512}, ""prefill_allocations"": {""4"": 512}, ""decode_allocations"": {""0"": 1, ""1"": 1, ""2"": 1, ""3"": 1}, ""heuristic"": ""SJF"", ""strategy"": ""Fixed""}",arena_root,candidate_as_adversary,2.2473963400119317,3,0.13719696012863591,3.137196960128636
907003,20,47,987845,controller,4000,-27.725709915161133,"[0.14810577034950256, 0.11699185520410538, 0.18666045367717743, 0.20172230899333954, 0.06284262984991074, 0.07483451068401337, 0.06476567685604095, 0.06382624059915543, 0.004910222254693508, 0.004338724538683891, 0.00739383464679122, 0.006214050110429525, 0.004782885778695345, 0.0060330647975206375, 0.0033696007449179888, 0.0042003244161605835, 0.00580099830403924, 0.00379169057123363, 0.004942547529935837, 0.0041719358414411545, 0.005703502334654331, 0.004442023113369942, 0.004565530922263861, 0.005589637439697981]","[0.13526384561120763, 0.10684774943442989, 0.1704755373698544, 0.18423141242655197, 0.057393683998681166, 0.06834577529062931, 0.059149987839689264, 0.05829200802895623, 0.01, 0.01, 0.01, 0.01, 0.01, 0.01, 0.01, 0.01, 0.01, 0.01, 0.01, 0.01, 0.01, 0.01, 0.01, 0.01]","[true, true, true, true, true, true, true, true, true, true, true, true, true, true, true, true, true, true, true, true, true, true, true, true]",-6.205375900669739,"[0.201, 0.201, 0.174875, 0.174875, 0.06725, 0.06725, 0.056875, 0.056875, 0.0, 0.0, 0.0, 0.0, 0.0, 0.0, 0.0, 0.0, 0.0, 0.0, 0.0, 0.0, 0.0, 0.0, 0.0, 0.0]",0,0.201,0.14810577034950256,"ControllerAction(token_budget=516, selected_request_ids=[0, 1, 2, 3, 4], token_allocations={0: 1, 1: 1, 2: 1, 3: 1, 4: 512}, prefill_allocations={4: 512}, decode_allocations={0: 1, 1: 1, 2: 1, 3: 1}, heuristic='SJF', strategy='Fixed', mapping=None)","{""type"": ""controller"", ""token_budget"": 516, ""selected_request_ids"": [0, 1, 2, 3, 4], ""token_allocations"": {""0"": 1, ""1"": 1, ""2"": 1, ""3"": 1, ""4"": 512}, ""prefill_allocations"": {""4"": 512}, ""decode_allocations"": {""0"": 1, ""1"": 1, ""2"": 1, ""3"": 1}, ""heuristic"": ""SJF"", ""strategy"": ""Fixed""}",arena_root,candidate_as_adversary,2.272804280445125,3,0.13719696012863591,3.137196960128636
907003,22,49,1077673,controller,4000,-27.714069366455078,"[0.14953574538230896, 0.1176597848534584, 0.18795330822467804, 0.20738592743873596, 0.06208975240588188, 0.0731847807765007, 0.06250829994678497, 0.061552345752716064, 0.004765479359775782, 0.0041269464418292046, 0.007083223666995764, 0.006011071149259806, 0.004635612014681101, 0.005929823964834213, 0.0033392261248081923, 0.00407220795750618, 0.005698597524315119, 0.0036985138431191444, 0.004850607831031084, 0.003990756347775459, 0.005660397466272116, 0.004274831153452396, 0.00449055852368474, 0.005502268206328154]","[0.13625569076446098, 0.1072105884744699, 0.17126144506883198, 0.18896828130123058, 0.056575650737075676, 0.06668534558511975, 0.05695702767245467, 0.05608597039635636, 0.01, 0.01, 0.01, 0.01, 0.01, 0.01, 0.01, 0.01, 0.01, 0.01, 0.01, 0.01, 0.01, 0.01, 0.01, 0.01]","[true, true, true, true, true, true, true, true, true, true, true, true, true, true, true, true, true, true, true, true, true, true, true, true]",-5.78139087662848,"[0.073, 0.073, 0.35825, 0.35825, 0.039625, 0.039625, 0.029125, 0.029125, 0.0, 0.0, 0.0, 0.0, 0.0, 0.0, 0.0, 0.0, 0.0, 0.0, 0.0, 0.0, 0.0, 0.0, 0.0, 0.0]",2,0.35825,0.18795330822467804,"ControllerAction(token_budget=516, selected_request_ids=[0, 1, 2, 3, 5], token_allocations={0: 1, 1: 1, 2: 1, 3: 1, 5: 512}, prefill_allocations={5: 512}, decode_allocations={0: 1, 1: 1, 2: 1, 3: 1}, heuristic='LST', strategy='Fixed', mapping=None)","{""type"": ""controller"", ""token_budget"": 516, ""selected_request_ids"": [0, 1, 2, 3, 5], ""token_allocations"": {""0"": 1, ""1"": 1, ""2"": 1, ""3"": 1, ""5"": 512}, ""prefill_allocations"": {""5"": 512}, ""decode_allocations"": {""0"": 1, ""1"": 1, ""2"": 1, ""3"": 1}, ""heuristic"": ""LST"", ""strategy"": ""Fixed""}",arena_root,candidate_as_adversary,2.2986560142863186,3,0.13719696012863591,3.137196960128636
907003,24,51,1166116,controller,4000,-27.86459732055664,"[0.15145069360733032, 0.1200266182422638, 0.19075483083724976, 0.21028636395931244, 0.059842340648174286, 0.07008518278598785, 0.06017608195543289, 0.060156334191560745, 0.004711180459707975, 0.004098588600754738, 0.006930217146873474, 0.005995624698698521, 0.004545039962977171, 0.005936585366725922, 0.003380137961357832, 0.00392038794234395, 0.005642023403197527, 0.003752536838874221, 0.004776307847350836, 0.003845755709335208, 0.005686495453119278, 0.004230207297950983, 0.004481806885451078, 0.005288667045533657]","[0.13786470972558798, 0.10925955166779608, 0.17364304352620158, 0.19142248764912073, 0.05447414420003019, 0.06379814546050604, 0.05477794702425455, 0.05475997074650292, 0.01, 0.01, 0.01, 0.01, 0.01, 0.01, 0.01, 0.01, 0.01, 0.01, 0.01, 0.01, 0.01, 0.01, 0.01, 0.01]","[true, true, true, true, true, true, true, true, true, true, true, true, true, true, true, true, true, true, true, true, true, true, true, true]",-5.888067178475691,"[0.0925, 0.0925, 0.32625, 0.32625, 0.046, 0.046, 0.03525, 0.03525, 0.0, 0.0, 0.0, 0.0, 0.0, 0.0, 0.0, 0.0, 0.0, 0.0, 0.0, 0.0, 0.0, 0.0, 0.0, 0.0]",2,0.32625,0.19075483083724976,"ControllerAction(token_budget=516, selected_request_ids=[0, 1, 2, 3, 6], token_allocations={0: 1, 1: 1, 2: 1, 3: 1, 6: 512}, prefill_allocations={6: 512}, decode_allocations={0: 1, 1: 1, 2: 1, 3: 1}, heuristic='LST', strategy='Fixed', mapping=None)","{""type"": ""controller"", ""token_budget"": 516, ""selected_request_ids"": [0, 1, 2, 3, 6], ""token_allocations"": {""0"": 1, ""1"": 1, ""2"": 1, ""3"": 1, ""6"": 512}, ""prefill_allocations"": {""6"": 512}, ""decode_allocations"": {""0"": 1, ""1"": 1, ""2"": 1, ""3"": 1}, ""heuristic"": ""LST"", ""strategy"": ""Fixed""}",arena_root,candidate_as_adversary,2.324063954719512,3,0.13719696012863591,3.137196960128636
907003,26,53,1254450,controller,4000,-28.018945693969727,"[0.15331126749515533, 0.12237812578678131, 0.19349856674671173, 0.21311770379543304, 0.057646624743938446, 0.06708234548568726, 0.05790108069777489, 0.05876177176833153, 0.00465510506182909, 0.0040683322586119175, 0.0067770276218652725, 0.005977141670882702, 0.004453947301954031, 0.005940298084169626, 0.003419791115447879, 0.0037722892593592405, 0.005583139136433601, 0.0038053980097174644, 0.0047007291577756405, 0.003704117378219962, 0.005709775723516941, 0.004183896817266941, 0.0044707730412483215, 0.0050807432271540165]","[0.1394195248718673, 0.11128927723751172, 0.1759653982383672, 0.19380681857503756, 0.052423185611720935, 0.06100392285387969, 0.052654584965234306, 0.05343728764638106, 0.01, 0.01, 0.01, 0.01, 0.01, 0.01, 0.01, 0.01, 0.01, 0.01, 0.01, 0.01, 0.01, 0.01, 0.01, 0.01]","[true, true, true, true, true, true, true, true, true, true, true, true, true, true, true, true, true, true, true, true, true, true, true, true]",-5.633098953159003,"[0.045375, 0.045375, 0.4475, 0.4475, 0.003625, 0.003625, 0.0035, 0.0035, 0.0, 0.0, 0.0, 0.0, 0.0, 0.0, 0.0, 0.0, 0.0, 0.0, 0.0, 0.0, 0.0, 0.0, 0.0, 0.0]",2,0.4475,0.19349856674671173,"ControllerAction(token_budget=516, selected_request_ids=[0, 1, 2, 3, 7], token_allocations={0: 1, 1: 1, 2: 1, 3: 1, 7: 512}, prefill_allocations={7: 512}, decode_allocations={0: 1, 1: 1, 2: 1, 3: 1}, heuristic='LST', strategy='Fixed', mapping=None)","{""type"": ""controller"", ""token_budget"": 516, ""selected_request_ids"": [0, 1, 2, 3, 7], ""token_allocations"": {""0"": 1, ""1"": 1, ""2"": 1, ""3"": 1, ""7"": 512}, ""prefill_allocations"": {""7"": 512}, ""decode_allocations"": {""0"": 1, ""1"": 1, ""2"": 1, ""3"": 1}, ""heuristic"": ""LST"", ""strategy"": ""Fixed""}",arena_root,candidate_as_adversary,2.3494718951527056,3,0.13719696012863591,3.137196960128636
907003,28,55,1343205,controller,4000,-28.1768856048584,"[0.1551167517900467, 0.12471295148134232, 0.19618307054042816, 0.21587862074375153, 0.055503569543361664, 0.06417590379714966, 0.05568409711122513, 0.05737069249153137, 0.004597385413944721, 0.00403627147898078, 0.006623895838856697, 0.005955721251666546, 0.004362483974546194, 0.00594102730974555, 0.003458172781392932, 0.003627960104495287, 0.005522093269973993, 0.003857061266899109, 0.004624021705240011, 0.0035659009590744972, 0.005730270873755217, 0.004136011935770512, 0.004457524046301842, 0.00487854378297925]","[0.14091980948928315, 0.11329869379539616, 0.17822756476359947, 0.19612049476896484, 0.05042364770899996, 0.05830225319014959, 0.05058765262901863, 0.052119883654588056, 0.01, 0.01, 0.01, 0.01, 0.01, 0.01, 0.01, 0.01, 0.01, 0.01, 0.01, 0.01, 0.01, 0.01, 0.01, 0.01]","[true, true, true, true, true, true, true, true, true, true, true, true, true, true, true, true, true, true, true, true, true, true, true, true]",-10.008907989853222,"[0.036375, 0.036375, 0.4355, 0.4355, 0.01425, 0.01425, 0.013875, 0.013875, 0.0, 0.0, 0.0, 0.0, 0.0, 0.0, 0.0, 0.0, 0.0, 0.0, 0.0, 0.0, 0.0, 0.0, 0.0, 0.0]",2,0.4355,0.19618307054042816,"ControllerAction(token_budget=516, selected_request_ids=[0, 1, 2, 3, 8], token_allocations={0: 1, 1: 1, 2: 1, 3: 1, 8: 512}, prefill_allocations={8: 512}, decode_allocations={0: 1, 1: 1, 2: 1, 3: 1}, heuristic='LST', strategy='Fixed', mapping=None)","{""type"": ""controller"", ""token_budget"": 516, ""selected_request_ids"": [0, 1, 2, 3, 8], ""token_allocations"": {""0"": 1, ""1"": 1, ""2"": 1, ""3"": 1, ""8"": 512}, ""prefill_allocations"": {""8"": 512}, ""decode_allocations"": {""0"": 1, ""1"": 1, ""2"": 1, ""3"": 1}, ""heuristic"": ""LST"", ""strategy"": ""Fixed""}",arena_root,candidate_as_adversary,2.374879835585899,3,0.13719696012863591,3.137196960128636
907003,30,57,1432025,controller,4000,-27.907405853271484,"[0.15669609606266022, 0.12622801959514618, 0.22020241618156433, 0.24420352280139923, 0.04220252111554146, 0.05164079740643501, 0.04816388711333275, 0.04840191826224327, 0.0034393707755953074, 0.0028664376586675644, 0.005621594842523336, 0.0048559135757386684, 0.00349419959820807, 0.005222254898399115, 0.00286664254963398, 0.0028132605366408825, 0.00499308668076992, 0.003462516935542226, 0.0035678751301020384, 0.002856188453733921, 0.004880581516772509, 0.003592331428080797, 0.003744926769286394, 0.003983698319643736]","[0.14036389190627752, 0.11307145834004376, 0.19725104146851521, 0.2187505479646463, 0.0378038142677496, 0.046258352870592656, 0.04314383583531391, 0.04335705734686097, 0.01, 0.01, 0.01, 0.01, 0.01, 0.01, 0.01, 0.01, 0.01, 0.01, 0.01, 0.01, 0.01, 0.01, 0.01, 0.01]","[true, true, true, true, true, true, true, true, true, true, true, true, true, true, true, true, true, true, true, true, true, true, true, true]",-10.077139185995403,"[0.04, 0.04, 0.437875, 0.437875, 0.01075, 0.01075, 0.011375, 0.011375, 0.0, 0.0, 0.0, 0.0, 0.0, 0.0, 0.0, 0.0, 0.0, 0.0, 0.0, 0.0, 0.0, 0.0, 0.0, 0.0]",2,0.437875,0.22020241618156433,"ControllerAction(token_budget=516, selected_request_ids=[0, 1, 2, 3, 5], token_allocations={0: 1, 1: 1, 2: 1, 3: 1, 5: 512}, prefill_allocations={5: 512}, decode_allocations={0: 1, 1: 1, 2: 1, 3: 1}, heuristic='LST', strategy='Fixed', mapping=None)","{""type"": ""controller"", ""token_budget"": 516, ""selected_request_ids"": [0, 1, 2, 3, 5], ""token_allocations"": {""0"": 1, ""1"": 1, ""2"": 1, ""3"": 1, ""5"": 512}, ""prefill_allocations"": {""5"": 512}, ""decode_allocations"": {""0"": 1, ""1"": 1, ""2"": 1, ""3"": 1}, ""heuristic"": ""LST"", ""strategy"": ""Fixed""}",arena_root,candidate_as_adversary,2.4002877760190926,8,0.20140186414225203,8.201401864142252
907003,32,59,1520273,controller,4000,-28.088520050048828,"[0.15809573233127594, 0.1282998025417328, 0.222652405500412, 0.24668249487876892, 0.04048739746212959, 0.04921490326523781, 0.04614519327878952, 0.04709366708993912, 0.003384938230738044, 0.0028341631405055523, 0.005474233068525791, 0.004822534043341875, 0.003410372417420149, 0.00520568760111928, 0.0028904052451252937, 0.002695252653211355, 0.004921745974570513, 0.0034987099934369326, 0.0034970720298588276, 0.0027390781324356794, 0.004882431589066982, 0.0035394656006246805, 0.003721868386492133, 0.0038103843107819557]","[0.1414769720048047, 0.11481314077715818, 0.1992475551065369, 0.2207516414732136, 0.03623142960807132, 0.04404151452289254, 0.04129448734251559, 0.042143259164806934, 0.01, 0.01, 0.01, 0.01, 0.01, 0.01, 0.01, 0.01, 0.01, 0.01, 0.01, 0.01, 0.01, 0.01, 0.01, 0.01]","[true, true, true, true, true, true, true, true, true, true, true, true, true, true, true, true, true, true, true, true, true, true, true, true]",-10.164505324226589,"[0.112125, 0.112125, 0.365625, 0.365625, 0.01, 0.01, 0.01225, 0.01225, 0.0, 0.0, 0.0, 0.0, 0.0, 0.0, 0.0, 0.0, 0.0, 0.0, 0.0, 0.0, 0.0, 0.0, 0.0, 0.0]",2,0.365625,0.222652405500412,"ControllerAction(token_budget=516, selected_request_ids=[0, 1, 2, 3, 6], token_allocations={0: 1, 1: 1, 2: 1, 3: 1, 6: 512}, prefill_allocations={6: 512}, decode_allocations={0: 1, 1: 1, 2: 1, 3: 1}, heuristic='LST', strategy='Fixed', mapping=None)","{""type"": ""controller"", ""token_budget"": 516, ""selected_request_ids"": [0, 1, 2, 3, 6], ""token_allocations"": {""0"": 1, ""1"": 1, ""2"": 1, ""3"": 1, ""6"": 512}, ""prefill_allocations"": {""6"": 512}, ""decode_allocations"": {""0"": 1, ""1"": 1, ""2"": 1, ""3"": 1}, ""heuristic"": ""LST"", ""strategy"": ""Fixed""}",arena_root,candidate_as_adversary,2.426139509860286,8,0.3306605333482192,8.330660533348219
907003,34,61,1608287,controller,4000,-28.272537231445312,"[0.1594391167163849, 0.13034944236278534, 0.22503264248371124, 0.24907928705215454, 0.038825225085020065, 0.0468827523291111, 0.044192053377628326, 0.045801032334566116, 0.003329931991174817, 0.002801045309752226, 0.005328434985131025, 0.004787320736795664, 0.0033271212596446276, 0.005186935421079397, 0.002913110889494419, 0.0025810799561440945, 0.004849333316087723, 0.003533754963427782, 0.0034261990804225206, 0.0026256393175572157, 0.0048821778036653996, 0.0034858756698668003, 0.003697358537465334, 0.00364304194226861]","[0.14253792769238538, 0.11653187607216649, 0.20117827534021554, 0.22267587865947067, 0.03470959473297473, 0.041912991611675866, 0.03950751759446429, 0.040945938296646965, 0.01, 0.01, 0.01, 0.01, 0.01, 0.01, 0.01, 0.01, 0.01, 0.01, 0.01, 0.01, 0.01, 0.01, 0.01, 0.01]","[true, true, true, true, true, true, true, true, true, true, true, true, true, true, true, true, true, true, true, true, true, true, true, true]",-10.24405711998496,"[0.13175, 0.13175, 0.341625, 0.341625, 0.0095, 0.0095, 0.017125, 0.017125, 0.0, 0.0, 0.0, 0.0, 0.0, 0.0, 0.0, 0.0, 0.0, 0.0, 0.0, 0.0, 0.0, 0.0, 0.0, 0.0]",2,0.341625,0.22503264248371124,"ControllerAction(token_budget=516, selected_request_ids=[0, 1, 2, 3, 7], token_allocations={0: 1, 1: 1, 2: 1, 3: 1, 7: 512}, prefill_allocations={7: 512}, decode_allocations={0: 1, 1: 1, 2: 1, 3: 1}, heuristic='LST', strategy='Fixed', mapping=None)","{""type"": ""controller"", ""token_budget"": 516, ""selected_request_ids"": [0, 1, 2, 3, 7], ""token_allocations"": {""0"": 1, ""1"": 1, ""2"": 1, ""3"": 1, ""7"": 512}, ""prefill_allocations"": {""7"": 512}, ""decode_allocations"": {""0"": 1, ""1"": 1, ""2"": 1, ""3"": 1}, ""heuristic"": ""LST"", ""strategy"": ""Fixed""}",arena_root,candidate_as_adversary,2.4519912437014795,8,0.4599192025541864,8.459919202554186
907003,36,63,1696306,controller,4000,-28.459184646606445,"[0.16072672605514526, 0.13237644731998444, 0.22734327614307404, 0.2513941824436188, 0.037215735763311386, 0.044642459601163864, 0.042303889989852905, 0.04452525079250336, 0.0032744482159614563, 0.002767156111076474, 0.005184352397918701, 0.004750377032905817, 0.0032445478718727827, 0.005166091490536928, 0.0029347653035074472, 0.0024707121774554253, 0.004775990266352892, 0.003567660227417946, 0.0033553584944456816, 0.0025158447679132223, 0.004879883956164122, 0.0034316610544919968, 0.003671475453302264, 0.003481590421870351]","[0.14354751210410044, 0.1182274419466716, 0.20304377800078416, 0.22452401248342704, 0.033237946239967765, 0.03987086757280301, 0.03778225506992179, 0.039766186582324, 0.01, 0.01, 0.01, 0.01, 0.01, 0.01, 0.01, 0.01, 0.01, 0.01, 0.01, 0.01, 0.01, 0.01, 0.01, 0.01]","[true, true, true, true, true, true, true, true, true, true, true, true, true, true, true, true, true, true, true, true, true, true, true, true]",-10.3356974584898,"[0.1365, 0.1365, 0.32725, 0.32725, 0.014625, 0.014625, 0.021625, 0.021625, 0.0, 0.0, 0.0, 0.0, 0.0, 0.0, 0.0, 0.0, 0.0, 0.0, 0.0, 0.0, 0.0, 0.0, 0.0, 0.0]",2,0.32725,0.22734327614307404,"ControllerAction(token_budget=516, selected_request_ids=[0, 1, 2, 3, 8], token_allocations={0: 1, 1: 1, 2: 1, 3: 1, 8: 512}, prefill_allocations={8: 512}, decode_allocations={0: 1, 1: 1, 2: 1, 3: 1}, heuristic='LST', strategy='Fixed', mapping=None)","{""type"": ""controller"", ""token_budget"": 516, ""selected_request_ids"": [0, 1, 2, 3, 8], ""token_allocations"": {""0"": 1, ""1"": 1, ""2"": 1, ""3"": 1, ""8"": 512}, ""prefill_allocations"": {""8"": 512}, ""decode_allocations"": {""0"": 1, ""1"": 1, ""2"": 1, ""3"": 1}, ""heuristic"": ""LST"", ""strategy"": ""Fixed""}",arena_root,candidate_as_adversary,2.477842977542673,8,0.5891778717601536,8.589177871760153
907003,38,65,1784326,controller,4000,-28.540267944335938,"[0.1599888950586319, 0.13375848531723022, 0.22704686224460602, 0.2512671947479248, 0.03628368675708771, 0.0432337261736393, 0.04199869558215141, 0.043978359550237656, 0.0033528325147926807, 0.0029954644851386547, 0.005346321500837803, 0.0050502195954322815, 0.0033689304254949093, 0.005489632487297058, 0.0030890346970409155, 0.002547875279560685, 0.004990417510271072, 0.003956555388867855, 0.0034685719292610884, 0.002550240606069565, 0.0051530408672988415, 0.0035403056535869837, 0.00396910822018981, 0.003575472626835108]","[0.14334150216610028, 0.11984045646297876, 0.20342185802529897, 0.22512198191649666, 0.032508244787734626, 0.03873510878174508, 0.037628587356366885, 0.03940226050327868, 0.01, 0.01, 0.01, 0.01, 0.01, 0.01, 0.01, 0.01, 0.01, 0.01, 0.01, 0.01, 0.01, 0.01, 0.01, 0.01]","[true, true, true, true, true, true, true, true, true, true, true, true, true, true, true, true, true, true, true, true, true, true, true, true]",-10.431151390855977,"[0.2224375, 0.2224375, 0.2224375, 0.2224375, 0.022875, 0.022875, 0.022875, 0.022875, 0.0011875, 0.0011875, 0.0011875, 0.0011875, 0.00125, 0.00125, 0.00125, 0.00125, 0.001125, 0.001125, 0.001125, 0.001125, 0.001125, 0.001125, 0.001125, 0.001125]",0,0.2224375,0.1599888950586319,"ControllerAction(token_budget=516, selected_request_ids=[0, 1, 2, 3, 4], token_allocations={0: 1, 1: 1, 2: 1, 3: 1, 4: 512}, prefill_allocations={4: 512}, decode_allocations={0: 1, 1: 1, 2: 1, 3: 1}, heuristic='SJF', strategy='Fixed', mapping=None)","{""type"": ""controller"", ""token_budget"": 516, ""selected_request_ids"": [0, 1, 2, 3, 4], ""token_allocations"": {""0"": 1, ""1"": 1, ""2"": 1, ""3"": 1, ""4"": 512}, ""prefill_allocations"": {""4"": 512}, ""decode_allocations"": {""0"": 1, ""1"": 1, ""2"": 1, ""3"": 1}, ""heuristic"": ""SJF"", ""strategy"": ""Fixed""}",arena_root,candidate_as_adversary,2.5036947113838663,8,0.7184365409661208,8.71843654096612
907003,40,67,1873311,controller,4000,-28.568626403808594,"[0.16076123714447021, 0.13390719890594482, 0.22755120694637299, 0.25709882378578186, 0.0356471948325634, 0.04203275963664055, 0.04029926285147667, 0.042180199176073074, 0.0032361296471208334, 0.0028338050469756126, 0.005092325154691935, 0.004859316162765026, 0.00324706407263875, 0.005367081146687269, 0.0030462571885436773, 0.002455629874020815, 0.0048758224584162235, 0.0038397456519305706, 0.003384938230738044, 0.0024251455906778574, 0.005087506026029587, 0.003388932440429926, 0.003883614670485258, 0.003498774953186512]","[0.14373881663928997, 0.11972825447296953, 0.20345664037108901, 0.2298755679337765, 0.031872643510065975, 0.037582064169019394, 0.0360321210299059, 0.03771389187388353, 0.01, 0.01, 0.01, 0.01, 0.01, 0.01, 0.01, 0.01, 0.01, 0.01, 0.01, 0.01, 0.01, 0.01, 0.01, 0.01]","[true, true, true, true, true, true, true, true, true, true, true, true, true, true, true, true, true, true, true, true, true, true, true, true]",-10.541659610252246,"[0.14775, 0.14775, 0.3255, 0.3255, 0.0055, 0.0055, 0.02125, 0.02125, 0.0, 0.0, 0.0, 0.0, 0.0, 0.0, 0.0, 0.0, 0.0, 0.0, 0.0, 0.0, 0.0, 0.0, 0.0, 0.0]",2,0.3255,0.22755120694637299,"ControllerAction(token_budget=516, selected_request_ids=[0, 1, 2, 3, 5], token_allocations={0: 1, 1: 1, 2: 1, 3: 1, 5: 512}, prefill_allocations={5: 512}, decode_allocations={0: 1, 1: 1, 2: 1, 3: 1}, heuristic='LST', strategy='Fixed', mapping=None)","{""type"": ""controller"", ""token_budget"": 516, ""selected_request_ids"": [0, 1, 2, 3, 5], ""token_allocations"": {""0"": 1, ""1"": 1, ""2"": 1, ""3"": 1, ""5"": 512}, ""prefill_allocations"": {""5"": 512}, ""decode_allocations"": {""0"": 1, ""1"": 1, ""2"": 1, ""3"": 1}, ""heuristic"": ""LST"", ""strategy"": ""Fixed""}",arena_root,candidate_as_adversary,2.5300253085850595,8,0.8500895269720864,8.850089526972086
907003,42,69,1961524,controller,4000,-28.765960693359375,"[0.16194334626197815, 0.1359207183122635, 0.22974808514118195, 0.25931450724601746, 0.034115877002477646, 0.039952076971530914, 0.038509853184223175, 0.040948137640953064, 0.003177660284563899, 0.002795714419335127, 0.004946308210492134, 0.0048158010467886925, 0.003161752363666892, 0.005338885821402073, 0.003066405188292265, 0.0023463398683816195, 0.004795623477548361, 0.003872672561556101, 0.003309802617877722, 0.002319507533684373, 0.005079338327050209, 0.003332036780193448, 0.003852027002722025, 0.0033375227358192205]","[0.14464568507269232, 0.12140261313388546, 0.2052079936376361, 0.23161633630324902, 0.03047185645340518, 0.03568467415929161, 0.03439649867966562, 0.036574342560174576, 0.01, 0.01, 0.01, 0.01, 0.01, 0.01, 0.01, 0.01, 0.01, 0.01, 0.01, 0.01, 0.01, 0.01, 0.01, 0.01]","[true, true, true, true, true, true, true, true, true, true, true, true, true, true, true, true, true, true, true, true, true, true, true, true]",-10.649867041912522,"[0.14625, 0.14625, 0.326375, 0.326375, 0.005625, 0.005625, 0.02175, 0.02175, 0.0, 0.0, 0.0, 0.0, 0.0, 0.0, 0.0, 0.0, 0.0, 0.0, 0.0, 0.0, 0.0, 0.0, 0.0, 0.0]",2,0.326375,0.22974808514118195,"ControllerAction(token_budget=516, selected_request_ids=[0, 1, 2, 3, 6], token_allocations={0: 1, 1: 1, 2: 1, 3: 1, 6: 512}, prefill_allocations={6: 512}, decode_allocations={0: 1, 1: 1, 2: 1, 3: 1}, heuristic='LST', strategy='Fixed', mapping=None)","{""type"": ""controller"", ""token_budget"": 516, ""selected_request_ids"": [0, 1, 2, 3, 6], ""token_allocations"": {""0"": 1, ""1"": 1, ""2"": 1, ""3"": 1, ""6"": 512}, ""prefill_allocations"": {""6"": 512}, ""decode_allocations"": {""0"": 1, ""1"": 1, ""2"": 1, ""3"": 1}, ""heuristic"": ""LST"", ""strategy"": ""Fixed""}",arena_root,candidate_as_adversary,2.5563559057862526,8,0.981742512978052,8.981742512978052
907003,44,71,2050383,controller,4000,-28.965139389038086,"[0.1630699336528778, 0.13791030645370483, 0.23187485337257385, 0.26144641637802124, 0.03263747692108154, 0.03795945644378662, 0.036785420030355453, 0.03973643109202385, 0.0031190202571451664, 0.0027570510283112526, 0.004802584648132324, 0.004770797211676836, 0.0030774713959544897, 0.005308750085532665, 0.0030854721553623676, 0.00224103475920856, 0.0047148894518613815, 0.003904343582689762, 0.003235061652958393, 0.0022175984922796488, 0.0050691869109869, 0.0032748067751526833, 0.003819195320829749, 0.00318245030939579]","[0.14550222158085613, 0.12305307004432335, 0.2068947079248987, 0.23328049233362944, 0.02912140388135541, 0.03387004041057465, 0.0328224842943461, 0.0354555795300162, 0.01, 0.01, 0.01, 0.01, 0.01, 0.01, 0.01, 0.01, 0.01, 0.01, 0.01, 0.01, 0.01, 0.01, 0.01, 0.01]","[true, true, true, true, true, true, true, true, true, true, true, true, true, true, true, true, true, true, true, true, true, true, true, true]",-10.746288808305561,"[0.1435, 0.1435, 0.33025, 0.33025, 0.005375, 0.005375, 0.020875, 0.020875, 0.0, 0.0, 0.0, 0.0, 0.0, 0.0, 0.0, 0.0, 0.0, 0.0, 0.0, 0.0, 0.0, 0.0, 0.0, 0.0]",2,0.33025,0.23187485337257385,"ControllerAction(token_budget=516, selected_request_ids=[0, 1, 2, 3, 7], token_allocations={0: 1, 1: 1, 2: 1, 3: 1, 7: 512}, prefill_allocations={7: 512}, decode_allocations={0: 1, 1: 1, 2: 1, 3: 1}, heuristic='LST', strategy='Fixed', mapping=None)","{""type"": ""controller"", ""token_budget"": 516, ""selected_request_ids"": [0, 1, 2, 3, 7], ""token_allocations"": {""0"": 1, ""1"": 1, ""2"": 1, ""3"": 1, ""7"": 512}, ""prefill_allocations"": {""7"": 512}, ""decode_allocations"": {""0"": 1, ""1"": 1, ""2"": 1, ""3"": 1}, ""heuristic"": ""LST"", ""strategy"": ""Fixed""}",arena_root,candidate_as_adversary,2.5826865029874457,8,1.1133954989840178,9.113395498984017
907003,46,73,2140366,controller,4000,-29.165834426879883,"[0.1641419678926468, 0.13987573981285095, 0.23393234610557556, 0.26349547505378723, 0.031211279332637787, 0.03605249524116516, 0.035124845802783966, 0.03854590654373169, 0.0030602978076785803, 0.0027178882155567408, 0.00466126436367631, 0.004724416416138411, 0.002994298003613949, 0.00527677359059453, 0.003103477181866765, 0.002139641437679529, 0.004633751232177019, 0.003934778273105621, 0.003160805907100439, 0.0021193604916334152, 0.0050571332685649395, 0.0032173367217183113, 0.003785201581194997, 0.0030334300827234983]","[0.14630960426570577, 0.12467965628251641, 0.20851796419328875, 0.23486935837236783, 0.02782048970420078, 0.03213575649937371, 0.03130888678427669, 0.0343582838982699, 0.01, 0.01, 0.01, 0.01, 0.01, 0.01, 0.01, 0.01, 0.01, 0.01, 0.01, 0.01, 0.01, 0.01, 0.01, 0.01]","[true, true, true, true, true, true, true, true, true, true, true, true, true, true, true, true, true, true, true, true, true, true, true, true]",-10.861421918012255,"[0.146375, 0.146375, 0.3255, 0.3255, 0.00525, 0.00525, 0.0205, 0.0205, 0.0, 0.0, 0.0, 0.0, 0.0, 0.0, 0.0, 0.0, 0.0, 0.0, 0.0, 0.0, 0.0011875, 0.0011875, 0.0011875, 0.0011875]",2,0.3255,0.23393234610557556,"ControllerAction(token_budget=516, selected_request_ids=[0, 1, 2, 3, 8], token_allocations={0: 1, 1: 1, 2: 1, 3: 1, 8: 512}, prefill_allocations={8: 512}, decode_allocations={0: 1, 1: 1, 2: 1, 3: 1}, heuristic='LST', strategy='Fixed', mapping=None)","{""type"": ""controller"", ""token_budget"": 516, ""selected_request_ids"": [0, 1, 2, 3, 8], ""token_allocations"": {""0"": 1, ""1"": 1, ""2"": 1, ""3"": 1, ""8"": 512}, ""prefill_allocations"": {""8"": 512}, ""decode_allocations"": {""0"": 1, ""1"": 1, ""2"": 1, ""3"": 1}, ""heuristic"": ""LST"", ""strategy"": ""Fixed""}",arena_root,candidate_as_adversary,2.609017100188639,8,1.2450484849899834,9.245048484989983
907003,48,75,2230742,controller,4000,-29.263004302978516,"[0.16593866050243378, 0.14357240498065948, 0.2372998297214508, 0.2674856185913086, 0.030878236517310143, 0.03542127087712288, 0.03537905216217041, 0.03864051029086113, 0.0031801939476281404, 0.0029861312359571457, 0.004877215716987848, 0.0050983065739274025, 0.003155166981741786, 0.005691788159310818, 0.0033172781113535166, 0.002238424029201269, 0.004914280027151108, 0.004430499393492937, 0.0033156760036945343, 0.0021794592030346394, 0.0, 0.0, 0.0, 0.0]","[0.15296840293014, 0.13235036023693014, 0.2187517716376414, 0.24657814977416262, 0.028464702023328577, 0.03265263935133366, 0.03261372057628457, 0.03562025347017897, 0.01, 0.01, 0.01, 0.01, 0.01, 0.01, 0.01, 0.01, 0.01, 0.01, 0.01, 0.01, 0.0, 0.0, 0.0, 0.0]","[true, true, true, true, true, true, true, true, true, true, true, true, true, true, true, true, true, true, true, true, false, false, false, false]",-10.960819109980388,"[0.239625, 0.239625, 0.239625, 0.239625, 0.0060625, 0.0060625, 0.0060625, 0.0060625, 0.0015625, 0.0015625, 0.0015625, 0.0015625, 0.0014375, 0.0014375, 0.0014375, 0.0014375, 0.0013125, 0.0013125, 0.0013125, 0.0013125, 0.0, 0.0, 0.0, 0.0]",0,0.239625,0.16593866050243378,"ControllerAction(token_budget=516, selected_request_ids=[0, 1, 2, 3, 4], token_allocations={0: 1, 1: 1, 2: 1, 3: 1, 4: 512}, prefill_allocations={4: 512}, decode_allocations={0: 1, 1: 1, 2: 1, 3: 1}, heuristic='SJF', strategy='Fixed', mapping=None)","{""type"": ""controller"", ""token_budget"": 516, ""selected_request_ids"": [0, 1, 2, 3, 4], ""token_allocations"": {""0"": 1, ""1"": 1, ""2"": 1, ""3"": 1, ""4"": 512}, ""prefill_allocations"": {""4"": 512}, ""decode_allocations"": {""0"": 1, ""1"": 1, ""2"": 1, ""3"": 1}, ""heuristic"": ""SJF"", ""strategy"": ""Fixed""}",arena_root,candidate_as_adversary,2.635347697389832,8,1.376701470995949,9.376701470995949
907003,50,77,2322458,controller,4000,-30.14463233947754,"[0.17364056408405304, 0.15371166169643402, 0.23592886328697205, 0.2606135904788971, 0.031972963362932205, 0.0351354144513607, 0.036894384771585464, 0.040743403136730194, 0.0033872597850859165, 0.0033414813224226236, 0.004720434546470642, 0.005473114084452391, 0.0030989886727184057, 0.00555618479847908, 0.0035645607858896255, 0.002217154484242201, 0.0, 0.0, 0.0, 0.0, 0.0, 0.0, 0.0, 0.0]","[0.16492110542062763, 0.14599294408388522, 0.22408156261854126, 0.24752673234010625, 0.03036742301087857, 0.033371069837836755, 0.03504171247335088, 0.03869745021477339, 0.01, 0.01, 0.01, 0.01, 0.01, 0.01, 0.01, 0.01, 0.0, 0.0, 0.0, 0.0, 0.0, 0.0, 0.0, 0.0]","[true, true, true, true, true, true, true, true, true, true, true, true, true, true, true, true, false, false, false, false, false, false, false, false]",-11.043526694853018,"[0.240375, 0.240375, 0.240375, 0.240375, 0.006625, 0.006625, 0.006625, 0.006625, 0.0015625, 0.0015625, 0.0015625, 0.0015625, 0.0014375, 0.0014375, 0.0014375, 0.0014375, 0.0, 0.0, 0.0, 0.0, 0.0, 0.0, 0.0, 0.0]",0,0.240375,0.17364056408405304,"ControllerAction(token_budget=517, selected_request_ids=[0, 1, 2, 3, 4, 5], token_allocations={0: 1, 1: 1, 2: 1, 3: 1, 4: 1, 5: 512}, prefill_allocations={5: 512}, decode_allocations={0: 1, 1: 1, 2: 1, 3: 1, 4: 1}, heuristic='SJF', strategy='Fixed', mapping=None)","{""type"": ""controller"", ""token_budget"": 517, ""selected_request_ids"": [0, 1, 2, 3, 4, 5], ""token_allocations"": {""0"": 1, ""1"": 1, ""2"": 1, ""3"": 1, ""4"": 1, ""5"": 512}, ""prefill_allocations"": {""5"": 512}, ""decode_allocations"": {""0"": 1, ""1"": 1, ""2"": 1, ""3"": 1, ""4"": 1}, ""heuristic"": ""SJF"", ""strategy"": ""Fixed""}",arena_root,candidate_as_adversary,2.6621902638710253,8,1.5109143034019157,9.510914303401915
907003,52,79,2414290,controller,4000,-31.01608657836914,"[0.1813487708568573, 0.1642485111951828, 0.2341122180223465, 0.2534271776676178, 0.033042825758457184, 0.034784916788339615, 0.03840068727731705, 0.042878005653619766, 0.0036008632741868496, 0.0037319189868867397, 0.0045599122531712055, 0.005864153616130352, 0.0, 0.0, 0.0, 0.0, 0.0, 0.0, 0.0, 0.0, 0.0, 0.0, 0.0, 0.0]","[0.17724208770668792, 0.16052906721892296, 0.22881069490499367, 0.24768826300387262, 0.03229456363826147, 0.03399720463027116, 0.0375310951943293, 0.041907023702660876, 0.01, 0.01, 0.01, 0.01, 0.0, 0.0, 0.0, 0.0, 0.0, 0.0, 0.0, 0.0, 0.0, 0.0, 0.0, 0.0]","[true, true, true, true, true, true, true, true, true, true, true, true, false, false, false, false, false, false, false, false, false, false, false, false]",-11.106181545514142,"[0.24125, 0.24125, 0.24125, 0.24125, 0.007125, 0.007125, 0.007125, 0.007125, 0.001625, 0.001625, 0.001625, 0.001625, 0.0, 0.0, 0.0, 0.0, 0.0, 0.0, 0.0, 0.0, 0.0, 0.0, 0.0, 0.0]",0,0.24125,0.1813487708568573,"ControllerAction(token_budget=518, selected_request_ids=[0, 1, 2, 3, 4, 5, 6], token_allocations={0: 1, 1: 1, 2: 1, 3: 1, 4: 1, 5: 1, 6: 512}, prefill_allocations={6: 512}, decode_allocations={0: 1, 1: 1, 2: 1, 3: 1, 4: 1, 5: 1}, heuristic='SJF', strategy='Fixed', mapping=None)","{""type"": ""controller"", ""token_budget"": 518, ""selected_request_ids"": [0, 1, 2, 3, 4, 5, 6], ""token_allocations"": {""0"": 1, ""1"": 1, ""2"": 1, ""3"": 1, ""4"": 1, ""5"": 1, ""6"": 512}, ""prefill_allocations"": {""6"": 512}, ""decode_allocations"": {""0"": 1, ""1"": 1, ""2"": 1, ""3"": 1, ""4"": 1, ""5"": 1}, ""heuristic"": ""SJF"", ""strategy"": ""Fixed""}",arena_root,candidate_as_adversary,2.6890276980642187,8,1.6182640401746893,9.61826404017469
907003,54,81,2506610,controller,4000,-31.874452590942383,"[0.18990559875965118, 0.17597785592079163, 0.23293134570121765, 0.24709825217723846, 0.03423908352851868, 0.034529078751802444, 0.04007434472441673, 0.045244358479976654, 0.0, 0.0, 0.0, 0.0, 0.0, 0.0, 0.0, 0.0, 0.0, 0.0, 0.0, 0.0, 0.0, 0.0, 0.0, 0.0]","[0.18990561432362912, 0.17597787034330198, 0.23293136479143062, 0.24709827242851998, 0.03423908633463047, 0.0345290815816812, 0.040074348008765484, 0.045244362188041086, 0.0, 0.0, 0.0, 0.0, 0.0, 0.0, 0.0, 0.0, 0.0, 0.0, 0.0, 0.0, 0.0, 0.0, 0.0, 0.0]","[true, true, true, true, true, true, true, true, false, false, false, false, false, false, false, false, false, false, false, false, false, false, false, false]",-11.143018449137054,"[0.242375, 0.242375, 0.242375, 0.242375, 0.007625, 0.007625, 0.007625, 0.007625, 0.0, 0.0, 0.0, 0.0, 0.0, 0.0, 0.0, 0.0, 0.0, 0.0, 0.0, 0.0, 0.0, 0.0, 0.0, 0.0]",0,0.242375,0.18990559875965118,"ControllerAction(token_budget=519, selected_request_ids=[0, 1, 2, 3, 4, 5, 6, 7], token_allocations={0: 1, 1: 1, 2: 1, 3: 1, 4: 1, 5: 1, 6: 1, 7: 512}, prefill_allocations={7: 512}, decode_allocations={0: 1, 1: 1, 2: 1, 3: 1, 4: 1, 5: 1, 6: 1}, heuristic='SJF', strategy='Fixed', mapping=None)","{""type"": ""controller"", ""token_budget"": 519, ""selected_request_ids"": [0, 1, 2, 3, 4, 5, 6, 7], ""token_allocations"": {""0"": 1, ""1"": 1, ""2"": 1, ""3"": 1, ""4"": 1, ""5"": 1, ""6"": 1, ""7"": 512}, ""prefill_allocations"": {""7"": 512}, ""decode_allocations"": {""0"": 1, ""1"": 1, ""2"": 1, ""3"": 1, ""4"": 1, ""5"": 1, ""6"": 1}, ""heuristic"": ""SJF"", ""strategy"": ""Fixed""}",arena_root,candidate_as_adversary,2.715876805857412,8,1.6988113635542694,9.69881136355427
907003,56,83,2599818,controller,4000,-32.72102355957031,"[0.23120947182178497, 0.21922028064727783, 0.26945579051971436, 0.28011441230773926, 0.0, 0.0, 0.0, 0.0, 0.0, 0.0, 0.0, 0.0, 0.0, 0.0, 0.0, 0.0, 0.0, 0.0, 0.0, 0.0, 0.0, 0.0, 0.0, 0.0]","[0.23120948215765427, 0.2192202904471885, 0.2694558025653274, 0.28011442482982984, 0.0, 0.0, 0.0, 0.0, 0.0, 0.0, 0.0, 0.0, 0.0, 0.0, 0.0, 0.0, 0.0, 0.0, 0.0, 0.0, 0.0, 0.0, 0.0, 0.0]","[true, true, true, true, false, false, false, false, false, false, false, false, false, false, false, false, false, false, false, false, false, false, false, false]",-11.127444052881637,"[0.25, 0.25, 0.25, 0.25, 0.0, 0.0, 0.0, 0.0, 0.0, 0.0, 0.0, 0.0, 0.0, 0.0, 0.0, 0.0, 0.0, 0.0, 0.0, 0.0, 0.0, 0.0, 0.0, 0.0]",0,0.25,0.23120947182178497,"ControllerAction(token_budget=520, selected_request_ids=[0, 1, 2, 3, 4, 5, 6, 7, 8], token_allocations={0: 1, 1: 1, 2: 1, 3: 1, 4: 1, 5: 1, 6: 1, 7: 1, 8: 512}, prefill_allocations={8: 512}, decode_allocations={0: 1, 1: 1, 2: 1, 3: 1, 4: 1, 5: 1, 6: 1, 7: 1}, heuristic='SJF', strategy='Fixed', mapping=None)","{""type"": ""controller"", ""token_budget"": 520, ""selected_request_ids"": [0, 1, 2, 3, 4, 5, 6, 7, 8], ""token_allocations"": {""0"": 1, ""1"": 1, ""2"": 1, ""3"": 1, ""4"": 1, ""5"": 1, ""6"": 1, ""7"": 1, ""8"": 512}, ""prefill_allocations"": {""8"": 512}, ""decode_allocations"": {""0"": 1, ""1"": 1, ""2"": 1, ""3"": 1, ""4"": 1, ""5"": 1, ""6"": 1, ""7"": 1}, ""heuristic"": ""SJF"", ""strategy"": ""Fixed""}",arena_root,candidate_as_adversary,2.7428384635386056,8,1.7527346789166565,9.752734678916656
907003,59,86,2741863,adversary,4000,-30.515979766845703,"[0.10169118642807007, 0.1118963435292244, 0.17623242735862732, 0.17984047532081604, 0.20589154958724976, 0.2244480848312378]","[0.1016911796091451, 0.11189633602599036, 0.17623241554132296, 0.17984046326157324, 0.2058915357811464, 0.22444806978082188]","[true, true, true, true, true, true]",-10.586799084469446,"[0.04, 0.0505, 0.2305, 0.21225, 0.23075, 0.236]",5,0.236,0.2244480848312378,"AdversaryAction(requests=[AdversaryRequestSpec(prefill_tokens=3072, decode_tokens=5000, prefill_slo=0.3874467952163693, decode_slo=0.05), AdversaryRequestSpec(prefill_tokens=3072, decode_tokens=5000, prefill_slo=0.3874467952163693, decode_slo=0.05), AdversaryRequestSpec(prefill_tokens=3072, decode_tokens=5000, prefill_slo=0.3874467952163693, decode_slo=0.05), AdversaryRequestSpec(prefill_tokens=3072, decode_tokens=5000, prefill_slo=0.3874467952163693, decode_slo=0.05), AdversaryRequestSpec(prefill_tokens=3072, decode_tokens=5000, prefill_slo=0.3874467952163693, decode_slo=0.05), AdversaryRequestSpec(prefill_tokens=3072, decode_tokens=5000, prefill_slo=0.3874467952163693, decode_slo=0.05)], stop_decode_ids=[])","{""type"": ""adversary"", ""requests"": [{""prefill_tokens"": 3072, ""decode_tokens"": 5000, ""prefill_slo"": 0.3874467952163693, ""decode_slo"": 0.05}, {""prefill_tokens"": 3072, ""decode_tokens"": 5000, ""prefill_slo"": 0.3874467952163693, ""decode_slo"": 0.05}, {""prefill_tokens"": 3072, ""decode_tokens"": 5000, ""prefill_slo"": 0.3874467952163693, ""decode_slo"": 0.05}, {""prefill_tokens"": 3072, ""decode_tokens"": 5000, ""prefill_slo"": 0.3874467952163693, ""decode_slo"": 0.05}, {""prefill_tokens"": 3072, ""decode_tokens"": 5000, ""prefill_slo"": 0.3874467952163693, ""decode_slo"": 0.05}, {""prefill_tokens"": 3072, ""decode_tokens"": 5000, ""prefill_slo"": 0.3874467952163693, ""decode_slo"": 0.05}], ""stop_decode_ids"": []}",arena_root,candidate_as_adversary,3.0,8,1.77973703035785,9.77973703035785
907003,60,87,2788953,controller,4000,-28.73636245727539,"[0.13151530921459198, 0.10223128646612167, 0.15882141888141632, 0.15515269339084625, 0.08513673394918442, 0.10525546967983246, 0.09703340381383896, 0.08784881979227066, 0.005303069017827511, 0.004806092940270901, 0.007921567186713219, 0.006193649023771286, 0.004783362615853548, 0.004773618187755346, 0.0028535581659525633, 0.004878871608525515, 0.004742165561765432, 0.0028187092393636703, 0.004609446506947279, 0.005148255731910467, 0.004578936845064163, 0.004261896945536137, 0.0037320381961762905, 0.005599621683359146]","[0.1196895363026408, 0.0930387142441887, 0.14454029796506054, 0.14120146193592936, 0.07748129301108447, 0.09579096482782731, 0.08830822189221367, 0.07994950982105516, 0.01, 0.01, 0.01, 0.01, 0.01, 0.01, 0.01, 0.01, 0.01, 0.01, 0.01, 0.01, 0.01, 0.01, 0.01, 0.01]","[true, true, true, true, true, true, true, true, true, true, true, true, true, true, true, true, true, true, true, true, true, true, true, true]",-11.132790439074986,"[0.1471875, 0.1471875, 0.1471875, 0.1471875, 0.096, 0.096, 0.096, 0.096, 0.002, 0.002, 0.002, 0.002, 0.0018125, 0.0018125, 0.0018125, 0.0018125, 0.0015625, 0.0015625, 0.0015625, 0.0015625, 0.0014375, 0.0014375, 0.0014375, 0.0014375]",0,0.1471875,0.13151530921459198,"ControllerAction(token_budget=521, selected_request_ids=[0, 1, 2, 3, 4, 5, 6, 7, 8, 9], token_allocations={0: 1, 1: 1, 2: 1, 3: 1, 4: 1, 5: 1, 6: 1, 7: 1, 8: 1, 9: 512}, prefill_allocations={9: 512}, decode_allocations={0: 1, 1: 1, 2: 1, 3: 1, 4: 1, 5: 1, 6: 1, 7: 1, 8: 1}, heuristic='SJF', strategy='Fixed', mapping=None)","{""type"": ""controller"", ""token_budget"": 521, ""selected_request_ids"": [0, 1, 2, 3, 4, 5, 6, 7, 8, 9], ""token_allocations"": {""0"": 1, ""1"": 1, ""2"": 1, ""3"": 1, ""4"": 1, ""5"": 1, ""6"": 1, ""7"": 1, ""8"": 1, ""9"": 512}, ""prefill_allocations"": {""9"": 512}, ""decode_allocations"": {""0"": 1, ""1"": 1, ""2"": 1, ""3"": 1, ""4"": 1, ""5"": 1, ""6"": 1, ""7"": 1, ""8"": 1}, ""heuristic"": ""SJF"", ""strategy"": ""Fixed""}",arena_root,candidate_as_adversary,3.0,8,1.77973703035785,9.77973703035785
907003,62,89,2842832,controller,4000,-28.67983055114746,"[0.13338205218315125, 0.10338187962770462, 0.1607256680727005, 0.16026291251182556, 0.08459233492612839, 0.10340474545955658, 0.09403499215841293, 0.08512789756059647, 0.00516075175255537, 0.00458476273342967, 0.007604777347296476, 0.006008116062730551, 0.0046516302973032, 0.0047025177627801895, 0.002839533146470785, 0.004747379571199417, 0.004672218579798937, 0.0027550398372113705, 0.004533535800874233, 0.0049402848817408085, 0.004555461462587118, 0.004116957541555166, 0.0036835032515227795, 0.005531020928174257]","[0.12113678424038114, 0.09389080646045309, 0.14597009310127596, 0.1455498212609779, 0.0768262540320316, 0.09391157307255862, 0.08540201901000978, 0.07731264882231181, 0.01, 0.01, 0.01, 0.01, 0.01, 0.01, 0.01, 0.01, 0.01, 0.01, 0.01, 0.01, 0.01, 0.01, 0.01, 0.01]","[true, true, true, true, true, true, true, true, true, true, true, true, true, true, true, true, true, true, true, true, true, true, true, true]",-11.095515052987944,"[0.123375, 0.123375, 0.17475, 0.17475, 0.103125, 0.103125, 0.09875, 0.09875, 0.0, 0.0, 0.0, 0.0, 0.0, 0.0, 0.0, 0.0, 0.0, 0.0, 0.0, 0.0, 0.0, 0.0, 0.0, 0.0]",2,0.17475,0.1607256680727005,"ControllerAction(token_budget=521, selected_request_ids=[0, 1, 2, 3, 4, 5, 6, 7, 8, 10], token_allocations={0: 1, 1: 1, 2: 1, 3: 1, 4: 1, 5: 1, 6: 1, 7: 1, 8: 1, 10: 512}, prefill_allocations={10: 512}, decode_allocations={0: 1, 1: 1, 2: 1, 3: 1, 4: 1, 5: 1, 6: 1, 7: 1, 8: 1}, heuristic='LST', strategy='Fixed', mapping=None)","{""type"": ""controller"", ""token_budget"": 521, ""selected_request_ids"": [0, 1, 2, 3, 4, 5, 6, 7, 8, 10], ""token_allocations"": {""0"": 1, ""1"": 1, ""2"": 1, ""3"": 1, ""4"": 1, ""5"": 1, ""6"": 1, ""7"": 1, ""8"": 1, ""10"": 512}, ""prefill_allocations"": {""10"": 512}, ""decode_allocations"": {""0"": 1, ""1"": 1, ""2"": 1, ""3"": 1, ""4"": 1, ""5"": 1, ""6"": 1, ""7"": 1, ""8"": 1}, ""heuristic"": ""LST"", ""strategy"": ""Fixed""}",arena_root,candidate_as_adversary,3.025864667702261,8,1.77973703035785,9.77973703035785
907003,64,91,2898700,controller,4000,-28.782733917236328,"[0.1358446329832077, 0.10617879778146744, 0.1641361117362976, 0.1634567379951477, 0.08201543986797333, 0.09948467463254929, 0.09090854227542877, 0.0836368203163147, 0.005117995198816061, 0.004568694159388542, 0.007457598112523556, 0.006013014819473028, 0.004577715881168842, 0.004721330478787422, 0.002889079274609685, 0.0045873927883803844, 0.004641829524189234, 0.002803254872560501, 0.0044751777313649654, 0.004776159301400185, 0.004590864293277264, 0.004091741982847452, 0.003691642312332988, 0.005334712564945221]","[0.12327342117187848, 0.09635289500216425, 0.14894677535095757, 0.14833027160335469, 0.07442564081785495, 0.09027825337524759, 0.08249576574310258, 0.07589697693543968, 0.01, 0.01, 0.01, 0.01, 0.01, 0.01, 0.01, 0.01, 0.01, 0.01, 0.01, 0.01, 0.01, 0.01, 0.01, 0.01]","[true, true, true, true, true, true, true, true, true, true, true, true, true, true, true, true, true, true, true, true, true, true, true, true]",-11.076420177195857,"[0.126375, 0.126375, 0.182875, 0.182875, 0.097, 0.097, 0.09375, 0.09375, 0.0, 0.0, 0.0, 0.0, 0.0, 0.0, 0.0, 0.0, 0.0, 0.0, 0.0, 0.0, 0.0, 0.0, 0.0, 0.0]",2,0.182875,0.1641361117362976,"ControllerAction(token_budget=521, selected_request_ids=[0, 1, 2, 3, 4, 5, 6, 7, 8, 11], token_allocations={0: 1, 1: 1, 2: 1, 3: 1, 4: 1, 5: 1, 6: 1, 7: 1, 8: 1, 11: 512}, prefill_allocations={11: 512}, decode_allocations={0: 1, 1: 1, 2: 1, 3: 1, 4: 1, 5: 1, 6: 1, 7: 1, 8: 1}, heuristic='LST', strategy='Fixed', mapping=None)","{""type"": ""controller"", ""token_budget"": 521, ""selected_request_ids"": [0, 1, 2, 3, 4, 5, 6, 7, 8, 11], ""token_allocations"": {""0"": 1, ""1"": 1, ""2"": 1, ""3"": 1, ""4"": 1, ""5"": 1, ""6"": 1, ""7"": 1, ""8"": 1, ""11"": 512}, ""prefill_allocations"": {""11"": 512}, ""decode_allocations"": {""0"": 1, ""1"": 1, ""2"": 1, ""3"": 1, ""4"": 1, ""5"": 1, ""6"": 1, ""7"": 1, ""8"": 1}, ""heuristic"": ""LST"", ""strategy"": ""Fixed""}",arena_root,candidate_as_adversary,3.051729335404522,8,1.77973703035785,9.77973703035785
907003,66,93,2956936,controller,4000,-28.89136505126953,"[0.1382642388343811, 0.108981654047966, 0.1675117164850235, 0.16660763323307037, 0.07946622371673584, 0.0956520140171051, 0.08782987296581268, 0.08211934566497803, 0.00507234875112772, 0.004549771081656218, 0.007308594416826963, 0.006014067679643631, 0.004502096679061651, 0.004737185314297676, 0.0029376125894486904, 0.004429961554706097, 0.004608691204339266, 0.0028504880610853434, 0.004414745606482029, 0.004614533856511116, 0.004623583983629942, 0.004064079374074936, 0.003697433741763234, 0.00514208385720849]","[0.1253647035026111, 0.09881407413895993, 0.15188350109469162, 0.1510637654220529, 0.07205232284722574, 0.0867280395695505, 0.07963567496451689, 0.07445791846039121, 0.01, 0.01, 0.01, 0.01, 0.01, 0.01, 0.01, 0.01, 0.01, 0.01, 0.01, 0.01, 0.01, 0.01, 0.01, 0.01]","[true, true, true, true, true, true, true, true, true, true, true, true, true, true, true, true, true, true, true, true, true, true, true, true]",-11.061183154942581,"[0.13075, 0.13075, 0.181875, 0.181875, 0.0945, 0.0945, 0.092875, 0.092875, 0.0, 0.0, 0.0, 0.0, 0.0, 0.0, 0.0, 0.0, 0.0, 0.0, 0.0, 0.0, 0.0, 0.0, 0.0, 0.0]",2,0.181875,0.1675117164850235,"ControllerAction(token_budget=521, selected_request_ids=[0, 1, 2, 3, 4, 5, 6, 7, 8, 12], token_allocations={0: 1, 1: 1, 2: 1, 3: 1, 4: 1, 5: 1, 6: 1, 7: 1, 8: 1, 12: 512}, prefill_allocations={12: 512}, decode_allocations={0: 1, 1: 1, 2: 1, 3: 1, 4: 1, 5: 1, 6: 1, 7: 1, 8: 1}, heuristic='LST', strategy='Fixed', mapping=None)","{""type"": ""controller"", ""token_budget"": 521, ""selected_request_ids"": [0, 1, 2, 3, 4, 5, 6, 7, 8, 12], ""token_allocations"": {""0"": 1, ""1"": 1, ""2"": 1, ""3"": 1, ""4"": 1, ""5"": 1, ""6"": 1, ""7"": 1, ""8"": 1, ""12"": 512}, ""prefill_allocations"": {""12"": 512}, ""decode_allocations"": {""0"": 1, ""1"": 1, ""2"": 1, ""3"": 1, ""4"": 1, ""5"": 1, ""6"": 1, ""7"": 1, ""8"": 1}, ""heuristic"": ""LST"", ""strategy"": ""Fixed""}",arena_root,candidate_as_adversary,3.0775940031067828,8,1.77973703035785,9.77973703035785
907003,68,95,3012225,controller,4000,-29.005544662475586,"[0.1406380981206894, 0.11178791522979736, 0.17084886133670807, 0.16971206665039062, 0.07694762945175171, 0.09190894663333893, 0.08480189740657806, 0.08057847619056702, 0.005023935344070196, 0.0045280661433935165, 0.007158047519624233, 0.006011324934661388, 0.004424931015819311, 0.004750093910843134, 0.002985074883326888, 0.004275234416127205, 0.004572901409119368, 0.002896686317399144, 0.0043523795902729034, 0.004455563612282276, 0.004653595387935638, 0.004034057259559631, 0.003700896864756942, 0.004953279159963131]","[0.1274082813930144, 0.1012720333270861, 0.15477712008152614, 0.15374726359728869, 0.06970917096234497, 0.0832630780113865, 0.07682458844236448, 0.07299846418498872, 0.01, 0.01, 0.01, 0.01, 0.01, 0.01, 0.01, 0.01, 0.01, 0.01, 0.01, 0.01, 0.01, 0.01, 0.01, 0.01]","[true, true, true, true, true, true, true, true, true, true, true, true, true, true, true, true, true, true, true, true, true, true, true, true]",-11.050178817818091,"[0.134625, 0.134625, 0.18375, 0.18375, 0.09125, 0.09125, 0.090375, 0.090375, 0.0, 0.0, 0.0, 0.0, 0.0, 0.0, 0.0, 0.0, 0.0, 0.0, 0.0, 0.0, 0.0, 0.0, 0.0, 0.0]",2,0.18375,0.17084886133670807,"ControllerAction(token_budget=521, selected_request_ids=[0, 1, 2, 3, 4, 5, 6, 7, 8, 13], token_allocations={0: 1, 1: 1, 2: 1, 3: 1, 4: 1, 5: 1, 6: 1, 7: 1, 8: 1, 13: 512}, prefill_allocations={13: 512}, decode_allocations={0: 1, 1: 1, 2: 1, 3: 1, 4: 1, 5: 1, 6: 1, 7: 1, 8: 1}, heuristic='LST', strategy='Fixed', mapping=None)","{""type"": ""controller"", ""token_budget"": 521, ""selected_request_ids"": [0, 1, 2, 3, 4, 5, 6, 7, 8, 13], ""token_allocations"": {""0"": 1, ""1"": 1, ""2"": 1, ""3"": 1, ""4"": 1, ""5"": 1, ""6"": 1, ""7"": 1, ""8"": 1, ""13"": 512}, ""prefill_allocations"": {""13"": 512}, ""decode_allocations"": {""0"": 1, ""1"": 1, ""2"": 1, ""3"": 1, ""4"": 1, ""5"": 1, ""6"": 1, ""7"": 1, ""8"": 1}, ""heuristic"": ""LST"", ""strategy"": ""Fixed""}",arena_root,candidate_as_adversary,3.1034586708090437,8,1.77973703035785,9.77973703035785
907003,70,97,3066533,controller,4000,-29.125072479248047,"[0.14296366274356842, 0.11459505558013916, 0.17414401471614838, 0.17276673018932343, 0.07446250319480896, 0.08825740218162537, 0.08182734996080399, 0.07901734113693237, 0.004972887225449085, 0.004503659438341856, 0.007006239145994186, 0.006004843395203352, 0.00434638187289238, 0.004760073963552713, 0.003031417727470398, 0.004123344086110592, 0.004534565843641758, 0.002941802376881242, 0.0042882259003818035, 0.004299392458051443, 0.004680889192968607, 0.004001763183623552, 0.0037020575255155563, 0.004768440034240484]","[0.12940201434307763, 0.1037244761448591, 0.1576245729691472, 0.15637793876382206, 0.06739893006042624, 0.07988523379870696, 0.07406514151974848, 0.07152169240021222, 0.01, 0.01, 0.01, 0.01, 0.01, 0.01, 0.01, 0.01, 0.01, 0.01, 0.01, 0.01, 0.01, 0.01, 0.01, 0.01]","[true, true, true, true, true, true, true, true, true, true, true, true, true, true, true, true, true, true, true, true, true, true, true, true]",-11.045847626987838,"[0.13775, 0.13775, 0.186125, 0.186125, 0.088625, 0.088625, 0.0875, 0.0875, 0.0, 0.0, 0.0, 0.0, 0.0, 0.0, 0.0, 0.0, 0.0, 0.0, 0.0, 0.0, 0.0, 0.0, 0.0, 0.0]",2,0.186125,0.17414401471614838,"ControllerAction(token_budget=521, selected_request_ids=[0, 1, 2, 3, 4, 5, 6, 7, 8, 14], token_allocations={0: 1, 1: 1, 2: 1, 3: 1, 4: 1, 5: 1, 6: 1, 7: 1, 8: 1, 14: 512}, prefill_allocations={14: 512}, decode_allocations={0: 1, 1: 1, 2: 1, 3: 1, 4: 1, 5: 1, 6: 1, 7: 1, 8: 1}, heuristic='LST', strategy='Fixed', mapping=None)","{""type"": ""controller"", ""token_budget"": 521, ""selected_request_ids"": [0, 1, 2, 3, 4, 5, 6, 7, 8, 14], ""token_allocations"": {""0"": 1, ""1"": 1, ""2"": 1, ""3"": 1, ""4"": 1, ""5"": 1, ""6"": 1, ""7"": 1, ""8"": 1, ""14"": 512}, ""prefill_allocations"": {""14"": 512}, ""decode_allocations"": {""0"": 1, ""1"": 1, ""2"": 1, ""3"": 1, ""4"": 1, ""5"": 1, ""6"": 1, ""7"": 1, ""8"": 1}, ""heuristic"": ""LST"", ""strategy"": ""Fixed""}",arena_root,candidate_as_adversary,3.1293233385113046,8,1.77973703035785,9.77973703035785
907003,72,99,3120722,controller,4000,-29.16044044494629,"[0.14264768362045288, 0.11618596315383911, 0.1744253784418106, 0.17313234508037567, 0.07285508513450623, 0.0856824442744255, 0.08139890432357788, 0.07825910300016403, 0.005095084197819233, 0.004879137501120567, 0.0072251781821250916, 0.00638833362609148, 0.004518661182373762, 0.005058981478214264, 0.003197251120582223, 0.004258749075233936, 0.004742194898426533, 0.0032622714061290026, 0.004433242604136467, 0.004362823441624641, 0.004944633226841688, 0.004135349299758673, 0.004007657058537006, 0.0049035376869142056]","[0.12959739460965825, 0.10555655537327187, 0.1584678701128322, 0.15729313141023113, 0.06618985305516084, 0.07784368634613179, 0.0739520310227036, 0.07109947807001023, 0.01, 0.01, 0.01, 0.01, 0.01, 0.01, 0.01, 0.01, 0.01, 0.01, 0.01, 0.01, 0.01, 0.01, 0.01, 0.01]","[true, true, true, true, true, true, true, true, true, true, true, true, true, true, true, true, true, true, true, true, true, true, true, true]",-11.105207801155666,"[0.16, 0.16, 0.16, 0.16, 0.0828125, 0.0828125, 0.0828125, 0.0828125, 0.002125, 0.002125, 0.002125, 0.002125, 0.0019375, 0.0019375, 0.0019375, 0.0019375, 0.001625, 0.001625, 0.001625, 0.001625, 0.0015, 0.0015, 0.0015, 0.0015]",0,0.16,0.14264768362045288,"ControllerAction(token_budget=521, selected_request_ids=[0, 1, 2, 3, 4, 5, 6, 7, 8, 9], token_allocations={0: 1, 1: 1, 2: 1, 3: 1, 4: 1, 5: 1, 6: 1, 7: 1, 8: 1, 9: 512}, prefill_allocations={9: 512}, decode_allocations={0: 1, 1: 1, 2: 1, 3: 1, 4: 1, 5: 1, 6: 1, 7: 1, 8: 1}, heuristic='SJF', strategy='Fixed', mapping=None)","{""type"": ""controller"", ""token_budget"": 521, ""selected_request_ids"": [0, 1, 2, 3, 4, 5, 6, 7, 8, 9], ""token_allocations"": {""0"": 1, ""1"": 1, ""2"": 1, ""3"": 1, ""4"": 1, ""5"": 1, ""6"": 1, ""7"": 1, ""8"": 1, ""9"": 512}, ""prefill_allocations"": {""9"": 512}, ""decode_allocations"": {""0"": 1, ""1"": 1, ""2"": 1, ""3"": 1, ""4"": 1, ""5"": 1, ""6"": 1, ""7"": 1, ""8"": 1}, ""heuristic"": ""SJF"", ""strategy"": ""Fixed""}",arena_root,candidate_as_adversary,3.1551880062135655,8,1.77973703035785,9.77973703035785
907003,74,101,3176872,controller,4000,-29.123340606689453,"[0.1443593055009842, 0.11725689470767975, 0.17614834010601044, 0.17845362424850464, 0.07218879461288452, 0.08392884582281113, 0.0786549299955368, 0.07563464343547821, 0.004945110995322466, 0.004642246291041374, 0.006916485261172056, 0.0061812205240130424, 0.004382291343063116, 0.004970993846654892, 0.003174428828060627, 0.004131749272346497, 0.004660055972635746, 0.003181020263582468, 0.0043482109904289246, 0.00417424226179719, 0.004907170310616493, 0.003984543029218912, 0.003945786971598864, 0.004829076584428549]","[0.1308639062166606, 0.10629515859078466, 0.15968114961384478, 0.16177092475358498, 0.06544024034564151, 0.07608277533971677, 0.07130189042329355, 0.06856395471647309, 0.01, 0.01, 0.01, 0.01, 0.01, 0.01, 0.01, 0.01, 0.01, 0.01, 0.01, 0.01, 0.01, 0.01, 0.01, 0.01]","[true, true, true, true, true, true, true, true, true, true, true, true, true, true, true, true, true, true, true, true, true, true, true, true]",-11.076142987086529,"[0.138875, 0.138875, 0.19025, 0.19025, 0.08175, 0.08175, 0.089125, 0.089125, 0.0, 0.0, 0.0, 0.0, 0.0, 0.0, 0.0, 0.0, 0.0, 0.0, 0.0, 0.0, 0.0, 0.0, 0.0, 0.0]",2,0.19025,0.17614834010601044,"ControllerAction(token_budget=521, selected_request_ids=[0, 1, 2, 3, 4, 5, 6, 7, 8, 10], token_allocations={0: 1, 1: 1, 2: 1, 3: 1, 4: 1, 5: 1, 6: 1, 7: 1, 8: 1, 10: 512}, prefill_allocations={10: 512}, decode_allocations={0: 1, 1: 1, 2: 1, 3: 1, 4: 1, 5: 1, 6: 1, 7: 1, 8: 1}, heuristic='LST', strategy='Fixed', mapping=None)","{""type"": ""controller"", ""token_budget"": 521, ""selected_request_ids"": [0, 1, 2, 3, 4, 5, 6, 7, 8, 10], ""token_allocations"": {""0"": 1, ""1"": 1, ""2"": 1, ""3"": 1, ""4"": 1, ""5"": 1, ""6"": 1, ""7"": 1, ""8"": 1, ""10"": 512}, ""prefill_allocations"": {""10"": 512}, ""decode_allocations"": {""0"": 1, ""1"": 1, ""2"": 1, ""3"": 1, ""4"": 1, ""5"": 1, ""6"": 1, ""7"": 1, ""8"": 1}, ""heuristic"": ""LST"", ""strategy"": ""Fixed""}",arena_root,candidate_as_adversary,3.1813929716438265,8,1.77973703035785,9.77973703035785
907003,76,103,3234628,controller,4000,-29.25648307800293,"[0.14658784866333008, 0.12008950114250183, 0.17936564981937408, 0.18147540092468262, 0.06973960995674133, 0.08044509589672089, 0.0757582038640976, 0.07405348867177963, 0.004887094255536795, 0.0046101282350718975, 0.006757853552699089, 0.006165557540953159, 0.004297476727515459, 0.0049742041155695915, 0.003220006125047803, 0.0039775194600224495, 0.004613935016095638, 0.0032264010515064, 0.004276942927390337, 0.004020425025373697, 0.004929147195070982, 0.00394686171784997, 0.003941570408642292, 0.004640094470232725]","[0.13275668810677935, 0.10875856759921196, 0.1624417702235995, 0.16435245771935267, 0.06315939371604683, 0.07285477345539697, 0.06861010877521485, 0.06706624040439771, 0.01, 0.01, 0.01, 0.01, 0.01, 0.01, 0.01, 0.01, 0.01, 0.01, 0.01, 0.01, 0.01, 0.01, 0.01, 0.01]","[true, true, true, true, true, true, true, true, true, true, true, true, true, true, true, true, true, true, true, true, true, true, true, true]",-11.1036703880589,"[0.141125, 0.141125, 0.191625, 0.191625, 0.079625, 0.079625, 0.087625, 0.087625, 0.0, 0.0, 0.0, 0.0, 0.0, 0.0, 0.0, 0.0, 0.0, 0.0, 0.0, 0.0, 0.0, 0.0, 0.0, 0.0]",2,0.191625,0.17936564981937408,"ControllerAction(token_budget=521, selected_request_ids=[0, 1, 2, 3, 4, 5, 6, 7, 8, 11], token_allocations={0: 1, 1: 1, 2: 1, 3: 1, 4: 1, 5: 1, 6: 1, 7: 1, 8: 1, 11: 512}, prefill_allocations={11: 512}, decode_allocations={0: 1, 1: 1, 2: 1, 3: 1, 4: 1, 5: 1, 6: 1, 7: 1, 8: 1}, heuristic='LST', strategy='Fixed', mapping=None)","{""type"": ""controller"", ""token_budget"": 521, ""selected_request_ids"": [0, 1, 2, 3, 4, 5, 6, 7, 8, 11], ""token_allocations"": {""0"": 1, ""1"": 1, ""2"": 1, ""3"": 1, ""4"": 1, ""5"": 1, ""6"": 1, ""7"": 1, ""8"": 1, ""11"": 512}, ""prefill_allocations"": {""11"": 512}, ""decode_allocations"": {""0"": 1, ""1"": 1, ""2"": 1, ""3"": 1, ""4"": 1, ""5"": 1, ""6"": 1, ""7"": 1, ""8"": 1}, ""heuristic"": ""LST"", ""strategy"": ""Fixed""}",arena_root,candidate_as_adversary,3.2075979370740875,8,1.77973703035785,9.77973703035785
907003,78,105,3294687,controller,4000,-29.3944091796875,"[0.14876027405261993, 0.12291572988033295, 0.18253064155578613, 0.18443609774112701, 0.06733254343271255, 0.0770590528845787, 0.07292375713586807, 0.07246126979589462, 0.004826820455491543, 0.004575447645038366, 0.006598842330276966, 0.006146190222352743, 0.004211742896586657, 0.00497438944876194, 0.003264248138293624, 0.0038267176132649183, 0.0045654964633286, 0.0032704381737858057, 0.0042042843997478485, 0.00386991910636425, 0.004948210436850786, 0.003907158505171537, 0.003934962674975395, 0.004455798305571079]","[0.13459287334570907, 0.11120967186526688, 0.16514707086341418, 0.16687105816212452, 0.06092003088860892, 0.06972022208943851, 0.06597875723601679, 0.06556031554942093, 0.01, 0.01, 0.01, 0.01, 0.01, 0.01, 0.01, 0.01, 0.01, 0.01, 0.01, 0.01, 0.01, 0.01, 0.01, 0.01]","[true, true, true, true, true, true, true, true, true, true, true, true, true, true, true, true, true, true, true, true, true, true, true, true]",-11.112247730545151,"[0.140875, 0.140875, 0.1985, 0.1985, 0.080375, 0.080375, 0.08025, 0.08025, 0.0, 0.0, 0.0, 0.0, 0.0, 0.0, 0.0, 0.0, 0.0, 0.0, 0.0, 0.0, 0.0, 0.0, 0.0, 0.0]",2,0.1985,0.18253064155578613,"ControllerAction(token_budget=521, selected_request_ids=[0, 1, 2, 3, 4, 5, 6, 7, 8, 12], token_allocations={0: 1, 1: 1, 2: 1, 3: 1, 4: 1, 5: 1, 6: 1, 7: 1, 8: 1, 12: 512}, prefill_allocations={12: 512}, decode_allocations={0: 1, 1: 1, 2: 1, 3: 1, 4: 1, 5: 1, 6: 1, 7: 1, 8: 1}, heuristic='LST', strategy='Fixed', mapping=None)","{""type"": ""controller"", ""token_budget"": 521, ""selected_request_ids"": [0, 1, 2, 3, 4, 5, 6, 7, 8, 12], ""token_allocations"": {""0"": 1, ""1"": 1, ""2"": 1, ""3"": 1, ""4"": 1, ""5"": 1, ""6"": 1, ""7"": 1, ""8"": 1, ""12"": 512}, ""prefill_allocations"": {""12"": 512}, ""decode_allocations"": {""0"": 1, ""1"": 1, ""2"": 1, ""3"": 1, ""4"": 1, ""5"": 1, ""6"": 1, ""7"": 1, ""8"": 1}, ""heuristic"": ""LST"", ""strategy"": ""Fixed""}",arena_root,candidate_as_adversary,3.2338029025043484,8,1.77973703035785,9.77973703035785
907003,80,107,3351918,controller,4000,-29.536815643310547,"[0.15087474882602692, 0.1257333755493164, 0.18564055860042572, 0.18733319640159607, 0.0649697408080101, 0.07377146184444427, 0.07015345245599747, 0.07086094468832016, 0.0047644455917179585, 0.004538314882665873, 0.006439725868403912, 0.006123226601630449, 0.004125252831727266, 0.004971602465957403, 0.0033071241341531277, 0.003679433837532997, 0.004514865577220917, 0.0033130981028079987, 0.0041303918696939945, 0.0037228213623166084, 0.00496438005939126, 0.0038655458483844995, 0.003926022443920374, 0.004276266787201166]","[0.13637111582596068, 0.11364658999363962, 0.16779487830721423, 0.1693248023497123, 0.05872418093718398, 0.0666797899987866, 0.06340958089348282, 0.06404906169401955, 0.01, 0.01, 0.01, 0.01, 0.01, 0.01, 0.01, 0.01, 0.01, 0.01, 0.01, 0.01, 0.01, 0.01, 0.01, 0.01]","[true, true, true, true, true, true, true, true, true, true, true, true, true, true, true, true, true, true, true, true, true, true, true, true]",-11.082048955493855,"[0.144375, 0.144375, 0.206625, 0.206625, 0.077, 0.077, 0.072, 0.072, 0.0, 0.0, 0.0, 0.0, 0.0, 0.0, 0.0, 0.0, 0.0, 0.0, 0.0, 0.0, 0.0, 0.0, 0.0, 0.0]",2,0.206625,0.18564055860042572,"ControllerAction(token_budget=521, selected_request_ids=[0, 1, 2, 3, 4, 5, 6, 7, 8, 13], token_allocations={0: 1, 1: 1, 2: 1, 3: 1, 4: 1, 5: 1, 6: 1, 7: 1, 8: 1, 13: 512}, prefill_allocations={13: 512}, decode_allocations={0: 1, 1: 1, 2: 1, 3: 1, 4: 1, 5: 1, 6: 1, 7: 1, 8: 1}, heuristic='LST', strategy='Fixed', mapping=None)","{""type"": ""controller"", ""token_budget"": 521, ""selected_request_ids"": [0, 1, 2, 3, 4, 5, 6, 7, 8, 13], ""token_allocations"": {""0"": 1, ""1"": 1, ""2"": 1, ""3"": 1, ""4"": 1, ""5"": 1, ""6"": 1, ""7"": 1, ""8"": 1, ""13"": 512}, ""prefill_allocations"": {""13"": 512}, ""decode_allocations"": {""0"": 1, ""1"": 1, ""2"": 1, ""3"": 1, ""4"": 1, ""5"": 1, ""6"": 1, ""7"": 1, ""8"": 1}, ""heuristic"": ""LST"", ""strategy"": ""Fixed""}",arena_root,candidate_as_adversary,3.2600078679346094,8,1.77973703035785,9.77973703035785
907003,82,109,3405561,controller,4000,-29.68337631225586,"[0.15292970836162567, 0.1285402774810791, 0.18869297206401825, 0.1901644468307495, 0.06265318393707275, 0.0705827996134758, 0.06744889169931412, 0.06925542652606964, 0.00470012566074729, 0.004498851019889116, 0.0062807705253362656, 0.006096777971833944, 0.004038174171000719, 0.004965912085026503, 0.0033486022148281336, 0.0035357496235519648, 0.00446218391880393, 0.0033543475437909365, 0.004055425524711609, 0.003579221200197935, 0.00497768959030509, 0.0038221373688429594, 0.003914808854460716, 0.004101565573364496]","[0.1380903089770047, 0.11606748501330524, 0.17038331592508246, 0.1717120074354939, 0.056573687486573807, 0.06373385989881757, 0.06090404797536359, 0.06253528728835889, 0.01, 0.01, 0.01, 0.01, 0.01, 0.01, 0.01, 0.01, 0.01, 0.01, 0.01, 0.01, 0.01, 0.01, 0.01, 0.01]","[true, true, true, true, true, true, true, true, true, true, true, true, true, true, true, true, true, true, true, true, true, true, true, true]",-11.009269564929564,"[0.118, 0.118, 0.263375, 0.263375, 0.0615, 0.0615, 0.057125, 0.057125, 0.0, 0.0, 0.0, 0.0, 0.0, 0.0, 0.0, 0.0, 0.0, 0.0, 0.0, 0.0, 0.0, 0.0, 0.0, 0.0]",2,0.263375,0.18869297206401825,"ControllerAction(token_budget=521, selected_request_ids=[0, 1, 2, 3, 4, 5, 6, 7, 8, 14], token_allocations={0: 1, 1: 1, 2: 1, 3: 1, 4: 1, 5: 1, 6: 1, 7: 1, 8: 1, 14: 512}, prefill_allocations={14: 512}, decode_allocations={0: 1, 1: 1, 2: 1, 3: 1, 4: 1, 5: 1, 6: 1, 7: 1, 8: 1}, heuristic='LST', strategy='Fixed', mapping=None)","{""type"": ""controller"", ""token_budget"": 521, ""selected_request_ids"": [0, 1, 2, 3, 4, 5, 6, 7, 8, 14], ""token_allocations"": {""0"": 1, ""1"": 1, ""2"": 1, ""3"": 1, ""4"": 1, ""5"": 1, ""6"": 1, ""7"": 1, ""8"": 1, ""14"": 512}, ""prefill_allocations"": {""14"": 512}, ""decode_allocations"": {""0"": 1, ""1"": 1, ""2"": 1, ""3"": 1, ""4"": 1, ""5"": 1, ""6"": 1, ""7"": 1, ""8"": 1}, ""heuristic"": ""LST"", ""strategy"": ""Fixed""}",arena_root,candidate_as_adversary,3.2862128333648704,8,1.77973703035785,9.77973703035785
907003,84,111,3456526,controller,4000,-29.73859405517578,"[0.15243738889694214, 0.13021260499954224, 0.18882139027118683, 0.1903805285692215, 0.061201609671115875, 0.06840138137340546, 0.0669785588979721, 0.06848853081464767, 0.004808312281966209, 0.004866772796958685, 0.00646605808287859, 0.006477133370935917, 0.004191678948700428, 0.00527044665068388, 0.0035279723815619946, 0.003645297372713685, 0.004659702535718679, 0.0037152222357690334, 0.004185839556157589, 0.0036255086306482553, 0.0052512711845338345, 0.003944220952689648, 0.004232408478856087, 0.00421009911224246]","[0.13814259190329115, 0.11800193432385041, 0.171114688119457, 0.17252761841946235, 0.05546243641274462, 0.061987050428133364, 0.06069765295158972, 0.062066027441471355, 0.01, 0.01, 0.01, 0.01, 0.01, 0.01, 0.01, 0.01, 0.01, 0.01, 0.01, 0.01, 0.01, 0.01, 0.01, 0.01]","[true, true, true, true, true, true, true, true, true, true, true, true, true, true, true, true, true, true, true, true, true, true, true, true]",-10.929843797325278,"[0.2066875, 0.2066875, 0.2066875, 0.2066875, 0.0403125, 0.0403125, 0.0403125, 0.0403125, 0.001875, 0.001875, 0.001875, 0.001875, 0.000375, 0.000375, 0.000375, 0.000375, 0.000375, 0.000375, 0.000375, 0.000375, 0.000375, 0.000375, 0.000375, 0.000375]",0,0.2066875,0.15243738889694214,"ControllerAction(token_budget=521, selected_request_ids=[0, 1, 2, 3, 4, 5, 6, 7, 8, 9], token_allocations={0: 1, 1: 1, 2: 1, 3: 1, 4: 1, 5: 1, 6: 1, 7: 1, 8: 1, 9: 512}, prefill_allocations={9: 512}, decode_allocations={0: 1, 1: 1, 2: 1, 3: 1, 4: 1, 5: 1, 6: 1, 7: 1, 8: 1}, heuristic='SJF', strategy='Fixed', mapping=None)","{""type"": ""controller"", ""token_budget"": 521, ""selected_request_ids"": [0, 1, 2, 3, 4, 5, 6, 7, 8, 9], ""token_allocations"": {""0"": 1, ""1"": 1, ""2"": 1, ""3"": 1, ""4"": 1, ""5"": 1, ""6"": 1, ""7"": 1, ""8"": 1, ""9"": 512}, ""prefill_allocations"": {""9"": 512}, ""decode_allocations"": {""0"": 1, ""1"": 1, ""2"": 1, ""3"": 1, ""4"": 1, ""5"": 1, ""6"": 1, ""7"": 1, ""8"": 1}, ""heuristic"": ""SJF"", ""strategy"": ""Fixed""}",arena_root,candidate_as_adversary,3.3124177987951313,8,1.77973703035785,9.77973703035785
907003,86,113,3505863,controller,4000,-29.720260620117188,"[0.1539497971534729, 0.1311718374490738, 0.1903168112039566, 0.19583866000175476, 0.060463763773441315, 0.06678833812475204, 0.06451824307441711, 0.06600931286811829, 0.004653741139918566, 0.004617886617779732, 0.006170899141579866, 0.006250819191336632, 0.004053558222949505, 0.00516533525660634, 0.003495245473459363, 0.003525268519297242, 0.004566607531160116, 0.003614148125052452, 0.00409355852752924, 0.0034577022306621075, 0.005198517348617315, 0.00379045307636261, 0.004156676586717367, 0.0041327630169689655]","[0.1391926033679635, 0.1185980747015491, 0.17207357791942585, 0.1770661178498524, 0.054667877741084774, 0.06038619621522724, 0.058333706080187654, 0.05968184612470942, 0.01, 0.01, 0.01, 0.01, 0.01, 0.01, 0.01, 0.01, 0.01, 0.01, 0.01, 0.01, 0.01, 0.01, 0.01, 0.01]","[true, true, true, true, true, true, true, true, true, true, true, true, true, true, true, true, true, true, true, true, true, true, true, true]",-10.948439111124165,"[0.106, 0.106, 0.341, 0.341, 0.002875, 0.002875, 0.050125, 0.050125, 0.0, 0.0, 0.0, 0.0, 0.0, 0.0, 0.0, 0.0, 0.0, 0.0, 0.0, 0.0, 0.0, 0.0, 0.0, 0.0]",2,0.341,0.1903168112039566,"ControllerAction(token_budget=521, selected_request_ids=[0, 1, 2, 3, 4, 5, 6, 7, 8, 10], token_allocations={0: 1, 1: 1, 2: 1, 3: 1, 4: 1, 5: 1, 6: 1, 7: 1, 8: 1, 10: 512}, prefill_allocations={10: 512}, decode_allocations={0: 1, 1: 1, 2: 1, 3: 1, 4: 1, 5: 1, 6: 1, 7: 1, 8: 1}, heuristic='LST', strategy='Fixed', mapping=None)","{""type"": ""controller"", ""token_budget"": 521, ""selected_request_ids"": [0, 1, 2, 3, 4, 5, 6, 7, 8, 10], ""token_allocations"": {""0"": 1, ""1"": 1, ""2"": 1, ""3"": 1, ""4"": 1, ""5"": 1, ""6"": 1, ""7"": 1, ""8"": 1, ""10"": 512}, ""prefill_allocations"": {""10"": 512}, ""decode_allocations"": {""0"": 1, ""1"": 1, ""2"": 1, ""3"": 1, ""4"": 1, ""5"": 1, ""6"": 1, ""7"": 1, ""8"": 1}, ""heuristic"": ""LST"", ""strategy"": ""Fixed""}",arena_root,candidate_as_adversary,3.3391209217933926,8,1.77973703035785,9.77973703035785
907003,88,115,3555754,controller,4000,-29.87949562072754,"[0.15589508414268494, 0.13399939239025116, 0.19328023493289948, 0.19861502945423126, 0.05819959193468094, 0.06376729160547256, 0.0619039349257946, 0.0644056499004364, 0.004583053756505251, 0.004570223856717348, 0.006006705574691296, 0.0062143378891050816, 0.003960942383855581, 0.005151605233550072, 0.003535290015861392, 0.003380418289452791, 0.004505994729697704, 0.0036544795148074627, 0.004011858254671097, 0.0033172867260873318, 0.005205119494348764, 0.0037421490997076035, 0.004138951655477285, 0.003955393563956022]","[0.14079843926414862, 0.12102309328511873, 0.17456326842386302, 0.17938144948793663, 0.052563631209264876, 0.0575921632393158, 0.055909251210794375, 0.05816870387955797, 0.01, 0.01, 0.01, 0.01, 0.01, 0.01, 0.01, 0.01, 0.01, 0.01, 0.01, 0.01, 0.01, 0.01, 0.01, 0.01]","[true, true, true, true, true, true, true, true, true, true, true, true, true, true, true, true, true, true, true, true, true, true, true, true]",-16.65937785532611,"[0.08075, 0.08075, 0.358125, 0.358125, 0.025, 0.025, 0.02725, 0.02725, 0.001375, 0.001375, 0.001375, 0.001375, 0.001125, 0.001125, 0.00125, 0.00125, 0.001, 0.001, 0.001, 0.001, 0.000875, 0.000875, 0.000875, 0.000875]",2,0.358125,0.19328023493289948,"ControllerAction(token_budget=521, selected_request_ids=[0, 1, 2, 3, 4, 5, 6, 7, 8, 11], token_allocations={0: 1, 1: 1, 2: 1, 3: 1, 4: 1, 5: 1, 6: 1, 7: 1, 8: 1, 11: 512}, prefill_allocations={11: 512}, decode_allocations={0: 1, 1: 1, 2: 1, 3: 1, 4: 1, 5: 1, 6: 1, 7: 1, 8: 1}, heuristic='LST', strategy='Fixed', mapping=None)","{""type"": ""controller"", ""token_budget"": 521, ""selected_request_ids"": [0, 1, 2, 3, 4, 5, 6, 7, 8, 11], ""token_allocations"": {""0"": 1, ""1"": 1, ""2"": 1, ""3"": 1, ""4"": 1, ""5"": 1, ""6"": 1, ""7"": 1, ""8"": 1, ""11"": 512}, ""prefill_allocations"": {""11"": 512}, ""decode_allocations"": {""0"": 1, ""1"": 1, ""2"": 1, ""3"": 1, ""4"": 1, ""5"": 1, ""6"": 1, ""7"": 1, ""8"": 1}, ""heuristic"": ""LST"", ""strategy"": ""Fixed""}",arena_root,candidate_as_adversary,3.365824044791654,8,1.77973703035785,9.77973703035785
907003,90,117,3605431,controller,4000,-29.61600685119629,"[0.16032083332538605, 0.1373298019170761, 0.22063595056533813, 0.22788095474243164, 0.043715059757232666, 0.050562866032123566, 0.05180354043841362, 0.05372513830661774, 0.003295711474493146, 0.0029701374005526304, 0.004801756236702204, 0.004739058203995228, 0.0029788061510771513, 0.004238578956574202, 0.002816109685227275, 0.0024331791792064905, 0.0038333656266331673, 0.0029876953922212124, 0.0029270050581544638, 0.0025083369109779596, 0.004197470378130674, 0.003101927461102605, 0.003198005724698305, 0.0029987141024321318]","[0.14236065614803645, 0.12194522885192065, 0.1959188836586072, 0.20235225558571646, 0.03881781588522241, 0.04489848658938189, 0.04600017262033617, 0.04770650066077862, 0.01, 0.01, 0.01, 0.01, 0.01, 0.01, 0.01, 0.01, 0.01, 0.01, 0.01, 0.01, 0.01, 0.01, 0.01, 0.01]","[true, true, true, true, true, true, true, true, true, true, true, true, true, true, true, true, true, true, true, true, true, true, true, true]",-16.79645079865479,"[0.084, 0.084, 0.366125, 0.366125, 0.018875, 0.018875, 0.022125, 0.022125, 0.001375, 0.001375, 0.001375, 0.001375, 0.001125, 0.001125, 0.00125, 0.00125, 0.001, 0.001, 0.001, 0.001, 0.000875, 0.000875, 0.000875, 0.000875]",2,0.366125,0.22063595056533813,"ControllerAction(token_budget=521, selected_request_ids=[0, 1, 2, 3, 4, 5, 6, 7, 8, 12], token_allocations={0: 1, 1: 1, 2: 1, 3: 1, 4: 1, 5: 1, 6: 1, 7: 1, 8: 1, 12: 512}, prefill_allocations={12: 512}, decode_allocations={0: 1, 1: 1, 2: 1, 3: 1, 4: 1, 5: 1, 6: 1, 7: 1, 8: 1}, heuristic='LST', strategy='Fixed', mapping=None)","{""type"": ""controller"", ""token_budget"": 521, ""selected_request_ids"": [0, 1, 2, 3, 4, 5, 6, 7, 8, 12], ""token_allocations"": {""0"": 1, ""1"": 1, ""2"": 1, ""3"": 1, ""4"": 1, ""5"": 1, ""6"": 1, ""7"": 1, ""8"": 1, ""12"": 512}, ""prefill_allocations"": {""12"": 512}, ""decode_allocations"": {""0"": 1, ""1"": 1, ""2"": 1, ""3"": 1, ""4"": 1, ""5"": 1, ""6"": 1, ""7"": 1, ""8"": 1}, ""heuristic"": ""LST"", ""strategy"": ""Fixed""}",arena_root,candidate_as_adversary,3.392527167789915,14,1.8102192657991245,15.810219265799125
907003,92,119,3654694,controller,4000,-29.795143127441406,"[0.16176648437976837, 0.13978877663612366, 0.22327080368995667, 0.23028571903705597, 0.041927702724933624, 0.04810323566198349, 0.04952680319547653, 0.05223257467150688, 0.0032340518664568663, 0.0029289762023836374, 0.004657288081943989, 0.004694563336670399, 0.002900343155488372, 0.0042122043669223785, 0.0028381936717778444, 0.002324864035472274, 0.0037689690943807364, 0.0030102392192929983, 0.00285833771340549, 0.0023978741373866796, 0.004187779501080513, 0.003051451873034239, 0.0031729883048683405, 0.002859759610146284]","[0.14350358593508653, 0.12400708835130901, 0.19806427200889762, 0.2042872267278525, 0.037194204436829394, 0.04267254023008552, 0.04393539172036967, 0.046335690589569725, 0.01, 0.01, 0.01, 0.01, 0.01, 0.01, 0.01, 0.01, 0.01, 0.01, 0.01, 0.01, 0.01, 0.01, 0.01, 0.01]","[true, true, true, true, true, true, true, true, true, true, true, true, true, true, true, true, true, true, true, true, true, true, true, true]",-16.940969850510726,"[0.110625, 0.110625, 0.340125, 0.340125, 0.018375, 0.018375, 0.02175, 0.02175, 0.001375, 0.001375, 0.0015, 0.0015, 0.00125, 0.00125, 0.00125, 0.00125, 0.001, 0.001, 0.001, 0.001, 0.000875, 0.000875, 0.000875, 0.000875]",2,0.340125,0.22327080368995667,"ControllerAction(token_budget=521, selected_request_ids=[0, 1, 2, 3, 4, 5, 6, 7, 8, 13], token_allocations={0: 1, 1: 1, 2: 1, 3: 1, 4: 1, 5: 1, 6: 1, 7: 1, 8: 1, 13: 512}, prefill_allocations={13: 512}, decode_allocations={0: 1, 1: 1, 2: 1, 3: 1, 4: 1, 5: 1, 6: 1, 7: 1, 8: 1}, heuristic='LST', strategy='Fixed', mapping=None)","{""type"": ""controller"", ""token_budget"": 521, ""selected_request_ids"": [0, 1, 2, 3, 4, 5, 6, 7, 8, 13], ""token_allocations"": {""0"": 1, ""1"": 1, ""2"": 1, ""3"": 1, ""4"": 1, ""5"": 1, ""6"": 1, ""7"": 1, ""8"": 1, ""13"": 512}, ""prefill_allocations"": {""13"": 512}, ""decode_allocations"": {""0"": 1, ""1"": 1, ""2"": 1, ""3"": 1, ""4"": 1, ""5"": 1, ""6"": 1, ""7"": 1, ""8"": 1}, ""heuristic"": ""LST"", ""strategy"": ""Fixed""}",arena_root,candidate_as_adversary,3.4192302907881764,14,1.9704380037886922,15.970438003788692
907003,94,121,3703283,controller,4000,-29.976598739624023,"[0.16314733028411865, 0.14222390949726105, 0.22582928836345673, 0.2326049655675888, 0.04019425809383392, 0.04574143514037132, 0.04732755571603775, 0.0507572740316391, 0.0031720323022454977, 0.0028870103415101767, 0.004515014588832855, 0.0046482696197927, 0.0028226017020642757, 0.004183999262750149, 0.002859087660908699, 0.0022203121334314346, 0.003703888738527894, 0.003031507832929492, 0.0027899499982595444, 0.002291183453053236, 0.004176122136414051, 0.0030003672000020742, 0.0031466674990952015, 0.0027259420603513718]","[0.14458746122692578, 0.1260443181274587, 0.20013863186294512, 0.20614349852752684, 0.03562170293296537, 0.04053782534047493, 0.04194350661540611, 0.04498305536629707, 0.01, 0.01, 0.01, 0.01, 0.01, 0.01, 0.01, 0.01, 0.01, 0.01, 0.01, 0.01, 0.01, 0.01, 0.01, 0.01]","[true, true, true, true, true, true, true, true, true, true, true, true, true, true, true, true, true, true, true, true, true, true, true, true]",-17.07433753091785,"[0.133625, 0.133625, 0.3195, 0.3195, 0.01725, 0.01725, 0.0205, 0.0205, 0.001375, 0.001375, 0.0015, 0.0015, 0.00125, 0.00125, 0.00125, 0.00125, 0.001, 0.001, 0.001, 0.001, 0.000875, 0.000875, 0.000875, 0.000875]",2,0.3195,0.22582928836345673,"ControllerAction(token_budget=521, selected_request_ids=[0, 1, 2, 3, 4, 5, 6, 7, 8, 14], token_allocations={0: 1, 1: 1, 2: 1, 3: 1, 4: 1, 5: 1, 6: 1, 7: 1, 8: 1, 14: 512}, prefill_allocations={14: 512}, decode_allocations={0: 1, 1: 1, 2: 1, 3: 1, 4: 1, 5: 1, 6: 1, 7: 1, 8: 1}, heuristic='LST', strategy='Fixed', mapping=None)","{""type"": ""controller"", ""token_budget"": 521, ""selected_request_ids"": [0, 1, 2, 3, 4, 5, 6, 7, 8, 14], ""token_allocations"": {""0"": 1, ""1"": 1, ""2"": 1, ""3"": 1, ""4"": 1, ""5"": 1, ""6"": 1, ""7"": 1, ""8"": 1, ""14"": 512}, ""prefill_allocations"": {""14"": 512}, ""decode_allocations"": {""0"": 1, ""1"": 1, ""2"": 1, ""3"": 1, ""4"": 1, ""5"": 1, ""6"": 1, ""7"": 1, ""8"": 1}, ""heuristic"": ""LST"", ""strategy"": ""Fixed""}",arena_root,candidate_as_adversary,3.4459334137864377,14,2.13065674177826,16.13065674177826
907003,96,123,3751676,controller,4000,-30.060523986816406,"[0.16246819496154785, 0.14396947622299194, 0.22579479217529297, 0.232660174369812, 0.0391911119222641, 0.04423575475811958, 0.04690246656537056, 0.05011238157749176, 0.0032395694870501757, 0.0031180703081190586, 0.004639159422367811, 0.004930858034640551, 0.0029247652273625135, 0.004433964844793081, 0.0030090808868408203, 0.0022843049373477697, 0.0038616566453129053, 0.0033534453250467777, 0.0028744395822286606, 0.002315955702215433, 0.004399558063596487, 0.003091538790613413, 0.003397229127585888, 0.002792121609672904]","[0.14436509516358087, 0.12792760540302806, 0.20063549464276378, 0.20673589819609106, 0.034824222695175946, 0.039306763682579154, 0.04167633579433153, 0.044528584422449544, 0.01, 0.01, 0.01, 0.01, 0.01, 0.01, 0.01, 0.01, 0.01, 0.01, 0.01, 0.01, 0.01, 0.01, 0.01, 0.01]","[true, true, true, true, true, true, true, true, true, true, true, true, true, true, true, true, true, true, true, true, true, true, true, true]",-17.189342628384082,"[0.227875, 0.227875, 0.227875, 0.227875, 0.017625, 0.017625, 0.017625, 0.017625, 0.001375, 0.001375, 0.001375, 0.001375, 0.0011875, 0.0011875, 0.0011875, 0.0011875, 0.001, 0.001, 0.001, 0.001, 0.0009375, 0.0009375, 0.0009375, 0.0009375]",0,0.227875,0.16246819496154785,"ControllerAction(token_budget=521, selected_request_ids=[0, 1, 2, 3, 4, 5, 6, 7, 8, 9], token_allocations={0: 1, 1: 1, 2: 1, 3: 1, 4: 1, 5: 1, 6: 1, 7: 1, 8: 1, 9: 512}, prefill_allocations={9: 512}, decode_allocations={0: 1, 1: 1, 2: 1, 3: 1, 4: 1, 5: 1, 6: 1, 7: 1, 8: 1}, heuristic='SJF', strategy='Fixed', mapping=None)","{""type"": ""controller"", ""token_budget"": 521, ""selected_request_ids"": [0, 1, 2, 3, 4, 5, 6, 7, 8, 9], ""token_allocations"": {""0"": 1, ""1"": 1, ""2"": 1, ""3"": 1, ""4"": 1, ""5"": 1, ""6"": 1, ""7"": 1, ""8"": 1, ""9"": 512}, ""prefill_allocations"": {""9"": 512}, ""decode_allocations"": {""0"": 1, ""1"": 1, ""2"": 1, ""3"": 1, ""4"": 1, ""5"": 1, ""6"": 1, ""7"": 1, ""8"": 1}, ""heuristic"": ""SJF"", ""strategy"": ""Fixed""}",arena_root,candidate_as_adversary,3.472636536784699,14,2.2908754797678275,16.290875479767827
907003,98,125,3800638,controller,4000,-30.08165740966797,"[0.16335976123809814, 0.14442162215709686, 0.22660678625106812, 0.23829008638858795, 0.03851819410920143, 0.04295966401696205, 0.044938091188669205, 0.04805612936615944, 0.003119600238278508, 0.0029438678175210953, 0.0044040195643901825, 0.0047353473491966724, 0.002813949016854167, 0.0043243588879704475, 0.002967814216390252, 0.002197135938331485, 0.003765698755159974, 0.0032470093574374914, 0.0027965568006038666, 0.002196816261857748, 0.004334553144872189, 0.00295649073086679, 0.003320486517623067, 0.002725924365222454]","[0.14487900643689344, 0.12808332338113682, 0.2009709477725143, 0.21133252581963707, 0.03416066263803431, 0.03809967272521146, 0.03985428206580003, 0.042619579160772365, 0.01, 0.01, 0.01, 0.01, 0.01, 0.01, 0.01, 0.01, 0.01, 0.01, 0.01, 0.01, 0.01, 0.01, 0.01, 0.01]","[true, true, true, true, true, true, true, true, true, true, true, true, true, true, true, true, true, true, true, true, true, true, true, true]",-17.365369514244872,"[0.147125, 0.147125, 0.308875, 0.308875, 0.016375, 0.016375, 0.018875, 0.018875, 0.001375, 0.001375, 0.001375, 0.001375, 0.001125, 0.001125, 0.001125, 0.001125, 0.001, 0.001, 0.001, 0.001, 0.000875, 0.000875, 0.000875, 0.000875]",2,0.308875,0.22660678625106812,"ControllerAction(token_budget=521, selected_request_ids=[0, 1, 2, 3, 4, 5, 6, 7, 8, 10], token_allocations={0: 1, 1: 1, 2: 1, 3: 1, 4: 1, 5: 1, 6: 1, 7: 1, 8: 1, 10: 512}, prefill_allocations={10: 512}, decode_allocations={0: 1, 1: 1, 2: 1, 3: 1, 4: 1, 5: 1, 6: 1, 7: 1, 8: 1}, heuristic='LST', strategy='Fixed', mapping=None)","{""type"": ""controller"", ""token_budget"": 521, ""selected_request_ids"": [0, 1, 2, 3, 4, 5, 6, 7, 8, 10], ""token_allocations"": {""0"": 1, ""1"": 1, ""2"": 1, ""3"": 1, ""4"": 1, ""5"": 1, ""6"": 1, ""7"": 1, ""8"": 1, ""10"": 512}, ""prefill_allocations"": {""10"": 512}, ""decode_allocations"": {""0"": 1, ""1"": 1, ""2"": 1, ""3"": 1, ""4"": 1, ""5"": 1, ""6"": 1, ""7"": 1, ""8"": 1}, ""heuristic"": ""LST"", ""strategy"": ""Fixed""}",arena_root,candidate_as_adversary,3.49978345319096,14,2.4537569782053947,16.453756978205394
907003,100,127,3848596,controller,4000,-30.272621154785156,"[0.16461339592933655, 0.1468406617641449, 0.22903098165988922, 0.2404947280883789, 0.03686501830816269, 0.040774405002593994, 0.04286472871899605, 0.04662960022687912, 0.003055138047784567, 0.0028974805027246475, 0.004262025002390146, 0.004682336002588272, 0.0027342161629348993, 0.004289649426937103, 0.002986837411299348, 0.0020943840499967337, 0.003695362014696002, 0.0032662658486515284, 0.0027251997962594032, 0.0020951321348547935, 0.004317109938710928, 0.002903059357777238, 0.003288833424448967, 0.002593413693830371]","[0.14584250694434936, 0.13009640018752314, 0.20291454619854987, 0.21307107998892844, 0.03266129501951192, 0.0361248937923329, 0.03797685759761258, 0.04131242027119185, 0.01, 0.01, 0.01, 0.01, 0.01, 0.01, 0.01, 0.01, 0.01, 0.01, 0.01, 0.01, 0.01, 0.01, 0.01, 0.01]","[true, true, true, true, true, true, true, true, true, true, true, true, true, true, true, true, true, true, true, true, true, true, true, true]",-17.51083003418138,"[0.156875, 0.156875, 0.300375, 0.300375, 0.015375, 0.015375, 0.018625, 0.018625, 0.001375, 0.001375, 0.001375, 0.001375, 0.001125, 0.001125, 0.001125, 0.001125, 0.001, 0.001, 0.001, 0.001, 0.000875, 0.000875, 0.000875, 0.000875]",2,0.300375,0.22903098165988922,"ControllerAction(token_budget=521, selected_request_ids=[0, 1, 2, 3, 4, 5, 6, 7, 8, 11], token_allocations={0: 1, 1: 1, 2: 1, 3: 1, 4: 1, 5: 1, 6: 1, 7: 1, 8: 1, 11: 512}, prefill_allocations={11: 512}, decode_allocations={0: 1, 1: 1, 2: 1, 3: 1, 4: 1, 5: 1, 6: 1, 7: 1, 8: 1}, heuristic='LST', strategy='Fixed', mapping=None)","{""type"": ""controller"", ""token_budget"": 521, ""selected_request_ids"": [0, 1, 2, 3, 4, 5, 6, 7, 8, 11], ""token_allocations"": {""0"": 1, ""1"": 1, ""2"": 1, ""3"": 1, ""4"": 1, ""5"": 1, ""6"": 1, ""7"": 1, ""8"": 1, ""11"": 512}, ""prefill_allocations"": {""11"": 512}, ""decode_allocations"": {""0"": 1, ""1"": 1, ""2"": 1, ""3"": 1, ""4"": 1, ""5"": 1, ""6"": 1, ""7"": 1, ""8"": 1}, ""heuristic"": ""LST"", ""strategy"": ""Fixed""}",arena_root,candidate_as_adversary,3.5269303695972214,14,2.616638476642962,16.61663847664296
907003,102,129,3896251,controller,4000,-30.464744567871094,"[0.16580262780189514, 0.14923350512981415, 0.23137760162353516, 0.24261127412319183, 0.03526705130934715, 0.03868302330374718, 0.04086877405643463, 0.045225221663713455, 0.0029906737618148327, 0.0028505492955446243, 0.00412276666611433, 0.004627852700650692, 0.002655555261299014, 0.004253321327269077, 0.0030046403408050537, 0.0019955479074269533, 0.003624718403443694, 0.0032841709908097982, 0.0026544765569269657, 0.001997263403609395, 0.00429781898856163, 0.0028493220452219248, 0.003256025491282344, 0.002466243924573064]","[0.1467482298534331, 0.13208326673078907, 0.20478718531865464, 0.21472985978607925, 0.031214085207265575, 0.0342374862839123, 0.03617204581478378, 0.04002784100508223, 0.01, 0.01, 0.01, 0.01, 0.01, 0.01, 0.01, 0.01, 0.01, 0.01, 0.01, 0.01, 0.01, 0.01, 0.01, 0.01]","[true, true, true, true, true, true, true, true, true, true, true, true, true, true, true, true, true, true, true, true, true, true, true, true]",-17.658031403517246,"[0.16375, 0.16375, 0.291375, 0.291375, 0.01475, 0.01475, 0.021375, 0.021375, 0.001375, 0.001375, 0.001375, 0.001375, 0.001125, 0.001125, 0.001125, 0.001125, 0.001, 0.001, 0.001, 0.001, 0.000875, 0.000875, 0.000875, 0.000875]",2,0.291375,0.23137760162353516,"ControllerAction(token_budget=521, selected_request_ids=[0, 1, 2, 3, 4, 5, 6, 7, 8, 12], token_allocations={0: 1, 1: 1, 2: 1, 3: 1, 4: 1, 5: 1, 6: 1, 7: 1, 8: 1, 12: 512}, prefill_allocations={12: 512}, decode_allocations={0: 1, 1: 1, 2: 1, 3: 1, 4: 1, 5: 1, 6: 1, 7: 1, 8: 1}, heuristic='LST', strategy='Fixed', mapping=None)","{""type"": ""controller"", ""token_budget"": 521, ""selected_request_ids"": [0, 1, 2, 3, 4, 5, 6, 7, 8, 12], ""token_allocations"": {""0"": 1, ""1"": 1, ""2"": 1, ""3"": 1, ""4"": 1, ""5"": 1, ""6"": 1, ""7"": 1, ""8"": 1, ""12"": 512}, ""prefill_allocations"": {""12"": 512}, ""decode_allocations"": {""0"": 1, ""1"": 1, ""2"": 1, ""3"": 1, ""4"": 1, ""5"": 1, ""6"": 1, ""7"": 1, ""8"": 1}, ""heuristic"": ""LST"", ""strategy"": ""Fixed""}",arena_root,candidate_as_adversary,3.5540772860034826,14,2.7795199750805293,16.77951997508053
907003,104,131,3943749,controller,4000,-30.6575870513916,"[0.1669282168149948, 0.15159980952739716, 0.23364731669425964, 0.2446407526731491, 0.03372375667095184, 0.03668304905295372, 0.03894892707467079, 0.04384417086839676, 0.0029263051692396402, 0.0028031670954078436, 0.00398633535951376, 0.0045720250345766544, 0.0025780457071959972, 0.004215475171804428, 0.003021244192495942, 0.0019005510257557034, 0.003553888062015176, 0.0033007466699928045, 0.002584473229944706, 0.0019031428964808583, 0.004276766441762447, 0.0027953709941357374, 0.003222153289243579, 0.0023442949168384075]","[0.14759720069617993, 0.13404388987822655, 0.20658993759255667, 0.21631028570072028, 0.029818398450324156, 0.0324349918577113, 0.03443847131436356, 0.03876682450991749, 0.01, 0.01, 0.01, 0.01, 0.01, 0.01, 0.01, 0.01, 0.01, 0.01, 0.01, 0.01, 0.01, 0.01, 0.01, 0.01]","[true, true, true, true, true, true, true, true, true, true, true, true, true, true, true, true, true, true, true, true, true, true, true, true]",-17.80786984587027,"[0.167375, 0.167375, 0.28525, 0.28525, 0.016125, 0.016125, 0.022375, 0.022375, 0.001375, 0.001375, 0.001375, 0.001375, 0.001125, 0.001125, 0.00125, 0.00125, 0.001, 0.001, 0.001, 0.001, 0.000875, 0.000875, 0.000875, 0.000875]",2,0.28525,0.23364731669425964,"ControllerAction(token_budget=521, selected_request_ids=[0, 1, 2, 3, 4, 5, 6, 7, 8, 13], token_allocations={0: 1, 1: 1, 2: 1, 3: 1, 4: 1, 5: 1, 6: 1, 7: 1, 8: 1, 13: 512}, prefill_allocations={13: 512}, decode_allocations={0: 1, 1: 1, 2: 1, 3: 1, 4: 1, 5: 1, 6: 1, 7: 1, 8: 1}, heuristic='LST', strategy='Fixed', mapping=None)","{""type"": ""controller"", ""token_budget"": 521, ""selected_request_ids"": [0, 1, 2, 3, 4, 5, 6, 7, 8, 13], ""token_allocations"": {""0"": 1, ""1"": 1, ""2"": 1, ""3"": 1, ""4"": 1, ""5"": 1, ""6"": 1, ""7"": 1, ""8"": 1, ""13"": 512}, ""prefill_allocations"": {""13"": 512}, ""decode_allocations"": {""0"": 1, ""1"": 1, ""2"": 1, ""3"": 1, ""4"": 1, ""5"": 1, ""6"": 1, ""7"": 1, ""8"": 1}, ""heuristic"": ""LST"", ""strategy"": ""Fixed""}",arena_root,candidate_as_adversary,3.581224202409744,14,2.9424014735180966,16.942401473518096
907003,106,133,3991106,controller,4000,-30.85074234008789,"[0.16799131035804749, 0.153939351439476, 0.23584085702896118, 0.2465842217206955, 0.03223453834652901, 0.03477196395397186, 0.03710375353693962, 0.042487550526857376, 0.002862124005332589, 0.00275542214512825, 0.003852808615192771, 0.004514986649155617, 0.0025017501320689917, 0.004176221787929535, 0.003036669921129942, 0.0018093226244673133, 0.0034829871729016304, 0.0033160210587084293, 0.002515263156965375, 0.0018127008806914091, 0.004254037979990244, 0.0027412946801632643, 0.0031873018015176058, 0.00222744676284492]","[0.14839074017765425, 0.13597830896065516, 0.20832386665756725, 0.21781373750390512, 0.02847353827011373, 0.03071490696490909, 0.032774632443671355, 0.037530269021523975, 0.01, 0.01, 0.01, 0.01, 0.01, 0.01, 0.01, 0.01, 0.01, 0.01, 0.01, 0.01, 0.01, 0.01, 0.01, 0.01]","[true, true, true, true, true, true, true, true, true, true, true, true, true, true, true, true, true, true, true, true, true, true, true, true]",-17.958527989392845,"[0.169875, 0.169875, 0.282875, 0.282875, 0.016, 0.016, 0.022375, 0.022375, 0.001375, 0.001375, 0.001375, 0.001375, 0.001125, 0.001125, 0.00125, 0.00125, 0.001, 0.001, 0.001, 0.001, 0.000875, 0.000875, 0.000875, 0.000875]",2,0.282875,0.23584085702896118,"ControllerAction(token_budget=521, selected_request_ids=[0, 1, 2, 3, 4, 5, 6, 7, 8, 14], token_allocations={0: 1, 1: 1, 2: 1, 3: 1, 4: 1, 5: 1, 6: 1, 7: 1, 8: 1, 14: 512}, prefill_allocations={14: 512}, decode_allocations={0: 1, 1: 1, 2: 1, 3: 1, 4: 1, 5: 1, 6: 1, 7: 1, 8: 1}, heuristic='LST', strategy='Fixed', mapping=None)","{""type"": ""controller"", ""token_budget"": 521, ""selected_request_ids"": [0, 1, 2, 3, 4, 5, 6, 7, 8, 14], ""token_allocations"": {""0"": 1, ""1"": 1, ""2"": 1, ""3"": 1, ""4"": 1, ""5"": 1, ""6"": 1, ""7"": 1, ""8"": 1, ""14"": 512}, ""prefill_allocations"": {""14"": 512}, ""decode_allocations"": {""0"": 1, ""1"": 1, ""2"": 1, ""3"": 1, ""4"": 1, ""5"": 1, ""6"": 1, ""7"": 1, ""8"": 1}, ""heuristic"": ""LST"", ""strategy"": ""Fixed""}",arena_root,candidate_as_adversary,3.608371118816005,14,3.105282971955664,17.105282971955663
907003,108,134,-1,,0,0.0,[],[],[],0.0,[],,0.0,0.0,,,arena_end,candidate_as_adversary,3.6355180352222662,14,3.268164470393231,17.26816447039323
907003,1000000,27,4038140,controller,4000,-12.29346752166748,"[0.11320183426141739, 0.11223501712083817, 0.24860966205596924, 0.24928924441337585, 0.052795346826314926, 0.04163305088877678, 0.06584794819355011, 0.06620148569345474, 0.0045655216090381145, 0.0036523668095469475, 0.003709994489327073, 0.002890374744310975, 0.003677011001855135, 0.0034539734479039907, 0.0041639418341219425, 0.004164505749940872, 0.003171586897224188, 0.0020458886865526438, 0.0022880188189446926, 0.0019036881858482957, 0.0029629417695105076, 0.0033265692181885242, 0.0019861606415361166, 0.0022238558158278465]","[0.10011389796421327, 0.09925886029460733, 0.21986642268103132, 0.22046743448646347, 0.0466913632596183, 0.03681960664164338, 0.05823487587116538, 0.05854753880125748, 0.01, 0.01, 0.01, 0.01, 0.01, 0.01, 0.01, 0.01, 0.01, 0.01, 0.01, 0.01, 0.01, 0.01, 0.01, 0.01]","[true, true, true, true, true, true, true, true, true, true, true, true, true, true, true, true, true, true, true, true, true, true, true, true]",-4.679735090347211,"[0.125375, 0.125375, 0.260125, 0.260125, 0.0505, 0.0505, 0.064, 0.064, 0.0, 0.0, 0.0, 0.0, 0.0, 0.0, 0.0, 0.0, 0.0, 0.0, 0.0, 0.0, 0.0, 0.0, 0.0, 0.0]",2,0.260125,0.24860966205596924,"ControllerAction(token_budget=516, selected_request_ids=[0, 1, 2, 3, 5], token_allocations={0: 1, 1: 1, 2: 1, 3: 1, 5: 512}, prefill_allocations={5: 512}, decode_allocations={0: 1, 1: 1, 2: 1, 3: 1}, heuristic='LST', strategy='Fixed', mapping=None)","{""type"": ""controller"", ""token_budget"": 516, ""selected_request_ids"": [0, 1, 2, 3, 5], ""token_allocations"": {""0"": 1, ""1"": 1, ""2"": 1, ""3"": 1, ""5"": 512}, ""prefill_allocations"": {""5"": 512}, ""decode_allocations"": {""0"": 1, ""1"": 1, ""2"": 1, ""3"": 1}, ""heuristic"": ""LST"", ""strategy"": ""Fixed""}",arena_root,best_as_adversary,2.024569485137193,3,0.13719696012863591,3.137196960128636
907003,1000002,29,4140456,controller,4000,-12.405181884765625,"[0.1162877231836319, 0.11484945565462112, 0.25320568680763245, 0.25476276874542236, 0.04846590384840965, 0.038893744349479675, 0.06123598292469978, 0.06137116253376007, 0.004616017919033766, 0.003716003615409136, 0.003766007721424103, 0.0029561931733042, 0.0037409737706184387, 0.0035042609088122845, 0.004228821024298668, 0.004174866247922182, 0.003197025740519166, 0.002106531523168087, 0.002341060433536768, 0.0019435430876910686, 0.0030199920292943716, 0.0033607331570237875, 0.0020510724280029535, 0.0022045420482754707]","[0.10292332238035026, 0.10165034817030569, 0.22410594874823508, 0.22548408258616998, 0.04289594558806402, 0.034423869336052806, 0.054198419569054086, 0.05431806362176799, 0.01, 0.01, 0.01, 0.01, 0.01, 0.01, 0.01, 0.01, 0.01, 0.01, 0.01, 0.01, 0.01, 0.01, 0.01, 0.01]","[true, true, true, true, true, true, true, true, true, true, true, true, true, true, true, true, true, true, true, true, true, true, true, true]",-4.680375117306105,"[0.129, 0.129, 0.263375, 0.263375, 0.046, 0.046, 0.061625, 0.061625, 0.0, 0.0, 0.0, 0.0, 0.0, 0.0, 0.0, 0.0, 0.0, 0.0, 0.0, 0.0, 0.0, 0.0, 0.0, 0.0]",2,0.263375,0.25320568680763245,"ControllerAction(token_budget=516, selected_request_ids=[0, 1, 2, 3, 6], token_allocations={0: 1, 1: 1, 2: 1, 3: 1, 6: 512}, prefill_allocations={6: 512}, decode_allocations={0: 1, 1: 1, 2: 1, 3: 1}, heuristic='LST', strategy='Fixed', mapping=None)","{""type"": ""controller"", ""token_budget"": 516, ""selected_request_ids"": [0, 1, 2, 3, 6], ""token_allocations"": {""0"": 1, ""1"": 1, ""2"": 1, ""3"": 1, ""6"": 512}, ""prefill_allocations"": {""6"": 512}, ""decode_allocations"": {""0"": 1, ""1"": 1, ""2"": 1, ""3"": 1}, ""heuristic"": ""LST"", ""strategy"": ""Fixed""}",arena_root,best_as_adversary,2.0491389702743863,3,0.13719696012863591,3.137196960128636
907003,1000004,31,4244846,controller,4000,-12.518717765808105,"[0.11926976591348648, 0.11733990907669067, 0.2574809789657593, 0.2599468231201172, 0.044421494007110596, 0.03627750277519226, 0.05685745179653168, 0.05680377036333084, 0.00465973187237978, 0.003774804063141346, 0.0038168514147400856, 0.003018753370270133, 0.0038000571075826883, 0.003549688495695591, 0.00428795488551259, 0.004178669769316912, 0.0032175981905311346, 0.0021655624732375145, 0.0023915653582662344, 0.0019811103120446205, 0.003073297441005707, 0.003389905672520399, 0.002114775823429227, 0.002181957010179758]","[0.10563775490804653, 0.10392847224138205, 0.2280520326433637, 0.2302360416285783, 0.03934431211994012, 0.03213114335800337, 0.050358894490786614, 0.05031134860989928, 0.01, 0.01, 0.01, 0.01, 0.01, 0.01, 0.01, 0.01, 0.01, 0.01, 0.01, 0.01, 0.01, 0.01, 0.01, 0.01]","[true, true, true, true, true, true, true, true, true, true, true, true, true, true, true, true, true, true, true, true, true, true, true, true]",-4.694308281560367,"[0.135625, 0.135625, 0.261875, 0.261875, 0.04225, 0.04225, 0.06025, 0.06025, 0.0, 0.0, 0.0, 0.0, 0.0, 0.0, 0.0, 0.0, 0.0, 0.0, 0.0, 0.0, 0.0, 0.0, 0.0, 0.0]",2,0.261875,0.2574809789657593,"ControllerAction(token_budget=516, selected_request_ids=[0, 1, 2, 3, 7], token_allocations={0: 1, 1: 1, 2: 1, 3: 1, 7: 512}, prefill_allocations={7: 512}, decode_allocations={0: 1, 1: 1, 2: 1, 3: 1}, heuristic='LST', strategy='Fixed', mapping=None)","{""type"": ""controller"", ""token_budget"": 516, ""selected_request_ids"": [0, 1, 2, 3, 7], ""token_allocations"": {""0"": 1, ""1"": 1, ""2"": 1, ""3"": 1, ""7"": 512}, ""prefill_allocations"": {""7"": 512}, ""decode_allocations"": {""0"": 1, ""1"": 1, ""2"": 1, ""3"": 1}, ""heuristic"": ""LST"", ""strategy"": ""Fixed""}",arena_root,best_as_adversary,2.0737084554115794,3,0.13719696012863591,3.137196960128636
907003,1000006,33,4348132,controller,4000,-12.634209632873535,"[0.12214663624763489, 0.11970637738704681, 0.26143965125083923, 0.2648424208164215, 0.04065411537885666, 0.03378699719905853, 0.05271359533071518, 0.0524982213973999, 0.004696875344961882, 0.0038288396317511797, 0.003862639656290412, 0.0030780588276684284, 0.003854345763102174, 0.0035903658717870712, 0.004341460298746824, 0.0041762664914131165, 0.003233494935557246, 0.002222939860075712, 0.0024395305663347244, 0.0020164065062999725, 0.003122898517176509, 0.0034142532385885715, 0.0021772184409201145, 0.0021563973277807236]","[0.1082554039756983, 0.10609266567300228, 0.23170719989412147, 0.23472298653610077, 0.036030690805846845, 0.029944541604032024, 0.046718695928464844, 0.0465278155827334, 0.01, 0.01, 0.01, 0.01, 0.01, 0.01, 0.01, 0.01, 0.01, 0.01, 0.01, 0.01, 0.01, 0.01, 0.01, 0.01]","[true, true, true, true, true, true, true, true, true, true, true, true, true, true, true, true, true, true, true, true, true, true, true, true]",-4.727981288519073,"[0.147375, 0.147375, 0.247125, 0.247125, 0.04325, 0.04325, 0.06225, 0.06225, 0.0, 0.0, 0.0, 0.0, 0.0, 0.0, 0.0, 0.0, 0.0, 0.0, 0.0, 0.0, 0.0, 0.0, 0.0, 0.0]",2,0.247125,0.26143965125083923,"ControllerAction(token_budget=516, selected_request_ids=[0, 1, 2, 3, 8], token_allocations={0: 1, 1: 1, 2: 1, 3: 1, 8: 512}, prefill_allocations={8: 512}, decode_allocations={0: 1, 1: 1, 2: 1, 3: 1}, heuristic='LST', strategy='Fixed', mapping=None)","{""type"": ""controller"", ""token_budget"": 516, ""selected_request_ids"": [0, 1, 2, 3, 8], ""token_allocations"": {""0"": 1, ""1"": 1, ""2"": 1, ""3"": 1, ""8"": 512}, ""prefill_allocations"": {""8"": 512}, ""decode_allocations"": {""0"": 1, ""1"": 1, ""2"": 1, ""3"": 1}, ""heuristic"": ""LST"", ""strategy"": ""Fixed""}",arena_root,best_as_adversary,2.0982779405487726,3,0.13719696012863591,3.137196960128636
907003,1000008,35,4449516,controller,4000,-12.53244400024414,"[0.12545287609100342, 0.1245516836643219, 0.2647629678249359, 0.26838651299476624, 0.036480654031038284, 0.030926646664738655, 0.04916343465447426, 0.048181500285863876, 0.004626233130693436, 0.003871350083500147, 0.0038145410362631083, 0.0031274387147277594, 0.003854552749544382, 0.0036381634417921305, 0.004226030316203833, 0.004145616199821234, 0.003244078252464533, 0.0023296140134334564, 0.0024410339538007975, 0.001969919539988041, 0.0030711444560438395, 0.003361281007528305, 0.0022258320823311806, 0.0021469690836966038]","[0.111171767252831, 0.11037316336401798, 0.23462329404748788, 0.2378343477339596, 0.03232782623674324, 0.02740606729836008, 0.04356684426104544, 0.04269668980555475, 0.01, 0.01, 0.01, 0.01, 0.01, 0.01, 0.01, 0.01, 0.01, 0.01, 0.01, 0.01, 0.01, 0.01, 0.01, 0.01]","[true, true, true, true, true, true, true, true, true, true, true, true, true, true, true, true, true, true, true, true, true, true, true, true]",-4.814083473173534,"[0.200125, 0.200125, 0.200125, 0.200125, 0.044125, 0.044125, 0.044125, 0.044125, 0.0016875, 0.0016875, 0.0016875, 0.0016875, 0.0015, 0.0015, 0.0015, 0.0015, 0.0013125, 0.0013125, 0.0013125, 0.0013125, 0.00125, 0.00125, 0.00125, 0.00125]",0,0.200125,0.12545287609100342,"ControllerAction(token_budget=516, selected_request_ids=[0, 1, 2, 3, 4], token_allocations={0: 1, 1: 1, 2: 1, 3: 1, 4: 512}, prefill_allocations={4: 512}, decode_allocations={0: 1, 1: 1, 2: 1, 3: 1}, heuristic='SJF', strategy='Fixed', mapping=None)","{""type"": ""controller"", ""token_budget"": 516, ""selected_request_ids"": [0, 1, 2, 3, 4], ""token_allocations"": {""0"": 1, ""1"": 1, ""2"": 1, ""3"": 1, ""4"": 512}, ""prefill_allocations"": {""4"": 512}, ""decode_allocations"": {""0"": 1, ""1"": 1, ""2"": 1, ""3"": 1}, ""heuristic"": ""SJF"", ""strategy"": ""Fixed""}",arena_root,best_as_adversary,2.1228474256859657,3,0.13719696012863591,3.137196960128636
907003,1000010,37,4550040,controller,4000,-12.4985933303833,"[0.1277395635843277, 0.125142902135849, 0.2722509801387787, 0.2770936191082001, 0.03393338620662689, 0.028482498601078987, 0.04418708011507988, 0.044026780873537064, 0.004220454953610897, 0.0035080264788120985, 0.003396153450012207, 0.0028159250505268574, 0.0034925658255815506, 0.003311831271275878, 0.003875916823744774, 0.0037686487194150686, 0.0029054449405521154, 0.002086465246975422, 0.0022110375575721264, 0.0017851929878816009, 0.0027626086957752705, 0.0030014740768820047, 0.0020304613281041384, 0.0019709498155862093]","[0.11261002933364135, 0.11032091769369366, 0.24000544544918045, 0.24427451997156813, 0.02991429991535419, 0.025109018012618445, 0.0389535414737991, 0.038812228150144436, 0.01, 0.01, 0.01, 0.01, 0.01, 0.01, 0.01, 0.01, 0.01, 0.01, 0.01, 0.01, 0.01, 0.01, 0.01, 0.01]","[true, true, true, true, true, true, true, true, true, true, true, true, true, true, true, true, true, true, true, true, true, true, true, true]",-4.821414516374324,"[0.13675, 0.13675, 0.277, 0.277, 0.031625, 0.031625, 0.054625, 0.054625, 0.0, 0.0, 0.0, 0.0, 0.0, 0.0, 0.0, 0.0, 0.0, 0.0, 0.0, 0.0, 0.0, 0.0, 0.0, 0.0]",2,0.277,0.2722509801387787,"ControllerAction(token_budget=516, selected_request_ids=[0, 1, 2, 3, 5], token_allocations={0: 1, 1: 1, 2: 1, 3: 1, 5: 512}, prefill_allocations={5: 512}, decode_allocations={0: 1, 1: 1, 2: 1, 3: 1}, heuristic='LST', strategy='Fixed', mapping=None)","{""type"": ""controller"", ""token_budget"": 516, ""selected_request_ids"": [0, 1, 2, 3, 5], ""token_allocations"": {""0"": 1, ""1"": 1, ""2"": 1, ""3"": 1, ""5"": 512}, ""prefill_allocations"": {""5"": 512}, ""decode_allocations"": {""0"": 1, ""1"": 1, ""2"": 1, ""3"": 1}, ""heuristic"": ""LST"", ""strategy"": ""Fixed""}",arena_root,best_as_adversary,2.147757208551159,3,0.13719696012863591,3.137196960128636
907003,1000012,39,4649686,controller,4000,-12.61484432220459,"[0.1303039789199829, 0.12716324627399445, 0.2753228545188904, 0.28118565678596497, 0.030890492722392082, 0.02639066055417061, 0.04075245186686516, 0.040475033223629, 0.004236613400280476, 0.003544185310602188, 0.0034229671582579613, 0.0028600520454347134, 0.0035285232588648796, 0.00333600165322423, 0.003909084014594555, 0.0037510318215936422, 0.002907778834924102, 0.0021334653720259666, 0.0022465093061327934, 0.0018100098241120577, 0.0027961779851466417, 0.0030109535437077284, 0.0020827483385801315, 0.001939489971846342]","[0.1149156303043785, 0.11214580489595458, 0.2428083902462243, 0.24797882037011587, 0.027242456224505357, 0.023274035197296122, 0.035939759718354045, 0.035695103043171125, 0.01, 0.01, 0.01, 0.01, 0.01, 0.01, 0.01, 0.01, 0.01, 0.01, 0.01, 0.01, 0.01, 0.01, 0.01, 0.01]","[true, true, true, true, true, true, true, true, true, true, true, true, true, true, true, true, true, true, true, true, true, true, true, true]",-4.867333525956091,"[0.145, 0.145, 0.273, 0.273, 0.032125, 0.032125, 0.049875, 0.049875, 0.0, 0.0, 0.0, 0.0, 0.0, 0.0, 0.0, 0.0, 0.0, 0.0, 0.0, 0.0, 0.0, 0.0, 0.0, 0.0]",2,0.273,0.2753228545188904,"ControllerAction(token_budget=516, selected_request_ids=[0, 1, 2, 3, 6], token_allocations={0: 1, 1: 1, 2: 1, 3: 1, 6: 512}, prefill_allocations={6: 512}, decode_allocations={0: 1, 1: 1, 2: 1, 3: 1}, heuristic='LST', strategy='Fixed', mapping=None)","{""type"": ""controller"", ""token_budget"": 516, ""selected_request_ids"": [0, 1, 2, 3, 6], ""token_allocations"": {""0"": 1, ""1"": 1, ""2"": 1, ""3"": 1, ""6"": 512}, ""prefill_allocations"": {""6"": 512}, ""decode_allocations"": {""0"": 1, ""1"": 1, ""2"": 1, ""3"": 1}, ""heuristic"": ""LST"", ""strategy"": ""Fixed""}",arena_root,best_as_adversary,2.172666991416352,3,0.13719696012863591,3.137196960128636
907003,1000014,41,4746604,controller,4000,-12.733146667480469,"[0.13276514410972595, 0.12906576693058014, 0.2781051993370056, 0.2850058376789093, 0.02808772400021553, 0.024423986673355103, 0.037541043013334274, 0.03716648742556572, 0.004247880540788174, 0.0035765469074249268, 0.003445975249633193, 0.002901486586779356, 0.0035607011523097754, 0.003356437897309661, 0.003937944304198027, 0.0037291529588401318, 0.0029067222494632006, 0.0021789828315377235, 0.002279895357787609, 0.0018330353777855635, 0.002826859476044774, 0.0030169477686285973, 0.0021338926162570715, 0.001906311372295022]","[0.11712588406332494, 0.11386228031027182, 0.24534539960302562, 0.25143316738135724, 0.024779090377313226, 0.021546928229169295, 0.03311884215605633, 0.0327884078794815, 0.01, 0.01, 0.01, 0.01, 0.01, 0.01, 0.01, 0.01, 0.01, 0.01, 0.01, 0.01, 0.01, 0.01, 0.01, 0.01]","[true, true, true, true, true, true, true, true, true, true, true, true, true, true, true, true, true, true, true, true, true, true, true, true]",-4.922381938983197,"[0.148125, 0.148125, 0.266125, 0.266125, 0.032, 0.032, 0.05375, 0.05375, 0.0, 0.0, 0.0, 0.0, 0.0, 0.0, 0.0, 0.0, 0.0, 0.0, 0.0, 0.0, 0.0, 0.0, 0.0, 0.0]",2,0.266125,0.2781051993370056,"ControllerAction(token_budget=516, selected_request_ids=[0, 1, 2, 3, 7], token_allocations={0: 1, 1: 1, 2: 1, 3: 1, 7: 512}, prefill_allocations={7: 512}, decode_allocations={0: 1, 1: 1, 2: 1, 3: 1}, heuristic='LST', strategy='Fixed', mapping=None)","{""type"": ""controller"", ""token_budget"": 516, ""selected_request_ids"": [0, 1, 2, 3, 7], ""token_allocations"": {""0"": 1, ""1"": 1, ""2"": 1, ""3"": 1, ""7"": 512}, ""prefill_allocations"": {""7"": 512}, ""decode_allocations"": {""0"": 1, ""1"": 1, ""2"": 1, ""3"": 1}, ""heuristic"": ""LST"", ""strategy"": ""Fixed""}",arena_root,best_as_adversary,2.1975767742815453,3,0.13719696012863591,3.137196960128636
907003,1000016,43,4839682,controller,4000,-12.8536376953125,"[0.13512611389160156, 0.1308547407388687, 0.28061118721961975, 0.2885648012161255, 0.025511568412184715, 0.022579358890652657, 0.034545209258794785, 0.034091394394636154, 0.004254563245922327, 0.0036052921786904335, 0.0034653774928301573, 0.0029403292573988438, 0.003589276224374771, 0.003373336046934128, 0.003962717484682798, 0.0037033797707408667, 0.002902519889175892, 0.0022230600006878376, 0.002311267424374819, 0.0018543415935710073, 0.0028547775000333786, 0.0030196746811270714, 0.0021839234977960587, 0.0018716688500717282]","[0.11924340683237673, 0.11547409036263202, 0.24762818226377664, 0.2546469294345407, 0.022512941751188977, 0.019925383781644292, 0.030484769546917895, 0.03008429602692266, 0.01, 0.01, 0.01, 0.01, 0.01, 0.01, 0.01, 0.01, 0.01, 0.01, 0.01, 0.01, 0.01, 0.01, 0.01, 0.01]","[true, true, true, true, true, true, true, true, true, true, true, true, true, true, true, true, true, true, true, true, true, true, true, true]",-4.978741098152122,"[0.154625, 0.154625, 0.26875, 0.26875, 0.0295, 0.0295, 0.045875, 0.045875, 0.0, 0.0, 0.0, 0.0, 0.0, 0.0, 0.0, 0.0, 0.0, 0.0, 0.0, 0.0, 0.00125, 0.00125, 0.0, 0.0]",2,0.26875,0.28061118721961975,"ControllerAction(token_budget=516, selected_request_ids=[0, 1, 2, 3, 8], token_allocations={0: 1, 1: 1, 2: 1, 3: 1, 8: 512}, prefill_allocations={8: 512}, decode_allocations={0: 1, 1: 1, 2: 1, 3: 1}, heuristic='LST', strategy='Fixed', mapping=None)","{""type"": ""controller"", ""token_budget"": 516, ""selected_request_ids"": [0, 1, 2, 3, 8], ""token_allocations"": {""0"": 1, ""1"": 1, ""2"": 1, ""3"": 1, ""8"": 512}, ""prefill_allocations"": {""8"": 512}, ""decode_allocations"": {""0"": 1, ""1"": 1, ""2"": 1, ""3"": 1}, ""heuristic"": ""LST"", ""strategy"": ""Fixed""}",arena_root,best_as_adversary,2.2224865571467385,3,0.13719696012863591,3.137196960128636
907003,1000018,45,4928445,controller,4000,-12.765094757080078,"[0.1378926932811737, 0.13527807593345642, 0.2823312282562256, 0.2905370891094208, 0.02271449565887451, 0.020510515198111534, 0.031970709562301636, 0.031045937910676003, 0.004163001663982868, 0.003621912794187665, 0.003399905050173402, 0.0029684717301279306, 0.0035664832685142756, 0.0033957427367568016, 0.0038328957743942738, 0.0036520452704280615, 0.002892840653657913, 0.0023149766493588686, 0.0022978794295340776, 0.0018001480493694544, 0.002789512276649475, 0.002953604329377413, 0.002218980574980378, 0.0018508759094402194]","[0.12163415355741942, 0.11932781838911825, 0.2490423470208709, 0.25628067789495956, 0.020036293346719976, 0.018092178024703878, 0.02820113309637979, 0.02738539866982814, 0.01, 0.01, 0.01, 0.01, 0.01, 0.01, 0.01, 0.01, 0.01, 0.01, 0.01, 0.01, 0.01, 0.01, 0.01, 0.01]","[true, true, true, true, true, true, true, true, true, true, true, true, true, true, true, true, true, true, true, true, true, true, true, true]",-5.040456226644669,"[0.213125, 0.213125, 0.213125, 0.213125, 0.0296875, 0.0296875, 0.0296875, 0.0296875, 0.002, 0.002, 0.002, 0.002, 0.001875, 0.001875, 0.001875, 0.001875, 0.0016875, 0.0016875, 0.0016875, 0.0016875, 0.001625, 0.001625, 0.001625, 0.001625]",0,0.213125,0.1378926932811737,"ControllerAction(token_budget=516, selected_request_ids=[0, 1, 2, 3, 4], token_allocations={0: 1, 1: 1, 2: 1, 3: 1, 4: 512}, prefill_allocations={4: 512}, decode_allocations={0: 1, 1: 1, 2: 1, 3: 1}, heuristic='SJF', strategy='Fixed', mapping=None)","{""type"": ""controller"", ""token_budget"": 516, ""selected_request_ids"": [0, 1, 2, 3, 4], ""token_allocations"": {""0"": 1, ""1"": 1, ""2"": 1, ""3"": 1, ""4"": 512}, ""prefill_allocations"": {""4"": 512}, ""decode_allocations"": {""0"": 1, ""1"": 1, ""2"": 1, ""3"": 1}, ""heuristic"": ""SJF"", ""strategy"": ""Fixed""}",arena_root,best_as_adversary,2.2473963400119317,3,0.13719696012863591,3.137196960128636
907003,1000020,47,5015090,controller,4000,-12.723038673400879,"[0.1394752711057663, 0.1350203901529312, 0.28835776448249817, 0.2979564964771271, 0.020946325734257698, 0.018731385469436646, 0.028490472584962845, 0.02812587283551693, 0.0037717889063060284, 0.003260236931964755, 0.003006478538736701, 0.0026552723720669746, 0.003210201160982251, 0.003069921862334013, 0.003492445219308138, 0.0032972157932817936, 0.002573060104623437, 0.002059861086308956, 0.0020676234271377325, 0.0016207756707444787, 0.0024927242193371058, 0.002619777573272586, 0.0020116253290325403, 0.001687004347331822]","[0.12241013549074763, 0.11850031996066585, 0.2530764969321675, 0.2615008009301923, 0.018383492291041793, 0.01643955530657768, 0.025004594589933357, 0.024684604498673934, 0.01, 0.01, 0.01, 0.01, 0.01, 0.01, 0.01, 0.01, 0.01, 0.01, 0.01, 0.01, 0.01, 0.01, 0.01, 0.01]","[true, true, true, true, true, true, true, true, true, true, true, true, true, true, true, true, true, true, true, true, true, true, true, true]",-5.031668268669092,"[0.149125, 0.149125, 0.28725, 0.28725, 0.024, 0.024, 0.035375, 0.035375, 0.0, 0.0, 0.00175, 0.00175, 0.0, 0.0, 0.00175, 0.00175, 0.000375, 0.000375, 0.0, 0.0, 0.000375, 0.000375, 0.0, 0.0]",2,0.28725,0.28835776448249817,"ControllerAction(token_budget=516, selected_request_ids=[0, 1, 2, 3, 5], token_allocations={0: 1, 1: 1, 2: 1, 3: 1, 5: 512}, prefill_allocations={5: 512}, decode_allocations={0: 1, 1: 1, 2: 1, 3: 1}, heuristic='LST', strategy='Fixed', mapping=None)","{""type"": ""controller"", ""token_budget"": 516, ""selected_request_ids"": [0, 1, 2, 3, 5], ""token_allocations"": {""0"": 1, ""1"": 1, ""2"": 1, ""3"": 1, ""5"": 512}, ""prefill_allocations"": {""5"": 512}, ""decode_allocations"": {""0"": 1, ""1"": 1, ""2"": 1, ""3"": 1}, ""heuristic"": ""LST"", ""strategy"": ""Fixed""}",arena_root,best_as_adversary,2.272804280445125,3,0.13719696012863591,3.137196960128636
907003,1000022,49,5100797,controller,4000,-12.84460163116455,"[0.14156387746334076, 0.13651542365550995, 0.2901194095611572, 0.30082669854164124, 0.01893465779721737, 0.017238594591617584, 0.026095416396856308, 0.025677483528852463, 0.0037664114497601986, 0.0032773653510957956, 0.003014607820659876, 0.0026835938915610313, 0.0032271097879856825, 0.003076124470680952, 0.0035051200538873672, 0.0032646674662828445, 0.0025616190396249294, 0.002095982898026705, 0.002090339781716466, 0.00163533934392035, 0.002510488498955965, 0.002614734461531043, 0.0020539595279842615, 0.0016509334091097116]","[0.12426038750651933, 0.11982901110096508, 0.2546578329246989, 0.2640563595947795, 0.016620256221752994, 0.015131504465727131, 0.02290574835700619, 0.022538899828550778, 0.01, 0.01, 0.01, 0.01, 0.01, 0.01, 0.01, 0.01, 0.01, 0.01, 0.01, 0.01, 0.01, 0.01, 0.01, 0.01]","[true, true, true, true, true, true, true, true, true, true, true, true, true, true, true, true, true, true, true, true, true, true, true, true]",-5.041390726836903,"[0.1405, 0.1405, 0.300875, 0.300875, 0.021625, 0.021625, 0.0325, 0.0325, 0.0, 0.0, 0.001375, 0.001375, 0.000375, 0.000375, 0.00175, 0.00175, 0.0, 0.0, 0.000375, 0.000375, 0.00025, 0.00025, 0.000375, 0.000375]",2,0.300875,0.2901194095611572,"ControllerAction(token_budget=516, selected_request_ids=[0, 1, 2, 3, 6], token_allocations={0: 1, 1: 1, 2: 1, 3: 1, 6: 512}, prefill_allocations={6: 512}, decode_allocations={0: 1, 1: 1, 2: 1, 3: 1}, heuristic='LST', strategy='Fixed', mapping=None)","{""type"": ""controller"", ""token_budget"": 516, ""selected_request_ids"": [0, 1, 2, 3, 6], ""token_allocations"": {""0"": 1, ""1"": 1, ""2"": 1, ""3"": 1, ""6"": 512}, ""prefill_allocations"": {""6"": 512}, ""decode_allocations"": {""0"": 1, ""1"": 1, ""2"": 1, ""3"": 1}, ""heuristic"": ""LST"", ""strategy"": ""Fixed""}",arena_root,best_as_adversary,2.2982122208783187,3,0.13719696012863591,3.137196960128636
907003,1000024,51,5185287,controller,4000,-12.968440055847168,"[0.1435665339231491, 0.13791440427303314, 0.2916536033153534, 0.3034767508506775, 0.017102224752306938, 0.015851834788918495, 0.02388220839202404, 0.023423099890351295, 0.0037579734344035387, 0.0032918972428888083, 0.003020296338945627, 0.002710005734115839, 0.0032414610031992197, 0.0030798250809311867, 0.003514970652759075, 0.003229802940040827, 0.0025481467600911856, 0.002131000394001603, 0.0021115834824740887, 0.0016486892709508538, 0.002526316326111555, 0.002607571892440319, 0.0020954736974090338, 0.0016143155517056584]","[0.12603154586433538, 0.12106975833792565, 0.25603149618708415, 0.2664105832914412, 0.015013386228341597, 0.013915716905883398, 0.020965273452322762, 0.020562239732666004, 0.01, 0.01, 0.01, 0.01, 0.01, 0.01, 0.01, 0.01, 0.01, 0.01, 0.01, 0.01, 0.01, 0.01, 0.01, 0.01]","[true, true, true, true, true, true, true, true, true, true, true, true, true, true, true, true, true, true, true, true, true, true, true, true]",-4.849428844416135,"[0.075, 0.075, 0.4025, 0.4025, 0.008875, 0.008875, 0.013625, 0.013625, 0.0, 0.0, 0.0, 0.0, 0.0, 0.0, 0.0, 0.0, 0.0, 0.0, 0.0, 0.0, 0.0, 0.0, 0.0, 0.0]",2,0.4025,0.2916536033153534,"ControllerAction(token_budget=516, selected_request_ids=[0, 1, 2, 3, 7], token_allocations={0: 1, 1: 1, 2: 1, 3: 1, 7: 512}, prefill_allocations={7: 512}, decode_allocations={0: 1, 1: 1, 2: 1, 3: 1}, heuristic='LST', strategy='Fixed', mapping=None)","{""type"": ""controller"", ""token_budget"": 516, ""selected_request_ids"": [0, 1, 2, 3, 7], ""token_allocations"": {""0"": 1, ""1"": 1, ""2"": 1, ""3"": 1, ""7"": 512}, ""prefill_allocations"": {""7"": 512}, ""decode_allocations"": {""0"": 1, ""1"": 1, ""2"": 1, ""3"": 1}, ""heuristic"": ""LST"", ""strategy"": ""Fixed""}",arena_root,best_as_adversary,2.323620161311512,3,0.13719696012863591,3.137196960128636
907003,1000026,53,5274414,controller,4000,-13.094664573669434,"[0.14548802375793457, 0.13922297954559326, 0.292975515127182, 0.3059200644493103, 0.015435518696904182, 0.014565665274858475, 0.02184027060866356, 0.021350577473640442, 0.0037467346992343664, 0.003304007463157177, 0.003023718483746052, 0.002734619891270995, 0.0032534287311136723, 0.00308120995759964, 0.003522199811413884, 0.0031929095275700092, 0.0025328402407467365, 0.002164972247555852, 0.002131436951458454, 0.0016608982114121318, 0.0025403297040611506, 0.0025984758976846933, 0.0021362199913710356, 0.0015773220220580697]","[0.12772796495434308, 0.122227709146877, 0.25721131789450435, 0.26857569620867744, 0.013551269308947232, 0.012787600901495859, 0.019174178374559227, 0.018744263210595746, 0.01, 0.01, 0.01, 0.01, 0.01, 0.01, 0.01, 0.01, 0.01, 0.01, 0.01, 0.01, 0.01, 0.01, 0.01, 0.01]","[true, true, true, true, true, true, true, true, true, true, true, true, true, true, true, true, true, true, true, true, true, true, true, true]",-4.810481180919367,"[0.068125, 0.068125, 0.43025, 0.43025, 0.000625, 0.000625, 0.001, 0.001, 0.0, 0.0, 0.0, 0.0, 0.0, 0.0, 0.0, 0.0, 0.0, 0.0, 0.0, 0.0, 0.0, 0.0, 0.0, 0.0]",2,0.43025,0.292975515127182,"ControllerAction(token_budget=516, selected_request_ids=[0, 1, 2, 3, 8], token_allocations={0: 1, 1: 1, 2: 1, 3: 1, 8: 512}, prefill_allocations={8: 512}, decode_allocations={0: 1, 1: 1, 2: 1, 3: 1}, heuristic='LST', strategy='Fixed', mapping=None)","{""type"": ""controller"", ""token_budget"": 516, ""selected_request_ids"": [0, 1, 2, 3, 8], ""token_allocations"": {""0"": 1, ""1"": 1, ""2"": 1, ""3"": 1, ""8"": 512}, ""prefill_allocations"": {""8"": 512}, ""decode_allocations"": {""0"": 1, ""1"": 1, ""2"": 1, ""3"": 1}, ""heuristic"": ""LST"", ""strategy"": ""Fixed""}",arena_root,best_as_adversary,2.3490281017447057,3,0.13719696012863591,3.137196960128636
907003,1000028,55,5364680,controller,4000,-13.018072128295898,"[0.14780232310295105, 0.14328639209270477, 0.29341796040534973, 0.3066141605377197, 0.013654259033501148, 0.013148744590580463, 0.02008434198796749, 0.01931857317686081, 0.003648839658126235, 0.003304378828033805, 0.002952870912849903, 0.002748643048107624, 0.003218374913558364, 0.00308705260977149, 0.0033919482957571745, 0.0031338606495410204, 0.002512476174160838, 0.002244670642539859, 0.002109658671543002, 0.001605387544259429, 0.0024712332524359226, 0.0025300770066678524, 0.0021616925951093435, 0.001552026136778295]","[0.12968816631042943, 0.12572569265231717, 0.25745763969494895, 0.26903655781682745, 0.01198083886103022, 0.011537278572061304, 0.01762287242370863, 0.016950953668676827, 0.01, 0.01, 0.01, 0.01, 0.01, 0.01, 0.01, 0.01, 0.01, 0.01, 0.01, 0.01, 0.01, 0.01, 0.01, 0.01]","[true, true, true, true, true, true, true, true, true, true, true, true, true, true, true, true, true, true, true, true, true, true, true, true]",-9.27952250681163,"[0.2416875, 0.2416875, 0.2416875, 0.2416875, 0.0046875, 0.0046875, 0.0046875, 0.0046875, 0.0010625, 0.0010625, 0.0010625, 0.0010625, 0.0009375, 0.0009375, 0.0009375, 0.0009375, 0.000875, 0.000875, 0.000875, 0.000875, 0.00075, 0.00075, 0.00075, 0.00075]",0,0.2416875,0.14780232310295105,"ControllerAction(token_budget=516, selected_request_ids=[0, 1, 2, 3, 4], token_allocations={0: 1, 1: 1, 2: 1, 3: 1, 4: 512}, prefill_allocations={4: 512}, decode_allocations={0: 1, 1: 1, 2: 1, 3: 1}, heuristic='SJF', strategy='Fixed', mapping=None)","{""type"": ""controller"", ""token_budget"": 516, ""selected_request_ids"": [0, 1, 2, 3, 4], ""token_allocations"": {""0"": 1, ""1"": 1, ""2"": 1, ""3"": 1, ""4"": 512}, ""prefill_allocations"": {""4"": 512}, ""decode_allocations"": {""0"": 1, ""1"": 1, ""2"": 1, ""3"": 1}, ""heuristic"": ""SJF"", ""strategy"": ""Fixed""}",arena_root,best_as_adversary,2.374436042177899,3,0.13719696012863591,3.137196960128636
907003,1000030,57,5453567,controller,4000,-12.809552192687988,"[0.14730799198150635, 0.14204180240631104, 0.32349926233291626, 0.3215923607349396, 0.007549278903752565, 0.007533296477049589, 0.01333644986152649, 0.012234825640916824, 0.0021637813188135624, 0.0019428113009780645, 0.0017621356528252363, 0.0016470405971631408, 0.0018492824165150523, 0.001765513326972723, 0.0021338900551199913, 0.001882178126834333, 0.0013685233425348997, 0.0013548490824177861, 0.0011204832699149847, 0.0009387620957568288, 0.0014104857109487057, 0.0014899999368935823, 0.0012306553544476628, 0.0008442789549008012]","[0.125823912861645, 0.12132576873986871, 0.2763186331376605, 0.2746898428916454, 0.01, 0.01, 0.01139140030821325, 0.0104504420609671, 0.01, 0.01, 0.01, 0.01, 0.01, 0.01, 0.01, 0.01, 0.01, 0.01, 0.01, 0.01, 0.01, 0.01, 0.01, 0.01]","[true, true, true, true, true, true, true, true, true, true, true, true, true, true, true, true, true, true, true, true, true, true, true, true]",-9.37168454618336,"[0.114625, 0.114625, 0.38025, 0.38025, 0.0, 0.0, 0.004125, 0.004125, 0.0, 0.0, 0.0, 0.0, 0.0, 0.0, 0.0, 0.0, 0.0, 0.0, 0.000875, 0.000875, 0.000125, 0.000125, 0.0, 0.0]",2,0.38025,0.32349926233291626,"ControllerAction(token_budget=516, selected_request_ids=[0, 1, 2, 3, 5], token_allocations={0: 1, 1: 1, 2: 1, 3: 1, 5: 512}, prefill_allocations={5: 512}, decode_allocations={0: 1, 1: 1, 2: 1, 3: 1}, heuristic='LST', strategy='Fixed', mapping=None)","{""type"": ""controller"", ""token_budget"": 516, ""selected_request_ids"": [0, 1, 2, 3, 5], ""token_allocations"": {""0"": 1, ""1"": 1, ""2"": 1, ""3"": 1, ""5"": 512}, ""prefill_allocations"": {""5"": 512}, ""decode_allocations"": {""0"": 1, ""1"": 1, ""2"": 1, ""3"": 1}, ""heuristic"": ""LST"", ""strategy"": ""Fixed""}",arena_root,best_as_adversary,2.4002877760190926,8,0.20140186414225203,8.201401864142252
907003,1000032,59,5542653,controller,4000,-12.916463851928711,"[0.14872372150421143, 0.14285680651664734, 0.3237217962741852, 0.32295721769332886, 0.006776067893952131, 0.0068855080753564835, 0.012130421586334705, 0.011091455817222595, 0.0021488273050636053, 0.0019426955841481686, 0.0017573293298482895, 0.0016559212235733867, 0.0018492367817088962, 0.0017593541415408254, 0.0021305338013917208, 0.0018533822149038315, 0.0013549409341067076, 0.0013714715605601668, 0.0011268315138295293, 0.0009423213195987046, 0.0014130749041214585, 0.0014791847206652164, 0.00125037576071918, 0.0008214864647015929]","[0.12675451029101878, 0.12175424585003877, 0.27590217177359533, 0.27525053541985667, 0.01, 0.01, 0.010338536665490306, 0.01, 0.01, 0.01, 0.01, 0.01, 0.01, 0.01, 0.01, 0.01, 0.01, 0.01, 0.01, 0.01, 0.01, 0.01, 0.01, 0.01]","[true, true, true, true, true, true, true, true, true, true, true, true, true, true, true, true, true, true, true, true, true, true, true, true]",-9.487999844879567,"[0.1235, 0.1235, 0.367125, 0.367125, 0.002625, 0.002625, 0.003625, 0.003625, 0.0, 0.0, 0.000125, 0.000125, 0.0, 0.0, 0.000875, 0.000875, 0.00075, 0.00075, 0.00075, 0.00075, 0.000625, 0.000625, 0.0, 0.0]",2,0.367125,0.3237217962741852,"ControllerAction(token_budget=516, selected_request_ids=[0, 1, 2, 3, 6], token_allocations={0: 1, 1: 1, 2: 1, 3: 1, 6: 512}, prefill_allocations={6: 512}, decode_allocations={0: 1, 1: 1, 2: 1, 3: 1}, heuristic='LST', strategy='Fixed', mapping=None)","{""type"": ""controller"", ""token_budget"": 516, ""selected_request_ids"": [0, 1, 2, 3, 6], ""token_allocations"": {""0"": 1, ""1"": 1, ""2"": 1, ""3"": 1, ""6"": 512}, ""prefill_allocations"": {""6"": 512}, ""decode_allocations"": {""0"": 1, ""1"": 1, ""2"": 1, ""3"": 1}, ""heuristic"": ""LST"", ""strategy"": ""Fixed""}",arena_root,best_as_adversary,2.426139509860286,8,0.3306605333482192,8.330660533348219
907003,1000034,61,5632004,controller,4000,-13.025079727172852,"[0.15009644627571106, 0.14362233877182007, 0.3238224983215332, 0.32420551776885986, 0.006079761777073145, 0.0062910523265600204, 0.011029301211237907, 0.010051148012280464, 0.0021331722382456064, 0.0019418465672060847, 0.0017518745735287666, 0.0016642219852656126, 0.0018484938191249967, 0.0017525556031614542, 0.0021263801027089357, 0.0018243397353217006, 0.0013409869279712439, 0.0013877745950594544, 0.0011327884858474135, 0.0009455364779569209, 0.0014151352224871516, 0.001467894297093153, 0.0012699327198788524, 0.0007990075391717255]","[0.12750471451081982, 0.12200505579485224, 0.27508243016509704, 0.27540779952923083, 0.01, 0.01, 0.01, 0.01, 0.01, 0.01, 0.01, 0.01, 0.01, 0.01, 0.01, 0.01, 0.01, 0.01, 0.01, 0.01, 0.01, 0.01, 0.01, 0.01]","[true, true, true, true, true, true, true, true, true, true, true, true, true, true, true, true, true, true, true, true, true, true, true, true]",-9.60222115573704,"[0.130875, 0.130875, 0.3585, 0.3585, 0.00225, 0.00225, 0.003, 0.003, 0.001, 0.001, 0.001, 0.001, 0.00075, 0.00075, 0.000875, 0.000875, 0.0, 0.0, 0.00075, 0.00075, 0.000375, 0.000375, 0.000625, 0.000625]",2,0.3585,0.3238224983215332,"ControllerAction(token_budget=516, selected_request_ids=[0, 1, 2, 3, 7], token_allocations={0: 1, 1: 1, 2: 1, 3: 1, 7: 512}, prefill_allocations={7: 512}, decode_allocations={0: 1, 1: 1, 2: 1, 3: 1}, heuristic='LST', strategy='Fixed', mapping=None)","{""type"": ""controller"", ""token_budget"": 516, ""selected_request_ids"": [0, 1, 2, 3, 7], ""token_allocations"": {""0"": 1, ""1"": 1, ""2"": 1, ""3"": 1, ""7"": 512}, ""prefill_allocations"": {""7"": 512}, ""decode_allocations"": {""0"": 1, ""1"": 1, ""2"": 1, ""3"": 1}, ""heuristic"": ""LST"", ""strategy"": ""Fixed""}",arena_root,best_as_adversary,2.4519912437014795,8,0.4599192025541864,8.459919202554186
907003,1000036,63,5721657,controller,4000,-13.135468482971191,"[0.15142975747585297, 0.1443423330783844, 0.3238115906715393, 0.32534676790237427, 0.005453130230307579, 0.005745940841734409, 0.010024677962064743, 0.00910528190433979, 0.002116904128342867, 0.001940330839715898, 0.001745836460031569, 0.0016719902632758021, 0.0018471168586984277, 0.0017451830208301544, 0.0021215048618614674, 0.0017951339250430465, 0.0013267210451886058, 0.0014037885703146458, 0.001138385501690209, 0.0009484369657002389, 0.0014167118351906538, 0.0014561900170519948, 0.0012893516104668379, 0.0007768768700771034]","[0.12820393934014598, 0.12220356172165957, 0.27414639117222406, 0.2754461077659703, 0.01, 0.01, 0.01, 0.01, 0.01, 0.01, 0.01, 0.01, 0.01, 0.01, 0.01, 0.01, 0.01, 0.01, 0.01, 0.01, 0.01, 0.01, 0.01, 0.01]","[true, true, true, true, true, true, true, true, true, true, true, true, true, true, true, true, true, true, true, true, true, true, true, true]",-9.718664766774763,"[0.1375, 0.1375, 0.349625, 0.349625, 0.003, 0.003, 0.003375, 0.003375, 0.001, 0.001, 0.001, 0.001, 0.000875, 0.000875, 0.000875, 0.000875, 0.00075, 0.00075, 0.00075, 0.00075, 0.000625, 0.000625, 0.000625, 0.000625]",2,0.349625,0.3238115906715393,"ControllerAction(token_budget=516, selected_request_ids=[0, 1, 2, 3, 8], token_allocations={0: 1, 1: 1, 2: 1, 3: 1, 8: 512}, prefill_allocations={8: 512}, decode_allocations={0: 1, 1: 1, 2: 1, 3: 1}, heuristic='LST', strategy='Fixed', mapping=None)","{""type"": ""controller"", ""token_budget"": 516, ""selected_request_ids"": [0, 1, 2, 3, 8], ""token_allocations"": {""0"": 1, ""1"": 1, ""2"": 1, ""3"": 1, ""8"": 512}, ""prefill_allocations"": {""8"": 512}, ""decode_allocations"": {""0"": 1, ""1"": 1, ""2"": 1, ""3"": 1}, ""heuristic"": ""LST"", ""strategy"": ""Fixed""}",arena_root,best_as_adversary,2.477842977542673,8,0.5891778717601536,8.589177871760153
907003,1000038,65,5811522,controller,4000,-13.075508117675781,"[0.153134286403656, 0.1478763371706009, 0.3227824568748474, 0.3245749771595001, 0.004793184343725443, 0.005155161488801241, 0.009161144495010376, 0.008186755701899529, 0.0020517241209745407, 0.001931663602590561, 0.0016968981362879276, 0.0016729808412492275, 0.0018188878893852234, 0.0017401135992258787, 0.0020339060574769974, 0.0017535213846713305, 0.001309742801822722, 0.0014489582972601056, 0.0011216186685487628, 0.0009126655641011894, 0.0013719109119847417, 0.0014112836215645075, 0.0012992331758141518, 0.0007605713326483965]","[0.1291770933658798, 0.12474172742045687, 0.27228454546541553, 0.2737966337482476, 0.01, 0.01, 0.01, 0.01, 0.01, 0.01, 0.01, 0.01, 0.01, 0.01, 0.01, 0.01, 0.01, 0.01, 0.01, 0.01, 0.01, 0.01, 0.01, 0.01]","[true, true, true, true, true, true, true, true, true, true, true, true, true, true, true, true, true, true, true, true, true, true, true, true]",-9.837431461160048,"[0.2428125, 0.2428125, 0.2428125, 0.2428125, 0.0038125, 0.0038125, 0.0038125, 0.0038125, 0.0010625, 0.0010625, 0.0010625, 0.0010625, 0.0008125, 0.0008125, 0.0008125, 0.0008125, 0.00075, 0.00075, 0.00075, 0.00075, 0.00075, 0.00075, 0.00075, 0.00075]",0,0.2428125,0.153134286403656,"ControllerAction(token_budget=516, selected_request_ids=[0, 1, 2, 3, 4], token_allocations={0: 1, 1: 1, 2: 1, 3: 1, 4: 512}, prefill_allocations={4: 512}, decode_allocations={0: 1, 1: 1, 2: 1, 3: 1}, heuristic='SJF', strategy='Fixed', mapping=None)","{""type"": ""controller"", ""token_budget"": 516, ""selected_request_ids"": [0, 1, 2, 3, 4], ""token_allocations"": {""0"": 1, ""1"": 1, ""2"": 1, ""3"": 1, ""4"": 512}, ""prefill_allocations"": {""4"": 512}, ""decode_allocations"": {""0"": 1, ""1"": 1, ""2"": 1, ""3"": 1}, ""heuristic"": ""SJF"", ""strategy"": ""Fixed""}",arena_root,best_as_adversary,2.5036947113838663,8,0.7184365409661208,8.71843654096612
907003,1000040,67,5900906,controller,4000,-13.014368057250977,"[0.15314406156539917, 0.14593176543712616, 0.3258820176124573, 0.3290712535381317, 0.0043539926409721375, 0.004639745224267244, 0.00804370641708374, 0.007306618615984917, 0.0018371412297710776, 0.001719147083349526, 0.001483192783780396, 0.001479784375987947, 0.001618782407604158, 0.0015547063667327166, 0.0018327252473682165, 0.0015646429965272546, 0.0011512916535139084, 0.0012750194873660803, 0.0009978841990232468, 0.0008126830798573792, 0.001212195842526853, 0.0012374973157420754, 0.0011654294794425368, 0.0006847626646049321]","[0.12841877620870698, 0.12237091360809227, 0.2732679900378935, 0.2759423201453072, 0.01, 0.01, 0.01, 0.01, 0.01, 0.01, 0.01, 0.01, 0.01, 0.01, 0.01, 0.01, 0.01, 0.01, 0.01, 0.01, 0.01, 0.01, 0.01, 0.01]","[true, true, true, true, true, true, true, true, true, true, true, true, true, true, true, true, true, true, true, true, true, true, true, true]",-9.948831355160609,"[0.1465, 0.1465, 0.3435, 0.3435, 0.001, 0.001, 0.002875, 0.002875, 0.000875, 0.000875, 0.001, 0.001, 0.000875, 0.000875, 0.00075, 0.00075, 0.000625, 0.000625, 0.00075, 0.00075, 0.000625, 0.000625, 0.000625, 0.000625]",2,0.3435,0.3258820176124573,"ControllerAction(token_budget=516, selected_request_ids=[0, 1, 2, 3, 5], token_allocations={0: 1, 1: 1, 2: 1, 3: 1, 5: 512}, prefill_allocations={5: 512}, decode_allocations={0: 1, 1: 1, 2: 1, 3: 1}, heuristic='LST', strategy='Fixed', mapping=None)","{""type"": ""controller"", ""token_budget"": 516, ""selected_request_ids"": [0, 1, 2, 3, 5], ""token_allocations"": {""0"": 1, ""1"": 1, ""2"": 1, ""3"": 1, ""5"": 512}, ""prefill_allocations"": {""5"": 512}, ""decode_allocations"": {""0"": 1, ""1"": 1, ""2"": 1, ""3"": 1}, ""heuristic"": ""LST"", ""strategy"": ""Fixed""}",arena_root,best_as_adversary,2.5300253085850595,8,0.8500895269720864,8.850089526972086
907003,1000042,69,5991939,controller,4000,-13.123512268066406,"[0.15437741577625275, 0.14654402434825897, 0.32556673884391785, 0.32993921637535095, 0.0038945062551647425, 0.0042270878329873085, 0.007291826885193586, 0.0066012004390358925, 0.0018212199211120605, 0.0017163900192826986, 0.0014766519889235497, 0.0014855761546641588, 0.0016162836691364646, 0.0015465340111404657, 0.0018272220622748137, 0.001538000302389264, 0.0011378375347703695, 0.0012888232013210654, 0.0010020125191658735, 0.0008146254112944007, 0.0012125902576372027, 0.0012265411205589771, 0.0011827492853626609, 0.0006649226415902376]","[0.12912839304086468, 0.12257618304259033, 0.27231904098848636, 0.2759763829280585, 0.01, 0.01, 0.01, 0.01, 0.01, 0.01, 0.01, 0.01, 0.01, 0.01, 0.01, 0.01, 0.01, 0.01, 0.01, 0.01, 0.01, 0.01, 0.01, 0.01]","[true, true, true, true, true, true, true, true, true, true, true, true, true, true, true, true, true, true, true, true, true, true, true, true]",-10.06511381659544,"[0.143375, 0.143375, 0.346625, 0.346625, 0.001, 0.001, 0.002875, 0.002875, 0.000875, 0.000875, 0.001, 0.001, 0.00075, 0.00075, 0.00075, 0.00075, 0.000625, 0.000625, 0.00075, 0.00075, 0.000625, 0.000625, 0.00075, 0.00075]",2,0.346625,0.32556673884391785,"ControllerAction(token_budget=516, selected_request_ids=[0, 1, 2, 3, 6], token_allocations={0: 1, 1: 1, 2: 1, 3: 1, 6: 512}, prefill_allocations={6: 512}, decode_allocations={0: 1, 1: 1, 2: 1, 3: 1}, heuristic='LST', strategy='Fixed', mapping=None)","{""type"": ""controller"", ""token_budget"": 516, ""selected_request_ids"": [0, 1, 2, 3, 6], ""token_allocations"": {""0"": 1, ""1"": 1, ""2"": 1, ""3"": 1, ""6"": 512}, ""prefill_allocations"": {""6"": 512}, ""decode_allocations"": {""0"": 1, ""1"": 1, ""2"": 1, ""3"": 1}, ""heuristic"": ""LST"", ""strategy"": ""Fixed""}",arena_root,best_as_adversary,2.5563559057862526,8,0.981742512978052,8.981742512978052
907003,1000044,71,6083423,controller,4000,-13.234384536743164,"[0.15558327734470367, 0.14712348580360413, 0.32517361640930176, 0.33072981238365173, 0.0034826749470084906, 0.003850206034258008, 0.006608640309423208, 0.0059624542482197285, 0.0018050019862130284, 0.0017132265493273735, 0.0014697867445647717, 0.0014910302124917507, 0.0016133985482156277, 0.0015380363911390305, 0.001821295591071248, 0.0015114472480490804, 0.0011242704931646585, 0.0013024619547650218, 0.0010059166233986616, 0.000816376123111695, 0.0012126927031204104, 0.0012153898132964969, 0.0012000375427305698, 0.0006455018883571029]","[0.12984070367925898, 0.12278065644653112, 0.2713708818395093, 0.27600775803470035, 0.01, 0.01, 0.01, 0.01, 0.01, 0.01, 0.01, 0.01, 0.01, 0.01, 0.01, 0.01, 0.01, 0.01, 0.01, 0.01, 0.01, 0.01, 0.01, 0.01]","[true, true, true, true, true, true, true, true, true, true, true, true, true, true, true, true, true, true, true, true, true, true, true, true]",-10.181440085524915,"[0.1435, 0.1435, 0.345875, 0.345875, 0.001, 0.001, 0.00325, 0.00325, 0.00075, 0.00075, 0.001, 0.001, 0.00075, 0.00075, 0.000875, 0.000875, 0.00075, 0.00075, 0.00075, 0.00075, 0.00075, 0.00075, 0.00075, 0.00075]",2,0.345875,0.32517361640930176,"ControllerAction(token_budget=516, selected_request_ids=[0, 1, 2, 3, 7], token_allocations={0: 1, 1: 1, 2: 1, 3: 1, 7: 512}, prefill_allocations={7: 512}, decode_allocations={0: 1, 1: 1, 2: 1, 3: 1}, heuristic='LST', strategy='Fixed', mapping=None)","{""type"": ""controller"", ""token_budget"": 516, ""selected_request_ids"": [0, 1, 2, 3, 7], ""token_allocations"": {""0"": 1, ""1"": 1, ""2"": 1, ""3"": 1, ""7"": 512}, ""prefill_allocations"": {""7"": 512}, ""decode_allocations"": {""0"": 1, ""1"": 1, ""2"": 1, ""3"": 1}, ""heuristic"": ""LST"", ""strategy"": ""Fixed""}",arena_root,best_as_adversary,2.5826865029874457,8,1.1133954989840178,9.113395498984017
907003,1000046,73,6175276,controller,4000,-13.347039222717285,"[0.15676414966583252, 0.1476728767156601, 0.32470983266830444, 0.33144983649253845, 0.0031137096229940653, 0.003506158711388707, 0.0059881508350372314, 0.0053843348287045956, 0.001788537367247045, 0.0017096934607252479, 0.0014626322081312537, 0.0014961770502850413, 0.0016101663932204247, 0.001529249013401568, 0.0018149899551644921, 0.001485027838498354, 0.0011106212623417377, 0.0013159579830244184, 0.0010096142068505287, 0.0008179513970389962, 0.0012125300709158182, 0.001204075408168137, 0.0012173117138445377, 0.0006265108240768313]","[0.13055564350225152, 0.12298428874547535, 0.2704234434077282, 0.27603662434454473, 0.01, 0.01, 0.01, 0.01, 0.01, 0.01, 0.01, 0.01, 0.01, 0.01, 0.01, 0.01, 0.01, 0.01, 0.01, 0.01, 0.01, 0.01, 0.01, 0.01]","[true, true, true, true, true, true, true, true, true, true, true, true, true, true, true, true, true, true, true, true, true, true, true, true]",-10.296655999639604,"[0.142875, 0.142875, 0.345875, 0.345875, 0.001, 0.001, 0.003625, 0.003625, 0.000875, 0.000875, 0.001, 0.001, 0.000875, 0.000875, 0.000875, 0.000875, 0.00075, 0.00075, 0.00075, 0.00075, 0.00075, 0.00075, 0.00075, 0.00075]",2,0.345875,0.32470983266830444,"ControllerAction(token_budget=516, selected_request_ids=[0, 1, 2, 3, 8], token_allocations={0: 1, 1: 1, 2: 1, 3: 1, 8: 512}, prefill_allocations={8: 512}, decode_allocations={0: 1, 1: 1, 2: 1, 3: 1}, heuristic='LST', strategy='Fixed', mapping=None)","{""type"": ""controller"", ""token_budget"": 516, ""selected_request_ids"": [0, 1, 2, 3, 8], ""token_allocations"": {""0"": 1, ""1"": 1, ""2"": 1, ""3"": 1, ""8"": 512}, ""prefill_allocations"": {""8"": 512}, ""decode_allocations"": {""0"": 1, ""1"": 1, ""2"": 1, ""3"": 1}, ""heuristic"": ""LST"", ""strategy"": ""Fixed""}",arena_root,best_as_adversary,2.609017100188639,8,1.2450484849899834,9.245048484989983
907003,1000048,75,6267686,controller,4000,-13.293853759765625,"[0.15897995233535767, 0.15172041952610016, 0.3245624899864197, 0.33158567547798157, 0.0027393894270062447, 0.0031492975540459156, 0.005477987229824066, 0.004845860414206982, 0.0017380100907757878, 0.0017068980960175395, 0.001425472553819418, 0.0015014322707429528, 0.0015901082661002874, 0.0015287934802472591, 0.0017451918683946133, 0.0014544222503900528, 0.0010992693714797497, 0.0013623270206153393, 0.0009975983994081616, 0.0007894581649452448, 0.0, 0.0, 0.0, 0.0]","[0.13812210993363905, 0.13181501288135164, 0.28198055958449114, 0.28808231760051806, 0.01, 0.01, 0.01, 0.01, 0.01, 0.01, 0.01, 0.01, 0.01, 0.01, 0.01, 0.01, 0.01, 0.01, 0.01, 0.01, 0.0, 0.0, 0.0, 0.0]","[true, true, true, true, true, true, true, true, true, true, true, true, true, true, true, true, true, true, true, true, false, false, false, false]",-10.403710482493079,"[0.2460625, 0.2460625, 0.2460625, 0.2460625, 0.001125, 0.001125, 0.001125, 0.001125, 0.001, 0.001, 0.001, 0.001, 0.0009375, 0.0009375, 0.0009375, 0.0009375, 0.000875, 0.000875, 0.000875, 0.000875, 0.0, 0.0, 0.0, 0.0]",0,0.2460625,0.15897995233535767,"ControllerAction(token_budget=516, selected_request_ids=[0, 1, 2, 3, 4], token_allocations={0: 1, 1: 1, 2: 1, 3: 1, 4: 512}, prefill_allocations={4: 512}, decode_allocations={0: 1, 1: 1, 2: 1, 3: 1}, heuristic='SJF', strategy='Fixed', mapping=None)","{""type"": ""controller"", ""token_budget"": 516, ""selected_request_ids"": [0, 1, 2, 3, 4], ""token_allocations"": {""0"": 1, ""1"": 1, ""2"": 1, ""3"": 1, ""4"": 512}, ""prefill_allocations"": {""4"": 512}, ""decode_allocations"": {""0"": 1, ""1"": 1, ""2"": 1, ""3"": 1}, ""heuristic"": ""SJF"", ""strategy"": ""Fixed""}",arena_root,best_as_adversary,2.635347697389832,8,1.376701470995949,9.376701470995949
907003,1000050,77,6359859,controller,4000,-15.042548179626465,"[0.17326468229293823, 0.16493859887123108, 0.3091793954372406, 0.3194834291934967, 0.0030487237963825464, 0.0036179658491164446, 0.005953124258667231, 0.0052488925866782665, 0.0020896519999951124, 0.0020502996630966663, 0.0017089155735448003, 0.0018898191628977656, 0.0018980401800945401, 0.0018104284536093473, 0.0020849560387432575, 0.0017331059789285064, 0.0, 0.0, 0.0, 0.0, 0.0, 0.0, 0.0, 0.0]","[0.1576980716398476, 0.15012002813704173, 0.2814018056420372, 0.2907800945810734, 0.01, 0.01, 0.01, 0.01, 0.01, 0.01, 0.01, 0.01, 0.01, 0.01, 0.01, 0.01, 0.0, 0.0, 0.0, 0.0, 0.0, 0.0, 0.0, 0.0]","[true, true, true, true, true, true, true, true, true, true, true, true, true, true, true, true, false, false, false, false, false, false, false, false]",-10.49410318118037,"[0.24675, 0.24675, 0.24675, 0.24675, 0.0011875, 0.0011875, 0.0011875, 0.0011875, 0.0010625, 0.0010625, 0.0010625, 0.0010625, 0.001, 0.001, 0.001, 0.001, 0.0, 0.0, 0.0, 0.0, 0.0, 0.0, 0.0, 0.0]",0,0.24675,0.17326468229293823,"ControllerAction(token_budget=517, selected_request_ids=[0, 1, 2, 3, 4, 5], token_allocations={0: 1, 1: 1, 2: 1, 3: 1, 4: 1, 5: 512}, prefill_allocations={5: 512}, decode_allocations={0: 1, 1: 1, 2: 1, 3: 1, 4: 1}, heuristic='SJF', strategy='Fixed', mapping=None)","{""type"": ""controller"", ""token_budget"": 517, ""selected_request_ids"": [0, 1, 2, 3, 4, 5], ""token_allocations"": {""0"": 1, ""1"": 1, ""2"": 1, ""3"": 1, ""4"": 1, ""5"": 512}, ""prefill_allocations"": {""5"": 512}, ""decode_allocations"": {""0"": 1, ""1"": 1, ""2"": 1, ""3"": 1, ""4"": 1}, ""heuristic"": ""SJF"", ""strategy"": ""Fixed""}",arena_root,best_as_adversary,2.6621902638710253,8,1.5109143034019157,9.510914303401915
907003,1000052,79,6452357,controller,4000,-17.5198917388916,"[0.18890902400016785, 0.1793806403875351, 0.294644296169281, 0.3079470992088318, 0.0033944291062653065, 0.004158130381256342, 0.006472200155258179, 0.005687849596142769, 0.0025134580209851265, 0.002463778480887413, 0.0020495462231338024, 0.002379630459472537, 0.0, 0.0, 0.0, 0.0, 0.0, 0.0, 0.0, 0.0, 0.0, 0.0, 0.0, 0.0]","[0.17900885008723466, 0.16997982141740298, 0.27920284338549506, 0.29180848510986734, 0.01, 0.01, 0.01, 0.01, 0.01, 0.01, 0.01, 0.01, 0.0, 0.0, 0.0, 0.0, 0.0, 0.0, 0.0, 0.0, 0.0, 0.0, 0.0, 0.0]","[true, true, true, true, true, true, true, true, true, true, true, true, false, false, false, false, false, false, false, false, false, false, false, false]",-10.559066227481331,"[0.24775, 0.24775, 0.24775, 0.24775, 0.0011875, 0.0011875, 0.0011875, 0.0011875, 0.0010625, 0.0010625, 0.0010625, 0.0010625, 0.0, 0.0, 0.0, 0.0, 0.0, 0.0, 0.0, 0.0, 0.0, 0.0, 0.0, 0.0]",0,0.24775,0.18890902400016785,"ControllerAction(token_budget=518, selected_request_ids=[0, 1, 2, 3, 4, 5, 6], token_allocations={0: 1, 1: 1, 2: 1, 3: 1, 4: 1, 5: 1, 6: 512}, prefill_allocations={6: 512}, decode_allocations={0: 1, 1: 1, 2: 1, 3: 1, 4: 1, 5: 1}, heuristic='SJF', strategy='Fixed', mapping=None)","{""type"": ""controller"", ""token_budget"": 518, ""selected_request_ids"": [0, 1, 2, 3, 4, 5, 6], ""token_allocations"": {""0"": 1, ""1"": 1, ""2"": 1, ""3"": 1, ""4"": 1, ""5"": 1, ""6"": 512}, ""prefill_allocations"": {""6"": 512}, ""decode_allocations"": {""0"": 1, ""1"": 1, ""2"": 1, ""3"": 1, ""4"": 1, ""5"": 1}, ""heuristic"": ""SJF"", ""strategy"": ""Fixed""}",arena_root,best_as_adversary,2.6890276980642187,8,1.6182640401746893,9.61826404017469
907003,1000054,81,6543790,controller,4000,-20.738187789916992,"[0.20587749779224396, 0.19500358402729034, 0.28067129850387573, 0.29669955372810364, 0.003777536563575268, 0.0047766948118805885, 0.007033211644738913, 0.0061605931259691715, 0.0, 0.0, 0.0, 0.0, 0.0, 0.0, 0.0, 0.0, 0.0, 0.0, 0.0, 0.0, 0.0, 0.0, 0.0, 0.0]","[0.20203629658262098, 0.19136526507121712, 0.27543461677381365, 0.2911638215723482, 0.01, 0.01, 0.01, 0.01, 0.0, 0.0, 0.0, 0.0, 0.0, 0.0, 0.0, 0.0, 0.0, 0.0, 0.0, 0.0, 0.0, 0.0, 0.0, 0.0]","[true, true, true, true, true, true, true, true, false, false, false, false, false, false, false, false, false, false, false, false, false, false, false, false]",-10.60029065408325,"[0.2486875, 0.2486875, 0.2486875, 0.2486875, 0.0013125, 0.0013125, 0.0013125, 0.0013125, 0.0, 0.0, 0.0, 0.0, 0.0, 0.0, 0.0, 0.0, 0.0, 0.0, 0.0, 0.0, 0.0, 0.0, 0.0, 0.0]",0,0.2486875,0.20587749779224396,"ControllerAction(token_budget=519, selected_request_ids=[0, 1, 2, 3, 4, 5, 6, 7], token_allocations={0: 1, 1: 1, 2: 1, 3: 1, 4: 1, 5: 1, 6: 1, 7: 512}, prefill_allocations={7: 512}, decode_allocations={0: 1, 1: 1, 2: 1, 3: 1, 4: 1, 5: 1, 6: 1}, heuristic='SJF', strategy='Fixed', mapping=None)","{""type"": ""controller"", ""token_budget"": 519, ""selected_request_ids"": [0, 1, 2, 3, 4, 5, 6, 7], ""token_allocations"": {""0"": 1, ""1"": 1, ""2"": 1, ""3"": 1, ""4"": 1, ""5"": 1, ""6"": 1, ""7"": 512}, ""prefill_allocations"": {""7"": 512}, ""decode_allocations"": {""0"": 1, ""1"": 1, ""2"": 1, ""3"": 1, ""4"": 1, ""5"": 1, ""6"": 1}, ""heuristic"": ""SJF"", ""strategy"": ""Fixed""}",arena_root,best_as_adversary,2.715876805857412,8,1.6988113635542694,9.69881136355427
907003,1000056,83,6636520,controller,4000,-24.53750991821289,"[0.22673484683036804, 0.2142218053340912, 0.2701716125011444, 0.28887176513671875, 0.0, 0.0, 0.0, 0.0, 0.0, 0.0, 0.0, 0.0, 0.0, 0.0, 0.0, 0.0, 0.0, 0.0, 0.0, 0.0, 0.0, 0.0, 0.0, 0.0]","[0.22673484007314323, 0.21422179894978408, 0.27017160444940314, 0.28887175652766955, 0.0, 0.0, 0.0, 0.0, 0.0, 0.0, 0.0, 0.0, 0.0, 0.0, 0.0, 0.0, 0.0, 0.0, 0.0, 0.0, 0.0, 0.0, 0.0, 0.0]","[true, true, true, true, false, false, false, false, false, false, false, false, false, false, false, false, false, false, false, false, false, false, false, false]",-10.618524360776881,"[0.25, 0.25, 0.25, 0.25, 0.0, 0.0, 0.0, 0.0, 0.0, 0.0, 0.0, 0.0, 0.0, 0.0, 0.0, 0.0, 0.0, 0.0, 0.0, 0.0, 0.0, 0.0, 0.0, 0.0]",0,0.25,0.22673484683036804,"ControllerAction(token_budget=520, selected_request_ids=[0, 1, 2, 3, 4, 5, 6, 7, 8], token_allocations={0: 1, 1: 1, 2: 1, 3: 1, 4: 1, 5: 1, 6: 1, 7: 1, 8: 512}, prefill_allocations={8: 512}, decode_allocations={0: 1, 1: 1, 2: 1, 3: 1, 4: 1, 5: 1, 6: 1, 7: 1}, heuristic='SJF', strategy='Fixed', mapping=None)","{""type"": ""controller"", ""token_budget"": 520, ""selected_request_ids"": [0, 1, 2, 3, 4, 5, 6, 7, 8], ""token_allocations"": {""0"": 1, ""1"": 1, ""2"": 1, ""3"": 1, ""4"": 1, ""5"": 1, ""6"": 1, ""7"": 1, ""8"": 512}, ""prefill_allocations"": {""8"": 512}, ""decode_allocations"": {""0"": 1, ""1"": 1, ""2"": 1, ""3"": 1, ""4"": 1, ""5"": 1, ""6"": 1, ""7"": 1}, ""heuristic"": ""SJF"", ""strategy"": ""Fixed""}",arena_root,best_as_adversary,2.7428384635386056,8,1.7527346789166565,9.752734678916656
907003,1000059,86,6772644,adversary,4000,-31.62279510498047,"[0.08797605335712433, 0.11946868151426315, 0.14888253808021545, 0.18219901621341705, 0.19587159156799316, 0.26560211181640625]","[0.1, 0.11789363057515803, 0.14691970080397415, 0.17979694122645312, 0.1932892601123108, 0.26210046728210384]","[true, true, true, true, true, true]",-11.104536659610051,"[0.033, 0.082, 0.1875, 0.207, 0.213, 0.2775]",5,0.2775,0.26560211181640625,"AdversaryAction(requests=[AdversaryRequestSpec(prefill_tokens=3072, decode_tokens=5000, prefill_slo=0.3874467952163693, decode_slo=0.05), AdversaryRequestSpec(prefill_tokens=3072, decode_tokens=5000, prefill_slo=0.3874467952163693, decode_slo=0.05), AdversaryRequestSpec(prefill_tokens=3072, decode_tokens=5000, prefill_slo=0.3874467952163693, decode_slo=0.05), AdversaryRequestSpec(prefill_tokens=3072, decode_tokens=5000, prefill_slo=0.3874467952163693, decode_slo=0.05), AdversaryRequestSpec(prefill_tokens=3072, decode_tokens=5000, prefill_slo=0.3874467952163693, decode_slo=0.05), AdversaryRequestSpec(prefill_tokens=3072, decode_tokens=5000, prefill_slo=0.3874467952163693, decode_slo=0.05)], stop_decode_ids=[])","{""type"": ""adversary"", ""requests"": [{""prefill_tokens"": 3072, ""decode_tokens"": 5000, ""prefill_slo"": 0.3874467952163693, ""decode_slo"": 0.05}, {""prefill_tokens"": 3072, ""decode_tokens"": 5000, ""prefill_slo"": 0.3874467952163693, ""decode_slo"": 0.05}, {""prefill_tokens"": 3072, ""decode_tokens"": 5000, ""prefill_slo"": 0.3874467952163693, ""decode_slo"": 0.05}, {""prefill_tokens"": 3072, ""decode_tokens"": 5000, ""prefill_slo"": 0.3874467952163693, ""decode_slo"": 0.05}, {""prefill_tokens"": 3072, ""decode_tokens"": 5000, ""prefill_slo"": 0.3874467952163693, ""decode_slo"": 0.05}, {""prefill_tokens"": 3072, ""decode_tokens"": 5000, ""prefill_slo"": 0.3874467952163693, ""decode_slo"": 0.05}], ""stop_decode_ids"": []}",arena_root,best_as_adversary,3.0,8,1.77973703035785,9.77973703035785
907003,1000060,87,6822073,controller,4000,-17.082839965820312,"[0.11265343427658081, 0.11407066881656647, 0.19827574491500854, 0.1953108161687851, 0.07227157801389694, 0.06019036844372749, 0.09056299179792404, 0.0896148830652237, 0.005774994846433401, 0.004780924879014492, 0.005109739955514669, 0.004151472356170416, 0.004683423787355423, 0.0044413479045033455, 0.00525691919028759, 0.005341739393770695, 0.004270175937563181, 0.0028906038496643305, 0.003311725566163659, 0.002903702901676297, 0.00387535709887743, 0.004286553710699081, 0.002792920684441924, 0.0031779713463038206]","[0.10142969671305221, 0.10270573122087806, 0.17852139884975216, 0.17585186795230154, 0.06507111199935404, 0.054193561479051314, 0.08154013990321532, 0.0806864918823952, 0.01, 0.01, 0.01, 0.01, 0.01, 0.01, 0.01, 0.01, 0.01, 0.01, 0.01, 0.01, 0.01, 0.01, 0.01, 0.01]","[true, true, true, true, true, true, true, true, true, true, true, true, true, true, true, true, true, true, true, true, true, true, true, true]",-10.621504785610695,"[0.1615625, 0.1615625, 0.1615625, 0.1615625, 0.0836875, 0.0836875, 0.0836875, 0.0836875, 0.0014375, 0.0014375, 0.0014375, 0.0014375, 0.0013125, 0.0013125, 0.0013125, 0.0013125, 0.0010625, 0.0010625, 0.0010625, 0.0010625, 0.0009375, 0.0009375, 0.0009375, 0.0009375]",0,0.1615625,0.11265343427658081,"ControllerAction(token_budget=521, selected_request_ids=[0, 1, 2, 3, 4, 5, 6, 7, 8, 9], token_allocations={0: 1, 1: 1, 2: 1, 3: 1, 4: 1, 5: 1, 6: 1, 7: 1, 8: 1, 9: 512}, prefill_allocations={9: 512}, decode_allocations={0: 1, 1: 1, 2: 1, 3: 1, 4: 1, 5: 1, 6: 1, 7: 1, 8: 1}, heuristic='SJF', strategy='Fixed', mapping=None)","{""type"": ""controller"", ""token_budget"": 521, ""selected_request_ids"": [0, 1, 2, 3, 4, 5, 6, 7, 8, 9], ""token_allocations"": {""0"": 1, ""1"": 1, ""2"": 1, ""3"": 1, ""4"": 1, ""5"": 1, ""6"": 1, ""7"": 1, ""8"": 1, ""9"": 512}, ""prefill_allocations"": {""9"": 512}, ""decode_allocations"": {""0"": 1, ""1"": 1, ""2"": 1, ""3"": 1, ""4"": 1, ""5"": 1, ""6"": 1, ""7"": 1, ""8"": 1}, ""heuristic"": ""SJF"", ""strategy"": ""Fixed""}",arena_root,best_as_adversary,3.0,8,1.77973703035785,9.77973703035785
907003,1000062,89,6874314,controller,4000,-16.976539611816406,"[0.11689381301403046, 0.11691612005233765, 0.20782577991485596, 0.20559068024158478, 0.0684242770075798, 0.05640077218413353, 0.08275499939918518, 0.08325108885765076, 0.005372283980250359, 0.004423750098794699, 0.004640053026378155, 0.003815899370238185, 0.0043340702541172504, 0.0041210767813026905, 0.0049296775832772255, 0.004960063844919205, 0.003901915391907096, 0.0026414915919303894, 0.0030609839595854282, 0.002689056098461151, 0.0035594371147453785, 0.003910196479409933, 0.0026057609356939793, 0.0029767905361950397]","[0.10467460653667099, 0.10469458176373903, 0.18610122452035371, 0.18409976547955895, 0.06127171394832444, 0.05050505655102538, 0.07410440961501046, 0.07454864158531706, 0.01, 0.01, 0.01, 0.01, 0.01, 0.01, 0.01, 0.01, 0.01, 0.01, 0.01, 0.01, 0.01, 0.01, 0.01, 0.01]","[true, true, true, true, true, true, true, true, true, true, true, true, true, true, true, true, true, true, true, true, true, true, true, true]",-10.596536212662919,"[0.125625, 0.125625, 0.22, 0.22, 0.068, 0.068, 0.086375, 0.086375, 0.0, 0.0, 0.0, 0.0, 0.0, 0.0, 0.0, 0.0, 0.0, 0.0, 0.0, 0.0, 0.0, 0.0, 0.0, 0.0]",2,0.22,0.20782577991485596,"ControllerAction(token_budget=521, selected_request_ids=[0, 1, 2, 3, 4, 5, 6, 7, 8, 10], token_allocations={0: 1, 1: 1, 2: 1, 3: 1, 4: 1, 5: 1, 6: 1, 7: 1, 8: 1, 10: 512}, prefill_allocations={10: 512}, decode_allocations={0: 1, 1: 1, 2: 1, 3: 1, 4: 1, 5: 1, 6: 1, 7: 1, 8: 1}, heuristic='LST', strategy='Fixed', mapping=None)","{""type"": ""controller"", ""token_budget"": 521, ""selected_request_ids"": [0, 1, 2, 3, 4, 5, 6, 7, 8, 10], ""token_allocations"": {""0"": 1, ""1"": 1, ""2"": 1, ""3"": 1, ""4"": 1, ""5"": 1, ""6"": 1, ""7"": 1, ""8"": 1, ""10"": 512}, ""prefill_allocations"": {""10"": 512}, ""decode_allocations"": {""0"": 1, ""1"": 1, ""2"": 1, ""3"": 1, ""4"": 1, ""5"": 1, ""6"": 1, ""7"": 1, ""8"": 1}, ""heuristic"": ""LST"", ""strategy"": ""Fixed""}",arena_root,best_as_adversary,3.025864667702261,8,1.77973703035785,9.77973703035785
907003,1000064,91,6926715,controller,4000,-17.155759811401367,"[0.12086722999811172, 0.12054687738418579, 0.2130945324897766, 0.21157468855381012, 0.06306211650371552, 0.052887432277202606, 0.07718369364738464, 0.07739551365375519, 0.005469863303005695, 0.004539463669061661, 0.004744603298604488, 0.00393544789403677, 0.004448244348168373, 0.004208832513540983, 0.005056469235569239, 0.0050158328376710415, 0.003962956368923187, 0.002741192001849413, 0.003156752558425069, 0.002771334955468774, 0.003658973379060626, 0.003985758870840073, 0.0027191455010324717, 0.002972974441945553]","[0.10839970450707218, 0.1081123964527039, 0.1911137067865736, 0.189750635641829, 0.056557222290112195, 0.047432062694546064, 0.0692221504891904, 0.06941212113797265, 0.01, 0.01, 0.01, 0.01, 0.01, 0.01, 0.01, 0.01, 0.01, 0.01, 0.01, 0.01, 0.01, 0.01, 0.01, 0.01]","[true, true, true, true, true, true, true, true, true, true, true, true, true, true, true, true, true, true, true, true, true, true, true, true]",-10.595843715644017,"[0.12975, 0.12975, 0.22725, 0.22725, 0.062875, 0.062875, 0.080125, 0.080125, 0.0, 0.0, 0.0, 0.0, 0.0, 0.0, 0.0, 0.0, 0.0, 0.0, 0.0, 0.0, 0.0, 0.0, 0.0, 0.0]",2,0.22725,0.2130945324897766,"ControllerAction(token_budget=521, selected_request_ids=[0, 1, 2, 3, 4, 5, 6, 7, 8, 11], token_allocations={0: 1, 1: 1, 2: 1, 3: 1, 4: 1, 5: 1, 6: 1, 7: 1, 8: 1, 11: 512}, prefill_allocations={11: 512}, decode_allocations={0: 1, 1: 1, 2: 1, 3: 1, 4: 1, 5: 1, 6: 1, 7: 1, 8: 1}, heuristic='LST', strategy='Fixed', mapping=None)","{""type"": ""controller"", ""token_budget"": 521, ""selected_request_ids"": [0, 1, 2, 3, 4, 5, 6, 7, 8, 11], ""token_allocations"": {""0"": 1, ""1"": 1, ""2"": 1, ""3"": 1, ""4"": 1, ""5"": 1, ""6"": 1, ""7"": 1, ""8"": 1, ""11"": 512}, ""prefill_allocations"": {""11"": 512}, ""decode_allocations"": {""0"": 1, ""1"": 1, ""2"": 1, ""3"": 1, ""4"": 1, ""5"": 1, ""6"": 1, ""7"": 1, ""8"": 1}, ""heuristic"": ""LST"", ""strategy"": ""Fixed""}",arena_root,best_as_adversary,3.051729335404522,8,1.77973703035785,9.77973703035785
907003,1000066,93,6979394,controller,4000,-17.342575073242188,"[0.12472371757030487, 0.12403973191976547, 0.21805629134178162, 0.21729381382465363, 0.05800298601388931, 0.04949294775724411, 0.07184232771396637, 0.07180671393871307, 0.005557986907660961, 0.004648811649531126, 0.004841726738959551, 0.004050560295581818, 0.004556222353130579, 0.004289787728339434, 0.005176064092665911, 0.005062000826001167, 0.004016839433461428, 0.002838918473571539, 0.003248951630666852, 0.0028503735084086657, 0.0037537086755037308, 0.0040545896627008915, 0.002831744961440563, 0.0029631792567670345]","[0.11202028037109564, 0.1114059604499464, 0.19584668713084755, 0.19516186994523738, 0.052095230018894136, 0.04445196144055989, 0.06452499853120738, 0.06449301211221135, 0.01, 0.01, 0.01, 0.01, 0.01, 0.01, 0.01, 0.01, 0.01, 0.01, 0.01, 0.01, 0.01, 0.01, 0.01, 0.01]","[true, true, true, true, true, true, true, true, true, true, true, true, true, true, true, true, true, true, true, true, true, true, true, true]",-10.59749409918881,"[0.134125, 0.134125, 0.232, 0.232, 0.0585, 0.0585, 0.075375, 0.075375, 0.0, 0.0, 0.0, 0.0, 0.0, 0.0, 0.0, 0.0, 0.0, 0.0, 0.0, 0.0, 0.0, 0.0, 0.0, 0.0]",2,0.232,0.21805629134178162,"ControllerAction(token_budget=521, selected_request_ids=[0, 1, 2, 3, 4, 5, 6, 7, 8, 12], token_allocations={0: 1, 1: 1, 2: 1, 3: 1, 4: 1, 5: 1, 6: 1, 7: 1, 8: 1, 12: 512}, prefill_allocations={12: 512}, decode_allocations={0: 1, 1: 1, 2: 1, 3: 1, 4: 1, 5: 1, 6: 1, 7: 1, 8: 1}, heuristic='LST', strategy='Fixed', mapping=None)","{""type"": ""controller"", ""token_budget"": 521, ""selected_request_ids"": [0, 1, 2, 3, 4, 5, 6, 7, 8, 12], ""token_allocations"": {""0"": 1, ""1"": 1, ""2"": 1, ""3"": 1, ""4"": 1, ""5"": 1, ""6"": 1, ""7"": 1, ""8"": 1, ""12"": 512}, ""prefill_allocations"": {""12"": 512}, ""decode_allocations"": {""0"": 1, ""1"": 1, ""2"": 1, ""3"": 1, ""4"": 1, ""5"": 1, ""6"": 1, ""7"": 1, ""8"": 1}, ""heuristic"": ""LST"", ""strategy"": ""Fixed""}",arena_root,best_as_adversary,3.0775940031067828,8,1.77973703035785,9.77973703035785
907003,1000068,95,7031792,controller,4000,-17.537229537963867,"[0.12845589220523834, 0.12738855183124542, 0.2227047085762024, 0.2227386087179184, 0.05324716493487358, 0.04622730240225792, 0.06674205511808395, 0.0664934366941452, 0.005636673420667648, 0.004751643165946007, 0.004931340925395489, 0.004161024931818247, 0.004657849669456482, 0.004363897256553173, 0.005288301035761833, 0.005098773166537285, 0.00406362721696496, 0.0029344784561544657, 0.0033374151680618525, 0.0029260304290801287, 0.003843494225293398, 0.004116681404411793, 0.002943336497992277, 0.0029477369971573353]","[0.11552806509736525, 0.11456814207561172, 0.20029166142705032, 0.2003221498516118, 0.04788835943015905, 0.04157497729003247, 0.06002512112168812, 0.05980152370648112, 0.01, 0.01, 0.01, 0.01, 0.01, 0.01, 0.01, 0.01, 0.01, 0.01, 0.01, 0.01, 0.01, 0.01, 0.01, 0.01]","[true, true, true, true, true, true, true, true, true, true, true, true, true, true, true, true, true, true, true, true, true, true, true, true]",-10.605884518695097,"[0.141125, 0.141125, 0.232, 0.232, 0.054, 0.054, 0.072875, 0.072875, 0.0, 0.0, 0.0, 0.0, 0.0, 0.0, 0.0, 0.0, 0.0, 0.0, 0.0, 0.0, 0.0, 0.0, 0.0, 0.0]",2,0.232,0.2227047085762024,"ControllerAction(token_budget=521, selected_request_ids=[0, 1, 2, 3, 4, 5, 6, 7, 8, 13], token_allocations={0: 1, 1: 1, 2: 1, 3: 1, 4: 1, 5: 1, 6: 1, 7: 1, 8: 1, 13: 512}, prefill_allocations={13: 512}, decode_allocations={0: 1, 1: 1, 2: 1, 3: 1, 4: 1, 5: 1, 6: 1, 7: 1, 8: 1}, heuristic='LST', strategy='Fixed', mapping=None)","{""type"": ""controller"", ""token_budget"": 521, ""selected_request_ids"": [0, 1, 2, 3, 4, 5, 6, 7, 8, 13], ""token_allocations"": {""0"": 1, ""1"": 1, ""2"": 1, ""3"": 1, ""4"": 1, ""5"": 1, ""6"": 1, ""7"": 1, ""8"": 1, ""13"": 512}, ""prefill_allocations"": {""13"": 512}, ""decode_allocations"": {""0"": 1, ""1"": 1, ""2"": 1, ""3"": 1, ""4"": 1, ""5"": 1, ""6"": 1, ""7"": 1, ""8"": 1}, ""heuristic"": ""LST"", ""strategy"": ""Fixed""}",arena_root,best_as_adversary,3.1034586708090437,8,1.77973703035785,9.77973703035785
907003,1000070,97,7083978,controller,4000,-17.739898681640625,"[0.1320582926273346, 0.13058894872665405, 0.22703711688518524, 0.22790317237377167, 0.04879208654165268, 0.0430983304977417, 0.061890698969364166, 0.06146092712879181, 0.005706042516976595, 0.004847886506468058, 0.005013446323573589, 0.004266703501343727, 0.0047530545853078365, 0.004431183449923992, 0.005393112078309059, 0.005126440431922674, 0.004103458486497402, 0.003027720842510462, 0.003422034438699484, 0.002998212818056345, 0.0039282492361962795, 0.004172096960246563, 0.0030537426937371492, 0.0029270239174365997]","[0.11891664772265384, 0.11759352406609, 0.20444375216020452, 0.20522362302931482, 0.04393659232972669, 0.0388094445511074, 0.055731709839820315, 0.05534470630108244, 0.01, 0.01, 0.01, 0.01, 0.01, 0.01, 0.01, 0.01, 0.01, 0.01, 0.01, 0.01, 0.01, 0.01, 0.01, 0.01]","[true, true, true, true, true, true, true, true, true, true, true, true, true, true, true, true, true, true, true, true, true, true, true, true]",-10.628300321574851,"[0.148875, 0.148875, 0.226875, 0.226875, 0.053125, 0.053125, 0.071125, 0.071125, 0.0, 0.0, 0.0, 0.0, 0.0, 0.0, 0.0, 0.0, 0.0, 0.0, 0.0, 0.0, 0.0, 0.0, 0.0, 0.0]",2,0.226875,0.22703711688518524,"ControllerAction(token_budget=521, selected_request_ids=[0, 1, 2, 3, 4, 5, 6, 7, 8, 14], token_allocations={0: 1, 1: 1, 2: 1, 3: 1, 4: 1, 5: 1, 6: 1, 7: 1, 8: 1, 14: 512}, prefill_allocations={14: 512}, decode_allocations={0: 1, 1: 1, 2: 1, 3: 1, 4: 1, 5: 1, 6: 1, 7: 1, 8: 1}, heuristic='LST', strategy='Fixed', mapping=None)","{""type"": ""controller"", ""token_budget"": 521, ""selected_request_ids"": [0, 1, 2, 3, 4, 5, 6, 7, 8, 14], ""token_allocations"": {""0"": 1, ""1"": 1, ""2"": 1, ""3"": 1, ""4"": 1, ""5"": 1, ""6"": 1, ""7"": 1, ""8"": 1, ""14"": 512}, ""prefill_allocations"": {""14"": 512}, ""decode_allocations"": {""0"": 1, ""1"": 1, ""2"": 1, ""3"": 1, ""4"": 1, ""5"": 1, ""6"": 1, ""7"": 1, ""8"": 1}, ""heuristic"": ""LST"", ""strategy"": ""Fixed""}",arena_root,best_as_adversary,3.1293233385113046,8,1.77973703035785,9.77973703035785
907003,1000072,99,7136912,controller,4000,-17.6197509765625,"[0.1361026167869568, 0.13648495078086853, 0.23076236248016357, 0.23185499012470245, 0.0438217967748642, 0.03947614133358002, 0.05771342292428017, 0.056393496692180634, 0.005642333999276161, 0.004928612150251865, 0.004971969407051802, 0.004358011297881603, 0.0047804019413888454, 0.004506108816713095, 0.005285854451358318, 0.005117505323141813, 0.004135293886065483, 0.003188167233020067, 0.003440666710957885, 0.0029477349016815424, 0.0038841995410621166, 0.004131461028009653, 0.0031449850648641586, 0.002926978748291731]","[0.12258738950686521, 0.12293175706819387, 0.20784725731732753, 0.20883138513065766, 0.03947021590730933, 0.03555609163240865, 0.051982379345928885, 0.05079352409130883, 0.01, 0.01, 0.01, 0.01, 0.01, 0.01, 0.01, 0.01, 0.01, 0.01, 0.01, 0.01, 0.01, 0.01, 0.01, 0.01]","[true, true, true, true, true, true, true, true, true, true, true, true, true, true, true, true, true, true, true, true, true, true, true, true]",-10.682023401273774,"[0.193125, 0.193125, 0.193125, 0.193125, 0.0519375, 0.0519375, 0.0519375, 0.0519375, 0.0015625, 0.0015625, 0.0015625, 0.0015625, 0.0013125, 0.0013125, 0.0013125, 0.0013125, 0.0010625, 0.0010625, 0.0010625, 0.0010625, 0.001, 0.001, 0.001, 0.001]",0,0.193125,0.1361026167869568,"ControllerAction(token_budget=521, selected_request_ids=[0, 1, 2, 3, 4, 5, 6, 7, 8, 9], token_allocations={0: 1, 1: 1, 2: 1, 3: 1, 4: 1, 5: 1, 6: 1, 7: 1, 8: 1, 9: 512}, prefill_allocations={9: 512}, decode_allocations={0: 1, 1: 1, 2: 1, 3: 1, 4: 1, 5: 1, 6: 1, 7: 1, 8: 1}, heuristic='SJF', strategy='Fixed', mapping=None)","{""type"": ""controller"", ""token_budget"": 521, ""selected_request_ids"": [0, 1, 2, 3, 4, 5, 6, 7, 8, 9], ""token_allocations"": {""0"": 1, ""1"": 1, ""2"": 1, ""3"": 1, ""4"": 1, ""5"": 1, ""6"": 1, ""7"": 1, ""8"": 1, ""9"": 512}, ""prefill_allocations"": {""9"": 512}, ""decode_allocations"": {""0"": 1, ""1"": 1, ""2"": 1, ""3"": 1, ""4"": 1, ""5"": 1, ""6"": 1, ""7"": 1, ""8"": 1}, ""heuristic"": ""SJF"", ""strategy"": ""Fixed""}",arena_root,best_as_adversary,3.1551880062135655,8,1.77973703035785,9.77973703035785
907003,1000074,101,7191145,controller,4000,-17.495975494384766,"[0.13946208357810974, 0.13814350962638855, 0.23883768916130066, 0.24100078642368317, 0.04091480374336243, 0.0364849753677845, 0.052012164145708084, 0.0516657829284668, 0.00518249673768878, 0.004503448959439993, 0.0044581089168787, 0.003955923020839691, 0.004368642810732126, 0.004128278233110905, 0.004895300138741732, 0.004691799636930227, 0.0037308530882000923, 0.0028772694058716297, 0.0031405040062963963, 0.0026960268151015043, 0.0035230943467468023, 0.0037214893382042646, 0.0028984120581299067, 0.0027065053582191467]","[0.1248219815808936, 0.12364182558944373, 0.21376558324985795, 0.21570160829491306, 0.036619751750514344, 0.03265494682492883, 0.04655216119255677, 0.04624214151689171, 0.01, 0.01, 0.01, 0.01, 0.01, 0.01, 0.01, 0.01, 0.01, 0.01, 0.01, 0.01, 0.01, 0.01, 0.01, 0.01]","[true, true, true, true, true, true, true, true, true, true, true, true, true, true, true, true, true, true, true, true, true, true, true, true]",-10.66139481442577,"[0.142375, 0.142375, 0.25425, 0.25425, 0.039875, 0.039875, 0.0635, 0.0635, 0.0, 0.0, 0.0, 0.0, 0.0, 0.0, 0.0, 0.0, 0.0, 0.0, 0.0, 0.0, 0.0, 0.0, 0.0, 0.0]",2,0.25425,0.23883768916130066,"ControllerAction(token_budget=521, selected_request_ids=[0, 1, 2, 3, 4, 5, 6, 7, 8, 10], token_allocations={0: 1, 1: 1, 2: 1, 3: 1, 4: 1, 5: 1, 6: 1, 7: 1, 8: 1, 10: 512}, prefill_allocations={10: 512}, decode_allocations={0: 1, 1: 1, 2: 1, 3: 1, 4: 1, 5: 1, 6: 1, 7: 1, 8: 1}, heuristic='LST', strategy='Fixed', mapping=None)","{""type"": ""controller"", ""token_budget"": 521, ""selected_request_ids"": [0, 1, 2, 3, 4, 5, 6, 7, 8, 10], ""token_allocations"": {""0"": 1, ""1"": 1, ""2"": 1, ""3"": 1, ""4"": 1, ""5"": 1, ""6"": 1, ""7"": 1, ""8"": 1, ""10"": 512}, ""prefill_allocations"": {""10"": 512}, ""decode_allocations"": {""0"": 1, ""1"": 1, ""2"": 1, ""3"": 1, ""4"": 1, ""5"": 1, ""6"": 1, ""7"": 1, ""8"": 1}, ""heuristic"": ""LST"", ""strategy"": ""Fixed""}",arena_root,best_as_adversary,3.1813929716438265,8,1.77973703035785,9.77973703035785
907003,1000076,103,7245684,controller,4000,-17.705141067504883,"[0.14267681539058685, 0.1409272700548172, 0.24228212237358093, 0.2453812062740326, 0.03725838288664818, 0.03380962461233139, 0.04793563112616539, 0.04746031388640404, 0.005219957325607538, 0.004572343081235886, 0.004509860649704933, 0.004036893602460623, 0.004436354618519545, 0.004170887637883425, 0.0049684620462358, 0.004693635739386082, 0.003748493269085884, 0.0029545193538069725, 0.0032045398838818073, 0.002749406499788165, 0.003583379089832306, 0.0037530933041125536, 0.002993375761434436, 0.002673501381650567]","[0.12780688499527612, 0.12623967914679537, 0.2170312202851047, 0.21980731434475573, 0.03337527434760766, 0.030285949351563538, 0.04293972834861855, 0.04251394918027822, 0.01, 0.01, 0.01, 0.01, 0.01, 0.01, 0.01, 0.01, 0.01, 0.01, 0.01, 0.01, 0.01, 0.01, 0.01, 0.01]","[true, true, true, true, true, true, true, true, true, true, true, true, true, true, true, true, true, true, true, true, true, true, true, true]",-10.666874182030233,"[0.146625, 0.146625, 0.25975, 0.25975, 0.037125, 0.037125, 0.0565, 0.0565, 0.0, 0.0, 0.0, 0.0, 0.0, 0.0, 0.0, 0.0, 0.0, 0.0, 0.0, 0.0, 0.0, 0.0, 0.0, 0.0]",2,0.25975,0.24228212237358093,"ControllerAction(token_budget=521, selected_request_ids=[0, 1, 2, 3, 4, 5, 6, 7, 8, 11], token_allocations={0: 1, 1: 1, 2: 1, 3: 1, 4: 1, 5: 1, 6: 1, 7: 1, 8: 1, 11: 512}, prefill_allocations={11: 512}, decode_allocations={0: 1, 1: 1, 2: 1, 3: 1, 4: 1, 5: 1, 6: 1, 7: 1, 8: 1}, heuristic='LST', strategy='Fixed', mapping=None)","{""type"": ""controller"", ""token_budget"": 521, ""selected_request_ids"": [0, 1, 2, 3, 4, 5, 6, 7, 8, 11], ""token_allocations"": {""0"": 1, ""1"": 1, ""2"": 1, ""3"": 1, ""4"": 1, ""5"": 1, ""6"": 1, ""7"": 1, ""8"": 1, ""11"": 512}, ""prefill_allocations"": {""11"": 512}, ""decode_allocations"": {""0"": 1, ""1"": 1, ""2"": 1, ""3"": 1, ""4"": 1, ""5"": 1, ""6"": 1, ""7"": 1, ""8"": 1}, ""heuristic"": ""LST"", ""strategy"": ""Fixed""}",arena_root,best_as_adversary,3.2075979370740875,8,1.77973703035785,9.77973703035785
907003,1000078,105,7298971,controller,4000,-17.922237396240234,"[0.14575286209583282, 0.14355753362178802, 0.24541792273521423, 0.24947693943977356, 0.03387926518917084, 0.03128477931022644, 0.04411420598626137, 0.04353360831737518, 0.005250025540590286, 0.00463552912697196, 0.004555562976747751, 0.004113520495593548, 0.004498550668358803, 0.004207794088870287, 0.0050353710539639, 0.0046886270865798, 0.003760729217901826, 0.0030294223688542843, 0.003265116596594453, 0.002799757057800889, 0.0036393862683326006, 0.0037794504314661026, 0.0030869459733366966, 0.0026370526757091284]","[0.1306618651666184, 0.1286938371708218, 0.22000777939314953, 0.22364653259314823, 0.030371465207873344, 0.02804560786814965, 0.03954669809996212, 0.03902621450027692, 0.01, 0.01, 0.01, 0.01, 0.01, 0.01, 0.01, 0.01, 0.01, 0.01, 0.01, 0.01, 0.01, 0.01, 0.01, 0.01]","[true, true, true, true, true, true, true, true, true, true, true, true, true, true, true, true, true, true, true, true, true, true, true, true]",-10.670865263175063,"[0.151875, 0.151875, 0.264, 0.264, 0.033875, 0.033875, 0.05025, 0.05025, 0.0, 0.0, 0.0, 0.0, 0.0, 0.0, 0.0, 0.0, 0.0, 0.0, 0.0, 0.0, 0.0, 0.0, 0.0, 0.0]",2,0.264,0.24541792273521423,"ControllerAction(token_budget=521, selected_request_ids=[0, 1, 2, 3, 4, 5, 6, 7, 8, 12], token_allocations={0: 1, 1: 1, 2: 1, 3: 1, 4: 1, 5: 1, 6: 1, 7: 1, 8: 1, 12: 512}, prefill_allocations={12: 512}, decode_allocations={0: 1, 1: 1, 2: 1, 3: 1, 4: 1, 5: 1, 6: 1, 7: 1, 8: 1}, heuristic='LST', strategy='Fixed', mapping=None)","{""type"": ""controller"", ""token_budget"": 521, ""selected_request_ids"": [0, 1, 2, 3, 4, 5, 6, 7, 8, 12], ""token_allocations"": {""0"": 1, ""1"": 1, ""2"": 1, ""3"": 1, ""4"": 1, ""5"": 1, ""6"": 1, ""7"": 1, ""8"": 1, ""12"": 512}, ""prefill_allocations"": {""12"": 512}, ""decode_allocations"": {""0"": 1, ""1"": 1, ""2"": 1, ""3"": 1, ""4"": 1, ""5"": 1, ""6"": 1, ""7"": 1, ""8"": 1}, ""heuristic"": ""LST"", ""strategy"": ""Fixed""}",arena_root,best_as_adversary,3.2338029025043484,8,1.77973703035785,9.77973703035785
907003,1000080,107,7349886,controller,4000,-18.147192001342773,"[0.14869263768196106, 0.14603792130947113, 0.24825610220432281, 0.25329598784446716, 0.030764708295464516, 0.0289091058075428, 0.04054218903183937, 0.03987745940685272, 0.005273083690553904, 0.004693191964179277, 0.004595467820763588, 0.004185897298157215, 0.004555411636829376, 0.004239252302795649, 0.00509623670950532, 0.004677251912653446, 0.00376787013374269, 0.003101997310295701, 0.003322312841191888, 0.0028471488039940596, 0.0036912402138113976, 0.0038008149713277817, 0.003179107094183564, 0.0025975601747632027]","[0.13338851141966565, 0.1310070305966188, 0.2227044488558451, 0.22722560641780928, 0.02759826382641469, 0.025933648432477578, 0.036369401531625496, 0.035773088919543304, 0.01, 0.01, 0.01, 0.01, 0.01, 0.01, 0.01, 0.01, 0.01, 0.01, 0.01, 0.01, 0.01, 0.01, 0.01, 0.01]","[true, true, true, true, true, true, true, true, true, true, true, true, true, true, true, true, true, true, true, true, true, true, true, true]",-10.673784915445793,"[0.157, 0.157, 0.266125, 0.266125, 0.031125, 0.031125, 0.04575, 0.04575, 0.0, 0.0, 0.0, 0.0, 0.0, 0.0, 0.0, 0.0, 0.0, 0.0, 0.0, 0.0, 0.0, 0.0, 0.0, 0.0]",2,0.266125,0.24825610220432281,"ControllerAction(token_budget=521, selected_request_ids=[0, 1, 2, 3, 4, 5, 6, 7, 8, 13], token_allocations={0: 1, 1: 1, 2: 1, 3: 1, 4: 1, 5: 1, 6: 1, 7: 1, 8: 1, 13: 512}, prefill_allocations={13: 512}, decode_allocations={0: 1, 1: 1, 2: 1, 3: 1, 4: 1, 5: 1, 6: 1, 7: 1, 8: 1}, heuristic='LST', strategy='Fixed', mapping=None)","{""type"": ""controller"", ""token_budget"": 521, ""selected_request_ids"": [0, 1, 2, 3, 4, 5, 6, 7, 8, 13], ""token_allocations"": {""0"": 1, ""1"": 1, ""2"": 1, ""3"": 1, ""4"": 1, ""5"": 1, ""6"": 1, ""7"": 1, ""8"": 1, ""13"": 512}, ""prefill_allocations"": {""13"": 512}, ""decode_allocations"": {""0"": 1, ""1"": 1, ""2"": 1, ""3"": 1, ""4"": 1, ""5"": 1, ""6"": 1, ""7"": 1, ""8"": 1}, ""heuristic"": ""LST"", ""strategy"": ""Fixed""}",arena_root,best_as_adversary,3.2600078679346094,8,1.77973703035785,9.77973703035785
907003,1000082,109,7398599,controller,4000,-18.379859924316406,"[0.15149956941604614, 0.14837300777435303, 0.2508089244365692, 0.2568477392196655, 0.02790107950568199, 0.026679985225200653, 0.03721221163868904, 0.036482103168964386, 0.005289532709866762, 0.004745550453662872, 0.00462984899058938, 0.004254148341715336, 0.004607148002833128, 0.00426553376019001, 0.005151301622390747, 0.004659992642700672, 0.0037702431436628103, 0.0031722874846309423, 0.003376227105036378, 0.0028916746377944946, 0.003739087376743555, 0.003817458637058735, 0.003269872860983014, 0.002555418061092496]","[0.13598953834733116, 0.13318306387412193, 0.2251319259783138, 0.230552506628699, 0.025044658120117445, 0.023948575483570787, 0.03340254695860888, 0.03274718460923697, 0.01, 0.01, 0.01, 0.01, 0.01, 0.01, 0.01, 0.01, 0.01, 0.01, 0.01, 0.01, 0.01, 0.01, 0.01, 0.01]","[true, true, true, true, true, true, true, true, true, true, true, true, true, true, true, true, true, true, true, true, true, true, true, true]",-10.688291509824014,"[0.1635, 0.1635, 0.264125, 0.264125, 0.029, 0.029, 0.043375, 0.043375, 0.0, 0.0, 0.0, 0.0, 0.0, 0.0, 0.0, 0.0, 0.0, 0.0, 0.0, 0.0, 0.0, 0.0, 0.0, 0.0]",2,0.264125,0.2508089244365692,"ControllerAction(token_budget=521, selected_request_ids=[0, 1, 2, 3, 4, 5, 6, 7, 8, 14], token_allocations={0: 1, 1: 1, 2: 1, 3: 1, 4: 1, 5: 1, 6: 1, 7: 1, 8: 1, 14: 512}, prefill_allocations={14: 512}, decode_allocations={0: 1, 1: 1, 2: 1, 3: 1, 4: 1, 5: 1, 6: 1, 7: 1, 8: 1}, heuristic='LST', strategy='Fixed', mapping=None)","{""type"": ""controller"", ""token_budget"": 521, ""selected_request_ids"": [0, 1, 2, 3, 4, 5, 6, 7, 8, 14], ""token_allocations"": {""0"": 1, ""1"": 1, ""2"": 1, ""3"": 1, ""4"": 1, ""5"": 1, ""6"": 1, ""7"": 1, ""8"": 1, ""14"": 512}, ""prefill_allocations"": {""14"": 512}, ""decode_allocations"": {""0"": 1, ""1"": 1, ""2"": 1, ""3"": 1, ""4"": 1, ""5"": 1, ""6"": 1, ""7"": 1, ""8"": 1}, ""heuristic"": ""LST"", ""strategy"": ""Fixed""}",arena_root,best_as_adversary,3.2862128333648704,8,1.77973703035785,9.77973703035785
907003,1000084,111,7442591,controller,4000,-18.25347328186035,"[0.15469056367874146, 0.15363411605358124, 0.25253885984420776, 0.25886645913124084, 0.024792389944195747, 0.02418188750743866, 0.03433448448777199, 0.03311942517757416, 0.005181113723665476, 0.004779803566634655, 0.0045484756119549274, 0.00430509215220809, 0.004590736236423254, 0.0042967041954398155, 0.005002398043870926, 0.004608007613569498, 0.0037636084016412497, 0.0033096768893301487, 0.0033631690312176943, 0.0028169071301817894, 0.0036629470996558666, 0.003745029680430889, 0.003337273607030511, 0.002530785044655204]","[0.1388014071314947, 0.13785347331157857, 0.2265991426248615, 0.23227679783483557, 0.022245821132010023, 0.021698026908083902, 0.030807792322319644, 0.029717538734816168, 0.01, 0.01, 0.01, 0.01, 0.01, 0.01, 0.01, 0.01, 0.01, 0.01, 0.01, 0.01, 0.01, 0.01, 0.01, 0.01]","[true, true, true, true, true, true, true, true, true, true, true, true, true, true, true, true, true, true, true, true, true, true, true, true]",-10.739698068404838,"[0.2165625, 0.2165625, 0.2165625, 0.2165625, 0.0306875, 0.0306875, 0.0306875, 0.0306875, 0.0018125, 0.0018125, 0.0018125, 0.0018125, 0.0003125, 0.0003125, 0.0003125, 0.0003125, 0.0003125, 0.0003125, 0.0003125, 0.0003125, 0.0003125, 0.0003125, 0.0003125, 0.0003125]",0,0.2165625,0.15469056367874146,"ControllerAction(token_budget=521, selected_request_ids=[0, 1, 2, 3, 4, 5, 6, 7, 8, 9], token_allocations={0: 1, 1: 1, 2: 1, 3: 1, 4: 1, 5: 1, 6: 1, 7: 1, 8: 1, 9: 512}, prefill_allocations={9: 512}, decode_allocations={0: 1, 1: 1, 2: 1, 3: 1, 4: 1, 5: 1, 6: 1, 7: 1, 8: 1}, heuristic='SJF', strategy='Fixed', mapping=None)","{""type"": ""controller"", ""token_budget"": 521, ""selected_request_ids"": [0, 1, 2, 3, 4, 5, 6, 7, 8, 9], ""token_allocations"": {""0"": 1, ""1"": 1, ""2"": 1, ""3"": 1, ""4"": 1, ""5"": 1, ""6"": 1, ""7"": 1, ""8"": 1, ""9"": 512}, ""prefill_allocations"": {""9"": 512}, ""decode_allocations"": {""0"": 1, ""1"": 1, ""2"": 1, ""3"": 1, ""4"": 1, ""5"": 1, ""6"": 1, ""7"": 1, ""8"": 1}, ""heuristic"": ""SJF"", ""strategy"": ""Fixed""}",arena_root,best_as_adversary,3.3124177987951313,8,1.77973703035785,9.77973703035785
907003,1000086,113,7485267,controller,4000,-18.112659454345703,"[0.15705794095993042, 0.1540791094303131, 0.2589534819126129, 0.26659882068634033, 0.022889910265803337, 0.02210613340139389, 0.03060188516974449, 0.03000657819211483, 0.004714195150882006, 0.004327494651079178, 0.004040444735437632, 0.0038724031765013933, 0.004157010931521654, 0.003899459959939122, 0.004590904805809259, 0.0041850837878882885, 0.0033636081498116255, 0.0029599484987556934, 0.0030417386442422867, 0.0025531782303005457, 0.003292117267847061, 0.0033423008862882853, 0.0030487363692373037, 0.002317549893632531]","[0.14000799114172932, 0.13735253662690305, 0.2308419210143014, 0.2376572944794396, 0.02040501953700764, 0.019706328190243285, 0.027279795224482758, 0.02674911378589286, 0.01, 0.01, 0.01, 0.01, 0.01, 0.01, 0.01, 0.01, 0.01, 0.01, 0.01, 0.01, 0.01, 0.01, 0.01, 0.01]","[true, true, true, true, true, true, true, true, true, true, true, true, true, true, true, true, true, true, true, true, true, true, true, true]",-10.712494053246749,"[0.166375, 0.166375, 0.293875, 0.293875, 0.00075, 0.00075, 0.039, 0.039, 0.0, 0.0, 0.0, 0.0, 0.0, 0.0, 0.0, 0.0, 0.0, 0.0, 0.0, 0.0, 0.0, 0.0, 0.0, 0.0]",2,0.293875,0.2589534819126129,"ControllerAction(token_budget=521, selected_request_ids=[0, 1, 2, 3, 4, 5, 6, 7, 8, 10], token_allocations={0: 1, 1: 1, 2: 1, 3: 1, 4: 1, 5: 1, 6: 1, 7: 1, 8: 1, 10: 512}, prefill_allocations={10: 512}, decode_allocations={0: 1, 1: 1, 2: 1, 3: 1, 4: 1, 5: 1, 6: 1, 7: 1, 8: 1}, heuristic='LST', strategy='Fixed', mapping=None)","{""type"": ""controller"", ""token_budget"": 521, ""selected_request_ids"": [0, 1, 2, 3, 4, 5, 6, 7, 8, 10], ""token_allocations"": {""0"": 1, ""1"": 1, ""2"": 1, ""3"": 1, ""4"": 1, ""5"": 1, ""6"": 1, ""7"": 1, ""8"": 1, ""10"": 512}, ""prefill_allocations"": {""10"": 512}, ""decode_allocations"": {""0"": 1, ""1"": 1, ""2"": 1, ""3"": 1, ""4"": 1, ""5"": 1, ""6"": 1, ""7"": 1, ""8"": 1}, ""heuristic"": ""LST"", ""strategy"": ""Fixed""}",arena_root,best_as_adversary,3.3391209217933926,8,1.77973703035785,9.77973703035785
907003,1000088,115,7528628,controller,4000,-18.35130500793457,"[0.1595088690519333, 0.1560414880514145, 0.2607457637786865, 0.26945286989212036, 0.020651157945394516, 0.02030036598443985, 0.027945557609200478, 0.027310216799378395, 0.004712607711553574, 0.004361715633422136, 0.004056992940604687, 0.003923197742551565, 0.0041908202692866325, 0.003910094499588013, 0.004626140464097261, 0.004155328962951899, 0.003354092128574848, 0.003017665585502982, 0.0030812479089945555, 0.002585176145657897, 0.00332420296035707, 0.003345932811498642, 0.0031270047184079885, 0.0022714692167937756]","[0.14224380849970827, 0.13915173291817592, 0.2325229356241625, 0.24028759436663455, 0.018415899840187117, 0.018103077206474964, 0.024920761889964, 0.024354189654692507, 0.01, 0.01, 0.01, 0.01, 0.01, 0.01, 0.01, 0.01, 0.01, 0.01, 0.01, 0.01, 0.01, 0.01, 0.01, 0.01]","[true, true, true, true, true, true, true, true, true, true, true, true, true, true, true, true, true, true, true, true, true, true, true, true]",-16.49988594952784,"[0.165, 0.165, 0.3045, 0.3045, 0.011875, 0.011875, 0.018625, 0.018625, 0.0, 0.0, 0.0, 0.0, 0.0, 0.0, 0.0, 0.0, 0.0, 0.0, 0.0, 0.0, 0.0, 0.0, 0.0, 0.0]",2,0.3045,0.2607457637786865,"ControllerAction(token_budget=521, selected_request_ids=[0, 1, 2, 3, 4, 5, 6, 7, 8, 11], token_allocations={0: 1, 1: 1, 2: 1, 3: 1, 4: 1, 5: 1, 6: 1, 7: 1, 8: 1, 11: 512}, prefill_allocations={11: 512}, decode_allocations={0: 1, 1: 1, 2: 1, 3: 1, 4: 1, 5: 1, 6: 1, 7: 1, 8: 1}, heuristic='LST', strategy='Fixed', mapping=None)","{""type"": ""controller"", ""token_budget"": 521, ""selected_request_ids"": [0, 1, 2, 3, 4, 5, 6, 7, 8, 11], ""token_allocations"": {""0"": 1, ""1"": 1, ""2"": 1, ""3"": 1, ""4"": 1, ""5"": 1, ""6"": 1, ""7"": 1, ""8"": 1, ""11"": 512}, ""prefill_allocations"": {""11"": 512}, ""decode_allocations"": {""0"": 1, ""1"": 1, ""2"": 1, ""3"": 1, ""4"": 1, ""5"": 1, ""6"": 1, ""7"": 1, ""8"": 1}, ""heuristic"": ""LST"", ""strategy"": ""Fixed""}",arena_root,best_as_adversary,3.365824044791654,8,1.77973703035785,9.77973703035785
907003,1000090,117,7566356,controller,4000,-18.080751419067383,"[0.16385070979595184, 0.16112738847732544, 0.289987713098526, 0.2849216163158417, 0.011530440300703049, 0.012074233032763004, 0.0196093562990427, 0.017916230484843254, 0.0031702143605798483, 0.002952498383820057, 0.002829428995028138, 0.0027415999211370945, 0.002772220643237233, 0.0025497146416455507, 0.003308076411485672, 0.0028230061288923025, 0.002107000909745693, 0.0021476338151842356, 0.0018971230601891875, 0.0017516078660264611, 0.002204175340011716, 0.002285466529428959, 0.002073142444714904, 0.0013693738728761673]","[0.14321754737205983, 0.14083716464167417, 0.2534705469980792, 0.2490424065471218, 0.010078451183050327, 0.010553765946479584, 0.017140016776193017, 0.015660100535342177, 0.01, 0.01, 0.01, 0.01, 0.01, 0.01, 0.01, 0.01, 0.01, 0.01, 0.01, 0.01, 0.01, 0.01, 0.01, 0.01]","[true, true, true, true, true, true, true, true, true, true, true, true, true, true, true, true, true, true, true, true, true, true, true, true]",-16.65350657413647,"[0.167375, 0.167375, 0.313625, 0.313625, 0.00675, 0.00675, 0.01225, 0.01225, 0.0, 0.0, 0.0, 0.0, 0.0, 0.0, 0.0, 0.0, 0.0, 0.0, 0.0, 0.0, 0.0, 0.0, 0.0, 0.0]",2,0.313625,0.289987713098526,"ControllerAction(token_budget=521, selected_request_ids=[0, 1, 2, 3, 4, 5, 6, 7, 8, 12], token_allocations={0: 1, 1: 1, 2: 1, 3: 1, 4: 1, 5: 1, 6: 1, 7: 1, 8: 1, 12: 512}, prefill_allocations={12: 512}, decode_allocations={0: 1, 1: 1, 2: 1, 3: 1, 4: 1, 5: 1, 6: 1, 7: 1, 8: 1}, heuristic='LST', strategy='Fixed', mapping=None)","{""type"": ""controller"", ""token_budget"": 521, ""selected_request_ids"": [0, 1, 2, 3, 4, 5, 6, 7, 8, 12], ""token_allocations"": {""0"": 1, ""1"": 1, ""2"": 1, ""3"": 1, ""4"": 1, ""5"": 1, ""6"": 1, ""7"": 1, ""8"": 1, ""12"": 512}, ""prefill_allocations"": {""12"": 512}, ""decode_allocations"": {""0"": 1, ""1"": 1, ""2"": 1, ""3"": 1, ""4"": 1, ""5"": 1, ""6"": 1, ""7"": 1, ""8"": 1}, ""heuristic"": ""LST"", ""strategy"": ""Fixed""}",arena_root,best_as_adversary,3.392527167789915,14,1.8102192657991245,15.810219265799125
907003,1000092,119,7602473,controller,4000,-18.301403045654297,"[0.1656659096479416, 0.16245222091674805, 0.29069316387176514, 0.28668826818466187, 0.010356335900723934, 0.011038513854146004, 0.017827393487095833, 0.016233613714575768, 0.0031550214625895023, 0.0029625827446579933, 0.002828354714438319, 0.002765183337032795, 0.0027823098935186863, 0.002545272931456566, 0.00331860757432878, 0.002790441270917654, 0.0020916766952723265, 0.0021797525696456432, 0.0019131985027343035, 0.001765654538758099, 0.0022157367784529924, 0.0022777512203902006, 0.002116887830197811, 0.0013361629098653793]","[0.1445846603981414, 0.14177991864522202, 0.25370199860537607, 0.25020673223415735, 0.01, 0.01, 0.015558829445318022, 0.014167860671784936, 0.01, 0.01, 0.01, 0.01, 0.01, 0.01, 0.01, 0.01, 0.01, 0.01, 0.01, 0.01, 0.01, 0.01, 0.01, 0.01]","[true, true, true, true, true, true, true, true, true, true, true, true, true, true, true, true, true, true, true, true, true, true, true, true]",-16.80618872096202,"[0.14275, 0.14275, 0.329875, 0.329875, 0.006625, 0.006625, 0.011125, 0.011125, 0.0015, 0.0015, 0.001625, 0.001625, 0.00125, 0.00125, 0.001375, 0.001375, 0.001, 0.001, 0.001, 0.001, 0.000875, 0.000875, 0.001, 0.001]",2,0.329875,0.29069316387176514,"ControllerAction(token_budget=521, selected_request_ids=[0, 1, 2, 3, 4, 5, 6, 7, 8, 13], token_allocations={0: 1, 1: 1, 2: 1, 3: 1, 4: 1, 5: 1, 6: 1, 7: 1, 8: 1, 13: 512}, prefill_allocations={13: 512}, decode_allocations={0: 1, 1: 1, 2: 1, 3: 1, 4: 1, 5: 1, 6: 1, 7: 1, 8: 1}, heuristic='LST', strategy='Fixed', mapping=None)","{""type"": ""controller"", ""token_budget"": 521, ""selected_request_ids"": [0, 1, 2, 3, 4, 5, 6, 7, 8, 13], ""token_allocations"": {""0"": 1, ""1"": 1, ""2"": 1, ""3"": 1, ""4"": 1, ""5"": 1, ""6"": 1, ""7"": 1, ""8"": 1, ""13"": 512}, ""prefill_allocations"": {""13"": 512}, ""decode_allocations"": {""0"": 1, ""1"": 1, ""2"": 1, ""3"": 1, ""4"": 1, ""5"": 1, ""6"": 1, ""7"": 1, ""8"": 1}, ""heuristic"": ""LST"", ""strategy"": ""Fixed""}",arena_root,best_as_adversary,3.4192302907881764,14,1.9704380037886922,15.970438003788692
907003,1000094,121,7641115,controller,4000,-18.527603149414062,"[0.16740486025810242, 0.16369368135929108, 0.2912329137325287, 0.2882998287677765, 0.009296433068811893, 0.010085825808346272, 0.016198035329580307, 0.014700557105243206, 0.003138093277812004, 0.002970990492030978, 0.0028256536461412907, 0.0027873630169779062, 0.002790827536955476, 0.002539375564083457, 0.0033272546716034412, 0.002756664529442787, 0.0020752677228301764, 0.0022110785357654095, 0.0019282997818663716, 0.0017787894466891885, 0.0022260774858295918, 0.0022687558084726334, 0.0021603142376989126, 0.0013030084082856774]","[0.14579673872301852, 0.1425645877601961, 0.25364143529369104, 0.251086944213808, 0.01, 0.01, 0.01410724109880639, 0.012803052910479768, 0.01, 0.01, 0.01, 0.01, 0.01, 0.01, 0.01, 0.01, 0.01, 0.01, 0.01, 0.01, 0.01, 0.01, 0.01, 0.01]","[true, true, true, true, true, true, true, true, true, true, true, true, true, true, true, true, true, true, true, true, true, true, true, true]",-16.91719272435693,"[0.12325, 0.12325, 0.35275, 0.35275, 0.006, 0.006, 0.008625, 0.008625, 0.0015, 0.0015, 0.0015, 0.0015, 0.00125, 0.00125, 0.00125, 0.00125, 0.001, 0.001, 0.001, 0.001, 0.000875, 0.000875, 0.001, 0.001]",2,0.35275,0.2912329137325287,"ControllerAction(token_budget=521, selected_request_ids=[0, 1, 2, 3, 4, 5, 6, 7, 8, 14], token_allocations={0: 1, 1: 1, 2: 1, 3: 1, 4: 1, 5: 1, 6: 1, 7: 1, 8: 1, 14: 512}, prefill_allocations={14: 512}, decode_allocations={0: 1, 1: 1, 2: 1, 3: 1, 4: 1, 5: 1, 6: 1, 7: 1, 8: 1}, heuristic='LST', strategy='Fixed', mapping=None)","{""type"": ""controller"", ""token_budget"": 521, ""selected_request_ids"": [0, 1, 2, 3, 4, 5, 6, 7, 8, 14], ""token_allocations"": {""0"": 1, ""1"": 1, ""2"": 1, ""3"": 1, ""4"": 1, ""5"": 1, ""6"": 1, ""7"": 1, ""8"": 1, ""14"": 512}, ""prefill_allocations"": {""14"": 512}, ""decode_allocations"": {""0"": 1, ""1"": 1, ""2"": 1, ""3"": 1, ""4"": 1, ""5"": 1, ""6"": 1, ""7"": 1, ""8"": 1}, ""heuristic"": ""LST"", ""strategy"": ""Fixed""}",arena_root,best_as_adversary,3.4459334137864377,14,2.13065674177826,16.13065674177826
907003,1000096,123,7682610,controller,4000,-18.389087677001953,"[0.1694592833518982, 0.16804035007953644, 0.29068315029144287, 0.28804704546928406, 0.00817311741411686, 0.009046859107911587, 0.014788887463510036, 0.013204898685216904, 0.003046594560146332, 0.002966666128486395, 0.0027516772970557213, 0.002796664135530591, 0.0027570107486099005, 0.002535299863666296, 0.0032036269549280405, 0.0027018424589186907, 0.0020532747730612755, 0.002287255832925439, 0.0019043503561988473, 0.0017181417206302285, 0.0021620490588247776, 0.002206401899456978, 0.0021867670584470034, 0.001278684358112514]","[0.1471649406887474, 0.14593268461673992, 0.2524403958620851, 0.2501511013358199, 0.01, 0.01, 0.012843237050049965, 0.01146764044655743, 0.01, 0.01, 0.01, 0.01, 0.01, 0.01, 0.01, 0.01, 0.01, 0.01, 0.01, 0.01, 0.01, 0.01, 0.01, 0.01]","[true, true, true, true, true, true, true, true, true, true, true, true, true, true, true, true, true, true, true, true, true, true, true, true]",-17.0344078721008,"[0.2389375, 0.2389375, 0.2389375, 0.2389375, 0.0063125, 0.0063125, 0.0063125, 0.0063125, 0.0015, 0.0015, 0.0015, 0.0015, 0.00125, 0.00125, 0.00125, 0.00125, 0.0010625, 0.0010625, 0.0010625, 0.0010625, 0.0009375, 0.0009375, 0.0009375, 0.0009375]",0,0.2389375,0.1694592833518982,"ControllerAction(token_budget=521, selected_request_ids=[0, 1, 2, 3, 4, 5, 6, 7, 8, 9], token_allocations={0: 1, 1: 1, 2: 1, 3: 1, 4: 1, 5: 1, 6: 1, 7: 1, 8: 1, 9: 512}, prefill_allocations={9: 512}, decode_allocations={0: 1, 1: 1, 2: 1, 3: 1, 4: 1, 5: 1, 6: 1, 7: 1, 8: 1}, heuristic='SJF', strategy='Fixed', mapping=None)","{""type"": ""controller"", ""token_budget"": 521, ""selected_request_ids"": [0, 1, 2, 3, 4, 5, 6, 7, 8, 9], ""token_allocations"": {""0"": 1, ""1"": 1, ""2"": 1, ""3"": 1, ""4"": 1, ""5"": 1, ""6"": 1, ""7"": 1, ""8"": 1, ""9"": 512}, ""prefill_allocations"": {""9"": 512}, ""decode_allocations"": {""0"": 1, ""1"": 1, ""2"": 1, ""3"": 1, ""4"": 1, ""5"": 1, ""6"": 1, ""7"": 1, ""8"": 1}, ""heuristic"": ""SJF"", ""strategy"": ""Fixed""}",arena_root,best_as_adversary,3.472636536784699,14,2.2908754797678275,16.290875479767827
907003,1000098,125,7727038,controller,4000,-18.220640182495117,"[0.17018181085586548, 0.1666959673166275, 0.29479482769966125, 0.29340970516204834, 0.007450565230101347, 0.008167562074959278, 0.01301599107682705, 0.01181316189467907, 0.002741320990025997, 0.0026567247696220875, 0.002417432377114892, 0.0024883942678570747, 0.002469436964020133, 0.002275396604090929, 0.002908425871282816, 0.002426702994853258, 0.001814699498936534, 0.0020235422998666763, 0.001703652204014361, 0.0015405591111630201, 0.0019221010152250528, 0.0019476034212857485, 0.0019767084158957005, 0.001157687627710402]","[0.14690746473712527, 0.14389835092969577, 0.2544781991516943, 0.2532825082648268, 0.01, 0.01, 0.011235902594532787, 0.010197574322125058, 0.01, 0.01, 0.01, 0.01, 0.01, 0.01, 0.01, 0.01, 0.01, 0.01, 0.01, 0.01, 0.01, 0.01, 0.01, 0.01]","[true, true, true, true, true, true, true, true, true, true, true, true, true, true, true, true, true, true, true, true, true, true, true, true]",-17.19487050535843,"[0.15675, 0.15675, 0.322875, 0.322875, 0.005375, 0.005375, 0.005875, 0.005875, 0.0015, 0.0015, 0.001375, 0.001375, 0.00125, 0.00125, 0.00125, 0.00125, 0.001, 0.001, 0.001, 0.001, 0.000875, 0.000875, 0.000875, 0.000875]",2,0.322875,0.29479482769966125,"ControllerAction(token_budget=521, selected_request_ids=[0, 1, 2, 3, 4, 5, 6, 7, 8, 10], token_allocations={0: 1, 1: 1, 2: 1, 3: 1, 4: 1, 5: 1, 6: 1, 7: 1, 8: 1, 10: 512}, prefill_allocations={10: 512}, decode_allocations={0: 1, 1: 1, 2: 1, 3: 1, 4: 1, 5: 1, 6: 1, 7: 1, 8: 1}, heuristic='LST', strategy='Fixed', mapping=None)","{""type"": ""controller"", ""token_budget"": 521, ""selected_request_ids"": [0, 1, 2, 3, 4, 5, 6, 7, 8, 10], ""token_allocations"": {""0"": 1, ""1"": 1, ""2"": 1, ""3"": 1, ""4"": 1, ""5"": 1, ""6"": 1, ""7"": 1, ""8"": 1, ""10"": 512}, ""prefill_allocations"": {""10"": 512}, ""decode_allocations"": {""0"": 1, ""1"": 1, ""2"": 1, ""3"": 1, ""4"": 1, ""5"": 1, ""6"": 1, ""7"": 1, ""8"": 1}, ""heuristic"": ""LST"", ""strategy"": ""Fixed""}",arena_root,best_as_adversary,3.49978345319096,14,2.4537569782053947,16.453756978205394
907003,1000100,127,7770373,controller,4000,-18.447494506835938,"[0.1717243492603302, 0.1677330732345581, 0.2948926091194153, 0.29462501406669617, 0.0066666435450315475, 0.007440418470650911, 0.01178983598947525, 0.010663853026926517, 0.0027221774216741323, 0.002660482656210661, 0.002411376219242811, 0.002504963194951415, 0.0024735373444855213, 0.002266419120132923, 0.002912166528403759, 0.0023934561759233475, 0.001797516131773591, 0.002049934584647417, 0.001714701415039599, 0.0015500311274081469, 0.0019283945439383388, 0.0019370464142411947, 0.002015141537413001, 0.0011268475791439414]","[0.14785492699714667, 0.1444184322428625, 0.25390298685744705, 0.25367258710834334, 0.01, 0.01, 0.010151066794200319, 0.01, 0.01, 0.01, 0.01, 0.01, 0.01, 0.01, 0.01, 0.01, 0.01, 0.01, 0.01, 0.01, 0.01, 0.01, 0.01, 0.01]","[true, true, true, true, true, true, true, true, true, true, true, true, true, true, true, true, true, true, true, true, true, true, true, true]",-17.33858924731342,"[0.161875, 0.161875, 0.318625, 0.318625, 0.00525, 0.00525, 0.005375, 0.005375, 0.001375, 0.001375, 0.001375, 0.001375, 0.001125, 0.001125, 0.00125, 0.00125, 0.001, 0.001, 0.001, 0.001, 0.000875, 0.000875, 0.000875, 0.000875]",2,0.318625,0.2948926091194153,"ControllerAction(token_budget=521, selected_request_ids=[0, 1, 2, 3, 4, 5, 6, 7, 8, 11], token_allocations={0: 1, 1: 1, 2: 1, 3: 1, 4: 1, 5: 1, 6: 1, 7: 1, 8: 1, 11: 512}, prefill_allocations={11: 512}, decode_allocations={0: 1, 1: 1, 2: 1, 3: 1, 4: 1, 5: 1, 6: 1, 7: 1, 8: 1}, heuristic='LST', strategy='Fixed', mapping=None)","{""type"": ""controller"", ""token_budget"": 521, ""selected_request_ids"": [0, 1, 2, 3, 4, 5, 6, 7, 8, 11], ""token_allocations"": {""0"": 1, ""1"": 1, ""2"": 1, ""3"": 1, ""4"": 1, ""5"": 1, ""6"": 1, ""7"": 1, ""8"": 1, ""11"": 512}, ""prefill_allocations"": {""11"": 512}, ""decode_allocations"": {""0"": 1, ""1"": 1, ""2"": 1, ""3"": 1, ""4"": 1, ""5"": 1, ""6"": 1, ""7"": 1, ""8"": 1}, ""heuristic"": ""LST"", ""strategy"": ""Fixed""}",arena_root,best_as_adversary,3.5269303695972214,14,2.616638476642962,16.61663847664296
907003,1000102,129,7814383,controller,4000,-18.67880630493164,"[0.17321091890335083, 0.1687086671590805, 0.29487156867980957, 0.29572615027427673, 0.005962801165878773, 0.00677527766674757, 0.010674886405467987, 0.009622481651604176, 0.0027020780835300684, 0.0026631741784512997, 0.0024043647572398186, 0.00252062757499516, 0.002476645400747657, 0.002256568754091859, 0.0029147372115403414, 0.002359711565077305, 0.0017797790933400393, 0.00207583443261683, 0.0017251272220164537, 0.0015589320100843906, 0.0019339302089065313, 0.0019257677486166358, 0.002053493168205023, 0.0010963865788653493]","[0.14859642215457458, 0.14473397222893755, 0.2529682330556527, 0.25370137256083497, 0.01, 0.01, 0.01, 0.01, 0.01, 0.01, 0.01, 0.01, 0.01, 0.01, 0.01, 0.01, 0.01, 0.01, 0.01, 0.01, 0.01, 0.01, 0.01, 0.01]","[true, true, true, true, true, true, true, true, true, true, true, true, true, true, true, true, true, true, true, true, true, true, true, true]",-17.482080731423938,"[0.16525, 0.16525, 0.3155, 0.3155, 0.005125, 0.005125, 0.00525, 0.00525, 0.001375, 0.001375, 0.001375, 0.001375, 0.001125, 0.001125, 0.00125, 0.00125, 0.001, 0.001, 0.001, 0.001, 0.000875, 0.000875, 0.000875, 0.000875]",2,0.3155,0.29487156867980957,"ControllerAction(token_budget=521, selected_request_ids=[0, 1, 2, 3, 4, 5, 6, 7, 8, 12], token_allocations={0: 1, 1: 1, 2: 1, 3: 1, 4: 1, 5: 1, 6: 1, 7: 1, 8: 1, 12: 512}, prefill_allocations={12: 512}, decode_allocations={0: 1, 1: 1, 2: 1, 3: 1, 4: 1, 5: 1, 6: 1, 7: 1, 8: 1}, heuristic='LST', strategy='Fixed', mapping=None)","{""type"": ""controller"", ""token_budget"": 521, ""selected_request_ids"": [0, 1, 2, 3, 4, 5, 6, 7, 8, 12], ""token_allocations"": {""0"": 1, ""1"": 1, ""2"": 1, ""3"": 1, ""4"": 1, ""5"": 1, ""6"": 1, ""7"": 1, ""8"": 1, ""12"": 512}, ""prefill_allocations"": {""12"": 512}, ""decode_allocations"": {""0"": 1, ""1"": 1, ""2"": 1, ""3"": 1, ""4"": 1, ""5"": 1, ""6"": 1, ""7"": 1, ""8"": 1}, ""heuristic"": ""LST"", ""strategy"": ""Fixed""}",arena_root,best_as_adversary,3.5540772860034826,14,2.7795199750805293,16.77951997508053
907003,1000104,131,7859373,controller,4000,-18.914094924926758,"[0.17464646697044373, 0.16962766647338867, 0.29474255442619324, 0.29672256112098694, 0.005331313703209162, 0.0061673386953771114, 0.009661835618317127, 0.00867962371557951, 0.0026811440475285053, 0.002664889208972454, 0.0023964957799762487, 0.002535459818318486, 0.002478850306943059, 0.002245938405394554, 0.0029162417631596327, 0.0023255927953869104, 0.0017615699907764792, 0.0021012926008552313, 0.0017349797999486327, 0.0015673099551349878, 0.0019387704087421298, 0.0019138562493026257, 0.0020918091759085655, 0.0010663587599992752]","[0.14931207996993712, 0.14502131157267967, 0.2519869117333768, 0.25367969672400636, 0.01, 0.01, 0.01, 0.01, 0.01, 0.01, 0.01, 0.01, 0.01, 0.01, 0.01, 0.01, 0.01, 0.01, 0.01, 0.01, 0.01, 0.01, 0.01, 0.01]","[true, true, true, true, true, true, true, true, true, true, true, true, true, true, true, true, true, true, true, true, true, true, true, true]",-17.6340293098396,"[0.1685, 0.1685, 0.3125, 0.3125, 0.005, 0.005, 0.005125, 0.005125, 0.001375, 0.001375, 0.001375, 0.001375, 0.001125, 0.001125, 0.00125, 0.00125, 0.001, 0.001, 0.001, 0.001, 0.000875, 0.000875, 0.000875, 0.000875]",2,0.3125,0.29474255442619324,"ControllerAction(token_budget=521, selected_request_ids=[0, 1, 2, 3, 4, 5, 6, 7, 8, 13], token_allocations={0: 1, 1: 1, 2: 1, 3: 1, 4: 1, 5: 1, 6: 1, 7: 1, 8: 1, 13: 512}, prefill_allocations={13: 512}, decode_allocations={0: 1, 1: 1, 2: 1, 3: 1, 4: 1, 5: 1, 6: 1, 7: 1, 8: 1}, heuristic='LST', strategy='Fixed', mapping=None)","{""type"": ""controller"", ""token_budget"": 521, ""selected_request_ids"": [0, 1, 2, 3, 4, 5, 6, 7, 8, 13], ""token_allocations"": {""0"": 1, ""1"": 1, ""2"": 1, ""3"": 1, ""4"": 1, ""5"": 1, ""6"": 1, ""7"": 1, ""8"": 1, ""13"": 512}, ""prefill_allocations"": {""13"": 512}, ""decode_allocations"": {""0"": 1, ""1"": 1, ""2"": 1, ""3"": 1, ""4"": 1, ""5"": 1, ""6"": 1, ""7"": 1, ""8"": 1}, ""heuristic"": ""LST"", ""strategy"": ""Fixed""}",arena_root,best_as_adversary,3.581224202409744,14,2.9424014735180966,16.942401473518096
907003,1000106,133,7904730,controller,4000,-19.15288543701172,"[0.17603521049022675, 0.1704948991537094, 0.29451537132263184, 0.2976232171058655, 0.004765111953020096, 0.005612078122794628, 0.008742007426917553, 0.007826541550457478, 0.0026594866067171097, 0.002665717853233218, 0.00238785520195961, 0.0025495290756225586, 0.0024802288971841335, 0.0022346116602420807, 0.0029167744796723127, 0.0022912020795047283, 0.0017429665895178914, 0.00212635169737041, 0.001744306762702763, 0.001575208269059658, 0.0019429756794124842, 0.001901382696814835, 0.0021301310043781996, 0.0010368071962147951]","[0.1500296842553433, 0.14530783822136395, 0.2510068755269435, 0.25365560199634907, 0.01, 0.01, 0.01, 0.01, 0.01, 0.01, 0.01, 0.01, 0.01, 0.01, 0.01, 0.01, 0.01, 0.01, 0.01, 0.01, 0.01, 0.01, 0.01, 0.01]","[true, true, true, true, true, true, true, true, true, true, true, true, true, true, true, true, true, true, true, true, true, true, true, true]",-17.78676839935121,"[0.17075, 0.17075, 0.310625, 0.310625, 0.004875, 0.004875, 0.005, 0.005, 0.001375, 0.001375, 0.001375, 0.001375, 0.001125, 0.001125, 0.001125, 0.001125, 0.001, 0.001, 0.001, 0.001, 0.000875, 0.000875, 0.000875, 0.000875]",2,0.310625,0.29451537132263184,"ControllerAction(token_budget=521, selected_request_ids=[0, 1, 2, 3, 4, 5, 6, 7, 8, 14], token_allocations={0: 1, 1: 1, 2: 1, 3: 1, 4: 1, 5: 1, 6: 1, 7: 1, 8: 1, 14: 512}, prefill_allocations={14: 512}, decode_allocations={0: 1, 1: 1, 2: 1, 3: 1, 4: 1, 5: 1, 6: 1, 7: 1, 8: 1}, heuristic='LST', strategy='Fixed', mapping=None)","{""type"": ""controller"", ""token_budget"": 521, ""selected_request_ids"": [0, 1, 2, 3, 4, 5, 6, 7, 8, 14], ""token_allocations"": {""0"": 1, ""1"": 1, ""2"": 1, ""3"": 1, ""4"": 1, ""5"": 1, ""6"": 1, ""7"": 1, ""8"": 1, ""14"": 512}, ""prefill_allocations"": {""14"": 512}, ""decode_allocations"": {""0"": 1, ""1"": 1, ""2"": 1, ""3"": 1, ""4"": 1, ""5"": 1, ""6"": 1, ""7"": 1, ""8"": 1}, ""heuristic"": ""LST"", ""strategy"": ""Fixed""}",arena_root,best_as_adversary,3.608371118816005,14,3.105282971955664,17.105282971955663
907003,1000108,134,-1,,0,0.0,[],[],[],0.0,[],,0.0,0.0,,,arena_end,best_as_adversary,3.6355180352222662,14,3.268164470393231,17.26816447039323
