game_id,root_id,root_depth,root_node_id,root_player,num_simulations,model_root_value_controller,model_root_prior_json,normalized_root_prior_json,valid_action_mask_json,mcts_root_value_controller,mcts_root_prior_json,best_action_index,best_action_mcts_prob,best_action_model_prob,best_action_repr,best_action_json,phase,cycle_label,sim_time,slo_violations,total_lateness,total_cost
6007,350,0,0,adversary,0,0.0,[],[],[],0.0,[],5,0.0,0.0,"AdversaryAction(requests=[AdversaryRequestSpec(prefill_tokens=3072, decode_tokens=5000, prefill_slo=0.3874467952163693, decode_slo=0.05), AdversaryRequestSpec(prefill_tokens=3072, decode_tokens=5000, prefill_slo=0.3874467952163693, decode_slo=0.05), AdversaryRequestSpec(prefill_tokens=3072, decode_tokens=5000, prefill_slo=0.3874467952163693, decode_slo=0.05), AdversaryRequestSpec(prefill_tokens=3072, decode_tokens=5000, prefill_slo=0.3874467952163693, decode_slo=0.05), AdversaryRequestSpec(prefill_tokens=3072, decode_tokens=5000, prefill_slo=0.3874467952163693, decode_slo=0.05), AdversaryRequestSpec(prefill_tokens=3072, decode_tokens=5000, prefill_slo=0.3874467952163693, decode_slo=0.05)], stop_decode_ids=[])","{""type"": ""adversary"", ""requests"": [{""prefill_tokens"": 3072, ""decode_tokens"": 5000, ""prefill_slo"": 0.3874467952163693, ""decode_slo"": 0.05}, {""prefill_tokens"": 3072, ""decode_tokens"": 5000, ""prefill_slo"": 0.3874467952163693, ""decode_slo"": 0.05}, {""prefill_tokens"": 3072, ""decode_tokens"": 5000, ""prefill_slo"": 0.3874467952163693, ""decode_slo"": 0.05}, {""prefill_tokens"": 3072, ""decode_tokens"": 5000, ""prefill_slo"": 0.3874467952163693, ""decode_slo"": 0.05}, {""prefill_tokens"": 3072, ""decode_tokens"": 5000, ""prefill_slo"": 0.3874467952163693, ""decode_slo"": 0.05}, {""prefill_tokens"": 3072, ""decode_tokens"": 5000, ""prefill_slo"": 0.3874467952163693, ""decode_slo"": 0.05}], ""stop_decode_ids"": [], ""history_phase"": ""multiple-child""}",train_root,,0.0,0,0.0,0.0
6007,350,1,1,controller,0,0.0,[],[],[],0.0,[],10,0.0,0.0,"ControllerAction(token_budget=1536, selected_request_ids=[0], token_allocations={0: 1536}, prefill_allocations={0: 1536}, decode_allocations={}, heuristic='LST', strategy='Fixed', mapping=None)","{""type"": ""controller"", ""token_budget"": 1536, ""selected_request_ids"": [0], ""token_allocations"": {""0"": 1536}, ""prefill_allocations"": {""0"": 1536}, ""decode_allocations"": {}, ""heuristic"": ""LST"", ""strategy"": ""Fixed"", ""history_phase"": ""multiple-child""}",train_root,,0.0,0,0.0,0.0
6007,350,2,2,adversary,0,0.0,[],[],[],0.0,[],0,0.0,0.0,"AdversaryAction(requests=[], stop_decode_ids=[])","{""type"": ""adversary"", ""requests"": [], ""stop_decode_ids"": [], ""history_phase"": ""forced_step:single-child""}",train_root,,0.0,0,0.0,0.0
6007,350,3,3,controller,0,0.0,[],[],[],0.0,[],8,0.0,0.0,"ControllerAction(token_budget=1536, selected_request_ids=[0], token_allocations={0: 1536}, prefill_allocations={0: 1536}, decode_allocations={}, heuristic='SJF', strategy='Fixed', mapping=None)","{""type"": ""controller"", ""token_budget"": 1536, ""selected_request_ids"": [0], ""token_allocations"": {""0"": 1536}, ""prefill_allocations"": {""0"": 1536}, ""decode_allocations"": {}, ""heuristic"": ""SJF"", ""strategy"": ""Fixed"", ""history_phase"": ""multiple-child""}",train_root,,0.0,0,0.0,0.0
6007,350,4,4,adversary,0,0.0,[],[],[],0.0,[],0,0.0,0.0,"AdversaryAction(requests=[], stop_decode_ids=[])","{""type"": ""adversary"", ""requests"": [], ""stop_decode_ids"": [], ""history_phase"": ""forced_step:single-child""}",train_root,,0.0,0,0.0,0.0
6007,350,5,5,controller,0,0.0,[],[],[],0.0,[],0,0.0,0.0,"ControllerAction(token_budget=513, selected_request_ids=[0, 1], token_allocations={0: 1, 1: 512}, prefill_allocations={1: 512}, decode_allocations={0: 1}, heuristic='SJF', strategy='Fixed', mapping=None)","{""type"": ""controller"", ""token_budget"": 513, ""selected_request_ids"": [0, 1], ""token_allocations"": {""0"": 1, ""1"": 512}, ""prefill_allocations"": {""1"": 512}, ""decode_allocations"": {""0"": 1}, ""heuristic"": ""SJF"", ""strategy"": ""Fixed"", ""history_phase"": ""multiple-child""}",train_root,,0.0,0,0.0,0.0
6007,350,6,6,adversary,0,0.0,[],[],[],0.0,[],0,0.0,0.0,"AdversaryAction(requests=[], stop_decode_ids=[])","{""type"": ""adversary"", ""requests"": [], ""stop_decode_ids"": [], ""history_phase"": ""forced_step:single-child""}",train_root,,0.0,0,0.0,0.0
6007,350,7,7,controller,0,0.0,[],[],[],0.0,[],3,0.0,0.0,"ControllerAction(token_budget=513, selected_request_ids=[0, 2], token_allocations={0: 1, 2: 512}, prefill_allocations={2: 512}, decode_allocations={0: 1}, heuristic='LJF', strategy='Fixed', mapping=None)","{""type"": ""controller"", ""token_budget"": 513, ""selected_request_ids"": [0, 2], ""token_allocations"": {""0"": 1, ""2"": 512}, ""prefill_allocations"": {""2"": 512}, ""decode_allocations"": {""0"": 1}, ""heuristic"": ""LJF"", ""strategy"": ""Fixed"", ""history_phase"": ""multiple-child""}",train_root,,0.0,0,0.0,0.0
6007,350,8,8,adversary,0,0.0,[],[],[],0.0,[],0,0.0,0.0,"AdversaryAction(requests=[], stop_decode_ids=[])","{""type"": ""adversary"", ""requests"": [], ""stop_decode_ids"": [], ""history_phase"": ""forced_step:single-child""}",train_root,,0.0,0,0.0,0.0
6007,350,9,9,controller,0,0.0,[],[],[],0.0,[],17,0.0,0.0,"ControllerAction(token_budget=2561, selected_request_ids=[0, 1], token_allocations={0: 1, 1: 2560}, prefill_allocations={1: 2560}, decode_allocations={0: 1}, heuristic='EDF', strategy='Fixed', mapping=None)","{""type"": ""controller"", ""token_budget"": 2561, ""selected_request_ids"": [0, 1], ""token_allocations"": {""0"": 1, ""1"": 2560}, ""prefill_allocations"": {""1"": 2560}, ""decode_allocations"": {""0"": 1}, ""heuristic"": ""EDF"", ""strategy"": ""Fixed"", ""history_phase"": ""multiple-child""}",train_root,,0.0,0,0.0,0.0
6007,350,10,10,adversary,0,0.0,[],[],[],0.0,[],0,0.0,0.0,"AdversaryAction(requests=[], stop_decode_ids=[])","{""type"": ""adversary"", ""requests"": [], ""stop_decode_ids"": [], ""history_phase"": ""forced_step:single-child""}",train_root,,0.0,0,0.0,0.0
6007,350,11,11,controller,0,0.0,[],[],[],0.0,[],12,0.0,0.0,"ControllerAction(token_budget=2050, selected_request_ids=[0, 1, 2], token_allocations={0: 1, 1: 1, 2: 2048}, prefill_allocations={2: 2048}, decode_allocations={0: 1, 1: 1}, heuristic='SJF', strategy='Fixed', mapping=None)","{""type"": ""controller"", ""token_budget"": 2050, ""selected_request_ids"": [0, 1, 2], ""token_allocations"": {""0"": 1, ""1"": 1, ""2"": 2048}, ""prefill_allocations"": {""2"": 2048}, ""decode_allocations"": {""0"": 1, ""1"": 1}, ""heuristic"": ""SJF"", ""strategy"": ""Fixed"", ""history_phase"": ""multiple-child""}",train_root,,0.0,0,0.0,0.0
6007,350,12,12,adversary,0,0.0,[],[],[],0.0,[],0,0.0,0.0,"AdversaryAction(requests=[], stop_decode_ids=[])","{""type"": ""adversary"", ""requests"": [], ""stop_decode_ids"": [], ""history_phase"": ""forced_step:single-child""}",train_root,,0.0,0,0.0,0.0
6007,350,13,13,controller,0,0.0,[],[],[],0.0,[],18,0.0,0.0,"ControllerAction(token_budget=2562, selected_request_ids=[0, 1, 3], token_allocations={0: 1, 1: 1, 3: 2560}, prefill_allocations={3: 2560}, decode_allocations={0: 1, 1: 1}, heuristic='LST', strategy='Fixed', mapping=None)","{""type"": ""controller"", ""token_budget"": 2562, ""selected_request_ids"": [0, 1, 3], ""token_allocations"": {""0"": 1, ""1"": 1, ""3"": 2560}, ""prefill_allocations"": {""3"": 2560}, ""decode_allocations"": {""0"": 1, ""1"": 1}, ""heuristic"": ""LST"", ""strategy"": ""Fixed"", ""history_phase"": ""multiple-child""}",train_root,,0.0,0,0.0,0.0
6007,350,14,14,adversary,0,0.0,[],[],[],0.0,[],0,0.0,0.0,"AdversaryAction(requests=[], stop_decode_ids=[])","{""type"": ""adversary"", ""requests"": [], ""stop_decode_ids"": [], ""history_phase"": ""forced_step:single-child""}",train_root,,0.0,0,0.0,0.0
6007,350,15,15,controller,0,0.0,[],[],[],0.0,[],14,0.0,0.0,"ControllerAction(token_budget=2050, selected_request_ids=[0, 1, 4], token_allocations={0: 1, 1: 1, 4: 2048}, prefill_allocations={4: 2048}, decode_allocations={0: 1, 1: 1}, heuristic='LST', strategy='Fixed', mapping=None)","{""type"": ""controller"", ""token_budget"": 2050, ""selected_request_ids"": [0, 1, 4], ""token_allocations"": {""0"": 1, ""1"": 1, ""4"": 2048}, ""prefill_allocations"": {""4"": 2048}, ""decode_allocations"": {""0"": 1, ""1"": 1}, ""heuristic"": ""LST"", ""strategy"": ""Fixed"", ""history_phase"": ""multiple-child""}",train_root,,0.0,0,0.0,0.0
6007,350,16,16,adversary,0,0.0,[],[],[],0.0,[],0,0.0,0.0,"AdversaryAction(requests=[], stop_decode_ids=[])","{""type"": ""adversary"", ""requests"": [], ""stop_decode_ids"": [], ""history_phase"": ""forced_step:single-child""}",train_root,,0.0,0,0.0,0.0
6007,350,17,17,controller,0,0.0,[],[],[],0.0,[],22,0.0,0.0,"ControllerAction(token_budget=3074, selected_request_ids=[0, 1, 5], token_allocations={0: 1, 1: 1, 5: 3072}, prefill_allocations={5: 3072}, decode_allocations={0: 1, 1: 1}, heuristic='LST', strategy='Fixed', mapping=None)","{""type"": ""controller"", ""token_budget"": 3074, ""selected_request_ids"": [0, 1, 5], ""token_allocations"": {""0"": 1, ""1"": 1, ""5"": 3072}, ""prefill_allocations"": {""5"": 3072}, ""decode_allocations"": {""0"": 1, ""1"": 1}, ""heuristic"": ""LST"", ""strategy"": ""Fixed"", ""history_phase"": ""multiple-child""}",train_root,,0.0,0,0.0,0.0
6007,350,18,18,adversary,0,0.0,[],[],[],0.0,[],0,0.0,0.0,"AdversaryAction(requests=[], stop_decode_ids=[])","{""type"": ""adversary"", ""requests"": [], ""stop_decode_ids"": [], ""history_phase"": ""forced_step:single-child""}",train_root,,0.0,0,0.0,0.0
6007,350,19,19,controller,0,0.0,[],[],[],0.0,[],3,0.0,0.0,"ControllerAction(token_budget=515, selected_request_ids=[0, 1, 4, 5], token_allocations={0: 1, 1: 1, 4: 512, 5: 1}, prefill_allocations={4: 512}, decode_allocations={0: 1, 1: 1, 5: 1}, heuristic='LJF', strategy='Fixed', mapping=None)","{""type"": ""controller"", ""token_budget"": 515, ""selected_request_ids"": [0, 1, 4, 5], ""token_allocations"": {""0"": 1, ""1"": 1, ""4"": 512, ""5"": 1}, ""prefill_allocations"": {""4"": 512}, ""decode_allocations"": {""0"": 1, ""1"": 1, ""5"": 1}, ""heuristic"": ""LJF"", ""strategy"": ""Fixed"", ""history_phase"": ""multiple-child""}",train_root,,0.0,0,0.0,0.0
6007,350,20,20,adversary,0,0.0,[],[],[],0.0,[],0,0.0,0.0,"AdversaryAction(requests=[], stop_decode_ids=[])","{""type"": ""adversary"", ""requests"": [], ""stop_decode_ids"": [], ""history_phase"": ""forced_step:single-child""}",train_root,,0.0,0,0.0,0.0
6007,350,21,21,controller,0,0.0,[],[],[],0.0,[],4,0.0,0.0,"ControllerAction(token_budget=1027, selected_request_ids=[0, 1, 2, 3, 5], token_allocations={0: 1, 1: 1, 2: 512, 3: 512, 5: 1}, prefill_allocations={2: 512, 3: 512}, decode_allocations={0: 1, 1: 1, 5: 1}, heuristic='SJF', strategy='Fixed', mapping=None)","{""type"": ""controller"", ""token_budget"": 1027, ""selected_request_ids"": [0, 1, 2, 3, 5], ""token_allocations"": {""0"": 1, ""1"": 1, ""2"": 512, ""3"": 512, ""5"": 1}, ""prefill_allocations"": {""2"": 512, ""3"": 512}, ""decode_allocations"": {""0"": 1, ""1"": 1, ""5"": 1}, ""heuristic"": ""SJF"", ""strategy"": ""Fixed"", ""history_phase"": ""multiple-child""}",train_root,,0.0,0,0.0,0.0
6007,350,22,22,adversary,0,0.0,[],[],[],0.0,[],0,0.0,0.0,"AdversaryAction(requests=[], stop_decode_ids=[])","{""type"": ""adversary"", ""requests"": [], ""stop_decode_ids"": [], ""history_phase"": ""forced_step:single-child""}",train_root,,0.0,0,0.0,0.0
6007,350,23,23,controller,0,0.0,[],[],[],0.0,[],0,0.0,0.0,"ControllerAction(token_budget=517, selected_request_ids=[0, 1, 2, 3, 4, 5], token_allocations={0: 1, 1: 1, 2: 1, 3: 1, 4: 512, 5: 1}, prefill_allocations={4: 512}, decode_allocations={0: 1, 1: 1, 2: 1, 3: 1, 5: 1}, heuristic='SJF', strategy='Fixed', mapping=None)","{""type"": ""controller"", ""token_budget"": 517, ""selected_request_ids"": [0, 1, 2, 3, 4, 5], ""token_allocations"": {""0"": 1, ""1"": 1, ""2"": 1, ""3"": 1, ""4"": 512, ""5"": 1}, ""prefill_allocations"": {""4"": 512}, ""decode_allocations"": {""0"": 1, ""1"": 1, ""2"": 1, ""3"": 1, ""5"": 1}, ""heuristic"": ""SJF"", ""strategy"": ""Fixed"", ""history_phase"": ""multiple-child""}",train_root,,0.0,0,0.0,0.0
6007,350,24,24,adversary,0,0.0,[],[],[],0.0,[],0,0.0,0.0,"AdversaryAction(requests=[], stop_decode_ids=[])","{""type"": ""adversary"", ""requests"": [], ""stop_decode_ids"": [], ""history_phase"": ""forced_step:single-child""}",train_root,,0.0,0,0.0,0.0
6007,350,25,25,controller,0,0.0,[],[],[],0.0,[],0,0.0,0.0,"ControllerAction(token_budget=6, selected_request_ids=[0, 1, 2, 3, 4, 5], token_allocations={0: 1, 1: 1, 2: 1, 3: 1, 4: 1, 5: 1}, prefill_allocations={}, decode_allocations={0: 1, 1: 1, 2: 1, 3: 1, 4: 1, 5: 1}, heuristic='SJF', strategy='Fixed', mapping=None)","{""type"": ""controller"", ""token_budget"": 6, ""selected_request_ids"": [0, 1, 2, 3, 4, 5], ""token_allocations"": {""0"": 1, ""1"": 1, ""2"": 1, ""3"": 1, ""4"": 1, ""5"": 1}, ""prefill_allocations"": {}, ""decode_allocations"": {""0"": 1, ""1"": 1, ""2"": 1, ""3"": 1, ""4"": 1, ""5"": 1}, ""heuristic"": ""SJF"", ""strategy"": ""Fixed"", ""history_phase"": ""forced_step:single-child""}",train_root,,0.0,0,0.0,0.0
6007,350,26,26,adversary,0,0.0,[],[],[],0.0,[],4,0.0,0.0,"AdversaryAction(requests=[AdversaryRequestSpec(prefill_tokens=3072, decode_tokens=5000, prefill_slo=0.3874467952163693, decode_slo=0.05), AdversaryRequestSpec(prefill_tokens=3072, decode_tokens=5000, prefill_slo=0.3874467952163693, decode_slo=0.05), AdversaryRequestSpec(prefill_tokens=3072, decode_tokens=5000, prefill_slo=0.3874467952163693, decode_slo=0.05), AdversaryRequestSpec(prefill_tokens=3072, decode_tokens=5000, prefill_slo=0.3874467952163693, decode_slo=0.05), AdversaryRequestSpec(prefill_tokens=3072, decode_tokens=5000, prefill_slo=0.3874467952163693, decode_slo=0.05)], stop_decode_ids=[])","{""type"": ""adversary"", ""requests"": [{""prefill_tokens"": 3072, ""decode_tokens"": 5000, ""prefill_slo"": 0.3874467952163693, ""decode_slo"": 0.05}, {""prefill_tokens"": 3072, ""decode_tokens"": 5000, ""prefill_slo"": 0.3874467952163693, ""decode_slo"": 0.05}, {""prefill_tokens"": 3072, ""decode_tokens"": 5000, ""prefill_slo"": 0.3874467952163693, ""decode_slo"": 0.05}, {""prefill_tokens"": 3072, ""decode_tokens"": 5000, ""prefill_slo"": 0.3874467952163693, ""decode_slo"": 0.05}, {""prefill_tokens"": 3072, ""decode_tokens"": 5000, ""prefill_slo"": 0.3874467952163693, ""decode_slo"": 0.05}], ""stop_decode_ids"": [], ""history_phase"": ""multiple-child""}",train_root,,0.0,0,0.0,0.0
6007,350,27,27,controller,0,0.0,[],[],[],0.0,[],6,0.0,0.0,"ControllerAction(token_budget=1030, selected_request_ids=[0, 1, 2, 3, 4, 5, 6], token_allocations={0: 1, 1: 1, 2: 1, 3: 1, 4: 1, 5: 1, 6: 1024}, prefill_allocations={6: 1024}, decode_allocations={0: 1, 1: 1, 2: 1, 3: 1, 4: 1, 5: 1}, heuristic='LST', strategy='Fixed', mapping=None)","{""type"": ""controller"", ""token_budget"": 1030, ""selected_request_ids"": [0, 1, 2, 3, 4, 5, 6], ""token_allocations"": {""0"": 1, ""1"": 1, ""2"": 1, ""3"": 1, ""4"": 1, ""5"": 1, ""6"": 1024}, ""prefill_allocations"": {""6"": 1024}, ""decode_allocations"": {""0"": 1, ""1"": 1, ""2"": 1, ""3"": 1, ""4"": 1, ""5"": 1}, ""heuristic"": ""LST"", ""strategy"": ""Fixed"", ""history_phase"": ""multiple-child""}",train_root,,0.0,0,0.0,0.0
6007,350,28,28,adversary,0,0.0,[],[],[],0.0,[],0,0.0,0.0,"AdversaryAction(requests=[], stop_decode_ids=[])","{""type"": ""adversary"", ""requests"": [], ""stop_decode_ids"": [], ""history_phase"": ""forced_step:single-child""}",train_root,,0.0,0,0.0,0.0
6007,350,29,29,controller,0,0.0,[],[],[],0.0,[],3,0.0,0.0,"ControllerAction(token_budget=518, selected_request_ids=[0, 1, 2, 3, 4, 5, 7], token_allocations={0: 1, 1: 1, 2: 1, 3: 1, 4: 1, 5: 1, 7: 512}, prefill_allocations={7: 512}, decode_allocations={0: 1, 1: 1, 2: 1, 3: 1, 4: 1, 5: 1}, heuristic='LJF', strategy='Fixed', mapping=None)","{""type"": ""controller"", ""token_budget"": 518, ""selected_request_ids"": [0, 1, 2, 3, 4, 5, 7], ""token_allocations"": {""0"": 1, ""1"": 1, ""2"": 1, ""3"": 1, ""4"": 1, ""5"": 1, ""7"": 512}, ""prefill_allocations"": {""7"": 512}, ""decode_allocations"": {""0"": 1, ""1"": 1, ""2"": 1, ""3"": 1, ""4"": 1, ""5"": 1}, ""heuristic"": ""LJF"", ""strategy"": ""Fixed"", ""history_phase"": ""multiple-child""}",train_root,,0.0,0,0.0,0.0
6007,350,30,30,adversary,0,0.0,[],[],[],0.0,[],0,0.0,0.0,"AdversaryAction(requests=[], stop_decode_ids=[])","{""type"": ""adversary"", ""requests"": [], ""stop_decode_ids"": [], ""history_phase"": ""forced_step:single-child""}",train_root,,0.0,0,0.0,0.0
6007,350,31,31,controller,0,0.0,[],[],[],0.0,[],9,0.0,0.0,"ControllerAction(token_budget=1542, selected_request_ids=[0, 1, 2, 3, 4, 5, 6], token_allocations={0: 1, 1: 1, 2: 1, 3: 1, 4: 1, 5: 1, 6: 1536}, prefill_allocations={6: 1536}, decode_allocations={0: 1, 1: 1, 2: 1, 3: 1, 4: 1, 5: 1}, heuristic='EDF', strategy='Fixed', mapping=None)","{""type"": ""controller"", ""token_budget"": 1542, ""selected_request_ids"": [0, 1, 2, 3, 4, 5, 6], ""token_allocations"": {""0"": 1, ""1"": 1, ""2"": 1, ""3"": 1, ""4"": 1, ""5"": 1, ""6"": 1536}, ""prefill_allocations"": {""6"": 1536}, ""decode_allocations"": {""0"": 1, ""1"": 1, ""2"": 1, ""3"": 1, ""4"": 1, ""5"": 1}, ""heuristic"": ""EDF"", ""strategy"": ""Fixed"", ""history_phase"": ""multiple-child""}",train_root,,0.0,0,0.0,0.0
6007,350,32,32,adversary,0,0.0,[],[],[],0.0,[],0,0.0,0.0,"AdversaryAction(requests=[], stop_decode_ids=[])","{""type"": ""adversary"", ""requests"": [], ""stop_decode_ids"": [], ""history_phase"": ""forced_step:single-child""}",train_root,,0.0,0,0.0,0.0
6007,350,33,33,controller,0,0.0,[],[],[],0.0,[],4,0.0,0.0,"ControllerAction(token_budget=1030, selected_request_ids=[0, 1, 2, 3, 4, 5, 6, 7], token_allocations={0: 1, 1: 1, 2: 1, 3: 1, 4: 1, 5: 1, 6: 512, 7: 512}, prefill_allocations={6: 512, 7: 512}, decode_allocations={0: 1, 1: 1, 2: 1, 3: 1, 4: 1, 5: 1}, heuristic='SJF', strategy='Fixed', mapping=None)","{""type"": ""controller"", ""token_budget"": 1030, ""selected_request_ids"": [0, 1, 2, 3, 4, 5, 6, 7], ""token_allocations"": {""0"": 1, ""1"": 1, ""2"": 1, ""3"": 1, ""4"": 1, ""5"": 1, ""6"": 512, ""7"": 512}, ""prefill_allocations"": {""6"": 512, ""7"": 512}, ""decode_allocations"": {""0"": 1, ""1"": 1, ""2"": 1, ""3"": 1, ""4"": 1, ""5"": 1}, ""heuristic"": ""SJF"", ""strategy"": ""Fixed"", ""history_phase"": ""multiple-child""}",train_root,,0.0,0,0.0,0.0
6007,350,34,34,adversary,0,0.0,[],[],[],0.0,[],0,0.0,0.0,"AdversaryAction(requests=[], stop_decode_ids=[])","{""type"": ""adversary"", ""requests"": [], ""stop_decode_ids"": [], ""history_phase"": ""forced_step:single-child""}",train_root,,0.0,0,0.0,0.0
6007,350,35,35,controller,0,0.0,[],[],[],0.0,[],15,0.0,0.0,"ControllerAction(token_budget=2055, selected_request_ids=[0, 1, 2, 3, 4, 5, 6, 8], token_allocations={0: 1, 1: 1, 2: 1, 3: 1, 4: 1, 5: 1, 6: 1, 8: 2048}, prefill_allocations={8: 2048}, decode_allocations={0: 1, 1: 1, 2: 1, 3: 1, 4: 1, 5: 1, 6: 1}, heuristic='LJF', strategy='Fixed', mapping=None)","{""type"": ""controller"", ""token_budget"": 2055, ""selected_request_ids"": [0, 1, 2, 3, 4, 5, 6, 8], ""token_allocations"": {""0"": 1, ""1"": 1, ""2"": 1, ""3"": 1, ""4"": 1, ""5"": 1, ""6"": 1, ""8"": 2048}, ""prefill_allocations"": {""8"": 2048}, ""decode_allocations"": {""0"": 1, ""1"": 1, ""2"": 1, ""3"": 1, ""4"": 1, ""5"": 1, ""6"": 1}, ""heuristic"": ""LJF"", ""strategy"": ""Fixed"", ""history_phase"": ""multiple-child""}",train_root,,0.0,0,0.0,0.0
6007,350,36,36,adversary,0,0.0,[],[],[],0.0,[],0,0.0,0.0,"AdversaryAction(requests=[], stop_decode_ids=[])","{""type"": ""adversary"", ""requests"": [], ""stop_decode_ids"": [], ""history_phase"": ""forced_step:single-child""}",train_root,,0.0,0,0.0,0.0
6007,350,37,37,controller,0,0.0,[],[],[],0.0,[],19,0.0,0.0,"ControllerAction(token_budget=2567, selected_request_ids=[0, 1, 2, 3, 4, 5, 6, 9], token_allocations={0: 1, 1: 1, 2: 1, 3: 1, 4: 1, 5: 1, 6: 1, 9: 2560}, prefill_allocations={9: 2560}, decode_allocations={0: 1, 1: 1, 2: 1, 3: 1, 4: 1, 5: 1, 6: 1}, heuristic='LJF', strategy='Fixed', mapping=None)","{""type"": ""controller"", ""token_budget"": 2567, ""selected_request_ids"": [0, 1, 2, 3, 4, 5, 6, 9], ""token_allocations"": {""0"": 1, ""1"": 1, ""2"": 1, ""3"": 1, ""4"": 1, ""5"": 1, ""6"": 1, ""9"": 2560}, ""prefill_allocations"": {""9"": 2560}, ""decode_allocations"": {""0"": 1, ""1"": 1, ""2"": 1, ""3"": 1, ""4"": 1, ""5"": 1, ""6"": 1}, ""heuristic"": ""LJF"", ""strategy"": ""Fixed"", ""history_phase"": ""multiple-child""}",train_root,,0.0,0,0.0,0.0
6007,350,38,38,adversary,0,0.0,[],[],[],0.0,[],0,0.0,0.0,"AdversaryAction(requests=[], stop_decode_ids=[])","{""type"": ""adversary"", ""requests"": [], ""stop_decode_ids"": [], ""history_phase"": ""forced_step:single-child""}",train_root,,0.0,0,0.0,0.0
6007,350,39,39,controller,0,0.0,[],[],[],0.0,[],0,0.0,0.0,"ControllerAction(token_budget=519, selected_request_ids=[0, 1, 2, 3, 4, 5, 6, 9], token_allocations={0: 1, 1: 1, 2: 1, 3: 1, 4: 1, 5: 1, 6: 1, 9: 512}, prefill_allocations={9: 512}, decode_allocations={0: 1, 1: 1, 2: 1, 3: 1, 4: 1, 5: 1, 6: 1}, heuristic='SJF', strategy='Fixed', mapping=None)","{""type"": ""controller"", ""token_budget"": 519, ""selected_request_ids"": [0, 1, 2, 3, 4, 5, 6, 9], ""token_allocations"": {""0"": 1, ""1"": 1, ""2"": 1, ""3"": 1, ""4"": 1, ""5"": 1, ""6"": 1, ""9"": 512}, ""prefill_allocations"": {""9"": 512}, ""decode_allocations"": {""0"": 1, ""1"": 1, ""2"": 1, ""3"": 1, ""4"": 1, ""5"": 1, ""6"": 1}, ""heuristic"": ""SJF"", ""strategy"": ""Fixed"", ""history_phase"": ""multiple-child""}",train_root,,0.0,0,0.0,0.0
6007,350,40,40,adversary,0,0.0,[],[],[],0.0,[],0,0.0,0.0,"AdversaryAction(requests=[], stop_decode_ids=[])","{""type"": ""adversary"", ""requests"": [], ""stop_decode_ids"": [], ""history_phase"": ""forced_step:single-child""}",train_root,,0.0,0,0.0,0.0
6007,350,41,41,controller,0,0.0,[],[],[],0.0,[],13,0.0,0.0,"ControllerAction(token_budget=2056, selected_request_ids=[0, 1, 2, 3, 4, 5, 6, 7, 9], token_allocations={0: 1, 1: 1, 2: 1, 3: 1, 4: 1, 5: 1, 6: 1, 7: 2048, 9: 1}, prefill_allocations={7: 2048}, decode_allocations={0: 1, 1: 1, 2: 1, 3: 1, 4: 1, 5: 1, 6: 1, 9: 1}, heuristic='EDF', strategy='Fixed', mapping=None)","{""type"": ""controller"", ""token_budget"": 2056, ""selected_request_ids"": [0, 1, 2, 3, 4, 5, 6, 7, 9], ""token_allocations"": {""0"": 1, ""1"": 1, ""2"": 1, ""3"": 1, ""4"": 1, ""5"": 1, ""6"": 1, ""7"": 2048, ""9"": 1}, ""prefill_allocations"": {""7"": 2048}, ""decode_allocations"": {""0"": 1, ""1"": 1, ""2"": 1, ""3"": 1, ""4"": 1, ""5"": 1, ""6"": 1, ""9"": 1}, ""heuristic"": ""EDF"", ""strategy"": ""Fixed"", ""history_phase"": ""multiple-child""}",train_root,,0.0,0,0.0,0.0
6007,350,42,42,adversary,0,0.0,[],[],[],0.0,[],0,0.0,0.0,"AdversaryAction(requests=[], stop_decode_ids=[])","{""type"": ""adversary"", ""requests"": [], ""stop_decode_ids"": [], ""history_phase"": ""forced_step:single-child""}",train_root,,0.0,0,0.0,0.0
6007,350,43,43,controller,0,0.0,[],[],[],0.0,[],4,0.0,0.0,"ControllerAction(token_budget=1033, selected_request_ids=[0, 1, 2, 3, 4, 5, 6, 7, 8, 9], token_allocations={0: 1, 1: 1, 2: 1, 3: 1, 4: 1, 5: 1, 6: 1, 7: 1, 8: 1024, 9: 1}, prefill_allocations={8: 1024}, decode_allocations={0: 1, 1: 1, 2: 1, 3: 1, 4: 1, 5: 1, 6: 1, 7: 1, 9: 1}, heuristic='SJF', strategy='Fixed', mapping=None)","{""type"": ""controller"", ""token_budget"": 1033, ""selected_request_ids"": [0, 1, 2, 3, 4, 5, 6, 7, 8, 9], ""token_allocations"": {""0"": 1, ""1"": 1, ""2"": 1, ""3"": 1, ""4"": 1, ""5"": 1, ""6"": 1, ""7"": 1, ""8"": 1024, ""9"": 1}, ""prefill_allocations"": {""8"": 1024}, ""decode_allocations"": {""0"": 1, ""1"": 1, ""2"": 1, ""3"": 1, ""4"": 1, ""5"": 1, ""6"": 1, ""7"": 1, ""9"": 1}, ""heuristic"": ""SJF"", ""strategy"": ""Fixed"", ""history_phase"": ""multiple-child""}",train_root,,0.0,0,0.0,0.0
6007,350,44,44,adversary,0,0.0,[],[],[],0.0,[],0,0.0,0.0,"AdversaryAction(requests=[], stop_decode_ids=[])","{""type"": ""adversary"", ""requests"": [], ""stop_decode_ids"": [], ""history_phase"": ""forced_step:single-child""}",train_root,,0.0,0,0.0,0.0
6007,350,45,45,controller,0,0.0,[],[],[],0.0,[],5,0.0,0.0,"ControllerAction(token_budget=1034, selected_request_ids=[0, 1, 2, 3, 4, 5, 6, 7, 8, 9, 10], token_allocations={0: 1, 1: 1, 2: 1, 3: 1, 4: 1, 5: 1, 6: 1, 7: 1, 8: 1, 9: 1, 10: 1024}, prefill_allocations={10: 1024}, decode_allocations={0: 1, 1: 1, 2: 1, 3: 1, 4: 1, 5: 1, 6: 1, 7: 1, 8: 1, 9: 1}, heuristic='EDF', strategy='Fixed', mapping=None)","{""type"": ""controller"", ""token_budget"": 1034, ""selected_request_ids"": [0, 1, 2, 3, 4, 5, 6, 7, 8, 9, 10], ""token_allocations"": {""0"": 1, ""1"": 1, ""2"": 1, ""3"": 1, ""4"": 1, ""5"": 1, ""6"": 1, ""7"": 1, ""8"": 1, ""9"": 1, ""10"": 1024}, ""prefill_allocations"": {""10"": 1024}, ""decode_allocations"": {""0"": 1, ""1"": 1, ""2"": 1, ""3"": 1, ""4"": 1, ""5"": 1, ""6"": 1, ""7"": 1, ""8"": 1, ""9"": 1}, ""heuristic"": ""EDF"", ""strategy"": ""Fixed"", ""history_phase"": ""multiple-child""}",train_root,,0.0,0,0.0,0.0
6007,350,46,46,adversary,0,0.0,[],[],[],0.0,[],0,0.0,0.0,"AdversaryAction(requests=[], stop_decode_ids=[])","{""type"": ""adversary"", ""requests"": [], ""stop_decode_ids"": [], ""history_phase"": ""forced_step:single-child""}",train_root,,0.0,0,0.0,0.0
6007,350,47,47,controller,0,0.0,[],[],[],0.0,[],1,0.0,0.0,"ControllerAction(token_budget=522, selected_request_ids=[0, 1, 2, 3, 4, 5, 6, 7, 8, 9, 10], token_allocations={0: 1, 1: 1, 2: 1, 3: 1, 4: 1, 5: 1, 6: 1, 7: 1, 8: 1, 9: 1, 10: 512}, prefill_allocations={10: 512}, decode_allocations={0: 1, 1: 1, 2: 1, 3: 1, 4: 1, 5: 1, 6: 1, 7: 1, 8: 1, 9: 1}, heuristic='EDF', strategy='Fixed', mapping=None)","{""type"": ""controller"", ""token_budget"": 522, ""selected_request_ids"": [0, 1, 2, 3, 4, 5, 6, 7, 8, 9, 10], ""token_allocations"": {""0"": 1, ""1"": 1, ""2"": 1, ""3"": 1, ""4"": 1, ""5"": 1, ""6"": 1, ""7"": 1, ""8"": 1, ""9"": 1, ""10"": 512}, ""prefill_allocations"": {""10"": 512}, ""decode_allocations"": {""0"": 1, ""1"": 1, ""2"": 1, ""3"": 1, ""4"": 1, ""5"": 1, ""6"": 1, ""7"": 1, ""8"": 1, ""9"": 1}, ""heuristic"": ""EDF"", ""strategy"": ""Fixed"", ""history_phase"": ""multiple-child""}",train_root,,0.0,0,0.0,0.0
6007,350,48,48,adversary,0,0.0,[],[],[],0.0,[],0,0.0,0.0,"AdversaryAction(requests=[], stop_decode_ids=[])","{""type"": ""adversary"", ""requests"": [], ""stop_decode_ids"": [], ""history_phase"": ""forced_step:single-child""}",train_root,,0.0,0,0.0,0.0
6007,350,49,49,controller,0,0.0,[],[],[],0.0,[],5,0.0,0.0,"ControllerAction(token_budget=1034, selected_request_ids=[0, 1, 2, 3, 4, 5, 6, 7, 8, 9, 10], token_allocations={0: 1, 1: 1, 2: 1, 3: 1, 4: 1, 5: 1, 6: 1, 7: 1, 8: 1, 9: 1, 10: 1024}, prefill_allocations={10: 1024}, decode_allocations={0: 1, 1: 1, 2: 1, 3: 1, 4: 1, 5: 1, 6: 1, 7: 1, 8: 1, 9: 1}, heuristic='EDF', strategy='Fixed', mapping=None)","{""type"": ""controller"", ""token_budget"": 1034, ""selected_request_ids"": [0, 1, 2, 3, 4, 5, 6, 7, 8, 9, 10], ""token_allocations"": {""0"": 1, ""1"": 1, ""2"": 1, ""3"": 1, ""4"": 1, ""5"": 1, ""6"": 1, ""7"": 1, ""8"": 1, ""9"": 1, ""10"": 1024}, ""prefill_allocations"": {""10"": 1024}, ""decode_allocations"": {""0"": 1, ""1"": 1, ""2"": 1, ""3"": 1, ""4"": 1, ""5"": 1, ""6"": 1, ""7"": 1, ""8"": 1, ""9"": 1}, ""heuristic"": ""EDF"", ""strategy"": ""Fixed"", ""history_phase"": ""multiple-child""}",train_root,,0.0,0,0.0,0.0
6007,350,50,50,adversary,0,0.0,[],[],[],0.0,[],0,0.0,0.0,"AdversaryAction(requests=[], stop_decode_ids=[])","{""type"": ""adversary"", ""requests"": [], ""stop_decode_ids"": [], ""history_phase"": ""forced_step:single-child""}",train_root,,0.0,0,0.0,0.0
6007,350,51,51,controller,0,0.0,[],[],[],0.0,[],3,0.0,0.0,"ControllerAction(token_budget=522, selected_request_ids=[0, 1, 2, 3, 4, 5, 6, 7, 8, 9, 10], token_allocations={0: 1, 1: 1, 2: 1, 3: 1, 4: 1, 5: 1, 6: 1, 7: 1, 8: 1, 9: 1, 10: 512}, prefill_allocations={10: 512}, decode_allocations={0: 1, 1: 1, 2: 1, 3: 1, 4: 1, 5: 1, 6: 1, 7: 1, 8: 1, 9: 1}, heuristic='LJF', strategy='Fixed', mapping=None)","{""type"": ""controller"", ""token_budget"": 522, ""selected_request_ids"": [0, 1, 2, 3, 4, 5, 6, 7, 8, 9, 10], ""token_allocations"": {""0"": 1, ""1"": 1, ""2"": 1, ""3"": 1, ""4"": 1, ""5"": 1, ""6"": 1, ""7"": 1, ""8"": 1, ""9"": 1, ""10"": 512}, ""prefill_allocations"": {""10"": 512}, ""decode_allocations"": {""0"": 1, ""1"": 1, ""2"": 1, ""3"": 1, ""4"": 1, ""5"": 1, ""6"": 1, ""7"": 1, ""8"": 1, ""9"": 1}, ""heuristic"": ""LJF"", ""strategy"": ""Fixed"", ""history_phase"": ""multiple-child""}",train_root,,0.0,0,0.0,0.0
6007,350,52,52,adversary,0,0.0,[],[],[],0.0,[],0,0.0,0.0,"AdversaryAction(requests=[], stop_decode_ids=[])","{""type"": ""adversary"", ""requests"": [], ""stop_decode_ids"": [], ""history_phase"": ""forced_step:single-child""}",train_root,,0.0,0,0.0,0.0
6007,350,53,53,controller,0,0.0,[],[],[],0.0,[],0,0.0,0.0,"ControllerAction(token_budget=11, selected_request_ids=[0, 1, 2, 3, 4, 5, 6, 7, 8, 9, 10], token_allocations={0: 1, 1: 1, 2: 1, 3: 1, 4: 1, 5: 1, 6: 1, 7: 1, 8: 1, 9: 1, 10: 1}, prefill_allocations={}, decode_allocations={0: 1, 1: 1, 2: 1, 3: 1, 4: 1, 5: 1, 6: 1, 7: 1, 8: 1, 9: 1, 10: 1}, heuristic='SJF', strategy='Fixed', mapping=None)","{""type"": ""controller"", ""token_budget"": 11, ""selected_request_ids"": [0, 1, 2, 3, 4, 5, 6, 7, 8, 9, 10], ""token_allocations"": {""0"": 1, ""1"": 1, ""2"": 1, ""3"": 1, ""4"": 1, ""5"": 1, ""6"": 1, ""7"": 1, ""8"": 1, ""9"": 1, ""10"": 1}, ""prefill_allocations"": {}, ""decode_allocations"": {""0"": 1, ""1"": 1, ""2"": 1, ""3"": 1, ""4"": 1, ""5"": 1, ""6"": 1, ""7"": 1, ""8"": 1, ""9"": 1, ""10"": 1}, ""heuristic"": ""SJF"", ""strategy"": ""Fixed"", ""history_phase"": ""forced_step:single-child""}",train_root,,0.0,0,0.0,0.0
6007,350,54,54,adversary,0,0.0,[],[],[],0.0,[],4,0.0,0.0,"AdversaryAction(requests=[AdversaryRequestSpec(prefill_tokens=3072, decode_tokens=5000, prefill_slo=0.3874467952163693, decode_slo=0.05), AdversaryRequestSpec(prefill_tokens=3072, decode_tokens=5000, prefill_slo=0.3874467952163693, decode_slo=0.05), AdversaryRequestSpec(prefill_tokens=3072, decode_tokens=5000, prefill_slo=0.3874467952163693, decode_slo=0.05), AdversaryRequestSpec(prefill_tokens=3072, decode_tokens=5000, prefill_slo=0.3874467952163693, decode_slo=0.05), AdversaryRequestSpec(prefill_tokens=3072, decode_tokens=5000, prefill_slo=0.3874467952163693, decode_slo=0.05)], stop_decode_ids=[])","{""type"": ""adversary"", ""requests"": [{""prefill_tokens"": 3072, ""decode_tokens"": 5000, ""prefill_slo"": 0.3874467952163693, ""decode_slo"": 0.05}, {""prefill_tokens"": 3072, ""decode_tokens"": 5000, ""prefill_slo"": 0.3874467952163693, ""decode_slo"": 0.05}, {""prefill_tokens"": 3072, ""decode_tokens"": 5000, ""prefill_slo"": 0.3874467952163693, ""decode_slo"": 0.05}, {""prefill_tokens"": 3072, ""decode_tokens"": 5000, ""prefill_slo"": 0.3874467952163693, ""decode_slo"": 0.05}, {""prefill_tokens"": 3072, ""decode_tokens"": 5000, ""prefill_slo"": 0.3874467952163693, ""decode_slo"": 0.05}], ""stop_decode_ids"": [], ""history_phase"": ""multiple-child""}",train_root,,0.0,0,0.0,0.0
6007,350,55,55,controller,0,0.0,[],[],[],0.0,[],7,0.0,0.0,"ControllerAction(token_budget=1035, selected_request_ids=[0, 1, 2, 3, 4, 5, 6, 7, 8, 9, 10, 11], token_allocations={0: 1, 1: 1, 2: 1, 3: 1, 4: 1, 5: 1, 6: 1, 7: 1, 8: 1, 9: 1, 10: 1, 11: 1024}, prefill_allocations={11: 1024}, decode_allocations={0: 1, 1: 1, 2: 1, 3: 1, 4: 1, 5: 1, 6: 1, 7: 1, 8: 1, 9: 1, 10: 1}, heuristic='LJF', strategy='Fixed', mapping=None)","{""type"": ""controller"", ""token_budget"": 1035, ""selected_request_ids"": [0, 1, 2, 3, 4, 5, 6, 7, 8, 9, 10, 11], ""token_allocations"": {""0"": 1, ""1"": 1, ""2"": 1, ""3"": 1, ""4"": 1, ""5"": 1, ""6"": 1, ""7"": 1, ""8"": 1, ""9"": 1, ""10"": 1, ""11"": 1024}, ""prefill_allocations"": {""11"": 1024}, ""decode_allocations"": {""0"": 1, ""1"": 1, ""2"": 1, ""3"": 1, ""4"": 1, ""5"": 1, ""6"": 1, ""7"": 1, ""8"": 1, ""9"": 1, ""10"": 1}, ""heuristic"": ""LJF"", ""strategy"": ""Fixed"", ""history_phase"": ""multiple-child""}",train_root,,0.0,0,0.0,0.0
6007,350,56,56,adversary,0,0.0,[],[],[],0.0,[],0,0.0,0.0,"AdversaryAction(requests=[], stop_decode_ids=[])","{""type"": ""adversary"", ""requests"": [], ""stop_decode_ids"": [], ""history_phase"": ""forced_step:single-child""}",train_root,,0.0,0,0.0,0.0
6007,350,57,57,controller,0,0.0,[],[],[],0.0,[],17,0.0,0.0,"ControllerAction(token_budget=2571, selected_request_ids=[0, 1, 2, 3, 4, 5, 6, 7, 8, 9, 10, 11, 12], token_allocations={0: 1, 1: 1, 2: 1, 3: 1, 4: 1, 5: 1, 6: 1, 7: 1, 8: 1, 9: 1, 10: 1, 11: 2048, 12: 512}, prefill_allocations={11: 2048, 12: 512}, decode_allocations={0: 1, 1: 1, 2: 1, 3: 1, 4: 1, 5: 1, 6: 1, 7: 1, 8: 1, 9: 1, 10: 1}, heuristic='EDF', strategy='Fixed', mapping=None)","{""type"": ""controller"", ""token_budget"": 2571, ""selected_request_ids"": [0, 1, 2, 3, 4, 5, 6, 7, 8, 9, 10, 11, 12], ""token_allocations"": {""0"": 1, ""1"": 1, ""2"": 1, ""3"": 1, ""4"": 1, ""5"": 1, ""6"": 1, ""7"": 1, ""8"": 1, ""9"": 1, ""10"": 1, ""11"": 2048, ""12"": 512}, ""prefill_allocations"": {""11"": 2048, ""12"": 512}, ""decode_allocations"": {""0"": 1, ""1"": 1, ""2"": 1, ""3"": 1, ""4"": 1, ""5"": 1, ""6"": 1, ""7"": 1, ""8"": 1, ""9"": 1, ""10"": 1}, ""heuristic"": ""EDF"", ""strategy"": ""Fixed"", ""history_phase"": ""multiple-child""}",train_root,,0.0,0,0.0,0.0
6007,350,58,58,adversary,0,0.0,[],[],[],0.0,[],0,0.0,0.0,"AdversaryAction(requests=[], stop_decode_ids=[])","{""type"": ""adversary"", ""requests"": [], ""stop_decode_ids"": [], ""history_phase"": ""forced_step:single-child""}",train_root,,0.0,0,0.0,0.0
6007,350,59,59,controller,0,0.0,[],[],[],0.0,[],20,0.0,0.0,"ControllerAction(token_budget=3084, selected_request_ids=[0, 1, 2, 3, 4, 5, 6, 7, 8, 9, 10, 11, 12, 13], token_allocations={0: 1, 1: 1, 2: 1, 3: 1, 4: 1, 5: 1, 6: 1, 7: 1, 8: 1, 9: 1, 10: 1, 11: 1, 12: 2560, 13: 512}, prefill_allocations={12: 2560, 13: 512}, decode_allocations={0: 1, 1: 1, 2: 1, 3: 1, 4: 1, 5: 1, 6: 1, 7: 1, 8: 1, 9: 1, 10: 1, 11: 1}, heuristic='SJF', strategy='Fixed', mapping=None)","{""type"": ""controller"", ""token_budget"": 3084, ""selected_request_ids"": [0, 1, 2, 3, 4, 5, 6, 7, 8, 9, 10, 11, 12, 13], ""token_allocations"": {""0"": 1, ""1"": 1, ""2"": 1, ""3"": 1, ""4"": 1, ""5"": 1, ""6"": 1, ""7"": 1, ""8"": 1, ""9"": 1, ""10"": 1, ""11"": 1, ""12"": 2560, ""13"": 512}, ""prefill_allocations"": {""12"": 2560, ""13"": 512}, ""decode_allocations"": {""0"": 1, ""1"": 1, ""2"": 1, ""3"": 1, ""4"": 1, ""5"": 1, ""6"": 1, ""7"": 1, ""8"": 1, ""9"": 1, ""10"": 1, ""11"": 1}, ""heuristic"": ""SJF"", ""strategy"": ""Fixed"", ""history_phase"": ""multiple-child""}",train_root,,0.0,0,0.0,0.0
6007,350,60,60,adversary,0,0.0,[],[],[],0.0,[],0,0.0,0.0,"AdversaryAction(requests=[], stop_decode_ids=[])","{""type"": ""adversary"", ""requests"": [], ""stop_decode_ids"": [], ""history_phase"": ""forced_step:single-child""}",train_root,,0.0,0,0.0,0.0
6007,350,61,61,controller,0,0.0,[],[],[],0.0,[],16,0.0,0.0,"ControllerAction(token_budget=2573, selected_request_ids=[0, 1, 2, 3, 4, 5, 6, 7, 8, 9, 10, 11, 12, 13], token_allocations={0: 1, 1: 1, 2: 1, 3: 1, 4: 1, 5: 1, 6: 1, 7: 1, 8: 1, 9: 1, 10: 1, 11: 1, 12: 1, 13: 2560}, prefill_allocations={13: 2560}, decode_allocations={0: 1, 1: 1, 2: 1, 3: 1, 4: 1, 5: 1, 6: 1, 7: 1, 8: 1, 9: 1, 10: 1, 11: 1, 12: 1}, heuristic='SJF', strategy='Fixed', mapping=None)","{""type"": ""controller"", ""token_budget"": 2573, ""selected_request_ids"": [0, 1, 2, 3, 4, 5, 6, 7, 8, 9, 10, 11, 12, 13], ""token_allocations"": {""0"": 1, ""1"": 1, ""2"": 1, ""3"": 1, ""4"": 1, ""5"": 1, ""6"": 1, ""7"": 1, ""8"": 1, ""9"": 1, ""10"": 1, ""11"": 1, ""12"": 1, ""13"": 2560}, ""prefill_allocations"": {""13"": 2560}, ""decode_allocations"": {""0"": 1, ""1"": 1, ""2"": 1, ""3"": 1, ""4"": 1, ""5"": 1, ""6"": 1, ""7"": 1, ""8"": 1, ""9"": 1, ""10"": 1, ""11"": 1, ""12"": 1}, ""heuristic"": ""SJF"", ""strategy"": ""Fixed"", ""history_phase"": ""multiple-child""}",train_root,,0.0,0,0.0,0.0
6007,350,62,62,adversary,0,0.0,[],[],[],0.0,[],0,0.0,0.0,"AdversaryAction(requests=[], stop_decode_ids=[])","{""type"": ""adversary"", ""requests"": [], ""stop_decode_ids"": [], ""history_phase"": ""forced_step:single-child""}",train_root,,0.0,0,0.0,0.0
6007,350,63,63,controller,0,0.0,[],[],[],0.0,[],1,0.0,0.0,"ControllerAction(token_budget=526, selected_request_ids=[0, 1, 2, 3, 4, 5, 6, 7, 8, 9, 10, 11, 12, 13, 14], token_allocations={0: 1, 1: 1, 2: 1, 3: 1, 4: 1, 5: 1, 6: 1, 7: 1, 8: 1, 9: 1, 10: 1, 11: 1, 12: 1, 13: 1, 14: 512}, prefill_allocations={14: 512}, decode_allocations={0: 1, 1: 1, 2: 1, 3: 1, 4: 1, 5: 1, 6: 1, 7: 1, 8: 1, 9: 1, 10: 1, 11: 1, 12: 1, 13: 1}, heuristic='EDF', strategy='Fixed', mapping=None)","{""type"": ""controller"", ""token_budget"": 526, ""selected_request_ids"": [0, 1, 2, 3, 4, 5, 6, 7, 8, 9, 10, 11, 12, 13, 14], ""token_allocations"": {""0"": 1, ""1"": 1, ""2"": 1, ""3"": 1, ""4"": 1, ""5"": 1, ""6"": 1, ""7"": 1, ""8"": 1, ""9"": 1, ""10"": 1, ""11"": 1, ""12"": 1, ""13"": 1, ""14"": 512}, ""prefill_allocations"": {""14"": 512}, ""decode_allocations"": {""0"": 1, ""1"": 1, ""2"": 1, ""3"": 1, ""4"": 1, ""5"": 1, ""6"": 1, ""7"": 1, ""8"": 1, ""9"": 1, ""10"": 1, ""11"": 1, ""12"": 1, ""13"": 1}, ""heuristic"": ""EDF"", ""strategy"": ""Fixed"", ""history_phase"": ""multiple-child""}",train_root,,0.0,0,0.0,0.0
6007,350,64,64,adversary,0,0.0,[],[],[],0.0,[],0,0.0,0.0,"AdversaryAction(requests=[], stop_decode_ids=[])","{""type"": ""adversary"", ""requests"": [], ""stop_decode_ids"": [], ""history_phase"": ""forced_step:single-child""}",train_root,,0.0,0,0.0,0.0
6007,350,65,65,controller,0,0.0,[],[],[],0.0,[],9,0.0,0.0,"ControllerAction(token_budget=1550, selected_request_ids=[0, 1, 2, 3, 4, 5, 6, 7, 8, 9, 10, 11, 12, 13, 14], token_allocations={0: 1, 1: 1, 2: 1, 3: 1, 4: 1, 5: 1, 6: 1, 7: 1, 8: 1, 9: 1, 10: 1, 11: 1, 12: 1, 13: 1, 14: 1536}, prefill_allocations={14: 1536}, decode_allocations={0: 1, 1: 1, 2: 1, 3: 1, 4: 1, 5: 1, 6: 1, 7: 1, 8: 1, 9: 1, 10: 1, 11: 1, 12: 1, 13: 1}, heuristic='EDF', strategy='Fixed', mapping=None)","{""type"": ""controller"", ""token_budget"": 1550, ""selected_request_ids"": [0, 1, 2, 3, 4, 5, 6, 7, 8, 9, 10, 11, 12, 13, 14], ""token_allocations"": {""0"": 1, ""1"": 1, ""2"": 1, ""3"": 1, ""4"": 1, ""5"": 1, ""6"": 1, ""7"": 1, ""8"": 1, ""9"": 1, ""10"": 1, ""11"": 1, ""12"": 1, ""13"": 1, ""14"": 1536}, ""prefill_allocations"": {""14"": 1536}, ""decode_allocations"": {""0"": 1, ""1"": 1, ""2"": 1, ""3"": 1, ""4"": 1, ""5"": 1, ""6"": 1, ""7"": 1, ""8"": 1, ""9"": 1, ""10"": 1, ""11"": 1, ""12"": 1, ""13"": 1}, ""heuristic"": ""EDF"", ""strategy"": ""Fixed"", ""history_phase"": ""multiple-child""}",train_root,,0.0,0,0.0,0.0
6007,350,66,66,adversary,0,0.0,[],[],[],0.0,[],0,0.0,0.0,"AdversaryAction(requests=[], stop_decode_ids=[])","{""type"": ""adversary"", ""requests"": [], ""stop_decode_ids"": [], ""history_phase"": ""forced_step:single-child""}",train_root,,0.0,0,0.0,0.0
6007,350,67,67,controller,0,0.0,[],[],[],0.0,[],11,0.0,0.0,"ControllerAction(token_budget=1550, selected_request_ids=[0, 1, 2, 3, 4, 5, 6, 7, 8, 9, 10, 11, 12, 13, 15], token_allocations={0: 1, 1: 1, 2: 1, 3: 1, 4: 1, 5: 1, 6: 1, 7: 1, 8: 1, 9: 1, 10: 1, 11: 1, 12: 1, 13: 1, 15: 1536}, prefill_allocations={15: 1536}, decode_allocations={0: 1, 1: 1, 2: 1, 3: 1, 4: 1, 5: 1, 6: 1, 7: 1, 8: 1, 9: 1, 10: 1, 11: 1, 12: 1, 13: 1}, heuristic='LJF', strategy='Fixed', mapping=None)","{""type"": ""controller"", ""token_budget"": 1550, ""selected_request_ids"": [0, 1, 2, 3, 4, 5, 6, 7, 8, 9, 10, 11, 12, 13, 15], ""token_allocations"": {""0"": 1, ""1"": 1, ""2"": 1, ""3"": 1, ""4"": 1, ""5"": 1, ""6"": 1, ""7"": 1, ""8"": 1, ""9"": 1, ""10"": 1, ""11"": 1, ""12"": 1, ""13"": 1, ""15"": 1536}, ""prefill_allocations"": {""15"": 1536}, ""decode_allocations"": {""0"": 1, ""1"": 1, ""2"": 1, ""3"": 1, ""4"": 1, ""5"": 1, ""6"": 1, ""7"": 1, ""8"": 1, ""9"": 1, ""10"": 1, ""11"": 1, ""12"": 1, ""13"": 1}, ""heuristic"": ""LJF"", ""strategy"": ""Fixed"", ""history_phase"": ""multiple-child""}",train_root,,0.0,0,0.0,0.0
6007,350,68,68,adversary,0,0.0,[],[],[],0.0,[],0,0.0,0.0,"AdversaryAction(requests=[], stop_decode_ids=[])","{""type"": ""adversary"", ""requests"": [], ""stop_decode_ids"": [], ""history_phase"": ""forced_step:single-child""}",train_root,,0.0,0,0.0,0.0
6007,350,69,69,controller,0,0.0,[],[],[],0.0,[],13,0.0,0.0,"ControllerAction(token_budget=2062, selected_request_ids=[0, 1, 2, 3, 4, 5, 6, 7, 8, 9, 10, 11, 12, 13, 14, 15], token_allocations={0: 1, 1: 1, 2: 1, 3: 1, 4: 1, 5: 1, 6: 1, 7: 1, 8: 1, 9: 1, 10: 1, 11: 1, 12: 1, 13: 1, 14: 1024, 15: 1024}, prefill_allocations={14: 1024, 15: 1024}, decode_allocations={0: 1, 1: 1, 2: 1, 3: 1, 4: 1, 5: 1, 6: 1, 7: 1, 8: 1, 9: 1, 10: 1, 11: 1, 12: 1, 13: 1}, heuristic='EDF', strategy='Fixed', mapping=None)","{""type"": ""controller"", ""token_budget"": 2062, ""selected_request_ids"": [0, 1, 2, 3, 4, 5, 6, 7, 8, 9, 10, 11, 12, 13, 14, 15], ""token_allocations"": {""0"": 1, ""1"": 1, ""2"": 1, ""3"": 1, ""4"": 1, ""5"": 1, ""6"": 1, ""7"": 1, ""8"": 1, ""9"": 1, ""10"": 1, ""11"": 1, ""12"": 1, ""13"": 1, ""14"": 1024, ""15"": 1024}, ""prefill_allocations"": {""14"": 1024, ""15"": 1024}, ""decode_allocations"": {""0"": 1, ""1"": 1, ""2"": 1, ""3"": 1, ""4"": 1, ""5"": 1, ""6"": 1, ""7"": 1, ""8"": 1, ""9"": 1, ""10"": 1, ""11"": 1, ""12"": 1, ""13"": 1}, ""heuristic"": ""EDF"", ""strategy"": ""Fixed"", ""history_phase"": ""multiple-child""}",train_root,,0.0,0,0.0,0.0
6007,350,70,70,adversary,0,0.0,[],[],[],0.0,[],0,0.0,0.0,"AdversaryAction(requests=[], stop_decode_ids=[])","{""type"": ""adversary"", ""requests"": [], ""stop_decode_ids"": [], ""history_phase"": ""forced_step:single-child""}",train_root,,0.0,0,0.0,0.0
6007,350,71,71,controller,0,0.0,[],[],[],0.0,[],1,0.0,0.0,"ControllerAction(token_budget=527, selected_request_ids=[0, 1, 2, 3, 4, 5, 6, 7, 8, 9, 10, 11, 12, 13, 14, 15], token_allocations={0: 1, 1: 1, 2: 1, 3: 1, 4: 1, 5: 1, 6: 1, 7: 1, 8: 1, 9: 1, 10: 1, 11: 1, 12: 1, 13: 1, 14: 1, 15: 512}, prefill_allocations={15: 512}, decode_allocations={0: 1, 1: 1, 2: 1, 3: 1, 4: 1, 5: 1, 6: 1, 7: 1, 8: 1, 9: 1, 10: 1, 11: 1, 12: 1, 13: 1, 14: 1}, heuristic='EDF', strategy='Fixed', mapping=None)","{""type"": ""controller"", ""token_budget"": 527, ""selected_request_ids"": [0, 1, 2, 3, 4, 5, 6, 7, 8, 9, 10, 11, 12, 13, 14, 15], ""token_allocations"": {""0"": 1, ""1"": 1, ""2"": 1, ""3"": 1, ""4"": 1, ""5"": 1, ""6"": 1, ""7"": 1, ""8"": 1, ""9"": 1, ""10"": 1, ""11"": 1, ""12"": 1, ""13"": 1, ""14"": 1, ""15"": 512}, ""prefill_allocations"": {""15"": 512}, ""decode_allocations"": {""0"": 1, ""1"": 1, ""2"": 1, ""3"": 1, ""4"": 1, ""5"": 1, ""6"": 1, ""7"": 1, ""8"": 1, ""9"": 1, ""10"": 1, ""11"": 1, ""12"": 1, ""13"": 1, ""14"": 1}, ""heuristic"": ""EDF"", ""strategy"": ""Fixed"", ""history_phase"": ""multiple-child""}",train_root,,0.0,0,0.0,0.0
6007,350,72,72,adversary,0,0.0,[],[],[],0.0,[],0,0.0,0.0,"AdversaryAction(requests=[], stop_decode_ids=[])","{""type"": ""adversary"", ""requests"": [], ""stop_decode_ids"": [], ""history_phase"": ""forced_step:single-child""}",train_root,,0.0,0,0.0,0.0
6007,350,73,73,controller,0,0.0,[],[],[],0.0,[],0,0.0,0.0,"ControllerAction(token_budget=16, selected_request_ids=[0, 1, 2, 3, 4, 5, 6, 7, 8, 9, 10, 11, 12, 13, 14, 15], token_allocations={0: 1, 1: 1, 2: 1, 3: 1, 4: 1, 5: 1, 6: 1, 7: 1, 8: 1, 9: 1, 10: 1, 11: 1, 12: 1, 13: 1, 14: 1, 15: 1}, prefill_allocations={}, decode_allocations={0: 1, 1: 1, 2: 1, 3: 1, 4: 1, 5: 1, 6: 1, 7: 1, 8: 1, 9: 1, 10: 1, 11: 1, 12: 1, 13: 1, 14: 1, 15: 1}, heuristic='SJF', strategy='Fixed', mapping=None)","{""type"": ""controller"", ""token_budget"": 16, ""selected_request_ids"": [0, 1, 2, 3, 4, 5, 6, 7, 8, 9, 10, 11, 12, 13, 14, 15], ""token_allocations"": {""0"": 1, ""1"": 1, ""2"": 1, ""3"": 1, ""4"": 1, ""5"": 1, ""6"": 1, ""7"": 1, ""8"": 1, ""9"": 1, ""10"": 1, ""11"": 1, ""12"": 1, ""13"": 1, ""14"": 1, ""15"": 1}, ""prefill_allocations"": {}, ""decode_allocations"": {""0"": 1, ""1"": 1, ""2"": 1, ""3"": 1, ""4"": 1, ""5"": 1, ""6"": 1, ""7"": 1, ""8"": 1, ""9"": 1, ""10"": 1, ""11"": 1, ""12"": 1, ""13"": 1, ""14"": 1, ""15"": 1}, ""heuristic"": ""SJF"", ""strategy"": ""Fixed"", ""history_phase"": ""forced_step:single-child""}",train_root,,0.0,0,0.0,0.0
6007,350,74,74,adversary,0,0.0,[],[],[],0.0,[],3,0.0,0.0,"AdversaryAction(requests=[AdversaryRequestSpec(prefill_tokens=3072, decode_tokens=5000, prefill_slo=0.3874467952163693, decode_slo=0.05), AdversaryRequestSpec(prefill_tokens=3072, decode_tokens=5000, prefill_slo=0.3874467952163693, decode_slo=0.05), AdversaryRequestSpec(prefill_tokens=3072, decode_tokens=5000, prefill_slo=0.3874467952163693, decode_slo=0.05), AdversaryRequestSpec(prefill_tokens=3072, decode_tokens=5000, prefill_slo=0.3874467952163693, decode_slo=0.05)], stop_decode_ids=[])","{""type"": ""adversary"", ""requests"": [{""prefill_tokens"": 3072, ""decode_tokens"": 5000, ""prefill_slo"": 0.3874467952163693, ""decode_slo"": 0.05}, {""prefill_tokens"": 3072, ""decode_tokens"": 5000, ""prefill_slo"": 0.3874467952163693, ""decode_slo"": 0.05}, {""prefill_tokens"": 3072, ""decode_tokens"": 5000, ""prefill_slo"": 0.3874467952163693, ""decode_slo"": 0.05}, {""prefill_tokens"": 3072, ""decode_tokens"": 5000, ""prefill_slo"": 0.3874467952163693, ""decode_slo"": 0.05}], ""stop_decode_ids"": [], ""history_phase"": ""multiple-child""}",train_root,,0.0,0,0.0,0.0
6007,350,75,75,controller,0,0.0,[],[],[],0.0,[],9,0.0,0.0,"ControllerAction(token_budget=1552, selected_request_ids=[0, 1, 2, 3, 4, 5, 6, 7, 8, 9, 10, 11, 12, 13, 14, 15, 16], token_allocations={0: 1, 1: 1, 2: 1, 3: 1, 4: 1, 5: 1, 6: 1, 7: 1, 8: 1, 9: 1, 10: 1, 11: 1, 12: 1, 13: 1, 14: 1, 15: 1, 16: 1536}, prefill_allocations={16: 1536}, decode_allocations={0: 1, 1: 1, 2: 1, 3: 1, 4: 1, 5: 1, 6: 1, 7: 1, 8: 1, 9: 1, 10: 1, 11: 1, 12: 1, 13: 1, 14: 1, 15: 1}, heuristic='EDF', strategy='Fixed', mapping=None)","{""type"": ""controller"", ""token_budget"": 1552, ""selected_request_ids"": [0, 1, 2, 3, 4, 5, 6, 7, 8, 9, 10, 11, 12, 13, 14, 15, 16], ""token_allocations"": {""0"": 1, ""1"": 1, ""2"": 1, ""3"": 1, ""4"": 1, ""5"": 1, ""6"": 1, ""7"": 1, ""8"": 1, ""9"": 1, ""10"": 1, ""11"": 1, ""12"": 1, ""13"": 1, ""14"": 1, ""15"": 1, ""16"": 1536}, ""prefill_allocations"": {""16"": 1536}, ""decode_allocations"": {""0"": 1, ""1"": 1, ""2"": 1, ""3"": 1, ""4"": 1, ""5"": 1, ""6"": 1, ""7"": 1, ""8"": 1, ""9"": 1, ""10"": 1, ""11"": 1, ""12"": 1, ""13"": 1, ""14"": 1, ""15"": 1}, ""heuristic"": ""EDF"", ""strategy"": ""Fixed"", ""history_phase"": ""multiple-child""}",train_root,,0.0,0,0.0,0.0
6007,350,76,76,adversary,0,0.0,[],[],[],0.0,[],0,0.0,0.0,"AdversaryAction(requests=[], stop_decode_ids=[])","{""type"": ""adversary"", ""requests"": [], ""stop_decode_ids"": [], ""history_phase"": ""forced_step:single-child""}",train_root,,0.0,0,0.0,0.0
6007,350,77,76,controller,8000,-29.58489418029785,"[0.12118788808584213, 0.12516184151172638, 0.159891277551651, 0.16278108954429626, 0.07366214692592621, 0.0784216970205307, 0.09707975387573242, 0.09219599515199661, 0.006579013075679541, 0.004583137109875679, 0.007731459569185972, 0.005770449060946703, 0.005846197251230478, 0.005484671797603369, 0.006641619838774204, 0.007877113297581673, 0.006070535629987717, 0.0038738728035241365, 0.005105386953800917, 0.0057182530872523785, 0.003777775913476944, 0.005425050389021635, 0.0036753492895513773, 0.005458346568048]","[0.11181884164351394, 0.11548556837542043, 0.1475300686159569, 0.1501964689855734, 0.0679673197737132, 0.0723589086257771, 0.08957450944051905, 0.08506831453952596, 0.01, 0.01, 0.01, 0.01, 0.01, 0.01, 0.01, 0.01, 0.01, 0.01, 0.01, 0.01, 0.01, 0.01, 0.01, 0.01]","[true, true, true, true, true, true, true, true, true, true, true, true, true, true, true, true, true, true, true, true, true, true, true, true]",-24.8995800377798,"[0.045625, 0.045625, 0.0615, 0.0615, 0.3425625, 0.3425625, 0.0363125, 0.0363125, 0.00225, 0.00225, 0.002625, 0.002625, 0.0018125, 0.0018125, 0.0020625, 0.0020625, 0.001375, 0.001375, 0.0015, 0.0015, 0.0011875, 0.0011875, 0.0011875, 0.0011875]",4,0.3425625,0.07366214692592621,"ControllerAction(token_budget=1040, selected_request_ids=[0, 1, 2, 3, 4, 5, 6, 7, 8, 9, 10, 11, 12, 13, 14, 15, 16], token_allocations={0: 1, 1: 1, 2: 1, 3: 1, 4: 1, 5: 1, 6: 1, 7: 1, 8: 1, 9: 1, 10: 1, 11: 1, 12: 1, 13: 1, 14: 1, 15: 1, 16: 1024}, prefill_allocations={16: 1024}, decode_allocations={0: 1, 1: 1, 2: 1, 3: 1, 4: 1, 5: 1, 6: 1, 7: 1, 8: 1, 9: 1, 10: 1, 11: 1, 12: 1, 13: 1, 14: 1, 15: 1}, heuristic='SJF', strategy='Fixed', mapping=None)","{""type"": ""controller"", ""token_budget"": 1040, ""selected_request_ids"": [0, 1, 2, 3, 4, 5, 6, 7, 8, 9, 10, 11, 12, 13, 14, 15, 16], ""token_allocations"": {""0"": 1, ""1"": 1, ""2"": 1, ""3"": 1, ""4"": 1, ""5"": 1, ""6"": 1, ""7"": 1, ""8"": 1, ""9"": 1, ""10"": 1, ""11"": 1, ""12"": 1, ""13"": 1, ""14"": 1, ""15"": 1, ""16"": 1024}, ""prefill_allocations"": {""16"": 1024}, ""decode_allocations"": {""0"": 1, ""1"": 1, ""2"": 1, ""3"": 1, ""4"": 1, ""5"": 1, ""6"": 1, ""7"": 1, ""8"": 1, ""9"": 1, ""10"": 1, ""11"": 1, ""12"": 1, ""13"": 1, ""14"": 1, ""15"": 1}, ""heuristic"": ""SJF"", ""strategy"": ""Fixed""}",train_root,,3.0668325539926586,16,7.8818623311977944,23.881862331197794
6007,351,79,98457,controller,8000,-29.2382755279541,"[0.1262071579694748, 0.1271030157804489, 0.17006108164787292, 0.17697975039482117, 0.07059449702501297, 0.07333582639694214, 0.08925211429595947, 0.08466389775276184, 0.005968238227069378, 0.004062633961439133, 0.006925125606358051, 0.005192477721720934, 0.0052920253947377205, 0.005077914800494909, 0.0062572848983109, 0.007245979271829128, 0.005511146504431963, 0.0035123543348163366, 0.00467968313023448, 0.005068106111139059, 0.003566747298464179, 0.00487904017791152, 0.003437367267906666, 0.005126580595970154]","[0.11545885391968169, 0.11627841691273383, 0.1555780028590286, 0.16190745022972186, 0.06458238859570681, 0.06709025544408205, 0.08165104889702321, 0.07745358314202182, 0.01, 0.01, 0.01, 0.01, 0.01, 0.01, 0.01, 0.01, 0.01, 0.01, 0.01, 0.01, 0.01, 0.01, 0.01, 0.01]","[true, true, true, true, true, true, true, true, true, true, true, true, true, true, true, true, true, true, true, true, true, true, true, true]",-24.837580174919296,"[0.0475625, 0.0475625, 0.385125, 0.385125, 0.0243125, 0.0243125, 0.029625, 0.029625, 0.0023125, 0.0023125, 0.0025, 0.0025, 0.00175, 0.00175, 0.0019375, 0.0019375, 0.0013125, 0.0013125, 0.001375, 0.001375, 0.0010625, 0.0010625, 0.001125, 0.001125]",2,0.385125,0.17006108164787292,"ControllerAction(token_budget=528, selected_request_ids=[0, 1, 2, 3, 4, 5, 6, 7, 8, 9, 10, 11, 12, 13, 14, 15, 17], token_allocations={0: 1, 1: 1, 2: 1, 3: 1, 4: 1, 5: 1, 6: 1, 7: 1, 8: 1, 9: 1, 10: 1, 11: 1, 12: 1, 13: 1, 14: 1, 15: 1, 17: 512}, prefill_allocations={17: 512}, decode_allocations={0: 1, 1: 1, 2: 1, 3: 1, 4: 1, 5: 1, 6: 1, 7: 1, 8: 1, 9: 1, 10: 1, 11: 1, 12: 1, 13: 1, 14: 1, 15: 1}, heuristic='LST', strategy='Fixed', mapping=None)","{""type"": ""controller"", ""token_budget"": 528, ""selected_request_ids"": [0, 1, 2, 3, 4, 5, 6, 7, 8, 9, 10, 11, 12, 13, 14, 15, 17], ""token_allocations"": {""0"": 1, ""1"": 1, ""2"": 1, ""3"": 1, ""4"": 1, ""5"": 1, ""6"": 1, ""7"": 1, ""8"": 1, ""9"": 1, ""10"": 1, ""11"": 1, ""12"": 1, ""13"": 1, ""14"": 1, ""15"": 1, ""17"": 512}, ""prefill_allocations"": {""17"": 512}, ""decode_allocations"": {""0"": 1, ""1"": 1, ""2"": 1, ""3"": 1, ""4"": 1, ""5"": 1, ""6"": 1, ""7"": 1, ""8"": 1, ""9"": 1, ""10"": 1, ""11"": 1, ""12"": 1, ""13"": 1, ""14"": 1, ""15"": 1}, ""heuristic"": ""LST"", ""strategy"": ""Fixed""}",train_root,,3.1158907224764087,16,7.8818623311977944,23.881862331197794
6007,352,81,195832,controller,8000,-29.455123901367188,"[0.12940633296966553, 0.12951818108558655, 0.1727825552225113, 0.17997732758522034, 0.0680336207151413, 0.07096771895885468, 0.08574212342500687, 0.081572026014328, 0.006006553303450346, 0.004134842194616795, 0.00692021707072854, 0.005239294841885567, 0.005291782785207033, 0.005168604664504528, 0.006249448284506798, 0.007108492776751518, 0.0055128601379692554, 0.0036207525990903378, 0.00471182307228446, 0.00501296715810895, 0.003614856628701091, 0.004875702317804098, 0.0034791643265634775, 0.005052703432738781]","[0.11841103834006754, 0.11851338303401457, 0.15810170415495473, 0.16468515680783613, 0.06225299400766284, 0.06493779011969941, 0.07845685470909093, 0.07464107882667363, 0.01, 0.01, 0.01, 0.01, 0.01, 0.01, 0.01, 0.01, 0.01, 0.01, 0.01, 0.01, 0.01, 0.01, 0.01, 0.01]","[true, true, true, true, true, true, true, true, true, true, true, true, true, true, true, true, true, true, true, true, true, true, true, true]",-24.819646293875934,"[0.0970625, 0.0970625, 0.3389375, 0.3389375, 0.0225625, 0.0225625, 0.028125, 0.028125, 0.0023125, 0.0023125, 0.0025, 0.0025, 0.00175, 0.00175, 0.0019375, 0.0019375, 0.0013125, 0.0013125, 0.001375, 0.001375, 0.001, 0.001, 0.001125, 0.001125]",2,0.3389375,0.1727825552225113,"ControllerAction(token_budget=528, selected_request_ids=[0, 1, 2, 3, 4, 5, 6, 7, 8, 9, 10, 11, 12, 13, 14, 15, 18], token_allocations={0: 1, 1: 1, 2: 1, 3: 1, 4: 1, 5: 1, 6: 1, 7: 1, 8: 1, 9: 1, 10: 1, 11: 1, 12: 1, 13: 1, 14: 1, 15: 1, 18: 512}, prefill_allocations={18: 512}, decode_allocations={0: 1, 1: 1, 2: 1, 3: 1, 4: 1, 5: 1, 6: 1, 7: 1, 8: 1, 9: 1, 10: 1, 11: 1, 12: 1, 13: 1, 14: 1, 15: 1}, heuristic='LST', strategy='Fixed', mapping=None)","{""type"": ""controller"", ""token_budget"": 528, ""selected_request_ids"": [0, 1, 2, 3, 4, 5, 6, 7, 8, 9, 10, 11, 12, 13, 14, 15, 18], ""token_allocations"": {""0"": 1, ""1"": 1, ""2"": 1, ""3"": 1, ""4"": 1, ""5"": 1, ""6"": 1, ""7"": 1, ""8"": 1, ""9"": 1, ""10"": 1, ""11"": 1, ""12"": 1, ""13"": 1, ""14"": 1, ""15"": 1, ""18"": 512}, ""prefill_allocations"": {""18"": 512}, ""decode_allocations"": {""0"": 1, ""1"": 1, ""2"": 1, ""3"": 1, ""4"": 1, ""5"": 1, ""6"": 1, ""7"": 1, ""8"": 1, ""9"": 1, ""10"": 1, ""11"": 1, ""12"": 1, ""13"": 1, ""14"": 1, ""15"": 1}, ""heuristic"": ""LST"", ""strategy"": ""Fixed""}",train_root,,3.14188570851467,16,7.8818623311977944,23.881862331197794
6007,353,83,292123,controller,8000,-29.672653198242188,"[0.13259990513324738, 0.13189294934272766, 0.17543292045593262, 0.18290607631206512, 0.06552278250455856, 0.06863118708133698, 0.0823163092136383, 0.07854168117046356, 0.006041161250323057, 0.004205581732094288, 0.006910794414579868, 0.005283077247440815, 0.005288082640618086, 0.0052574737928807735, 0.006237540859729052, 0.006969054229557514, 0.005510970018804073, 0.0037300558760762215, 0.004741081036627293, 0.004955183248966932, 0.0036612204276025295, 0.0048691825941205025, 0.003519166959449649, 0.004976632073521614]","[0.12135389371379837, 0.12070689598196083, 0.16055417205251446, 0.1673935175298768, 0.05996568983891999, 0.06281046561949685, 0.0753349305128525, 0.07188043475057991, 0.01, 0.01, 0.01, 0.01, 0.01, 0.01, 0.01, 0.01, 0.01, 0.01, 0.01, 0.01, 0.01, 0.01, 0.01, 0.01]","[true, true, true, true, true, true, true, true, true, true, true, true, true, true, true, true, true, true, true, true, true, true, true, true]",-24.81958036307002,"[0.046375, 0.046375, 0.389875, 0.389875, 0.022375, 0.022375, 0.0278125, 0.0278125, 0.002375, 0.002375, 0.0025625, 0.0025625, 0.00175, 0.00175, 0.002, 0.002, 0.0013125, 0.0013125, 0.0014375, 0.0014375, 0.001, 0.001, 0.001125, 0.001125]",2,0.389875,0.17543292045593262,"ControllerAction(token_budget=528, selected_request_ids=[0, 1, 2, 3, 4, 5, 6, 7, 8, 9, 10, 11, 12, 13, 14, 15, 19], token_allocations={0: 1, 1: 1, 2: 1, 3: 1, 4: 1, 5: 1, 6: 1, 7: 1, 8: 1, 9: 1, 10: 1, 11: 1, 12: 1, 13: 1, 14: 1, 15: 1, 19: 512}, prefill_allocations={19: 512}, decode_allocations={0: 1, 1: 1, 2: 1, 3: 1, 4: 1, 5: 1, 6: 1, 7: 1, 8: 1, 9: 1, 10: 1, 11: 1, 12: 1, 13: 1, 14: 1, 15: 1}, heuristic='LST', strategy='Fixed', mapping=None)","{""type"": ""controller"", ""token_budget"": 528, ""selected_request_ids"": [0, 1, 2, 3, 4, 5, 6, 7, 8, 9, 10, 11, 12, 13, 14, 15, 19], ""token_allocations"": {""0"": 1, ""1"": 1, ""2"": 1, ""3"": 1, ""4"": 1, ""5"": 1, ""6"": 1, ""7"": 1, ""8"": 1, ""9"": 1, ""10"": 1, ""11"": 1, ""12"": 1, ""13"": 1, ""14"": 1, ""15"": 1, ""19"": 512}, ""prefill_allocations"": {""19"": 512}, ""decode_allocations"": {""0"": 1, ""1"": 1, ""2"": 1, ""3"": 1, ""4"": 1, ""5"": 1, ""6"": 1, ""7"": 1, ""8"": 1, ""9"": 1, ""10"": 1, ""11"": 1, ""12"": 1, ""13"": 1, ""14"": 1, ""15"": 1}, ""heuristic"": ""LST"", ""strategy"": ""Fixed""}",train_root,,3.167880694552931,16,7.8818623311977944,23.881862331197794
6007,354,85,389606,controller,8000,-29.82592010498047,"[0.13391628861427307, 0.13325703144073486, 0.17542676627635956, 0.18326202034950256, 0.0637800469994545, 0.06674211472272873, 0.0808272510766983, 0.07641591131687164, 0.006235952023416758, 0.00458553247153759, 0.007197699975222349, 0.005630219355225563, 0.005540013778954744, 0.005659539718180895, 0.006421667989343405, 0.0071778008714318275, 0.005775120109319687, 0.004167473409324884, 0.0049714334309101105, 0.005085336975753307, 0.003874107263982296, 0.005023203790187836, 0.0038159475661814213, 0.005211465992033482]","[0.12312423931701102, 0.12251811037746153, 0.16128946954192813, 0.16849329595911594, 0.05864013893806547, 0.06136349947177981, 0.07431354249644921, 0.07025770389818883, 0.01, 0.01, 0.01, 0.01, 0.01, 0.01, 0.01, 0.01, 0.01, 0.01, 0.01, 0.01, 0.01, 0.01, 0.01, 0.01]","[true, true, true, true, true, true, true, true, true, true, true, true, true, true, true, true, true, true, true, true, true, true, true, true]",-24.78587632029035,"[0.1589375, 0.1589375, 0.27975, 0.27975, 0.0215625, 0.0215625, 0.0263125, 0.0263125, 0.0023125, 0.0023125, 0.0025, 0.0025, 0.00175, 0.00175, 0.0019375, 0.0019375, 0.0013125, 0.0013125, 0.001375, 0.001375, 0.0010625, 0.0010625, 0.0011875, 0.0011875]",2,0.27975,0.17542676627635956,"ControllerAction(token_budget=528, selected_request_ids=[0, 1, 2, 3, 4, 5, 6, 7, 8, 9, 10, 11, 12, 13, 14, 15, 17], token_allocations={0: 1, 1: 1, 2: 1, 3: 1, 4: 1, 5: 1, 6: 1, 7: 1, 8: 1, 9: 1, 10: 1, 11: 1, 12: 1, 13: 1, 14: 1, 15: 1, 17: 512}, prefill_allocations={17: 512}, decode_allocations={0: 1, 1: 1, 2: 1, 3: 1, 4: 1, 5: 1, 6: 1, 7: 1, 8: 1, 9: 1, 10: 1, 11: 1, 12: 1, 13: 1, 14: 1, 15: 1}, heuristic='LST', strategy='Fixed', mapping=None)","{""type"": ""controller"", ""token_budget"": 528, ""selected_request_ids"": [0, 1, 2, 3, 4, 5, 6, 7, 8, 9, 10, 11, 12, 13, 14, 15, 17], ""token_allocations"": {""0"": 1, ""1"": 1, ""2"": 1, ""3"": 1, ""4"": 1, ""5"": 1, ""6"": 1, ""7"": 1, ""8"": 1, ""9"": 1, ""10"": 1, ""11"": 1, ""12"": 1, ""13"": 1, ""14"": 1, ""15"": 1, ""17"": 512}, ""prefill_allocations"": {""17"": 512}, ""decode_allocations"": {""0"": 1, ""1"": 1, ""2"": 1, ""3"": 1, ""4"": 1, ""5"": 1, ""6"": 1, ""7"": 1, ""8"": 1, ""9"": 1, ""10"": 1, ""11"": 1, ""12"": 1, ""13"": 1, ""14"": 1, ""15"": 1}, ""heuristic"": ""LST"", ""strategy"": ""Fixed""}",train_root,,3.193875680591192,16,7.8818623311977944,23.881862331197794
6007,355,87,484380,controller,8000,-30.045772552490234,"[0.13712258636951447, 0.13560329377651215, 0.17797920107841492, 0.1860954612493515, 0.0613381452858448, 0.06445063650608063, 0.07747448980808258, 0.07346508651971817, 0.006264854222536087, 0.004659513011574745, 0.007178872358053923, 0.005671157035976648, 0.005529874470084906, 0.005750921554863453, 0.006402423605322838, 0.007027631159871817, 0.005766436457633972, 0.004289524629712105, 0.004996530245989561, 0.0050203572027385235, 0.003919671755284071, 0.0050110057927668095, 0.003856097813695669, 0.005126265808939934]","[0.12608574559114422, 0.12468873912830236, 0.1636538579225428, 0.1711168495576813, 0.05640110784304086, 0.05926307819044799, 0.07123865637584958, 0.06755196539099076, 0.01, 0.01, 0.01, 0.01, 0.01, 0.01, 0.01, 0.01, 0.01, 0.01, 0.01, 0.01, 0.01, 0.01, 0.01, 0.01]","[true, true, true, true, true, true, true, true, true, true, true, true, true, true, true, true, true, true, true, true, true, true, true, true]",-24.781022804647108,"[0.147, 0.147, 0.292, 0.292, 0.021375, 0.021375, 0.0260625, 0.0260625, 0.0023125, 0.0023125, 0.0025625, 0.0025625, 0.00175, 0.00175, 0.002, 0.002, 0.0013125, 0.0013125, 0.001375, 0.001375, 0.0010625, 0.0010625, 0.0011875, 0.0011875]",2,0.292,0.17797920107841492,"ControllerAction(token_budget=528, selected_request_ids=[0, 1, 2, 3, 4, 5, 6, 7, 8, 9, 10, 11, 12, 13, 14, 15, 18], token_allocations={0: 1, 1: 1, 2: 1, 3: 1, 4: 1, 5: 1, 6: 1, 7: 1, 8: 1, 9: 1, 10: 1, 11: 1, 12: 1, 13: 1, 14: 1, 15: 1, 18: 512}, prefill_allocations={18: 512}, decode_allocations={0: 1, 1: 1, 2: 1, 3: 1, 4: 1, 5: 1, 6: 1, 7: 1, 8: 1, 9: 1, 10: 1, 11: 1, 12: 1, 13: 1, 14: 1, 15: 1}, heuristic='LST', strategy='Fixed', mapping=None)","{""type"": ""controller"", ""token_budget"": 528, ""selected_request_ids"": [0, 1, 2, 3, 4, 5, 6, 7, 8, 9, 10, 11, 12, 13, 14, 15, 18], ""token_allocations"": {""0"": 1, ""1"": 1, ""2"": 1, ""3"": 1, ""4"": 1, ""5"": 1, ""6"": 1, ""7"": 1, ""8"": 1, ""9"": 1, ""10"": 1, ""11"": 1, ""12"": 1, ""13"": 1, ""14"": 1, ""15"": 1, ""18"": 512}, ""prefill_allocations"": {""18"": 512}, ""decode_allocations"": {""0"": 1, ""1"": 1, ""2"": 1, ""3"": 1, ""4"": 1, ""5"": 1, ""6"": 1, ""7"": 1, ""8"": 1, ""9"": 1, ""10"": 1, ""11"": 1, ""12"": 1, ""13"": 1, ""14"": 1, ""15"": 1}, ""heuristic"": ""LST"", ""strategy"": ""Fixed""}",train_root,,3.2202109643574532,16,7.8818623311977944,23.881862331197794
6007,356,89,577961,controller,8000,-30.265466690063477,"[0.14031612873077393, 0.13790294528007507, 0.18045374751091003, 0.1888522505760193, 0.05895215645432472, 0.06219817325472832, 0.07421348989009857, 0.07058320194482803, 0.006289877463132143, 0.004731669090688229, 0.007155530620366335, 0.005708748009055853, 0.005516239907592535, 0.005840054247528315, 0.006379169411957264, 0.006876220926642418, 0.0057540955021977425, 0.004412337671965361, 0.005018552765250206, 0.0049530514515936375, 0.003963243681937456, 0.004995653405785561, 0.0038941900711506605, 0.005039244890213013]","[0.12903026699365613, 0.12681117993812754, 0.16593954972926733, 0.17366254709699913, 0.054210535566785754, 0.057195469787894374, 0.06824437434005598, 0.06490607654721375, 0.01, 0.01, 0.01, 0.01, 0.01, 0.01, 0.01, 0.01, 0.01, 0.01, 0.01, 0.01, 0.01, 0.01, 0.01, 0.01]","[true, true, true, true, true, true, true, true, true, true, true, true, true, true, true, true, true, true, true, true, true, true, true, true]",-24.74829506827378,"[0.1769375, 0.1769375, 0.244125, 0.244125, 0.022375, 0.022375, 0.0434375, 0.0434375, 0.00225, 0.00225, 0.0024375, 0.0024375, 0.0016875, 0.0016875, 0.001875, 0.001875, 0.0013125, 0.0013125, 0.001375, 0.001375, 0.0010625, 0.0010625, 0.001125, 0.001125]",2,0.244125,0.18045374751091003,"ControllerAction(token_budget=528, selected_request_ids=[0, 1, 2, 3, 4, 5, 6, 7, 8, 9, 10, 11, 12, 13, 14, 15, 19], token_allocations={0: 1, 1: 1, 2: 1, 3: 1, 4: 1, 5: 1, 6: 1, 7: 1, 8: 1, 9: 1, 10: 1, 11: 1, 12: 1, 13: 1, 14: 1, 15: 1, 19: 512}, prefill_allocations={19: 512}, decode_allocations={0: 1, 1: 1, 2: 1, 3: 1, 4: 1, 5: 1, 6: 1, 7: 1, 8: 1, 9: 1, 10: 1, 11: 1, 12: 1, 13: 1, 14: 1, 15: 1}, heuristic='LST', strategy='Fixed', mapping=None)","{""type"": ""controller"", ""token_budget"": 528, ""selected_request_ids"": [0, 1, 2, 3, 4, 5, 6, 7, 8, 9, 10, 11, 12, 13, 14, 15, 19], ""token_allocations"": {""0"": 1, ""1"": 1, ""2"": 1, ""3"": 1, ""4"": 1, ""5"": 1, ""6"": 1, ""7"": 1, ""8"": 1, ""9"": 1, ""10"": 1, ""11"": 1, ""12"": 1, ""13"": 1, ""14"": 1, ""15"": 1, ""19"": 512}, ""prefill_allocations"": {""19"": 512}, ""decode_allocations"": {""0"": 1, ""1"": 1, ""2"": 1, ""3"": 1, ""4"": 1, ""5"": 1, ""6"": 1, ""7"": 1, ""8"": 1, ""9"": 1, ""10"": 1, ""11"": 1, ""12"": 1, ""13"": 1, ""14"": 1, ""15"": 1}, ""heuristic"": ""LST"", ""strategy"": ""Fixed""}",train_root,,3.2465462481237144,16,7.8818623311977944,23.881862331197794
6007,357,91,670443,controller,8000,-30.41707420349121,"[0.14158056676387787, 0.13920314610004425, 0.18027302622795105, 0.18903282284736633, 0.05729108676314354, 0.06038657948374748, 0.07274141162633896, 0.06855527311563492, 0.00648418627679348, 0.005153228063136339, 0.007441831286996603, 0.006076160352677107, 0.005771413445472717, 0.006279008463025093, 0.006559054367244244, 0.007071418222039938, 0.006021758541464806, 0.004924518521875143, 0.005255314987152815, 0.005075754597783089, 0.004188490100204945, 0.005147071555256844, 0.00421772338449955, 0.005269108340144157]","[0.1308243286201848, 0.12862752669105776, 0.16657722287503787, 0.1746715153176978, 0.052938536220221315, 0.055798856433496524, 0.06721506034632044, 0.06334695349598339, 0.01, 0.01, 0.01, 0.01, 0.01, 0.01, 0.01, 0.01, 0.01, 0.01, 0.01, 0.01, 0.01, 0.01, 0.01, 0.01]","[true, true, true, true, true, true, true, true, true, true, true, true, true, true, true, true, true, true, true, true, true, true, true, true]",-24.71991756710022,"[0.1960625, 0.1960625, 0.2084375, 0.2084375, 0.0396875, 0.0396875, 0.04525, 0.04525, 0.00225, 0.00225, 0.0023125, 0.0023125, 0.0016875, 0.0016875, 0.001875, 0.001875, 0.000375, 0.000375, 0.0013125, 0.0013125, 0.000375, 0.000375, 0.000375, 0.000375]",2,0.2084375,0.18027302622795105,"ControllerAction(token_budget=528, selected_request_ids=[0, 1, 2, 3, 4, 5, 6, 7, 8, 9, 10, 11, 12, 13, 14, 15, 17], token_allocations={0: 1, 1: 1, 2: 1, 3: 1, 4: 1, 5: 1, 6: 1, 7: 1, 8: 1, 9: 1, 10: 1, 11: 1, 12: 1, 13: 1, 14: 1, 15: 1, 17: 512}, prefill_allocations={17: 512}, decode_allocations={0: 1, 1: 1, 2: 1, 3: 1, 4: 1, 5: 1, 6: 1, 7: 1, 8: 1, 9: 1, 10: 1, 11: 1, 12: 1, 13: 1, 14: 1, 15: 1}, heuristic='LST', strategy='Fixed', mapping=None)","{""type"": ""controller"", ""token_budget"": 528, ""selected_request_ids"": [0, 1, 2, 3, 4, 5, 6, 7, 8, 9, 10, 11, 12, 13, 14, 15, 17], ""token_allocations"": {""0"": 1, ""1"": 1, ""2"": 1, ""3"": 1, ""4"": 1, ""5"": 1, ""6"": 1, ""7"": 1, ""8"": 1, ""9"": 1, ""10"": 1, ""11"": 1, ""12"": 1, ""13"": 1, ""14"": 1, ""15"": 1, ""17"": 512}, ""prefill_allocations"": {""17"": 512}, ""decode_allocations"": {""0"": 1, ""1"": 1, ""2"": 1, ""3"": 1, ""4"": 1, ""5"": 1, ""6"": 1, ""7"": 1, ""8"": 1, ""9"": 1, ""10"": 1, ""11"": 1, ""12"": 1, ""13"": 1, ""14"": 1, ""15"": 1}, ""heuristic"": ""LST"", ""strategy"": ""Fixed""}",train_root,,3.2728815318899755,16,7.8818623311977944,23.881862331197794
6007,358,93,762499,controller,8000,-30.638959884643555,"[0.14479243755340576, 0.14148098230361938, 0.18265584111213684, 0.19169734418392181, 0.05497242137789726, 0.05817873403429985, 0.06954970210790634, 0.06574959307909012, 0.006502414122223854, 0.005228104069828987, 0.0074074300937354565, 0.006109621375799179, 0.005750303156673908, 0.006369650363922119, 0.006527788005769253, 0.006908772513270378, 0.006001429632306099, 0.005061362404376268, 0.00527199637144804, 0.005000737961381674, 0.004230487626045942, 0.005125465337187052, 0.004255336243659258, 0.005172100383788347]","[0.1337902510851662, 0.13073041980659686, 0.16877656911847605, 0.17713104526793128, 0.050795291405987084, 0.053757969447783466, 0.06426490405953134, 0.0607535498085277, 0.01, 0.01, 0.01, 0.01, 0.01, 0.01, 0.01, 0.01, 0.01, 0.01, 0.01, 0.01, 0.01, 0.01, 0.01, 0.01]","[true, true, true, true, true, true, true, true, true, true, true, true, true, true, true, true, true, true, true, true, true, true, true, true]",-24.67510143237757,"[0.1668125, 0.1668125, 0.2309375, 0.2309375, 0.03375, 0.03375, 0.06025, 0.06025, 0.002125, 0.002125, 0.0025, 0.0025, 0.000375, 0.000375, 0.0018125, 0.0018125, 0.000375, 0.000375, 0.000375, 0.000375, 0.0003125, 0.0003125, 0.000375, 0.000375]",2,0.2309375,0.18265584111213684,"ControllerAction(token_budget=528, selected_request_ids=[0, 1, 2, 3, 4, 5, 6, 7, 8, 9, 10, 11, 12, 13, 14, 15, 18], token_allocations={0: 1, 1: 1, 2: 1, 3: 1, 4: 1, 5: 1, 6: 1, 7: 1, 8: 1, 9: 1, 10: 1, 11: 1, 12: 1, 13: 1, 14: 1, 15: 1, 18: 512}, prefill_allocations={18: 512}, decode_allocations={0: 1, 1: 1, 2: 1, 3: 1, 4: 1, 5: 1, 6: 1, 7: 1, 8: 1, 9: 1, 10: 1, 11: 1, 12: 1, 13: 1, 14: 1, 15: 1}, heuristic='LST', strategy='Fixed', mapping=None)","{""type"": ""controller"", ""token_budget"": 528, ""selected_request_ids"": [0, 1, 2, 3, 4, 5, 6, 7, 8, 9, 10, 11, 12, 13, 14, 15, 18], ""token_allocations"": {""0"": 1, ""1"": 1, ""2"": 1, ""3"": 1, ""4"": 1, ""5"": 1, ""6"": 1, ""7"": 1, ""8"": 1, ""9"": 1, ""10"": 1, ""11"": 1, ""12"": 1, ""13"": 1, ""14"": 1, ""15"": 1, ""18"": 512}, ""prefill_allocations"": {""18"": 512}, ""decode_allocations"": {""0"": 1, ""1"": 1, ""2"": 1, ""3"": 1, ""4"": 1, ""5"": 1, ""6"": 1, ""7"": 1, ""8"": 1, ""9"": 1, ""10"": 1, ""11"": 1, ""12"": 1, ""13"": 1, ""14"": 1, ""15"": 1}, ""heuristic"": ""LST"", ""strategy"": ""Fixed""}",train_root,,3.2997149732242366,16,7.8818623311977944,23.881862331197794
6007,359,95,854719,controller,8000,-30.85988426208496,"[0.14798496663570404, 0.1437065303325653, 0.18495489656925201, 0.19427834451198578, 0.05271473526954651, 0.05601668357849121, 0.06645660847425461, 0.06301943957805634, 0.006516630295664072, 0.0053007639944553375, 0.007368592545390129, 0.00613943999633193, 0.0057257069274783134, 0.006457578856498003, 0.006492622196674347, 0.006745663471519947, 0.005977446213364601, 0.005198769737035036, 0.0052854339592158794, 0.004923761822283268, 0.0042702448554337025, 0.005100770853459835, 0.004290612414479256, 0.005073715932667255]","[0.13673189806409694, 0.13277880249112167, 0.1708905616502067, 0.1795050362329527, 0.04870620288812824, 0.051757064538845515, 0.061403116966308416, 0.05822731716833976, 0.01, 0.01, 0.01, 0.01, 0.01, 0.01, 0.01, 0.01, 0.01, 0.01, 0.01, 0.01, 0.01, 0.01, 0.01, 0.01]","[true, true, true, true, true, true, true, true, true, true, true, true, true, true, true, true, true, true, true, true, true, true, true, true]",-24.692041268725635,"[0.20075, 0.20075, 0.1995, 0.1995, 0.0429375, 0.0429375, 0.0536875, 0.0536875, 0.0004375, 0.0004375, 0.0004375, 0.0004375, 0.000375, 0.000375, 0.0004375, 0.0004375, 0.000375, 0.000375, 0.000375, 0.000375, 0.0003125, 0.0003125, 0.000375, 0.000375]",0,0.20075,0.14798496663570404,"ControllerAction(token_budget=528, selected_request_ids=[0, 1, 2, 3, 4, 5, 6, 7, 8, 9, 10, 11, 12, 13, 14, 15, 16], token_allocations={0: 1, 1: 1, 2: 1, 3: 1, 4: 1, 5: 1, 6: 1, 7: 1, 8: 1, 9: 1, 10: 1, 11: 1, 12: 1, 13: 1, 14: 1, 15: 1, 16: 512}, prefill_allocations={16: 512}, decode_allocations={0: 1, 1: 1, 2: 1, 3: 1, 4: 1, 5: 1, 6: 1, 7: 1, 8: 1, 9: 1, 10: 1, 11: 1, 12: 1, 13: 1, 14: 1, 15: 1}, heuristic='SJF', strategy='Fixed', mapping=None)","{""type"": ""controller"", ""token_budget"": 528, ""selected_request_ids"": [0, 1, 2, 3, 4, 5, 6, 7, 8, 9, 10, 11, 12, 13, 14, 15, 16], ""token_allocations"": {""0"": 1, ""1"": 1, ""2"": 1, ""3"": 1, ""4"": 1, ""5"": 1, ""6"": 1, ""7"": 1, ""8"": 1, ""9"": 1, ""10"": 1, ""11"": 1, ""12"": 1, ""13"": 1, ""14"": 1, ""15"": 1, ""16"": 512}, ""prefill_allocations"": {""16"": 512}, ""decode_allocations"": {""0"": 1, ""1"": 1, ""2"": 1, ""3"": 1, ""4"": 1, ""5"": 1, ""6"": 1, ""7"": 1, ""8"": 1, ""9"": 1, ""10"": 1, ""11"": 1, ""12"": 1, ""13"": 1, ""14"": 1, ""15"": 1}, ""heuristic"": ""SJF"", ""strategy"": ""Fixed""}",train_root,,3.3265484145584976,16,7.8818623311977944,23.881862331197794
6007,360,97,947227,controller,8000,-32.863712310791016,"[0.15660522878170013, 0.152448832988739, 0.1724269837141037, 0.17725157737731934, 0.05426754057407379, 0.05711895227432251, 0.06536982208490372, 0.0632704645395279, 0.0075820693746209145, 0.006632540840655565, 0.007821201346814632, 0.007158108055591583, 0.006432379595935345, 0.007070899475365877, 0.0069536613300442696, 0.0070357732474803925, 0.006409707013517618, 0.006294407416135073, 0.005889250431209803, 0.0055196271277964115, 0.0046358611434698105, 0.005617064889520407, 0.004861234221607447, 0.0053268251940608025]","[0.14636663809569878, 0.14248198058110936, 0.16115399287462526, 0.16566316258853714, 0.050719618580687326, 0.05338460970287976, 0.06109605129991272, 0.059133946276549644, 0.01, 0.01, 0.01, 0.01, 0.01, 0.01, 0.01, 0.01, 0.01, 0.01, 0.01, 0.01, 0.01, 0.01, 0.01, 0.01]","[true, true, true, true, true, true, true, true, true, true, true, true, true, true, true, true, true, true, true, true, true, true, true, true]",-24.692670005340325,"[0.2236875, 0.2236875, 0.266125, 0.266125, 0.0026875, 0.0026875, 0.0043125, 0.0043125, 0.0004375, 0.0004375, 0.0004375, 0.0004375, 0.000375, 0.000375, 0.0004375, 0.0004375, 0.000375, 0.000375, 0.000375, 0.000375, 0.000375, 0.000375, 0.000375, 0.000375]",2,0.266125,0.1724269837141037,"ControllerAction(token_budget=529, selected_request_ids=[0, 1, 2, 3, 4, 5, 6, 7, 8, 9, 10, 11, 12, 13, 14, 15, 16, 19], token_allocations={0: 1, 1: 1, 2: 1, 3: 1, 4: 1, 5: 1, 6: 1, 7: 1, 8: 1, 9: 1, 10: 1, 11: 1, 12: 1, 13: 1, 14: 1, 15: 1, 16: 1, 19: 512}, prefill_allocations={19: 512}, decode_allocations={0: 1, 1: 1, 2: 1, 3: 1, 4: 1, 5: 1, 6: 1, 7: 1, 8: 1, 9: 1, 10: 1, 11: 1, 12: 1, 13: 1, 14: 1, 15: 1, 16: 1}, heuristic='LST', strategy='Fixed', mapping=None)","{""type"": ""controller"", ""token_budget"": 529, ""selected_request_ids"": [0, 1, 2, 3, 4, 5, 6, 7, 8, 9, 10, 11, 12, 13, 14, 15, 16, 19], ""token_allocations"": {""0"": 1, ""1"": 1, ""2"": 1, ""3"": 1, ""4"": 1, ""5"": 1, ""6"": 1, ""7"": 1, ""8"": 1, ""9"": 1, ""10"": 1, ""11"": 1, ""12"": 1, ""13"": 1, ""14"": 1, ""15"": 1, ""16"": 1, ""19"": 512}, ""prefill_allocations"": {""19"": 512}, ""decode_allocations"": {""0"": 1, ""1"": 1, ""2"": 1, ""3"": 1, ""4"": 1, ""5"": 1, ""6"": 1, ""7"": 1, ""8"": 1, ""9"": 1, ""10"": 1, ""11"": 1, ""12"": 1, ""13"": 1, ""14"": 1, ""15"": 1, ""16"": 1}, ""heuristic"": ""LST"", ""strategy"": ""Fixed""}",train_root,,3.354816481940759,16,7.8818623311977944,23.881862331197794
6007,361,99,1040558,controller,8000,-32.98338317871094,"[0.15796484053134918, 0.1534542441368103, 0.17200970649719238, 0.1772397756576538, 0.05239829421043396, 0.05521322786808014, 0.06385797262191772, 0.061201926320791245, 0.007825921289622784, 0.00723057147115469, 0.008151687681674957, 0.007628903724253178, 0.00672662490978837, 0.007625027094036341, 0.007140130735933781, 0.007217257749289274, 0.006710548419505358, 0.007052718661725521, 0.006180213298648596, 0.005651465617120266, 0.004911174066364765, 0.005780993960797787, 0.005265331827104092, 0.0055614919401705265]","[0.148532997349124, 0.14429172188517003, 0.1617392654797805, 0.16665705507228404, 0.04926967082597372, 0.051916529026208115, 0.06004510906519969, 0.0575476512962598, 0.01, 0.01, 0.01, 0.01, 0.01, 0.01, 0.01, 0.01, 0.01, 0.01, 0.01, 0.01, 0.01, 0.01, 0.01, 0.01]","[true, true, true, true, true, true, true, true, true, true, true, true, true, true, true, true, true, true, true, true, true, true, true, true]",-27.605692416478036,"[0.2364375, 0.2364375, 0.2364375, 0.2364375, 0.00971875, 0.00971875, 0.00971875, 0.00971875, 0.00125, 0.00125, 0.00125, 0.00125, 0.001, 0.001, 0.001, 0.001, 0.00084375, 0.00084375, 0.00084375, 0.00084375, 0.00075, 0.00075, 0.00075, 0.00075]",0,0.2364375,0.15796484053134918,"ControllerAction(token_budget=529, selected_request_ids=[0, 1, 2, 3, 4, 5, 6, 7, 8, 9, 10, 11, 12, 13, 14, 15, 16, 17], token_allocations={0: 1, 1: 1, 2: 1, 3: 1, 4: 1, 5: 1, 6: 1, 7: 1, 8: 1, 9: 1, 10: 1, 11: 1, 12: 1, 13: 1, 14: 1, 15: 1, 16: 1, 17: 512}, prefill_allocations={17: 512}, decode_allocations={0: 1, 1: 1, 2: 1, 3: 1, 4: 1, 5: 1, 6: 1, 7: 1, 8: 1, 9: 1, 10: 1, 11: 1, 12: 1, 13: 1, 14: 1, 15: 1, 16: 1}, heuristic='SJF', strategy='Fixed', mapping=None)","{""type"": ""controller"", ""token_budget"": 529, ""selected_request_ids"": [0, 1, 2, 3, 4, 5, 6, 7, 8, 9, 10, 11, 12, 13, 14, 15, 16, 17], ""token_allocations"": {""0"": 1, ""1"": 1, ""2"": 1, ""3"": 1, ""4"": 1, ""5"": 1, ""6"": 1, ""7"": 1, ""8"": 1, ""9"": 1, ""10"": 1, ""11"": 1, ""12"": 1, ""13"": 1, ""14"": 1, ""15"": 1, ""16"": 1, ""17"": 512}, ""prefill_allocations"": {""17"": 512}, ""decode_allocations"": {""0"": 1, ""1"": 1, ""2"": 1, ""3"": 1, ""4"": 1, ""5"": 1, ""6"": 1, ""7"": 1, ""8"": 1, ""9"": 1, ""10"": 1, ""11"": 1, ""12"": 1, ""13"": 1, ""14"": 1, ""15"": 1, ""16"": 1}, ""heuristic"": ""SJF"", ""strategy"": ""Fixed""}",train_root,,3.382390707912922,16,7.8818623311977944,23.881862331197794
6007,362,101,1137038,controller,8000,-30.804412841796875,"[0.1569954752922058, 0.15816086530685425, 0.22006124258041382, 0.21897749602794647, 0.03397933021187782, 0.03863450884819031, 0.05168115720152855, 0.04679052531719208, 0.00504371477290988, 0.004291141405701637, 0.006226159166544676, 0.005108895245939493, 0.004487840924412012, 0.005684955045580864, 0.005510000046342611, 0.005209201946854591, 0.004982643760740757, 0.005062200129032135, 0.003926908131688833, 0.0038208956830203533, 0.0034921634942293167, 0.004476886708289385, 0.0035878815688192844, 0.003808001521974802]","[0.142525628585964, 0.14358360776706094, 0.19977879533028106, 0.19879493475512253, 0.03084754760201905, 0.03507367106249133, 0.046917845259477765, 0.042477969637583206, 0.01, 0.01, 0.01, 0.01, 0.01, 0.01, 0.01, 0.01, 0.01, 0.01, 0.01, 0.01, 0.01, 0.01, 0.01, 0.01]","[true, true, true, true, true, true, true, true, true, true, true, true, true, true, true, true, true, true, true, true, true, true, true, true]",-27.677481246393096,"[0.1910625, 0.1910625, 0.2885, 0.2885, 0.0055, 0.0055, 0.00775, 0.00775, 0.001125, 0.001125, 0.001125, 0.001125, 0.0009375, 0.0009375, 0.0009375, 0.0009375, 0.0008125, 0.0008125, 0.0008125, 0.0008125, 0.0006875, 0.0006875, 0.00075, 0.00075]",2,0.2885,0.22006124258041382,"ControllerAction(token_budget=529, selected_request_ids=[0, 1, 2, 3, 4, 5, 6, 7, 8, 9, 10, 11, 12, 13, 14, 15, 16, 18], token_allocations={0: 1, 1: 1, 2: 1, 3: 1, 4: 1, 5: 1, 6: 1, 7: 1, 8: 1, 9: 1, 10: 1, 11: 1, 12: 1, 13: 1, 14: 1, 15: 1, 16: 1, 18: 512}, prefill_allocations={18: 512}, decode_allocations={0: 1, 1: 1, 2: 1, 3: 1, 4: 1, 5: 1, 6: 1, 7: 1, 8: 1, 9: 1, 10: 1, 11: 1, 12: 1, 13: 1, 14: 1, 15: 1, 16: 1}, heuristic='LST', strategy='Fixed', mapping=None)","{""type"": ""controller"", ""token_budget"": 529, ""selected_request_ids"": [0, 1, 2, 3, 4, 5, 6, 7, 8, 9, 10, 11, 12, 13, 14, 15, 16, 18], ""token_allocations"": {""0"": 1, ""1"": 1, ""2"": 1, ""3"": 1, ""4"": 1, ""5"": 1, ""6"": 1, ""7"": 1, ""8"": 1, ""9"": 1, ""10"": 1, ""11"": 1, ""12"": 1, ""13"": 1, ""14"": 1, ""15"": 1, ""16"": 1, ""18"": 512}, ""prefill_allocations"": {""18"": 512}, ""decode_allocations"": {""0"": 1, ""1"": 1, ""2"": 1, ""3"": 1, ""4"": 1, ""5"": 1, ""6"": 1, ""7"": 1, ""8"": 1, ""9"": 1, ""10"": 1, ""11"": 1, ""12"": 1, ""13"": 1, ""14"": 1, ""15"": 1, ""16"": 1}, ""heuristic"": ""LST"", ""strategy"": ""Fixed""}",train_root,,3.410408727293085,19,7.950748127427942,26.950748127427943
6007,363,103,1230989,controller,8000,-31.007686614990234,"[0.1599382758140564, 0.15973207354545593, 0.22186990082263947, 0.22105732560157776, 0.03228321298956871, 0.03693306818604469, 0.04908062517642975, 0.04454052448272705, 0.005046576727181673, 0.0043425727635622025, 0.006189366802573204, 0.005125988274812698, 0.004453752189874649, 0.005764089059084654, 0.005457362625747919, 0.0050591398030519485, 0.004950631409883499, 0.005205052439123392, 0.003934099338948727, 0.0037482220213860273, 0.0035234130918979645, 0.004437774419784546, 0.0036073983646929264, 0.0037194998003542423]","[0.1451729734913636, 0.1449858075592499, 0.2013871480526848, 0.20064958876347452, 0.029302866994761055, 0.03352345335372292, 0.04454956301993086, 0.04042859876481228, 0.01, 0.01, 0.01, 0.01, 0.01, 0.01, 0.01, 0.01, 0.01, 0.01, 0.01, 0.01, 0.01, 0.01, 0.01, 0.01]","[true, true, true, true, true, true, true, true, true, true, true, true, true, true, true, true, true, true, true, true, true, true, true, true]",-27.74979995950126,"[0.1919375, 0.1919375, 0.288125, 0.288125, 0.00525, 0.00525, 0.007375, 0.007375, 0.0011875, 0.0011875, 0.0011875, 0.0011875, 0.0009375, 0.0009375, 0.001, 0.001, 0.0008125, 0.0008125, 0.0008125, 0.0008125, 0.0006875, 0.0006875, 0.0006875, 0.0006875]",2,0.288125,0.22186990082263947,"ControllerAction(token_budget=529, selected_request_ids=[0, 1, 2, 3, 4, 5, 6, 7, 8, 9, 10, 11, 12, 13, 14, 15, 16, 19], token_allocations={0: 1, 1: 1, 2: 1, 3: 1, 4: 1, 5: 1, 6: 1, 7: 1, 8: 1, 9: 1, 10: 1, 11: 1, 12: 1, 13: 1, 14: 1, 15: 1, 16: 1, 19: 512}, prefill_allocations={19: 512}, decode_allocations={0: 1, 1: 1, 2: 1, 3: 1, 4: 1, 5: 1, 6: 1, 7: 1, 8: 1, 9: 1, 10: 1, 11: 1, 12: 1, 13: 1, 14: 1, 15: 1, 16: 1}, heuristic='LST', strategy='Fixed', mapping=None)","{""type"": ""controller"", ""token_budget"": 529, ""selected_request_ids"": [0, 1, 2, 3, 4, 5, 6, 7, 8, 9, 10, 11, 12, 13, 14, 15, 16, 19], ""token_allocations"": {""0"": 1, ""1"": 1, ""2"": 1, ""3"": 1, ""4"": 1, ""5"": 1, ""6"": 1, ""7"": 1, ""8"": 1, ""9"": 1, ""10"": 1, ""11"": 1, ""12"": 1, ""13"": 1, ""14"": 1, ""15"": 1, ""16"": 1, ""19"": 512}, ""prefill_allocations"": {""19"": 512}, ""decode_allocations"": {""0"": 1, ""1"": 1, ""2"": 1, ""3"": 1, ""4"": 1, ""5"": 1, ""6"": 1, ""7"": 1, ""8"": 1, ""9"": 1, ""10"": 1, ""11"": 1, ""12"": 1, ""13"": 1, ""14"": 1, ""15"": 1, ""16"": 1}, ""heuristic"": ""LST"", ""strategy"": ""Fixed""}",train_root,,3.4384267466732483,19,8.03480218556843,27.03480218556843
6007,364,105,1325463,controller,8000,-31.15210723876953,"[0.1612071692943573, 0.16066701710224152, 0.22115188837051392, 0.22085554897785187, 0.031119052320718765, 0.03563996031880379, 0.047855522483587265, 0.043007202446460724, 0.005202288739383221, 0.004729136824607849, 0.006441597361117601, 0.005456526763737202, 0.00465152645483613, 0.0062086693942546844, 0.005596812814474106, 0.0051816413179039955, 0.005176156293600798, 0.005826608743518591, 0.004123056307435036, 0.003832166315987706, 0.003728272160515189, 0.004561675246804953, 0.0039031158667057753, 0.0038774681743234396]","[0.1469490268750517, 0.14645664902769367, 0.20159187044769114, 0.2013217411130775, 0.028366694085754332, 0.032487745486993014, 0.04362288904607953, 0.039203383917659054, 0.01, 0.01, 0.01, 0.01, 0.01, 0.01, 0.01, 0.01, 0.01, 0.01, 0.01, 0.01, 0.01, 0.01, 0.01, 0.01]","[true, true, true, true, true, true, true, true, true, true, true, true, true, true, true, true, true, true, true, true, true, true, true, true]",-27.816522679734327,"[0.2398125, 0.2398125, 0.2398125, 0.2398125, 0.0063125, 0.0063125, 0.0063125, 0.0063125, 0.00128125, 0.00128125, 0.00128125, 0.00128125, 0.001, 0.001, 0.001, 0.001, 0.00084375, 0.00084375, 0.00084375, 0.00084375, 0.00075, 0.00075, 0.00075, 0.00075]",0,0.2398125,0.1612071692943573,"ControllerAction(token_budget=529, selected_request_ids=[0, 1, 2, 3, 4, 5, 6, 7, 8, 9, 10, 11, 12, 13, 14, 15, 16, 17], token_allocations={0: 1, 1: 1, 2: 1, 3: 1, 4: 1, 5: 1, 6: 1, 7: 1, 8: 1, 9: 1, 10: 1, 11: 1, 12: 1, 13: 1, 14: 1, 15: 1, 16: 1, 17: 512}, prefill_allocations={17: 512}, decode_allocations={0: 1, 1: 1, 2: 1, 3: 1, 4: 1, 5: 1, 6: 1, 7: 1, 8: 1, 9: 1, 10: 1, 11: 1, 12: 1, 13: 1, 14: 1, 15: 1, 16: 1}, heuristic='SJF', strategy='Fixed', mapping=None)","{""type"": ""controller"", ""token_budget"": 529, ""selected_request_ids"": [0, 1, 2, 3, 4, 5, 6, 7, 8, 9, 10, 11, 12, 13, 14, 15, 16, 17], ""token_allocations"": {""0"": 1, ""1"": 1, ""2"": 1, ""3"": 1, ""4"": 1, ""5"": 1, ""6"": 1, ""7"": 1, ""8"": 1, ""9"": 1, ""10"": 1, ""11"": 1, ""12"": 1, ""13"": 1, ""14"": 1, ""15"": 1, ""16"": 1, ""17"": 512}, ""prefill_allocations"": {""17"": 512}, ""decode_allocations"": {""0"": 1, ""1"": 1, ""2"": 1, ""3"": 1, ""4"": 1, ""5"": 1, ""6"": 1, ""7"": 1, ""8"": 1, ""9"": 1, ""10"": 1, ""11"": 1, ""12"": 1, ""13"": 1, ""14"": 1, ""15"": 1, ""16"": 1}, ""heuristic"": ""SJF"", ""strategy"": ""Fixed""}",train_root,,3.4664447660534115,19,8.118856243708919,27.11885624370892
6007,365,107,1424017,controller,8000,-31.004453659057617,"[0.16557632386684418, 0.16255582869052887, 0.22919337451457977, 0.23146601021289825, 0.030299168080091476, 0.03434348851442337, 0.045721765607595444, 0.041058022528886795, 0.004978668410331011, 0.0044785672798752785, 0.00612468458712101, 0.005203182343393564, 0.004438755102455616, 0.006017479579895735, 0.005445630755275488, 0.004966407548636198, 0.004949810914695263, 0.005600754637271166, 0.003968806937336922, 0.003613222623243928, 0.0, 0.0, 0.0, 0.0]","[0.15497234437039764, 0.15214529031036486, 0.2145151778538755, 0.21664226748748464, 0.028358723035913184, 0.03214403366762859, 0.04279361347979378, 0.03842854979454172, 0.01, 0.01, 0.01, 0.01, 0.01, 0.01, 0.01, 0.01, 0.01, 0.01, 0.01, 0.01, 0.0, 0.0, 0.0, 0.0]","[true, true, true, true, true, true, true, true, true, true, true, true, true, true, true, true, true, true, true, true, false, false, false, false]",-27.891724237329075,"[0.194, 0.194, 0.288, 0.288, 0.004875, 0.004875, 0.0069375, 0.0069375, 0.00125, 0.00125, 0.00125, 0.00125, 0.001, 0.001, 0.001, 0.001, 0.00084375, 0.00084375, 0.00084375, 0.00084375, 0.0, 0.0, 0.0, 0.0]",2,0.288,0.22919337451457977,"ControllerAction(token_budget=529, selected_request_ids=[0, 1, 2, 3, 4, 5, 6, 7, 8, 9, 10, 11, 12, 13, 14, 15, 16, 18], token_allocations={0: 1, 1: 1, 2: 1, 3: 1, 4: 1, 5: 1, 6: 1, 7: 1, 8: 1, 9: 1, 10: 1, 11: 1, 12: 1, 13: 1, 14: 1, 15: 1, 16: 1, 18: 512}, prefill_allocations={18: 512}, decode_allocations={0: 1, 1: 1, 2: 1, 3: 1, 4: 1, 5: 1, 6: 1, 7: 1, 8: 1, 9: 1, 10: 1, 11: 1, 12: 1, 13: 1, 14: 1, 15: 1, 16: 1}, heuristic='LST', strategy='Fixed', mapping=None)","{""type"": ""controller"", ""token_budget"": 529, ""selected_request_ids"": [0, 1, 2, 3, 4, 5, 6, 7, 8, 9, 10, 11, 12, 13, 14, 15, 16, 18], ""token_allocations"": {""0"": 1, ""1"": 1, ""2"": 1, ""3"": 1, ""4"": 1, ""5"": 1, ""6"": 1, ""7"": 1, ""8"": 1, ""9"": 1, ""10"": 1, ""11"": 1, ""12"": 1, ""13"": 1, ""14"": 1, ""15"": 1, ""16"": 1, ""18"": 512}, ""prefill_allocations"": {""18"": 512}, ""decode_allocations"": {""0"": 1, ""1"": 1, ""2"": 1, ""3"": 1, ""4"": 1, ""5"": 1, ""6"": 1, ""7"": 1, ""8"": 1, ""9"": 1, ""10"": 1, ""11"": 1, ""12"": 1, ""13"": 1, ""14"": 1, ""15"": 1, ""16"": 1}, ""heuristic"": ""LST"", ""strategy"": ""Fixed""}",train_root,,3.4949416487935747,19,8.204346891929411,27.20434689192941
6007,366,109,1520179,controller,8000,-31.204856872558594,"[0.1715916395187378, 0.1670052707195282, 0.2350463569164276, 0.23767085373401642, 0.029254170134663582, 0.0333629809319973, 0.04411645606160164, 0.0397132933139801, 0.005064608529210091, 0.004608917515724897, 0.006188901141285896, 0.005308023653924465, 0.004478473216295242, 0.006203829776495695, 0.005483811255544424, 0.004902361426502466, 0.0, 0.0, 0.0, 0.0, 0.0, 0.0, 0.0, 0.0]","[0.16482640746630364, 0.16042086244902026, 0.22577933696091723, 0.22830035944816185, 0.02810078498129907, 0.03204760036567752, 0.042377105220122224, 0.038147543108498105, 0.01, 0.01, 0.01, 0.01, 0.01, 0.01, 0.01, 0.01, 0.0, 0.0, 0.0, 0.0, 0.0, 0.0, 0.0, 0.0]","[true, true, true, true, true, true, true, true, true, true, true, true, true, true, true, true, false, false, false, false, false, false, false, false]",-27.959763486193005,"[0.1930625, 0.1930625, 0.290625, 0.290625, 0.004875, 0.004875, 0.0069375, 0.0069375, 0.0011875, 0.0011875, 0.00125, 0.00125, 0.00103125, 0.00103125, 0.00103125, 0.00103125, 0.0, 0.0, 0.0, 0.0, 0.0, 0.0, 0.0, 0.0]",2,0.290625,0.2350463569164276,"ControllerAction(token_budget=529, selected_request_ids=[0, 1, 2, 3, 4, 5, 6, 7, 8, 9, 10, 11, 12, 13, 14, 15, 16, 19], token_allocations={0: 1, 1: 1, 2: 1, 3: 1, 4: 1, 5: 1, 6: 1, 7: 1, 8: 1, 9: 1, 10: 1, 11: 1, 12: 1, 13: 1, 14: 1, 15: 1, 16: 1, 19: 512}, prefill_allocations={19: 512}, decode_allocations={0: 1, 1: 1, 2: 1, 3: 1, 4: 1, 5: 1, 6: 1, 7: 1, 8: 1, 9: 1, 10: 1, 11: 1, 12: 1, 13: 1, 14: 1, 15: 1, 16: 1}, heuristic='LST', strategy='Fixed', mapping=None)","{""type"": ""controller"", ""token_budget"": 529, ""selected_request_ids"": [0, 1, 2, 3, 4, 5, 6, 7, 8, 9, 10, 11, 12, 13, 14, 15, 16, 19], ""token_allocations"": {""0"": 1, ""1"": 1, ""2"": 1, ""3"": 1, ""4"": 1, ""5"": 1, ""6"": 1, ""7"": 1, ""8"": 1, ""9"": 1, ""10"": 1, ""11"": 1, ""12"": 1, ""13"": 1, ""14"": 1, ""15"": 1, ""16"": 1, ""19"": 512}, ""prefill_allocations"": {""19"": 512}, ""decode_allocations"": {""0"": 1, ""1"": 1, ""2"": 1, ""3"": 1, ""4"": 1, ""5"": 1, ""6"": 1, ""7"": 1, ""8"": 1, ""9"": 1, ""10"": 1, ""11"": 1, ""12"": 1, ""13"": 1, ""14"": 1, ""15"": 1, ""16"": 1}, ""heuristic"": ""LST"", ""strategy"": ""Fixed""}",train_root,,3.523438531533738,19,8.289837540149904,27.289837540149904
6007,367,111,1617290,controller,8000,-31.348648071289062,"[0.1771068125963211, 0.1720179319381714, 0.2398926317691803, 0.24312928318977356, 0.028847435489296913, 0.032933786511421204, 0.04399433732032776, 0.03922264277935028, 0.0053432397544384, 0.005137998145073652, 0.006590820848941803, 0.005783083848655224, 0.0, 0.0, 0.0, 0.0, 0.0, 0.0, 0.0, 0.0, 0.0, 0.0, 0.0, 0.0]","[0.1739993186016869, 0.1689997268074312, 0.2356835056398605, 0.23886336717922463, 0.028341281992266223, 0.03235593441016933, 0.04322241817720345, 0.0385344471921578, 0.01, 0.01, 0.01, 0.01, 0.0, 0.0, 0.0, 0.0, 0.0, 0.0, 0.0, 0.0, 0.0, 0.0, 0.0, 0.0]","[true, true, true, true, true, true, true, true, true, true, true, true, false, false, false, false, false, false, false, false, false, false, false, false]",-28.021914036217698,"[0.242875, 0.242875, 0.242875, 0.242875, 0.00590625, 0.00590625, 0.00590625, 0.00590625, 0.00121875, 0.00121875, 0.00121875, 0.00121875, 0.0, 0.0, 0.0, 0.0, 0.0, 0.0, 0.0, 0.0, 0.0, 0.0, 0.0, 0.0]",0,0.242875,0.1771068125963211,"ControllerAction(token_budget=529, selected_request_ids=[0, 1, 2, 3, 4, 5, 6, 7, 8, 9, 10, 11, 12, 13, 14, 15, 16, 17], token_allocations={0: 1, 1: 1, 2: 1, 3: 1, 4: 1, 5: 1, 6: 1, 7: 1, 8: 1, 9: 1, 10: 1, 11: 1, 12: 1, 13: 1, 14: 1, 15: 1, 16: 1, 17: 512}, prefill_allocations={17: 512}, decode_allocations={0: 1, 1: 1, 2: 1, 3: 1, 4: 1, 5: 1, 6: 1, 7: 1, 8: 1, 9: 1, 10: 1, 11: 1, 12: 1, 13: 1, 14: 1, 15: 1, 16: 1}, heuristic='SJF', strategy='Fixed', mapping=None)","{""type"": ""controller"", ""token_budget"": 529, ""selected_request_ids"": [0, 1, 2, 3, 4, 5, 6, 7, 8, 9, 10, 11, 12, 13, 14, 15, 16, 17], ""token_allocations"": {""0"": 1, ""1"": 1, ""2"": 1, ""3"": 1, ""4"": 1, ""5"": 1, ""6"": 1, ""7"": 1, ""8"": 1, ""9"": 1, ""10"": 1, ""11"": 1, ""12"": 1, ""13"": 1, ""14"": 1, ""15"": 1, ""16"": 1, ""17"": 512}, ""prefill_allocations"": {""17"": 512}, ""decode_allocations"": {""0"": 1, ""1"": 1, ""2"": 1, ""3"": 1, ""4"": 1, ""5"": 1, ""6"": 1, ""7"": 1, ""8"": 1, ""9"": 1, ""10"": 1, ""11"": 1, ""12"": 1, ""13"": 1, ""14"": 1, ""15"": 1, ""16"": 1}, ""heuristic"": ""SJF"", ""strategy"": ""Fixed""}",train_root,,3.5519354142739012,19,8.375328188370396,27.375328188370396
6007,368,113,1718236,controller,8000,-32.42574691772461,"[0.19267871975898743, 0.18181350827217102, 0.23634429275989532, 0.23986616730690002, 0.03085966780781746, 0.03422693908214569, 0.04435698315501213, 0.039853766560554504, 0.0, 0.0, 0.0, 0.0, 0.0, 0.0, 0.0, 0.0, 0.0, 0.0, 0.0, 0.0, 0.0, 0.0, 0.0, 0.0]","[0.19267871114557783, 0.1818135001444742, 0.23634428219448259, 0.23986615658404722, 0.03085966642828287, 0.03422693755208235, 0.04435698117210055, 0.03985376477895238, 0.0, 0.0, 0.0, 0.0, 0.0, 0.0, 0.0, 0.0, 0.0, 0.0, 0.0, 0.0, 0.0, 0.0, 0.0, 0.0]","[true, true, true, true, true, true, true, true, false, false, false, false, false, false, false, false, false, false, false, false, false, false, false, false]",-28.068079323092643,"[0.24375, 0.24375, 0.24375, 0.24375, 0.00625, 0.00625, 0.00625, 0.00625, 0.0, 0.0, 0.0, 0.0, 0.0, 0.0, 0.0, 0.0, 0.0, 0.0, 0.0, 0.0, 0.0, 0.0, 0.0, 0.0]",0,0.24375,0.19267871975898743,"ControllerAction(token_budget=530, selected_request_ids=[0, 1, 2, 3, 4, 5, 6, 7, 8, 9, 10, 11, 12, 13, 14, 15, 16, 17, 18], token_allocations={0: 1, 1: 1, 2: 1, 3: 1, 4: 1, 5: 1, 6: 1, 7: 1, 8: 1, 9: 1, 10: 1, 11: 1, 12: 1, 13: 1, 14: 1, 15: 1, 16: 1, 17: 1, 18: 512}, prefill_allocations={18: 512}, decode_allocations={0: 1, 1: 1, 2: 1, 3: 1, 4: 1, 5: 1, 6: 1, 7: 1, 8: 1, 9: 1, 10: 1, 11: 1, 12: 1, 13: 1, 14: 1, 15: 1, 16: 1, 17: 1}, heuristic='SJF', strategy='Fixed', mapping=None)","{""type"": ""controller"", ""token_budget"": 530, ""selected_request_ids"": [0, 1, 2, 3, 4, 5, 6, 7, 8, 9, 10, 11, 12, 13, 14, 15, 16, 17, 18], ""token_allocations"": {""0"": 1, ""1"": 1, ""2"": 1, ""3"": 1, ""4"": 1, ""5"": 1, ""6"": 1, ""7"": 1, ""8"": 1, ""9"": 1, ""10"": 1, ""11"": 1, ""12"": 1, ""13"": 1, ""14"": 1, ""15"": 1, ""16"": 1, ""17"": 1, ""18"": 512}, ""prefill_allocations"": {""18"": 512}, ""decode_allocations"": {""0"": 1, ""1"": 1, ""2"": 1, ""3"": 1, ""4"": 1, ""5"": 1, ""6"": 1, ""7"": 1, ""8"": 1, ""9"": 1, ""10"": 1, ""11"": 1, ""12"": 1, ""13"": 1, ""14"": 1, ""15"": 1, ""16"": 1, ""17"": 1}, ""heuristic"": ""SJF"", ""strategy"": ""Fixed""}",train_root,,3.5809442662940647,19,8.462354744430888,27.46235474443089
6007,369,115,1819416,controller,8000,-33.544036865234375,"[0.24058771133422852, 0.22055639326572418, 0.2672482132911682, 0.27160772681236267, 0.0, 0.0, 0.0, 0.0, 0.0, 0.0, 0.0, 0.0, 0.0, 0.0, 0.0, 0.0, 0.0, 0.0, 0.0, 0.0, 0.0, 0.0, 0.0, 0.0]","[0.24058770057912018, 0.22055638340608552, 0.26724820134424265, 0.27160771467055167, 0.0, 0.0, 0.0, 0.0, 0.0, 0.0, 0.0, 0.0, 0.0, 0.0, 0.0, 0.0, 0.0, 0.0, 0.0, 0.0, 0.0, 0.0, 0.0, 0.0]","[true, true, true, true, false, false, false, false, false, false, false, false, false, false, false, false, false, false, false, false, false, false, false, false]",-28.06417917114397,"[0.25, 0.25, 0.25, 0.25, 0.0, 0.0, 0.0, 0.0, 0.0, 0.0, 0.0, 0.0, 0.0, 0.0, 0.0, 0.0, 0.0, 0.0, 0.0, 0.0, 0.0, 0.0, 0.0, 0.0]",0,0.25,0.24058771133422852,"ControllerAction(token_budget=531, selected_request_ids=[0, 1, 2, 3, 4, 5, 6, 7, 8, 9, 10, 11, 12, 13, 14, 15, 16, 17, 18, 19], token_allocations={0: 1, 1: 1, 2: 1, 3: 1, 4: 1, 5: 1, 6: 1, 7: 1, 8: 1, 9: 1, 10: 1, 11: 1, 12: 1, 13: 1, 14: 1, 15: 1, 16: 1, 17: 1, 18: 1, 19: 512}, prefill_allocations={19: 512}, decode_allocations={0: 1, 1: 1, 2: 1, 3: 1, 4: 1, 5: 1, 6: 1, 7: 1, 8: 1, 9: 1, 10: 1, 11: 1, 12: 1, 13: 1, 14: 1, 15: 1, 16: 1, 17: 1, 18: 1}, heuristic='SJF', strategy='Fixed', mapping=None)","{""type"": ""controller"", ""token_budget"": 531, ""selected_request_ids"": [0, 1, 2, 3, 4, 5, 6, 7, 8, 9, 10, 11, 12, 13, 14, 15, 16, 17, 18, 19], ""token_allocations"": {""0"": 1, ""1"": 1, ""2"": 1, ""3"": 1, ""4"": 1, ""5"": 1, ""6"": 1, ""7"": 1, ""8"": 1, ""9"": 1, ""10"": 1, ""11"": 1, ""12"": 1, ""13"": 1, ""14"": 1, ""15"": 1, ""16"": 1, ""17"": 1, ""18"": 1, ""19"": 512}, ""prefill_allocations"": {""19"": 512}, ""decode_allocations"": {""0"": 1, ""1"": 1, ""2"": 1, ""3"": 1, ""4"": 1, ""5"": 1, ""6"": 1, ""7"": 1, ""8"": 1, ""9"": 1, ""10"": 1, ""11"": 1, ""12"": 1, ""13"": 1, ""14"": 1, ""15"": 1, ""16"": 1, ""17"": 1, ""18"": 1}, ""heuristic"": ""SJF"", ""strategy"": ""Fixed""}",train_root,,3.6099489854502282,19,8.520364182743215,27.520364182743215
6007,370,118,1921125,adversary,4000,-37.21196746826172,"[0.09837204962968826, 0.10253196209669113, 0.14340128004550934, 0.18273881077766418, 0.20253638923168182, 0.27041953802108765]","[0.1, 0.10234683030727759, 0.14314235458425675, 0.182408857440746, 0.20217068937192043, 0.2699312682957993]","[true, true, true, true, true, true]",-28.053011474881693,"[0.0535, 0.07525, 0.163, 0.19975, 0.22275, 0.28575]",5,0.28575,0.27041953802108765,"AdversaryAction(requests=[AdversaryRequestSpec(prefill_tokens=3072, decode_tokens=5000, prefill_slo=0.3874467952163693, decode_slo=0.05), AdversaryRequestSpec(prefill_tokens=3072, decode_tokens=5000, prefill_slo=0.3874467952163693, decode_slo=0.05), AdversaryRequestSpec(prefill_tokens=3072, decode_tokens=5000, prefill_slo=0.3874467952163693, decode_slo=0.05), AdversaryRequestSpec(prefill_tokens=3072, decode_tokens=5000, prefill_slo=0.3874467952163693, decode_slo=0.05), AdversaryRequestSpec(prefill_tokens=3072, decode_tokens=5000, prefill_slo=0.3874467952163693, decode_slo=0.05), AdversaryRequestSpec(prefill_tokens=3072, decode_tokens=5000, prefill_slo=0.3874467952163693, decode_slo=0.05)], stop_decode_ids=[])","{""type"": ""adversary"", ""requests"": [{""prefill_tokens"": 3072, ""decode_tokens"": 5000, ""prefill_slo"": 0.3874467952163693, ""decode_slo"": 0.05}, {""prefill_tokens"": 3072, ""decode_tokens"": 5000, ""prefill_slo"": 0.3874467952163693, ""decode_slo"": 0.05}, {""prefill_tokens"": 3072, ""decode_tokens"": 5000, ""prefill_slo"": 0.3874467952163693, ""decode_slo"": 0.05}, {""prefill_tokens"": 3072, ""decode_tokens"": 5000, ""prefill_slo"": 0.3874467952163693, ""decode_slo"": 0.05}, {""prefill_tokens"": 3072, ""decode_tokens"": 5000, ""prefill_slo"": 0.3874467952163693, ""decode_slo"": 0.05}, {""prefill_tokens"": 3072, ""decode_tokens"": 5000, ""prefill_slo"": 0.3874467952163693, ""decode_slo"": 0.05}], ""stop_decode_ids"": []}",train_root,,4.0,19,8.549393617163378,27.54939361716338
6007,371,119,1971421,controller,8000,-30.297748565673828,"[0.11382916569709778, 0.12344600260257721, 0.1527787446975708, 0.1475616991519928, 0.0742155984044075, 0.0825105756521225, 0.10780936479568481, 0.10257498919963837, 0.006917783059179783, 0.005126904230564833, 0.00856461189687252, 0.006335232872515917, 0.006323483306914568, 0.005710055585950613, 0.006971670780330896, 0.00824861228466034, 0.0064559499733150005, 0.004134160932153463, 0.005236387252807617, 0.006405205465853214, 0.0037994408048689365, 0.005956463050097227, 0.00379439489915967, 0.005293502006679773]","[0.10568557150820207, 0.11461439830081271, 0.1418486101412245, 0.13700480375213148, 0.0689060477967906, 0.07660758374061982, 0.10009644068452214, 0.09523654407569669, 0.01, 0.01, 0.01, 0.01, 0.01, 0.01, 0.01, 0.01, 0.01, 0.01, 0.01, 0.01, 0.01, 0.01, 0.01, 0.01]","[true, true, true, true, true, true, true, true, true, true, true, true, true, true, true, true, true, true, true, true, true, true, true, true]",-28.035558030023207,"[0.1666875, 0.1666875, 0.1666875, 0.1666875, 0.0785625, 0.0785625, 0.0785625, 0.0785625, 0.0015625, 0.0015625, 0.0015625, 0.0015625, 0.00128125, 0.00128125, 0.00128125, 0.00128125, 0.00103125, 0.00103125, 0.00103125, 0.00103125, 0.000875, 0.000875, 0.000875, 0.000875]",0,0.1666875,0.11382916569709778,"ControllerAction(token_budget=532, selected_request_ids=[0, 1, 2, 3, 4, 5, 6, 7, 8, 9, 10, 11, 12, 13, 14, 15, 16, 17, 18, 19, 20], token_allocations={0: 1, 1: 1, 2: 1, 3: 1, 4: 1, 5: 1, 6: 1, 7: 1, 8: 1, 9: 1, 10: 1, 11: 1, 12: 1, 13: 1, 14: 1, 15: 1, 16: 1, 17: 1, 18: 1, 19: 1, 20: 512}, prefill_allocations={20: 512}, decode_allocations={0: 1, 1: 1, 2: 1, 3: 1, 4: 1, 5: 1, 6: 1, 7: 1, 8: 1, 9: 1, 10: 1, 11: 1, 12: 1, 13: 1, 14: 1, 15: 1, 16: 1, 17: 1, 18: 1, 19: 1}, heuristic='SJF', strategy='Fixed', mapping=None)","{""type"": ""controller"", ""token_budget"": 532, ""selected_request_ids"": [0, 1, 2, 3, 4, 5, 6, 7, 8, 9, 10, 11, 12, 13, 14, 15, 16, 17, 18, 19, 20], ""token_allocations"": {""0"": 1, ""1"": 1, ""2"": 1, ""3"": 1, ""4"": 1, ""5"": 1, ""6"": 1, ""7"": 1, ""8"": 1, ""9"": 1, ""10"": 1, ""11"": 1, ""12"": 1, ""13"": 1, ""14"": 1, ""15"": 1, ""16"": 1, ""17"": 1, ""18"": 1, ""19"": 1, ""20"": 512}, ""prefill_allocations"": {""20"": 512}, ""decode_allocations"": {""0"": 1, ""1"": 1, ""2"": 1, ""3"": 1, ""4"": 1, ""5"": 1, ""6"": 1, ""7"": 1, ""8"": 1, ""9"": 1, ""10"": 1, ""11"": 1, ""12"": 1, ""13"": 1, ""14"": 1, ""15"": 1, ""16"": 1, ""17"": 1, ""18"": 1, ""19"": 1}, ""heuristic"": ""SJF"", ""strategy"": ""Fixed""}",train_root,,4.0,19,8.549393617163378,27.54939361716338
6007,372,121,2075736,controller,8000,-30.144161224365234,"[0.11667803674936295, 0.12526646256446838, 0.15833933651447296, 0.15452541410923004, 0.07288899272680283, 0.07986102998256683, 0.10321889072656631, 0.09828874468803406, 0.0065805623307824135, 0.00483015226200223, 0.00807682704180479, 0.006004168186336756, 0.006018451880663633, 0.0054828398860991, 0.006777758710086346, 0.00791387539356947, 0.006146113853901625, 0.003930891398340464, 0.005000799894332886, 0.006026162300258875, 0.003685414558276534, 0.005656425375491381, 0.0036751136649399996, 0.005127496551722288]","[0.10781335235099536, 0.1157492673212942, 0.14630940967346115, 0.14278525232927222, 0.06735120742770671, 0.07379353993690584, 0.09537677308615618, 0.0908211978742083, 0.01, 0.01, 0.01, 0.01, 0.01, 0.01, 0.01, 0.01, 0.01, 0.01, 0.01, 0.01, 0.01, 0.01, 0.01, 0.01]","[true, true, true, true, true, true, true, true, true, true, true, true, true, true, true, true, true, true, true, true, true, true, true, true]",-28.079930535599065,"[0.1244375, 0.1244375, 0.1611875, 0.1611875, 0.0789375, 0.0789375, 0.1265, 0.1265, 0.0015, 0.0015, 0.0015, 0.0015, 0.0011875, 0.0011875, 0.0011875, 0.0011875, 0.0009375, 0.0009375, 0.001, 0.001, 0.0008125, 0.0008125, 0.0008125, 0.0008125]",2,0.1611875,0.15833933651447296,"ControllerAction(token_budget=532, selected_request_ids=[0, 1, 2, 3, 4, 5, 6, 7, 8, 9, 10, 11, 12, 13, 14, 15, 16, 17, 18, 19, 21], token_allocations={0: 1, 1: 1, 2: 1, 3: 1, 4: 1, 5: 1, 6: 1, 7: 1, 8: 1, 9: 1, 10: 1, 11: 1, 12: 1, 13: 1, 14: 1, 15: 1, 16: 1, 17: 1, 18: 1, 19: 1, 21: 512}, prefill_allocations={21: 512}, decode_allocations={0: 1, 1: 1, 2: 1, 3: 1, 4: 1, 5: 1, 6: 1, 7: 1, 8: 1, 9: 1, 10: 1, 11: 1, 12: 1, 13: 1, 14: 1, 15: 1, 16: 1, 17: 1, 18: 1, 19: 1}, heuristic='LST', strategy='Fixed', mapping=None)","{""type"": ""controller"", ""token_budget"": 532, ""selected_request_ids"": [0, 1, 2, 3, 4, 5, 6, 7, 8, 9, 10, 11, 12, 13, 14, 15, 16, 17, 18, 19, 21], ""token_allocations"": {""0"": 1, ""1"": 1, ""2"": 1, ""3"": 1, ""4"": 1, ""5"": 1, ""6"": 1, ""7"": 1, ""8"": 1, ""9"": 1, ""10"": 1, ""11"": 1, ""12"": 1, ""13"": 1, ""14"": 1, ""15"": 1, ""16"": 1, ""17"": 1, ""18"": 1, ""19"": 1, ""21"": 512}, ""prefill_allocations"": {""21"": 512}, ""decode_allocations"": {""0"": 1, ""1"": 1, ""2"": 1, ""3"": 1, ""4"": 1, ""5"": 1, ""6"": 1, ""7"": 1, ""8"": 1, ""9"": 1, ""10"": 1, ""11"": 1, ""12"": 1, ""13"": 1, ""14"": 1, ""15"": 1, ""16"": 1, ""17"": 1, ""18"": 1, ""19"": 1}, ""heuristic"": ""LST"", ""strategy"": ""Fixed""}",train_root,,4.026781191220163,19,8.549393617163378,27.54939361716338
6007,373,123,2184437,controller,8000,-30.395166397094727,"[0.11989802122116089, 0.1282472461462021, 0.16134601831436157, 0.15752139687538147, 0.07053183764219284, 0.07742425799369812, 0.09916356205940247, 0.09480922669172287, 0.006611144635826349, 0.00491329375654459, 0.008042975328862667, 0.006048643961548805, 0.006017556879669428, 0.005564210470765829, 0.006775876972824335, 0.0077694314531981945, 0.006140811834484339, 0.004040077794343233, 0.005020773038268089, 0.0059574381448328495, 0.0037256795912981033, 0.005656679626554251, 0.0037211221642792225, 0.005052676424384117]","[0.11080397408205075, 0.11851992546120663, 0.14910821587763906, 0.14557368502815402, 0.06518212586385567, 0.07155176865038736, 0.09164218598775868, 0.08761811904894773, 0.01, 0.01, 0.01, 0.01, 0.01, 0.01, 0.01, 0.01, 0.01, 0.01, 0.01, 0.01, 0.01, 0.01, 0.01, 0.01]","[true, true, true, true, true, true, true, true, true, true, true, true, true, true, true, true, true, true, true, true, true, true, true, true]",-28.07532793093737,"[0.12775, 0.12775, 0.1645625, 0.1645625, 0.0759375, 0.0759375, 0.1228125, 0.1228125, 0.0015, 0.0015, 0.0015, 0.0015, 0.0011875, 0.0011875, 0.0011875, 0.0011875, 0.0009375, 0.0009375, 0.001, 0.001, 0.0008125, 0.0008125, 0.0008125, 0.0008125]",2,0.1645625,0.16134601831436157,"ControllerAction(token_budget=532, selected_request_ids=[0, 1, 2, 3, 4, 5, 6, 7, 8, 9, 10, 11, 12, 13, 14, 15, 16, 17, 18, 19, 22], token_allocations={0: 1, 1: 1, 2: 1, 3: 1, 4: 1, 5: 1, 6: 1, 7: 1, 8: 1, 9: 1, 10: 1, 11: 1, 12: 1, 13: 1, 14: 1, 15: 1, 16: 1, 17: 1, 18: 1, 19: 1, 22: 512}, prefill_allocations={22: 512}, decode_allocations={0: 1, 1: 1, 2: 1, 3: 1, 4: 1, 5: 1, 6: 1, 7: 1, 8: 1, 9: 1, 10: 1, 11: 1, 12: 1, 13: 1, 14: 1, 15: 1, 16: 1, 17: 1, 18: 1, 19: 1}, heuristic='LST', strategy='Fixed', mapping=None)","{""type"": ""controller"", ""token_budget"": 532, ""selected_request_ids"": [0, 1, 2, 3, 4, 5, 6, 7, 8, 9, 10, 11, 12, 13, 14, 15, 16, 17, 18, 19, 22], ""token_allocations"": {""0"": 1, ""1"": 1, ""2"": 1, ""3"": 1, ""4"": 1, ""5"": 1, ""6"": 1, ""7"": 1, ""8"": 1, ""9"": 1, ""10"": 1, ""11"": 1, ""12"": 1, ""13"": 1, ""14"": 1, ""15"": 1, ""16"": 1, ""17"": 1, ""18"": 1, ""19"": 1, ""22"": 512}, ""prefill_allocations"": {""22"": 512}, ""decode_allocations"": {""0"": 1, ""1"": 1, ""2"": 1, ""3"": 1, ""4"": 1, ""5"": 1, ""6"": 1, ""7"": 1, ""8"": 1, ""9"": 1, ""10"": 1, ""11"": 1, ""12"": 1, ""13"": 1, ""14"": 1, ""15"": 1, ""16"": 1, ""17"": 1, ""18"": 1, ""19"": 1}, ""heuristic"": ""LST"", ""strategy"": ""Fixed""}",train_root,,4.053562382440326,19,8.549393617163378,27.54939361716338
6007,374,125,2294974,controller,8000,-30.646255493164062,"[0.12311824411153793, 0.13120447099208832, 0.16429154574871063, 0.160459965467453, 0.06820181757211685, 0.0750078484416008, 0.09519900381565094, 0.09138710796833038, 0.006637095473706722, 0.004994270391762257, 0.008003508672118187, 0.006089064758270979, 0.006012334953993559, 0.0056427293457090855, 0.006769123487174511, 0.0076221381314098835, 0.006131104659289122, 0.004149311222136021, 0.0050371973775327206, 0.005885261110961437, 0.003763675456866622, 0.0056528677232563496, 0.0037649956066161394, 0.004975368734449148]","[0.11378890774826686, 0.12126239741003401, 0.15184228525939686, 0.14830104457406737, 0.0630337963636573, 0.06932409740172243, 0.08798525954522479, 0.08446221169763037, 0.01, 0.01, 0.01, 0.01, 0.01, 0.01, 0.01, 0.01, 0.01, 0.01, 0.01, 0.01, 0.01, 0.01, 0.01, 0.01]","[true, true, true, true, true, true, true, true, true, true, true, true, true, true, true, true, true, true, true, true, true, true, true, true]",-28.071471152969693,"[0.1305625, 0.1305625, 0.1668125, 0.1668125, 0.072875, 0.072875, 0.1208125, 0.1208125, 0.0015, 0.0015, 0.0015, 0.0015, 0.0011875, 0.0011875, 0.0011875, 0.0011875, 0.0009375, 0.0009375, 0.001, 0.001, 0.0008125, 0.0008125, 0.0008125, 0.0008125]",2,0.1668125,0.16429154574871063,"ControllerAction(token_budget=532, selected_request_ids=[0, 1, 2, 3, 4, 5, 6, 7, 8, 9, 10, 11, 12, 13, 14, 15, 16, 17, 18, 19, 23], token_allocations={0: 1, 1: 1, 2: 1, 3: 1, 4: 1, 5: 1, 6: 1, 7: 1, 8: 1, 9: 1, 10: 1, 11: 1, 12: 1, 13: 1, 14: 1, 15: 1, 16: 1, 17: 1, 18: 1, 19: 1, 23: 512}, prefill_allocations={23: 512}, decode_allocations={0: 1, 1: 1, 2: 1, 3: 1, 4: 1, 5: 1, 6: 1, 7: 1, 8: 1, 9: 1, 10: 1, 11: 1, 12: 1, 13: 1, 14: 1, 15: 1, 16: 1, 17: 1, 18: 1, 19: 1}, heuristic='LST', strategy='Fixed', mapping=None)","{""type"": ""controller"", ""token_budget"": 532, ""selected_request_ids"": [0, 1, 2, 3, 4, 5, 6, 7, 8, 9, 10, 11, 12, 13, 14, 15, 16, 17, 18, 19, 23], ""token_allocations"": {""0"": 1, ""1"": 1, ""2"": 1, ""3"": 1, ""4"": 1, ""5"": 1, ""6"": 1, ""7"": 1, ""8"": 1, ""9"": 1, ""10"": 1, ""11"": 1, ""12"": 1, ""13"": 1, ""14"": 1, ""15"": 1, ""16"": 1, ""17"": 1, ""18"": 1, ""19"": 1, ""23"": 512}, ""prefill_allocations"": {""23"": 512}, ""decode_allocations"": {""0"": 1, ""1"": 1, ""2"": 1, ""3"": 1, ""4"": 1, ""5"": 1, ""6"": 1, ""7"": 1, ""8"": 1, ""9"": 1, ""10"": 1, ""11"": 1, ""12"": 1, ""13"": 1, ""14"": 1, ""15"": 1, ""16"": 1, ""17"": 1, ""18"": 1, ""19"": 1}, ""heuristic"": ""LST"", ""strategy"": ""Fixed""}",train_root,,4.080343573660489,19,8.549393617163378,27.54939361716338
6007,375,127,2403934,controller,8000,-30.897022247314453,"[0.1263352781534195, 0.1341347098350525, 0.16717220842838287, 0.16333739459514618, 0.0659019872546196, 0.07261531800031662, 0.09132818132638931, 0.08802603930234909, 0.006658419035375118, 0.005072981584817171, 0.00795858632773161, 0.006125408224761486, 0.0060028573498129845, 0.005718297325074673, 0.006757580675184727, 0.0074723330326378345, 0.006117068696767092, 0.0042584738694131374, 0.005050094332545996, 0.005809835158288479, 0.0037993628066033125, 0.005645051598548889, 0.003806687192991376, 0.004895767197012901]","[0.11676459617648657, 0.1239731724666819, 0.15450787534869753, 0.1509635724810051, 0.060909502408891016, 0.0671142566547207, 0.08440950435996765, 0.08135752010354935, 0.01, 0.01, 0.01, 0.01, 0.01, 0.01, 0.01, 0.01, 0.01, 0.01, 0.01, 0.01, 0.01, 0.01, 0.01, 0.01]","[true, true, true, true, true, true, true, true, true, true, true, true, true, true, true, true, true, true, true, true, true, true, true, true]",-28.046325354417245,"[0.12, 0.12, 0.22275, 0.22275, 0.063375, 0.063375, 0.0845, 0.0845, 0.0015625, 0.0015625, 0.0015625, 0.0015625, 0.00125, 0.00125, 0.00125, 0.00125, 0.001, 0.001, 0.001, 0.001, 0.000875, 0.000875, 0.000875, 0.000875]",2,0.22275,0.16717220842838287,"ControllerAction(token_budget=532, selected_request_ids=[0, 1, 2, 3, 4, 5, 6, 7, 8, 9, 10, 11, 12, 13, 14, 15, 16, 17, 18, 19, 24], token_allocations={0: 1, 1: 1, 2: 1, 3: 1, 4: 1, 5: 1, 6: 1, 7: 1, 8: 1, 9: 1, 10: 1, 11: 1, 12: 1, 13: 1, 14: 1, 15: 1, 16: 1, 17: 1, 18: 1, 19: 1, 24: 512}, prefill_allocations={24: 512}, decode_allocations={0: 1, 1: 1, 2: 1, 3: 1, 4: 1, 5: 1, 6: 1, 7: 1, 8: 1, 9: 1, 10: 1, 11: 1, 12: 1, 13: 1, 14: 1, 15: 1, 16: 1, 17: 1, 18: 1, 19: 1}, heuristic='LST', strategy='Fixed', mapping=None)","{""type"": ""controller"", ""token_budget"": 532, ""selected_request_ids"": [0, 1, 2, 3, 4, 5, 6, 7, 8, 9, 10, 11, 12, 13, 14, 15, 16, 17, 18, 19, 24], ""token_allocations"": {""0"": 1, ""1"": 1, ""2"": 1, ""3"": 1, ""4"": 1, ""5"": 1, ""6"": 1, ""7"": 1, ""8"": 1, ""9"": 1, ""10"": 1, ""11"": 1, ""12"": 1, ""13"": 1, ""14"": 1, ""15"": 1, ""16"": 1, ""17"": 1, ""18"": 1, ""19"": 1, ""24"": 512}, ""prefill_allocations"": {""24"": 512}, ""decode_allocations"": {""0"": 1, ""1"": 1, ""2"": 1, ""3"": 1, ""4"": 1, ""5"": 1, ""6"": 1, ""7"": 1, ""8"": 1, ""9"": 1, ""10"": 1, ""11"": 1, ""12"": 1, ""13"": 1, ""14"": 1, ""15"": 1, ""16"": 1, ""17"": 1, ""18"": 1, ""19"": 1}, ""heuristic"": ""LST"", ""strategy"": ""Fixed""}",train_root,,4.107124764880652,19,8.549393617163378,27.54939361716338
6007,376,129,2510187,controller,8000,-31.147066116333008,"[0.12954600155353546, 0.13703472912311554, 0.16998465359210968, 0.16615048050880432, 0.06363530457019806, 0.07025005668401718, 0.08755360543727875, 0.08472943305969238, 0.0066751521080732346, 0.005149340722709894, 0.007908394560217857, 0.006157670170068741, 0.005989213939756155, 0.005790834315121174, 0.006741353310644627, 0.0073203640058636665, 0.00609881104901433, 0.004367463756352663, 0.005059489980340004, 0.0057313768193125725, 0.0038327113725245, 0.005633312277495861, 0.003846152685582638, 0.004814079962670803]","[0.11972772062611436, 0.1266488781419273, 0.15710153051379538, 0.1535579490968078, 0.058812390009504265, 0.06492581059830606, 0.08091792479810023, 0.07830779621544447, 0.01, 0.01, 0.01, 0.01, 0.01, 0.01, 0.01, 0.01, 0.01, 0.01, 0.01, 0.01, 0.01, 0.01, 0.01, 0.01]","[true, true, true, true, true, true, true, true, true, true, true, true, true, true, true, true, true, true, true, true, true, true, true, true]",-28.032554958028065,"[0.1165625, 0.1165625, 0.241125, 0.241125, 0.0576875, 0.0576875, 0.07525, 0.07525, 0.0015625, 0.0015625, 0.0015625, 0.0015625, 0.00125, 0.00125, 0.00125, 0.00125, 0.001, 0.001, 0.001, 0.001, 0.000875, 0.000875, 0.000875, 0.000875]",2,0.241125,0.16998465359210968,"ControllerAction(token_budget=532, selected_request_ids=[0, 1, 2, 3, 4, 5, 6, 7, 8, 9, 10, 11, 12, 13, 14, 15, 16, 17, 18, 19, 25], token_allocations={0: 1, 1: 1, 2: 1, 3: 1, 4: 1, 5: 1, 6: 1, 7: 1, 8: 1, 9: 1, 10: 1, 11: 1, 12: 1, 13: 1, 14: 1, 15: 1, 16: 1, 17: 1, 18: 1, 19: 1, 25: 512}, prefill_allocations={25: 512}, decode_allocations={0: 1, 1: 1, 2: 1, 3: 1, 4: 1, 5: 1, 6: 1, 7: 1, 8: 1, 9: 1, 10: 1, 11: 1, 12: 1, 13: 1, 14: 1, 15: 1, 16: 1, 17: 1, 18: 1, 19: 1}, heuristic='LST', strategy='Fixed', mapping=None)","{""type"": ""controller"", ""token_budget"": 532, ""selected_request_ids"": [0, 1, 2, 3, 4, 5, 6, 7, 8, 9, 10, 11, 12, 13, 14, 15, 16, 17, 18, 19, 25], ""token_allocations"": {""0"": 1, ""1"": 1, ""2"": 1, ""3"": 1, ""4"": 1, ""5"": 1, ""6"": 1, ""7"": 1, ""8"": 1, ""9"": 1, ""10"": 1, ""11"": 1, ""12"": 1, ""13"": 1, ""14"": 1, ""15"": 1, ""16"": 1, ""17"": 1, ""18"": 1, ""19"": 1, ""25"": 512}, ""prefill_allocations"": {""25"": 512}, ""decode_allocations"": {""0"": 1, ""1"": 1, ""2"": 1, ""3"": 1, ""4"": 1, ""5"": 1, ""6"": 1, ""7"": 1, ""8"": 1, ""9"": 1, ""10"": 1, ""11"": 1, ""12"": 1, ""13"": 1, ""14"": 1, ""15"": 1, ""16"": 1, ""17"": 1, ""18"": 1, ""19"": 1}, ""heuristic"": ""LST"", ""strategy"": ""Fixed""}",train_root,,4.133905956100815,19,8.549393617163378,27.54939361716338
6007,377,131,2615541,controller,8000,-31.315773010253906,"[0.13079982995986938, 0.1387646198272705, 0.17006315290927887, 0.1664687842130661, 0.06204438954591751, 0.06827538460493088, 0.08576387912034988, 0.08233096450567245, 0.006861513946205378, 0.00559780141338706, 0.00818803533911705, 0.006535870023071766, 0.006258630659431219, 0.00620007561519742, 0.006930216681212187, 0.007526816334575415, 0.006368099711835384, 0.004853182006627321, 0.005277291405946016, 0.005864487495273352, 0.004035468678921461, 0.005801589228212833, 0.00416183564811945, 0.0050280471332371235]","[0.12147100101273943, 0.12886773079706848, 0.15793400821400658, 0.15459599497903695, 0.05761929589418613, 0.06340588756908362, 0.07964707791042824, 0.07645900362345043, 0.01, 0.01, 0.01, 0.01, 0.01, 0.01, 0.01, 0.01, 0.01, 0.01, 0.01, 0.01, 0.01, 0.01, 0.01, 0.01]","[true, true, true, true, true, true, true, true, true, true, true, true, true, true, true, true, true, true, true, true, true, true, true, true]",-27.994165313091997,"[0.19021875, 0.19021875, 0.19021875, 0.19021875, 0.0550625, 0.0550625, 0.0550625, 0.0550625, 0.0015625, 0.0015625, 0.0015625, 0.0015625, 0.00125, 0.00125, 0.00125, 0.00125, 0.00103125, 0.00103125, 0.00103125, 0.00103125, 0.000875, 0.000875, 0.000875, 0.000875]",0,0.19021875,0.13079982995986938,"ControllerAction(token_budget=532, selected_request_ids=[0, 1, 2, 3, 4, 5, 6, 7, 8, 9, 10, 11, 12, 13, 14, 15, 16, 17, 18, 19, 20], token_allocations={0: 1, 1: 1, 2: 1, 3: 1, 4: 1, 5: 1, 6: 1, 7: 1, 8: 1, 9: 1, 10: 1, 11: 1, 12: 1, 13: 1, 14: 1, 15: 1, 16: 1, 17: 1, 18: 1, 19: 1, 20: 512}, prefill_allocations={20: 512}, decode_allocations={0: 1, 1: 1, 2: 1, 3: 1, 4: 1, 5: 1, 6: 1, 7: 1, 8: 1, 9: 1, 10: 1, 11: 1, 12: 1, 13: 1, 14: 1, 15: 1, 16: 1, 17: 1, 18: 1, 19: 1}, heuristic='SJF', strategy='Fixed', mapping=None)","{""type"": ""controller"", ""token_budget"": 532, ""selected_request_ids"": [0, 1, 2, 3, 4, 5, 6, 7, 8, 9, 10, 11, 12, 13, 14, 15, 16, 17, 18, 19, 20], ""token_allocations"": {""0"": 1, ""1"": 1, ""2"": 1, ""3"": 1, ""4"": 1, ""5"": 1, ""6"": 1, ""7"": 1, ""8"": 1, ""9"": 1, ""10"": 1, ""11"": 1, ""12"": 1, ""13"": 1, ""14"": 1, ""15"": 1, ""16"": 1, ""17"": 1, ""18"": 1, ""19"": 1, ""20"": 512}, ""prefill_allocations"": {""20"": 512}, ""decode_allocations"": {""0"": 1, ""1"": 1, ""2"": 1, ""3"": 1, ""4"": 1, ""5"": 1, ""6"": 1, ""7"": 1, ""8"": 1, ""9"": 1, ""10"": 1, ""11"": 1, ""12"": 1, ""13"": 1, ""14"": 1, ""15"": 1, ""16"": 1, ""17"": 1, ""18"": 1, ""19"": 1}, ""heuristic"": ""SJF"", ""strategy"": ""Fixed""}",train_root,,4.160687147320978,19,8.549393617163378,27.54939361716338
6007,378,133,2717134,controller,8000,-31.160703659057617,"[0.13349413871765137, 0.140203058719635, 0.17548096179962158, 0.1735575944185257, 0.06062867119908333, 0.06574877351522446, 0.08168607205152512, 0.07848656177520752, 0.006496218033134937, 0.005249743815511465, 0.0076841977424919605, 0.006165347062051296, 0.005928543396294117, 0.0059257871471345425, 0.006705828011035919, 0.007185759954154491, 0.006033609621226788, 0.0045938994735479355, 0.005015898030251265, 0.005490593146532774, 0.003896148642525077, 0.00548349367454648, 0.004012595862150192, 0.004846436902880669]","[0.12332214200671447, 0.12951985520329332, 0.1621096498948108, 0.16033283941023763, 0.05600888301999375, 0.06073884338368853, 0.07546175041299313, 0.07250603666826819, 0.01, 0.01, 0.01, 0.01, 0.01, 0.01, 0.01, 0.01, 0.01, 0.01, 0.01, 0.01, 0.01, 0.01, 0.01, 0.01]","[true, true, true, true, true, true, true, true, true, true, true, true, true, true, true, true, true, true, true, true, true, true, true, true]",-28.024712852789442,"[0.11175, 0.11175, 0.2591875, 0.2591875, 0.0515625, 0.0515625, 0.068125, 0.068125, 0.0015625, 0.0015625, 0.0015625, 0.0015625, 0.00125, 0.00125, 0.00125, 0.00125, 0.001, 0.001, 0.001, 0.001, 0.000875, 0.000875, 0.000875, 0.000875]",2,0.2591875,0.17548096179962158,"ControllerAction(token_budget=532, selected_request_ids=[0, 1, 2, 3, 4, 5, 6, 7, 8, 9, 10, 11, 12, 13, 14, 15, 16, 17, 18, 19, 21], token_allocations={0: 1, 1: 1, 2: 1, 3: 1, 4: 1, 5: 1, 6: 1, 7: 1, 8: 1, 9: 1, 10: 1, 11: 1, 12: 1, 13: 1, 14: 1, 15: 1, 16: 1, 17: 1, 18: 1, 19: 1, 21: 512}, prefill_allocations={21: 512}, decode_allocations={0: 1, 1: 1, 2: 1, 3: 1, 4: 1, 5: 1, 6: 1, 7: 1, 8: 1, 9: 1, 10: 1, 11: 1, 12: 1, 13: 1, 14: 1, 15: 1, 16: 1, 17: 1, 18: 1, 19: 1}, heuristic='LST', strategy='Fixed', mapping=None)","{""type"": ""controller"", ""token_budget"": 532, ""selected_request_ids"": [0, 1, 2, 3, 4, 5, 6, 7, 8, 9, 10, 11, 12, 13, 14, 15, 16, 17, 18, 19, 21], ""token_allocations"": {""0"": 1, ""1"": 1, ""2"": 1, ""3"": 1, ""4"": 1, ""5"": 1, ""6"": 1, ""7"": 1, ""8"": 1, ""9"": 1, ""10"": 1, ""11"": 1, ""12"": 1, ""13"": 1, ""14"": 1, ""15"": 1, ""16"": 1, ""17"": 1, ""18"": 1, ""19"": 1, ""21"": 512}, ""prefill_allocations"": {""21"": 512}, ""decode_allocations"": {""0"": 1, ""1"": 1, ""2"": 1, ""3"": 1, ""4"": 1, ""5"": 1, ""6"": 1, ""7"": 1, ""8"": 1, ""9"": 1, ""10"": 1, ""11"": 1, ""12"": 1, ""13"": 1, ""14"": 1, ""15"": 1, ""16"": 1, ""17"": 1, ""18"": 1, ""19"": 1}, ""heuristic"": ""LST"", ""strategy"": ""Fixed""}",train_root,,4.187808636269141,19,8.549393617163378,27.54939361716338
6007,379,135,2823800,controller,8000,-31.408811569213867,"[0.13667620718479156, 0.14301440119743347, 0.1781482845544815, 0.17626093327999115, 0.05841149762272835, 0.06346236914396286, 0.07812140882015228, 0.07537028938531876, 0.006499911192804575, 0.005319288466125727, 0.007619895506650209, 0.0061860703863203526, 0.005903529468923807, 0.005989857483655214, 0.006676926743239164, 0.007024478632956743, 0.006003683432936668, 0.0047034891322255135, 0.005015313625335693, 0.005405152682214975, 0.003922996111214161, 0.005461629945784807, 0.00404696399345994, 0.004755411762744188]","[0.126236814668832, 0.13209089446362166, 0.16454123540660295, 0.1627980409036219, 0.05395000016323085, 0.05861508375953004, 0.0721544591412614, 0.06961347149329902, 0.01, 0.01, 0.01, 0.01, 0.01, 0.01, 0.01, 0.01, 0.01, 0.01, 0.01, 0.01, 0.01, 0.01, 0.01, 0.01]","[true, true, true, true, true, true, true, true, true, true, true, true, true, true, true, true, true, true, true, true, true, true, true, true]",-28.016033631331275,"[0.1115, 0.1115, 0.2655625, 0.2655625, 0.04875, 0.04875, 0.06525, 0.06525, 0.0015, 0.0015, 0.0015, 0.0015, 0.0011875, 0.0011875, 0.0011875, 0.0011875, 0.0009375, 0.0009375, 0.001, 0.001, 0.0008125, 0.0008125, 0.0008125, 0.0008125]",2,0.2655625,0.1781482845544815,"ControllerAction(token_budget=532, selected_request_ids=[0, 1, 2, 3, 4, 5, 6, 7, 8, 9, 10, 11, 12, 13, 14, 15, 16, 17, 18, 19, 22], token_allocations={0: 1, 1: 1, 2: 1, 3: 1, 4: 1, 5: 1, 6: 1, 7: 1, 8: 1, 9: 1, 10: 1, 11: 1, 12: 1, 13: 1, 14: 1, 15: 1, 16: 1, 17: 1, 18: 1, 19: 1, 22: 512}, prefill_allocations={22: 512}, decode_allocations={0: 1, 1: 1, 2: 1, 3: 1, 4: 1, 5: 1, 6: 1, 7: 1, 8: 1, 9: 1, 10: 1, 11: 1, 12: 1, 13: 1, 14: 1, 15: 1, 16: 1, 17: 1, 18: 1, 19: 1}, heuristic='LST', strategy='Fixed', mapping=None)","{""type"": ""controller"", ""token_budget"": 532, ""selected_request_ids"": [0, 1, 2, 3, 4, 5, 6, 7, 8, 9, 10, 11, 12, 13, 14, 15, 16, 17, 18, 19, 22], ""token_allocations"": {""0"": 1, ""1"": 1, ""2"": 1, ""3"": 1, ""4"": 1, ""5"": 1, ""6"": 1, ""7"": 1, ""8"": 1, ""9"": 1, ""10"": 1, ""11"": 1, ""12"": 1, ""13"": 1, ""14"": 1, ""15"": 1, ""16"": 1, ""17"": 1, ""18"": 1, ""19"": 1, ""22"": 512}, ""prefill_allocations"": {""22"": 512}, ""decode_allocations"": {""0"": 1, ""1"": 1, ""2"": 1, ""3"": 1, ""4"": 1, ""5"": 1, ""6"": 1, ""7"": 1, ""8"": 1, ""9"": 1, ""10"": 1, ""11"": 1, ""12"": 1, ""13"": 1, ""14"": 1, ""15"": 1, ""16"": 1, ""17"": 1, ""18"": 1, ""19"": 1}, ""heuristic"": ""LST"", ""strategy"": ""Fixed""}",train_root,,4.214930125217304,19,8.549393617163378,27.54939361716338
6007,380,137,2931559,controller,8000,-31.655366897583008,"[0.13984082639217377, 0.14578485488891602, 0.18073555827140808, 0.1788870096206665, 0.05623788759112358, 0.0612146370112896, 0.07466248422861099, 0.07232949137687683, 0.006499267648905516, 0.005386160220950842, 0.0075510903261601925, 0.006202719174325466, 0.005874701775610447, 0.006050581578165293, 0.006643717177212238, 0.006862236186861992, 0.005969924386590719, 0.004812481347471476, 0.005011383909732103, 0.005317493341863155, 0.003947392106056213, 0.005436224397271872, 0.00407890509814024, 0.004662984982132912]","[0.12912743808208582, 0.13461608679414888, 0.16688917115287139, 0.16518224222804548, 0.051929429588929585, 0.056524903737518485, 0.06894249381970353, 0.06678823459669661, 0.01, 0.01, 0.01, 0.01, 0.01, 0.01, 0.01, 0.01, 0.01, 0.01, 0.01, 0.01, 0.01, 0.01, 0.01, 0.01]","[true, true, true, true, true, true, true, true, true, true, true, true, true, true, true, true, true, true, true, true, true, true, true, true]",-28.008478045845372,"[0.1249375, 0.1249375, 0.256875, 0.256875, 0.0469375, 0.0469375, 0.0620625, 0.0620625, 0.0015, 0.0015, 0.0015, 0.0015, 0.0011875, 0.0011875, 0.00125, 0.00125, 0.001, 0.001, 0.001, 0.001, 0.000875, 0.000875, 0.000875, 0.000875]",2,0.256875,0.18073555827140808,"ControllerAction(token_budget=532, selected_request_ids=[0, 1, 2, 3, 4, 5, 6, 7, 8, 9, 10, 11, 12, 13, 14, 15, 16, 17, 18, 19, 23], token_allocations={0: 1, 1: 1, 2: 1, 3: 1, 4: 1, 5: 1, 6: 1, 7: 1, 8: 1, 9: 1, 10: 1, 11: 1, 12: 1, 13: 1, 14: 1, 15: 1, 16: 1, 17: 1, 18: 1, 19: 1, 23: 512}, prefill_allocations={23: 512}, decode_allocations={0: 1, 1: 1, 2: 1, 3: 1, 4: 1, 5: 1, 6: 1, 7: 1, 8: 1, 9: 1, 10: 1, 11: 1, 12: 1, 13: 1, 14: 1, 15: 1, 16: 1, 17: 1, 18: 1, 19: 1}, heuristic='LST', strategy='Fixed', mapping=None)","{""type"": ""controller"", ""token_budget"": 532, ""selected_request_ids"": [0, 1, 2, 3, 4, 5, 6, 7, 8, 9, 10, 11, 12, 13, 14, 15, 16, 17, 18, 19, 23], ""token_allocations"": {""0"": 1, ""1"": 1, ""2"": 1, ""3"": 1, ""4"": 1, ""5"": 1, ""6"": 1, ""7"": 1, ""8"": 1, ""9"": 1, ""10"": 1, ""11"": 1, ""12"": 1, ""13"": 1, ""14"": 1, ""15"": 1, ""16"": 1, ""17"": 1, ""18"": 1, ""19"": 1, ""23"": 512}, ""prefill_allocations"": {""23"": 512}, ""decode_allocations"": {""0"": 1, ""1"": 1, ""2"": 1, ""3"": 1, ""4"": 1, ""5"": 1, ""6"": 1, ""7"": 1, ""8"": 1, ""9"": 1, ""10"": 1, ""11"": 1, ""12"": 1, ""13"": 1, ""14"": 1, ""15"": 1, ""16"": 1, ""17"": 1, ""18"": 1, ""19"": 1}, ""heuristic"": ""LST"", ""strategy"": ""Fixed""}",train_root,,4.242051614165467,19,8.549393617163378,27.54939361716338
6007,381,139,3034386,controller,8000,-31.90001106262207,"[0.14298537373542786, 0.14851203560829163, 0.18324081599712372, 0.1814337521791458, 0.05410982295870781, 0.05900799110531807, 0.07131016999483109, 0.06936610490083694, 0.006494387984275818, 0.0054503134451806545, 0.0074780285358428955, 0.006215360015630722, 0.005842204205691814, 0.006107933819293976, 0.006606360897421837, 0.006699369288980961, 0.005932480096817017, 0.004920785780996084, 0.005004191305488348, 0.0052278414368629456, 0.003969350829720497, 0.005407411139458418, 0.004108415450900793, 0.0045693726278841496]","[0.13199142073771059, 0.13709314501536993, 0.16915167620815952, 0.16748355509571655, 0.04994939147692863, 0.05447094606529907, 0.06582722697274943, 0.064032638428066, 0.01, 0.01, 0.01, 0.01, 0.01, 0.01, 0.01, 0.01, 0.01, 0.01, 0.01, 0.01, 0.01, 0.01, 0.01, 0.01]","[true, true, true, true, true, true, true, true, true, true, true, true, true, true, true, true, true, true, true, true, true, true, true, true]",-27.999875631570063,"[0.1445, 0.1445, 0.2434375, 0.2434375, 0.0454375, 0.0454375, 0.0584375, 0.0584375, 0.0015, 0.0015, 0.0015625, 0.0015625, 0.00125, 0.00125, 0.00125, 0.00125, 0.001, 0.001, 0.001, 0.001, 0.0003125, 0.0003125, 0.0003125, 0.0003125]",2,0.2434375,0.18324081599712372,"ControllerAction(token_budget=532, selected_request_ids=[0, 1, 2, 3, 4, 5, 6, 7, 8, 9, 10, 11, 12, 13, 14, 15, 16, 17, 18, 19, 24], token_allocations={0: 1, 1: 1, 2: 1, 3: 1, 4: 1, 5: 1, 6: 1, 7: 1, 8: 1, 9: 1, 10: 1, 11: 1, 12: 1, 13: 1, 14: 1, 15: 1, 16: 1, 17: 1, 18: 1, 19: 1, 24: 512}, prefill_allocations={24: 512}, decode_allocations={0: 1, 1: 1, 2: 1, 3: 1, 4: 1, 5: 1, 6: 1, 7: 1, 8: 1, 9: 1, 10: 1, 11: 1, 12: 1, 13: 1, 14: 1, 15: 1, 16: 1, 17: 1, 18: 1, 19: 1}, heuristic='LST', strategy='Fixed', mapping=None)","{""type"": ""controller"", ""token_budget"": 532, ""selected_request_ids"": [0, 1, 2, 3, 4, 5, 6, 7, 8, 9, 10, 11, 12, 13, 14, 15, 16, 17, 18, 19, 24], ""token_allocations"": {""0"": 1, ""1"": 1, ""2"": 1, ""3"": 1, ""4"": 1, ""5"": 1, ""6"": 1, ""7"": 1, ""8"": 1, ""9"": 1, ""10"": 1, ""11"": 1, ""12"": 1, ""13"": 1, ""14"": 1, ""15"": 1, ""16"": 1, ""17"": 1, ""18"": 1, ""19"": 1, ""24"": 512}, ""prefill_allocations"": {""24"": 512}, ""decode_allocations"": {""0"": 1, ""1"": 1, ""2"": 1, ""3"": 1, ""4"": 1, ""5"": 1, ""6"": 1, ""7"": 1, ""8"": 1, ""9"": 1, ""10"": 1, ""11"": 1, ""12"": 1, ""13"": 1, ""14"": 1, ""15"": 1, ""16"": 1, ""17"": 1, ""18"": 1, ""19"": 1}, ""heuristic"": ""LST"", ""strategy"": ""Fixed""}",train_root,,4.26917310311363,19,8.549393617163378,27.54939361716338
6007,382,141,3132055,controller,8000,-32.14242172241211,"[0.1461075246334076, 0.15119385719299316, 0.18566244840621948, 0.1838996410369873, 0.05202913284301758, 0.056844666600227356, 0.06806496530771255, 0.06648174673318863, 0.006485375110059977, 0.0055117192678153515, 0.0074009522795677185, 0.006224055774509907, 0.0058061801828444, 0.006161901634186506, 0.006565028335899115, 0.006536201573908329, 0.005891517736017704, 0.005028324667364359, 0.004993825685232878, 0.0051364293321967125, 0.003988887649029493, 0.005375321488827467, 0.0041355048306286335, 0.004474787041544914]","[0.13482640913968807, 0.13952002061808277, 0.17132725568721013, 0.16970055652715735, 0.04801190882862927, 0.05245563016471089, 0.06280959781970058, 0.06134862121482072, 0.01, 0.01, 0.01, 0.01, 0.01, 0.01, 0.01, 0.01, 0.01, 0.01, 0.01, 0.01, 0.01, 0.01, 0.01, 0.01]","[true, true, true, true, true, true, true, true, true, true, true, true, true, true, true, true, true, true, true, true, true, true, true, true]",-27.990146091245503,"[0.1565625, 0.1565625, 0.238, 0.238, 0.043375, 0.043375, 0.05525, 0.05525, 0.0015, 0.0015, 0.0015625, 0.0015625, 0.00125, 0.00125, 0.00125, 0.00125, 0.0003125, 0.0003125, 0.0003125, 0.0003125, 0.0003125, 0.0003125, 0.0003125, 0.0003125]",2,0.238,0.18566244840621948,"ControllerAction(token_budget=532, selected_request_ids=[0, 1, 2, 3, 4, 5, 6, 7, 8, 9, 10, 11, 12, 13, 14, 15, 16, 17, 18, 19, 25], token_allocations={0: 1, 1: 1, 2: 1, 3: 1, 4: 1, 5: 1, 6: 1, 7: 1, 8: 1, 9: 1, 10: 1, 11: 1, 12: 1, 13: 1, 14: 1, 15: 1, 16: 1, 17: 1, 18: 1, 19: 1, 25: 512}, prefill_allocations={25: 512}, decode_allocations={0: 1, 1: 1, 2: 1, 3: 1, 4: 1, 5: 1, 6: 1, 7: 1, 8: 1, 9: 1, 10: 1, 11: 1, 12: 1, 13: 1, 14: 1, 15: 1, 16: 1, 17: 1, 18: 1, 19: 1}, heuristic='LST', strategy='Fixed', mapping=None)","{""type"": ""controller"", ""token_budget"": 532, ""selected_request_ids"": [0, 1, 2, 3, 4, 5, 6, 7, 8, 9, 10, 11, 12, 13, 14, 15, 16, 17, 18, 19, 25], ""token_allocations"": {""0"": 1, ""1"": 1, ""2"": 1, ""3"": 1, ""4"": 1, ""5"": 1, ""6"": 1, ""7"": 1, ""8"": 1, ""9"": 1, ""10"": 1, ""11"": 1, ""12"": 1, ""13"": 1, ""14"": 1, ""15"": 1, ""16"": 1, ""17"": 1, ""18"": 1, ""19"": 1, ""25"": 512}, ""prefill_allocations"": {""25"": 512}, ""decode_allocations"": {""0"": 1, ""1"": 1, ""2"": 1, ""3"": 1, ""4"": 1, ""5"": 1, ""6"": 1, ""7"": 1, ""8"": 1, ""9"": 1, ""10"": 1, ""11"": 1, ""12"": 1, ""13"": 1, ""14"": 1, ""15"": 1, ""16"": 1, ""17"": 1, ""18"": 1, ""19"": 1}, ""heuristic"": ""LST"", ""strategy"": ""Fixed""}",train_root,,4.296294592061793,19,8.549393617163378,27.54939361716338
6007,383,143,3228961,controller,8000,-32.30007553100586,"[0.14726074039936066, 0.15283219516277313, 0.18540871143341064, 0.18391120433807373, 0.05060243234038353, 0.05510829761624336, 0.06649769842624664, 0.06443364173173904, 0.006651964969933033, 0.005979703273624182, 0.007644981611520052, 0.006592280697077513, 0.006054132245481014, 0.006583642214536667, 0.006734485272318125, 0.006704534869641066, 0.0061380513943731785, 0.005576782859861851, 0.005197315011173487, 0.005243551451712847, 0.00419108010828495, 0.00552403274923563, 0.004465917125344276, 0.004662630148231983]","[0.1365248606980065, 0.141690134778507, 0.1718916965376956, 0.17050336352354192, 0.04691331856349375, 0.051090688767137106, 0.0616497580397931, 0.059736179091824826, 0.01, 0.01, 0.01, 0.01, 0.01, 0.01, 0.01, 0.01, 0.01, 0.01, 0.01, 0.01, 0.01, 0.01, 0.01, 0.01]","[true, true, true, true, true, true, true, true, true, true, true, true, true, true, true, true, true, true, true, true, true, true, true, true]",-27.95907409638359,"[0.19296875, 0.19296875, 0.19296875, 0.19296875, 0.05565625, 0.05565625, 0.05565625, 0.05565625, 0.000375, 0.000375, 0.000375, 0.000375, 0.00034375, 0.00034375, 0.00034375, 0.00034375, 0.00034375, 0.00034375, 0.00034375, 0.00034375, 0.0003125, 0.0003125, 0.0003125, 0.0003125]",0,0.19296875,0.14726074039936066,"ControllerAction(token_budget=532, selected_request_ids=[0, 1, 2, 3, 4, 5, 6, 7, 8, 9, 10, 11, 12, 13, 14, 15, 16, 17, 18, 19, 20], token_allocations={0: 1, 1: 1, 2: 1, 3: 1, 4: 1, 5: 1, 6: 1, 7: 1, 8: 1, 9: 1, 10: 1, 11: 1, 12: 1, 13: 1, 14: 1, 15: 1, 16: 1, 17: 1, 18: 1, 19: 1, 20: 512}, prefill_allocations={20: 512}, decode_allocations={0: 1, 1: 1, 2: 1, 3: 1, 4: 1, 5: 1, 6: 1, 7: 1, 8: 1, 9: 1, 10: 1, 11: 1, 12: 1, 13: 1, 14: 1, 15: 1, 16: 1, 17: 1, 18: 1, 19: 1}, heuristic='SJF', strategy='Fixed', mapping=None)","{""type"": ""controller"", ""token_budget"": 532, ""selected_request_ids"": [0, 1, 2, 3, 4, 5, 6, 7, 8, 9, 10, 11, 12, 13, 14, 15, 16, 17, 18, 19, 20], ""token_allocations"": {""0"": 1, ""1"": 1, ""2"": 1, ""3"": 1, ""4"": 1, ""5"": 1, ""6"": 1, ""7"": 1, ""8"": 1, ""9"": 1, ""10"": 1, ""11"": 1, ""12"": 1, ""13"": 1, ""14"": 1, ""15"": 1, ""16"": 1, ""17"": 1, ""18"": 1, ""19"": 1, ""20"": 512}, ""prefill_allocations"": {""20"": 512}, ""decode_allocations"": {""0"": 1, ""1"": 1, ""2"": 1, ""3"": 1, ""4"": 1, ""5"": 1, ""6"": 1, ""7"": 1, ""8"": 1, ""9"": 1, ""10"": 1, ""11"": 1, ""12"": 1, ""13"": 1, ""14"": 1, ""15"": 1, ""16"": 1, ""17"": 1, ""18"": 1, ""19"": 1}, ""heuristic"": ""SJF"", ""strategy"": ""Fixed""}",train_root,,4.323416081009956,19,8.549393617163378,27.54939361716338
6007,384,145,3325078,controller,8000,-32.14805603027344,"[0.14970318973064423, 0.15381000936031342, 0.19054675102233887, 0.19096633791923523, 0.049201808869838715, 0.05280308425426483, 0.0630064457654953, 0.061111368238925934, 0.006269369274377823, 0.005583888851106167, 0.007140732370316982, 0.006190859246999025, 0.0057088290341198444, 0.006264782045036554, 0.006487247068434954, 0.006369846872985363, 0.005789024755358696, 0.0052568805404007435, 0.004917321261018515, 0.0048860227689146996, 0.004028513096272945, 0.005197776947170496, 0.004287297371774912, 0.004472652450203896]","[0.13801329973646426, 0.141799429674864, 0.1756675052146353, 0.1760543277818167, 0.04535978162754712, 0.048679843811650414, 0.05808645427267451, 0.056339357880347496, 0.01, 0.01, 0.01, 0.01, 0.01, 0.01, 0.01, 0.01, 0.01, 0.01, 0.01, 0.01, 0.01, 0.01, 0.01, 0.01]","[true, true, true, true, true, true, true, true, true, true, true, true, true, true, true, true, true, true, true, true, true, true, true, true]",-28.00640964723448,"[0.2035, 0.2035, 0.289375, 0.289375, 0.001875, 0.001875, 0.002625, 0.002625, 0.000375, 0.000375, 0.000375, 0.000375, 0.0003125, 0.0003125, 0.0003125, 0.0003125, 0.0003125, 0.0003125, 0.0003125, 0.0003125, 0.0003125, 0.0003125, 0.0003125, 0.0003125]",2,0.289375,0.19054675102233887,"ControllerAction(token_budget=532, selected_request_ids=[0, 1, 2, 3, 4, 5, 6, 7, 8, 9, 10, 11, 12, 13, 14, 15, 16, 17, 18, 19, 21], token_allocations={0: 1, 1: 1, 2: 1, 3: 1, 4: 1, 5: 1, 6: 1, 7: 1, 8: 1, 9: 1, 10: 1, 11: 1, 12: 1, 13: 1, 14: 1, 15: 1, 16: 1, 17: 1, 18: 1, 19: 1, 21: 512}, prefill_allocations={21: 512}, decode_allocations={0: 1, 1: 1, 2: 1, 3: 1, 4: 1, 5: 1, 6: 1, 7: 1, 8: 1, 9: 1, 10: 1, 11: 1, 12: 1, 13: 1, 14: 1, 15: 1, 16: 1, 17: 1, 18: 1, 19: 1}, heuristic='LST', strategy='Fixed', mapping=None)","{""type"": ""controller"", ""token_budget"": 532, ""selected_request_ids"": [0, 1, 2, 3, 4, 5, 6, 7, 8, 9, 10, 11, 12, 13, 14, 15, 16, 17, 18, 19, 21], ""token_allocations"": {""0"": 1, ""1"": 1, ""2"": 1, ""3"": 1, ""4"": 1, ""5"": 1, ""6"": 1, ""7"": 1, ""8"": 1, ""9"": 1, ""10"": 1, ""11"": 1, ""12"": 1, ""13"": 1, ""14"": 1, ""15"": 1, ""16"": 1, ""17"": 1, ""18"": 1, ""19"": 1, ""21"": 512}, ""prefill_allocations"": {""21"": 512}, ""decode_allocations"": {""0"": 1, ""1"": 1, ""2"": 1, ""3"": 1, ""4"": 1, ""5"": 1, ""6"": 1, ""7"": 1, ""8"": 1, ""9"": 1, ""10"": 1, ""11"": 1, ""12"": 1, ""13"": 1, ""14"": 1, ""15"": 1, ""16"": 1, ""17"": 1, ""18"": 1, ""19"": 1}, ""heuristic"": ""LST"", ""strategy"": ""Fixed""}",train_root,,4.35103572752612,19,8.549393617163378,27.54939361716338
6007,385,147,3421857,controller,8000,-32.388126373291016,"[0.15277335047721863, 0.1563849002122879, 0.19279758632183075, 0.19328759610652924, 0.04719894379377365, 0.05074619501829147, 0.059984445571899414, 0.058425288647413254, 0.006248855963349342, 0.00563748087733984, 0.007052404806017876, 0.006188223138451576, 0.005662837531417608, 0.006309047341346741, 0.006434752605855465, 0.006201060954481363, 0.005737861152738333, 0.005363558419048786, 0.004897633101791143, 0.004790509585291147, 0.004041113890707493, 0.005157395265996456, 0.004308406729251146, 0.004370571579784155]","[0.1407743010657304, 0.1441021942364331, 0.1776549730488681, 0.17810649672587606, 0.043491867546624145, 0.046760512308791066, 0.05527317672763017, 0.053836478340046776, 0.01, 0.01, 0.01, 0.01, 0.01, 0.01, 0.01, 0.01, 0.01, 0.01, 0.01, 0.01, 0.01, 0.01, 0.01, 0.01]","[true, true, true, true, true, true, true, true, true, true, true, true, true, true, true, true, true, true, true, true, true, true, true, true]",-33.174143412208515,"[0.1874375, 0.1874375, 0.256, 0.256, 0.0099375, 0.0099375, 0.036625, 0.036625, 0.001625, 0.001625, 0.0016875, 0.0016875, 0.00125, 0.00125, 0.001375, 0.001375, 0.0010625, 0.0010625, 0.001125, 0.001125, 0.0009375, 0.0009375, 0.0009375, 0.0009375]",2,0.256,0.19279758632183075,"ControllerAction(token_budget=532, selected_request_ids=[0, 1, 2, 3, 4, 5, 6, 7, 8, 9, 10, 11, 12, 13, 14, 15, 16, 17, 18, 19, 22], token_allocations={0: 1, 1: 1, 2: 1, 3: 1, 4: 1, 5: 1, 6: 1, 7: 1, 8: 1, 9: 1, 10: 1, 11: 1, 12: 1, 13: 1, 14: 1, 15: 1, 16: 1, 17: 1, 18: 1, 19: 1, 22: 512}, prefill_allocations={22: 512}, decode_allocations={0: 1, 1: 1, 2: 1, 3: 1, 4: 1, 5: 1, 6: 1, 7: 1, 8: 1, 9: 1, 10: 1, 11: 1, 12: 1, 13: 1, 14: 1, 15: 1, 16: 1, 17: 1, 18: 1, 19: 1}, heuristic='LST', strategy='Fixed', mapping=None)","{""type"": ""controller"", ""token_budget"": 532, ""selected_request_ids"": [0, 1, 2, 3, 4, 5, 6, 7, 8, 9, 10, 11, 12, 13, 14, 15, 16, 17, 18, 19, 22], ""token_allocations"": {""0"": 1, ""1"": 1, ""2"": 1, ""3"": 1, ""4"": 1, ""5"": 1, ""6"": 1, ""7"": 1, ""8"": 1, ""9"": 1, ""10"": 1, ""11"": 1, ""12"": 1, ""13"": 1, ""14"": 1, ""15"": 1, ""16"": 1, ""17"": 1, ""18"": 1, ""19"": 1, ""22"": 512}, ""prefill_allocations"": {""22"": 512}, ""decode_allocations"": {""0"": 1, ""1"": 1, ""2"": 1, ""3"": 1, ""4"": 1, ""5"": 1, ""6"": 1, ""7"": 1, ""8"": 1, ""9"": 1, ""10"": 1, ""11"": 1, ""12"": 1, ""13"": 1, ""14"": 1, ""15"": 1, ""16"": 1, ""17"": 1, ""18"": 1, ""19"": 1}, ""heuristic"": ""LST"", ""strategy"": ""Fixed""}",train_root,,4.3786553740422836,19,8.549393617163378,27.54939361716338
6007,386,149,3518671,controller,8000,-30.796749114990234,"[0.1507054716348648, 0.1613837629556656, 0.23776979744434357, 0.22768232226371765, 0.03027043491601944, 0.03538646176457405, 0.04825781658291817, 0.044634588062763214, 0.004184546414762735, 0.0035761429462581873, 0.005533537827432156, 0.004334297031164169, 0.0039026737213134766, 0.0048345173709094524, 0.005029095336794853, 0.004507697187364101, 0.004354415461421013, 0.0040693385526537895, 0.0031942720524966717, 0.003347916528582573, 0.0029208818450570107, 0.004113623406738043, 0.0030187852680683136, 0.0029875219333916903]","[0.13523540205492424, 0.1448175559366816, 0.21336248647832673, 0.20431050086047065, 0.027163144057327428, 0.03175400555878874, 0.043304102744826545, 0.040052802308654004, 0.01, 0.01, 0.01, 0.01, 0.01, 0.01, 0.01, 0.01, 0.01, 0.01, 0.01, 0.01, 0.01, 0.01, 0.01, 0.01]","[true, true, true, true, true, true, true, true, true, true, true, true, true, true, true, true, true, true, true, true, true, true, true, true]",-33.27768018362317,"[0.17375, 0.17375, 0.282875, 0.282875, 0.0065, 0.0065, 0.02675, 0.02675, 0.001625, 0.001625, 0.0016875, 0.0016875, 0.0013125, 0.0013125, 0.001375, 0.001375, 0.0010625, 0.0010625, 0.001125, 0.001125, 0.0009375, 0.0009375, 0.001, 0.001]",2,0.282875,0.23776979744434357,"ControllerAction(token_budget=532, selected_request_ids=[0, 1, 2, 3, 4, 5, 6, 7, 8, 9, 10, 11, 12, 13, 14, 15, 16, 17, 18, 19, 23], token_allocations={0: 1, 1: 1, 2: 1, 3: 1, 4: 1, 5: 1, 6: 1, 7: 1, 8: 1, 9: 1, 10: 1, 11: 1, 12: 1, 13: 1, 14: 1, 15: 1, 16: 1, 17: 1, 18: 1, 19: 1, 23: 512}, prefill_allocations={23: 512}, decode_allocations={0: 1, 1: 1, 2: 1, 3: 1, 4: 1, 5: 1, 6: 1, 7: 1, 8: 1, 9: 1, 10: 1, 11: 1, 12: 1, 13: 1, 14: 1, 15: 1, 16: 1, 17: 1, 18: 1, 19: 1}, heuristic='LST', strategy='Fixed', mapping=None)","{""type"": ""controller"", ""token_budget"": 532, ""selected_request_ids"": [0, 1, 2, 3, 4, 5, 6, 7, 8, 9, 10, 11, 12, 13, 14, 15, 16, 17, 18, 19, 23], ""token_allocations"": {""0"": 1, ""1"": 1, ""2"": 1, ""3"": 1, ""4"": 1, ""5"": 1, ""6"": 1, ""7"": 1, ""8"": 1, ""9"": 1, ""10"": 1, ""11"": 1, ""12"": 1, ""13"": 1, ""14"": 1, ""15"": 1, ""16"": 1, ""17"": 1, ""18"": 1, ""19"": 1, ""23"": 512}, ""prefill_allocations"": {""23"": 512}, ""decode_allocations"": {""0"": 1, ""1"": 1, ""2"": 1, ""3"": 1, ""4"": 1, ""5"": 1, ""6"": 1, ""7"": 1, ""8"": 1, ""9"": 1, ""10"": 1, ""11"": 1, ""12"": 1, ""13"": 1, ""14"": 1, ""15"": 1, ""16"": 1, ""17"": 1, ""18"": 1, ""19"": 1}, ""heuristic"": ""LST"", ""strategy"": ""Fixed""}",train_root,,4.406275020558447,25,8.662362969215849,33.66236296921585
6007,387,151,3615550,controller,8000,-31.019622802734375,"[0.15315847098827362, 0.16340501606464386, 0.23958082497119904, 0.22949422895908356, 0.028917798772454262, 0.033866994082927704, 0.045752692967653275, 0.04249577596783638, 0.0041535585187375546, 0.003595493035390973, 0.005442427936941385, 0.004314484540373087, 0.003855181625112891, 0.004848484415560961, 0.004967713262885809, 0.004370055161416531, 0.004298035055398941, 0.004134700633585453, 0.0031682897824794054, 0.003268859116360545, 0.0029178692493587732, 0.004064738750457764, 0.0030210677068680525, 0.0029072309844195843]","[0.1373513275932161, 0.1465403496590667, 0.21485422362431125, 0.20580864263737014, 0.02593325740875391, 0.03037165733547878, 0.04103065980955843, 0.038109881932244585, 0.01, 0.01, 0.01, 0.01, 0.01, 0.01, 0.01, 0.01, 0.01, 0.01, 0.01, 0.01, 0.01, 0.01, 0.01, 0.01]","[true, true, true, true, true, true, true, true, true, true, true, true, true, true, true, true, true, true, true, true, true, true, true, true]",-33.389557170357634,"[0.1755, 0.1755, 0.281375, 0.281375, 0.00625, 0.00625, 0.026625, 0.026625, 0.001625, 0.001625, 0.00175, 0.00175, 0.0013125, 0.0013125, 0.001375, 0.001375, 0.001125, 0.001125, 0.001125, 0.001125, 0.0009375, 0.0009375, 0.001, 0.001]",2,0.281375,0.23958082497119904,"ControllerAction(token_budget=532, selected_request_ids=[0, 1, 2, 3, 4, 5, 6, 7, 8, 9, 10, 11, 12, 13, 14, 15, 16, 17, 18, 19, 24], token_allocations={0: 1, 1: 1, 2: 1, 3: 1, 4: 1, 5: 1, 6: 1, 7: 1, 8: 1, 9: 1, 10: 1, 11: 1, 12: 1, 13: 1, 14: 1, 15: 1, 16: 1, 17: 1, 18: 1, 19: 1, 24: 512}, prefill_allocations={24: 512}, decode_allocations={0: 1, 1: 1, 2: 1, 3: 1, 4: 1, 5: 1, 6: 1, 7: 1, 8: 1, 9: 1, 10: 1, 11: 1, 12: 1, 13: 1, 14: 1, 15: 1, 16: 1, 17: 1, 18: 1, 19: 1}, heuristic='LST', strategy='Fixed', mapping=None)","{""type"": ""controller"", ""token_budget"": 532, ""selected_request_ids"": [0, 1, 2, 3, 4, 5, 6, 7, 8, 9, 10, 11, 12, 13, 14, 15, 16, 17, 18, 19, 24], ""token_allocations"": {""0"": 1, ""1"": 1, ""2"": 1, ""3"": 1, ""4"": 1, ""5"": 1, ""6"": 1, ""7"": 1, ""8"": 1, ""9"": 1, ""10"": 1, ""11"": 1, ""12"": 1, ""13"": 1, ""14"": 1, ""15"": 1, ""16"": 1, ""17"": 1, ""18"": 1, ""19"": 1, ""24"": 512}, ""prefill_allocations"": {""24"": 512}, ""decode_allocations"": {""0"": 1, ""1"": 1, ""2"": 1, ""3"": 1, ""4"": 1, ""5"": 1, ""6"": 1, ""7"": 1, ""8"": 1, ""9"": 1, ""10"": 1, ""11"": 1, ""12"": 1, ""13"": 1, ""14"": 1, ""15"": 1, ""16"": 1, ""17"": 1, ""18"": 1, ""19"": 1}, ""heuristic"": ""LST"", ""strategy"": ""Fixed""}",train_root,,4.433894667074611,25,8.828080848312837,33.82808084831284
6007,388,153,3711637,controller,8000,-31.2409610748291,"[0.1555788815021515, 0.1653745025396347, 0.2412932962179184, 0.23121283948421478, 0.027612736448645592, 0.03239768370985985, 0.04335741698741913, 0.04044060781598091, 0.004120882600545883, 0.0036132673267275095, 0.005350327119231224, 0.004292764235287905, 0.003806491382420063, 0.004860228393226862, 0.004904796369373798, 0.004234645050019026, 0.004240407608449459, 0.004199155140668154, 0.0031410562805831432, 0.003190180053934455, 0.00291349901817739, 0.004014565609395504, 0.0030219461768865585, 0.002827779855579138]","[0.1394331881414778, 0.14821223744363599, 0.21625231679252743, 0.20721799152465306, 0.024747136881118403, 0.02903551101826445, 0.038857863109471674, 0.03624375508885122, 0.01, 0.01, 0.01, 0.01, 0.01, 0.01, 0.01, 0.01, 0.01, 0.01, 0.01, 0.01, 0.01, 0.01, 0.01, 0.01]","[true, true, true, true, true, true, true, true, true, true, true, true, true, true, true, true, true, true, true, true, true, true, true, true]",-33.50115887796299,"[0.1761875, 0.1761875, 0.2808125, 0.2808125, 0.0060625, 0.0060625, 0.0265625, 0.0265625, 0.0016875, 0.0016875, 0.00175, 0.00175, 0.0013125, 0.0013125, 0.001375, 0.001375, 0.001125, 0.001125, 0.001125, 0.001125, 0.001, 0.001, 0.001, 0.001]",2,0.2808125,0.2412932962179184,"ControllerAction(token_budget=532, selected_request_ids=[0, 1, 2, 3, 4, 5, 6, 7, 8, 9, 10, 11, 12, 13, 14, 15, 16, 17, 18, 19, 25], token_allocations={0: 1, 1: 1, 2: 1, 3: 1, 4: 1, 5: 1, 6: 1, 7: 1, 8: 1, 9: 1, 10: 1, 11: 1, 12: 1, 13: 1, 14: 1, 15: 1, 16: 1, 17: 1, 18: 1, 19: 1, 25: 512}, prefill_allocations={25: 512}, decode_allocations={0: 1, 1: 1, 2: 1, 3: 1, 4: 1, 5: 1, 6: 1, 7: 1, 8: 1, 9: 1, 10: 1, 11: 1, 12: 1, 13: 1, 14: 1, 15: 1, 16: 1, 17: 1, 18: 1, 19: 1}, heuristic='LST', strategy='Fixed', mapping=None)","{""type"": ""controller"", ""token_budget"": 532, ""selected_request_ids"": [0, 1, 2, 3, 4, 5, 6, 7, 8, 9, 10, 11, 12, 13, 14, 15, 16, 17, 18, 19, 25], ""token_allocations"": {""0"": 1, ""1"": 1, ""2"": 1, ""3"": 1, ""4"": 1, ""5"": 1, ""6"": 1, ""7"": 1, ""8"": 1, ""9"": 1, ""10"": 1, ""11"": 1, ""12"": 1, ""13"": 1, ""14"": 1, ""15"": 1, ""16"": 1, ""17"": 1, ""18"": 1, ""19"": 1, ""25"": 512}, ""prefill_allocations"": {""25"": 512}, ""decode_allocations"": {""0"": 1, ""1"": 1, ""2"": 1, ""3"": 1, ""4"": 1, ""5"": 1, ""6"": 1, ""7"": 1, ""8"": 1, ""9"": 1, ""10"": 1, ""11"": 1, ""12"": 1, ""13"": 1, ""14"": 1, ""15"": 1, ""16"": 1, ""17"": 1, ""18"": 1, ""19"": 1}, ""heuristic"": ""LST"", ""strategy"": ""Fixed""}",train_root,,4.461514313590775,25,8.993798727409825,33.993798727409825
6007,389,155,3807399,controller,8000,-31.405118942260742,"[0.15657375752925873, 0.1669187992811203, 0.2405846118927002, 0.23085644841194153, 0.02678757533431053, 0.031327441334724426, 0.04224216192960739, 0.039090391248464584, 0.004217967856675386, 0.0039128572680056095, 0.005514186341315508, 0.004537590313702822, 0.003960751928389072, 0.005182791501283646, 0.005021161865442991, 0.004333354998379946, 0.004408423788845539, 0.004649184178560972, 0.0032621079590171576, 0.0032492659520357847, 0.003055140608921647, 0.004117238335311413, 0.0032573638018220663, 0.0029395432211458683]","[0.14075835232961317, 0.1500584486851661, 0.21628332934111108, 0.20753780081607187, 0.02408178117752801, 0.028163078504099975, 0.03797531084314139, 0.03514189830326834, 0.01, 0.01, 0.01, 0.01, 0.01, 0.01, 0.01, 0.01, 0.01, 0.01, 0.01, 0.01, 0.01, 0.01, 0.01, 0.01]","[true, true, true, true, true, true, true, true, true, true, true, true, true, true, true, true, true, true, true, true, true, true, true, true]",-33.6137493478889,"[0.23721875, 0.23721875, 0.23721875, 0.23721875, 0.00740625, 0.00740625, 0.00740625, 0.00740625, 0.00175, 0.00175, 0.00175, 0.00175, 0.00140625, 0.00140625, 0.00140625, 0.00140625, 0.0011875, 0.0011875, 0.0011875, 0.0011875, 0.00103125, 0.00103125, 0.00103125, 0.00103125]",0,0.23721875,0.15657375752925873,"ControllerAction(token_budget=532, selected_request_ids=[0, 1, 2, 3, 4, 5, 6, 7, 8, 9, 10, 11, 12, 13, 14, 15, 16, 17, 18, 19, 20], token_allocations={0: 1, 1: 1, 2: 1, 3: 1, 4: 1, 5: 1, 6: 1, 7: 1, 8: 1, 9: 1, 10: 1, 11: 1, 12: 1, 13: 1, 14: 1, 15: 1, 16: 1, 17: 1, 18: 1, 19: 1, 20: 512}, prefill_allocations={20: 512}, decode_allocations={0: 1, 1: 1, 2: 1, 3: 1, 4: 1, 5: 1, 6: 1, 7: 1, 8: 1, 9: 1, 10: 1, 11: 1, 12: 1, 13: 1, 14: 1, 15: 1, 16: 1, 17: 1, 18: 1, 19: 1}, heuristic='SJF', strategy='Fixed', mapping=None)","{""type"": ""controller"", ""token_budget"": 532, ""selected_request_ids"": [0, 1, 2, 3, 4, 5, 6, 7, 8, 9, 10, 11, 12, 13, 14, 15, 16, 17, 18, 19, 20], ""token_allocations"": {""0"": 1, ""1"": 1, ""2"": 1, ""3"": 1, ""4"": 1, ""5"": 1, ""6"": 1, ""7"": 1, ""8"": 1, ""9"": 1, ""10"": 1, ""11"": 1, ""12"": 1, ""13"": 1, ""14"": 1, ""15"": 1, ""16"": 1, ""17"": 1, ""18"": 1, ""19"": 1, ""20"": 512}, ""prefill_allocations"": {""20"": 512}, ""decode_allocations"": {""0"": 1, ""1"": 1, ""2"": 1, ""3"": 1, ""4"": 1, ""5"": 1, ""6"": 1, ""7"": 1, ""8"": 1, ""9"": 1, ""10"": 1, ""11"": 1, ""12"": 1, ""13"": 1, ""14"": 1, ""15"": 1, ""16"": 1, ""17"": 1, ""18"": 1, ""19"": 1}, ""heuristic"": ""SJF"", ""strategy"": ""Fixed""}",train_root,,4.489133960106939,25,9.159516606506813,34.15951660650681
6007,390,157,3905336,controller,8000,-31.27197265625,"[0.15772834420204163, 0.16646523773670197, 0.2449924498796463, 0.23751549422740936, 0.025786036625504494, 0.02971632219851017, 0.039616625756025314, 0.03670033439993858, 0.00393727608025074, 0.003619610797613859, 0.005100231152027845, 0.0042206961661577225, 0.0036990088410675526, 0.004885100293904543, 0.004790648352354765, 0.00407646456733346, 0.0041176918894052505, 0.004341894760727882, 0.0030566605273634195, 0.002998139476403594, 0.002908762078732252, 0.0038370953407138586, 0.0030977490823715925, 0.0027920547872781754]","[0.14117087524686345, 0.14899061692656276, 0.21927446682684013, 0.21258240156141012, 0.02307915789001878, 0.026596863329192155, 0.035457886536496945, 0.0328477316826156, 0.01, 0.01, 0.01, 0.01, 0.01, 0.01, 0.01, 0.01, 0.01, 0.01, 0.01, 0.01, 0.01, 0.01, 0.01, 0.01]","[true, true, true, true, true, true, true, true, true, true, true, true, true, true, true, true, true, true, true, true, true, true, true, true]",-33.72954300189002,"[0.1846875, 0.1846875, 0.2913125, 0.2913125, 0.0056875, 0.0056875, 0.0079375, 0.0079375, 0.0016875, 0.0016875, 0.0016875, 0.0016875, 0.001375, 0.001375, 0.001375, 0.001375, 0.001125, 0.001125, 0.0011875, 0.0011875, 0.0009375, 0.0009375, 0.001, 0.001]",2,0.2913125,0.2449924498796463,"ControllerAction(token_budget=532, selected_request_ids=[0, 1, 2, 3, 4, 5, 6, 7, 8, 9, 10, 11, 12, 13, 14, 15, 16, 17, 18, 19, 21], token_allocations={0: 1, 1: 1, 2: 1, 3: 1, 4: 1, 5: 1, 6: 1, 7: 1, 8: 1, 9: 1, 10: 1, 11: 1, 12: 1, 13: 1, 14: 1, 15: 1, 16: 1, 17: 1, 18: 1, 19: 1, 21: 512}, prefill_allocations={21: 512}, decode_allocations={0: 1, 1: 1, 2: 1, 3: 1, 4: 1, 5: 1, 6: 1, 7: 1, 8: 1, 9: 1, 10: 1, 11: 1, 12: 1, 13: 1, 14: 1, 15: 1, 16: 1, 17: 1, 18: 1, 19: 1}, heuristic='LST', strategy='Fixed', mapping=None)","{""type"": ""controller"", ""token_budget"": 532, ""selected_request_ids"": [0, 1, 2, 3, 4, 5, 6, 7, 8, 9, 10, 11, 12, 13, 14, 15, 16, 17, 18, 19, 21], ""token_allocations"": {""0"": 1, ""1"": 1, ""2"": 1, ""3"": 1, ""4"": 1, ""5"": 1, ""6"": 1, ""7"": 1, ""8"": 1, ""9"": 1, ""10"": 1, ""11"": 1, ""12"": 1, ""13"": 1, ""14"": 1, ""15"": 1, ""16"": 1, ""17"": 1, ""18"": 1, ""19"": 1, ""21"": 512}, ""prefill_allocations"": {""21"": 512}, ""decode_allocations"": {""0"": 1, ""1"": 1, ""2"": 1, ""3"": 1, ""4"": 1, ""5"": 1, ""6"": 1, ""7"": 1, ""8"": 1, ""9"": 1, ""10"": 1, ""11"": 1, ""12"": 1, ""13"": 1, ""14"": 1, ""15"": 1, ""16"": 1, ""17"": 1, ""18"": 1, ""19"": 1}, ""heuristic"": ""LST"", ""strategy"": ""Fixed""}",train_root,,4.517197400031102,25,9.327897246051798,34.3278972460518
6007,391,159,4001345,controller,8000,-31.49028968811035,"[0.16006624698638916, 0.16830964386463165, 0.24648632109165192, 0.23903793096542358, 0.02457558736205101, 0.02837224118411541, 0.03746369853615761, 0.03485509008169174, 0.0039004783611744642, 0.0036328518763184547, 0.00500556780025363, 0.004193431232124567, 0.003646799363195896, 0.004890212789177895, 0.004723093006759882, 0.003943178802728653, 0.004056215286254883, 0.004404420964419842, 0.003025737125426531, 0.0029210641514509916, 0.002900342456996441, 0.003784222761169076, 0.0030946603510528803, 0.002711024833843112]","[0.14316482778654022, 0.1505378031431127, 0.2204597932118996, 0.21379787972429767, 0.021980647379958133, 0.025376411951405723, 0.03350790094823635, 0.031174735854549388, 0.01, 0.01, 0.01, 0.01, 0.01, 0.01, 0.01, 0.01, 0.01, 0.01, 0.01, 0.01, 0.01, 0.01, 0.01, 0.01]","[true, true, true, true, true, true, true, true, true, true, true, true, true, true, true, true, true, true, true, true, true, true, true, true]",-33.83861939713358,"[0.186375, 0.186375, 0.290125, 0.290125, 0.0054375, 0.0054375, 0.007625, 0.007625, 0.0016875, 0.0016875, 0.00175, 0.00175, 0.0013125, 0.0013125, 0.001375, 0.001375, 0.001125, 0.001125, 0.0011875, 0.0011875, 0.001, 0.001, 0.001, 0.001]",2,0.290125,0.24648632109165192,"ControllerAction(token_budget=532, selected_request_ids=[0, 1, 2, 3, 4, 5, 6, 7, 8, 9, 10, 11, 12, 13, 14, 15, 16, 17, 18, 19, 22], token_allocations={0: 1, 1: 1, 2: 1, 3: 1, 4: 1, 5: 1, 6: 1, 7: 1, 8: 1, 9: 1, 10: 1, 11: 1, 12: 1, 13: 1, 14: 1, 15: 1, 16: 1, 17: 1, 18: 1, 19: 1, 22: 512}, prefill_allocations={22: 512}, decode_allocations={0: 1, 1: 1, 2: 1, 3: 1, 4: 1, 5: 1, 6: 1, 7: 1, 8: 1, 9: 1, 10: 1, 11: 1, 12: 1, 13: 1, 14: 1, 15: 1, 16: 1, 17: 1, 18: 1, 19: 1}, heuristic='LST', strategy='Fixed', mapping=None)","{""type"": ""controller"", ""token_budget"": 532, ""selected_request_ids"": [0, 1, 2, 3, 4, 5, 6, 7, 8, 9, 10, 11, 12, 13, 14, 15, 16, 17, 18, 19, 22], ""token_allocations"": {""0"": 1, ""1"": 1, ""2"": 1, ""3"": 1, ""4"": 1, ""5"": 1, ""6"": 1, ""7"": 1, ""8"": 1, ""9"": 1, ""10"": 1, ""11"": 1, ""12"": 1, ""13"": 1, ""14"": 1, ""15"": 1, ""16"": 1, ""17"": 1, ""18"": 1, ""19"": 1, ""22"": 512}, ""prefill_allocations"": {""22"": 512}, ""decode_allocations"": {""0"": 1, ""1"": 1, ""2"": 1, ""3"": 1, ""4"": 1, ""5"": 1, ""6"": 1, ""7"": 1, ""8"": 1, ""9"": 1, ""10"": 1, ""11"": 1, ""12"": 1, ""13"": 1, ""14"": 1, ""15"": 1, ""16"": 1, ""17"": 1, ""18"": 1, ""19"": 1}, ""heuristic"": ""LST"", ""strategy"": ""Fixed""}",train_root,,4.545260839955265,25,9.496277885596783,34.49627788559678
6007,392,161,4097270,controller,8000,-31.706539154052734,"[0.16237108409404755, 0.170103520154953, 0.24788591265678406, 0.24046985805034637, 0.023412194103002548, 0.02707766555249691, 0.03541300445795059, 0.03308882564306259, 0.0038624152075499296, 0.003644621465355158, 0.004910611547529697, 0.0041646030731499195, 0.003593827597796917, 0.0048932903446257114, 0.004654548596590757, 0.0038126613944768906, 0.003993990831077099, 0.004465986508876085, 0.002993876812979579, 0.0028447837103158236, 0.002890740055590868, 0.003730522934347391, 0.0030902856960892677, 0.0026312482077628374]","[0.14512503564246765, 0.15203618035276611, 0.22155701004462414, 0.21492864271499312, 0.020925496202874542, 0.024201644032534924, 0.031651654990430336, 0.02957433601930909, 0.01, 0.01, 0.01, 0.01, 0.01, 0.01, 0.01, 0.01, 0.01, 0.01, 0.01, 0.01, 0.01, 0.01, 0.01, 0.01]","[true, true, true, true, true, true, true, true, true, true, true, true, true, true, true, true, true, true, true, true, true, true, true, true]",-33.949723209791124,"[0.188, 0.188, 0.2879375, 0.2879375, 0.0054375, 0.0054375, 0.007625, 0.007625, 0.0018125, 0.0018125, 0.0018125, 0.0018125, 0.001375, 0.001375, 0.0014375, 0.0014375, 0.0011875, 0.0011875, 0.00125, 0.00125, 0.0010625, 0.0010625, 0.0010625, 0.0010625]",2,0.2879375,0.24788591265678406,"ControllerAction(token_budget=532, selected_request_ids=[0, 1, 2, 3, 4, 5, 6, 7, 8, 9, 10, 11, 12, 13, 14, 15, 16, 17, 18, 19, 23], token_allocations={0: 1, 1: 1, 2: 1, 3: 1, 4: 1, 5: 1, 6: 1, 7: 1, 8: 1, 9: 1, 10: 1, 11: 1, 12: 1, 13: 1, 14: 1, 15: 1, 16: 1, 17: 1, 18: 1, 19: 1, 23: 512}, prefill_allocations={23: 512}, decode_allocations={0: 1, 1: 1, 2: 1, 3: 1, 4: 1, 5: 1, 6: 1, 7: 1, 8: 1, 9: 1, 10: 1, 11: 1, 12: 1, 13: 1, 14: 1, 15: 1, 16: 1, 17: 1, 18: 1, 19: 1}, heuristic='LST', strategy='Fixed', mapping=None)","{""type"": ""controller"", ""token_budget"": 532, ""selected_request_ids"": [0, 1, 2, 3, 4, 5, 6, 7, 8, 9, 10, 11, 12, 13, 14, 15, 16, 17, 18, 19, 23], ""token_allocations"": {""0"": 1, ""1"": 1, ""2"": 1, ""3"": 1, ""4"": 1, ""5"": 1, ""6"": 1, ""7"": 1, ""8"": 1, ""9"": 1, ""10"": 1, ""11"": 1, ""12"": 1, ""13"": 1, ""14"": 1, ""15"": 1, ""16"": 1, ""17"": 1, ""18"": 1, ""19"": 1, ""23"": 512}, ""prefill_allocations"": {""23"": 512}, ""decode_allocations"": {""0"": 1, ""1"": 1, ""2"": 1, ""3"": 1, ""4"": 1, ""5"": 1, ""6"": 1, ""7"": 1, ""8"": 1, ""9"": 1, ""10"": 1, ""11"": 1, ""12"": 1, ""13"": 1, ""14"": 1, ""15"": 1, ""16"": 1, ""17"": 1, ""18"": 1, ""19"": 1}, ""heuristic"": ""LST"", ""strategy"": ""Fixed""}",train_root,,4.5733242798794285,25,9.664658525141768,34.66465852514177
6007,393,163,4192732,controller,8000,-31.92054557800293,"[0.16464313864707947, 0.17184768617153168, 0.24919365346431732, 0.2418135702610016, 0.022294946014881134, 0.02583179995417595, 0.033461153507232666, 0.03139948472380638, 0.003823190461844206, 0.0036549638025462627, 0.0048155286349356174, 0.004134317860007286, 0.0035402073990553617, 0.004894409328699112, 0.004585161339491606, 0.00368498801253736, 0.003931144718080759, 0.004526597447693348, 0.0029611673671752214, 0.002769384765997529, 0.0028800172731280327, 0.0036761127412319183, 0.003084680298343301, 0.002552798017859459]","[0.1470519708742668, 0.1534867541360156, 0.22256875186178277, 0.21597718789390946, 0.0199128598917888, 0.023071821429703713, 0.029886022651161546, 0.02804463126137122, 0.01, 0.01, 0.01, 0.01, 0.01, 0.01, 0.01, 0.01, 0.01, 0.01, 0.01, 0.01, 0.01, 0.01, 0.01, 0.01]","[true, true, true, true, true, true, true, true, true, true, true, true, true, true, true, true, true, true, true, true, true, true, true, true]",-34.05667185545001,"[0.1889375, 0.1889375, 0.2871875, 0.2871875, 0.00525, 0.00525, 0.007375, 0.007375, 0.0018125, 0.0018125, 0.001875, 0.001875, 0.0014375, 0.0014375, 0.0015, 0.0015, 0.0011875, 0.0011875, 0.00125, 0.00125, 0.0010625, 0.0010625, 0.001125, 0.001125]",2,0.2871875,0.24919365346431732,"ControllerAction(token_budget=532, selected_request_ids=[0, 1, 2, 3, 4, 5, 6, 7, 8, 9, 10, 11, 12, 13, 14, 15, 16, 17, 18, 19, 24], token_allocations={0: 1, 1: 1, 2: 1, 3: 1, 4: 1, 5: 1, 6: 1, 7: 1, 8: 1, 9: 1, 10: 1, 11: 1, 12: 1, 13: 1, 14: 1, 15: 1, 16: 1, 17: 1, 18: 1, 19: 1, 24: 512}, prefill_allocations={24: 512}, decode_allocations={0: 1, 1: 1, 2: 1, 3: 1, 4: 1, 5: 1, 6: 1, 7: 1, 8: 1, 9: 1, 10: 1, 11: 1, 12: 1, 13: 1, 14: 1, 15: 1, 16: 1, 17: 1, 18: 1, 19: 1}, heuristic='LST', strategy='Fixed', mapping=None)","{""type"": ""controller"", ""token_budget"": 532, ""selected_request_ids"": [0, 1, 2, 3, 4, 5, 6, 7, 8, 9, 10, 11, 12, 13, 14, 15, 16, 17, 18, 19, 24], ""token_allocations"": {""0"": 1, ""1"": 1, ""2"": 1, ""3"": 1, ""4"": 1, ""5"": 1, ""6"": 1, ""7"": 1, ""8"": 1, ""9"": 1, ""10"": 1, ""11"": 1, ""12"": 1, ""13"": 1, ""14"": 1, ""15"": 1, ""16"": 1, ""17"": 1, ""18"": 1, ""19"": 1, ""24"": 512}, ""prefill_allocations"": {""24"": 512}, ""decode_allocations"": {""0"": 1, ""1"": 1, ""2"": 1, ""3"": 1, ""4"": 1, ""5"": 1, ""6"": 1, ""7"": 1, ""8"": 1, ""9"": 1, ""10"": 1, ""11"": 1, ""12"": 1, ""13"": 1, ""14"": 1, ""15"": 1, ""16"": 1, ""17"": 1, ""18"": 1, ""19"": 1}, ""heuristic"": ""LST"", ""strategy"": ""Fixed""}",train_root,,4.601387719803592,25,9.833039164686753,34.83303916468675
6007,394,165,4287857,controller,8000,-32.13214874267578,"[0.16688284277915955, 0.17354297637939453, 0.2504120171070099, 0.24307122826576233, 0.021222857758402824, 0.024633802473545074, 0.03160473704338074, 0.029784949496388435, 0.0037829119246453047, 0.0036639301106333733, 0.004720470868051052, 0.004102675244212151, 0.003486048663035035, 0.0048936475068330765, 0.00451507605612278, 0.0035602229181677103, 0.003867802442982793, 0.004586267750710249, 0.002927689580246806, 0.002694950671866536, 0.002868229290470481, 0.0036211058031767607, 0.0030779046937823296, 0.002475734567269683]","[0.14894626992625004, 0.1548905721711383, 0.22349772613925795, 0.2169459254986914, 0.018941824381986338, 0.021986160658768288, 0.028207858975898305, 0.026583662248009197, 0.01, 0.01, 0.01, 0.01, 0.01, 0.01, 0.01, 0.01, 0.01, 0.01, 0.01, 0.01, 0.01, 0.01, 0.01, 0.01]","[true, true, true, true, true, true, true, true, true, true, true, true, true, true, true, true, true, true, true, true, true, true, true, true]",-34.16148675548624,"[0.190125, 0.190125, 0.2864375, 0.2864375, 0.0050625, 0.0050625, 0.007125, 0.007125, 0.001875, 0.001875, 0.001875, 0.001875, 0.0014375, 0.0014375, 0.0015, 0.0015, 0.0011875, 0.0011875, 0.00125, 0.00125, 0.0010625, 0.0010625, 0.0010625, 0.0010625]",2,0.2864375,0.2504120171070099,"ControllerAction(token_budget=532, selected_request_ids=[0, 1, 2, 3, 4, 5, 6, 7, 8, 9, 10, 11, 12, 13, 14, 15, 16, 17, 18, 19, 25], token_allocations={0: 1, 1: 1, 2: 1, 3: 1, 4: 1, 5: 1, 6: 1, 7: 1, 8: 1, 9: 1, 10: 1, 11: 1, 12: 1, 13: 1, 14: 1, 15: 1, 16: 1, 17: 1, 18: 1, 19: 1, 25: 512}, prefill_allocations={25: 512}, decode_allocations={0: 1, 1: 1, 2: 1, 3: 1, 4: 1, 5: 1, 6: 1, 7: 1, 8: 1, 9: 1, 10: 1, 11: 1, 12: 1, 13: 1, 14: 1, 15: 1, 16: 1, 17: 1, 18: 1, 19: 1}, heuristic='LST', strategy='Fixed', mapping=None)","{""type"": ""controller"", ""token_budget"": 532, ""selected_request_ids"": [0, 1, 2, 3, 4, 5, 6, 7, 8, 9, 10, 11, 12, 13, 14, 15, 16, 17, 18, 19, 25], ""token_allocations"": {""0"": 1, ""1"": 1, ""2"": 1, ""3"": 1, ""4"": 1, ""5"": 1, ""6"": 1, ""7"": 1, ""8"": 1, ""9"": 1, ""10"": 1, ""11"": 1, ""12"": 1, ""13"": 1, ""14"": 1, ""15"": 1, ""16"": 1, ""17"": 1, ""18"": 1, ""19"": 1, ""25"": 512}, ""prefill_allocations"": {""25"": 512}, ""decode_allocations"": {""0"": 1, ""1"": 1, ""2"": 1, ""3"": 1, ""4"": 1, ""5"": 1, ""6"": 1, ""7"": 1, ""8"": 1, ""9"": 1, ""10"": 1, ""11"": 1, ""12"": 1, ""13"": 1, ""14"": 1, ""15"": 1, ""16"": 1, ""17"": 1, ""18"": 1, ""19"": 1}, ""heuristic"": ""LST"", ""strategy"": ""Fixed""}",train_root,,4.629451159727755,25,10.001419804231737,35.00141980423174
6007,395,167,4382630,controller,8000,-32.2846565246582,"[0.16779154539108276, 0.174998939037323, 0.24942177534103394, 0.2424420714378357, 0.02055002748966217, 0.023774607107043266, 0.030727773904800415, 0.028733139857649803, 0.003866352140903473, 0.003962734714150429, 0.004857043735682964, 0.004330542869865894, 0.0036219460889697075, 0.005211380310356617, 0.004615571815520525, 0.0036368605215102434, 0.004014937207102776, 0.005071957129985094, 0.003035918576642871, 0.002740313299000263, 0.0030035264790058136, 0.0037084021605551243, 0.0033134841360151768, 0.0025691601913422346]","[0.15019065280306237, 0.1566420097782571, 0.22325808594501148, 0.21701053465659514, 0.018394383558477348, 0.021280713239875314, 0.027504511095540238, 0.02571910892318093, 0.01, 0.01, 0.01, 0.01, 0.01, 0.01, 0.01, 0.01, 0.01, 0.01, 0.01, 0.01, 0.01, 0.01, 0.01, 0.01]","[true, true, true, true, true, true, true, true, true, true, true, true, true, true, true, true, true, true, true, true, true, true, true, true]",-34.26126258460995,"[0.23828125, 0.23828125, 0.23828125, 0.23828125, 0.0060625, 0.0060625, 0.0060625, 0.0060625, 0.001875, 0.001875, 0.001875, 0.001875, 0.00146875, 0.00146875, 0.00146875, 0.00146875, 0.00121875, 0.00121875, 0.00121875, 0.00121875, 0.00109375, 0.00109375, 0.00109375, 0.00109375]",0,0.23828125,0.16779154539108276,"ControllerAction(token_budget=532, selected_request_ids=[0, 1, 2, 3, 4, 5, 6, 7, 8, 9, 10, 11, 12, 13, 14, 15, 16, 17, 18, 19, 20], token_allocations={0: 1, 1: 1, 2: 1, 3: 1, 4: 1, 5: 1, 6: 1, 7: 1, 8: 1, 9: 1, 10: 1, 11: 1, 12: 1, 13: 1, 14: 1, 15: 1, 16: 1, 17: 1, 18: 1, 19: 1, 20: 512}, prefill_allocations={20: 512}, decode_allocations={0: 1, 1: 1, 2: 1, 3: 1, 4: 1, 5: 1, 6: 1, 7: 1, 8: 1, 9: 1, 10: 1, 11: 1, 12: 1, 13: 1, 14: 1, 15: 1, 16: 1, 17: 1, 18: 1, 19: 1}, heuristic='SJF', strategy='Fixed', mapping=None)","{""type"": ""controller"", ""token_budget"": 532, ""selected_request_ids"": [0, 1, 2, 3, 4, 5, 6, 7, 8, 9, 10, 11, 12, 13, 14, 15, 16, 17, 18, 19, 20], ""token_allocations"": {""0"": 1, ""1"": 1, ""2"": 1, ""3"": 1, ""4"": 1, ""5"": 1, ""6"": 1, ""7"": 1, ""8"": 1, ""9"": 1, ""10"": 1, ""11"": 1, ""12"": 1, ""13"": 1, ""14"": 1, ""15"": 1, ""16"": 1, ""17"": 1, ""18"": 1, ""19"": 1, ""20"": 512}, ""prefill_allocations"": {""20"": 512}, ""decode_allocations"": {""0"": 1, ""1"": 1, ""2"": 1, ""3"": 1, ""4"": 1, ""5"": 1, ""6"": 1, ""7"": 1, ""8"": 1, ""9"": 1, ""10"": 1, ""11"": 1, ""12"": 1, ""13"": 1, ""14"": 1, ""15"": 1, ""16"": 1, ""17"": 1, ""18"": 1, ""19"": 1}, ""heuristic"": ""SJF"", ""strategy"": ""Fixed""}",train_root,,4.657514599651918,25,10.169800443776722,35.16980044377672
6007,396,169,4480405,controller,8000,-32.150390625,"[0.16859053075313568, 0.17407168447971344, 0.2533118724822998, 0.24876032769680023, 0.019710542634129524, 0.022470034658908844, 0.02870793081820011, 0.026875918731093407, 0.003597658360376954, 0.003655006643384695, 0.0044773840345442295, 0.004015637096017599, 0.003371860831975937, 0.004897156730294228, 0.004389939829707146, 0.003409442724660039, 0.0037380983121693134, 0.004723399877548218, 0.0028355990070849657, 0.002520021516829729, 0.002850868972018361, 0.003445297246798873, 0.0031418590806424618, 0.0024318897631019354]","[0.1502559361175605, 0.15514100220349117, 0.22576364377933572, 0.22170708959760854, 0.01756697734828819, 0.020026368486923938, 0.025585879585390606, 0.023953102881401355, 0.01, 0.01, 0.01, 0.01, 0.01, 0.01, 0.01, 0.01, 0.01, 0.01, 0.01, 0.01, 0.01, 0.01, 0.01, 0.01]","[true, true, true, true, true, true, true, true, true, true, true, true, true, true, true, true, true, true, true, true, true, true, true, true]",-34.372587466897365,"[0.1908125, 0.1908125, 0.286625, 0.286625, 0.0045625, 0.0045625, 0.0065, 0.0065, 0.001875, 0.001875, 0.001875, 0.001875, 0.0015625, 0.0015625, 0.0015, 0.0015, 0.00125, 0.00125, 0.00125, 0.00125, 0.0010625, 0.0010625, 0.001125, 0.001125]",2,0.286625,0.2533118724822998,"ControllerAction(token_budget=532, selected_request_ids=[0, 1, 2, 3, 4, 5, 6, 7, 8, 9, 10, 11, 12, 13, 14, 15, 16, 17, 18, 19, 21], token_allocations={0: 1, 1: 1, 2: 1, 3: 1, 4: 1, 5: 1, 6: 1, 7: 1, 8: 1, 9: 1, 10: 1, 11: 1, 12: 1, 13: 1, 14: 1, 15: 1, 16: 1, 17: 1, 18: 1, 19: 1, 21: 512}, prefill_allocations={21: 512}, decode_allocations={0: 1, 1: 1, 2: 1, 3: 1, 4: 1, 5: 1, 6: 1, 7: 1, 8: 1, 9: 1, 10: 1, 11: 1, 12: 1, 13: 1, 14: 1, 15: 1, 16: 1, 17: 1, 18: 1, 19: 1}, heuristic='LST', strategy='Fixed', mapping=None)","{""type"": ""controller"", ""token_budget"": 532, ""selected_request_ids"": [0, 1, 2, 3, 4, 5, 6, 7, 8, 9, 10, 11, 12, 13, 14, 15, 16, 17, 18, 19, 21], ""token_allocations"": {""0"": 1, ""1"": 1, ""2"": 1, ""3"": 1, ""4"": 1, ""5"": 1, ""6"": 1, ""7"": 1, ""8"": 1, ""9"": 1, ""10"": 1, ""11"": 1, ""12"": 1, ""13"": 1, ""14"": 1, ""15"": 1, ""16"": 1, ""17"": 1, ""18"": 1, ""19"": 1, ""21"": 512}, ""prefill_allocations"": {""21"": 512}, ""decode_allocations"": {""0"": 1, ""1"": 1, ""2"": 1, ""3"": 1, ""4"": 1, ""5"": 1, ""6"": 1, ""7"": 1, ""8"": 1, ""9"": 1, ""10"": 1, ""11"": 1, ""12"": 1, ""13"": 1, ""14"": 1, ""15"": 1, ""16"": 1, ""17"": 1, ""18"": 1, ""19"": 1}, ""heuristic"": ""LST"", ""strategy"": ""Fixed""}",train_root,,4.686056902936081,25,10.341054263481695,35.341054263481695
6007,397,171,4574552,controller,8000,-32.35791015625,"[0.17075227200984955, 0.17565426230430603, 0.2543330788612366, 0.2498331069946289, 0.018729399889707565, 0.021389150992035866, 0.027061106637120247, 0.02544547989964485, 0.0035549993626773357, 0.0036599100567400455, 0.0043823025189340115, 0.003979825414717197, 0.003315790556371212, 0.004890472628176212, 0.004317224025726318, 0.003288625506684184, 0.0036727420520037413, 0.004780921153724194, 0.002799660200253129, 0.0024485099129378796, 0.0028356837574392557, 0.0033893422223627567, 0.0031314543448388577, 0.002354686614125967]","[0.1520697988595791, 0.15643544898718972, 0.22650580100939877, 0.22249818337377916, 0.016680165016042425, 0.019048905474876712, 0.024100276937967305, 0.022661420341166826, 0.01, 0.01, 0.01, 0.01, 0.01, 0.01, 0.01, 0.01, 0.01, 0.01, 0.01, 0.01, 0.01, 0.01, 0.01, 0.01]","[true, true, true, true, true, true, true, true, true, true, true, true, true, true, true, true, true, true, true, true, true, true, true, true]",-34.475580888734775,"[0.1910625, 0.1910625, 0.28675, 0.28675, 0.0044375, 0.0044375, 0.0063125, 0.0063125, 0.0018125, 0.0018125, 0.0019375, 0.0019375, 0.0015625, 0.0015625, 0.0015, 0.0015, 0.0011875, 0.0011875, 0.00125, 0.00125, 0.0010625, 0.0010625, 0.001125, 0.001125]",2,0.28675,0.2543330788612366,"ControllerAction(token_budget=532, selected_request_ids=[0, 1, 2, 3, 4, 5, 6, 7, 8, 9, 10, 11, 12, 13, 14, 15, 16, 17, 18, 19, 22], token_allocations={0: 1, 1: 1, 2: 1, 3: 1, 4: 1, 5: 1, 6: 1, 7: 1, 8: 1, 9: 1, 10: 1, 11: 1, 12: 1, 13: 1, 14: 1, 15: 1, 16: 1, 17: 1, 18: 1, 19: 1, 22: 512}, prefill_allocations={22: 512}, decode_allocations={0: 1, 1: 1, 2: 1, 3: 1, 4: 1, 5: 1, 6: 1, 7: 1, 8: 1, 9: 1, 10: 1, 11: 1, 12: 1, 13: 1, 14: 1, 15: 1, 16: 1, 17: 1, 18: 1, 19: 1}, heuristic='LST', strategy='Fixed', mapping=None)","{""type"": ""controller"", ""token_budget"": 532, ""selected_request_ids"": [0, 1, 2, 3, 4, 5, 6, 7, 8, 9, 10, 11, 12, 13, 14, 15, 16, 17, 18, 19, 22], ""token_allocations"": {""0"": 1, ""1"": 1, ""2"": 1, ""3"": 1, ""4"": 1, ""5"": 1, ""6"": 1, ""7"": 1, ""8"": 1, ""9"": 1, ""10"": 1, ""11"": 1, ""12"": 1, ""13"": 1, ""14"": 1, ""15"": 1, ""16"": 1, ""17"": 1, ""18"": 1, ""19"": 1, ""22"": 512}, ""prefill_allocations"": {""22"": 512}, ""decode_allocations"": {""0"": 1, ""1"": 1, ""2"": 1, ""3"": 1, ""4"": 1, ""5"": 1, ""6"": 1, ""7"": 1, ""8"": 1, ""9"": 1, ""10"": 1, ""11"": 1, ""12"": 1, ""13"": 1, ""14"": 1, ""15"": 1, ""16"": 1, ""17"": 1, ""18"": 1, ""19"": 1}, ""heuristic"": ""LST"", ""strategy"": ""Fixed""}",train_root,,4.714599206220244,25,10.512308083186667,35.51230808318667
6007,398,173,4669166,controller,8000,-32.56267547607422,"[0.17288297414779663, 0.17719107866287231, 0.2552717924118042, 0.2508254647254944, 0.017791058868169785, 0.020353350788354874, 0.02550009824335575, 0.02408299781382084, 0.003511651186272502, 0.0036635769065469503, 0.004287785850465298, 0.003942991141229868, 0.0032595451921224594, 0.004882140085101128, 0.004244270734488964, 0.003171013668179512, 0.0036073015071451664, 0.004837505053728819, 0.0027632382698357105, 0.0023782216012477875, 0.002819622401148081, 0.003333164844661951, 0.0031200225930660963, 0.002279159612953663]","[0.15385303580696777, 0.15768692958098082, 0.22717297878544565, 0.2232160766318159, 0.015832724017972838, 0.018112973952863057, 0.02269319779726967, 0.02143208342668442, 0.01, 0.01, 0.01, 0.01, 0.01, 0.01, 0.01, 0.01, 0.01, 0.01, 0.01, 0.01, 0.01, 0.01, 0.01, 0.01]","[true, true, true, true, true, true, true, true, true, true, true, true, true, true, true, true, true, true, true, true, true, true, true, true]",-34.57770883721282,"[0.1919375, 0.1919375, 0.2860625, 0.2860625, 0.00425, 0.00425, 0.006, 0.006, 0.001875, 0.001875, 0.002, 0.002, 0.0015625, 0.0015625, 0.0015625, 0.0015625, 0.00125, 0.00125, 0.0013125, 0.0013125, 0.0010625, 0.0010625, 0.001125, 0.001125]",2,0.2860625,0.2552717924118042,"ControllerAction(token_budget=532, selected_request_ids=[0, 1, 2, 3, 4, 5, 6, 7, 8, 9, 10, 11, 12, 13, 14, 15, 16, 17, 18, 19, 23], token_allocations={0: 1, 1: 1, 2: 1, 3: 1, 4: 1, 5: 1, 6: 1, 7: 1, 8: 1, 9: 1, 10: 1, 11: 1, 12: 1, 13: 1, 14: 1, 15: 1, 16: 1, 17: 1, 18: 1, 19: 1, 23: 512}, prefill_allocations={23: 512}, decode_allocations={0: 1, 1: 1, 2: 1, 3: 1, 4: 1, 5: 1, 6: 1, 7: 1, 8: 1, 9: 1, 10: 1, 11: 1, 12: 1, 13: 1, 14: 1, 15: 1, 16: 1, 17: 1, 18: 1, 19: 1}, heuristic='LST', strategy='Fixed', mapping=None)","{""type"": ""controller"", ""token_budget"": 532, ""selected_request_ids"": [0, 1, 2, 3, 4, 5, 6, 7, 8, 9, 10, 11, 12, 13, 14, 15, 16, 17, 18, 19, 23], ""token_allocations"": {""0"": 1, ""1"": 1, ""2"": 1, ""3"": 1, ""4"": 1, ""5"": 1, ""6"": 1, ""7"": 1, ""8"": 1, ""9"": 1, ""10"": 1, ""11"": 1, ""12"": 1, ""13"": 1, ""14"": 1, ""15"": 1, ""16"": 1, ""17"": 1, ""18"": 1, ""19"": 1, ""23"": 512}, ""prefill_allocations"": {""23"": 512}, ""decode_allocations"": {""0"": 1, ""1"": 1, ""2"": 1, ""3"": 1, ""4"": 1, ""5"": 1, ""6"": 1, ""7"": 1, ""8"": 1, ""9"": 1, ""10"": 1, ""11"": 1, ""12"": 1, ""13"": 1, ""14"": 1, ""15"": 1, ""16"": 1, ""17"": 1, ""18"": 1, ""19"": 1}, ""heuristic"": ""LST"", ""strategy"": ""Fixed""}",train_root,,4.743141509504407,25,10.68356190289164,35.68356190289164
6007,399,175,4764521,controller,8000,-32.76457595825195,"[0.17498350143432617, 0.1786833107471466, 0.25613075494766235, 0.2517399191856384, 0.016894234344363213, 0.01936141587793827, 0.024021321907639503, 0.02278607338666916, 0.0034677067305892706, 0.003666054690256715, 0.0041939448565244675, 0.003905229503288865, 0.0032032134477049112, 0.004872237332165241, 0.004171196836978197, 0.003056615125387907, 0.0035418758634477854, 0.004893166013062, 0.0027264065574854612, 0.002309198724105954, 0.0028027414809912443, 0.0032768510282039642, 0.0031076259911060333, 0.002205339726060629]","[0.15560666784705113, 0.15889677802382998, 0.2277680637537919, 0.22386344808207592, 0.015023447871399564, 0.017217425556532807, 0.02136131594516088, 0.020262852920157726, 0.01, 0.01, 0.01, 0.01, 0.01, 0.01, 0.01, 0.01, 0.01, 0.01, 0.01, 0.01, 0.01, 0.01, 0.01, 0.01]","[true, true, true, true, true, true, true, true, true, true, true, true, true, true, true, true, true, true, true, true, true, true, true, true]",-34.678124597394216,"[0.19275, 0.19275, 0.2854375, 0.2854375, 0.004125, 0.004125, 0.00575, 0.00575, 0.001875, 0.001875, 0.0020625, 0.0020625, 0.0015625, 0.0015625, 0.0015625, 0.0015625, 0.0013125, 0.0013125, 0.0013125, 0.0013125, 0.001125, 0.001125, 0.001125, 0.001125]",2,0.2854375,0.25613075494766235,"ControllerAction(token_budget=532, selected_request_ids=[0, 1, 2, 3, 4, 5, 6, 7, 8, 9, 10, 11, 12, 13, 14, 15, 16, 17, 18, 19, 24], token_allocations={0: 1, 1: 1, 2: 1, 3: 1, 4: 1, 5: 1, 6: 1, 7: 1, 8: 1, 9: 1, 10: 1, 11: 1, 12: 1, 13: 1, 14: 1, 15: 1, 16: 1, 17: 1, 18: 1, 19: 1, 24: 512}, prefill_allocations={24: 512}, decode_allocations={0: 1, 1: 1, 2: 1, 3: 1, 4: 1, 5: 1, 6: 1, 7: 1, 8: 1, 9: 1, 10: 1, 11: 1, 12: 1, 13: 1, 14: 1, 15: 1, 16: 1, 17: 1, 18: 1, 19: 1}, heuristic='LST', strategy='Fixed', mapping=None)","{""type"": ""controller"", ""token_budget"": 532, ""selected_request_ids"": [0, 1, 2, 3, 4, 5, 6, 7, 8, 9, 10, 11, 12, 13, 14, 15, 16, 17, 18, 19, 24], ""token_allocations"": {""0"": 1, ""1"": 1, ""2"": 1, ""3"": 1, ""4"": 1, ""5"": 1, ""6"": 1, ""7"": 1, ""8"": 1, ""9"": 1, ""10"": 1, ""11"": 1, ""12"": 1, ""13"": 1, ""14"": 1, ""15"": 1, ""16"": 1, ""17"": 1, ""18"": 1, ""19"": 1, ""24"": 512}, ""prefill_allocations"": {""24"": 512}, ""decode_allocations"": {""0"": 1, ""1"": 1, ""2"": 1, ""3"": 1, ""4"": 1, ""5"": 1, ""6"": 1, ""7"": 1, ""8"": 1, ""9"": 1, ""10"": 1, ""11"": 1, ""12"": 1, ""13"": 1, ""14"": 1, ""15"": 1, ""16"": 1, ""17"": 1, ""18"": 1, ""19"": 1}, ""heuristic"": ""LST"", ""strategy"": ""Fixed""}",train_root,,4.77168381278857,25,10.854815722596612,35.85481572259661
