game_id,root_id,root_depth,root_node_id,root_player,num_simulations,model_root_value_controller,model_root_prior_json,normalized_root_prior_json,valid_action_mask_json,mcts_root_value_controller,mcts_root_prior_json,best_action_index,best_action_mcts_prob,best_action_model_prob,best_action_repr,best_action_json,phase,cycle_label,sim_time,slo_violations,total_lateness,total_cost
1,50,0,0,adversary,0,0.0,[],[],[],0.0,[],0,0.0,0.0,"AdversaryAction(requests=[AdversaryRequestSpec(prefill_tokens=3072, decode_tokens=5000, prefill_slo=0.3874467952163693, decode_slo=0.05)], stop_decode_ids=[])","{""type"": ""adversary"", ""requests"": [{""prefill_tokens"": 3072, ""decode_tokens"": 5000, ""prefill_slo"": 0.3874467952163693, ""decode_slo"": 0.05}], ""stop_decode_ids"": [], ""history_phase"": ""multiple-child""}",train_root,,0.0,0,0.0,0.0
1,50,1,1,controller,0,0.0,[],[],[],0.0,[],4,0.0,0.0,"ControllerAction(token_budget=1024, selected_request_ids=[0], token_allocations={0: 1024}, prefill_allocations={0: 1024}, decode_allocations={}, heuristic='SJF', strategy='Fixed', mapping=None)","{""type"": ""controller"", ""token_budget"": 1024, ""selected_request_ids"": [0], ""token_allocations"": {""0"": 1024}, ""prefill_allocations"": {""0"": 1024}, ""decode_allocations"": {}, ""heuristic"": ""SJF"", ""strategy"": ""Fixed"", ""history_phase"": ""multiple-child""}",train_root,,0.0,0,0.0,0.0
1,50,2,2,adversary,0,0.0,[],[],[],0.0,[],0,0.0,0.0,"AdversaryAction(requests=[], stop_decode_ids=[])","{""type"": ""adversary"", ""requests"": [], ""stop_decode_ids"": [], ""history_phase"": ""forced_step:single-child""}",train_root,,0.0,0,0.0,0.0
1,50,3,3,controller,0,0.0,[],[],[],0.0,[],7,0.0,0.0,"ControllerAction(token_budget=1024, selected_request_ids=[0], token_allocations={0: 1024}, prefill_allocations={0: 1024}, decode_allocations={}, heuristic='LJF', strategy='Fixed', mapping=None)","{""type"": ""controller"", ""token_budget"": 1024, ""selected_request_ids"": [0], ""token_allocations"": {""0"": 1024}, ""prefill_allocations"": {""0"": 1024}, ""decode_allocations"": {}, ""heuristic"": ""LJF"", ""strategy"": ""Fixed"", ""history_phase"": ""multiple-child""}",train_root,,0.0,0,0.0,0.0
1,50,4,4,adversary,0,0.0,[],[],[],0.0,[],0,0.0,0.0,"AdversaryAction(requests=[], stop_decode_ids=[])","{""type"": ""adversary"", ""requests"": [], ""stop_decode_ids"": [], ""history_phase"": ""forced_step:single-child""}",train_root,,0.0,0,0.0,0.0
1,50,5,5,controller,0,0.0,[],[],[],0.0,[],2,0.0,0.0,"ControllerAction(token_budget=512, selected_request_ids=[0], token_allocations={0: 512}, prefill_allocations={0: 512}, decode_allocations={}, heuristic='LST', strategy='Fixed', mapping=None)","{""type"": ""controller"", ""token_budget"": 512, ""selected_request_ids"": [0], ""token_allocations"": {""0"": 512}, ""prefill_allocations"": {""0"": 512}, ""decode_allocations"": {}, ""heuristic"": ""LST"", ""strategy"": ""Fixed"", ""history_phase"": ""multiple-child""}",train_root,,0.0,0,0.0,0.0
1,50,6,6,adversary,0,0.0,[],[],[],0.0,[],0,0.0,0.0,"AdversaryAction(requests=[], stop_decode_ids=[])","{""type"": ""adversary"", ""requests"": [], ""stop_decode_ids"": [], ""history_phase"": ""forced_step:single-child""}",train_root,,0.0,0,0.0,0.0
1,50,7,7,controller,0,0.0,[],[],[],0.0,[],0,0.0,0.0,"ControllerAction(token_budget=512, selected_request_ids=[0], token_allocations={0: 512}, prefill_allocations={0: 512}, decode_allocations={}, heuristic='SJF', strategy='Fixed', mapping=None)","{""type"": ""controller"", ""token_budget"": 512, ""selected_request_ids"": [0], ""token_allocations"": {""0"": 512}, ""prefill_allocations"": {""0"": 512}, ""decode_allocations"": {}, ""heuristic"": ""SJF"", ""strategy"": ""Fixed"", ""history_phase"": ""multiple-child""}",train_root,,0.0,0,0.0,0.0
1,50,8,8,adversary,0,0.0,[],[],[],0.0,[],0,0.0,0.0,"AdversaryAction(requests=[], stop_decode_ids=[])","{""type"": ""adversary"", ""requests"": [], ""stop_decode_ids"": [], ""history_phase"": ""forced_step:single-child""}",train_root,,0.0,0,0.0,0.0
1,50,9,9,controller,0,0.0,[],[],[],0.0,[],0,0.0,0.0,"ControllerAction(token_budget=1, selected_request_ids=[0], token_allocations={0: 1}, prefill_allocations={}, decode_allocations={0: 1}, heuristic='SJF', strategy='Fixed', mapping=None)","{""type"": ""controller"", ""token_budget"": 1, ""selected_request_ids"": [0], ""token_allocations"": {""0"": 1}, ""prefill_allocations"": {}, ""decode_allocations"": {""0"": 1}, ""heuristic"": ""SJF"", ""strategy"": ""Fixed"", ""history_phase"": ""forced_step:single-child""}",train_root,,0.0,0,0.0,0.0
1,50,10,10,adversary,0,0.0,[],[],[],0.0,[],5,0.0,0.0,"AdversaryAction(requests=[AdversaryRequestSpec(prefill_tokens=3072, decode_tokens=5000, prefill_slo=0.3874467952163693, decode_slo=0.05), AdversaryRequestSpec(prefill_tokens=3072, decode_tokens=5000, prefill_slo=0.3874467952163693, decode_slo=0.05), AdversaryRequestSpec(prefill_tokens=3072, decode_tokens=5000, prefill_slo=0.3874467952163693, decode_slo=0.05), AdversaryRequestSpec(prefill_tokens=3072, decode_tokens=5000, prefill_slo=0.3874467952163693, decode_slo=0.05), AdversaryRequestSpec(prefill_tokens=3072, decode_tokens=5000, prefill_slo=0.3874467952163693, decode_slo=0.05), AdversaryRequestSpec(prefill_tokens=3072, decode_tokens=5000, prefill_slo=0.3874467952163693, decode_slo=0.05)], stop_decode_ids=[])","{""type"": ""adversary"", ""requests"": [{""prefill_tokens"": 3072, ""decode_tokens"": 5000, ""prefill_slo"": 0.3874467952163693, ""decode_slo"": 0.05}, {""prefill_tokens"": 3072, ""decode_tokens"": 5000, ""prefill_slo"": 0.3874467952163693, ""decode_slo"": 0.05}, {""prefill_tokens"": 3072, ""decode_tokens"": 5000, ""prefill_slo"": 0.3874467952163693, ""decode_slo"": 0.05}, {""prefill_tokens"": 3072, ""decode_tokens"": 5000, ""prefill_slo"": 0.3874467952163693, ""decode_slo"": 0.05}, {""prefill_tokens"": 3072, ""decode_tokens"": 5000, ""prefill_slo"": 0.3874467952163693, ""decode_slo"": 0.05}, {""prefill_tokens"": 3072, ""decode_tokens"": 5000, ""prefill_slo"": 0.3874467952163693, ""decode_slo"": 0.05}], ""stop_decode_ids"": [], ""history_phase"": ""multiple-child""}",train_root,,0.0,0,0.0,0.0
1,50,11,11,controller,0,0.0,[],[],[],0.0,[],17,0.0,0.0,"ControllerAction(token_budget=2561, selected_request_ids=[0, 1], token_allocations={0: 1, 1: 2560}, prefill_allocations={1: 2560}, decode_allocations={0: 1}, heuristic='EDF', strategy='Fixed', mapping=None)","{""type"": ""controller"", ""token_budget"": 2561, ""selected_request_ids"": [0, 1], ""token_allocations"": {""0"": 1, ""1"": 2560}, ""prefill_allocations"": {""1"": 2560}, ""decode_allocations"": {""0"": 1}, ""heuristic"": ""EDF"", ""strategy"": ""Fixed"", ""history_phase"": ""multiple-child""}",train_root,,0.0,0,0.0,0.0
1,50,12,12,adversary,0,0.0,[],[],[],0.0,[],0,0.0,0.0,"AdversaryAction(requests=[], stop_decode_ids=[])","{""type"": ""adversary"", ""requests"": [], ""stop_decode_ids"": [], ""history_phase"": ""forced_step:single-child""}",train_root,,0.0,0,0.0,0.0
1,50,13,13,controller,0,0.0,[],[],[],0.0,[],0,0.0,0.0,"ControllerAction(token_budget=513, selected_request_ids=[0, 1], token_allocations={0: 1, 1: 512}, prefill_allocations={1: 512}, decode_allocations={0: 1}, heuristic='SJF', strategy='Fixed', mapping=None)","{""type"": ""controller"", ""token_budget"": 513, ""selected_request_ids"": [0, 1], ""token_allocations"": {""0"": 1, ""1"": 512}, ""prefill_allocations"": {""1"": 512}, ""decode_allocations"": {""0"": 1}, ""heuristic"": ""SJF"", ""strategy"": ""Fixed"", ""history_phase"": ""multiple-child""}",train_root,,0.0,0,0.0,0.0
1,50,14,14,adversary,0,0.0,[],[],[],0.0,[],0,0.0,0.0,"AdversaryAction(requests=[], stop_decode_ids=[])","{""type"": ""adversary"", ""requests"": [], ""stop_decode_ids"": [], ""history_phase"": ""forced_step:single-child""}",train_root,,0.0,0,0.0,0.0
1,50,15,15,controller,0,0.0,[],[],[],0.0,[],3,0.0,0.0,"ControllerAction(token_budget=514, selected_request_ids=[0, 1, 2], token_allocations={0: 1, 1: 1, 2: 512}, prefill_allocations={2: 512}, decode_allocations={0: 1, 1: 1}, heuristic='LJF', strategy='Fixed', mapping=None)","{""type"": ""controller"", ""token_budget"": 514, ""selected_request_ids"": [0, 1, 2], ""token_allocations"": {""0"": 1, ""1"": 1, ""2"": 512}, ""prefill_allocations"": {""2"": 512}, ""decode_allocations"": {""0"": 1, ""1"": 1}, ""heuristic"": ""LJF"", ""strategy"": ""Fixed"", ""history_phase"": ""multiple-child""}",train_root,,0.0,0,0.0,0.0
1,50,16,16,adversary,0,0.0,[],[],[],0.0,[],0,0.0,0.0,"AdversaryAction(requests=[], stop_decode_ids=[])","{""type"": ""adversary"", ""requests"": [], ""stop_decode_ids"": [], ""history_phase"": ""forced_step:single-child""}",train_root,,0.0,0,0.0,0.0
1,50,17,17,controller,0,0.0,[],[],[],0.0,[],4,0.0,0.0,"ControllerAction(token_budget=1026, selected_request_ids=[0, 1, 2], token_allocations={0: 1, 1: 1, 2: 1024}, prefill_allocations={2: 1024}, decode_allocations={0: 1, 1: 1}, heuristic='SJF', strategy='Fixed', mapping=None)","{""type"": ""controller"", ""token_budget"": 1026, ""selected_request_ids"": [0, 1, 2], ""token_allocations"": {""0"": 1, ""1"": 1, ""2"": 1024}, ""prefill_allocations"": {""2"": 1024}, ""decode_allocations"": {""0"": 1, ""1"": 1}, ""heuristic"": ""SJF"", ""strategy"": ""Fixed"", ""history_phase"": ""multiple-child""}",train_root,,0.0,0,0.0,0.0
1,50,18,18,adversary,0,0.0,[],[],[],0.0,[],0,0.0,0.0,"AdversaryAction(requests=[], stop_decode_ids=[])","{""type"": ""adversary"", ""requests"": [], ""stop_decode_ids"": [], ""history_phase"": ""forced_step:single-child""}",train_root,,0.0,0,0.0,0.0
1,50,19,19,controller,0,0.0,[],[],[],0.0,[],0,0.0,0.0,"ControllerAction(token_budget=514, selected_request_ids=[0, 1, 2], token_allocations={0: 1, 1: 1, 2: 512}, prefill_allocations={2: 512}, decode_allocations={0: 1, 1: 1}, heuristic='SJF', strategy='Fixed', mapping=None)","{""type"": ""controller"", ""token_budget"": 514, ""selected_request_ids"": [0, 1, 2], ""token_allocations"": {""0"": 1, ""1"": 1, ""2"": 512}, ""prefill_allocations"": {""2"": 512}, ""decode_allocations"": {""0"": 1, ""1"": 1}, ""heuristic"": ""SJF"", ""strategy"": ""Fixed"", ""history_phase"": ""multiple-child""}",train_root,,0.0,0,0.0,0.0
1,50,20,20,adversary,0,0.0,[],[],[],0.0,[],0,0.0,0.0,"AdversaryAction(requests=[], stop_decode_ids=[])","{""type"": ""adversary"", ""requests"": [], ""stop_decode_ids"": [], ""history_phase"": ""forced_step:single-child""}",train_root,,0.0,0,0.0,0.0
1,50,21,21,controller,0,0.0,[],[],[],0.0,[],13,0.0,0.0,"ControllerAction(token_budget=2050, selected_request_ids=[0, 1, 2, 3], token_allocations={0: 1, 1: 1, 2: 1024, 3: 1024}, prefill_allocations={2: 1024, 3: 1024}, decode_allocations={0: 1, 1: 1}, heuristic='EDF', strategy='Fixed', mapping=None)","{""type"": ""controller"", ""token_budget"": 2050, ""selected_request_ids"": [0, 1, 2, 3], ""token_allocations"": {""0"": 1, ""1"": 1, ""2"": 1024, ""3"": 1024}, ""prefill_allocations"": {""2"": 1024, ""3"": 1024}, ""decode_allocations"": {""0"": 1, ""1"": 1}, ""heuristic"": ""EDF"", ""strategy"": ""Fixed"", ""history_phase"": ""multiple-child""}",train_root,,0.0,0,0.0,0.0
1,50,22,22,adversary,0,0.0,[],[],[],0.0,[],0,0.0,0.0,"AdversaryAction(requests=[], stop_decode_ids=[])","{""type"": ""adversary"", ""requests"": [], ""stop_decode_ids"": [], ""history_phase"": ""forced_step:single-child""}",train_root,,0.0,0,0.0,0.0
1,50,23,23,controller,0,0.0,[],[],[],0.0,[],12,0.0,0.0,"ControllerAction(token_budget=2051, selected_request_ids=[0, 1, 2, 3], token_allocations={0: 1, 1: 1, 2: 1, 3: 2048}, prefill_allocations={3: 2048}, decode_allocations={0: 1, 1: 1, 2: 1}, heuristic='SJF', strategy='Fixed', mapping=None)","{""type"": ""controller"", ""token_budget"": 2051, ""selected_request_ids"": [0, 1, 2, 3], ""token_allocations"": {""0"": 1, ""1"": 1, ""2"": 1, ""3"": 2048}, ""prefill_allocations"": {""3"": 2048}, ""decode_allocations"": {""0"": 1, ""1"": 1, ""2"": 1}, ""heuristic"": ""SJF"", ""strategy"": ""Fixed"", ""history_phase"": ""multiple-child""}",train_root,,0.0,0,0.0,0.0
1,50,24,24,adversary,0,0.0,[],[],[],0.0,[],0,0.0,0.0,"AdversaryAction(requests=[], stop_decode_ids=[])","{""type"": ""adversary"", ""requests"": [], ""stop_decode_ids"": [], ""history_phase"": ""forced_step:single-child""}",train_root,,0.0,0,0.0,0.0
1,50,25,25,controller,0,0.0,[],[],[],0.0,[],12,0.0,0.0,"ControllerAction(token_budget=2052, selected_request_ids=[0, 1, 2, 3, 4], token_allocations={0: 1, 1: 1, 2: 1, 3: 1, 4: 2048}, prefill_allocations={4: 2048}, decode_allocations={0: 1, 1: 1, 2: 1, 3: 1}, heuristic='SJF', strategy='Fixed', mapping=None)","{""type"": ""controller"", ""token_budget"": 2052, ""selected_request_ids"": [0, 1, 2, 3, 4], ""token_allocations"": {""0"": 1, ""1"": 1, ""2"": 1, ""3"": 1, ""4"": 2048}, ""prefill_allocations"": {""4"": 2048}, ""decode_allocations"": {""0"": 1, ""1"": 1, ""2"": 1, ""3"": 1}, ""heuristic"": ""SJF"", ""strategy"": ""Fixed"", ""history_phase"": ""multiple-child""}",train_root,,0.0,0,0.0,0.0
1,50,26,26,adversary,0,0.0,[],[],[],0.0,[],0,0.0,0.0,"AdversaryAction(requests=[], stop_decode_ids=[])","{""type"": ""adversary"", ""requests"": [], ""stop_decode_ids"": [], ""history_phase"": ""forced_step:single-child""}",train_root,,0.0,0,0.0,0.0
1,50,27,27,controller,0,0.0,[],[],[],0.0,[],13,0.0,0.0,"ControllerAction(token_budget=2052, selected_request_ids=[0, 1, 2, 3, 4, 5], token_allocations={0: 1, 1: 1, 2: 1, 3: 1, 4: 1024, 5: 1024}, prefill_allocations={4: 1024, 5: 1024}, decode_allocations={0: 1, 1: 1, 2: 1, 3: 1}, heuristic='EDF', strategy='Fixed', mapping=None)","{""type"": ""controller"", ""token_budget"": 2052, ""selected_request_ids"": [0, 1, 2, 3, 4, 5], ""token_allocations"": {""0"": 1, ""1"": 1, ""2"": 1, ""3"": 1, ""4"": 1024, ""5"": 1024}, ""prefill_allocations"": {""4"": 1024, ""5"": 1024}, ""decode_allocations"": {""0"": 1, ""1"": 1, ""2"": 1, ""3"": 1}, ""heuristic"": ""EDF"", ""strategy"": ""Fixed"", ""history_phase"": ""multiple-child""}",train_root,,0.0,0,0.0,0.0
1,50,28,28,adversary,0,0.0,[],[],[],0.0,[],0,0.0,0.0,"AdversaryAction(requests=[], stop_decode_ids=[])","{""type"": ""adversary"", ""requests"": [], ""stop_decode_ids"": [], ""history_phase"": ""forced_step:single-child""}",train_root,,0.0,0,0.0,0.0
1,50,29,29,controller,0,0.0,[],[],[],0.0,[],20,0.0,0.0,"ControllerAction(token_budget=3077, selected_request_ids=[0, 1, 2, 3, 4, 5, 6], token_allocations={0: 1, 1: 1, 2: 1, 3: 1, 4: 1, 5: 2048, 6: 1024}, prefill_allocations={5: 2048, 6: 1024}, decode_allocations={0: 1, 1: 1, 2: 1, 3: 1, 4: 1}, heuristic='SJF', strategy='Fixed', mapping=None)","{""type"": ""controller"", ""token_budget"": 3077, ""selected_request_ids"": [0, 1, 2, 3, 4, 5, 6], ""token_allocations"": {""0"": 1, ""1"": 1, ""2"": 1, ""3"": 1, ""4"": 1, ""5"": 2048, ""6"": 1024}, ""prefill_allocations"": {""5"": 2048, ""6"": 1024}, ""decode_allocations"": {""0"": 1, ""1"": 1, ""2"": 1, ""3"": 1, ""4"": 1}, ""heuristic"": ""SJF"", ""strategy"": ""Fixed"", ""history_phase"": ""multiple-child""}",train_root,,0.0,0,0.0,0.0
1,50,30,30,adversary,0,0.0,[],[],[],0.0,[],0,0.0,0.0,"AdversaryAction(requests=[], stop_decode_ids=[])","{""type"": ""adversary"", ""requests"": [], ""stop_decode_ids"": [], ""history_phase"": ""forced_step:single-child""}",train_root,,0.0,0,0.0,0.0
1,50,31,31,controller,0,0.0,[],[],[],0.0,[],2,0.0,0.0,"ControllerAction(token_budget=518, selected_request_ids=[0, 1, 2, 3, 4, 5, 6], token_allocations={0: 1, 1: 1, 2: 1, 3: 1, 4: 1, 5: 1, 6: 512}, prefill_allocations={6: 512}, decode_allocations={0: 1, 1: 1, 2: 1, 3: 1, 4: 1, 5: 1}, heuristic='LST', strategy='Fixed', mapping=None)","{""type"": ""controller"", ""token_budget"": 518, ""selected_request_ids"": [0, 1, 2, 3, 4, 5, 6], ""token_allocations"": {""0"": 1, ""1"": 1, ""2"": 1, ""3"": 1, ""4"": 1, ""5"": 1, ""6"": 512}, ""prefill_allocations"": {""6"": 512}, ""decode_allocations"": {""0"": 1, ""1"": 1, ""2"": 1, ""3"": 1, ""4"": 1, ""5"": 1}, ""heuristic"": ""LST"", ""strategy"": ""Fixed"", ""history_phase"": ""multiple-child""}",train_root,,0.0,0,0.0,0.0
1,50,32,32,adversary,0,0.0,[],[],[],0.0,[],0,0.0,0.0,"AdversaryAction(requests=[], stop_decode_ids=[])","{""type"": ""adversary"", ""requests"": [], ""stop_decode_ids"": [], ""history_phase"": ""forced_step:single-child""}",train_root,,0.0,0,0.0,0.0
1,50,33,33,controller,0,0.0,[],[],[],0.0,[],7,0.0,0.0,"ControllerAction(token_budget=1030, selected_request_ids=[0, 1, 2, 3, 4, 5, 6], token_allocations={0: 1, 1: 1, 2: 1, 3: 1, 4: 1, 5: 1, 6: 1024}, prefill_allocations={6: 1024}, decode_allocations={0: 1, 1: 1, 2: 1, 3: 1, 4: 1, 5: 1}, heuristic='LJF', strategy='Fixed', mapping=None)","{""type"": ""controller"", ""token_budget"": 1030, ""selected_request_ids"": [0, 1, 2, 3, 4, 5, 6], ""token_allocations"": {""0"": 1, ""1"": 1, ""2"": 1, ""3"": 1, ""4"": 1, ""5"": 1, ""6"": 1024}, ""prefill_allocations"": {""6"": 1024}, ""decode_allocations"": {""0"": 1, ""1"": 1, ""2"": 1, ""3"": 1, ""4"": 1, ""5"": 1}, ""heuristic"": ""LJF"", ""strategy"": ""Fixed"", ""history_phase"": ""multiple-child""}",train_root,,0.0,0,0.0,0.0
1,50,34,34,adversary,0,0.0,[],[],[],0.0,[],0,0.0,0.0,"AdversaryAction(requests=[], stop_decode_ids=[])","{""type"": ""adversary"", ""requests"": [], ""stop_decode_ids"": [], ""history_phase"": ""forced_step:single-child""}",train_root,,0.0,0,0.0,0.0
1,50,35,35,controller,0,0.0,[],[],[],0.0,[],2,0.0,0.0,"ControllerAction(token_budget=518, selected_request_ids=[0, 1, 2, 3, 4, 5, 6], token_allocations={0: 1, 1: 1, 2: 1, 3: 1, 4: 1, 5: 1, 6: 512}, prefill_allocations={6: 512}, decode_allocations={0: 1, 1: 1, 2: 1, 3: 1, 4: 1, 5: 1}, heuristic='LST', strategy='Fixed', mapping=None)","{""type"": ""controller"", ""token_budget"": 518, ""selected_request_ids"": [0, 1, 2, 3, 4, 5, 6], ""token_allocations"": {""0"": 1, ""1"": 1, ""2"": 1, ""3"": 1, ""4"": 1, ""5"": 1, ""6"": 512}, ""prefill_allocations"": {""6"": 512}, ""decode_allocations"": {""0"": 1, ""1"": 1, ""2"": 1, ""3"": 1, ""4"": 1, ""5"": 1}, ""heuristic"": ""LST"", ""strategy"": ""Fixed"", ""history_phase"": ""multiple-child""}",train_root,,0.0,0,0.0,0.0
1,50,36,36,adversary,0,0.0,[],[],[],0.0,[],0,0.0,0.0,"AdversaryAction(requests=[], stop_decode_ids=[])","{""type"": ""adversary"", ""requests"": [], ""stop_decode_ids"": [], ""history_phase"": ""forced_step:single-child""}",train_root,,0.0,0,0.0,0.0
1,50,37,37,controller,0,0.0,[],[],[],0.0,[],0,0.0,0.0,"ControllerAction(token_budget=7, selected_request_ids=[0, 1, 2, 3, 4, 5, 6], token_allocations={0: 1, 1: 1, 2: 1, 3: 1, 4: 1, 5: 1, 6: 1}, prefill_allocations={}, decode_allocations={0: 1, 1: 1, 2: 1, 3: 1, 4: 1, 5: 1, 6: 1}, heuristic='SJF', strategy='Fixed', mapping=None)","{""type"": ""controller"", ""token_budget"": 7, ""selected_request_ids"": [0, 1, 2, 3, 4, 5, 6], ""token_allocations"": {""0"": 1, ""1"": 1, ""2"": 1, ""3"": 1, ""4"": 1, ""5"": 1, ""6"": 1}, ""prefill_allocations"": {}, ""decode_allocations"": {""0"": 1, ""1"": 1, ""2"": 1, ""3"": 1, ""4"": 1, ""5"": 1, ""6"": 1}, ""heuristic"": ""SJF"", ""strategy"": ""Fixed"", ""history_phase"": ""forced_step:single-child""}",train_root,,0.0,0,0.0,0.0
1,50,38,38,adversary,0,0.0,[],[],[],0.0,[],4,0.0,0.0,"AdversaryAction(requests=[AdversaryRequestSpec(prefill_tokens=3072, decode_tokens=5000, prefill_slo=0.3874467952163693, decode_slo=0.05), AdversaryRequestSpec(prefill_tokens=3072, decode_tokens=5000, prefill_slo=0.3874467952163693, decode_slo=0.05), AdversaryRequestSpec(prefill_tokens=3072, decode_tokens=5000, prefill_slo=0.3874467952163693, decode_slo=0.05), AdversaryRequestSpec(prefill_tokens=3072, decode_tokens=5000, prefill_slo=0.3874467952163693, decode_slo=0.05), AdversaryRequestSpec(prefill_tokens=3072, decode_tokens=5000, prefill_slo=0.3874467952163693, decode_slo=0.05)], stop_decode_ids=[])","{""type"": ""adversary"", ""requests"": [{""prefill_tokens"": 3072, ""decode_tokens"": 5000, ""prefill_slo"": 0.3874467952163693, ""decode_slo"": 0.05}, {""prefill_tokens"": 3072, ""decode_tokens"": 5000, ""prefill_slo"": 0.3874467952163693, ""decode_slo"": 0.05}, {""prefill_tokens"": 3072, ""decode_tokens"": 5000, ""prefill_slo"": 0.3874467952163693, ""decode_slo"": 0.05}, {""prefill_tokens"": 3072, ""decode_tokens"": 5000, ""prefill_slo"": 0.3874467952163693, ""decode_slo"": 0.05}, {""prefill_tokens"": 3072, ""decode_tokens"": 5000, ""prefill_slo"": 0.3874467952163693, ""decode_slo"": 0.05}], ""stop_decode_ids"": [], ""history_phase"": ""multiple-child""}",train_root,,0.0,0,0.0,0.0
1,50,39,39,controller,0,0.0,[],[],[],0.0,[],20,0.0,0.0,"ControllerAction(token_budget=3079, selected_request_ids=[0, 1, 2, 3, 4, 5, 6, 7], token_allocations={0: 1, 1: 1, 2: 1, 3: 1, 4: 1, 5: 1, 6: 1, 7: 3072}, prefill_allocations={7: 3072}, decode_allocations={0: 1, 1: 1, 2: 1, 3: 1, 4: 1, 5: 1, 6: 1}, heuristic='SJF', strategy='Fixed', mapping=None)","{""type"": ""controller"", ""token_budget"": 3079, ""selected_request_ids"": [0, 1, 2, 3, 4, 5, 6, 7], ""token_allocations"": {""0"": 1, ""1"": 1, ""2"": 1, ""3"": 1, ""4"": 1, ""5"": 1, ""6"": 1, ""7"": 3072}, ""prefill_allocations"": {""7"": 3072}, ""decode_allocations"": {""0"": 1, ""1"": 1, ""2"": 1, ""3"": 1, ""4"": 1, ""5"": 1, ""6"": 1}, ""heuristic"": ""SJF"", ""strategy"": ""Fixed"", ""history_phase"": ""multiple-child""}",train_root,,0.0,0,0.0,0.0
1,50,40,40,adversary,0,0.0,[],[],[],0.0,[],0,0.0,0.0,"AdversaryAction(requests=[], stop_decode_ids=[])","{""type"": ""adversary"", ""requests"": [], ""stop_decode_ids"": [], ""history_phase"": ""forced_step:single-child""}",train_root,,0.0,0,0.0,0.0
1,50,41,41,controller,0,0.0,[],[],[],0.0,[],9,0.0,0.0,"ControllerAction(token_budget=1544, selected_request_ids=[0, 1, 2, 3, 4, 5, 6, 7, 8], token_allocations={0: 1, 1: 1, 2: 1, 3: 1, 4: 1, 5: 1, 6: 1, 7: 1, 8: 1536}, prefill_allocations={8: 1536}, decode_allocations={0: 1, 1: 1, 2: 1, 3: 1, 4: 1, 5: 1, 6: 1, 7: 1}, heuristic='EDF', strategy='Fixed', mapping=None)","{""type"": ""controller"", ""token_budget"": 1544, ""selected_request_ids"": [0, 1, 2, 3, 4, 5, 6, 7, 8], ""token_allocations"": {""0"": 1, ""1"": 1, ""2"": 1, ""3"": 1, ""4"": 1, ""5"": 1, ""6"": 1, ""7"": 1, ""8"": 1536}, ""prefill_allocations"": {""8"": 1536}, ""decode_allocations"": {""0"": 1, ""1"": 1, ""2"": 1, ""3"": 1, ""4"": 1, ""5"": 1, ""6"": 1, ""7"": 1}, ""heuristic"": ""EDF"", ""strategy"": ""Fixed"", ""history_phase"": ""multiple-child""}",train_root,,0.0,0,0.0,0.0
1,50,42,42,adversary,0,0.0,[],[],[],0.0,[],0,0.0,0.0,"AdversaryAction(requests=[], stop_decode_ids=[])","{""type"": ""adversary"", ""requests"": [], ""stop_decode_ids"": [], ""history_phase"": ""forced_step:single-child""}",train_root,,0.0,0,0.0,0.0
1,50,43,43,controller,0,0.0,[],[],[],0.0,[],16,0.0,0.0,"ControllerAction(token_budget=2568, selected_request_ids=[0, 1, 2, 3, 4, 5, 6, 7, 8, 9], token_allocations={0: 1, 1: 1, 2: 1, 3: 1, 4: 1, 5: 1, 6: 1, 7: 1, 8: 1536, 9: 1024}, prefill_allocations={8: 1536, 9: 1024}, decode_allocations={0: 1, 1: 1, 2: 1, 3: 1, 4: 1, 5: 1, 6: 1, 7: 1}, heuristic='SJF', strategy='Fixed', mapping=None)","{""type"": ""controller"", ""token_budget"": 2568, ""selected_request_ids"": [0, 1, 2, 3, 4, 5, 6, 7, 8, 9], ""token_allocations"": {""0"": 1, ""1"": 1, ""2"": 1, ""3"": 1, ""4"": 1, ""5"": 1, ""6"": 1, ""7"": 1, ""8"": 1536, ""9"": 1024}, ""prefill_allocations"": {""8"": 1536, ""9"": 1024}, ""decode_allocations"": {""0"": 1, ""1"": 1, ""2"": 1, ""3"": 1, ""4"": 1, ""5"": 1, ""6"": 1, ""7"": 1}, ""heuristic"": ""SJF"", ""strategy"": ""Fixed"", ""history_phase"": ""multiple-child""}",train_root,,0.0,0,0.0,0.0
1,50,44,44,adversary,0,0.0,[],[],[],0.0,[],0,0.0,0.0,"AdversaryAction(requests=[], stop_decode_ids=[])","{""type"": ""adversary"", ""requests"": [], ""stop_decode_ids"": [], ""history_phase"": ""forced_step:single-child""}",train_root,,0.0,0,0.0,0.0
1,50,45,45,controller,0,0.0,[],[],[],0.0,[],17,0.0,0.0,"ControllerAction(token_budget=2569, selected_request_ids=[0, 1, 2, 3, 4, 5, 6, 7, 8, 9, 10], token_allocations={0: 1, 1: 1, 2: 1, 3: 1, 4: 1, 5: 1, 6: 1, 7: 1, 8: 1, 9: 2048, 10: 512}, prefill_allocations={9: 2048, 10: 512}, decode_allocations={0: 1, 1: 1, 2: 1, 3: 1, 4: 1, 5: 1, 6: 1, 7: 1, 8: 1}, heuristic='EDF', strategy='Fixed', mapping=None)","{""type"": ""controller"", ""token_budget"": 2569, ""selected_request_ids"": [0, 1, 2, 3, 4, 5, 6, 7, 8, 9, 10], ""token_allocations"": {""0"": 1, ""1"": 1, ""2"": 1, ""3"": 1, ""4"": 1, ""5"": 1, ""6"": 1, ""7"": 1, ""8"": 1, ""9"": 2048, ""10"": 512}, ""prefill_allocations"": {""9"": 2048, ""10"": 512}, ""decode_allocations"": {""0"": 1, ""1"": 1, ""2"": 1, ""3"": 1, ""4"": 1, ""5"": 1, ""6"": 1, ""7"": 1, ""8"": 1}, ""heuristic"": ""EDF"", ""strategy"": ""Fixed"", ""history_phase"": ""multiple-child""}",train_root,,0.0,0,0.0,0.0
1,50,46,46,adversary,0,0.0,[],[],[],0.0,[],0,0.0,0.0,"AdversaryAction(requests=[], stop_decode_ids=[])","{""type"": ""adversary"", ""requests"": [], ""stop_decode_ids"": [], ""history_phase"": ""forced_step:single-child""}",train_root,,0.0,0,0.0,0.0
1,50,47,47,controller,0,0.0,[],[],[],0.0,[],23,0.0,0.0,"ControllerAction(token_budget=3082, selected_request_ids=[0, 1, 2, 3, 4, 5, 6, 7, 8, 9, 11], token_allocations={0: 1, 1: 1, 2: 1, 3: 1, 4: 1, 5: 1, 6: 1, 7: 1, 8: 1, 9: 1, 11: 3072}, prefill_allocations={11: 3072}, decode_allocations={0: 1, 1: 1, 2: 1, 3: 1, 4: 1, 5: 1, 6: 1, 7: 1, 8: 1, 9: 1}, heuristic='LJF', strategy='Fixed', mapping=None)","{""type"": ""controller"", ""token_budget"": 3082, ""selected_request_ids"": [0, 1, 2, 3, 4, 5, 6, 7, 8, 9, 11], ""token_allocations"": {""0"": 1, ""1"": 1, ""2"": 1, ""3"": 1, ""4"": 1, ""5"": 1, ""6"": 1, ""7"": 1, ""8"": 1, ""9"": 1, ""11"": 3072}, ""prefill_allocations"": {""11"": 3072}, ""decode_allocations"": {""0"": 1, ""1"": 1, ""2"": 1, ""3"": 1, ""4"": 1, ""5"": 1, ""6"": 1, ""7"": 1, ""8"": 1, ""9"": 1}, ""heuristic"": ""LJF"", ""strategy"": ""Fixed"", ""history_phase"": ""multiple-child""}",train_root,,0.0,0,0.0,0.0
1,50,48,48,adversary,0,0.0,[],[],[],0.0,[],0,0.0,0.0,"AdversaryAction(requests=[], stop_decode_ids=[])","{""type"": ""adversary"", ""requests"": [], ""stop_decode_ids"": [], ""history_phase"": ""forced_step:single-child""}",train_root,,0.0,0,0.0,0.0
1,50,49,49,controller,0,0.0,[],[],[],0.0,[],8,0.0,0.0,"ControllerAction(token_budget=1547, selected_request_ids=[0, 1, 2, 3, 4, 5, 6, 7, 8, 9, 10, 11], token_allocations={0: 1, 1: 1, 2: 1, 3: 1, 4: 1, 5: 1, 6: 1, 7: 1, 8: 1, 9: 1, 10: 1536, 11: 1}, prefill_allocations={10: 1536}, decode_allocations={0: 1, 1: 1, 2: 1, 3: 1, 4: 1, 5: 1, 6: 1, 7: 1, 8: 1, 9: 1, 11: 1}, heuristic='SJF', strategy='Fixed', mapping=None)","{""type"": ""controller"", ""token_budget"": 1547, ""selected_request_ids"": [0, 1, 2, 3, 4, 5, 6, 7, 8, 9, 10, 11], ""token_allocations"": {""0"": 1, ""1"": 1, ""2"": 1, ""3"": 1, ""4"": 1, ""5"": 1, ""6"": 1, ""7"": 1, ""8"": 1, ""9"": 1, ""10"": 1536, ""11"": 1}, ""prefill_allocations"": {""10"": 1536}, ""decode_allocations"": {""0"": 1, ""1"": 1, ""2"": 1, ""3"": 1, ""4"": 1, ""5"": 1, ""6"": 1, ""7"": 1, ""8"": 1, ""9"": 1, ""11"": 1}, ""heuristic"": ""SJF"", ""strategy"": ""Fixed"", ""history_phase"": ""multiple-child""}",train_root,,0.0,0,0.0,0.0
1,50,50,50,adversary,0,0.0,[],[],[],0.0,[],0,0.0,0.0,"AdversaryAction(requests=[], stop_decode_ids=[])","{""type"": ""adversary"", ""requests"": [], ""stop_decode_ids"": [], ""history_phase"": ""forced_step:single-child""}",train_root,,0.0,0,0.0,0.0
1,50,51,51,controller,0,0.0,[],[],[],0.0,[],3,0.0,0.0,"ControllerAction(token_budget=523, selected_request_ids=[0, 1, 2, 3, 4, 5, 6, 7, 8, 9, 10, 11], token_allocations={0: 1, 1: 1, 2: 1, 3: 1, 4: 1, 5: 1, 6: 1, 7: 1, 8: 1, 9: 1, 10: 512, 11: 1}, prefill_allocations={10: 512}, decode_allocations={0: 1, 1: 1, 2: 1, 3: 1, 4: 1, 5: 1, 6: 1, 7: 1, 8: 1, 9: 1, 11: 1}, heuristic='LJF', strategy='Fixed', mapping=None)","{""type"": ""controller"", ""token_budget"": 523, ""selected_request_ids"": [0, 1, 2, 3, 4, 5, 6, 7, 8, 9, 10, 11], ""token_allocations"": {""0"": 1, ""1"": 1, ""2"": 1, ""3"": 1, ""4"": 1, ""5"": 1, ""6"": 1, ""7"": 1, ""8"": 1, ""9"": 1, ""10"": 512, ""11"": 1}, ""prefill_allocations"": {""10"": 512}, ""decode_allocations"": {""0"": 1, ""1"": 1, ""2"": 1, ""3"": 1, ""4"": 1, ""5"": 1, ""6"": 1, ""7"": 1, ""8"": 1, ""9"": 1, ""11"": 1}, ""heuristic"": ""LJF"", ""strategy"": ""Fixed"", ""history_phase"": ""multiple-child""}",train_root,,0.0,0,0.0,0.0
1,50,52,52,adversary,0,0.0,[],[],[],0.0,[],0,0.0,0.0,"AdversaryAction(requests=[], stop_decode_ids=[])","{""type"": ""adversary"", ""requests"": [], ""stop_decode_ids"": [], ""history_phase"": ""forced_step:single-child""}",train_root,,0.0,0,0.0,0.0
1,50,53,53,controller,0,0.0,[],[],[],0.0,[],2,0.0,0.0,"ControllerAction(token_budget=523, selected_request_ids=[0, 1, 2, 3, 4, 5, 6, 7, 8, 9, 10, 11], token_allocations={0: 1, 1: 1, 2: 1, 3: 1, 4: 1, 5: 1, 6: 1, 7: 1, 8: 1, 9: 1, 10: 512, 11: 1}, prefill_allocations={10: 512}, decode_allocations={0: 1, 1: 1, 2: 1, 3: 1, 4: 1, 5: 1, 6: 1, 7: 1, 8: 1, 9: 1, 11: 1}, heuristic='LST', strategy='Fixed', mapping=None)","{""type"": ""controller"", ""token_budget"": 523, ""selected_request_ids"": [0, 1, 2, 3, 4, 5, 6, 7, 8, 9, 10, 11], ""token_allocations"": {""0"": 1, ""1"": 1, ""2"": 1, ""3"": 1, ""4"": 1, ""5"": 1, ""6"": 1, ""7"": 1, ""8"": 1, ""9"": 1, ""10"": 512, ""11"": 1}, ""prefill_allocations"": {""10"": 512}, ""decode_allocations"": {""0"": 1, ""1"": 1, ""2"": 1, ""3"": 1, ""4"": 1, ""5"": 1, ""6"": 1, ""7"": 1, ""8"": 1, ""9"": 1, ""11"": 1}, ""heuristic"": ""LST"", ""strategy"": ""Fixed"", ""history_phase"": ""multiple-child""}",train_root,,0.0,0,0.0,0.0
1,50,54,54,adversary,0,0.0,[],[],[],0.0,[],0,0.0,0.0,"AdversaryAction(requests=[], stop_decode_ids=[])","{""type"": ""adversary"", ""requests"": [], ""stop_decode_ids"": [], ""history_phase"": ""forced_step:single-child""}",train_root,,0.0,0,0.0,0.0
1,50,55,55,controller,0,0.0,[],[],[],0.0,[],0,0.0,0.0,"ControllerAction(token_budget=12, selected_request_ids=[0, 1, 2, 3, 4, 5, 6, 7, 8, 9, 10, 11], token_allocations={0: 1, 1: 1, 2: 1, 3: 1, 4: 1, 5: 1, 6: 1, 7: 1, 8: 1, 9: 1, 10: 1, 11: 1}, prefill_allocations={}, decode_allocations={0: 1, 1: 1, 2: 1, 3: 1, 4: 1, 5: 1, 6: 1, 7: 1, 8: 1, 9: 1, 10: 1, 11: 1}, heuristic='SJF', strategy='Fixed', mapping=None)","{""type"": ""controller"", ""token_budget"": 12, ""selected_request_ids"": [0, 1, 2, 3, 4, 5, 6, 7, 8, 9, 10, 11], ""token_allocations"": {""0"": 1, ""1"": 1, ""2"": 1, ""3"": 1, ""4"": 1, ""5"": 1, ""6"": 1, ""7"": 1, ""8"": 1, ""9"": 1, ""10"": 1, ""11"": 1}, ""prefill_allocations"": {}, ""decode_allocations"": {""0"": 1, ""1"": 1, ""2"": 1, ""3"": 1, ""4"": 1, ""5"": 1, ""6"": 1, ""7"": 1, ""8"": 1, ""9"": 1, ""10"": 1, ""11"": 1}, ""heuristic"": ""SJF"", ""strategy"": ""Fixed"", ""history_phase"": ""forced_step:single-child""}",train_root,,0.0,0,0.0,0.0
1,50,56,56,adversary,0,0.0,[],[],[],0.0,[],5,0.0,0.0,"AdversaryAction(requests=[AdversaryRequestSpec(prefill_tokens=3072, decode_tokens=5000, prefill_slo=0.3874467952163693, decode_slo=0.05), AdversaryRequestSpec(prefill_tokens=3072, decode_tokens=5000, prefill_slo=0.3874467952163693, decode_slo=0.05), AdversaryRequestSpec(prefill_tokens=3072, decode_tokens=5000, prefill_slo=0.3874467952163693, decode_slo=0.05), AdversaryRequestSpec(prefill_tokens=3072, decode_tokens=5000, prefill_slo=0.3874467952163693, decode_slo=0.05), AdversaryRequestSpec(prefill_tokens=3072, decode_tokens=5000, prefill_slo=0.3874467952163693, decode_slo=0.05), AdversaryRequestSpec(prefill_tokens=3072, decode_tokens=5000, prefill_slo=0.3874467952163693, decode_slo=0.05)], stop_decode_ids=[])","{""type"": ""adversary"", ""requests"": [{""prefill_tokens"": 3072, ""decode_tokens"": 5000, ""prefill_slo"": 0.3874467952163693, ""decode_slo"": 0.05}, {""prefill_tokens"": 3072, ""decode_tokens"": 5000, ""prefill_slo"": 0.3874467952163693, ""decode_slo"": 0.05}, {""prefill_tokens"": 3072, ""decode_tokens"": 5000, ""prefill_slo"": 0.3874467952163693, ""decode_slo"": 0.05}, {""prefill_tokens"": 3072, ""decode_tokens"": 5000, ""prefill_slo"": 0.3874467952163693, ""decode_slo"": 0.05}, {""prefill_tokens"": 3072, ""decode_tokens"": 5000, ""prefill_slo"": 0.3874467952163693, ""decode_slo"": 0.05}, {""prefill_tokens"": 3072, ""decode_tokens"": 5000, ""prefill_slo"": 0.3874467952163693, ""decode_slo"": 0.05}], ""stop_decode_ids"": [], ""history_phase"": ""multiple-child""}",train_root,,0.0,0,0.0,0.0
1,50,57,57,controller,0,0.0,[],[],[],0.0,[],23,0.0,0.0,"ControllerAction(token_budget=3084, selected_request_ids=[0, 1, 2, 3, 4, 5, 6, 7, 8, 9, 10, 11, 12], token_allocations={0: 1, 1: 1, 2: 1, 3: 1, 4: 1, 5: 1, 6: 1, 7: 1, 8: 1, 9: 1, 10: 1, 11: 1, 12: 3072}, prefill_allocations={12: 3072}, decode_allocations={0: 1, 1: 1, 2: 1, 3: 1, 4: 1, 5: 1, 6: 1, 7: 1, 8: 1, 9: 1, 10: 1, 11: 1}, heuristic='LJF', strategy='Fixed', mapping=None)","{""type"": ""controller"", ""token_budget"": 3084, ""selected_request_ids"": [0, 1, 2, 3, 4, 5, 6, 7, 8, 9, 10, 11, 12], ""token_allocations"": {""0"": 1, ""1"": 1, ""2"": 1, ""3"": 1, ""4"": 1, ""5"": 1, ""6"": 1, ""7"": 1, ""8"": 1, ""9"": 1, ""10"": 1, ""11"": 1, ""12"": 3072}, ""prefill_allocations"": {""12"": 3072}, ""decode_allocations"": {""0"": 1, ""1"": 1, ""2"": 1, ""3"": 1, ""4"": 1, ""5"": 1, ""6"": 1, ""7"": 1, ""8"": 1, ""9"": 1, ""10"": 1, ""11"": 1}, ""heuristic"": ""LJF"", ""strategy"": ""Fixed"", ""history_phase"": ""multiple-child""}",train_root,,0.0,0,0.0,0.0
1,50,58,58,adversary,0,0.0,[],[],[],0.0,[],0,0.0,0.0,"AdversaryAction(requests=[], stop_decode_ids=[])","{""type"": ""adversary"", ""requests"": [], ""stop_decode_ids"": [], ""history_phase"": ""forced_step:single-child""}",train_root,,0.0,0,0.0,0.0
1,50,59,59,controller,0,0.0,[],[],[],0.0,[],16,0.0,0.0,"ControllerAction(token_budget=2573, selected_request_ids=[0, 1, 2, 3, 4, 5, 6, 7, 8, 9, 10, 11, 12, 13], token_allocations={0: 1, 1: 1, 2: 1, 3: 1, 4: 1, 5: 1, 6: 1, 7: 1, 8: 1, 9: 1, 10: 1, 11: 1, 12: 1, 13: 2560}, prefill_allocations={13: 2560}, decode_allocations={0: 1, 1: 1, 2: 1, 3: 1, 4: 1, 5: 1, 6: 1, 7: 1, 8: 1, 9: 1, 10: 1, 11: 1, 12: 1}, heuristic='SJF', strategy='Fixed', mapping=None)","{""type"": ""controller"", ""token_budget"": 2573, ""selected_request_ids"": [0, 1, 2, 3, 4, 5, 6, 7, 8, 9, 10, 11, 12, 13], ""token_allocations"": {""0"": 1, ""1"": 1, ""2"": 1, ""3"": 1, ""4"": 1, ""5"": 1, ""6"": 1, ""7"": 1, ""8"": 1, ""9"": 1, ""10"": 1, ""11"": 1, ""12"": 1, ""13"": 2560}, ""prefill_allocations"": {""13"": 2560}, ""decode_allocations"": {""0"": 1, ""1"": 1, ""2"": 1, ""3"": 1, ""4"": 1, ""5"": 1, ""6"": 1, ""7"": 1, ""8"": 1, ""9"": 1, ""10"": 1, ""11"": 1, ""12"": 1}, ""heuristic"": ""SJF"", ""strategy"": ""Fixed"", ""history_phase"": ""multiple-child""}",train_root,,0.0,0,0.0,0.0
1,50,60,60,adversary,0,0.0,[],[],[],0.0,[],0,0.0,0.0,"AdversaryAction(requests=[], stop_decode_ids=[])","{""type"": ""adversary"", ""requests"": [], ""stop_decode_ids"": [], ""history_phase"": ""forced_step:single-child""}",train_root,,0.0,0,0.0,0.0
1,50,61,61,controller,0,0.0,[],[],[],0.0,[],2,0.0,0.0,"ControllerAction(token_budget=525, selected_request_ids=[0, 1, 2, 3, 4, 5, 6, 7, 8, 9, 10, 11, 12, 14], token_allocations={0: 1, 1: 1, 2: 1, 3: 1, 4: 1, 5: 1, 6: 1, 7: 1, 8: 1, 9: 1, 10: 1, 11: 1, 12: 1, 14: 512}, prefill_allocations={14: 512}, decode_allocations={0: 1, 1: 1, 2: 1, 3: 1, 4: 1, 5: 1, 6: 1, 7: 1, 8: 1, 9: 1, 10: 1, 11: 1, 12: 1}, heuristic='LST', strategy='Fixed', mapping=None)","{""type"": ""controller"", ""token_budget"": 525, ""selected_request_ids"": [0, 1, 2, 3, 4, 5, 6, 7, 8, 9, 10, 11, 12, 14], ""token_allocations"": {""0"": 1, ""1"": 1, ""2"": 1, ""3"": 1, ""4"": 1, ""5"": 1, ""6"": 1, ""7"": 1, ""8"": 1, ""9"": 1, ""10"": 1, ""11"": 1, ""12"": 1, ""14"": 512}, ""prefill_allocations"": {""14"": 512}, ""decode_allocations"": {""0"": 1, ""1"": 1, ""2"": 1, ""3"": 1, ""4"": 1, ""5"": 1, ""6"": 1, ""7"": 1, ""8"": 1, ""9"": 1, ""10"": 1, ""11"": 1, ""12"": 1}, ""heuristic"": ""LST"", ""strategy"": ""Fixed"", ""history_phase"": ""multiple-child""}",train_root,,0.0,0,0.0,0.0
1,50,62,62,adversary,0,0.0,[],[],[],0.0,[],0,0.0,0.0,"AdversaryAction(requests=[], stop_decode_ids=[])","{""type"": ""adversary"", ""requests"": [], ""stop_decode_ids"": [], ""history_phase"": ""forced_step:single-child""}",train_root,,0.0,0,0.0,0.0
1,50,63,63,controller,0,0.0,[],[],[],0.0,[],5,0.0,0.0,"ControllerAction(token_budget=1037, selected_request_ids=[0, 1, 2, 3, 4, 5, 6, 7, 8, 9, 10, 11, 12, 13, 14], token_allocations={0: 1, 1: 1, 2: 1, 3: 1, 4: 1, 5: 1, 6: 1, 7: 1, 8: 1, 9: 1, 10: 1, 11: 1, 12: 1, 13: 512, 14: 512}, prefill_allocations={13: 512, 14: 512}, decode_allocations={0: 1, 1: 1, 2: 1, 3: 1, 4: 1, 5: 1, 6: 1, 7: 1, 8: 1, 9: 1, 10: 1, 11: 1, 12: 1}, heuristic='EDF', strategy='Fixed', mapping=None)","{""type"": ""controller"", ""token_budget"": 1037, ""selected_request_ids"": [0, 1, 2, 3, 4, 5, 6, 7, 8, 9, 10, 11, 12, 13, 14], ""token_allocations"": {""0"": 1, ""1"": 1, ""2"": 1, ""3"": 1, ""4"": 1, ""5"": 1, ""6"": 1, ""7"": 1, ""8"": 1, ""9"": 1, ""10"": 1, ""11"": 1, ""12"": 1, ""13"": 512, ""14"": 512}, ""prefill_allocations"": {""13"": 512, ""14"": 512}, ""decode_allocations"": {""0"": 1, ""1"": 1, ""2"": 1, ""3"": 1, ""4"": 1, ""5"": 1, ""6"": 1, ""7"": 1, ""8"": 1, ""9"": 1, ""10"": 1, ""11"": 1, ""12"": 1}, ""heuristic"": ""EDF"", ""strategy"": ""Fixed"", ""history_phase"": ""multiple-child""}",train_root,,0.0,0,0.0,0.0
1,50,64,64,adversary,0,0.0,[],[],[],0.0,[],0,0.0,0.0,"AdversaryAction(requests=[], stop_decode_ids=[])","{""type"": ""adversary"", ""requests"": [], ""stop_decode_ids"": [], ""history_phase"": ""forced_step:single-child""}",train_root,,0.0,0,0.0,0.0
1,50,65,65,controller,0,0.0,[],[],[],0.0,[],6,0.0,0.0,"ControllerAction(token_budget=1038, selected_request_ids=[0, 1, 2, 3, 4, 5, 6, 7, 8, 9, 10, 11, 12, 13, 15], token_allocations={0: 1, 1: 1, 2: 1, 3: 1, 4: 1, 5: 1, 6: 1, 7: 1, 8: 1, 9: 1, 10: 1, 11: 1, 12: 1, 13: 1, 15: 1024}, prefill_allocations={15: 1024}, decode_allocations={0: 1, 1: 1, 2: 1, 3: 1, 4: 1, 5: 1, 6: 1, 7: 1, 8: 1, 9: 1, 10: 1, 11: 1, 12: 1, 13: 1}, heuristic='LST', strategy='Fixed', mapping=None)","{""type"": ""controller"", ""token_budget"": 1038, ""selected_request_ids"": [0, 1, 2, 3, 4, 5, 6, 7, 8, 9, 10, 11, 12, 13, 15], ""token_allocations"": {""0"": 1, ""1"": 1, ""2"": 1, ""3"": 1, ""4"": 1, ""5"": 1, ""6"": 1, ""7"": 1, ""8"": 1, ""9"": 1, ""10"": 1, ""11"": 1, ""12"": 1, ""13"": 1, ""15"": 1024}, ""prefill_allocations"": {""15"": 1024}, ""decode_allocations"": {""0"": 1, ""1"": 1, ""2"": 1, ""3"": 1, ""4"": 1, ""5"": 1, ""6"": 1, ""7"": 1, ""8"": 1, ""9"": 1, ""10"": 1, ""11"": 1, ""12"": 1, ""13"": 1}, ""heuristic"": ""LST"", ""strategy"": ""Fixed"", ""history_phase"": ""multiple-child""}",train_root,,0.0,0,0.0,0.0
1,50,66,66,adversary,0,0.0,[],[],[],0.0,[],0,0.0,0.0,"AdversaryAction(requests=[], stop_decode_ids=[])","{""type"": ""adversary"", ""requests"": [], ""stop_decode_ids"": [], ""history_phase"": ""forced_step:single-child""}",train_root,,0.0,0,0.0,0.0
1,50,67,67,controller,0,0.0,[],[],[],0.0,[],12,0.0,0.0,"ControllerAction(token_budget=2062, selected_request_ids=[0, 1, 2, 3, 4, 5, 6, 7, 8, 9, 10, 11, 12, 13, 14], token_allocations={0: 1, 1: 1, 2: 1, 3: 1, 4: 1, 5: 1, 6: 1, 7: 1, 8: 1, 9: 1, 10: 1, 11: 1, 12: 1, 13: 1, 14: 2048}, prefill_allocations={14: 2048}, decode_allocations={0: 1, 1: 1, 2: 1, 3: 1, 4: 1, 5: 1, 6: 1, 7: 1, 8: 1, 9: 1, 10: 1, 11: 1, 12: 1, 13: 1}, heuristic='SJF', strategy='Fixed', mapping=None)","{""type"": ""controller"", ""token_budget"": 2062, ""selected_request_ids"": [0, 1, 2, 3, 4, 5, 6, 7, 8, 9, 10, 11, 12, 13, 14], ""token_allocations"": {""0"": 1, ""1"": 1, ""2"": 1, ""3"": 1, ""4"": 1, ""5"": 1, ""6"": 1, ""7"": 1, ""8"": 1, ""9"": 1, ""10"": 1, ""11"": 1, ""12"": 1, ""13"": 1, ""14"": 2048}, ""prefill_allocations"": {""14"": 2048}, ""decode_allocations"": {""0"": 1, ""1"": 1, ""2"": 1, ""3"": 1, ""4"": 1, ""5"": 1, ""6"": 1, ""7"": 1, ""8"": 1, ""9"": 1, ""10"": 1, ""11"": 1, ""12"": 1, ""13"": 1}, ""heuristic"": ""SJF"", ""strategy"": ""Fixed"", ""history_phase"": ""multiple-child""}",train_root,,0.0,0,0.0,0.0
1,50,68,68,adversary,0,0.0,[],[],[],0.0,[],0,0.0,0.0,"AdversaryAction(requests=[], stop_decode_ids=[])","{""type"": ""adversary"", ""requests"": [], ""stop_decode_ids"": [], ""history_phase"": ""forced_step:single-child""}",train_root,,0.0,0,0.0,0.0
1,50,69,69,controller,0,0.0,[],[],[],0.0,[],23,0.0,0.0,"ControllerAction(token_budget=3087, selected_request_ids=[0, 1, 2, 3, 4, 5, 6, 7, 8, 9, 10, 11, 12, 13, 14, 16], token_allocations={0: 1, 1: 1, 2: 1, 3: 1, 4: 1, 5: 1, 6: 1, 7: 1, 8: 1, 9: 1, 10: 1, 11: 1, 12: 1, 13: 1, 14: 1, 16: 3072}, prefill_allocations={16: 3072}, decode_allocations={0: 1, 1: 1, 2: 1, 3: 1, 4: 1, 5: 1, 6: 1, 7: 1, 8: 1, 9: 1, 10: 1, 11: 1, 12: 1, 13: 1, 14: 1}, heuristic='LJF', strategy='Fixed', mapping=None)","{""type"": ""controller"", ""token_budget"": 3087, ""selected_request_ids"": [0, 1, 2, 3, 4, 5, 6, 7, 8, 9, 10, 11, 12, 13, 14, 16], ""token_allocations"": {""0"": 1, ""1"": 1, ""2"": 1, ""3"": 1, ""4"": 1, ""5"": 1, ""6"": 1, ""7"": 1, ""8"": 1, ""9"": 1, ""10"": 1, ""11"": 1, ""12"": 1, ""13"": 1, ""14"": 1, ""16"": 3072}, ""prefill_allocations"": {""16"": 3072}, ""decode_allocations"": {""0"": 1, ""1"": 1, ""2"": 1, ""3"": 1, ""4"": 1, ""5"": 1, ""6"": 1, ""7"": 1, ""8"": 1, ""9"": 1, ""10"": 1, ""11"": 1, ""12"": 1, ""13"": 1, ""14"": 1}, ""heuristic"": ""LJF"", ""strategy"": ""Fixed"", ""history_phase"": ""multiple-child""}",train_root,,0.0,0,0.0,0.0
1,50,70,70,adversary,0,0.0,[],[],[],0.0,[],0,0.0,0.0,"AdversaryAction(requests=[], stop_decode_ids=[])","{""type"": ""adversary"", ""requests"": [], ""stop_decode_ids"": [], ""history_phase"": ""forced_step:single-child""}",train_root,,0.0,0,0.0,0.0
1,50,71,71,controller,0,0.0,[],[],[],0.0,[],7,0.0,0.0,"ControllerAction(token_budget=1040, selected_request_ids=[0, 1, 2, 3, 4, 5, 6, 7, 8, 9, 10, 11, 12, 13, 14, 16, 17], token_allocations={0: 1, 1: 1, 2: 1, 3: 1, 4: 1, 5: 1, 6: 1, 7: 1, 8: 1, 9: 1, 10: 1, 11: 1, 12: 1, 13: 1, 14: 1, 16: 1, 17: 1024}, prefill_allocations={17: 1024}, decode_allocations={0: 1, 1: 1, 2: 1, 3: 1, 4: 1, 5: 1, 6: 1, 7: 1, 8: 1, 9: 1, 10: 1, 11: 1, 12: 1, 13: 1, 14: 1, 16: 1}, heuristic='LJF', strategy='Fixed', mapping=None)","{""type"": ""controller"", ""token_budget"": 1040, ""selected_request_ids"": [0, 1, 2, 3, 4, 5, 6, 7, 8, 9, 10, 11, 12, 13, 14, 16, 17], ""token_allocations"": {""0"": 1, ""1"": 1, ""2"": 1, ""3"": 1, ""4"": 1, ""5"": 1, ""6"": 1, ""7"": 1, ""8"": 1, ""9"": 1, ""10"": 1, ""11"": 1, ""12"": 1, ""13"": 1, ""14"": 1, ""16"": 1, ""17"": 1024}, ""prefill_allocations"": {""17"": 1024}, ""decode_allocations"": {""0"": 1, ""1"": 1, ""2"": 1, ""3"": 1, ""4"": 1, ""5"": 1, ""6"": 1, ""7"": 1, ""8"": 1, ""9"": 1, ""10"": 1, ""11"": 1, ""12"": 1, ""13"": 1, ""14"": 1, ""16"": 1}, ""heuristic"": ""LJF"", ""strategy"": ""Fixed"", ""history_phase"": ""multiple-child""}",train_root,,0.0,0,0.0,0.0
1,50,72,72,adversary,0,0.0,[],[],[],0.0,[],0,0.0,0.0,"AdversaryAction(requests=[], stop_decode_ids=[])","{""type"": ""adversary"", ""requests"": [], ""stop_decode_ids"": [], ""history_phase"": ""forced_step:single-child""}",train_root,,0.0,0,0.0,0.0
1,50,73,73,controller,0,0.0,[],[],[],0.0,[],8,0.0,0.0,"ControllerAction(token_budget=1552, selected_request_ids=[0, 1, 2, 3, 4, 5, 6, 7, 8, 9, 10, 11, 12, 13, 14, 15, 16], token_allocations={0: 1, 1: 1, 2: 1, 3: 1, 4: 1, 5: 1, 6: 1, 7: 1, 8: 1, 9: 1, 10: 1, 11: 1, 12: 1, 13: 1, 14: 1, 15: 1536, 16: 1}, prefill_allocations={15: 1536}, decode_allocations={0: 1, 1: 1, 2: 1, 3: 1, 4: 1, 5: 1, 6: 1, 7: 1, 8: 1, 9: 1, 10: 1, 11: 1, 12: 1, 13: 1, 14: 1, 16: 1}, heuristic='SJF', strategy='Fixed', mapping=None)","{""type"": ""controller"", ""token_budget"": 1552, ""selected_request_ids"": [0, 1, 2, 3, 4, 5, 6, 7, 8, 9, 10, 11, 12, 13, 14, 15, 16], ""token_allocations"": {""0"": 1, ""1"": 1, ""2"": 1, ""3"": 1, ""4"": 1, ""5"": 1, ""6"": 1, ""7"": 1, ""8"": 1, ""9"": 1, ""10"": 1, ""11"": 1, ""12"": 1, ""13"": 1, ""14"": 1, ""15"": 1536, ""16"": 1}, ""prefill_allocations"": {""15"": 1536}, ""decode_allocations"": {""0"": 1, ""1"": 1, ""2"": 1, ""3"": 1, ""4"": 1, ""5"": 1, ""6"": 1, ""7"": 1, ""8"": 1, ""9"": 1, ""10"": 1, ""11"": 1, ""12"": 1, ""13"": 1, ""14"": 1, ""16"": 1}, ""heuristic"": ""SJF"", ""strategy"": ""Fixed"", ""history_phase"": ""multiple-child""}",train_root,,0.0,0,0.0,0.0
1,50,74,74,adversary,0,0.0,[],[],[],0.0,[],0,0.0,0.0,"AdversaryAction(requests=[], stop_decode_ids=[])","{""type"": ""adversary"", ""requests"": [], ""stop_decode_ids"": [], ""history_phase"": ""forced_step:single-child""}",train_root,,0.0,0,0.0,0.0
1,50,75,75,controller,0,0.0,[],[],[],0.0,[],14,0.0,0.0,"ControllerAction(token_budget=2064, selected_request_ids=[0, 1, 2, 3, 4, 5, 6, 7, 8, 9, 10, 11, 12, 13, 14, 16, 17], token_allocations={0: 1, 1: 1, 2: 1, 3: 1, 4: 1, 5: 1, 6: 1, 7: 1, 8: 1, 9: 1, 10: 1, 11: 1, 12: 1, 13: 1, 14: 1, 16: 1, 17: 2048}, prefill_allocations={17: 2048}, decode_allocations={0: 1, 1: 1, 2: 1, 3: 1, 4: 1, 5: 1, 6: 1, 7: 1, 8: 1, 9: 1, 10: 1, 11: 1, 12: 1, 13: 1, 14: 1, 16: 1}, heuristic='LST', strategy='Fixed', mapping=None)","{""type"": ""controller"", ""token_budget"": 2064, ""selected_request_ids"": [0, 1, 2, 3, 4, 5, 6, 7, 8, 9, 10, 11, 12, 13, 14, 16, 17], ""token_allocations"": {""0"": 1, ""1"": 1, ""2"": 1, ""3"": 1, ""4"": 1, ""5"": 1, ""6"": 1, ""7"": 1, ""8"": 1, ""9"": 1, ""10"": 1, ""11"": 1, ""12"": 1, ""13"": 1, ""14"": 1, ""16"": 1, ""17"": 2048}, ""prefill_allocations"": {""17"": 2048}, ""decode_allocations"": {""0"": 1, ""1"": 1, ""2"": 1, ""3"": 1, ""4"": 1, ""5"": 1, ""6"": 1, ""7"": 1, ""8"": 1, ""9"": 1, ""10"": 1, ""11"": 1, ""12"": 1, ""13"": 1, ""14"": 1, ""16"": 1}, ""heuristic"": ""LST"", ""strategy"": ""Fixed"", ""history_phase"": ""multiple-child""}",train_root,,0.0,0,0.0,0.0
1,50,76,76,adversary,0,0.0,[],[],[],0.0,[],0,0.0,0.0,"AdversaryAction(requests=[], stop_decode_ids=[])","{""type"": ""adversary"", ""requests"": [], ""stop_decode_ids"": [], ""history_phase"": ""forced_step:single-child""}",train_root,,0.0,0,0.0,0.0
1,50,77,77,controller,0,0.0,[],[],[],0.0,[],2,0.0,0.0,"ControllerAction(token_budget=529, selected_request_ids=[0, 1, 2, 3, 4, 5, 6, 7, 8, 9, 10, 11, 12, 13, 14, 15, 16, 17], token_allocations={0: 1, 1: 1, 2: 1, 3: 1, 4: 1, 5: 1, 6: 1, 7: 1, 8: 1, 9: 1, 10: 1, 11: 1, 12: 1, 13: 1, 14: 1, 15: 512, 16: 1, 17: 1}, prefill_allocations={15: 512}, decode_allocations={0: 1, 1: 1, 2: 1, 3: 1, 4: 1, 5: 1, 6: 1, 7: 1, 8: 1, 9: 1, 10: 1, 11: 1, 12: 1, 13: 1, 14: 1, 16: 1, 17: 1}, heuristic='LST', strategy='Fixed', mapping=None)","{""type"": ""controller"", ""token_budget"": 529, ""selected_request_ids"": [0, 1, 2, 3, 4, 5, 6, 7, 8, 9, 10, 11, 12, 13, 14, 15, 16, 17], ""token_allocations"": {""0"": 1, ""1"": 1, ""2"": 1, ""3"": 1, ""4"": 1, ""5"": 1, ""6"": 1, ""7"": 1, ""8"": 1, ""9"": 1, ""10"": 1, ""11"": 1, ""12"": 1, ""13"": 1, ""14"": 1, ""15"": 512, ""16"": 1, ""17"": 1}, ""prefill_allocations"": {""15"": 512}, ""decode_allocations"": {""0"": 1, ""1"": 1, ""2"": 1, ""3"": 1, ""4"": 1, ""5"": 1, ""6"": 1, ""7"": 1, ""8"": 1, ""9"": 1, ""10"": 1, ""11"": 1, ""12"": 1, ""13"": 1, ""14"": 1, ""16"": 1, ""17"": 1}, ""heuristic"": ""LST"", ""strategy"": ""Fixed"", ""history_phase"": ""multiple-child""}",train_root,,0.0,0,0.0,0.0
1,50,78,78,adversary,0,0.0,[],[],[],0.0,[],0,0.0,0.0,"AdversaryAction(requests=[], stop_decode_ids=[])","{""type"": ""adversary"", ""requests"": [], ""stop_decode_ids"": [], ""history_phase"": ""forced_step:single-child""}",train_root,,0.0,0,0.0,0.0
1,50,79,79,controller,0,0.0,[],[],[],0.0,[],0,0.0,0.0,"ControllerAction(token_budget=18, selected_request_ids=[0, 1, 2, 3, 4, 5, 6, 7, 8, 9, 10, 11, 12, 13, 14, 15, 16, 17], token_allocations={0: 1, 1: 1, 2: 1, 3: 1, 4: 1, 5: 1, 6: 1, 7: 1, 8: 1, 9: 1, 10: 1, 11: 1, 12: 1, 13: 1, 14: 1, 15: 1, 16: 1, 17: 1}, prefill_allocations={}, decode_allocations={0: 1, 1: 1, 2: 1, 3: 1, 4: 1, 5: 1, 6: 1, 7: 1, 8: 1, 9: 1, 10: 1, 11: 1, 12: 1, 13: 1, 14: 1, 15: 1, 16: 1, 17: 1}, heuristic='SJF', strategy='Fixed', mapping=None)","{""type"": ""controller"", ""token_budget"": 18, ""selected_request_ids"": [0, 1, 2, 3, 4, 5, 6, 7, 8, 9, 10, 11, 12, 13, 14, 15, 16, 17], ""token_allocations"": {""0"": 1, ""1"": 1, ""2"": 1, ""3"": 1, ""4"": 1, ""5"": 1, ""6"": 1, ""7"": 1, ""8"": 1, ""9"": 1, ""10"": 1, ""11"": 1, ""12"": 1, ""13"": 1, ""14"": 1, ""15"": 1, ""16"": 1, ""17"": 1}, ""prefill_allocations"": {}, ""decode_allocations"": {""0"": 1, ""1"": 1, ""2"": 1, ""3"": 1, ""4"": 1, ""5"": 1, ""6"": 1, ""7"": 1, ""8"": 1, ""9"": 1, ""10"": 1, ""11"": 1, ""12"": 1, ""13"": 1, ""14"": 1, ""15"": 1, ""16"": 1, ""17"": 1}, ""heuristic"": ""SJF"", ""strategy"": ""Fixed"", ""history_phase"": ""forced_step:single-child""}",train_root,,0.0,0,0.0,0.0
1,50,80,80,adversary,0,0.0,[],[],[],0.0,[],4,0.0,0.0,"AdversaryAction(requests=[AdversaryRequestSpec(prefill_tokens=3072, decode_tokens=5000, prefill_slo=0.3874467952163693, decode_slo=0.05), AdversaryRequestSpec(prefill_tokens=3072, decode_tokens=5000, prefill_slo=0.3874467952163693, decode_slo=0.05), AdversaryRequestSpec(prefill_tokens=3072, decode_tokens=5000, prefill_slo=0.3874467952163693, decode_slo=0.05), AdversaryRequestSpec(prefill_tokens=3072, decode_tokens=5000, prefill_slo=0.3874467952163693, decode_slo=0.05), AdversaryRequestSpec(prefill_tokens=3072, decode_tokens=5000, prefill_slo=0.3874467952163693, decode_slo=0.05)], stop_decode_ids=[])","{""type"": ""adversary"", ""requests"": [{""prefill_tokens"": 3072, ""decode_tokens"": 5000, ""prefill_slo"": 0.3874467952163693, ""decode_slo"": 0.05}, {""prefill_tokens"": 3072, ""decode_tokens"": 5000, ""prefill_slo"": 0.3874467952163693, ""decode_slo"": 0.05}, {""prefill_tokens"": 3072, ""decode_tokens"": 5000, ""prefill_slo"": 0.3874467952163693, ""decode_slo"": 0.05}, {""prefill_tokens"": 3072, ""decode_tokens"": 5000, ""prefill_slo"": 0.3874467952163693, ""decode_slo"": 0.05}, {""prefill_tokens"": 3072, ""decode_tokens"": 5000, ""prefill_slo"": 0.3874467952163693, ""decode_slo"": 0.05}], ""stop_decode_ids"": [], ""history_phase"": ""multiple-child""}",train_root,,0.0,0,0.0,0.0
1,50,81,81,controller,0,0.0,[],[],[],0.0,[],3,0.0,0.0,"ControllerAction(token_budget=530, selected_request_ids=[0, 1, 2, 3, 4, 5, 6, 7, 8, 9, 10, 11, 12, 13, 14, 15, 16, 17, 18], token_allocations={0: 1, 1: 1, 2: 1, 3: 1, 4: 1, 5: 1, 6: 1, 7: 1, 8: 1, 9: 1, 10: 1, 11: 1, 12: 1, 13: 1, 14: 1, 15: 1, 16: 1, 17: 1, 18: 512}, prefill_allocations={18: 512}, decode_allocations={0: 1, 1: 1, 2: 1, 3: 1, 4: 1, 5: 1, 6: 1, 7: 1, 8: 1, 9: 1, 10: 1, 11: 1, 12: 1, 13: 1, 14: 1, 15: 1, 16: 1, 17: 1}, heuristic='LJF', strategy='Fixed', mapping=None)","{""type"": ""controller"", ""token_budget"": 530, ""selected_request_ids"": [0, 1, 2, 3, 4, 5, 6, 7, 8, 9, 10, 11, 12, 13, 14, 15, 16, 17, 18], ""token_allocations"": {""0"": 1, ""1"": 1, ""2"": 1, ""3"": 1, ""4"": 1, ""5"": 1, ""6"": 1, ""7"": 1, ""8"": 1, ""9"": 1, ""10"": 1, ""11"": 1, ""12"": 1, ""13"": 1, ""14"": 1, ""15"": 1, ""16"": 1, ""17"": 1, ""18"": 512}, ""prefill_allocations"": {""18"": 512}, ""decode_allocations"": {""0"": 1, ""1"": 1, ""2"": 1, ""3"": 1, ""4"": 1, ""5"": 1, ""6"": 1, ""7"": 1, ""8"": 1, ""9"": 1, ""10"": 1, ""11"": 1, ""12"": 1, ""13"": 1, ""14"": 1, ""15"": 1, ""16"": 1, ""17"": 1}, ""heuristic"": ""LJF"", ""strategy"": ""Fixed"", ""history_phase"": ""multiple-child""}",train_root,,0.0,0,0.0,0.0
1,50,82,82,adversary,0,0.0,[],[],[],0.0,[],0,0.0,0.0,"AdversaryAction(requests=[], stop_decode_ids=[])","{""type"": ""adversary"", ""requests"": [], ""stop_decode_ids"": [], ""history_phase"": ""forced_step:single-child""}",train_root,,0.0,0,0.0,0.0
1,50,83,83,controller,0,0.0,[],[],[],0.0,[],5,0.0,0.0,"ControllerAction(token_budget=1042, selected_request_ids=[0, 1, 2, 3, 4, 5, 6, 7, 8, 9, 10, 11, 12, 13, 14, 15, 16, 17, 18], token_allocations={0: 1, 1: 1, 2: 1, 3: 1, 4: 1, 5: 1, 6: 1, 7: 1, 8: 1, 9: 1, 10: 1, 11: 1, 12: 1, 13: 1, 14: 1, 15: 1, 16: 1, 17: 1, 18: 1024}, prefill_allocations={18: 1024}, decode_allocations={0: 1, 1: 1, 2: 1, 3: 1, 4: 1, 5: 1, 6: 1, 7: 1, 8: 1, 9: 1, 10: 1, 11: 1, 12: 1, 13: 1, 14: 1, 15: 1, 16: 1, 17: 1}, heuristic='EDF', strategy='Fixed', mapping=None)","{""type"": ""controller"", ""token_budget"": 1042, ""selected_request_ids"": [0, 1, 2, 3, 4, 5, 6, 7, 8, 9, 10, 11, 12, 13, 14, 15, 16, 17, 18], ""token_allocations"": {""0"": 1, ""1"": 1, ""2"": 1, ""3"": 1, ""4"": 1, ""5"": 1, ""6"": 1, ""7"": 1, ""8"": 1, ""9"": 1, ""10"": 1, ""11"": 1, ""12"": 1, ""13"": 1, ""14"": 1, ""15"": 1, ""16"": 1, ""17"": 1, ""18"": 1024}, ""prefill_allocations"": {""18"": 1024}, ""decode_allocations"": {""0"": 1, ""1"": 1, ""2"": 1, ""3"": 1, ""4"": 1, ""5"": 1, ""6"": 1, ""7"": 1, ""8"": 1, ""9"": 1, ""10"": 1, ""11"": 1, ""12"": 1, ""13"": 1, ""14"": 1, ""15"": 1, ""16"": 1, ""17"": 1}, ""heuristic"": ""EDF"", ""strategy"": ""Fixed"", ""history_phase"": ""multiple-child""}",train_root,,0.0,0,0.0,0.0
1,50,84,84,adversary,0,0.0,[],[],[],0.0,[],0,0.0,0.0,"AdversaryAction(requests=[], stop_decode_ids=[])","{""type"": ""adversary"", ""requests"": [], ""stop_decode_ids"": [], ""history_phase"": ""forced_step:single-child""}",train_root,,0.0,0,0.0,0.0
1,50,85,85,controller,0,0.0,[],[],[],0.0,[],11,0.0,0.0,"ControllerAction(token_budget=1554, selected_request_ids=[0, 1, 2, 3, 4, 5, 6, 7, 8, 9, 10, 11, 12, 13, 14, 15, 16, 17, 19], token_allocations={0: 1, 1: 1, 2: 1, 3: 1, 4: 1, 5: 1, 6: 1, 7: 1, 8: 1, 9: 1, 10: 1, 11: 1, 12: 1, 13: 1, 14: 1, 15: 1, 16: 1, 17: 1, 19: 1536}, prefill_allocations={19: 1536}, decode_allocations={0: 1, 1: 1, 2: 1, 3: 1, 4: 1, 5: 1, 6: 1, 7: 1, 8: 1, 9: 1, 10: 1, 11: 1, 12: 1, 13: 1, 14: 1, 15: 1, 16: 1, 17: 1}, heuristic='LJF', strategy='Fixed', mapping=None)","{""type"": ""controller"", ""token_budget"": 1554, ""selected_request_ids"": [0, 1, 2, 3, 4, 5, 6, 7, 8, 9, 10, 11, 12, 13, 14, 15, 16, 17, 19], ""token_allocations"": {""0"": 1, ""1"": 1, ""2"": 1, ""3"": 1, ""4"": 1, ""5"": 1, ""6"": 1, ""7"": 1, ""8"": 1, ""9"": 1, ""10"": 1, ""11"": 1, ""12"": 1, ""13"": 1, ""14"": 1, ""15"": 1, ""16"": 1, ""17"": 1, ""19"": 1536}, ""prefill_allocations"": {""19"": 1536}, ""decode_allocations"": {""0"": 1, ""1"": 1, ""2"": 1, ""3"": 1, ""4"": 1, ""5"": 1, ""6"": 1, ""7"": 1, ""8"": 1, ""9"": 1, ""10"": 1, ""11"": 1, ""12"": 1, ""13"": 1, ""14"": 1, ""15"": 1, ""16"": 1, ""17"": 1}, ""heuristic"": ""LJF"", ""strategy"": ""Fixed"", ""history_phase"": ""multiple-child""}",train_root,,0.0,0,0.0,0.0
1,50,86,86,adversary,0,0.0,[],[],[],0.0,[],0,0.0,0.0,"AdversaryAction(requests=[], stop_decode_ids=[])","{""type"": ""adversary"", ""requests"": [], ""stop_decode_ids"": [], ""history_phase"": ""forced_step:single-child""}",train_root,,0.0,0,0.0,0.0
1,50,87,87,controller,0,0.0,[],[],[],0.0,[],6,0.0,0.0,"ControllerAction(token_budget=1042, selected_request_ids=[0, 1, 2, 3, 4, 5, 6, 7, 8, 9, 10, 11, 12, 13, 14, 15, 16, 17, 20], token_allocations={0: 1, 1: 1, 2: 1, 3: 1, 4: 1, 5: 1, 6: 1, 7: 1, 8: 1, 9: 1, 10: 1, 11: 1, 12: 1, 13: 1, 14: 1, 15: 1, 16: 1, 17: 1, 20: 1024}, prefill_allocations={20: 1024}, decode_allocations={0: 1, 1: 1, 2: 1, 3: 1, 4: 1, 5: 1, 6: 1, 7: 1, 8: 1, 9: 1, 10: 1, 11: 1, 12: 1, 13: 1, 14: 1, 15: 1, 16: 1, 17: 1}, heuristic='LST', strategy='Fixed', mapping=None)","{""type"": ""controller"", ""token_budget"": 1042, ""selected_request_ids"": [0, 1, 2, 3, 4, 5, 6, 7, 8, 9, 10, 11, 12, 13, 14, 15, 16, 17, 20], ""token_allocations"": {""0"": 1, ""1"": 1, ""2"": 1, ""3"": 1, ""4"": 1, ""5"": 1, ""6"": 1, ""7"": 1, ""8"": 1, ""9"": 1, ""10"": 1, ""11"": 1, ""12"": 1, ""13"": 1, ""14"": 1, ""15"": 1, ""16"": 1, ""17"": 1, ""20"": 1024}, ""prefill_allocations"": {""20"": 1024}, ""decode_allocations"": {""0"": 1, ""1"": 1, ""2"": 1, ""3"": 1, ""4"": 1, ""5"": 1, ""6"": 1, ""7"": 1, ""8"": 1, ""9"": 1, ""10"": 1, ""11"": 1, ""12"": 1, ""13"": 1, ""14"": 1, ""15"": 1, ""16"": 1, ""17"": 1}, ""heuristic"": ""LST"", ""strategy"": ""Fixed"", ""history_phase"": ""multiple-child""}",train_root,,0.0,0,0.0,0.0
1,50,88,88,adversary,0,0.0,[],[],[],0.0,[],0,0.0,0.0,"AdversaryAction(requests=[], stop_decode_ids=[])","{""type"": ""adversary"", ""requests"": [], ""stop_decode_ids"": [], ""history_phase"": ""forced_step:single-child""}",train_root,,0.0,0,0.0,0.0
1,50,89,89,controller,0,0.0,[],[],[],0.0,[],20,0.0,0.0,"ControllerAction(token_budget=3090, selected_request_ids=[0, 1, 2, 3, 4, 5, 6, 7, 8, 9, 10, 11, 12, 13, 14, 15, 16, 17, 18, 19], token_allocations={0: 1, 1: 1, 2: 1, 3: 1, 4: 1, 5: 1, 6: 1, 7: 1, 8: 1, 9: 1, 10: 1, 11: 1, 12: 1, 13: 1, 14: 1, 15: 1, 16: 1, 17: 1, 18: 1536, 19: 1536}, prefill_allocations={18: 1536, 19: 1536}, decode_allocations={0: 1, 1: 1, 2: 1, 3: 1, 4: 1, 5: 1, 6: 1, 7: 1, 8: 1, 9: 1, 10: 1, 11: 1, 12: 1, 13: 1, 14: 1, 15: 1, 16: 1, 17: 1}, heuristic='SJF', strategy='Fixed', mapping=None)","{""type"": ""controller"", ""token_budget"": 3090, ""selected_request_ids"": [0, 1, 2, 3, 4, 5, 6, 7, 8, 9, 10, 11, 12, 13, 14, 15, 16, 17, 18, 19], ""token_allocations"": {""0"": 1, ""1"": 1, ""2"": 1, ""3"": 1, ""4"": 1, ""5"": 1, ""6"": 1, ""7"": 1, ""8"": 1, ""9"": 1, ""10"": 1, ""11"": 1, ""12"": 1, ""13"": 1, ""14"": 1, ""15"": 1, ""16"": 1, ""17"": 1, ""18"": 1536, ""19"": 1536}, ""prefill_allocations"": {""18"": 1536, ""19"": 1536}, ""decode_allocations"": {""0"": 1, ""1"": 1, ""2"": 1, ""3"": 1, ""4"": 1, ""5"": 1, ""6"": 1, ""7"": 1, ""8"": 1, ""9"": 1, ""10"": 1, ""11"": 1, ""12"": 1, ""13"": 1, ""14"": 1, ""15"": 1, ""16"": 1, ""17"": 1}, ""heuristic"": ""SJF"", ""strategy"": ""Fixed"", ""history_phase"": ""multiple-child""}",train_root,,0.0,0,0.0,0.0
1,50,90,90,adversary,0,0.0,[],[],[],0.0,[],0,0.0,0.0,"AdversaryAction(requests=[], stop_decode_ids=[])","{""type"": ""adversary"", ""requests"": [], ""stop_decode_ids"": [], ""history_phase"": ""forced_step:single-child""}",train_root,,0.0,0,0.0,0.0
1,50,91,91,controller,0,0.0,[],[],[],0.0,[],18,0.0,0.0,"ControllerAction(token_budget=2580, selected_request_ids=[0, 1, 2, 3, 4, 5, 6, 7, 8, 9, 10, 11, 12, 13, 14, 15, 16, 17, 18, 19, 21], token_allocations={0: 1, 1: 1, 2: 1, 3: 1, 4: 1, 5: 1, 6: 1, 7: 1, 8: 1, 9: 1, 10: 1, 11: 1, 12: 1, 13: 1, 14: 1, 15: 1, 16: 1, 17: 1, 18: 1, 19: 1, 21: 2560}, prefill_allocations={21: 2560}, decode_allocations={0: 1, 1: 1, 2: 1, 3: 1, 4: 1, 5: 1, 6: 1, 7: 1, 8: 1, 9: 1, 10: 1, 11: 1, 12: 1, 13: 1, 14: 1, 15: 1, 16: 1, 17: 1, 18: 1, 19: 1}, heuristic='LST', strategy='Fixed', mapping=None)","{""type"": ""controller"", ""token_budget"": 2580, ""selected_request_ids"": [0, 1, 2, 3, 4, 5, 6, 7, 8, 9, 10, 11, 12, 13, 14, 15, 16, 17, 18, 19, 21], ""token_allocations"": {""0"": 1, ""1"": 1, ""2"": 1, ""3"": 1, ""4"": 1, ""5"": 1, ""6"": 1, ""7"": 1, ""8"": 1, ""9"": 1, ""10"": 1, ""11"": 1, ""12"": 1, ""13"": 1, ""14"": 1, ""15"": 1, ""16"": 1, ""17"": 1, ""18"": 1, ""19"": 1, ""21"": 2560}, ""prefill_allocations"": {""21"": 2560}, ""decode_allocations"": {""0"": 1, ""1"": 1, ""2"": 1, ""3"": 1, ""4"": 1, ""5"": 1, ""6"": 1, ""7"": 1, ""8"": 1, ""9"": 1, ""10"": 1, ""11"": 1, ""12"": 1, ""13"": 1, ""14"": 1, ""15"": 1, ""16"": 1, ""17"": 1, ""18"": 1, ""19"": 1}, ""heuristic"": ""LST"", ""strategy"": ""Fixed"", ""history_phase"": ""multiple-child""}",train_root,,0.0,0,0.0,0.0
1,50,92,92,adversary,0,0.0,[],[],[],0.0,[],0,0.0,0.0,"AdversaryAction(requests=[], stop_decode_ids=[])","{""type"": ""adversary"", ""requests"": [], ""stop_decode_ids"": [], ""history_phase"": ""forced_step:single-child""}",train_root,,0.0,0,0.0,0.0
1,50,93,93,controller,0,0.0,[],[],[],0.0,[],2,0.0,0.0,"ControllerAction(token_budget=532, selected_request_ids=[0, 1, 2, 3, 4, 5, 6, 7, 8, 9, 10, 11, 12, 13, 14, 15, 16, 17, 18, 19, 22], token_allocations={0: 1, 1: 1, 2: 1, 3: 1, 4: 1, 5: 1, 6: 1, 7: 1, 8: 1, 9: 1, 10: 1, 11: 1, 12: 1, 13: 1, 14: 1, 15: 1, 16: 1, 17: 1, 18: 1, 19: 1, 22: 512}, prefill_allocations={22: 512}, decode_allocations={0: 1, 1: 1, 2: 1, 3: 1, 4: 1, 5: 1, 6: 1, 7: 1, 8: 1, 9: 1, 10: 1, 11: 1, 12: 1, 13: 1, 14: 1, 15: 1, 16: 1, 17: 1, 18: 1, 19: 1}, heuristic='LST', strategy='Fixed', mapping=None)","{""type"": ""controller"", ""token_budget"": 532, ""selected_request_ids"": [0, 1, 2, 3, 4, 5, 6, 7, 8, 9, 10, 11, 12, 13, 14, 15, 16, 17, 18, 19, 22], ""token_allocations"": {""0"": 1, ""1"": 1, ""2"": 1, ""3"": 1, ""4"": 1, ""5"": 1, ""6"": 1, ""7"": 1, ""8"": 1, ""9"": 1, ""10"": 1, ""11"": 1, ""12"": 1, ""13"": 1, ""14"": 1, ""15"": 1, ""16"": 1, ""17"": 1, ""18"": 1, ""19"": 1, ""22"": 512}, ""prefill_allocations"": {""22"": 512}, ""decode_allocations"": {""0"": 1, ""1"": 1, ""2"": 1, ""3"": 1, ""4"": 1, ""5"": 1, ""6"": 1, ""7"": 1, ""8"": 1, ""9"": 1, ""10"": 1, ""11"": 1, ""12"": 1, ""13"": 1, ""14"": 1, ""15"": 1, ""16"": 1, ""17"": 1, ""18"": 1, ""19"": 1}, ""heuristic"": ""LST"", ""strategy"": ""Fixed"", ""history_phase"": ""multiple-child""}",train_root,,0.0,0,0.0,0.0
1,50,94,94,adversary,0,0.0,[],[],[],0.0,[],0,0.0,0.0,"AdversaryAction(requests=[], stop_decode_ids=[])","{""type"": ""adversary"", ""requests"": [], ""stop_decode_ids"": [], ""history_phase"": ""forced_step:single-child""}",train_root,,0.0,0,0.0,0.0
1,50,95,95,controller,0,0.0,[],[],[],0.0,[],16,0.0,0.0,"ControllerAction(token_budget=2580, selected_request_ids=[0, 1, 2, 3, 4, 5, 6, 7, 8, 9, 10, 11, 12, 13, 14, 15, 16, 17, 18, 19, 20, 21], token_allocations={0: 1, 1: 1, 2: 1, 3: 1, 4: 1, 5: 1, 6: 1, 7: 1, 8: 1, 9: 1, 10: 1, 11: 1, 12: 1, 13: 1, 14: 1, 15: 1, 16: 1, 17: 1, 18: 1, 19: 1, 20: 2048, 21: 512}, prefill_allocations={20: 2048, 21: 512}, decode_allocations={0: 1, 1: 1, 2: 1, 3: 1, 4: 1, 5: 1, 6: 1, 7: 1, 8: 1, 9: 1, 10: 1, 11: 1, 12: 1, 13: 1, 14: 1, 15: 1, 16: 1, 17: 1, 18: 1, 19: 1}, heuristic='SJF', strategy='Fixed', mapping=None)","{""type"": ""controller"", ""token_budget"": 2580, ""selected_request_ids"": [0, 1, 2, 3, 4, 5, 6, 7, 8, 9, 10, 11, 12, 13, 14, 15, 16, 17, 18, 19, 20, 21], ""token_allocations"": {""0"": 1, ""1"": 1, ""2"": 1, ""3"": 1, ""4"": 1, ""5"": 1, ""6"": 1, ""7"": 1, ""8"": 1, ""9"": 1, ""10"": 1, ""11"": 1, ""12"": 1, ""13"": 1, ""14"": 1, ""15"": 1, ""16"": 1, ""17"": 1, ""18"": 1, ""19"": 1, ""20"": 2048, ""21"": 512}, ""prefill_allocations"": {""20"": 2048, ""21"": 512}, ""decode_allocations"": {""0"": 1, ""1"": 1, ""2"": 1, ""3"": 1, ""4"": 1, ""5"": 1, ""6"": 1, ""7"": 1, ""8"": 1, ""9"": 1, ""10"": 1, ""11"": 1, ""12"": 1, ""13"": 1, ""14"": 1, ""15"": 1, ""16"": 1, ""17"": 1, ""18"": 1, ""19"": 1}, ""heuristic"": ""SJF"", ""strategy"": ""Fixed"", ""history_phase"": ""multiple-child""}",train_root,,0.0,0,0.0,0.0
1,50,96,96,adversary,0,0.0,[],[],[],0.0,[],0,0.0,0.0,"AdversaryAction(requests=[], stop_decode_ids=[])","{""type"": ""adversary"", ""requests"": [], ""stop_decode_ids"": [], ""history_phase"": ""forced_step:single-child""}",train_root,,0.0,0,0.0,0.0
1,50,97,97,controller,0,0.0,[],[],[],0.0,[],16,0.0,0.0,"ControllerAction(token_budget=2582, selected_request_ids=[0, 1, 2, 3, 4, 5, 6, 7, 8, 9, 10, 11, 12, 13, 14, 15, 16, 17, 18, 19, 20, 21, 22], token_allocations={0: 1, 1: 1, 2: 1, 3: 1, 4: 1, 5: 1, 6: 1, 7: 1, 8: 1, 9: 1, 10: 1, 11: 1, 12: 1, 13: 1, 14: 1, 15: 1, 16: 1, 17: 1, 18: 1, 19: 1, 20: 1, 21: 1, 22: 2560}, prefill_allocations={22: 2560}, decode_allocations={0: 1, 1: 1, 2: 1, 3: 1, 4: 1, 5: 1, 6: 1, 7: 1, 8: 1, 9: 1, 10: 1, 11: 1, 12: 1, 13: 1, 14: 1, 15: 1, 16: 1, 17: 1, 18: 1, 19: 1, 20: 1, 21: 1}, heuristic='SJF', strategy='Fixed', mapping=None)","{""type"": ""controller"", ""token_budget"": 2582, ""selected_request_ids"": [0, 1, 2, 3, 4, 5, 6, 7, 8, 9, 10, 11, 12, 13, 14, 15, 16, 17, 18, 19, 20, 21, 22], ""token_allocations"": {""0"": 1, ""1"": 1, ""2"": 1, ""3"": 1, ""4"": 1, ""5"": 1, ""6"": 1, ""7"": 1, ""8"": 1, ""9"": 1, ""10"": 1, ""11"": 1, ""12"": 1, ""13"": 1, ""14"": 1, ""15"": 1, ""16"": 1, ""17"": 1, ""18"": 1, ""19"": 1, ""20"": 1, ""21"": 1, ""22"": 2560}, ""prefill_allocations"": {""22"": 2560}, ""decode_allocations"": {""0"": 1, ""1"": 1, ""2"": 1, ""3"": 1, ""4"": 1, ""5"": 1, ""6"": 1, ""7"": 1, ""8"": 1, ""9"": 1, ""10"": 1, ""11"": 1, ""12"": 1, ""13"": 1, ""14"": 1, ""15"": 1, ""16"": 1, ""17"": 1, ""18"": 1, ""19"": 1, ""20"": 1, ""21"": 1}, ""heuristic"": ""SJF"", ""strategy"": ""Fixed"", ""history_phase"": ""multiple-child""}",train_root,,0.0,0,0.0,0.0
1,50,98,98,adversary,0,0.0,[],[],[],0.0,[],0,0.0,0.0,"AdversaryAction(requests=[], stop_decode_ids=[])","{""type"": ""adversary"", ""requests"": [], ""stop_decode_ids"": [], ""history_phase"": ""forced_step:single-child""}",train_root,,0.0,0,0.0,0.0
1,50,99,99,controller,0,0.0,[],[],[],0.0,[],0,0.0,0.0,"ControllerAction(token_budget=23, selected_request_ids=[0, 1, 2, 3, 4, 5, 6, 7, 8, 9, 10, 11, 12, 13, 14, 15, 16, 17, 18, 19, 20, 21, 22], token_allocations={0: 1, 1: 1, 2: 1, 3: 1, 4: 1, 5: 1, 6: 1, 7: 1, 8: 1, 9: 1, 10: 1, 11: 1, 12: 1, 13: 1, 14: 1, 15: 1, 16: 1, 17: 1, 18: 1, 19: 1, 20: 1, 21: 1, 22: 1}, prefill_allocations={}, decode_allocations={0: 1, 1: 1, 2: 1, 3: 1, 4: 1, 5: 1, 6: 1, 7: 1, 8: 1, 9: 1, 10: 1, 11: 1, 12: 1, 13: 1, 14: 1, 15: 1, 16: 1, 17: 1, 18: 1, 19: 1, 20: 1, 21: 1, 22: 1}, heuristic='SJF', strategy='Fixed', mapping=None)","{""type"": ""controller"", ""token_budget"": 23, ""selected_request_ids"": [0, 1, 2, 3, 4, 5, 6, 7, 8, 9, 10, 11, 12, 13, 14, 15, 16, 17, 18, 19, 20, 21, 22], ""token_allocations"": {""0"": 1, ""1"": 1, ""2"": 1, ""3"": 1, ""4"": 1, ""5"": 1, ""6"": 1, ""7"": 1, ""8"": 1, ""9"": 1, ""10"": 1, ""11"": 1, ""12"": 1, ""13"": 1, ""14"": 1, ""15"": 1, ""16"": 1, ""17"": 1, ""18"": 1, ""19"": 1, ""20"": 1, ""21"": 1, ""22"": 1}, ""prefill_allocations"": {}, ""decode_allocations"": {""0"": 1, ""1"": 1, ""2"": 1, ""3"": 1, ""4"": 1, ""5"": 1, ""6"": 1, ""7"": 1, ""8"": 1, ""9"": 1, ""10"": 1, ""11"": 1, ""12"": 1, ""13"": 1, ""14"": 1, ""15"": 1, ""16"": 1, ""17"": 1, ""18"": 1, ""19"": 1, ""20"": 1, ""21"": 1, ""22"": 1}, ""heuristic"": ""SJF"", ""strategy"": ""Fixed"", ""history_phase"": ""forced_step:single-child""}",train_root,,0.0,0,0.0,0.0
1,50,100,100,adversary,0,0.0,[],[],[],0.0,[],3,0.0,0.0,"AdversaryAction(requests=[AdversaryRequestSpec(prefill_tokens=3072, decode_tokens=5000, prefill_slo=0.3874467952163693, decode_slo=0.05), AdversaryRequestSpec(prefill_tokens=3072, decode_tokens=5000, prefill_slo=0.3874467952163693, decode_slo=0.05), AdversaryRequestSpec(prefill_tokens=3072, decode_tokens=5000, prefill_slo=0.3874467952163693, decode_slo=0.05), AdversaryRequestSpec(prefill_tokens=3072, decode_tokens=5000, prefill_slo=0.3874467952163693, decode_slo=0.05)], stop_decode_ids=[])","{""type"": ""adversary"", ""requests"": [{""prefill_tokens"": 3072, ""decode_tokens"": 5000, ""prefill_slo"": 0.3874467952163693, ""decode_slo"": 0.05}, {""prefill_tokens"": 3072, ""decode_tokens"": 5000, ""prefill_slo"": 0.3874467952163693, ""decode_slo"": 0.05}, {""prefill_tokens"": 3072, ""decode_tokens"": 5000, ""prefill_slo"": 0.3874467952163693, ""decode_slo"": 0.05}, {""prefill_tokens"": 3072, ""decode_tokens"": 5000, ""prefill_slo"": 0.3874467952163693, ""decode_slo"": 0.05}], ""stop_decode_ids"": [], ""history_phase"": ""multiple-child""}",train_root,,0.0,0,0.0,0.0
1,50,101,101,controller,0,0.0,[],[],[],0.0,[],2,0.0,0.0,"ControllerAction(token_budget=535, selected_request_ids=[0, 1, 2, 3, 4, 5, 6, 7, 8, 9, 10, 11, 12, 13, 14, 15, 16, 17, 18, 19, 20, 21, 22, 23], token_allocations={0: 1, 1: 1, 2: 1, 3: 1, 4: 1, 5: 1, 6: 1, 7: 1, 8: 1, 9: 1, 10: 1, 11: 1, 12: 1, 13: 1, 14: 1, 15: 1, 16: 1, 17: 1, 18: 1, 19: 1, 20: 1, 21: 1, 22: 1, 23: 512}, prefill_allocations={23: 512}, decode_allocations={0: 1, 1: 1, 2: 1, 3: 1, 4: 1, 5: 1, 6: 1, 7: 1, 8: 1, 9: 1, 10: 1, 11: 1, 12: 1, 13: 1, 14: 1, 15: 1, 16: 1, 17: 1, 18: 1, 19: 1, 20: 1, 21: 1, 22: 1}, heuristic='LST', strategy='Fixed', mapping=None)","{""type"": ""controller"", ""token_budget"": 535, ""selected_request_ids"": [0, 1, 2, 3, 4, 5, 6, 7, 8, 9, 10, 11, 12, 13, 14, 15, 16, 17, 18, 19, 20, 21, 22, 23], ""token_allocations"": {""0"": 1, ""1"": 1, ""2"": 1, ""3"": 1, ""4"": 1, ""5"": 1, ""6"": 1, ""7"": 1, ""8"": 1, ""9"": 1, ""10"": 1, ""11"": 1, ""12"": 1, ""13"": 1, ""14"": 1, ""15"": 1, ""16"": 1, ""17"": 1, ""18"": 1, ""19"": 1, ""20"": 1, ""21"": 1, ""22"": 1, ""23"": 512}, ""prefill_allocations"": {""23"": 512}, ""decode_allocations"": {""0"": 1, ""1"": 1, ""2"": 1, ""3"": 1, ""4"": 1, ""5"": 1, ""6"": 1, ""7"": 1, ""8"": 1, ""9"": 1, ""10"": 1, ""11"": 1, ""12"": 1, ""13"": 1, ""14"": 1, ""15"": 1, ""16"": 1, ""17"": 1, ""18"": 1, ""19"": 1, ""20"": 1, ""21"": 1, ""22"": 1}, ""heuristic"": ""LST"", ""strategy"": ""Fixed"", ""history_phase"": ""multiple-child""}",train_root,,0.0,0,0.0,0.0
1,50,102,102,adversary,0,0.0,[],[],[],0.0,[],0,0.0,0.0,"AdversaryAction(requests=[], stop_decode_ids=[])","{""type"": ""adversary"", ""requests"": [], ""stop_decode_ids"": [], ""history_phase"": ""forced_step:single-child""}",train_root,,0.0,0,0.0,0.0
1,50,103,103,controller,0,0.0,[],[],[],0.0,[],13,0.0,0.0,"ControllerAction(token_budget=2071, selected_request_ids=[0, 1, 2, 3, 4, 5, 6, 7, 8, 9, 10, 11, 12, 13, 14, 15, 16, 17, 18, 19, 20, 21, 22, 23], token_allocations={0: 1, 1: 1, 2: 1, 3: 1, 4: 1, 5: 1, 6: 1, 7: 1, 8: 1, 9: 1, 10: 1, 11: 1, 12: 1, 13: 1, 14: 1, 15: 1, 16: 1, 17: 1, 18: 1, 19: 1, 20: 1, 21: 1, 22: 1, 23: 2048}, prefill_allocations={23: 2048}, decode_allocations={0: 1, 1: 1, 2: 1, 3: 1, 4: 1, 5: 1, 6: 1, 7: 1, 8: 1, 9: 1, 10: 1, 11: 1, 12: 1, 13: 1, 14: 1, 15: 1, 16: 1, 17: 1, 18: 1, 19: 1, 20: 1, 21: 1, 22: 1}, heuristic='EDF', strategy='Fixed', mapping=None)","{""type"": ""controller"", ""token_budget"": 2071, ""selected_request_ids"": [0, 1, 2, 3, 4, 5, 6, 7, 8, 9, 10, 11, 12, 13, 14, 15, 16, 17, 18, 19, 20, 21, 22, 23], ""token_allocations"": {""0"": 1, ""1"": 1, ""2"": 1, ""3"": 1, ""4"": 1, ""5"": 1, ""6"": 1, ""7"": 1, ""8"": 1, ""9"": 1, ""10"": 1, ""11"": 1, ""12"": 1, ""13"": 1, ""14"": 1, ""15"": 1, ""16"": 1, ""17"": 1, ""18"": 1, ""19"": 1, ""20"": 1, ""21"": 1, ""22"": 1, ""23"": 2048}, ""prefill_allocations"": {""23"": 2048}, ""decode_allocations"": {""0"": 1, ""1"": 1, ""2"": 1, ""3"": 1, ""4"": 1, ""5"": 1, ""6"": 1, ""7"": 1, ""8"": 1, ""9"": 1, ""10"": 1, ""11"": 1, ""12"": 1, ""13"": 1, ""14"": 1, ""15"": 1, ""16"": 1, ""17"": 1, ""18"": 1, ""19"": 1, ""20"": 1, ""21"": 1, ""22"": 1}, ""heuristic"": ""EDF"", ""strategy"": ""Fixed"", ""history_phase"": ""multiple-child""}",train_root,,0.0,0,0.0,0.0
1,50,104,104,adversary,0,0.0,[],[],[],0.0,[],0,0.0,0.0,"AdversaryAction(requests=[], stop_decode_ids=[])","{""type"": ""adversary"", ""requests"": [], ""stop_decode_ids"": [], ""history_phase"": ""forced_step:single-child""}",train_root,,0.0,0,0.0,0.0
1,50,105,105,controller,0,0.0,[],[],[],0.0,[],22,0.0,0.0,"ControllerAction(token_budget=3095, selected_request_ids=[0, 1, 2, 3, 4, 5, 6, 7, 8, 9, 10, 11, 12, 13, 14, 15, 16, 17, 18, 19, 20, 21, 22, 24], token_allocations={0: 1, 1: 1, 2: 1, 3: 1, 4: 1, 5: 1, 6: 1, 7: 1, 8: 1, 9: 1, 10: 1, 11: 1, 12: 1, 13: 1, 14: 1, 15: 1, 16: 1, 17: 1, 18: 1, 19: 1, 20: 1, 21: 1, 22: 1, 24: 3072}, prefill_allocations={24: 3072}, decode_allocations={0: 1, 1: 1, 2: 1, 3: 1, 4: 1, 5: 1, 6: 1, 7: 1, 8: 1, 9: 1, 10: 1, 11: 1, 12: 1, 13: 1, 14: 1, 15: 1, 16: 1, 17: 1, 18: 1, 19: 1, 20: 1, 21: 1, 22: 1}, heuristic='LST', strategy='Fixed', mapping=None)","{""type"": ""controller"", ""token_budget"": 3095, ""selected_request_ids"": [0, 1, 2, 3, 4, 5, 6, 7, 8, 9, 10, 11, 12, 13, 14, 15, 16, 17, 18, 19, 20, 21, 22, 24], ""token_allocations"": {""0"": 1, ""1"": 1, ""2"": 1, ""3"": 1, ""4"": 1, ""5"": 1, ""6"": 1, ""7"": 1, ""8"": 1, ""9"": 1, ""10"": 1, ""11"": 1, ""12"": 1, ""13"": 1, ""14"": 1, ""15"": 1, ""16"": 1, ""17"": 1, ""18"": 1, ""19"": 1, ""20"": 1, ""21"": 1, ""22"": 1, ""24"": 3072}, ""prefill_allocations"": {""24"": 3072}, ""decode_allocations"": {""0"": 1, ""1"": 1, ""2"": 1, ""3"": 1, ""4"": 1, ""5"": 1, ""6"": 1, ""7"": 1, ""8"": 1, ""9"": 1, ""10"": 1, ""11"": 1, ""12"": 1, ""13"": 1, ""14"": 1, ""15"": 1, ""16"": 1, ""17"": 1, ""18"": 1, ""19"": 1, ""20"": 1, ""21"": 1, ""22"": 1}, ""heuristic"": ""LST"", ""strategy"": ""Fixed"", ""history_phase"": ""multiple-child""}",train_root,,0.0,0,0.0,0.0
1,50,106,106,adversary,0,0.0,[],[],[],0.0,[],0,0.0,0.0,"AdversaryAction(requests=[], stop_decode_ids=[])","{""type"": ""adversary"", ""requests"": [], ""stop_decode_ids"": [], ""history_phase"": ""forced_step:single-child""}",train_root,,0.0,0,0.0,0.0
1,50,107,107,controller,0,0.0,[],[],[],0.0,[],22,0.0,0.0,"ControllerAction(token_budget=3096, selected_request_ids=[0, 1, 2, 3, 4, 5, 6, 7, 8, 9, 10, 11, 12, 13, 14, 15, 16, 17, 18, 19, 20, 21, 22, 24, 25], token_allocations={0: 1, 1: 1, 2: 1, 3: 1, 4: 1, 5: 1, 6: 1, 7: 1, 8: 1, 9: 1, 10: 1, 11: 1, 12: 1, 13: 1, 14: 1, 15: 1, 16: 1, 17: 1, 18: 1, 19: 1, 20: 1, 21: 1, 22: 1, 24: 1, 25: 3072}, prefill_allocations={25: 3072}, decode_allocations={0: 1, 1: 1, 2: 1, 3: 1, 4: 1, 5: 1, 6: 1, 7: 1, 8: 1, 9: 1, 10: 1, 11: 1, 12: 1, 13: 1, 14: 1, 15: 1, 16: 1, 17: 1, 18: 1, 19: 1, 20: 1, 21: 1, 22: 1, 24: 1}, heuristic='LST', strategy='Fixed', mapping=None)","{""type"": ""controller"", ""token_budget"": 3096, ""selected_request_ids"": [0, 1, 2, 3, 4, 5, 6, 7, 8, 9, 10, 11, 12, 13, 14, 15, 16, 17, 18, 19, 20, 21, 22, 24, 25], ""token_allocations"": {""0"": 1, ""1"": 1, ""2"": 1, ""3"": 1, ""4"": 1, ""5"": 1, ""6"": 1, ""7"": 1, ""8"": 1, ""9"": 1, ""10"": 1, ""11"": 1, ""12"": 1, ""13"": 1, ""14"": 1, ""15"": 1, ""16"": 1, ""17"": 1, ""18"": 1, ""19"": 1, ""20"": 1, ""21"": 1, ""22"": 1, ""24"": 1, ""25"": 3072}, ""prefill_allocations"": {""25"": 3072}, ""decode_allocations"": {""0"": 1, ""1"": 1, ""2"": 1, ""3"": 1, ""4"": 1, ""5"": 1, ""6"": 1, ""7"": 1, ""8"": 1, ""9"": 1, ""10"": 1, ""11"": 1, ""12"": 1, ""13"": 1, ""14"": 1, ""15"": 1, ""16"": 1, ""17"": 1, ""18"": 1, ""19"": 1, ""20"": 1, ""21"": 1, ""22"": 1, ""24"": 1}, ""heuristic"": ""LST"", ""strategy"": ""Fixed"", ""history_phase"": ""multiple-child""}",train_root,,0.0,0,0.0,0.0
1,50,108,108,adversary,0,0.0,[],[],[],0.0,[],0,0.0,0.0,"AdversaryAction(requests=[], stop_decode_ids=[])","{""type"": ""adversary"", ""requests"": [], ""stop_decode_ids"": [], ""history_phase"": ""forced_step:single-child""}",train_root,,0.0,0,0.0,0.0
1,50,109,109,controller,0,0.0,[],[],[],0.0,[],8,0.0,0.0,"ControllerAction(token_budget=1561, selected_request_ids=[0, 1, 2, 3, 4, 5, 6, 7, 8, 9, 10, 11, 12, 13, 14, 15, 16, 17, 18, 19, 20, 21, 22, 23, 24, 25, 26], token_allocations={0: 1, 1: 1, 2: 1, 3: 1, 4: 1, 5: 1, 6: 1, 7: 1, 8: 1, 9: 1, 10: 1, 11: 1, 12: 1, 13: 1, 14: 1, 15: 1, 16: 1, 17: 1, 18: 1, 19: 1, 20: 1, 21: 1, 22: 1, 23: 512, 24: 1, 25: 1, 26: 1024}, prefill_allocations={23: 512, 26: 1024}, decode_allocations={0: 1, 1: 1, 2: 1, 3: 1, 4: 1, 5: 1, 6: 1, 7: 1, 8: 1, 9: 1, 10: 1, 11: 1, 12: 1, 13: 1, 14: 1, 15: 1, 16: 1, 17: 1, 18: 1, 19: 1, 20: 1, 21: 1, 22: 1, 24: 1, 25: 1}, heuristic='SJF', strategy='Fixed', mapping=None)","{""type"": ""controller"", ""token_budget"": 1561, ""selected_request_ids"": [0, 1, 2, 3, 4, 5, 6, 7, 8, 9, 10, 11, 12, 13, 14, 15, 16, 17, 18, 19, 20, 21, 22, 23, 24, 25, 26], ""token_allocations"": {""0"": 1, ""1"": 1, ""2"": 1, ""3"": 1, ""4"": 1, ""5"": 1, ""6"": 1, ""7"": 1, ""8"": 1, ""9"": 1, ""10"": 1, ""11"": 1, ""12"": 1, ""13"": 1, ""14"": 1, ""15"": 1, ""16"": 1, ""17"": 1, ""18"": 1, ""19"": 1, ""20"": 1, ""21"": 1, ""22"": 1, ""23"": 512, ""24"": 1, ""25"": 1, ""26"": 1024}, ""prefill_allocations"": {""23"": 512, ""26"": 1024}, ""decode_allocations"": {""0"": 1, ""1"": 1, ""2"": 1, ""3"": 1, ""4"": 1, ""5"": 1, ""6"": 1, ""7"": 1, ""8"": 1, ""9"": 1, ""10"": 1, ""11"": 1, ""12"": 1, ""13"": 1, ""14"": 1, ""15"": 1, ""16"": 1, ""17"": 1, ""18"": 1, ""19"": 1, ""20"": 1, ""21"": 1, ""22"": 1, ""24"": 1, ""25"": 1}, ""heuristic"": ""SJF"", ""strategy"": ""Fixed"", ""history_phase"": ""multiple-child""}",train_root,,0.0,0,0.0,0.0
1,50,110,110,adversary,0,0.0,[],[],[],0.0,[],0,0.0,0.0,"AdversaryAction(requests=[], stop_decode_ids=[])","{""type"": ""adversary"", ""requests"": [], ""stop_decode_ids"": [], ""history_phase"": ""forced_step:single-child""}",train_root,,0.0,0,0.0,0.0
1,50,111,111,controller,0,0.0,[],[],[],0.0,[],14,0.0,0.0,"ControllerAction(token_budget=2074, selected_request_ids=[0, 1, 2, 3, 4, 5, 6, 7, 8, 9, 10, 11, 12, 13, 14, 15, 16, 17, 18, 19, 20, 21, 22, 23, 24, 25, 26], token_allocations={0: 1, 1: 1, 2: 1, 3: 1, 4: 1, 5: 1, 6: 1, 7: 1, 8: 1, 9: 1, 10: 1, 11: 1, 12: 1, 13: 1, 14: 1, 15: 1, 16: 1, 17: 1, 18: 1, 19: 1, 20: 1, 21: 1, 22: 1, 23: 1, 24: 1, 25: 1, 26: 2048}, prefill_allocations={26: 2048}, decode_allocations={0: 1, 1: 1, 2: 1, 3: 1, 4: 1, 5: 1, 6: 1, 7: 1, 8: 1, 9: 1, 10: 1, 11: 1, 12: 1, 13: 1, 14: 1, 15: 1, 16: 1, 17: 1, 18: 1, 19: 1, 20: 1, 21: 1, 22: 1, 23: 1, 24: 1, 25: 1}, heuristic='LST', strategy='Fixed', mapping=None)","{""type"": ""controller"", ""token_budget"": 2074, ""selected_request_ids"": [0, 1, 2, 3, 4, 5, 6, 7, 8, 9, 10, 11, 12, 13, 14, 15, 16, 17, 18, 19, 20, 21, 22, 23, 24, 25, 26], ""token_allocations"": {""0"": 1, ""1"": 1, ""2"": 1, ""3"": 1, ""4"": 1, ""5"": 1, ""6"": 1, ""7"": 1, ""8"": 1, ""9"": 1, ""10"": 1, ""11"": 1, ""12"": 1, ""13"": 1, ""14"": 1, ""15"": 1, ""16"": 1, ""17"": 1, ""18"": 1, ""19"": 1, ""20"": 1, ""21"": 1, ""22"": 1, ""23"": 1, ""24"": 1, ""25"": 1, ""26"": 2048}, ""prefill_allocations"": {""26"": 2048}, ""decode_allocations"": {""0"": 1, ""1"": 1, ""2"": 1, ""3"": 1, ""4"": 1, ""5"": 1, ""6"": 1, ""7"": 1, ""8"": 1, ""9"": 1, ""10"": 1, ""11"": 1, ""12"": 1, ""13"": 1, ""14"": 1, ""15"": 1, ""16"": 1, ""17"": 1, ""18"": 1, ""19"": 1, ""20"": 1, ""21"": 1, ""22"": 1, ""23"": 1, ""24"": 1, ""25"": 1}, ""heuristic"": ""LST"", ""strategy"": ""Fixed"", ""history_phase"": ""multiple-child""}",train_root,,0.0,0,0.0,0.0
1,50,112,112,adversary,0,0.0,[],[],[],0.0,[],0,0.0,0.0,"AdversaryAction(requests=[], stop_decode_ids=[])","{""type"": ""adversary"", ""requests"": [], ""stop_decode_ids"": [], ""history_phase"": ""forced_step:single-child""}",train_root,,0.0,0,0.0,0.0
1,50,113,113,controller,0,0.0,[],[],[],0.0,[],0,0.0,0.0,"ControllerAction(token_budget=27, selected_request_ids=[0, 1, 2, 3, 4, 5, 6, 7, 8, 9, 10, 11, 12, 13, 14, 15, 16, 17, 18, 19, 20, 21, 22, 23, 24, 25, 26], token_allocations={0: 1, 1: 1, 2: 1, 3: 1, 4: 1, 5: 1, 6: 1, 7: 1, 8: 1, 9: 1, 10: 1, 11: 1, 12: 1, 13: 1, 14: 1, 15: 1, 16: 1, 17: 1, 18: 1, 19: 1, 20: 1, 21: 1, 22: 1, 23: 1, 24: 1, 25: 1, 26: 1}, prefill_allocations={}, decode_allocations={0: 1, 1: 1, 2: 1, 3: 1, 4: 1, 5: 1, 6: 1, 7: 1, 8: 1, 9: 1, 10: 1, 11: 1, 12: 1, 13: 1, 14: 1, 15: 1, 16: 1, 17: 1, 18: 1, 19: 1, 20: 1, 21: 1, 22: 1, 23: 1, 24: 1, 25: 1, 26: 1}, heuristic='SJF', strategy='Fixed', mapping=None)","{""type"": ""controller"", ""token_budget"": 27, ""selected_request_ids"": [0, 1, 2, 3, 4, 5, 6, 7, 8, 9, 10, 11, 12, 13, 14, 15, 16, 17, 18, 19, 20, 21, 22, 23, 24, 25, 26], ""token_allocations"": {""0"": 1, ""1"": 1, ""2"": 1, ""3"": 1, ""4"": 1, ""5"": 1, ""6"": 1, ""7"": 1, ""8"": 1, ""9"": 1, ""10"": 1, ""11"": 1, ""12"": 1, ""13"": 1, ""14"": 1, ""15"": 1, ""16"": 1, ""17"": 1, ""18"": 1, ""19"": 1, ""20"": 1, ""21"": 1, ""22"": 1, ""23"": 1, ""24"": 1, ""25"": 1, ""26"": 1}, ""prefill_allocations"": {}, ""decode_allocations"": {""0"": 1, ""1"": 1, ""2"": 1, ""3"": 1, ""4"": 1, ""5"": 1, ""6"": 1, ""7"": 1, ""8"": 1, ""9"": 1, ""10"": 1, ""11"": 1, ""12"": 1, ""13"": 1, ""14"": 1, ""15"": 1, ""16"": 1, ""17"": 1, ""18"": 1, ""19"": 1, ""20"": 1, ""21"": 1, ""22"": 1, ""23"": 1, ""24"": 1, ""25"": 1, ""26"": 1}, ""heuristic"": ""SJF"", ""strategy"": ""Fixed"", ""history_phase"": ""forced_step:single-child""}",train_root,,0.0,0,0.0,0.0
1,50,114,114,adversary,0,0.0,[],[],[],0.0,[],5,0.0,0.0,"AdversaryAction(requests=[AdversaryRequestSpec(prefill_tokens=3072, decode_tokens=5000, prefill_slo=0.3874467952163693, decode_slo=0.05), AdversaryRequestSpec(prefill_tokens=3072, decode_tokens=5000, prefill_slo=0.3874467952163693, decode_slo=0.05), AdversaryRequestSpec(prefill_tokens=3072, decode_tokens=5000, prefill_slo=0.3874467952163693, decode_slo=0.05), AdversaryRequestSpec(prefill_tokens=3072, decode_tokens=5000, prefill_slo=0.3874467952163693, decode_slo=0.05), AdversaryRequestSpec(prefill_tokens=3072, decode_tokens=5000, prefill_slo=0.3874467952163693, decode_slo=0.05), AdversaryRequestSpec(prefill_tokens=3072, decode_tokens=5000, prefill_slo=0.3874467952163693, decode_slo=0.05)], stop_decode_ids=[])","{""type"": ""adversary"", ""requests"": [{""prefill_tokens"": 3072, ""decode_tokens"": 5000, ""prefill_slo"": 0.3874467952163693, ""decode_slo"": 0.05}, {""prefill_tokens"": 3072, ""decode_tokens"": 5000, ""prefill_slo"": 0.3874467952163693, ""decode_slo"": 0.05}, {""prefill_tokens"": 3072, ""decode_tokens"": 5000, ""prefill_slo"": 0.3874467952163693, ""decode_slo"": 0.05}, {""prefill_tokens"": 3072, ""decode_tokens"": 5000, ""prefill_slo"": 0.3874467952163693, ""decode_slo"": 0.05}, {""prefill_tokens"": 3072, ""decode_tokens"": 5000, ""prefill_slo"": 0.3874467952163693, ""decode_slo"": 0.05}, {""prefill_tokens"": 3072, ""decode_tokens"": 5000, ""prefill_slo"": 0.3874467952163693, ""decode_slo"": 0.05}], ""stop_decode_ids"": [], ""history_phase"": ""multiple-child""}",train_root,,0.0,0,0.0,0.0
1,50,115,115,controller,0,0.0,[],[],[],0.0,[],17,0.0,0.0,"ControllerAction(token_budget=2587, selected_request_ids=[0, 1, 2, 3, 4, 5, 6, 7, 8, 9, 10, 11, 12, 13, 14, 15, 16, 17, 18, 19, 20, 21, 22, 23, 24, 25, 26, 27], token_allocations={0: 1, 1: 1, 2: 1, 3: 1, 4: 1, 5: 1, 6: 1, 7: 1, 8: 1, 9: 1, 10: 1, 11: 1, 12: 1, 13: 1, 14: 1, 15: 1, 16: 1, 17: 1, 18: 1, 19: 1, 20: 1, 21: 1, 22: 1, 23: 1, 24: 1, 25: 1, 26: 1, 27: 2560}, prefill_allocations={27: 2560}, decode_allocations={0: 1, 1: 1, 2: 1, 3: 1, 4: 1, 5: 1, 6: 1, 7: 1, 8: 1, 9: 1, 10: 1, 11: 1, 12: 1, 13: 1, 14: 1, 15: 1, 16: 1, 17: 1, 18: 1, 19: 1, 20: 1, 21: 1, 22: 1, 23: 1, 24: 1, 25: 1, 26: 1}, heuristic='EDF', strategy='Fixed', mapping=None)","{""type"": ""controller"", ""token_budget"": 2587, ""selected_request_ids"": [0, 1, 2, 3, 4, 5, 6, 7, 8, 9, 10, 11, 12, 13, 14, 15, 16, 17, 18, 19, 20, 21, 22, 23, 24, 25, 26, 27], ""token_allocations"": {""0"": 1, ""1"": 1, ""2"": 1, ""3"": 1, ""4"": 1, ""5"": 1, ""6"": 1, ""7"": 1, ""8"": 1, ""9"": 1, ""10"": 1, ""11"": 1, ""12"": 1, ""13"": 1, ""14"": 1, ""15"": 1, ""16"": 1, ""17"": 1, ""18"": 1, ""19"": 1, ""20"": 1, ""21"": 1, ""22"": 1, ""23"": 1, ""24"": 1, ""25"": 1, ""26"": 1, ""27"": 2560}, ""prefill_allocations"": {""27"": 2560}, ""decode_allocations"": {""0"": 1, ""1"": 1, ""2"": 1, ""3"": 1, ""4"": 1, ""5"": 1, ""6"": 1, ""7"": 1, ""8"": 1, ""9"": 1, ""10"": 1, ""11"": 1, ""12"": 1, ""13"": 1, ""14"": 1, ""15"": 1, ""16"": 1, ""17"": 1, ""18"": 1, ""19"": 1, ""20"": 1, ""21"": 1, ""22"": 1, ""23"": 1, ""24"": 1, ""25"": 1, ""26"": 1}, ""heuristic"": ""EDF"", ""strategy"": ""Fixed"", ""history_phase"": ""multiple-child""}",train_root,,0.0,0,0.0,0.0
1,50,116,116,adversary,0,0.0,[],[],[],0.0,[],0,0.0,0.0,"AdversaryAction(requests=[], stop_decode_ids=[])","{""type"": ""adversary"", ""requests"": [], ""stop_decode_ids"": [], ""history_phase"": ""forced_step:single-child""}",train_root,,0.0,0,0.0,0.0
1,50,117,117,controller,0,0.0,[],[],[],0.0,[],2,0.0,0.0,"ControllerAction(token_budget=539, selected_request_ids=[0, 1, 2, 3, 4, 5, 6, 7, 8, 9, 10, 11, 12, 13, 14, 15, 16, 17, 18, 19, 20, 21, 22, 23, 24, 25, 26, 28], token_allocations={0: 1, 1: 1, 2: 1, 3: 1, 4: 1, 5: 1, 6: 1, 7: 1, 8: 1, 9: 1, 10: 1, 11: 1, 12: 1, 13: 1, 14: 1, 15: 1, 16: 1, 17: 1, 18: 1, 19: 1, 20: 1, 21: 1, 22: 1, 23: 1, 24: 1, 25: 1, 26: 1, 28: 512}, prefill_allocations={28: 512}, decode_allocations={0: 1, 1: 1, 2: 1, 3: 1, 4: 1, 5: 1, 6: 1, 7: 1, 8: 1, 9: 1, 10: 1, 11: 1, 12: 1, 13: 1, 14: 1, 15: 1, 16: 1, 17: 1, 18: 1, 19: 1, 20: 1, 21: 1, 22: 1, 23: 1, 24: 1, 25: 1, 26: 1}, heuristic='LST', strategy='Fixed', mapping=None)","{""type"": ""controller"", ""token_budget"": 539, ""selected_request_ids"": [0, 1, 2, 3, 4, 5, 6, 7, 8, 9, 10, 11, 12, 13, 14, 15, 16, 17, 18, 19, 20, 21, 22, 23, 24, 25, 26, 28], ""token_allocations"": {""0"": 1, ""1"": 1, ""2"": 1, ""3"": 1, ""4"": 1, ""5"": 1, ""6"": 1, ""7"": 1, ""8"": 1, ""9"": 1, ""10"": 1, ""11"": 1, ""12"": 1, ""13"": 1, ""14"": 1, ""15"": 1, ""16"": 1, ""17"": 1, ""18"": 1, ""19"": 1, ""20"": 1, ""21"": 1, ""22"": 1, ""23"": 1, ""24"": 1, ""25"": 1, ""26"": 1, ""28"": 512}, ""prefill_allocations"": {""28"": 512}, ""decode_allocations"": {""0"": 1, ""1"": 1, ""2"": 1, ""3"": 1, ""4"": 1, ""5"": 1, ""6"": 1, ""7"": 1, ""8"": 1, ""9"": 1, ""10"": 1, ""11"": 1, ""12"": 1, ""13"": 1, ""14"": 1, ""15"": 1, ""16"": 1, ""17"": 1, ""18"": 1, ""19"": 1, ""20"": 1, ""21"": 1, ""22"": 1, ""23"": 1, ""24"": 1, ""25"": 1, ""26"": 1}, ""heuristic"": ""LST"", ""strategy"": ""Fixed"", ""history_phase"": ""multiple-child""}",train_root,,0.0,0,0.0,0.0
1,50,118,118,adversary,0,0.0,[],[],[],0.0,[],0,0.0,0.0,"AdversaryAction(requests=[], stop_decode_ids=[])","{""type"": ""adversary"", ""requests"": [], ""stop_decode_ids"": [], ""history_phase"": ""forced_step:single-child""}",train_root,,0.0,0,0.0,0.0
1,50,119,119,controller,0,0.0,[],[],[],0.0,[],12,0.0,0.0,"ControllerAction(token_budget=2075, selected_request_ids=[0, 1, 2, 3, 4, 5, 6, 7, 8, 9, 10, 11, 12, 13, 14, 15, 16, 17, 18, 19, 20, 21, 22, 23, 24, 25, 26, 27, 28], token_allocations={0: 1, 1: 1, 2: 1, 3: 1, 4: 1, 5: 1, 6: 1, 7: 1, 8: 1, 9: 1, 10: 1, 11: 1, 12: 1, 13: 1, 14: 1, 15: 1, 16: 1, 17: 1, 18: 1, 19: 1, 20: 1, 21: 1, 22: 1, 23: 1, 24: 1, 25: 1, 26: 1, 27: 512, 28: 1536}, prefill_allocations={27: 512, 28: 1536}, decode_allocations={0: 1, 1: 1, 2: 1, 3: 1, 4: 1, 5: 1, 6: 1, 7: 1, 8: 1, 9: 1, 10: 1, 11: 1, 12: 1, 13: 1, 14: 1, 15: 1, 16: 1, 17: 1, 18: 1, 19: 1, 20: 1, 21: 1, 22: 1, 23: 1, 24: 1, 25: 1, 26: 1}, heuristic='SJF', strategy='Fixed', mapping=None)","{""type"": ""controller"", ""token_budget"": 2075, ""selected_request_ids"": [0, 1, 2, 3, 4, 5, 6, 7, 8, 9, 10, 11, 12, 13, 14, 15, 16, 17, 18, 19, 20, 21, 22, 23, 24, 25, 26, 27, 28], ""token_allocations"": {""0"": 1, ""1"": 1, ""2"": 1, ""3"": 1, ""4"": 1, ""5"": 1, ""6"": 1, ""7"": 1, ""8"": 1, ""9"": 1, ""10"": 1, ""11"": 1, ""12"": 1, ""13"": 1, ""14"": 1, ""15"": 1, ""16"": 1, ""17"": 1, ""18"": 1, ""19"": 1, ""20"": 1, ""21"": 1, ""22"": 1, ""23"": 1, ""24"": 1, ""25"": 1, ""26"": 1, ""27"": 512, ""28"": 1536}, ""prefill_allocations"": {""27"": 512, ""28"": 1536}, ""decode_allocations"": {""0"": 1, ""1"": 1, ""2"": 1, ""3"": 1, ""4"": 1, ""5"": 1, ""6"": 1, ""7"": 1, ""8"": 1, ""9"": 1, ""10"": 1, ""11"": 1, ""12"": 1, ""13"": 1, ""14"": 1, ""15"": 1, ""16"": 1, ""17"": 1, ""18"": 1, ""19"": 1, ""20"": 1, ""21"": 1, ""22"": 1, ""23"": 1, ""24"": 1, ""25"": 1, ""26"": 1}, ""heuristic"": ""SJF"", ""strategy"": ""Fixed"", ""history_phase"": ""multiple-child""}",train_root,,0.0,0,0.0,0.0
1,50,120,120,adversary,0,0.0,[],[],[],0.0,[],0,0.0,0.0,"AdversaryAction(requests=[], stop_decode_ids=[])","{""type"": ""adversary"", ""requests"": [], ""stop_decode_ids"": [], ""history_phase"": ""forced_step:single-child""}",train_root,,0.0,0,0.0,0.0
1,50,121,121,controller,0,0.0,[],[],[],0.0,[],1,0.0,0.0,"ControllerAction(token_budget=540, selected_request_ids=[0, 1, 2, 3, 4, 5, 6, 7, 8, 9, 10, 11, 12, 13, 14, 15, 16, 17, 18, 19, 20, 21, 22, 23, 24, 25, 26, 27, 28], token_allocations={0: 1, 1: 1, 2: 1, 3: 1, 4: 1, 5: 1, 6: 1, 7: 1, 8: 1, 9: 1, 10: 1, 11: 1, 12: 1, 13: 1, 14: 1, 15: 1, 16: 1, 17: 1, 18: 1, 19: 1, 20: 1, 21: 1, 22: 1, 23: 1, 24: 1, 25: 1, 26: 1, 27: 1, 28: 512}, prefill_allocations={28: 512}, decode_allocations={0: 1, 1: 1, 2: 1, 3: 1, 4: 1, 5: 1, 6: 1, 7: 1, 8: 1, 9: 1, 10: 1, 11: 1, 12: 1, 13: 1, 14: 1, 15: 1, 16: 1, 17: 1, 18: 1, 19: 1, 20: 1, 21: 1, 22: 1, 23: 1, 24: 1, 25: 1, 26: 1, 27: 1}, heuristic='EDF', strategy='Fixed', mapping=None)","{""type"": ""controller"", ""token_budget"": 540, ""selected_request_ids"": [0, 1, 2, 3, 4, 5, 6, 7, 8, 9, 10, 11, 12, 13, 14, 15, 16, 17, 18, 19, 20, 21, 22, 23, 24, 25, 26, 27, 28], ""token_allocations"": {""0"": 1, ""1"": 1, ""2"": 1, ""3"": 1, ""4"": 1, ""5"": 1, ""6"": 1, ""7"": 1, ""8"": 1, ""9"": 1, ""10"": 1, ""11"": 1, ""12"": 1, ""13"": 1, ""14"": 1, ""15"": 1, ""16"": 1, ""17"": 1, ""18"": 1, ""19"": 1, ""20"": 1, ""21"": 1, ""22"": 1, ""23"": 1, ""24"": 1, ""25"": 1, ""26"": 1, ""27"": 1, ""28"": 512}, ""prefill_allocations"": {""28"": 512}, ""decode_allocations"": {""0"": 1, ""1"": 1, ""2"": 1, ""3"": 1, ""4"": 1, ""5"": 1, ""6"": 1, ""7"": 1, ""8"": 1, ""9"": 1, ""10"": 1, ""11"": 1, ""12"": 1, ""13"": 1, ""14"": 1, ""15"": 1, ""16"": 1, ""17"": 1, ""18"": 1, ""19"": 1, ""20"": 1, ""21"": 1, ""22"": 1, ""23"": 1, ""24"": 1, ""25"": 1, ""26"": 1, ""27"": 1}, ""heuristic"": ""EDF"", ""strategy"": ""Fixed"", ""history_phase"": ""multiple-child""}",train_root,,0.0,0,0.0,0.0
1,50,122,122,adversary,0,0.0,[],[],[],0.0,[],0,0.0,0.0,"AdversaryAction(requests=[], stop_decode_ids=[])","{""type"": ""adversary"", ""requests"": [], ""stop_decode_ids"": [], ""history_phase"": ""forced_step:single-child""}",train_root,,0.0,0,0.0,0.0
1,50,123,123,controller,0,0.0,[],[],[],0.0,[],18,0.0,0.0,"ControllerAction(token_budget=2588, selected_request_ids=[0, 1, 2, 3, 4, 5, 6, 7, 8, 9, 10, 11, 12, 13, 14, 15, 16, 17, 18, 19, 20, 21, 22, 23, 24, 25, 26, 27, 29], token_allocations={0: 1, 1: 1, 2: 1, 3: 1, 4: 1, 5: 1, 6: 1, 7: 1, 8: 1, 9: 1, 10: 1, 11: 1, 12: 1, 13: 1, 14: 1, 15: 1, 16: 1, 17: 1, 18: 1, 19: 1, 20: 1, 21: 1, 22: 1, 23: 1, 24: 1, 25: 1, 26: 1, 27: 1, 29: 2560}, prefill_allocations={29: 2560}, decode_allocations={0: 1, 1: 1, 2: 1, 3: 1, 4: 1, 5: 1, 6: 1, 7: 1, 8: 1, 9: 1, 10: 1, 11: 1, 12: 1, 13: 1, 14: 1, 15: 1, 16: 1, 17: 1, 18: 1, 19: 1, 20: 1, 21: 1, 22: 1, 23: 1, 24: 1, 25: 1, 26: 1, 27: 1}, heuristic='LST', strategy='Fixed', mapping=None)","{""type"": ""controller"", ""token_budget"": 2588, ""selected_request_ids"": [0, 1, 2, 3, 4, 5, 6, 7, 8, 9, 10, 11, 12, 13, 14, 15, 16, 17, 18, 19, 20, 21, 22, 23, 24, 25, 26, 27, 29], ""token_allocations"": {""0"": 1, ""1"": 1, ""2"": 1, ""3"": 1, ""4"": 1, ""5"": 1, ""6"": 1, ""7"": 1, ""8"": 1, ""9"": 1, ""10"": 1, ""11"": 1, ""12"": 1, ""13"": 1, ""14"": 1, ""15"": 1, ""16"": 1, ""17"": 1, ""18"": 1, ""19"": 1, ""20"": 1, ""21"": 1, ""22"": 1, ""23"": 1, ""24"": 1, ""25"": 1, ""26"": 1, ""27"": 1, ""29"": 2560}, ""prefill_allocations"": {""29"": 2560}, ""decode_allocations"": {""0"": 1, ""1"": 1, ""2"": 1, ""3"": 1, ""4"": 1, ""5"": 1, ""6"": 1, ""7"": 1, ""8"": 1, ""9"": 1, ""10"": 1, ""11"": 1, ""12"": 1, ""13"": 1, ""14"": 1, ""15"": 1, ""16"": 1, ""17"": 1, ""18"": 1, ""19"": 1, ""20"": 1, ""21"": 1, ""22"": 1, ""23"": 1, ""24"": 1, ""25"": 1, ""26"": 1, ""27"": 1}, ""heuristic"": ""LST"", ""strategy"": ""Fixed"", ""history_phase"": ""multiple-child""}",train_root,,0.0,0,0.0,0.0
1,50,124,124,adversary,0,0.0,[],[],[],0.0,[],0,0.0,0.0,"AdversaryAction(requests=[], stop_decode_ids=[])","{""type"": ""adversary"", ""requests"": [], ""stop_decode_ids"": [], ""history_phase"": ""forced_step:single-child""}",train_root,,0.0,0,0.0,0.0
1,50,125,125,controller,0,0.0,[],[],[],0.0,[],15,0.0,0.0,"ControllerAction(token_budget=2076, selected_request_ids=[0, 1, 2, 3, 4, 5, 6, 7, 8, 9, 10, 11, 12, 13, 14, 15, 16, 17, 18, 19, 20, 21, 22, 23, 24, 25, 26, 27, 30], token_allocations={0: 1, 1: 1, 2: 1, 3: 1, 4: 1, 5: 1, 6: 1, 7: 1, 8: 1, 9: 1, 10: 1, 11: 1, 12: 1, 13: 1, 14: 1, 15: 1, 16: 1, 17: 1, 18: 1, 19: 1, 20: 1, 21: 1, 22: 1, 23: 1, 24: 1, 25: 1, 26: 1, 27: 1, 30: 2048}, prefill_allocations={30: 2048}, decode_allocations={0: 1, 1: 1, 2: 1, 3: 1, 4: 1, 5: 1, 6: 1, 7: 1, 8: 1, 9: 1, 10: 1, 11: 1, 12: 1, 13: 1, 14: 1, 15: 1, 16: 1, 17: 1, 18: 1, 19: 1, 20: 1, 21: 1, 22: 1, 23: 1, 24: 1, 25: 1, 26: 1, 27: 1}, heuristic='LJF', strategy='Fixed', mapping=None)","{""type"": ""controller"", ""token_budget"": 2076, ""selected_request_ids"": [0, 1, 2, 3, 4, 5, 6, 7, 8, 9, 10, 11, 12, 13, 14, 15, 16, 17, 18, 19, 20, 21, 22, 23, 24, 25, 26, 27, 30], ""token_allocations"": {""0"": 1, ""1"": 1, ""2"": 1, ""3"": 1, ""4"": 1, ""5"": 1, ""6"": 1, ""7"": 1, ""8"": 1, ""9"": 1, ""10"": 1, ""11"": 1, ""12"": 1, ""13"": 1, ""14"": 1, ""15"": 1, ""16"": 1, ""17"": 1, ""18"": 1, ""19"": 1, ""20"": 1, ""21"": 1, ""22"": 1, ""23"": 1, ""24"": 1, ""25"": 1, ""26"": 1, ""27"": 1, ""30"": 2048}, ""prefill_allocations"": {""30"": 2048}, ""decode_allocations"": {""0"": 1, ""1"": 1, ""2"": 1, ""3"": 1, ""4"": 1, ""5"": 1, ""6"": 1, ""7"": 1, ""8"": 1, ""9"": 1, ""10"": 1, ""11"": 1, ""12"": 1, ""13"": 1, ""14"": 1, ""15"": 1, ""16"": 1, ""17"": 1, ""18"": 1, ""19"": 1, ""20"": 1, ""21"": 1, ""22"": 1, ""23"": 1, ""24"": 1, ""25"": 1, ""26"": 1, ""27"": 1}, ""heuristic"": ""LJF"", ""strategy"": ""Fixed"", ""history_phase"": ""multiple-child""}",train_root,,0.0,0,0.0,0.0
1,50,126,126,adversary,0,0.0,[],[],[],0.0,[],0,0.0,0.0,"AdversaryAction(requests=[], stop_decode_ids=[])","{""type"": ""adversary"", ""requests"": [], ""stop_decode_ids"": [], ""history_phase"": ""forced_step:single-child""}",train_root,,0.0,0,0.0,0.0
1,50,127,127,controller,0,0.0,[],[],[],0.0,[],19,0.0,0.0,"ControllerAction(token_budget=2588, selected_request_ids=[0, 1, 2, 3, 4, 5, 6, 7, 8, 9, 10, 11, 12, 13, 14, 15, 16, 17, 18, 19, 20, 21, 22, 23, 24, 25, 26, 27, 31], token_allocations={0: 1, 1: 1, 2: 1, 3: 1, 4: 1, 5: 1, 6: 1, 7: 1, 8: 1, 9: 1, 10: 1, 11: 1, 12: 1, 13: 1, 14: 1, 15: 1, 16: 1, 17: 1, 18: 1, 19: 1, 20: 1, 21: 1, 22: 1, 23: 1, 24: 1, 25: 1, 26: 1, 27: 1, 31: 2560}, prefill_allocations={31: 2560}, decode_allocations={0: 1, 1: 1, 2: 1, 3: 1, 4: 1, 5: 1, 6: 1, 7: 1, 8: 1, 9: 1, 10: 1, 11: 1, 12: 1, 13: 1, 14: 1, 15: 1, 16: 1, 17: 1, 18: 1, 19: 1, 20: 1, 21: 1, 22: 1, 23: 1, 24: 1, 25: 1, 26: 1, 27: 1}, heuristic='LJF', strategy='Fixed', mapping=None)","{""type"": ""controller"", ""token_budget"": 2588, ""selected_request_ids"": [0, 1, 2, 3, 4, 5, 6, 7, 8, 9, 10, 11, 12, 13, 14, 15, 16, 17, 18, 19, 20, 21, 22, 23, 24, 25, 26, 27, 31], ""token_allocations"": {""0"": 1, ""1"": 1, ""2"": 1, ""3"": 1, ""4"": 1, ""5"": 1, ""6"": 1, ""7"": 1, ""8"": 1, ""9"": 1, ""10"": 1, ""11"": 1, ""12"": 1, ""13"": 1, ""14"": 1, ""15"": 1, ""16"": 1, ""17"": 1, ""18"": 1, ""19"": 1, ""20"": 1, ""21"": 1, ""22"": 1, ""23"": 1, ""24"": 1, ""25"": 1, ""26"": 1, ""27"": 1, ""31"": 2560}, ""prefill_allocations"": {""31"": 2560}, ""decode_allocations"": {""0"": 1, ""1"": 1, ""2"": 1, ""3"": 1, ""4"": 1, ""5"": 1, ""6"": 1, ""7"": 1, ""8"": 1, ""9"": 1, ""10"": 1, ""11"": 1, ""12"": 1, ""13"": 1, ""14"": 1, ""15"": 1, ""16"": 1, ""17"": 1, ""18"": 1, ""19"": 1, ""20"": 1, ""21"": 1, ""22"": 1, ""23"": 1, ""24"": 1, ""25"": 1, ""26"": 1, ""27"": 1}, ""heuristic"": ""LJF"", ""strategy"": ""Fixed"", ""history_phase"": ""multiple-child""}",train_root,,0.0,0,0.0,0.0
1,50,128,128,adversary,0,0.0,[],[],[],0.0,[],0,0.0,0.0,"AdversaryAction(requests=[], stop_decode_ids=[])","{""type"": ""adversary"", ""requests"": [], ""stop_decode_ids"": [], ""history_phase"": ""forced_step:single-child""}",train_root,,0.0,0,0.0,0.0
1,50,129,129,controller,0,0.0,[],[],[],0.0,[],16,0.0,0.0,"ControllerAction(token_budget=2588, selected_request_ids=[0, 1, 2, 3, 4, 5, 6, 7, 8, 9, 10, 11, 12, 13, 14, 15, 16, 17, 18, 19, 20, 21, 22, 23, 24, 25, 26, 27, 28, 29, 30, 31], token_allocations={0: 1, 1: 1, 2: 1, 3: 1, 4: 1, 5: 1, 6: 1, 7: 1, 8: 1, 9: 1, 10: 1, 11: 1, 12: 1, 13: 1, 14: 1, 15: 1, 16: 1, 17: 1, 18: 1, 19: 1, 20: 1, 21: 1, 22: 1, 23: 1, 24: 1, 25: 1, 26: 1, 27: 1, 28: 512, 29: 512, 30: 1024, 31: 512}, prefill_allocations={28: 512, 29: 512, 30: 1024, 31: 512}, decode_allocations={0: 1, 1: 1, 2: 1, 3: 1, 4: 1, 5: 1, 6: 1, 7: 1, 8: 1, 9: 1, 10: 1, 11: 1, 12: 1, 13: 1, 14: 1, 15: 1, 16: 1, 17: 1, 18: 1, 19: 1, 20: 1, 21: 1, 22: 1, 23: 1, 24: 1, 25: 1, 26: 1, 27: 1}, heuristic='SJF', strategy='Fixed', mapping=None)","{""type"": ""controller"", ""token_budget"": 2588, ""selected_request_ids"": [0, 1, 2, 3, 4, 5, 6, 7, 8, 9, 10, 11, 12, 13, 14, 15, 16, 17, 18, 19, 20, 21, 22, 23, 24, 25, 26, 27, 28, 29, 30, 31], ""token_allocations"": {""0"": 1, ""1"": 1, ""2"": 1, ""3"": 1, ""4"": 1, ""5"": 1, ""6"": 1, ""7"": 1, ""8"": 1, ""9"": 1, ""10"": 1, ""11"": 1, ""12"": 1, ""13"": 1, ""14"": 1, ""15"": 1, ""16"": 1, ""17"": 1, ""18"": 1, ""19"": 1, ""20"": 1, ""21"": 1, ""22"": 1, ""23"": 1, ""24"": 1, ""25"": 1, ""26"": 1, ""27"": 1, ""28"": 512, ""29"": 512, ""30"": 1024, ""31"": 512}, ""prefill_allocations"": {""28"": 512, ""29"": 512, ""30"": 1024, ""31"": 512}, ""decode_allocations"": {""0"": 1, ""1"": 1, ""2"": 1, ""3"": 1, ""4"": 1, ""5"": 1, ""6"": 1, ""7"": 1, ""8"": 1, ""9"": 1, ""10"": 1, ""11"": 1, ""12"": 1, ""13"": 1, ""14"": 1, ""15"": 1, ""16"": 1, ""17"": 1, ""18"": 1, ""19"": 1, ""20"": 1, ""21"": 1, ""22"": 1, ""23"": 1, ""24"": 1, ""25"": 1, ""26"": 1, ""27"": 1}, ""heuristic"": ""SJF"", ""strategy"": ""Fixed"", ""history_phase"": ""multiple-child""}",train_root,,0.0,0,0.0,0.0
1,50,130,130,adversary,0,0.0,[],[],[],0.0,[],0,0.0,0.0,"AdversaryAction(requests=[], stop_decode_ids=[])","{""type"": ""adversary"", ""requests"": [], ""stop_decode_ids"": [], ""history_phase"": ""forced_step:single-child""}",train_root,,0.0,0,0.0,0.0
1,50,131,131,controller,0,0.0,[],[],[],0.0,[],22,0.0,0.0,"ControllerAction(token_budget=3104, selected_request_ids=[0, 1, 2, 3, 4, 5, 6, 7, 8, 9, 10, 11, 12, 13, 14, 15, 16, 17, 18, 19, 20, 21, 22, 23, 24, 25, 26, 27, 28, 29, 30, 31, 32], token_allocations={0: 1, 1: 1, 2: 1, 3: 1, 4: 1, 5: 1, 6: 1, 7: 1, 8: 1, 9: 1, 10: 1, 11: 1, 12: 1, 13: 1, 14: 1, 15: 1, 16: 1, 17: 1, 18: 1, 19: 1, 20: 1, 21: 1, 22: 1, 23: 1, 24: 1, 25: 1, 26: 1, 27: 1, 28: 1, 29: 1, 30: 1, 31: 1, 32: 3072}, prefill_allocations={32: 3072}, decode_allocations={0: 1, 1: 1, 2: 1, 3: 1, 4: 1, 5: 1, 6: 1, 7: 1, 8: 1, 9: 1, 10: 1, 11: 1, 12: 1, 13: 1, 14: 1, 15: 1, 16: 1, 17: 1, 18: 1, 19: 1, 20: 1, 21: 1, 22: 1, 23: 1, 24: 1, 25: 1, 26: 1, 27: 1, 28: 1, 29: 1, 30: 1, 31: 1}, heuristic='LST', strategy='Fixed', mapping=None)","{""type"": ""controller"", ""token_budget"": 3104, ""selected_request_ids"": [0, 1, 2, 3, 4, 5, 6, 7, 8, 9, 10, 11, 12, 13, 14, 15, 16, 17, 18, 19, 20, 21, 22, 23, 24, 25, 26, 27, 28, 29, 30, 31, 32], ""token_allocations"": {""0"": 1, ""1"": 1, ""2"": 1, ""3"": 1, ""4"": 1, ""5"": 1, ""6"": 1, ""7"": 1, ""8"": 1, ""9"": 1, ""10"": 1, ""11"": 1, ""12"": 1, ""13"": 1, ""14"": 1, ""15"": 1, ""16"": 1, ""17"": 1, ""18"": 1, ""19"": 1, ""20"": 1, ""21"": 1, ""22"": 1, ""23"": 1, ""24"": 1, ""25"": 1, ""26"": 1, ""27"": 1, ""28"": 1, ""29"": 1, ""30"": 1, ""31"": 1, ""32"": 3072}, ""prefill_allocations"": {""32"": 3072}, ""decode_allocations"": {""0"": 1, ""1"": 1, ""2"": 1, ""3"": 1, ""4"": 1, ""5"": 1, ""6"": 1, ""7"": 1, ""8"": 1, ""9"": 1, ""10"": 1, ""11"": 1, ""12"": 1, ""13"": 1, ""14"": 1, ""15"": 1, ""16"": 1, ""17"": 1, ""18"": 1, ""19"": 1, ""20"": 1, ""21"": 1, ""22"": 1, ""23"": 1, ""24"": 1, ""25"": 1, ""26"": 1, ""27"": 1, ""28"": 1, ""29"": 1, ""30"": 1, ""31"": 1}, ""heuristic"": ""LST"", ""strategy"": ""Fixed"", ""history_phase"": ""multiple-child""}",train_root,,0.0,0,0.0,0.0
1,50,132,132,adversary,0,0.0,[],[],[],0.0,[],0,0.0,0.0,"AdversaryAction(requests=[], stop_decode_ids=[])","{""type"": ""adversary"", ""requests"": [], ""stop_decode_ids"": [], ""history_phase"": ""forced_step:single-child""}",train_root,,0.0,0,0.0,0.0
1,50,133,133,controller,0,0.0,[],[],[],0.0,[],0,0.0,0.0,"ControllerAction(token_budget=33, selected_request_ids=[0, 1, 2, 3, 4, 5, 6, 7, 8, 9, 10, 11, 12, 13, 14, 15, 16, 17, 18, 19, 20, 21, 22, 23, 24, 25, 26, 27, 28, 29, 30, 31, 32], token_allocations={0: 1, 1: 1, 2: 1, 3: 1, 4: 1, 5: 1, 6: 1, 7: 1, 8: 1, 9: 1, 10: 1, 11: 1, 12: 1, 13: 1, 14: 1, 15: 1, 16: 1, 17: 1, 18: 1, 19: 1, 20: 1, 21: 1, 22: 1, 23: 1, 24: 1, 25: 1, 26: 1, 27: 1, 28: 1, 29: 1, 30: 1, 31: 1, 32: 1}, prefill_allocations={}, decode_allocations={0: 1, 1: 1, 2: 1, 3: 1, 4: 1, 5: 1, 6: 1, 7: 1, 8: 1, 9: 1, 10: 1, 11: 1, 12: 1, 13: 1, 14: 1, 15: 1, 16: 1, 17: 1, 18: 1, 19: 1, 20: 1, 21: 1, 22: 1, 23: 1, 24: 1, 25: 1, 26: 1, 27: 1, 28: 1, 29: 1, 30: 1, 31: 1, 32: 1}, heuristic='SJF', strategy='Fixed', mapping=None)","{""type"": ""controller"", ""token_budget"": 33, ""selected_request_ids"": [0, 1, 2, 3, 4, 5, 6, 7, 8, 9, 10, 11, 12, 13, 14, 15, 16, 17, 18, 19, 20, 21, 22, 23, 24, 25, 26, 27, 28, 29, 30, 31, 32], ""token_allocations"": {""0"": 1, ""1"": 1, ""2"": 1, ""3"": 1, ""4"": 1, ""5"": 1, ""6"": 1, ""7"": 1, ""8"": 1, ""9"": 1, ""10"": 1, ""11"": 1, ""12"": 1, ""13"": 1, ""14"": 1, ""15"": 1, ""16"": 1, ""17"": 1, ""18"": 1, ""19"": 1, ""20"": 1, ""21"": 1, ""22"": 1, ""23"": 1, ""24"": 1, ""25"": 1, ""26"": 1, ""27"": 1, ""28"": 1, ""29"": 1, ""30"": 1, ""31"": 1, ""32"": 1}, ""prefill_allocations"": {}, ""decode_allocations"": {""0"": 1, ""1"": 1, ""2"": 1, ""3"": 1, ""4"": 1, ""5"": 1, ""6"": 1, ""7"": 1, ""8"": 1, ""9"": 1, ""10"": 1, ""11"": 1, ""12"": 1, ""13"": 1, ""14"": 1, ""15"": 1, ""16"": 1, ""17"": 1, ""18"": 1, ""19"": 1, ""20"": 1, ""21"": 1, ""22"": 1, ""23"": 1, ""24"": 1, ""25"": 1, ""26"": 1, ""27"": 1, ""28"": 1, ""29"": 1, ""30"": 1, ""31"": 1, ""32"": 1}, ""heuristic"": ""SJF"", ""strategy"": ""Fixed"", ""history_phase"": ""forced_step:single-child""}",train_root,,0.0,0,0.0,0.0
1,50,134,134,adversary,0,0.0,[],[],[],0.0,[],5,0.0,0.0,"AdversaryAction(requests=[AdversaryRequestSpec(prefill_tokens=3072, decode_tokens=5000, prefill_slo=0.3874467952163693, decode_slo=0.05), AdversaryRequestSpec(prefill_tokens=3072, decode_tokens=5000, prefill_slo=0.3874467952163693, decode_slo=0.05), AdversaryRequestSpec(prefill_tokens=3072, decode_tokens=5000, prefill_slo=0.3874467952163693, decode_slo=0.05), AdversaryRequestSpec(prefill_tokens=3072, decode_tokens=5000, prefill_slo=0.3874467952163693, decode_slo=0.05), AdversaryRequestSpec(prefill_tokens=3072, decode_tokens=5000, prefill_slo=0.3874467952163693, decode_slo=0.05), AdversaryRequestSpec(prefill_tokens=3072, decode_tokens=5000, prefill_slo=0.3874467952163693, decode_slo=0.05)], stop_decode_ids=[])","{""type"": ""adversary"", ""requests"": [{""prefill_tokens"": 3072, ""decode_tokens"": 5000, ""prefill_slo"": 0.3874467952163693, ""decode_slo"": 0.05}, {""prefill_tokens"": 3072, ""decode_tokens"": 5000, ""prefill_slo"": 0.3874467952163693, ""decode_slo"": 0.05}, {""prefill_tokens"": 3072, ""decode_tokens"": 5000, ""prefill_slo"": 0.3874467952163693, ""decode_slo"": 0.05}, {""prefill_tokens"": 3072, ""decode_tokens"": 5000, ""prefill_slo"": 0.3874467952163693, ""decode_slo"": 0.05}, {""prefill_tokens"": 3072, ""decode_tokens"": 5000, ""prefill_slo"": 0.3874467952163693, ""decode_slo"": 0.05}, {""prefill_tokens"": 3072, ""decode_tokens"": 5000, ""prefill_slo"": 0.3874467952163693, ""decode_slo"": 0.05}], ""stop_decode_ids"": [], ""history_phase"": ""multiple-child""}",train_root,,0.0,0,0.0,0.0
1,50,135,135,controller,0,0.0,[],[],[],0.0,[],0,0.0,0.0,"ControllerAction(token_budget=545, selected_request_ids=[0, 1, 2, 3, 4, 5, 6, 7, 8, 9, 10, 11, 12, 13, 14, 15, 16, 17, 18, 19, 20, 21, 22, 23, 24, 25, 26, 27, 28, 29, 30, 31, 32, 33], token_allocations={0: 1, 1: 1, 2: 1, 3: 1, 4: 1, 5: 1, 6: 1, 7: 1, 8: 1, 9: 1, 10: 1, 11: 1, 12: 1, 13: 1, 14: 1, 15: 1, 16: 1, 17: 1, 18: 1, 19: 1, 20: 1, 21: 1, 22: 1, 23: 1, 24: 1, 25: 1, 26: 1, 27: 1, 28: 1, 29: 1, 30: 1, 31: 1, 32: 1, 33: 512}, prefill_allocations={33: 512}, decode_allocations={0: 1, 1: 1, 2: 1, 3: 1, 4: 1, 5: 1, 6: 1, 7: 1, 8: 1, 9: 1, 10: 1, 11: 1, 12: 1, 13: 1, 14: 1, 15: 1, 16: 1, 17: 1, 18: 1, 19: 1, 20: 1, 21: 1, 22: 1, 23: 1, 24: 1, 25: 1, 26: 1, 27: 1, 28: 1, 29: 1, 30: 1, 31: 1, 32: 1}, heuristic='SJF', strategy='Fixed', mapping=None)","{""type"": ""controller"", ""token_budget"": 545, ""selected_request_ids"": [0, 1, 2, 3, 4, 5, 6, 7, 8, 9, 10, 11, 12, 13, 14, 15, 16, 17, 18, 19, 20, 21, 22, 23, 24, 25, 26, 27, 28, 29, 30, 31, 32, 33], ""token_allocations"": {""0"": 1, ""1"": 1, ""2"": 1, ""3"": 1, ""4"": 1, ""5"": 1, ""6"": 1, ""7"": 1, ""8"": 1, ""9"": 1, ""10"": 1, ""11"": 1, ""12"": 1, ""13"": 1, ""14"": 1, ""15"": 1, ""16"": 1, ""17"": 1, ""18"": 1, ""19"": 1, ""20"": 1, ""21"": 1, ""22"": 1, ""23"": 1, ""24"": 1, ""25"": 1, ""26"": 1, ""27"": 1, ""28"": 1, ""29"": 1, ""30"": 1, ""31"": 1, ""32"": 1, ""33"": 512}, ""prefill_allocations"": {""33"": 512}, ""decode_allocations"": {""0"": 1, ""1"": 1, ""2"": 1, ""3"": 1, ""4"": 1, ""5"": 1, ""6"": 1, ""7"": 1, ""8"": 1, ""9"": 1, ""10"": 1, ""11"": 1, ""12"": 1, ""13"": 1, ""14"": 1, ""15"": 1, ""16"": 1, ""17"": 1, ""18"": 1, ""19"": 1, ""20"": 1, ""21"": 1, ""22"": 1, ""23"": 1, ""24"": 1, ""25"": 1, ""26"": 1, ""27"": 1, ""28"": 1, ""29"": 1, ""30"": 1, ""31"": 1, ""32"": 1}, ""heuristic"": ""SJF"", ""strategy"": ""Fixed"", ""history_phase"": ""multiple-child""}",train_root,,0.0,0,0.0,0.0
1,50,136,136,adversary,0,0.0,[],[],[],0.0,[],0,0.0,0.0,"AdversaryAction(requests=[], stop_decode_ids=[])","{""type"": ""adversary"", ""requests"": [], ""stop_decode_ids"": [], ""history_phase"": ""forced_step:single-child""}",train_root,,0.0,0,0.0,0.0
1,50,137,137,controller,0,0.0,[],[],[],0.0,[],23,0.0,0.0,"ControllerAction(token_budget=3105, selected_request_ids=[0, 1, 2, 3, 4, 5, 6, 7, 8, 9, 10, 11, 12, 13, 14, 15, 16, 17, 18, 19, 20, 21, 22, 23, 24, 25, 26, 27, 28, 29, 30, 31, 32, 34], token_allocations={0: 1, 1: 1, 2: 1, 3: 1, 4: 1, 5: 1, 6: 1, 7: 1, 8: 1, 9: 1, 10: 1, 11: 1, 12: 1, 13: 1, 14: 1, 15: 1, 16: 1, 17: 1, 18: 1, 19: 1, 20: 1, 21: 1, 22: 1, 23: 1, 24: 1, 25: 1, 26: 1, 27: 1, 28: 1, 29: 1, 30: 1, 31: 1, 32: 1, 34: 3072}, prefill_allocations={34: 3072}, decode_allocations={0: 1, 1: 1, 2: 1, 3: 1, 4: 1, 5: 1, 6: 1, 7: 1, 8: 1, 9: 1, 10: 1, 11: 1, 12: 1, 13: 1, 14: 1, 15: 1, 16: 1, 17: 1, 18: 1, 19: 1, 20: 1, 21: 1, 22: 1, 23: 1, 24: 1, 25: 1, 26: 1, 27: 1, 28: 1, 29: 1, 30: 1, 31: 1, 32: 1}, heuristic='LJF', strategy='Fixed', mapping=None)","{""type"": ""controller"", ""token_budget"": 3105, ""selected_request_ids"": [0, 1, 2, 3, 4, 5, 6, 7, 8, 9, 10, 11, 12, 13, 14, 15, 16, 17, 18, 19, 20, 21, 22, 23, 24, 25, 26, 27, 28, 29, 30, 31, 32, 34], ""token_allocations"": {""0"": 1, ""1"": 1, ""2"": 1, ""3"": 1, ""4"": 1, ""5"": 1, ""6"": 1, ""7"": 1, ""8"": 1, ""9"": 1, ""10"": 1, ""11"": 1, ""12"": 1, ""13"": 1, ""14"": 1, ""15"": 1, ""16"": 1, ""17"": 1, ""18"": 1, ""19"": 1, ""20"": 1, ""21"": 1, ""22"": 1, ""23"": 1, ""24"": 1, ""25"": 1, ""26"": 1, ""27"": 1, ""28"": 1, ""29"": 1, ""30"": 1, ""31"": 1, ""32"": 1, ""34"": 3072}, ""prefill_allocations"": {""34"": 3072}, ""decode_allocations"": {""0"": 1, ""1"": 1, ""2"": 1, ""3"": 1, ""4"": 1, ""5"": 1, ""6"": 1, ""7"": 1, ""8"": 1, ""9"": 1, ""10"": 1, ""11"": 1, ""12"": 1, ""13"": 1, ""14"": 1, ""15"": 1, ""16"": 1, ""17"": 1, ""18"": 1, ""19"": 1, ""20"": 1, ""21"": 1, ""22"": 1, ""23"": 1, ""24"": 1, ""25"": 1, ""26"": 1, ""27"": 1, ""28"": 1, ""29"": 1, ""30"": 1, ""31"": 1, ""32"": 1}, ""heuristic"": ""LJF"", ""strategy"": ""Fixed"", ""history_phase"": ""multiple-child""}",train_root,,0.0,0,0.0,0.0
1,50,138,138,adversary,0,0.0,[],[],[],0.0,[],0,0.0,0.0,"AdversaryAction(requests=[], stop_decode_ids=[])","{""type"": ""adversary"", ""requests"": [], ""stop_decode_ids"": [], ""history_phase"": ""forced_step:single-child""}",train_root,,0.0,0,0.0,0.0
1,50,139,139,controller,0,0.0,[],[],[],0.0,[],17,0.0,0.0,"ControllerAction(token_budget=2594, selected_request_ids=[0, 1, 2, 3, 4, 5, 6, 7, 8, 9, 10, 11, 12, 13, 14, 15, 16, 17, 18, 19, 20, 21, 22, 23, 24, 25, 26, 27, 28, 29, 30, 31, 32, 33, 34], token_allocations={0: 1, 1: 1, 2: 1, 3: 1, 4: 1, 5: 1, 6: 1, 7: 1, 8: 1, 9: 1, 10: 1, 11: 1, 12: 1, 13: 1, 14: 1, 15: 1, 16: 1, 17: 1, 18: 1, 19: 1, 20: 1, 21: 1, 22: 1, 23: 1, 24: 1, 25: 1, 26: 1, 27: 1, 28: 1, 29: 1, 30: 1, 31: 1, 32: 1, 33: 2560, 34: 1}, prefill_allocations={33: 2560}, decode_allocations={0: 1, 1: 1, 2: 1, 3: 1, 4: 1, 5: 1, 6: 1, 7: 1, 8: 1, 9: 1, 10: 1, 11: 1, 12: 1, 13: 1, 14: 1, 15: 1, 16: 1, 17: 1, 18: 1, 19: 1, 20: 1, 21: 1, 22: 1, 23: 1, 24: 1, 25: 1, 26: 1, 27: 1, 28: 1, 29: 1, 30: 1, 31: 1, 32: 1, 34: 1}, heuristic='EDF', strategy='Fixed', mapping=None)","{""type"": ""controller"", ""token_budget"": 2594, ""selected_request_ids"": [0, 1, 2, 3, 4, 5, 6, 7, 8, 9, 10, 11, 12, 13, 14, 15, 16, 17, 18, 19, 20, 21, 22, 23, 24, 25, 26, 27, 28, 29, 30, 31, 32, 33, 34], ""token_allocations"": {""0"": 1, ""1"": 1, ""2"": 1, ""3"": 1, ""4"": 1, ""5"": 1, ""6"": 1, ""7"": 1, ""8"": 1, ""9"": 1, ""10"": 1, ""11"": 1, ""12"": 1, ""13"": 1, ""14"": 1, ""15"": 1, ""16"": 1, ""17"": 1, ""18"": 1, ""19"": 1, ""20"": 1, ""21"": 1, ""22"": 1, ""23"": 1, ""24"": 1, ""25"": 1, ""26"": 1, ""27"": 1, ""28"": 1, ""29"": 1, ""30"": 1, ""31"": 1, ""32"": 1, ""33"": 2560, ""34"": 1}, ""prefill_allocations"": {""33"": 2560}, ""decode_allocations"": {""0"": 1, ""1"": 1, ""2"": 1, ""3"": 1, ""4"": 1, ""5"": 1, ""6"": 1, ""7"": 1, ""8"": 1, ""9"": 1, ""10"": 1, ""11"": 1, ""12"": 1, ""13"": 1, ""14"": 1, ""15"": 1, ""16"": 1, ""17"": 1, ""18"": 1, ""19"": 1, ""20"": 1, ""21"": 1, ""22"": 1, ""23"": 1, ""24"": 1, ""25"": 1, ""26"": 1, ""27"": 1, ""28"": 1, ""29"": 1, ""30"": 1, ""31"": 1, ""32"": 1, ""34"": 1}, ""heuristic"": ""EDF"", ""strategy"": ""Fixed"", ""history_phase"": ""multiple-child""}",train_root,,0.0,0,0.0,0.0
1,50,140,140,adversary,0,0.0,[],[],[],0.0,[],0,0.0,0.0,"AdversaryAction(requests=[], stop_decode_ids=[])","{""type"": ""adversary"", ""requests"": [], ""stop_decode_ids"": [], ""history_phase"": ""forced_step:single-child""}",train_root,,0.0,0,0.0,0.0
1,50,141,141,controller,0,0.0,[],[],[],0.0,[],14,0.0,0.0,"ControllerAction(token_budget=2083, selected_request_ids=[0, 1, 2, 3, 4, 5, 6, 7, 8, 9, 10, 11, 12, 13, 14, 15, 16, 17, 18, 19, 20, 21, 22, 23, 24, 25, 26, 27, 28, 29, 30, 31, 32, 33, 34, 35], token_allocations={0: 1, 1: 1, 2: 1, 3: 1, 4: 1, 5: 1, 6: 1, 7: 1, 8: 1, 9: 1, 10: 1, 11: 1, 12: 1, 13: 1, 14: 1, 15: 1, 16: 1, 17: 1, 18: 1, 19: 1, 20: 1, 21: 1, 22: 1, 23: 1, 24: 1, 25: 1, 26: 1, 27: 1, 28: 1, 29: 1, 30: 1, 31: 1, 32: 1, 33: 1, 34: 1, 35: 2048}, prefill_allocations={35: 2048}, decode_allocations={0: 1, 1: 1, 2: 1, 3: 1, 4: 1, 5: 1, 6: 1, 7: 1, 8: 1, 9: 1, 10: 1, 11: 1, 12: 1, 13: 1, 14: 1, 15: 1, 16: 1, 17: 1, 18: 1, 19: 1, 20: 1, 21: 1, 22: 1, 23: 1, 24: 1, 25: 1, 26: 1, 27: 1, 28: 1, 29: 1, 30: 1, 31: 1, 32: 1, 33: 1, 34: 1}, heuristic='LST', strategy='Fixed', mapping=None)","{""type"": ""controller"", ""token_budget"": 2083, ""selected_request_ids"": [0, 1, 2, 3, 4, 5, 6, 7, 8, 9, 10, 11, 12, 13, 14, 15, 16, 17, 18, 19, 20, 21, 22, 23, 24, 25, 26, 27, 28, 29, 30, 31, 32, 33, 34, 35], ""token_allocations"": {""0"": 1, ""1"": 1, ""2"": 1, ""3"": 1, ""4"": 1, ""5"": 1, ""6"": 1, ""7"": 1, ""8"": 1, ""9"": 1, ""10"": 1, ""11"": 1, ""12"": 1, ""13"": 1, ""14"": 1, ""15"": 1, ""16"": 1, ""17"": 1, ""18"": 1, ""19"": 1, ""20"": 1, ""21"": 1, ""22"": 1, ""23"": 1, ""24"": 1, ""25"": 1, ""26"": 1, ""27"": 1, ""28"": 1, ""29"": 1, ""30"": 1, ""31"": 1, ""32"": 1, ""33"": 1, ""34"": 1, ""35"": 2048}, ""prefill_allocations"": {""35"": 2048}, ""decode_allocations"": {""0"": 1, ""1"": 1, ""2"": 1, ""3"": 1, ""4"": 1, ""5"": 1, ""6"": 1, ""7"": 1, ""8"": 1, ""9"": 1, ""10"": 1, ""11"": 1, ""12"": 1, ""13"": 1, ""14"": 1, ""15"": 1, ""16"": 1, ""17"": 1, ""18"": 1, ""19"": 1, ""20"": 1, ""21"": 1, ""22"": 1, ""23"": 1, ""24"": 1, ""25"": 1, ""26"": 1, ""27"": 1, ""28"": 1, ""29"": 1, ""30"": 1, ""31"": 1, ""32"": 1, ""33"": 1, ""34"": 1}, ""heuristic"": ""LST"", ""strategy"": ""Fixed"", ""history_phase"": ""multiple-child""}",train_root,,0.0,0,0.0,0.0
1,50,142,142,adversary,0,0.0,[],[],[],0.0,[],0,0.0,0.0,"AdversaryAction(requests=[], stop_decode_ids=[])","{""type"": ""adversary"", ""requests"": [], ""stop_decode_ids"": [], ""history_phase"": ""forced_step:single-child""}",train_root,,0.0,0,0.0,0.0
1,50,143,143,controller,0,0.0,[],[],[],0.0,[],6,0.0,0.0,"ControllerAction(token_budget=1059, selected_request_ids=[0, 1, 2, 3, 4, 5, 6, 7, 8, 9, 10, 11, 12, 13, 14, 15, 16, 17, 18, 19, 20, 21, 22, 23, 24, 25, 26, 27, 28, 29, 30, 31, 32, 33, 34, 36], token_allocations={0: 1, 1: 1, 2: 1, 3: 1, 4: 1, 5: 1, 6: 1, 7: 1, 8: 1, 9: 1, 10: 1, 11: 1, 12: 1, 13: 1, 14: 1, 15: 1, 16: 1, 17: 1, 18: 1, 19: 1, 20: 1, 21: 1, 22: 1, 23: 1, 24: 1, 25: 1, 26: 1, 27: 1, 28: 1, 29: 1, 30: 1, 31: 1, 32: 1, 33: 1, 34: 1, 36: 1024}, prefill_allocations={36: 1024}, decode_allocations={0: 1, 1: 1, 2: 1, 3: 1, 4: 1, 5: 1, 6: 1, 7: 1, 8: 1, 9: 1, 10: 1, 11: 1, 12: 1, 13: 1, 14: 1, 15: 1, 16: 1, 17: 1, 18: 1, 19: 1, 20: 1, 21: 1, 22: 1, 23: 1, 24: 1, 25: 1, 26: 1, 27: 1, 28: 1, 29: 1, 30: 1, 31: 1, 32: 1, 33: 1, 34: 1}, heuristic='LST', strategy='Fixed', mapping=None)","{""type"": ""controller"", ""token_budget"": 1059, ""selected_request_ids"": [0, 1, 2, 3, 4, 5, 6, 7, 8, 9, 10, 11, 12, 13, 14, 15, 16, 17, 18, 19, 20, 21, 22, 23, 24, 25, 26, 27, 28, 29, 30, 31, 32, 33, 34, 36], ""token_allocations"": {""0"": 1, ""1"": 1, ""2"": 1, ""3"": 1, ""4"": 1, ""5"": 1, ""6"": 1, ""7"": 1, ""8"": 1, ""9"": 1, ""10"": 1, ""11"": 1, ""12"": 1, ""13"": 1, ""14"": 1, ""15"": 1, ""16"": 1, ""17"": 1, ""18"": 1, ""19"": 1, ""20"": 1, ""21"": 1, ""22"": 1, ""23"": 1, ""24"": 1, ""25"": 1, ""26"": 1, ""27"": 1, ""28"": 1, ""29"": 1, ""30"": 1, ""31"": 1, ""32"": 1, ""33"": 1, ""34"": 1, ""36"": 1024}, ""prefill_allocations"": {""36"": 1024}, ""decode_allocations"": {""0"": 1, ""1"": 1, ""2"": 1, ""3"": 1, ""4"": 1, ""5"": 1, ""6"": 1, ""7"": 1, ""8"": 1, ""9"": 1, ""10"": 1, ""11"": 1, ""12"": 1, ""13"": 1, ""14"": 1, ""15"": 1, ""16"": 1, ""17"": 1, ""18"": 1, ""19"": 1, ""20"": 1, ""21"": 1, ""22"": 1, ""23"": 1, ""24"": 1, ""25"": 1, ""26"": 1, ""27"": 1, ""28"": 1, ""29"": 1, ""30"": 1, ""31"": 1, ""32"": 1, ""33"": 1, ""34"": 1}, ""heuristic"": ""LST"", ""strategy"": ""Fixed"", ""history_phase"": ""multiple-child""}",train_root,,0.0,0,0.0,0.0
1,50,144,144,adversary,0,0.0,[],[],[],0.0,[],0,0.0,0.0,"AdversaryAction(requests=[], stop_decode_ids=[])","{""type"": ""adversary"", ""requests"": [], ""stop_decode_ids"": [], ""history_phase"": ""forced_step:single-child""}",train_root,,0.0,0,0.0,0.0
1,50,145,145,controller,0,0.0,[],[],[],0.0,[],9,0.0,0.0,"ControllerAction(token_budget=1571, selected_request_ids=[0, 1, 2, 3, 4, 5, 6, 7, 8, 9, 10, 11, 12, 13, 14, 15, 16, 17, 18, 19, 20, 21, 22, 23, 24, 25, 26, 27, 28, 29, 30, 31, 32, 33, 34, 35, 36], token_allocations={0: 1, 1: 1, 2: 1, 3: 1, 4: 1, 5: 1, 6: 1, 7: 1, 8: 1, 9: 1, 10: 1, 11: 1, 12: 1, 13: 1, 14: 1, 15: 1, 16: 1, 17: 1, 18: 1, 19: 1, 20: 1, 21: 1, 22: 1, 23: 1, 24: 1, 25: 1, 26: 1, 27: 1, 28: 1, 29: 1, 30: 1, 31: 1, 32: 1, 33: 1, 34: 1, 35: 1024, 36: 512}, prefill_allocations={35: 1024, 36: 512}, decode_allocations={0: 1, 1: 1, 2: 1, 3: 1, 4: 1, 5: 1, 6: 1, 7: 1, 8: 1, 9: 1, 10: 1, 11: 1, 12: 1, 13: 1, 14: 1, 15: 1, 16: 1, 17: 1, 18: 1, 19: 1, 20: 1, 21: 1, 22: 1, 23: 1, 24: 1, 25: 1, 26: 1, 27: 1, 28: 1, 29: 1, 30: 1, 31: 1, 32: 1, 33: 1, 34: 1}, heuristic='EDF', strategy='Fixed', mapping=None)","{""type"": ""controller"", ""token_budget"": 1571, ""selected_request_ids"": [0, 1, 2, 3, 4, 5, 6, 7, 8, 9, 10, 11, 12, 13, 14, 15, 16, 17, 18, 19, 20, 21, 22, 23, 24, 25, 26, 27, 28, 29, 30, 31, 32, 33, 34, 35, 36], ""token_allocations"": {""0"": 1, ""1"": 1, ""2"": 1, ""3"": 1, ""4"": 1, ""5"": 1, ""6"": 1, ""7"": 1, ""8"": 1, ""9"": 1, ""10"": 1, ""11"": 1, ""12"": 1, ""13"": 1, ""14"": 1, ""15"": 1, ""16"": 1, ""17"": 1, ""18"": 1, ""19"": 1, ""20"": 1, ""21"": 1, ""22"": 1, ""23"": 1, ""24"": 1, ""25"": 1, ""26"": 1, ""27"": 1, ""28"": 1, ""29"": 1, ""30"": 1, ""31"": 1, ""32"": 1, ""33"": 1, ""34"": 1, ""35"": 1024, ""36"": 512}, ""prefill_allocations"": {""35"": 1024, ""36"": 512}, ""decode_allocations"": {""0"": 1, ""1"": 1, ""2"": 1, ""3"": 1, ""4"": 1, ""5"": 1, ""6"": 1, ""7"": 1, ""8"": 1, ""9"": 1, ""10"": 1, ""11"": 1, ""12"": 1, ""13"": 1, ""14"": 1, ""15"": 1, ""16"": 1, ""17"": 1, ""18"": 1, ""19"": 1, ""20"": 1, ""21"": 1, ""22"": 1, ""23"": 1, ""24"": 1, ""25"": 1, ""26"": 1, ""27"": 1, ""28"": 1, ""29"": 1, ""30"": 1, ""31"": 1, ""32"": 1, ""33"": 1, ""34"": 1}, ""heuristic"": ""EDF"", ""strategy"": ""Fixed"", ""history_phase"": ""multiple-child""}",train_root,,0.0,0,0.0,0.0
1,50,146,146,adversary,0,0.0,[],[],[],0.0,[],0,0.0,0.0,"AdversaryAction(requests=[], stop_decode_ids=[])","{""type"": ""adversary"", ""requests"": [], ""stop_decode_ids"": [], ""history_phase"": ""forced_step:single-child""}",train_root,,0.0,0,0.0,0.0
1,50,147,147,controller,0,0.0,[],[],[],0.0,[],4,0.0,0.0,"ControllerAction(token_budget=1060, selected_request_ids=[0, 1, 2, 3, 4, 5, 6, 7, 8, 9, 10, 11, 12, 13, 14, 15, 16, 17, 18, 19, 20, 21, 22, 23, 24, 25, 26, 27, 28, 29, 30, 31, 32, 33, 34, 35, 36], token_allocations={0: 1, 1: 1, 2: 1, 3: 1, 4: 1, 5: 1, 6: 1, 7: 1, 8: 1, 9: 1, 10: 1, 11: 1, 12: 1, 13: 1, 14: 1, 15: 1, 16: 1, 17: 1, 18: 1, 19: 1, 20: 1, 21: 1, 22: 1, 23: 1, 24: 1, 25: 1, 26: 1, 27: 1, 28: 1, 29: 1, 30: 1, 31: 1, 32: 1, 33: 1, 34: 1, 35: 1, 36: 1024}, prefill_allocations={36: 1024}, decode_allocations={0: 1, 1: 1, 2: 1, 3: 1, 4: 1, 5: 1, 6: 1, 7: 1, 8: 1, 9: 1, 10: 1, 11: 1, 12: 1, 13: 1, 14: 1, 15: 1, 16: 1, 17: 1, 18: 1, 19: 1, 20: 1, 21: 1, 22: 1, 23: 1, 24: 1, 25: 1, 26: 1, 27: 1, 28: 1, 29: 1, 30: 1, 31: 1, 32: 1, 33: 1, 34: 1, 35: 1}, heuristic='SJF', strategy='Fixed', mapping=None)","{""type"": ""controller"", ""token_budget"": 1060, ""selected_request_ids"": [0, 1, 2, 3, 4, 5, 6, 7, 8, 9, 10, 11, 12, 13, 14, 15, 16, 17, 18, 19, 20, 21, 22, 23, 24, 25, 26, 27, 28, 29, 30, 31, 32, 33, 34, 35, 36], ""token_allocations"": {""0"": 1, ""1"": 1, ""2"": 1, ""3"": 1, ""4"": 1, ""5"": 1, ""6"": 1, ""7"": 1, ""8"": 1, ""9"": 1, ""10"": 1, ""11"": 1, ""12"": 1, ""13"": 1, ""14"": 1, ""15"": 1, ""16"": 1, ""17"": 1, ""18"": 1, ""19"": 1, ""20"": 1, ""21"": 1, ""22"": 1, ""23"": 1, ""24"": 1, ""25"": 1, ""26"": 1, ""27"": 1, ""28"": 1, ""29"": 1, ""30"": 1, ""31"": 1, ""32"": 1, ""33"": 1, ""34"": 1, ""35"": 1, ""36"": 1024}, ""prefill_allocations"": {""36"": 1024}, ""decode_allocations"": {""0"": 1, ""1"": 1, ""2"": 1, ""3"": 1, ""4"": 1, ""5"": 1, ""6"": 1, ""7"": 1, ""8"": 1, ""9"": 1, ""10"": 1, ""11"": 1, ""12"": 1, ""13"": 1, ""14"": 1, ""15"": 1, ""16"": 1, ""17"": 1, ""18"": 1, ""19"": 1, ""20"": 1, ""21"": 1, ""22"": 1, ""23"": 1, ""24"": 1, ""25"": 1, ""26"": 1, ""27"": 1, ""28"": 1, ""29"": 1, ""30"": 1, ""31"": 1, ""32"": 1, ""33"": 1, ""34"": 1, ""35"": 1}, ""heuristic"": ""SJF"", ""strategy"": ""Fixed"", ""history_phase"": ""multiple-child""}",train_root,,0.0,0,0.0,0.0
1,50,148,148,adversary,0,0.0,[],[],[],0.0,[],0,0.0,0.0,"AdversaryAction(requests=[], stop_decode_ids=[])","{""type"": ""adversary"", ""requests"": [], ""stop_decode_ids"": [], ""history_phase"": ""forced_step:single-child""}",train_root,,0.0,0,0.0,0.0
1,50,149,149,controller,0,0.0,[],[],[],0.0,[],3,0.0,0.0,"ControllerAction(token_budget=548, selected_request_ids=[0, 1, 2, 3, 4, 5, 6, 7, 8, 9, 10, 11, 12, 13, 14, 15, 16, 17, 18, 19, 20, 21, 22, 23, 24, 25, 26, 27, 28, 29, 30, 31, 32, 33, 34, 35, 37], token_allocations={0: 1, 1: 1, 2: 1, 3: 1, 4: 1, 5: 1, 6: 1, 7: 1, 8: 1, 9: 1, 10: 1, 11: 1, 12: 1, 13: 1, 14: 1, 15: 1, 16: 1, 17: 1, 18: 1, 19: 1, 20: 1, 21: 1, 22: 1, 23: 1, 24: 1, 25: 1, 26: 1, 27: 1, 28: 1, 29: 1, 30: 1, 31: 1, 32: 1, 33: 1, 34: 1, 35: 1, 37: 512}, prefill_allocations={37: 512}, decode_allocations={0: 1, 1: 1, 2: 1, 3: 1, 4: 1, 5: 1, 6: 1, 7: 1, 8: 1, 9: 1, 10: 1, 11: 1, 12: 1, 13: 1, 14: 1, 15: 1, 16: 1, 17: 1, 18: 1, 19: 1, 20: 1, 21: 1, 22: 1, 23: 1, 24: 1, 25: 1, 26: 1, 27: 1, 28: 1, 29: 1, 30: 1, 31: 1, 32: 1, 33: 1, 34: 1, 35: 1}, heuristic='LJF', strategy='Fixed', mapping=None)","{""type"": ""controller"", ""token_budget"": 548, ""selected_request_ids"": [0, 1, 2, 3, 4, 5, 6, 7, 8, 9, 10, 11, 12, 13, 14, 15, 16, 17, 18, 19, 20, 21, 22, 23, 24, 25, 26, 27, 28, 29, 30, 31, 32, 33, 34, 35, 37], ""token_allocations"": {""0"": 1, ""1"": 1, ""2"": 1, ""3"": 1, ""4"": 1, ""5"": 1, ""6"": 1, ""7"": 1, ""8"": 1, ""9"": 1, ""10"": 1, ""11"": 1, ""12"": 1, ""13"": 1, ""14"": 1, ""15"": 1, ""16"": 1, ""17"": 1, ""18"": 1, ""19"": 1, ""20"": 1, ""21"": 1, ""22"": 1, ""23"": 1, ""24"": 1, ""25"": 1, ""26"": 1, ""27"": 1, ""28"": 1, ""29"": 1, ""30"": 1, ""31"": 1, ""32"": 1, ""33"": 1, ""34"": 1, ""35"": 1, ""37"": 512}, ""prefill_allocations"": {""37"": 512}, ""decode_allocations"": {""0"": 1, ""1"": 1, ""2"": 1, ""3"": 1, ""4"": 1, ""5"": 1, ""6"": 1, ""7"": 1, ""8"": 1, ""9"": 1, ""10"": 1, ""11"": 1, ""12"": 1, ""13"": 1, ""14"": 1, ""15"": 1, ""16"": 1, ""17"": 1, ""18"": 1, ""19"": 1, ""20"": 1, ""21"": 1, ""22"": 1, ""23"": 1, ""24"": 1, ""25"": 1, ""26"": 1, ""27"": 1, ""28"": 1, ""29"": 1, ""30"": 1, ""31"": 1, ""32"": 1, ""33"": 1, ""34"": 1, ""35"": 1}, ""heuristic"": ""LJF"", ""strategy"": ""Fixed"", ""history_phase"": ""multiple-child""}",train_root,,0.0,0,0.0,0.0
1,50,150,150,adversary,0,0.0,[],[],[],0.0,[],0,0.0,0.0,"AdversaryAction(requests=[], stop_decode_ids=[])","{""type"": ""adversary"", ""requests"": [], ""stop_decode_ids"": [], ""history_phase"": ""forced_step:single-child""}",train_root,,0.0,0,0.0,0.0
1,50,151,151,controller,0,0.0,[],[],[],0.0,[],10,0.0,0.0,"ControllerAction(token_budget=1572, selected_request_ids=[0, 1, 2, 3, 4, 5, 6, 7, 8, 9, 10, 11, 12, 13, 14, 15, 16, 17, 18, 19, 20, 21, 22, 23, 24, 25, 26, 27, 28, 29, 30, 31, 32, 33, 34, 35, 38], token_allocations={0: 1, 1: 1, 2: 1, 3: 1, 4: 1, 5: 1, 6: 1, 7: 1, 8: 1, 9: 1, 10: 1, 11: 1, 12: 1, 13: 1, 14: 1, 15: 1, 16: 1, 17: 1, 18: 1, 19: 1, 20: 1, 21: 1, 22: 1, 23: 1, 24: 1, 25: 1, 26: 1, 27: 1, 28: 1, 29: 1, 30: 1, 31: 1, 32: 1, 33: 1, 34: 1, 35: 1, 38: 1536}, prefill_allocations={38: 1536}, decode_allocations={0: 1, 1: 1, 2: 1, 3: 1, 4: 1, 5: 1, 6: 1, 7: 1, 8: 1, 9: 1, 10: 1, 11: 1, 12: 1, 13: 1, 14: 1, 15: 1, 16: 1, 17: 1, 18: 1, 19: 1, 20: 1, 21: 1, 22: 1, 23: 1, 24: 1, 25: 1, 26: 1, 27: 1, 28: 1, 29: 1, 30: 1, 31: 1, 32: 1, 33: 1, 34: 1, 35: 1}, heuristic='LST', strategy='Fixed', mapping=None)","{""type"": ""controller"", ""token_budget"": 1572, ""selected_request_ids"": [0, 1, 2, 3, 4, 5, 6, 7, 8, 9, 10, 11, 12, 13, 14, 15, 16, 17, 18, 19, 20, 21, 22, 23, 24, 25, 26, 27, 28, 29, 30, 31, 32, 33, 34, 35, 38], ""token_allocations"": {""0"": 1, ""1"": 1, ""2"": 1, ""3"": 1, ""4"": 1, ""5"": 1, ""6"": 1, ""7"": 1, ""8"": 1, ""9"": 1, ""10"": 1, ""11"": 1, ""12"": 1, ""13"": 1, ""14"": 1, ""15"": 1, ""16"": 1, ""17"": 1, ""18"": 1, ""19"": 1, ""20"": 1, ""21"": 1, ""22"": 1, ""23"": 1, ""24"": 1, ""25"": 1, ""26"": 1, ""27"": 1, ""28"": 1, ""29"": 1, ""30"": 1, ""31"": 1, ""32"": 1, ""33"": 1, ""34"": 1, ""35"": 1, ""38"": 1536}, ""prefill_allocations"": {""38"": 1536}, ""decode_allocations"": {""0"": 1, ""1"": 1, ""2"": 1, ""3"": 1, ""4"": 1, ""5"": 1, ""6"": 1, ""7"": 1, ""8"": 1, ""9"": 1, ""10"": 1, ""11"": 1, ""12"": 1, ""13"": 1, ""14"": 1, ""15"": 1, ""16"": 1, ""17"": 1, ""18"": 1, ""19"": 1, ""20"": 1, ""21"": 1, ""22"": 1, ""23"": 1, ""24"": 1, ""25"": 1, ""26"": 1, ""27"": 1, ""28"": 1, ""29"": 1, ""30"": 1, ""31"": 1, ""32"": 1, ""33"": 1, ""34"": 1, ""35"": 1}, ""heuristic"": ""LST"", ""strategy"": ""Fixed"", ""history_phase"": ""multiple-child""}",train_root,,0.0,0,0.0,0.0
1,50,152,152,adversary,0,0.0,[],[],[],0.0,[],0,0.0,0.0,"AdversaryAction(requests=[], stop_decode_ids=[])","{""type"": ""adversary"", ""requests"": [], ""stop_decode_ids"": [], ""history_phase"": ""forced_step:single-child""}",train_root,,0.0,0,0.0,0.0
1,50,153,153,controller,0,0.0,[],[],[],0.0,[],4,0.0,0.0,"ControllerAction(token_budget=1060, selected_request_ids=[0, 1, 2, 3, 4, 5, 6, 7, 8, 9, 10, 11, 12, 13, 14, 15, 16, 17, 18, 19, 20, 21, 22, 23, 24, 25, 26, 27, 28, 29, 30, 31, 32, 33, 34, 35, 36, 38], token_allocations={0: 1, 1: 1, 2: 1, 3: 1, 4: 1, 5: 1, 6: 1, 7: 1, 8: 1, 9: 1, 10: 1, 11: 1, 12: 1, 13: 1, 14: 1, 15: 1, 16: 1, 17: 1, 18: 1, 19: 1, 20: 1, 21: 1, 22: 1, 23: 1, 24: 1, 25: 1, 26: 1, 27: 1, 28: 1, 29: 1, 30: 1, 31: 1, 32: 1, 33: 1, 34: 1, 35: 1, 36: 512, 38: 512}, prefill_allocations={36: 512, 38: 512}, decode_allocations={0: 1, 1: 1, 2: 1, 3: 1, 4: 1, 5: 1, 6: 1, 7: 1, 8: 1, 9: 1, 10: 1, 11: 1, 12: 1, 13: 1, 14: 1, 15: 1, 16: 1, 17: 1, 18: 1, 19: 1, 20: 1, 21: 1, 22: 1, 23: 1, 24: 1, 25: 1, 26: 1, 27: 1, 28: 1, 29: 1, 30: 1, 31: 1, 32: 1, 33: 1, 34: 1, 35: 1}, heuristic='SJF', strategy='Fixed', mapping=None)","{""type"": ""controller"", ""token_budget"": 1060, ""selected_request_ids"": [0, 1, 2, 3, 4, 5, 6, 7, 8, 9, 10, 11, 12, 13, 14, 15, 16, 17, 18, 19, 20, 21, 22, 23, 24, 25, 26, 27, 28, 29, 30, 31, 32, 33, 34, 35, 36, 38], ""token_allocations"": {""0"": 1, ""1"": 1, ""2"": 1, ""3"": 1, ""4"": 1, ""5"": 1, ""6"": 1, ""7"": 1, ""8"": 1, ""9"": 1, ""10"": 1, ""11"": 1, ""12"": 1, ""13"": 1, ""14"": 1, ""15"": 1, ""16"": 1, ""17"": 1, ""18"": 1, ""19"": 1, ""20"": 1, ""21"": 1, ""22"": 1, ""23"": 1, ""24"": 1, ""25"": 1, ""26"": 1, ""27"": 1, ""28"": 1, ""29"": 1, ""30"": 1, ""31"": 1, ""32"": 1, ""33"": 1, ""34"": 1, ""35"": 1, ""36"": 512, ""38"": 512}, ""prefill_allocations"": {""36"": 512, ""38"": 512}, ""decode_allocations"": {""0"": 1, ""1"": 1, ""2"": 1, ""3"": 1, ""4"": 1, ""5"": 1, ""6"": 1, ""7"": 1, ""8"": 1, ""9"": 1, ""10"": 1, ""11"": 1, ""12"": 1, ""13"": 1, ""14"": 1, ""15"": 1, ""16"": 1, ""17"": 1, ""18"": 1, ""19"": 1, ""20"": 1, ""21"": 1, ""22"": 1, ""23"": 1, ""24"": 1, ""25"": 1, ""26"": 1, ""27"": 1, ""28"": 1, ""29"": 1, ""30"": 1, ""31"": 1, ""32"": 1, ""33"": 1, ""34"": 1, ""35"": 1}, ""heuristic"": ""SJF"", ""strategy"": ""Fixed"", ""history_phase"": ""multiple-child""}",train_root,,0.0,0,0.0,0.0
1,50,154,154,adversary,0,0.0,[],[],[],0.0,[],0,0.0,0.0,"AdversaryAction(requests=[], stop_decode_ids=[])","{""type"": ""adversary"", ""requests"": [], ""stop_decode_ids"": [], ""history_phase"": ""forced_step:single-child""}",train_root,,0.0,0,0.0,0.0
1,50,155,155,controller,0,0.0,[],[],[],0.0,[],15,0.0,0.0,"ControllerAction(token_budget=2085, selected_request_ids=[0, 1, 2, 3, 4, 5, 6, 7, 8, 9, 10, 11, 12, 13, 14, 15, 16, 17, 18, 19, 20, 21, 22, 23, 24, 25, 26, 27, 28, 29, 30, 31, 32, 33, 34, 35, 36, 37], token_allocations={0: 1, 1: 1, 2: 1, 3: 1, 4: 1, 5: 1, 6: 1, 7: 1, 8: 1, 9: 1, 10: 1, 11: 1, 12: 1, 13: 1, 14: 1, 15: 1, 16: 1, 17: 1, 18: 1, 19: 1, 20: 1, 21: 1, 22: 1, 23: 1, 24: 1, 25: 1, 26: 1, 27: 1, 28: 1, 29: 1, 30: 1, 31: 1, 32: 1, 33: 1, 34: 1, 35: 1, 36: 1, 37: 2048}, prefill_allocations={37: 2048}, decode_allocations={0: 1, 1: 1, 2: 1, 3: 1, 4: 1, 5: 1, 6: 1, 7: 1, 8: 1, 9: 1, 10: 1, 11: 1, 12: 1, 13: 1, 14: 1, 15: 1, 16: 1, 17: 1, 18: 1, 19: 1, 20: 1, 21: 1, 22: 1, 23: 1, 24: 1, 25: 1, 26: 1, 27: 1, 28: 1, 29: 1, 30: 1, 31: 1, 32: 1, 33: 1, 34: 1, 35: 1, 36: 1}, heuristic='LJF', strategy='Fixed', mapping=None)","{""type"": ""controller"", ""token_budget"": 2085, ""selected_request_ids"": [0, 1, 2, 3, 4, 5, 6, 7, 8, 9, 10, 11, 12, 13, 14, 15, 16, 17, 18, 19, 20, 21, 22, 23, 24, 25, 26, 27, 28, 29, 30, 31, 32, 33, 34, 35, 36, 37], ""token_allocations"": {""0"": 1, ""1"": 1, ""2"": 1, ""3"": 1, ""4"": 1, ""5"": 1, ""6"": 1, ""7"": 1, ""8"": 1, ""9"": 1, ""10"": 1, ""11"": 1, ""12"": 1, ""13"": 1, ""14"": 1, ""15"": 1, ""16"": 1, ""17"": 1, ""18"": 1, ""19"": 1, ""20"": 1, ""21"": 1, ""22"": 1, ""23"": 1, ""24"": 1, ""25"": 1, ""26"": 1, ""27"": 1, ""28"": 1, ""29"": 1, ""30"": 1, ""31"": 1, ""32"": 1, ""33"": 1, ""34"": 1, ""35"": 1, ""36"": 1, ""37"": 2048}, ""prefill_allocations"": {""37"": 2048}, ""decode_allocations"": {""0"": 1, ""1"": 1, ""2"": 1, ""3"": 1, ""4"": 1, ""5"": 1, ""6"": 1, ""7"": 1, ""8"": 1, ""9"": 1, ""10"": 1, ""11"": 1, ""12"": 1, ""13"": 1, ""14"": 1, ""15"": 1, ""16"": 1, ""17"": 1, ""18"": 1, ""19"": 1, ""20"": 1, ""21"": 1, ""22"": 1, ""23"": 1, ""24"": 1, ""25"": 1, ""26"": 1, ""27"": 1, ""28"": 1, ""29"": 1, ""30"": 1, ""31"": 1, ""32"": 1, ""33"": 1, ""34"": 1, ""35"": 1, ""36"": 1}, ""heuristic"": ""LJF"", ""strategy"": ""Fixed"", ""history_phase"": ""multiple-child""}",train_root,,0.0,0,0.0,0.0
1,50,156,156,adversary,0,0.0,[],[],[],0.0,[],0,0.0,0.0,"AdversaryAction(requests=[], stop_decode_ids=[])","{""type"": ""adversary"", ""requests"": [], ""stop_decode_ids"": [], ""history_phase"": ""forced_step:single-child""}",train_root,,0.0,0,0.0,0.0
1,50,157,157,controller,0,0.0,[],[],[],0.0,[],1,0.0,0.0,"ControllerAction(token_budget=549, selected_request_ids=[0, 1, 2, 3, 4, 5, 6, 7, 8, 9, 10, 11, 12, 13, 14, 15, 16, 17, 18, 19, 20, 21, 22, 23, 24, 25, 26, 27, 28, 29, 30, 31, 32, 33, 34, 35, 36, 37], token_allocations={0: 1, 1: 1, 2: 1, 3: 1, 4: 1, 5: 1, 6: 1, 7: 1, 8: 1, 9: 1, 10: 1, 11: 1, 12: 1, 13: 1, 14: 1, 15: 1, 16: 1, 17: 1, 18: 1, 19: 1, 20: 1, 21: 1, 22: 1, 23: 1, 24: 1, 25: 1, 26: 1, 27: 1, 28: 1, 29: 1, 30: 1, 31: 1, 32: 1, 33: 1, 34: 1, 35: 1, 36: 1, 37: 512}, prefill_allocations={37: 512}, decode_allocations={0: 1, 1: 1, 2: 1, 3: 1, 4: 1, 5: 1, 6: 1, 7: 1, 8: 1, 9: 1, 10: 1, 11: 1, 12: 1, 13: 1, 14: 1, 15: 1, 16: 1, 17: 1, 18: 1, 19: 1, 20: 1, 21: 1, 22: 1, 23: 1, 24: 1, 25: 1, 26: 1, 27: 1, 28: 1, 29: 1, 30: 1, 31: 1, 32: 1, 33: 1, 34: 1, 35: 1, 36: 1}, heuristic='EDF', strategy='Fixed', mapping=None)","{""type"": ""controller"", ""token_budget"": 549, ""selected_request_ids"": [0, 1, 2, 3, 4, 5, 6, 7, 8, 9, 10, 11, 12, 13, 14, 15, 16, 17, 18, 19, 20, 21, 22, 23, 24, 25, 26, 27, 28, 29, 30, 31, 32, 33, 34, 35, 36, 37], ""token_allocations"": {""0"": 1, ""1"": 1, ""2"": 1, ""3"": 1, ""4"": 1, ""5"": 1, ""6"": 1, ""7"": 1, ""8"": 1, ""9"": 1, ""10"": 1, ""11"": 1, ""12"": 1, ""13"": 1, ""14"": 1, ""15"": 1, ""16"": 1, ""17"": 1, ""18"": 1, ""19"": 1, ""20"": 1, ""21"": 1, ""22"": 1, ""23"": 1, ""24"": 1, ""25"": 1, ""26"": 1, ""27"": 1, ""28"": 1, ""29"": 1, ""30"": 1, ""31"": 1, ""32"": 1, ""33"": 1, ""34"": 1, ""35"": 1, ""36"": 1, ""37"": 512}, ""prefill_allocations"": {""37"": 512}, ""decode_allocations"": {""0"": 1, ""1"": 1, ""2"": 1, ""3"": 1, ""4"": 1, ""5"": 1, ""6"": 1, ""7"": 1, ""8"": 1, ""9"": 1, ""10"": 1, ""11"": 1, ""12"": 1, ""13"": 1, ""14"": 1, ""15"": 1, ""16"": 1, ""17"": 1, ""18"": 1, ""19"": 1, ""20"": 1, ""21"": 1, ""22"": 1, ""23"": 1, ""24"": 1, ""25"": 1, ""26"": 1, ""27"": 1, ""28"": 1, ""29"": 1, ""30"": 1, ""31"": 1, ""32"": 1, ""33"": 1, ""34"": 1, ""35"": 1, ""36"": 1}, ""heuristic"": ""EDF"", ""strategy"": ""Fixed"", ""history_phase"": ""multiple-child""}",train_root,,0.0,0,0.0,0.0
1,50,158,158,adversary,0,0.0,[],[],[],0.0,[],0,0.0,0.0,"AdversaryAction(requests=[], stop_decode_ids=[])","{""type"": ""adversary"", ""requests"": [], ""stop_decode_ids"": [], ""history_phase"": ""forced_step:single-child""}",train_root,,0.0,0,0.0,0.0
1,50,159,159,controller,0,0.0,[],[],[],0.0,[],6,0.0,0.0,"ControllerAction(token_budget=1062, selected_request_ids=[0, 1, 2, 3, 4, 5, 6, 7, 8, 9, 10, 11, 12, 13, 14, 15, 16, 17, 18, 19, 20, 21, 22, 23, 24, 25, 26, 27, 28, 29, 30, 31, 32, 33, 34, 35, 36, 37, 38], token_allocations={0: 1, 1: 1, 2: 1, 3: 1, 4: 1, 5: 1, 6: 1, 7: 1, 8: 1, 9: 1, 10: 1, 11: 1, 12: 1, 13: 1, 14: 1, 15: 1, 16: 1, 17: 1, 18: 1, 19: 1, 20: 1, 21: 1, 22: 1, 23: 1, 24: 1, 25: 1, 26: 1, 27: 1, 28: 1, 29: 1, 30: 1, 31: 1, 32: 1, 33: 1, 34: 1, 35: 1, 36: 1, 37: 1, 38: 1024}, prefill_allocations={38: 1024}, decode_allocations={0: 1, 1: 1, 2: 1, 3: 1, 4: 1, 5: 1, 6: 1, 7: 1, 8: 1, 9: 1, 10: 1, 11: 1, 12: 1, 13: 1, 14: 1, 15: 1, 16: 1, 17: 1, 18: 1, 19: 1, 20: 1, 21: 1, 22: 1, 23: 1, 24: 1, 25: 1, 26: 1, 27: 1, 28: 1, 29: 1, 30: 1, 31: 1, 32: 1, 33: 1, 34: 1, 35: 1, 36: 1, 37: 1}, heuristic='LST', strategy='Fixed', mapping=None)","{""type"": ""controller"", ""token_budget"": 1062, ""selected_request_ids"": [0, 1, 2, 3, 4, 5, 6, 7, 8, 9, 10, 11, 12, 13, 14, 15, 16, 17, 18, 19, 20, 21, 22, 23, 24, 25, 26, 27, 28, 29, 30, 31, 32, 33, 34, 35, 36, 37, 38], ""token_allocations"": {""0"": 1, ""1"": 1, ""2"": 1, ""3"": 1, ""4"": 1, ""5"": 1, ""6"": 1, ""7"": 1, ""8"": 1, ""9"": 1, ""10"": 1, ""11"": 1, ""12"": 1, ""13"": 1, ""14"": 1, ""15"": 1, ""16"": 1, ""17"": 1, ""18"": 1, ""19"": 1, ""20"": 1, ""21"": 1, ""22"": 1, ""23"": 1, ""24"": 1, ""25"": 1, ""26"": 1, ""27"": 1, ""28"": 1, ""29"": 1, ""30"": 1, ""31"": 1, ""32"": 1, ""33"": 1, ""34"": 1, ""35"": 1, ""36"": 1, ""37"": 1, ""38"": 1024}, ""prefill_allocations"": {""38"": 1024}, ""decode_allocations"": {""0"": 1, ""1"": 1, ""2"": 1, ""3"": 1, ""4"": 1, ""5"": 1, ""6"": 1, ""7"": 1, ""8"": 1, ""9"": 1, ""10"": 1, ""11"": 1, ""12"": 1, ""13"": 1, ""14"": 1, ""15"": 1, ""16"": 1, ""17"": 1, ""18"": 1, ""19"": 1, ""20"": 1, ""21"": 1, ""22"": 1, ""23"": 1, ""24"": 1, ""25"": 1, ""26"": 1, ""27"": 1, ""28"": 1, ""29"": 1, ""30"": 1, ""31"": 1, ""32"": 1, ""33"": 1, ""34"": 1, ""35"": 1, ""36"": 1, ""37"": 1}, ""heuristic"": ""LST"", ""strategy"": ""Fixed"", ""history_phase"": ""multiple-child""}",train_root,,0.0,0,0.0,0.0
1,50,160,160,adversary,0,0.0,[],[],[],0.0,[],0,0.0,0.0,"AdversaryAction(requests=[], stop_decode_ids=[])","{""type"": ""adversary"", ""requests"": [], ""stop_decode_ids"": [], ""history_phase"": ""forced_step:single-child""}",train_root,,0.0,0,0.0,0.0
1,50,161,161,controller,0,0.0,[],[],[],0.0,[],0,0.0,0.0,"ControllerAction(token_budget=39, selected_request_ids=[0, 1, 2, 3, 4, 5, 6, 7, 8, 9, 10, 11, 12, 13, 14, 15, 16, 17, 18, 19, 20, 21, 22, 23, 24, 25, 26, 27, 28, 29, 30, 31, 32, 33, 34, 35, 36, 37, 38], token_allocations={0: 1, 1: 1, 2: 1, 3: 1, 4: 1, 5: 1, 6: 1, 7: 1, 8: 1, 9: 1, 10: 1, 11: 1, 12: 1, 13: 1, 14: 1, 15: 1, 16: 1, 17: 1, 18: 1, 19: 1, 20: 1, 21: 1, 22: 1, 23: 1, 24: 1, 25: 1, 26: 1, 27: 1, 28: 1, 29: 1, 30: 1, 31: 1, 32: 1, 33: 1, 34: 1, 35: 1, 36: 1, 37: 1, 38: 1}, prefill_allocations={}, decode_allocations={0: 1, 1: 1, 2: 1, 3: 1, 4: 1, 5: 1, 6: 1, 7: 1, 8: 1, 9: 1, 10: 1, 11: 1, 12: 1, 13: 1, 14: 1, 15: 1, 16: 1, 17: 1, 18: 1, 19: 1, 20: 1, 21: 1, 22: 1, 23: 1, 24: 1, 25: 1, 26: 1, 27: 1, 28: 1, 29: 1, 30: 1, 31: 1, 32: 1, 33: 1, 34: 1, 35: 1, 36: 1, 37: 1, 38: 1}, heuristic='SJF', strategy='Fixed', mapping=None)","{""type"": ""controller"", ""token_budget"": 39, ""selected_request_ids"": [0, 1, 2, 3, 4, 5, 6, 7, 8, 9, 10, 11, 12, 13, 14, 15, 16, 17, 18, 19, 20, 21, 22, 23, 24, 25, 26, 27, 28, 29, 30, 31, 32, 33, 34, 35, 36, 37, 38], ""token_allocations"": {""0"": 1, ""1"": 1, ""2"": 1, ""3"": 1, ""4"": 1, ""5"": 1, ""6"": 1, ""7"": 1, ""8"": 1, ""9"": 1, ""10"": 1, ""11"": 1, ""12"": 1, ""13"": 1, ""14"": 1, ""15"": 1, ""16"": 1, ""17"": 1, ""18"": 1, ""19"": 1, ""20"": 1, ""21"": 1, ""22"": 1, ""23"": 1, ""24"": 1, ""25"": 1, ""26"": 1, ""27"": 1, ""28"": 1, ""29"": 1, ""30"": 1, ""31"": 1, ""32"": 1, ""33"": 1, ""34"": 1, ""35"": 1, ""36"": 1, ""37"": 1, ""38"": 1}, ""prefill_allocations"": {}, ""decode_allocations"": {""0"": 1, ""1"": 1, ""2"": 1, ""3"": 1, ""4"": 1, ""5"": 1, ""6"": 1, ""7"": 1, ""8"": 1, ""9"": 1, ""10"": 1, ""11"": 1, ""12"": 1, ""13"": 1, ""14"": 1, ""15"": 1, ""16"": 1, ""17"": 1, ""18"": 1, ""19"": 1, ""20"": 1, ""21"": 1, ""22"": 1, ""23"": 1, ""24"": 1, ""25"": 1, ""26"": 1, ""27"": 1, ""28"": 1, ""29"": 1, ""30"": 1, ""31"": 1, ""32"": 1, ""33"": 1, ""34"": 1, ""35"": 1, ""36"": 1, ""37"": 1, ""38"": 1}, ""heuristic"": ""SJF"", ""strategy"": ""Fixed"", ""history_phase"": ""forced_step:single-child""}",train_root,,0.0,0,0.0,0.0
1,50,162,162,adversary,0,0.0,[],[],[],0.0,[],1,0.0,0.0,"AdversaryAction(requests=[AdversaryRequestSpec(prefill_tokens=3072, decode_tokens=5000, prefill_slo=0.3874467952163693, decode_slo=0.05), AdversaryRequestSpec(prefill_tokens=3072, decode_tokens=5000, prefill_slo=0.3874467952163693, decode_slo=0.05)], stop_decode_ids=[])","{""type"": ""adversary"", ""requests"": [{""prefill_tokens"": 3072, ""decode_tokens"": 5000, ""prefill_slo"": 0.3874467952163693, ""decode_slo"": 0.05}, {""prefill_tokens"": 3072, ""decode_tokens"": 5000, ""prefill_slo"": 0.3874467952163693, ""decode_slo"": 0.05}], ""stop_decode_ids"": [], ""history_phase"": ""multiple-child""}",train_root,,0.0,0,0.0,0.0
1,50,163,163,controller,0,0.0,[],[],[],0.0,[],23,0.0,0.0,"ControllerAction(token_budget=3111, selected_request_ids=[0, 1, 2, 3, 4, 5, 6, 7, 8, 9, 10, 11, 12, 13, 14, 15, 16, 17, 18, 19, 20, 21, 22, 23, 24, 25, 26, 27, 28, 29, 30, 31, 32, 33, 34, 35, 36, 37, 38, 39], token_allocations={0: 1, 1: 1, 2: 1, 3: 1, 4: 1, 5: 1, 6: 1, 7: 1, 8: 1, 9: 1, 10: 1, 11: 1, 12: 1, 13: 1, 14: 1, 15: 1, 16: 1, 17: 1, 18: 1, 19: 1, 20: 1, 21: 1, 22: 1, 23: 1, 24: 1, 25: 1, 26: 1, 27: 1, 28: 1, 29: 1, 30: 1, 31: 1, 32: 1, 33: 1, 34: 1, 35: 1, 36: 1, 37: 1, 38: 1, 39: 3072}, prefill_allocations={39: 3072}, decode_allocations={0: 1, 1: 1, 2: 1, 3: 1, 4: 1, 5: 1, 6: 1, 7: 1, 8: 1, 9: 1, 10: 1, 11: 1, 12: 1, 13: 1, 14: 1, 15: 1, 16: 1, 17: 1, 18: 1, 19: 1, 20: 1, 21: 1, 22: 1, 23: 1, 24: 1, 25: 1, 26: 1, 27: 1, 28: 1, 29: 1, 30: 1, 31: 1, 32: 1, 33: 1, 34: 1, 35: 1, 36: 1, 37: 1, 38: 1}, heuristic='LJF', strategy='Fixed', mapping=None)","{""type"": ""controller"", ""token_budget"": 3111, ""selected_request_ids"": [0, 1, 2, 3, 4, 5, 6, 7, 8, 9, 10, 11, 12, 13, 14, 15, 16, 17, 18, 19, 20, 21, 22, 23, 24, 25, 26, 27, 28, 29, 30, 31, 32, 33, 34, 35, 36, 37, 38, 39], ""token_allocations"": {""0"": 1, ""1"": 1, ""2"": 1, ""3"": 1, ""4"": 1, ""5"": 1, ""6"": 1, ""7"": 1, ""8"": 1, ""9"": 1, ""10"": 1, ""11"": 1, ""12"": 1, ""13"": 1, ""14"": 1, ""15"": 1, ""16"": 1, ""17"": 1, ""18"": 1, ""19"": 1, ""20"": 1, ""21"": 1, ""22"": 1, ""23"": 1, ""24"": 1, ""25"": 1, ""26"": 1, ""27"": 1, ""28"": 1, ""29"": 1, ""30"": 1, ""31"": 1, ""32"": 1, ""33"": 1, ""34"": 1, ""35"": 1, ""36"": 1, ""37"": 1, ""38"": 1, ""39"": 3072}, ""prefill_allocations"": {""39"": 3072}, ""decode_allocations"": {""0"": 1, ""1"": 1, ""2"": 1, ""3"": 1, ""4"": 1, ""5"": 1, ""6"": 1, ""7"": 1, ""8"": 1, ""9"": 1, ""10"": 1, ""11"": 1, ""12"": 1, ""13"": 1, ""14"": 1, ""15"": 1, ""16"": 1, ""17"": 1, ""18"": 1, ""19"": 1, ""20"": 1, ""21"": 1, ""22"": 1, ""23"": 1, ""24"": 1, ""25"": 1, ""26"": 1, ""27"": 1, ""28"": 1, ""29"": 1, ""30"": 1, ""31"": 1, ""32"": 1, ""33"": 1, ""34"": 1, ""35"": 1, ""36"": 1, ""37"": 1, ""38"": 1}, ""heuristic"": ""LJF"", ""strategy"": ""Fixed"", ""history_phase"": ""multiple-child""}",train_root,,0.0,0,0.0,0.0
1,50,164,164,adversary,0,0.0,[],[],[],0.0,[],0,0.0,0.0,"AdversaryAction(requests=[], stop_decode_ids=[])","{""type"": ""adversary"", ""requests"": [], ""stop_decode_ids"": [], ""history_phase"": ""forced_step:single-child""}",train_root,,0.0,0,0.0,0.0
1,50,165,165,controller,0,0.0,[],[],[],0.0,[],1,0.0,0.0,"ControllerAction(token_budget=552, selected_request_ids=[0, 1, 2, 3, 4, 5, 6, 7, 8, 9, 10, 11, 12, 13, 14, 15, 16, 17, 18, 19, 20, 21, 22, 23, 24, 25, 26, 27, 28, 29, 30, 31, 32, 33, 34, 35, 36, 37, 38, 39, 40], token_allocations={0: 1, 1: 1, 2: 1, 3: 1, 4: 1, 5: 1, 6: 1, 7: 1, 8: 1, 9: 1, 10: 1, 11: 1, 12: 1, 13: 1, 14: 1, 15: 1, 16: 1, 17: 1, 18: 1, 19: 1, 20: 1, 21: 1, 22: 1, 23: 1, 24: 1, 25: 1, 26: 1, 27: 1, 28: 1, 29: 1, 30: 1, 31: 1, 32: 1, 33: 1, 34: 1, 35: 1, 36: 1, 37: 1, 38: 1, 39: 1, 40: 512}, prefill_allocations={40: 512}, decode_allocations={0: 1, 1: 1, 2: 1, 3: 1, 4: 1, 5: 1, 6: 1, 7: 1, 8: 1, 9: 1, 10: 1, 11: 1, 12: 1, 13: 1, 14: 1, 15: 1, 16: 1, 17: 1, 18: 1, 19: 1, 20: 1, 21: 1, 22: 1, 23: 1, 24: 1, 25: 1, 26: 1, 27: 1, 28: 1, 29: 1, 30: 1, 31: 1, 32: 1, 33: 1, 34: 1, 35: 1, 36: 1, 37: 1, 38: 1, 39: 1}, heuristic='EDF', strategy='Fixed', mapping=None)","{""type"": ""controller"", ""token_budget"": 552, ""selected_request_ids"": [0, 1, 2, 3, 4, 5, 6, 7, 8, 9, 10, 11, 12, 13, 14, 15, 16, 17, 18, 19, 20, 21, 22, 23, 24, 25, 26, 27, 28, 29, 30, 31, 32, 33, 34, 35, 36, 37, 38, 39, 40], ""token_allocations"": {""0"": 1, ""1"": 1, ""2"": 1, ""3"": 1, ""4"": 1, ""5"": 1, ""6"": 1, ""7"": 1, ""8"": 1, ""9"": 1, ""10"": 1, ""11"": 1, ""12"": 1, ""13"": 1, ""14"": 1, ""15"": 1, ""16"": 1, ""17"": 1, ""18"": 1, ""19"": 1, ""20"": 1, ""21"": 1, ""22"": 1, ""23"": 1, ""24"": 1, ""25"": 1, ""26"": 1, ""27"": 1, ""28"": 1, ""29"": 1, ""30"": 1, ""31"": 1, ""32"": 1, ""33"": 1, ""34"": 1, ""35"": 1, ""36"": 1, ""37"": 1, ""38"": 1, ""39"": 1, ""40"": 512}, ""prefill_allocations"": {""40"": 512}, ""decode_allocations"": {""0"": 1, ""1"": 1, ""2"": 1, ""3"": 1, ""4"": 1, ""5"": 1, ""6"": 1, ""7"": 1, ""8"": 1, ""9"": 1, ""10"": 1, ""11"": 1, ""12"": 1, ""13"": 1, ""14"": 1, ""15"": 1, ""16"": 1, ""17"": 1, ""18"": 1, ""19"": 1, ""20"": 1, ""21"": 1, ""22"": 1, ""23"": 1, ""24"": 1, ""25"": 1, ""26"": 1, ""27"": 1, ""28"": 1, ""29"": 1, ""30"": 1, ""31"": 1, ""32"": 1, ""33"": 1, ""34"": 1, ""35"": 1, ""36"": 1, ""37"": 1, ""38"": 1, ""39"": 1}, ""heuristic"": ""EDF"", ""strategy"": ""Fixed"", ""history_phase"": ""multiple-child""}",train_root,,0.0,0,0.0,0.0
1,50,166,166,adversary,0,0.0,[],[],[],0.0,[],0,0.0,0.0,"AdversaryAction(requests=[], stop_decode_ids=[])","{""type"": ""adversary"", ""requests"": [], ""stop_decode_ids"": [], ""history_phase"": ""forced_step:single-child""}",train_root,,0.0,0,0.0,0.0
1,50,167,167,controller,0,0.0,[],[],[],0.0,[],0,0.0,0.0,"ControllerAction(token_budget=552, selected_request_ids=[0, 1, 2, 3, 4, 5, 6, 7, 8, 9, 10, 11, 12, 13, 14, 15, 16, 17, 18, 19, 20, 21, 22, 23, 24, 25, 26, 27, 28, 29, 30, 31, 32, 33, 34, 35, 36, 37, 38, 39, 40], token_allocations={0: 1, 1: 1, 2: 1, 3: 1, 4: 1, 5: 1, 6: 1, 7: 1, 8: 1, 9: 1, 10: 1, 11: 1, 12: 1, 13: 1, 14: 1, 15: 1, 16: 1, 17: 1, 18: 1, 19: 1, 20: 1, 21: 1, 22: 1, 23: 1, 24: 1, 25: 1, 26: 1, 27: 1, 28: 1, 29: 1, 30: 1, 31: 1, 32: 1, 33: 1, 34: 1, 35: 1, 36: 1, 37: 1, 38: 1, 39: 1, 40: 512}, prefill_allocations={40: 512}, decode_allocations={0: 1, 1: 1, 2: 1, 3: 1, 4: 1, 5: 1, 6: 1, 7: 1, 8: 1, 9: 1, 10: 1, 11: 1, 12: 1, 13: 1, 14: 1, 15: 1, 16: 1, 17: 1, 18: 1, 19: 1, 20: 1, 21: 1, 22: 1, 23: 1, 24: 1, 25: 1, 26: 1, 27: 1, 28: 1, 29: 1, 30: 1, 31: 1, 32: 1, 33: 1, 34: 1, 35: 1, 36: 1, 37: 1, 38: 1, 39: 1}, heuristic='SJF', strategy='Fixed', mapping=None)","{""type"": ""controller"", ""token_budget"": 552, ""selected_request_ids"": [0, 1, 2, 3, 4, 5, 6, 7, 8, 9, 10, 11, 12, 13, 14, 15, 16, 17, 18, 19, 20, 21, 22, 23, 24, 25, 26, 27, 28, 29, 30, 31, 32, 33, 34, 35, 36, 37, 38, 39, 40], ""token_allocations"": {""0"": 1, ""1"": 1, ""2"": 1, ""3"": 1, ""4"": 1, ""5"": 1, ""6"": 1, ""7"": 1, ""8"": 1, ""9"": 1, ""10"": 1, ""11"": 1, ""12"": 1, ""13"": 1, ""14"": 1, ""15"": 1, ""16"": 1, ""17"": 1, ""18"": 1, ""19"": 1, ""20"": 1, ""21"": 1, ""22"": 1, ""23"": 1, ""24"": 1, ""25"": 1, ""26"": 1, ""27"": 1, ""28"": 1, ""29"": 1, ""30"": 1, ""31"": 1, ""32"": 1, ""33"": 1, ""34"": 1, ""35"": 1, ""36"": 1, ""37"": 1, ""38"": 1, ""39"": 1, ""40"": 512}, ""prefill_allocations"": {""40"": 512}, ""decode_allocations"": {""0"": 1, ""1"": 1, ""2"": 1, ""3"": 1, ""4"": 1, ""5"": 1, ""6"": 1, ""7"": 1, ""8"": 1, ""9"": 1, ""10"": 1, ""11"": 1, ""12"": 1, ""13"": 1, ""14"": 1, ""15"": 1, ""16"": 1, ""17"": 1, ""18"": 1, ""19"": 1, ""20"": 1, ""21"": 1, ""22"": 1, ""23"": 1, ""24"": 1, ""25"": 1, ""26"": 1, ""27"": 1, ""28"": 1, ""29"": 1, ""30"": 1, ""31"": 1, ""32"": 1, ""33"": 1, ""34"": 1, ""35"": 1, ""36"": 1, ""37"": 1, ""38"": 1, ""39"": 1}, ""heuristic"": ""SJF"", ""strategy"": ""Fixed"", ""history_phase"": ""multiple-child""}",train_root,,0.0,0,0.0,0.0
1,50,168,168,adversary,0,0.0,[],[],[],0.0,[],0,0.0,0.0,"AdversaryAction(requests=[], stop_decode_ids=[])","{""type"": ""adversary"", ""requests"": [], ""stop_decode_ids"": [], ""history_phase"": ""forced_step:single-child""}",train_root,,0.0,0,0.0,0.0
1,50,169,169,controller,0,0.0,[],[],[],0.0,[],7,0.0,0.0,"ControllerAction(token_budget=1064, selected_request_ids=[0, 1, 2, 3, 4, 5, 6, 7, 8, 9, 10, 11, 12, 13, 14, 15, 16, 17, 18, 19, 20, 21, 22, 23, 24, 25, 26, 27, 28, 29, 30, 31, 32, 33, 34, 35, 36, 37, 38, 39, 40], token_allocations={0: 1, 1: 1, 2: 1, 3: 1, 4: 1, 5: 1, 6: 1, 7: 1, 8: 1, 9: 1, 10: 1, 11: 1, 12: 1, 13: 1, 14: 1, 15: 1, 16: 1, 17: 1, 18: 1, 19: 1, 20: 1, 21: 1, 22: 1, 23: 1, 24: 1, 25: 1, 26: 1, 27: 1, 28: 1, 29: 1, 30: 1, 31: 1, 32: 1, 33: 1, 34: 1, 35: 1, 36: 1, 37: 1, 38: 1, 39: 1, 40: 1024}, prefill_allocations={40: 1024}, decode_allocations={0: 1, 1: 1, 2: 1, 3: 1, 4: 1, 5: 1, 6: 1, 7: 1, 8: 1, 9: 1, 10: 1, 11: 1, 12: 1, 13: 1, 14: 1, 15: 1, 16: 1, 17: 1, 18: 1, 19: 1, 20: 1, 21: 1, 22: 1, 23: 1, 24: 1, 25: 1, 26: 1, 27: 1, 28: 1, 29: 1, 30: 1, 31: 1, 32: 1, 33: 1, 34: 1, 35: 1, 36: 1, 37: 1, 38: 1, 39: 1}, heuristic='LJF', strategy='Fixed', mapping=None)","{""type"": ""controller"", ""token_budget"": 1064, ""selected_request_ids"": [0, 1, 2, 3, 4, 5, 6, 7, 8, 9, 10, 11, 12, 13, 14, 15, 16, 17, 18, 19, 20, 21, 22, 23, 24, 25, 26, 27, 28, 29, 30, 31, 32, 33, 34, 35, 36, 37, 38, 39, 40], ""token_allocations"": {""0"": 1, ""1"": 1, ""2"": 1, ""3"": 1, ""4"": 1, ""5"": 1, ""6"": 1, ""7"": 1, ""8"": 1, ""9"": 1, ""10"": 1, ""11"": 1, ""12"": 1, ""13"": 1, ""14"": 1, ""15"": 1, ""16"": 1, ""17"": 1, ""18"": 1, ""19"": 1, ""20"": 1, ""21"": 1, ""22"": 1, ""23"": 1, ""24"": 1, ""25"": 1, ""26"": 1, ""27"": 1, ""28"": 1, ""29"": 1, ""30"": 1, ""31"": 1, ""32"": 1, ""33"": 1, ""34"": 1, ""35"": 1, ""36"": 1, ""37"": 1, ""38"": 1, ""39"": 1, ""40"": 1024}, ""prefill_allocations"": {""40"": 1024}, ""decode_allocations"": {""0"": 1, ""1"": 1, ""2"": 1, ""3"": 1, ""4"": 1, ""5"": 1, ""6"": 1, ""7"": 1, ""8"": 1, ""9"": 1, ""10"": 1, ""11"": 1, ""12"": 1, ""13"": 1, ""14"": 1, ""15"": 1, ""16"": 1, ""17"": 1, ""18"": 1, ""19"": 1, ""20"": 1, ""21"": 1, ""22"": 1, ""23"": 1, ""24"": 1, ""25"": 1, ""26"": 1, ""27"": 1, ""28"": 1, ""29"": 1, ""30"": 1, ""31"": 1, ""32"": 1, ""33"": 1, ""34"": 1, ""35"": 1, ""36"": 1, ""37"": 1, ""38"": 1, ""39"": 1}, ""heuristic"": ""LJF"", ""strategy"": ""Fixed"", ""history_phase"": ""multiple-child""}",train_root,,0.0,0,0.0,0.0
1,50,170,170,adversary,0,0.0,[],[],[],0.0,[],0,0.0,0.0,"AdversaryAction(requests=[], stop_decode_ids=[])","{""type"": ""adversary"", ""requests"": [], ""stop_decode_ids"": [], ""history_phase"": ""forced_step:single-child""}",train_root,,0.0,0,0.0,0.0
1,50,171,171,controller,0,0.0,[],[],[],0.0,[],6,0.0,0.0,"ControllerAction(token_budget=1064, selected_request_ids=[0, 1, 2, 3, 4, 5, 6, 7, 8, 9, 10, 11, 12, 13, 14, 15, 16, 17, 18, 19, 20, 21, 22, 23, 24, 25, 26, 27, 28, 29, 30, 31, 32, 33, 34, 35, 36, 37, 38, 39, 40], token_allocations={0: 1, 1: 1, 2: 1, 3: 1, 4: 1, 5: 1, 6: 1, 7: 1, 8: 1, 9: 1, 10: 1, 11: 1, 12: 1, 13: 1, 14: 1, 15: 1, 16: 1, 17: 1, 18: 1, 19: 1, 20: 1, 21: 1, 22: 1, 23: 1, 24: 1, 25: 1, 26: 1, 27: 1, 28: 1, 29: 1, 30: 1, 31: 1, 32: 1, 33: 1, 34: 1, 35: 1, 36: 1, 37: 1, 38: 1, 39: 1, 40: 1024}, prefill_allocations={40: 1024}, decode_allocations={0: 1, 1: 1, 2: 1, 3: 1, 4: 1, 5: 1, 6: 1, 7: 1, 8: 1, 9: 1, 10: 1, 11: 1, 12: 1, 13: 1, 14: 1, 15: 1, 16: 1, 17: 1, 18: 1, 19: 1, 20: 1, 21: 1, 22: 1, 23: 1, 24: 1, 25: 1, 26: 1, 27: 1, 28: 1, 29: 1, 30: 1, 31: 1, 32: 1, 33: 1, 34: 1, 35: 1, 36: 1, 37: 1, 38: 1, 39: 1}, heuristic='LST', strategy='Fixed', mapping=None)","{""type"": ""controller"", ""token_budget"": 1064, ""selected_request_ids"": [0, 1, 2, 3, 4, 5, 6, 7, 8, 9, 10, 11, 12, 13, 14, 15, 16, 17, 18, 19, 20, 21, 22, 23, 24, 25, 26, 27, 28, 29, 30, 31, 32, 33, 34, 35, 36, 37, 38, 39, 40], ""token_allocations"": {""0"": 1, ""1"": 1, ""2"": 1, ""3"": 1, ""4"": 1, ""5"": 1, ""6"": 1, ""7"": 1, ""8"": 1, ""9"": 1, ""10"": 1, ""11"": 1, ""12"": 1, ""13"": 1, ""14"": 1, ""15"": 1, ""16"": 1, ""17"": 1, ""18"": 1, ""19"": 1, ""20"": 1, ""21"": 1, ""22"": 1, ""23"": 1, ""24"": 1, ""25"": 1, ""26"": 1, ""27"": 1, ""28"": 1, ""29"": 1, ""30"": 1, ""31"": 1, ""32"": 1, ""33"": 1, ""34"": 1, ""35"": 1, ""36"": 1, ""37"": 1, ""38"": 1, ""39"": 1, ""40"": 1024}, ""prefill_allocations"": {""40"": 1024}, ""decode_allocations"": {""0"": 1, ""1"": 1, ""2"": 1, ""3"": 1, ""4"": 1, ""5"": 1, ""6"": 1, ""7"": 1, ""8"": 1, ""9"": 1, ""10"": 1, ""11"": 1, ""12"": 1, ""13"": 1, ""14"": 1, ""15"": 1, ""16"": 1, ""17"": 1, ""18"": 1, ""19"": 1, ""20"": 1, ""21"": 1, ""22"": 1, ""23"": 1, ""24"": 1, ""25"": 1, ""26"": 1, ""27"": 1, ""28"": 1, ""29"": 1, ""30"": 1, ""31"": 1, ""32"": 1, ""33"": 1, ""34"": 1, ""35"": 1, ""36"": 1, ""37"": 1, ""38"": 1, ""39"": 1}, ""heuristic"": ""LST"", ""strategy"": ""Fixed"", ""history_phase"": ""multiple-child""}",train_root,,0.0,0,0.0,0.0
1,50,172,172,adversary,0,0.0,[],[],[],0.0,[],0,0.0,0.0,"AdversaryAction(requests=[], stop_decode_ids=[])","{""type"": ""adversary"", ""requests"": [], ""stop_decode_ids"": [], ""history_phase"": ""forced_step:single-child""}",train_root,,0.0,0,0.0,0.0
1,50,173,173,controller,0,0.0,[],[],[],0.0,[],0,0.0,0.0,"ControllerAction(token_budget=41, selected_request_ids=[0, 1, 2, 3, 4, 5, 6, 7, 8, 9, 10, 11, 12, 13, 14, 15, 16, 17, 18, 19, 20, 21, 22, 23, 24, 25, 26, 27, 28, 29, 30, 31, 32, 33, 34, 35, 36, 37, 38, 39, 40], token_allocations={0: 1, 1: 1, 2: 1, 3: 1, 4: 1, 5: 1, 6: 1, 7: 1, 8: 1, 9: 1, 10: 1, 11: 1, 12: 1, 13: 1, 14: 1, 15: 1, 16: 1, 17: 1, 18: 1, 19: 1, 20: 1, 21: 1, 22: 1, 23: 1, 24: 1, 25: 1, 26: 1, 27: 1, 28: 1, 29: 1, 30: 1, 31: 1, 32: 1, 33: 1, 34: 1, 35: 1, 36: 1, 37: 1, 38: 1, 39: 1, 40: 1}, prefill_allocations={}, decode_allocations={0: 1, 1: 1, 2: 1, 3: 1, 4: 1, 5: 1, 6: 1, 7: 1, 8: 1, 9: 1, 10: 1, 11: 1, 12: 1, 13: 1, 14: 1, 15: 1, 16: 1, 17: 1, 18: 1, 19: 1, 20: 1, 21: 1, 22: 1, 23: 1, 24: 1, 25: 1, 26: 1, 27: 1, 28: 1, 29: 1, 30: 1, 31: 1, 32: 1, 33: 1, 34: 1, 35: 1, 36: 1, 37: 1, 38: 1, 39: 1, 40: 1}, heuristic='SJF', strategy='Fixed', mapping=None)","{""type"": ""controller"", ""token_budget"": 41, ""selected_request_ids"": [0, 1, 2, 3, 4, 5, 6, 7, 8, 9, 10, 11, 12, 13, 14, 15, 16, 17, 18, 19, 20, 21, 22, 23, 24, 25, 26, 27, 28, 29, 30, 31, 32, 33, 34, 35, 36, 37, 38, 39, 40], ""token_allocations"": {""0"": 1, ""1"": 1, ""2"": 1, ""3"": 1, ""4"": 1, ""5"": 1, ""6"": 1, ""7"": 1, ""8"": 1, ""9"": 1, ""10"": 1, ""11"": 1, ""12"": 1, ""13"": 1, ""14"": 1, ""15"": 1, ""16"": 1, ""17"": 1, ""18"": 1, ""19"": 1, ""20"": 1, ""21"": 1, ""22"": 1, ""23"": 1, ""24"": 1, ""25"": 1, ""26"": 1, ""27"": 1, ""28"": 1, ""29"": 1, ""30"": 1, ""31"": 1, ""32"": 1, ""33"": 1, ""34"": 1, ""35"": 1, ""36"": 1, ""37"": 1, ""38"": 1, ""39"": 1, ""40"": 1}, ""prefill_allocations"": {}, ""decode_allocations"": {""0"": 1, ""1"": 1, ""2"": 1, ""3"": 1, ""4"": 1, ""5"": 1, ""6"": 1, ""7"": 1, ""8"": 1, ""9"": 1, ""10"": 1, ""11"": 1, ""12"": 1, ""13"": 1, ""14"": 1, ""15"": 1, ""16"": 1, ""17"": 1, ""18"": 1, ""19"": 1, ""20"": 1, ""21"": 1, ""22"": 1, ""23"": 1, ""24"": 1, ""25"": 1, ""26"": 1, ""27"": 1, ""28"": 1, ""29"": 1, ""30"": 1, ""31"": 1, ""32"": 1, ""33"": 1, ""34"": 1, ""35"": 1, ""36"": 1, ""37"": 1, ""38"": 1, ""39"": 1, ""40"": 1}, ""heuristic"": ""SJF"", ""strategy"": ""Fixed"", ""history_phase"": ""forced_step:single-child""}",train_root,,0.0,0,0.0,0.0
1,50,174,174,adversary,0,0.0,[],[],[],0.0,[],0,0.0,0.0,"AdversaryAction(requests=[AdversaryRequestSpec(prefill_tokens=3072, decode_tokens=5000, prefill_slo=0.3874467952163693, decode_slo=0.05)], stop_decode_ids=[])","{""type"": ""adversary"", ""requests"": [{""prefill_tokens"": 3072, ""decode_tokens"": 5000, ""prefill_slo"": 0.3874467952163693, ""decode_slo"": 0.05}], ""stop_decode_ids"": [], ""history_phase"": ""multiple-child""}",train_root,,0.0,0,0.0,0.0
1,50,175,175,controller,0,0.0,[],[],[],0.0,[],6,0.0,0.0,"ControllerAction(token_budget=1065, selected_request_ids=[0, 1, 2, 3, 4, 5, 6, 7, 8, 9, 10, 11, 12, 13, 14, 15, 16, 17, 18, 19, 20, 21, 22, 23, 24, 25, 26, 27, 28, 29, 30, 31, 32, 33, 34, 35, 36, 37, 38, 39, 40, 41], token_allocations={0: 1, 1: 1, 2: 1, 3: 1, 4: 1, 5: 1, 6: 1, 7: 1, 8: 1, 9: 1, 10: 1, 11: 1, 12: 1, 13: 1, 14: 1, 15: 1, 16: 1, 17: 1, 18: 1, 19: 1, 20: 1, 21: 1, 22: 1, 23: 1, 24: 1, 25: 1, 26: 1, 27: 1, 28: 1, 29: 1, 30: 1, 31: 1, 32: 1, 33: 1, 34: 1, 35: 1, 36: 1, 37: 1, 38: 1, 39: 1, 40: 1, 41: 1024}, prefill_allocations={41: 1024}, decode_allocations={0: 1, 1: 1, 2: 1, 3: 1, 4: 1, 5: 1, 6: 1, 7: 1, 8: 1, 9: 1, 10: 1, 11: 1, 12: 1, 13: 1, 14: 1, 15: 1, 16: 1, 17: 1, 18: 1, 19: 1, 20: 1, 21: 1, 22: 1, 23: 1, 24: 1, 25: 1, 26: 1, 27: 1, 28: 1, 29: 1, 30: 1, 31: 1, 32: 1, 33: 1, 34: 1, 35: 1, 36: 1, 37: 1, 38: 1, 39: 1, 40: 1}, heuristic='LST', strategy='Fixed', mapping=None)","{""type"": ""controller"", ""token_budget"": 1065, ""selected_request_ids"": [0, 1, 2, 3, 4, 5, 6, 7, 8, 9, 10, 11, 12, 13, 14, 15, 16, 17, 18, 19, 20, 21, 22, 23, 24, 25, 26, 27, 28, 29, 30, 31, 32, 33, 34, 35, 36, 37, 38, 39, 40, 41], ""token_allocations"": {""0"": 1, ""1"": 1, ""2"": 1, ""3"": 1, ""4"": 1, ""5"": 1, ""6"": 1, ""7"": 1, ""8"": 1, ""9"": 1, ""10"": 1, ""11"": 1, ""12"": 1, ""13"": 1, ""14"": 1, ""15"": 1, ""16"": 1, ""17"": 1, ""18"": 1, ""19"": 1, ""20"": 1, ""21"": 1, ""22"": 1, ""23"": 1, ""24"": 1, ""25"": 1, ""26"": 1, ""27"": 1, ""28"": 1, ""29"": 1, ""30"": 1, ""31"": 1, ""32"": 1, ""33"": 1, ""34"": 1, ""35"": 1, ""36"": 1, ""37"": 1, ""38"": 1, ""39"": 1, ""40"": 1, ""41"": 1024}, ""prefill_allocations"": {""41"": 1024}, ""decode_allocations"": {""0"": 1, ""1"": 1, ""2"": 1, ""3"": 1, ""4"": 1, ""5"": 1, ""6"": 1, ""7"": 1, ""8"": 1, ""9"": 1, ""10"": 1, ""11"": 1, ""12"": 1, ""13"": 1, ""14"": 1, ""15"": 1, ""16"": 1, ""17"": 1, ""18"": 1, ""19"": 1, ""20"": 1, ""21"": 1, ""22"": 1, ""23"": 1, ""24"": 1, ""25"": 1, ""26"": 1, ""27"": 1, ""28"": 1, ""29"": 1, ""30"": 1, ""31"": 1, ""32"": 1, ""33"": 1, ""34"": 1, ""35"": 1, ""36"": 1, ""37"": 1, ""38"": 1, ""39"": 1, ""40"": 1}, ""heuristic"": ""LST"", ""strategy"": ""Fixed"", ""history_phase"": ""multiple-child""}",train_root,,0.0,0,0.0,0.0
1,50,176,176,adversary,0,0.0,[],[],[],0.0,[],0,0.0,0.0,"AdversaryAction(requests=[], stop_decode_ids=[])","{""type"": ""adversary"", ""requests"": [], ""stop_decode_ids"": [], ""history_phase"": ""forced_step:single-child""}",train_root,,0.0,0,0.0,0.0
1,50,177,177,controller,0,0.0,[],[],[],0.0,[],2,0.0,0.0,"ControllerAction(token_budget=553, selected_request_ids=[0, 1, 2, 3, 4, 5, 6, 7, 8, 9, 10, 11, 12, 13, 14, 15, 16, 17, 18, 19, 20, 21, 22, 23, 24, 25, 26, 27, 28, 29, 30, 31, 32, 33, 34, 35, 36, 37, 38, 39, 40, 41], token_allocations={0: 1, 1: 1, 2: 1, 3: 1, 4: 1, 5: 1, 6: 1, 7: 1, 8: 1, 9: 1, 10: 1, 11: 1, 12: 1, 13: 1, 14: 1, 15: 1, 16: 1, 17: 1, 18: 1, 19: 1, 20: 1, 21: 1, 22: 1, 23: 1, 24: 1, 25: 1, 26: 1, 27: 1, 28: 1, 29: 1, 30: 1, 31: 1, 32: 1, 33: 1, 34: 1, 35: 1, 36: 1, 37: 1, 38: 1, 39: 1, 40: 1, 41: 512}, prefill_allocations={41: 512}, decode_allocations={0: 1, 1: 1, 2: 1, 3: 1, 4: 1, 5: 1, 6: 1, 7: 1, 8: 1, 9: 1, 10: 1, 11: 1, 12: 1, 13: 1, 14: 1, 15: 1, 16: 1, 17: 1, 18: 1, 19: 1, 20: 1, 21: 1, 22: 1, 23: 1, 24: 1, 25: 1, 26: 1, 27: 1, 28: 1, 29: 1, 30: 1, 31: 1, 32: 1, 33: 1, 34: 1, 35: 1, 36: 1, 37: 1, 38: 1, 39: 1, 40: 1}, heuristic='LST', strategy='Fixed', mapping=None)","{""type"": ""controller"", ""token_budget"": 553, ""selected_request_ids"": [0, 1, 2, 3, 4, 5, 6, 7, 8, 9, 10, 11, 12, 13, 14, 15, 16, 17, 18, 19, 20, 21, 22, 23, 24, 25, 26, 27, 28, 29, 30, 31, 32, 33, 34, 35, 36, 37, 38, 39, 40, 41], ""token_allocations"": {""0"": 1, ""1"": 1, ""2"": 1, ""3"": 1, ""4"": 1, ""5"": 1, ""6"": 1, ""7"": 1, ""8"": 1, ""9"": 1, ""10"": 1, ""11"": 1, ""12"": 1, ""13"": 1, ""14"": 1, ""15"": 1, ""16"": 1, ""17"": 1, ""18"": 1, ""19"": 1, ""20"": 1, ""21"": 1, ""22"": 1, ""23"": 1, ""24"": 1, ""25"": 1, ""26"": 1, ""27"": 1, ""28"": 1, ""29"": 1, ""30"": 1, ""31"": 1, ""32"": 1, ""33"": 1, ""34"": 1, ""35"": 1, ""36"": 1, ""37"": 1, ""38"": 1, ""39"": 1, ""40"": 1, ""41"": 512}, ""prefill_allocations"": {""41"": 512}, ""decode_allocations"": {""0"": 1, ""1"": 1, ""2"": 1, ""3"": 1, ""4"": 1, ""5"": 1, ""6"": 1, ""7"": 1, ""8"": 1, ""9"": 1, ""10"": 1, ""11"": 1, ""12"": 1, ""13"": 1, ""14"": 1, ""15"": 1, ""16"": 1, ""17"": 1, ""18"": 1, ""19"": 1, ""20"": 1, ""21"": 1, ""22"": 1, ""23"": 1, ""24"": 1, ""25"": 1, ""26"": 1, ""27"": 1, ""28"": 1, ""29"": 1, ""30"": 1, ""31"": 1, ""32"": 1, ""33"": 1, ""34"": 1, ""35"": 1, ""36"": 1, ""37"": 1, ""38"": 1, ""39"": 1, ""40"": 1}, ""heuristic"": ""LST"", ""strategy"": ""Fixed"", ""history_phase"": ""multiple-child""}",train_root,,0.0,0,0.0,0.0
1,50,178,178,adversary,0,0.0,[],[],[],0.0,[],0,0.0,0.0,"AdversaryAction(requests=[], stop_decode_ids=[])","{""type"": ""adversary"", ""requests"": [], ""stop_decode_ids"": [], ""history_phase"": ""forced_step:single-child""}",train_root,,0.0,0,0.0,0.0
1,50,179,179,controller,0,0.0,[],[],[],0.0,[],7,0.0,0.0,"ControllerAction(token_budget=1065, selected_request_ids=[0, 1, 2, 3, 4, 5, 6, 7, 8, 9, 10, 11, 12, 13, 14, 15, 16, 17, 18, 19, 20, 21, 22, 23, 24, 25, 26, 27, 28, 29, 30, 31, 32, 33, 34, 35, 36, 37, 38, 39, 40, 41], token_allocations={0: 1, 1: 1, 2: 1, 3: 1, 4: 1, 5: 1, 6: 1, 7: 1, 8: 1, 9: 1, 10: 1, 11: 1, 12: 1, 13: 1, 14: 1, 15: 1, 16: 1, 17: 1, 18: 1, 19: 1, 20: 1, 21: 1, 22: 1, 23: 1, 24: 1, 25: 1, 26: 1, 27: 1, 28: 1, 29: 1, 30: 1, 31: 1, 32: 1, 33: 1, 34: 1, 35: 1, 36: 1, 37: 1, 38: 1, 39: 1, 40: 1, 41: 1024}, prefill_allocations={41: 1024}, decode_allocations={0: 1, 1: 1, 2: 1, 3: 1, 4: 1, 5: 1, 6: 1, 7: 1, 8: 1, 9: 1, 10: 1, 11: 1, 12: 1, 13: 1, 14: 1, 15: 1, 16: 1, 17: 1, 18: 1, 19: 1, 20: 1, 21: 1, 22: 1, 23: 1, 24: 1, 25: 1, 26: 1, 27: 1, 28: 1, 29: 1, 30: 1, 31: 1, 32: 1, 33: 1, 34: 1, 35: 1, 36: 1, 37: 1, 38: 1, 39: 1, 40: 1}, heuristic='LJF', strategy='Fixed', mapping=None)","{""type"": ""controller"", ""token_budget"": 1065, ""selected_request_ids"": [0, 1, 2, 3, 4, 5, 6, 7, 8, 9, 10, 11, 12, 13, 14, 15, 16, 17, 18, 19, 20, 21, 22, 23, 24, 25, 26, 27, 28, 29, 30, 31, 32, 33, 34, 35, 36, 37, 38, 39, 40, 41], ""token_allocations"": {""0"": 1, ""1"": 1, ""2"": 1, ""3"": 1, ""4"": 1, ""5"": 1, ""6"": 1, ""7"": 1, ""8"": 1, ""9"": 1, ""10"": 1, ""11"": 1, ""12"": 1, ""13"": 1, ""14"": 1, ""15"": 1, ""16"": 1, ""17"": 1, ""18"": 1, ""19"": 1, ""20"": 1, ""21"": 1, ""22"": 1, ""23"": 1, ""24"": 1, ""25"": 1, ""26"": 1, ""27"": 1, ""28"": 1, ""29"": 1, ""30"": 1, ""31"": 1, ""32"": 1, ""33"": 1, ""34"": 1, ""35"": 1, ""36"": 1, ""37"": 1, ""38"": 1, ""39"": 1, ""40"": 1, ""41"": 1024}, ""prefill_allocations"": {""41"": 1024}, ""decode_allocations"": {""0"": 1, ""1"": 1, ""2"": 1, ""3"": 1, ""4"": 1, ""5"": 1, ""6"": 1, ""7"": 1, ""8"": 1, ""9"": 1, ""10"": 1, ""11"": 1, ""12"": 1, ""13"": 1, ""14"": 1, ""15"": 1, ""16"": 1, ""17"": 1, ""18"": 1, ""19"": 1, ""20"": 1, ""21"": 1, ""22"": 1, ""23"": 1, ""24"": 1, ""25"": 1, ""26"": 1, ""27"": 1, ""28"": 1, ""29"": 1, ""30"": 1, ""31"": 1, ""32"": 1, ""33"": 1, ""34"": 1, ""35"": 1, ""36"": 1, ""37"": 1, ""38"": 1, ""39"": 1, ""40"": 1}, ""heuristic"": ""LJF"", ""strategy"": ""Fixed"", ""history_phase"": ""multiple-child""}",train_root,,0.0,0,0.0,0.0
1,50,180,180,adversary,0,0.0,[],[],[],0.0,[],0,0.0,0.0,"AdversaryAction(requests=[], stop_decode_ids=[])","{""type"": ""adversary"", ""requests"": [], ""stop_decode_ids"": [], ""history_phase"": ""forced_step:single-child""}",train_root,,0.0,0,0.0,0.0
1,50,181,181,controller,0,0.0,[],[],[],0.0,[],1,0.0,0.0,"ControllerAction(token_budget=553, selected_request_ids=[0, 1, 2, 3, 4, 5, 6, 7, 8, 9, 10, 11, 12, 13, 14, 15, 16, 17, 18, 19, 20, 21, 22, 23, 24, 25, 26, 27, 28, 29, 30, 31, 32, 33, 34, 35, 36, 37, 38, 39, 40, 41], token_allocations={0: 1, 1: 1, 2: 1, 3: 1, 4: 1, 5: 1, 6: 1, 7: 1, 8: 1, 9: 1, 10: 1, 11: 1, 12: 1, 13: 1, 14: 1, 15: 1, 16: 1, 17: 1, 18: 1, 19: 1, 20: 1, 21: 1, 22: 1, 23: 1, 24: 1, 25: 1, 26: 1, 27: 1, 28: 1, 29: 1, 30: 1, 31: 1, 32: 1, 33: 1, 34: 1, 35: 1, 36: 1, 37: 1, 38: 1, 39: 1, 40: 1, 41: 512}, prefill_allocations={41: 512}, decode_allocations={0: 1, 1: 1, 2: 1, 3: 1, 4: 1, 5: 1, 6: 1, 7: 1, 8: 1, 9: 1, 10: 1, 11: 1, 12: 1, 13: 1, 14: 1, 15: 1, 16: 1, 17: 1, 18: 1, 19: 1, 20: 1, 21: 1, 22: 1, 23: 1, 24: 1, 25: 1, 26: 1, 27: 1, 28: 1, 29: 1, 30: 1, 31: 1, 32: 1, 33: 1, 34: 1, 35: 1, 36: 1, 37: 1, 38: 1, 39: 1, 40: 1}, heuristic='EDF', strategy='Fixed', mapping=None)","{""type"": ""controller"", ""token_budget"": 553, ""selected_request_ids"": [0, 1, 2, 3, 4, 5, 6, 7, 8, 9, 10, 11, 12, 13, 14, 15, 16, 17, 18, 19, 20, 21, 22, 23, 24, 25, 26, 27, 28, 29, 30, 31, 32, 33, 34, 35, 36, 37, 38, 39, 40, 41], ""token_allocations"": {""0"": 1, ""1"": 1, ""2"": 1, ""3"": 1, ""4"": 1, ""5"": 1, ""6"": 1, ""7"": 1, ""8"": 1, ""9"": 1, ""10"": 1, ""11"": 1, ""12"": 1, ""13"": 1, ""14"": 1, ""15"": 1, ""16"": 1, ""17"": 1, ""18"": 1, ""19"": 1, ""20"": 1, ""21"": 1, ""22"": 1, ""23"": 1, ""24"": 1, ""25"": 1, ""26"": 1, ""27"": 1, ""28"": 1, ""29"": 1, ""30"": 1, ""31"": 1, ""32"": 1, ""33"": 1, ""34"": 1, ""35"": 1, ""36"": 1, ""37"": 1, ""38"": 1, ""39"": 1, ""40"": 1, ""41"": 512}, ""prefill_allocations"": {""41"": 512}, ""decode_allocations"": {""0"": 1, ""1"": 1, ""2"": 1, ""3"": 1, ""4"": 1, ""5"": 1, ""6"": 1, ""7"": 1, ""8"": 1, ""9"": 1, ""10"": 1, ""11"": 1, ""12"": 1, ""13"": 1, ""14"": 1, ""15"": 1, ""16"": 1, ""17"": 1, ""18"": 1, ""19"": 1, ""20"": 1, ""21"": 1, ""22"": 1, ""23"": 1, ""24"": 1, ""25"": 1, ""26"": 1, ""27"": 1, ""28"": 1, ""29"": 1, ""30"": 1, ""31"": 1, ""32"": 1, ""33"": 1, ""34"": 1, ""35"": 1, ""36"": 1, ""37"": 1, ""38"": 1, ""39"": 1, ""40"": 1}, ""heuristic"": ""EDF"", ""strategy"": ""Fixed"", ""history_phase"": ""multiple-child""}",train_root,,0.0,0,0.0,0.0
1,50,182,182,adversary,0,0.0,[],[],[],0.0,[],0,0.0,0.0,"AdversaryAction(requests=[], stop_decode_ids=[])","{""type"": ""adversary"", ""requests"": [], ""stop_decode_ids"": [], ""history_phase"": ""forced_step:single-child""}",train_root,,0.0,0,0.0,0.0
1,50,183,183,controller,0,0.0,[],[],[],0.0,[],0,0.0,0.0,"ControllerAction(token_budget=42, selected_request_ids=[0, 1, 2, 3, 4, 5, 6, 7, 8, 9, 10, 11, 12, 13, 14, 15, 16, 17, 18, 19, 20, 21, 22, 23, 24, 25, 26, 27, 28, 29, 30, 31, 32, 33, 34, 35, 36, 37, 38, 39, 40, 41], token_allocations={0: 1, 1: 1, 2: 1, 3: 1, 4: 1, 5: 1, 6: 1, 7: 1, 8: 1, 9: 1, 10: 1, 11: 1, 12: 1, 13: 1, 14: 1, 15: 1, 16: 1, 17: 1, 18: 1, 19: 1, 20: 1, 21: 1, 22: 1, 23: 1, 24: 1, 25: 1, 26: 1, 27: 1, 28: 1, 29: 1, 30: 1, 31: 1, 32: 1, 33: 1, 34: 1, 35: 1, 36: 1, 37: 1, 38: 1, 39: 1, 40: 1, 41: 1}, prefill_allocations={}, decode_allocations={0: 1, 1: 1, 2: 1, 3: 1, 4: 1, 5: 1, 6: 1, 7: 1, 8: 1, 9: 1, 10: 1, 11: 1, 12: 1, 13: 1, 14: 1, 15: 1, 16: 1, 17: 1, 18: 1, 19: 1, 20: 1, 21: 1, 22: 1, 23: 1, 24: 1, 25: 1, 26: 1, 27: 1, 28: 1, 29: 1, 30: 1, 31: 1, 32: 1, 33: 1, 34: 1, 35: 1, 36: 1, 37: 1, 38: 1, 39: 1, 40: 1, 41: 1}, heuristic='SJF', strategy='Fixed', mapping=None)","{""type"": ""controller"", ""token_budget"": 42, ""selected_request_ids"": [0, 1, 2, 3, 4, 5, 6, 7, 8, 9, 10, 11, 12, 13, 14, 15, 16, 17, 18, 19, 20, 21, 22, 23, 24, 25, 26, 27, 28, 29, 30, 31, 32, 33, 34, 35, 36, 37, 38, 39, 40, 41], ""token_allocations"": {""0"": 1, ""1"": 1, ""2"": 1, ""3"": 1, ""4"": 1, ""5"": 1, ""6"": 1, ""7"": 1, ""8"": 1, ""9"": 1, ""10"": 1, ""11"": 1, ""12"": 1, ""13"": 1, ""14"": 1, ""15"": 1, ""16"": 1, ""17"": 1, ""18"": 1, ""19"": 1, ""20"": 1, ""21"": 1, ""22"": 1, ""23"": 1, ""24"": 1, ""25"": 1, ""26"": 1, ""27"": 1, ""28"": 1, ""29"": 1, ""30"": 1, ""31"": 1, ""32"": 1, ""33"": 1, ""34"": 1, ""35"": 1, ""36"": 1, ""37"": 1, ""38"": 1, ""39"": 1, ""40"": 1, ""41"": 1}, ""prefill_allocations"": {}, ""decode_allocations"": {""0"": 1, ""1"": 1, ""2"": 1, ""3"": 1, ""4"": 1, ""5"": 1, ""6"": 1, ""7"": 1, ""8"": 1, ""9"": 1, ""10"": 1, ""11"": 1, ""12"": 1, ""13"": 1, ""14"": 1, ""15"": 1, ""16"": 1, ""17"": 1, ""18"": 1, ""19"": 1, ""20"": 1, ""21"": 1, ""22"": 1, ""23"": 1, ""24"": 1, ""25"": 1, ""26"": 1, ""27"": 1, ""28"": 1, ""29"": 1, ""30"": 1, ""31"": 1, ""32"": 1, ""33"": 1, ""34"": 1, ""35"": 1, ""36"": 1, ""37"": 1, ""38"": 1, ""39"": 1, ""40"": 1, ""41"": 1}, ""heuristic"": ""SJF"", ""strategy"": ""Fixed"", ""history_phase"": ""forced_step:single-child""}",train_root,,0.0,0,0.0,0.0
1,50,184,184,adversary,0,0.0,[],[],[],0.0,[],2,0.0,0.0,"AdversaryAction(requests=[AdversaryRequestSpec(prefill_tokens=3072, decode_tokens=5000, prefill_slo=0.3874467952163693, decode_slo=0.05), AdversaryRequestSpec(prefill_tokens=3072, decode_tokens=5000, prefill_slo=0.3874467952163693, decode_slo=0.05), AdversaryRequestSpec(prefill_tokens=3072, decode_tokens=5000, prefill_slo=0.3874467952163693, decode_slo=0.05)], stop_decode_ids=[])","{""type"": ""adversary"", ""requests"": [{""prefill_tokens"": 3072, ""decode_tokens"": 5000, ""prefill_slo"": 0.3874467952163693, ""decode_slo"": 0.05}, {""prefill_tokens"": 3072, ""decode_tokens"": 5000, ""prefill_slo"": 0.3874467952163693, ""decode_slo"": 0.05}, {""prefill_tokens"": 3072, ""decode_tokens"": 5000, ""prefill_slo"": 0.3874467952163693, ""decode_slo"": 0.05}], ""stop_decode_ids"": [], ""history_phase"": ""multiple-child""}",train_root,,0.0,0,0.0,0.0
1,50,185,184,controller,8000,-24.76679229736328,"[0.03439096361398697, 0.02425767108798027, 0.03255463391542435, 0.038699109107255936, 0.033089492470026016, 0.034677036106586456, 0.031899675726890564, 0.03729771450161934, 0.05115276947617531, 0.05620569735765457, 0.05140529200434685, 0.04815554991364479, 0.04250626638531685, 0.029488226398825645, 0.04203613102436066, 0.032596372067928314, 0.03804939612746239, 0.049754731357097626, 0.04661877453327179, 0.04326483607292175, 0.060697559267282486, 0.06093268096446991, 0.04499533399939537, 0.03527407348155975]","[0.03439096406239411, 0.02425767140426431, 0.03255463433988847, 0.0386991096118349, 0.0330894929014639, 0.034677036558723555, 0.031899676142815005, 0.037297714987926195, 0.05115277014313153, 0.05620569809049347, 0.051405292674595586, 0.048155550541521715, 0.04250626693953549, 0.029488226783308365, 0.04203613157244943, 0.03259637249293664, 0.038049396623570056, 0.0497547320058255, 0.046618775141111436, 0.04326483663703102, 0.0606975600586886, 0.06093268175894166, 0.04499533458606776, 0.03527407394148133]","[true, true, true, true, true, true, true, true, true, true, true, true, true, true, true, true, true, true, true, true, true, true, true, true]",-39.925401756168434,"[0.034125, 0.034125, 0.034125, 0.034125, 0.03596875, 0.03596875, 0.03596875, 0.03596875, 0.052125, 0.052125, 0.052125, 0.052125, 0.03628125, 0.03628125, 0.03628125, 0.03628125, 0.0431875, 0.0431875, 0.0431875, 0.0431875, 0.0483125, 0.0483125, 0.0483125, 0.0483125]",8,0.052125,0.05115276947617531,"ControllerAction(token_budget=1578, selected_request_ids=[0, 1, 2, 3, 4, 5, 6, 7, 8, 9, 10, 11, 12, 13, 14, 15, 16, 17, 18, 19, 20, 21, 22, 23, 24, 25, 26, 27, 28, 29, 30, 31, 32, 33, 34, 35, 36, 37, 38, 39, 40, 41, 42], token_allocations={0: 1, 1: 1, 2: 1, 3: 1, 4: 1, 5: 1, 6: 1, 7: 1, 8: 1, 9: 1, 10: 1, 11: 1, 12: 1, 13: 1, 14: 1, 15: 1, 16: 1, 17: 1, 18: 1, 19: 1, 20: 1, 21: 1, 22: 1, 23: 1, 24: 1, 25: 1, 26: 1, 27: 1, 28: 1, 29: 1, 30: 1, 31: 1, 32: 1, 33: 1, 34: 1, 35: 1, 36: 1, 37: 1, 38: 1, 39: 1, 40: 1, 41: 1, 42: 1536}, prefill_allocations={42: 1536}, decode_allocations={0: 1, 1: 1, 2: 1, 3: 1, 4: 1, 5: 1, 6: 1, 7: 1, 8: 1, 9: 1, 10: 1, 11: 1, 12: 1, 13: 1, 14: 1, 15: 1, 16: 1, 17: 1, 18: 1, 19: 1, 20: 1, 21: 1, 22: 1, 23: 1, 24: 1, 25: 1, 26: 1, 27: 1, 28: 1, 29: 1, 30: 1, 31: 1, 32: 1, 33: 1, 34: 1, 35: 1, 36: 1, 37: 1, 38: 1, 39: 1, 40: 1, 41: 1}, heuristic='SJF', strategy='Fixed', mapping=None)","{""type"": ""controller"", ""token_budget"": 1578, ""selected_request_ids"": [0, 1, 2, 3, 4, 5, 6, 7, 8, 9, 10, 11, 12, 13, 14, 15, 16, 17, 18, 19, 20, 21, 22, 23, 24, 25, 26, 27, 28, 29, 30, 31, 32, 33, 34, 35, 36, 37, 38, 39, 40, 41, 42], ""token_allocations"": {""0"": 1, ""1"": 1, ""2"": 1, ""3"": 1, ""4"": 1, ""5"": 1, ""6"": 1, ""7"": 1, ""8"": 1, ""9"": 1, ""10"": 1, ""11"": 1, ""12"": 1, ""13"": 1, ""14"": 1, ""15"": 1, ""16"": 1, ""17"": 1, ""18"": 1, ""19"": 1, ""20"": 1, ""21"": 1, ""22"": 1, ""23"": 1, ""24"": 1, ""25"": 1, ""26"": 1, ""27"": 1, ""28"": 1, ""29"": 1, ""30"": 1, ""31"": 1, ""32"": 1, ""33"": 1, ""34"": 1, ""35"": 1, ""36"": 1, ""37"": 1, ""38"": 1, ""39"": 1, ""40"": 1, ""41"": 1, ""42"": 1536}, ""prefill_allocations"": {""42"": 1536}, ""decode_allocations"": {""0"": 1, ""1"": 1, ""2"": 1, ""3"": 1, ""4"": 1, ""5"": 1, ""6"": 1, ""7"": 1, ""8"": 1, ""9"": 1, ""10"": 1, ""11"": 1, ""12"": 1, ""13"": 1, ""14"": 1, ""15"": 1, ""16"": 1, ""17"": 1, ""18"": 1, ""19"": 1, ""20"": 1, ""21"": 1, ""22"": 1, ""23"": 1, ""24"": 1, ""25"": 1, ""26"": 1, ""27"": 1, ""28"": 1, ""29"": 1, ""30"": 1, ""31"": 1, ""32"": 1, ""33"": 1, ""34"": 1, ""35"": 1, ""36"": 1, ""37"": 1, ""38"": 1, ""39"": 1, ""40"": 1, ""41"": 1}, ""heuristic"": ""SJF"", ""strategy"": ""Fixed""}",train_root,,10.0,41,52.917993361117794,93.9179933611178
1,51,187,72516,controller,8000,-24.712400436401367,"[0.03523242846131325, 0.02502628229558468, 0.03177492320537567, 0.040176913142204285, 0.03430398181080818, 0.03643031045794487, 0.03234928473830223, 0.03591250628232956, 0.05315615236759186, 0.05259251222014427, 0.049414195120334625, 0.04844197630882263, 0.04228408262133598, 0.029186641797423363, 0.04221749305725098, 0.033243577927351, 0.038810912519693375, 0.04823610931634903, 0.048427846282720566, 0.04169515147805214, 0.061002351343631744, 0.059535324573516846, 0.04462785646319389, 0.035921208560466766]","[0.03523242767380712, 0.02502628173620369, 0.031774922495150806, 0.04017691224418032, 0.03430398104405445, 0.03643030964366399, 0.032349284015239385, 0.035912505479622506, 0.053156151179459286, 0.05259251104461004, 0.049414194015841316, 0.048441975226060106, 0.04228408167621311, 0.029186641145051095, 0.042217492113616494, 0.03324357718429914, 0.03881091165220189, 0.04823610823818799, 0.04842784520027387, 0.0416951505460929, 0.061002349980122966, 0.05953532324279867, 0.04462785546568359, 0.0359212077575652]","[true, true, true, true, true, true, true, true, true, true, true, true, true, true, true, true, true, true, true, true, true, true, true, true]",-39.932110209287195,"[0.0310625, 0.0310625, 0.0370625, 0.0370625, 0.036375, 0.036375, 0.0351875, 0.0351875, 0.0534375, 0.0534375, 0.049625, 0.049625, 0.0355625, 0.0355625, 0.037625, 0.037625, 0.0426875, 0.0426875, 0.0441875, 0.0441875, 0.0583125, 0.0583125, 0.038875, 0.038875]",20,0.0583125,0.061002351343631744,"ControllerAction(token_budget=3114, selected_request_ids=[0, 1, 2, 3, 4, 5, 6, 7, 8, 9, 10, 11, 12, 13, 14, 15, 16, 17, 18, 19, 20, 21, 22, 23, 24, 25, 26, 27, 28, 29, 30, 31, 32, 33, 34, 35, 36, 37, 38, 39, 40, 41, 42, 43], token_allocations={0: 1, 1: 1, 2: 1, 3: 1, 4: 1, 5: 1, 6: 1, 7: 1, 8: 1, 9: 1, 10: 1, 11: 1, 12: 1, 13: 1, 14: 1, 15: 1, 16: 1, 17: 1, 18: 1, 19: 1, 20: 1, 21: 1, 22: 1, 23: 1, 24: 1, 25: 1, 26: 1, 27: 1, 28: 1, 29: 1, 30: 1, 31: 1, 32: 1, 33: 1, 34: 1, 35: 1, 36: 1, 37: 1, 38: 1, 39: 1, 40: 1, 41: 1, 42: 1536, 43: 1536}, prefill_allocations={42: 1536, 43: 1536}, decode_allocations={0: 1, 1: 1, 2: 1, 3: 1, 4: 1, 5: 1, 6: 1, 7: 1, 8: 1, 9: 1, 10: 1, 11: 1, 12: 1, 13: 1, 14: 1, 15: 1, 16: 1, 17: 1, 18: 1, 19: 1, 20: 1, 21: 1, 22: 1, 23: 1, 24: 1, 25: 1, 26: 1, 27: 1, 28: 1, 29: 1, 30: 1, 31: 1, 32: 1, 33: 1, 34: 1, 35: 1, 36: 1, 37: 1, 38: 1, 39: 1, 40: 1, 41: 1}, heuristic='SJF', strategy='Fixed', mapping=None)","{""type"": ""controller"", ""token_budget"": 3114, ""selected_request_ids"": [0, 1, 2, 3, 4, 5, 6, 7, 8, 9, 10, 11, 12, 13, 14, 15, 16, 17, 18, 19, 20, 21, 22, 23, 24, 25, 26, 27, 28, 29, 30, 31, 32, 33, 34, 35, 36, 37, 38, 39, 40, 41, 42, 43], ""token_allocations"": {""0"": 1, ""1"": 1, ""2"": 1, ""3"": 1, ""4"": 1, ""5"": 1, ""6"": 1, ""7"": 1, ""8"": 1, ""9"": 1, ""10"": 1, ""11"": 1, ""12"": 1, ""13"": 1, ""14"": 1, ""15"": 1, ""16"": 1, ""17"": 1, ""18"": 1, ""19"": 1, ""20"": 1, ""21"": 1, ""22"": 1, ""23"": 1, ""24"": 1, ""25"": 1, ""26"": 1, ""27"": 1, ""28"": 1, ""29"": 1, ""30"": 1, ""31"": 1, ""32"": 1, ""33"": 1, ""34"": 1, ""35"": 1, ""36"": 1, ""37"": 1, ""38"": 1, ""39"": 1, ""40"": 1, ""41"": 1, ""42"": 1536, ""43"": 1536}, ""prefill_allocations"": {""42"": 1536, ""43"": 1536}, ""decode_allocations"": {""0"": 1, ""1"": 1, ""2"": 1, ""3"": 1, ""4"": 1, ""5"": 1, ""6"": 1, ""7"": 1, ""8"": 1, ""9"": 1, ""10"": 1, ""11"": 1, ""12"": 1, ""13"": 1, ""14"": 1, ""15"": 1, ""16"": 1, ""17"": 1, ""18"": 1, ""19"": 1, ""20"": 1, ""21"": 1, ""22"": 1, ""23"": 1, ""24"": 1, ""25"": 1, ""26"": 1, ""27"": 1, ""28"": 1, ""29"": 1, ""30"": 1, ""31"": 1, ""32"": 1, ""33"": 1, ""34"": 1, ""35"": 1, ""36"": 1, ""37"": 1, ""38"": 1, ""39"": 1, ""40"": 1, ""41"": 1}, ""heuristic"": ""SJF"", ""strategy"": ""Fixed""}",train_root,,10.069779290948643,42,53.748723580960714,95.74872358096071
1,52,189,144437,controller,8000,-24.73338508605957,"[0.0354081355035305, 0.02622990682721138, 0.03209979832172394, 0.04038310796022415, 0.03522346168756485, 0.03815886005759239, 0.0328289195895195, 0.036790601909160614, 0.05359863117337227, 0.05066985264420509, 0.04972325637936592, 0.04728704318404198, 0.03980743885040283, 0.03087213821709156, 0.04141095653176308, 0.031422991305589676, 0.03999263048171997, 0.04688606038689613, 0.051064155995845795, 0.03887811675667763, 0.06343788653612137, 0.0579211562871933, 0.04319078102707863, 0.03671415150165558]","[0.03540813411852193, 0.02622990580121424, 0.03209979706612278, 0.04038310638061681, 0.035223460309779894, 0.03815885856498773, 0.032828918305398365, 0.03679060047007611, 0.053598629076832514, 0.05066985066222611, 0.04972325443441357, 0.04728704133438344, 0.039807437293313104, 0.030872137009511, 0.041410954911950876, 0.031422990076462196, 0.03999262891738637, 0.04688605855292226, 0.05106415399844342, 0.03887811523593884, 0.06343788405471376, 0.05792115402157561, 0.043190779337647624, 0.036714150065561474]","[true, true, true, true, true, true, true, true, true, true, true, true, true, true, true, true, true, true, true, true, true, true, true, true]",-39.95208187846156,"[0.031875, 0.031875, 0.0375, 0.0375, 0.0373125, 0.0373125, 0.036, 0.036, 0.052375, 0.052375, 0.0488125, 0.0488125, 0.035125, 0.035125, 0.0361875, 0.0361875, 0.0426875, 0.0426875, 0.0441875, 0.0441875, 0.059125, 0.059125, 0.0388125, 0.0388125]",20,0.059125,0.06343788653612137,"ControllerAction(token_budget=3115, selected_request_ids=[0, 1, 2, 3, 4, 5, 6, 7, 8, 9, 10, 11, 12, 13, 14, 15, 16, 17, 18, 19, 20, 21, 22, 23, 24, 25, 26, 27, 28, 29, 30, 31, 32, 33, 34, 35, 36, 37, 38, 39, 40, 41, 42, 43, 44], token_allocations={0: 1, 1: 1, 2: 1, 3: 1, 4: 1, 5: 1, 6: 1, 7: 1, 8: 1, 9: 1, 10: 1, 11: 1, 12: 1, 13: 1, 14: 1, 15: 1, 16: 1, 17: 1, 18: 1, 19: 1, 20: 1, 21: 1, 22: 1, 23: 1, 24: 1, 25: 1, 26: 1, 27: 1, 28: 1, 29: 1, 30: 1, 31: 1, 32: 1, 33: 1, 34: 1, 35: 1, 36: 1, 37: 1, 38: 1, 39: 1, 40: 1, 41: 1, 42: 1, 43: 1536, 44: 1536}, prefill_allocations={43: 1536, 44: 1536}, decode_allocations={0: 1, 1: 1, 2: 1, 3: 1, 4: 1, 5: 1, 6: 1, 7: 1, 8: 1, 9: 1, 10: 1, 11: 1, 12: 1, 13: 1, 14: 1, 15: 1, 16: 1, 17: 1, 18: 1, 19: 1, 20: 1, 21: 1, 22: 1, 23: 1, 24: 1, 25: 1, 26: 1, 27: 1, 28: 1, 29: 1, 30: 1, 31: 1, 32: 1, 33: 1, 34: 1, 35: 1, 36: 1, 37: 1, 38: 1, 39: 1, 40: 1, 41: 1, 42: 1}, heuristic='SJF', strategy='Fixed', mapping=None)","{""type"": ""controller"", ""token_budget"": 3115, ""selected_request_ids"": [0, 1, 2, 3, 4, 5, 6, 7, 8, 9, 10, 11, 12, 13, 14, 15, 16, 17, 18, 19, 20, 21, 22, 23, 24, 25, 26, 27, 28, 29, 30, 31, 32, 33, 34, 35, 36, 37, 38, 39, 40, 41, 42, 43, 44], ""token_allocations"": {""0"": 1, ""1"": 1, ""2"": 1, ""3"": 1, ""4"": 1, ""5"": 1, ""6"": 1, ""7"": 1, ""8"": 1, ""9"": 1, ""10"": 1, ""11"": 1, ""12"": 1, ""13"": 1, ""14"": 1, ""15"": 1, ""16"": 1, ""17"": 1, ""18"": 1, ""19"": 1, ""20"": 1, ""21"": 1, ""22"": 1, ""23"": 1, ""24"": 1, ""25"": 1, ""26"": 1, ""27"": 1, ""28"": 1, ""29"": 1, ""30"": 1, ""31"": 1, ""32"": 1, ""33"": 1, ""34"": 1, ""35"": 1, ""36"": 1, ""37"": 1, ""38"": 1, ""39"": 1, ""40"": 1, ""41"": 1, ""42"": 1, ""43"": 1536, ""44"": 1536}, ""prefill_allocations"": {""43"": 1536, ""44"": 1536}, ""decode_allocations"": {""0"": 1, ""1"": 1, ""2"": 1, ""3"": 1, ""4"": 1, ""5"": 1, ""6"": 1, ""7"": 1, ""8"": 1, ""9"": 1, ""10"": 1, ""11"": 1, ""12"": 1, ""13"": 1, ""14"": 1, ""15"": 1, ""16"": 1, ""17"": 1, ""18"": 1, ""19"": 1, ""20"": 1, ""21"": 1, ""22"": 1, ""23"": 1, ""24"": 1, ""25"": 1, ""26"": 1, ""27"": 1, ""28"": 1, ""29"": 1, ""30"": 1, ""31"": 1, ""32"": 1, ""33"": 1, ""34"": 1, ""35"": 1, ""36"": 1, ""37"": 1, ""38"": 1, ""39"": 1, ""40"": 1, ""41"": 1, ""42"": 1}, ""heuristic"": ""SJF"", ""strategy"": ""Fixed""}",train_root,,10.204150652168279,42,57.29232075218552,99.29232075218552
1,53,191,218303,controller,8000,-24.721981048583984,"[0.0706811398267746, 0.055250849574804306, 0.0692567452788353, 0.08778662979602814, 0.07145298272371292, 0.07966899871826172, 0.07156446576118469, 0.07629652321338654, 0.10803446173667908, 0.1055300161242485, 0.10433425009250641, 0.10014297813177109, 0.0, 0.0, 0.0, 0.0, 0.0, 0.0, 0.0, 0.0, 0.0, 0.0, 0.0, 0.0]","[0.0706811369303893, 0.0552508473107244, 0.06925674244081911, 0.0877866261986908, 0.07145297979569891, 0.07966899545357023, 0.07156446282860231, 0.07629652008689299, 0.1080344573096222, 0.10553001179981929, 0.10433424581707752, 0.10014297402809294, 0.0, 0.0, 0.0, 0.0, 0.0, 0.0, 0.0, 0.0, 0.0, 0.0, 0.0, 0.0]","[true, true, true, true, true, true, true, true, true, true, true, true, false, false, false, false, false, false, false, false, false, false, false, false]",-39.96560677279612,"[0.07203125, 0.07203125, 0.07203125, 0.07203125, 0.0745625, 0.0745625, 0.0745625, 0.0745625, 0.10340625, 0.10340625, 0.10340625, 0.10340625, 0.0, 0.0, 0.0, 0.0, 0.0, 0.0, 0.0, 0.0, 0.0, 0.0, 0.0, 0.0]",8,0.10340625,0.10803446173667908,"ControllerAction(token_budget=1580, selected_request_ids=[0, 1, 2, 3, 4, 5, 6, 7, 8, 9, 10, 11, 12, 13, 14, 15, 16, 17, 18, 19, 20, 21, 22, 23, 24, 25, 26, 27, 28, 29, 30, 31, 32, 33, 34, 35, 36, 37, 38, 39, 40, 41, 42, 43, 44], token_allocations={0: 1, 1: 1, 2: 1, 3: 1, 4: 1, 5: 1, 6: 1, 7: 1, 8: 1, 9: 1, 10: 1, 11: 1, 12: 1, 13: 1, 14: 1, 15: 1, 16: 1, 17: 1, 18: 1, 19: 1, 20: 1, 21: 1, 22: 1, 23: 1, 24: 1, 25: 1, 26: 1, 27: 1, 28: 1, 29: 1, 30: 1, 31: 1, 32: 1, 33: 1, 34: 1, 35: 1, 36: 1, 37: 1, 38: 1, 39: 1, 40: 1, 41: 1, 42: 1, 43: 1, 44: 1536}, prefill_allocations={44: 1536}, decode_allocations={0: 1, 1: 1, 2: 1, 3: 1, 4: 1, 5: 1, 6: 1, 7: 1, 8: 1, 9: 1, 10: 1, 11: 1, 12: 1, 13: 1, 14: 1, 15: 1, 16: 1, 17: 1, 18: 1, 19: 1, 20: 1, 21: 1, 22: 1, 23: 1, 24: 1, 25: 1, 26: 1, 27: 1, 28: 1, 29: 1, 30: 1, 31: 1, 32: 1, 33: 1, 34: 1, 35: 1, 36: 1, 37: 1, 38: 1, 39: 1, 40: 1, 41: 1, 42: 1, 43: 1}, heuristic='SJF', strategy='Fixed', mapping=None)","{""type"": ""controller"", ""token_budget"": 1580, ""selected_request_ids"": [0, 1, 2, 3, 4, 5, 6, 7, 8, 9, 10, 11, 12, 13, 14, 15, 16, 17, 18, 19, 20, 21, 22, 23, 24, 25, 26, 27, 28, 29, 30, 31, 32, 33, 34, 35, 36, 37, 38, 39, 40, 41, 42, 43, 44], ""token_allocations"": {""0"": 1, ""1"": 1, ""2"": 1, ""3"": 1, ""4"": 1, ""5"": 1, ""6"": 1, ""7"": 1, ""8"": 1, ""9"": 1, ""10"": 1, ""11"": 1, ""12"": 1, ""13"": 1, ""14"": 1, ""15"": 1, ""16"": 1, ""17"": 1, ""18"": 1, ""19"": 1, ""20"": 1, ""21"": 1, ""22"": 1, ""23"": 1, ""24"": 1, ""25"": 1, ""26"": 1, ""27"": 1, ""28"": 1, ""29"": 1, ""30"": 1, ""31"": 1, ""32"": 1, ""33"": 1, ""34"": 1, ""35"": 1, ""36"": 1, ""37"": 1, ""38"": 1, ""39"": 1, ""40"": 1, ""41"": 1, ""42"": 1, ""43"": 1, ""44"": 1536}, ""prefill_allocations"": {""44"": 1536}, ""decode_allocations"": {""0"": 1, ""1"": 1, ""2"": 1, ""3"": 1, ""4"": 1, ""5"": 1, ""6"": 1, ""7"": 1, ""8"": 1, ""9"": 1, ""10"": 1, ""11"": 1, ""12"": 1, ""13"": 1, ""14"": 1, ""15"": 1, ""16"": 1, ""17"": 1, ""18"": 1, ""19"": 1, ""20"": 1, ""21"": 1, ""22"": 1, ""23"": 1, ""24"": 1, ""25"": 1, ""26"": 1, ""27"": 1, ""28"": 1, ""29"": 1, ""30"": 1, ""31"": 1, ""32"": 1, ""33"": 1, ""34"": 1, ""35"": 1, ""36"": 1, ""37"": 1, ""38"": 1, ""39"": 1, ""40"": 1, ""41"": 1, ""42"": 1, ""43"": 1}, ""heuristic"": ""SJF"", ""strategy"": ""Fixed""}",train_root,,10.338693144267914,43,60.92764791246989,103.9276479124699
1,54,194,296133,adversary,4000,-24.883947372436523,"[0.18593987822532654, 0.1826542764902115, 0.15955616533756256, 0.15319587290287018, 0.1579769104719162, 0.16067682206630707]","[0.18593989207892805, 0.1826542900990166, 0.15955617722542415, 0.15319588431685302, 0.15797692224211413, 0.16067683403766408]","[true, true, true, true, true, true]",-39.96876148225229,"[0.18575, 0.18275, 0.1595, 0.15325, 0.158, 0.16075]",0,0.18575,0.18593987822532654,"AdversaryAction(requests=[AdversaryRequestSpec(prefill_tokens=3072, decode_tokens=5000, prefill_slo=0.3874467952163693, decode_slo=0.05)], stop_decode_ids=[])","{""type"": ""adversary"", ""requests"": [{""prefill_tokens"": 3072, ""decode_tokens"": 5000, ""prefill_slo"": 0.3874467952163693, ""decode_slo"": 0.05}], ""stop_decode_ids"": []}",train_root,,11.0,45,62.00108903222627,107.00108903222628
