game_id,root_id,root_depth,root_node_id,root_player,num_simulations,model_root_value_controller,model_root_prior_json,normalized_root_prior_json,valid_action_mask_json,mcts_root_value_controller,mcts_root_prior_json,best_action_index,best_action_mcts_prob,best_action_model_prob,best_action_repr,best_action_json,phase,cycle_label,sim_time,slo_violations,total_lateness,total_cost
4001,50,0,0,adversary,0,0.0,[],[],[],0.0,[],0,0.0,0.0,"AdversaryAction(requests=[AdversaryRequestSpec(prefill_tokens=3072, decode_tokens=5000, prefill_slo=0.3874467952163693, decode_slo=0.05)], stop_decode_ids=[])","{""type"": ""adversary"", ""requests"": [{""prefill_tokens"": 3072, ""decode_tokens"": 5000, ""prefill_slo"": 0.3874467952163693, ""decode_slo"": 0.05}], ""stop_decode_ids"": [], ""history_phase"": ""multiple-child""}",train_root,,0.0,0,0.0,0.0
4001,50,1,1,controller,0,0.0,[],[],[],0.0,[],19,0.0,0.0,"ControllerAction(token_budget=2560, selected_request_ids=[0], token_allocations={0: 2560}, prefill_allocations={0: 2560}, decode_allocations={}, heuristic='LJF', strategy='Fixed', mapping=None)","{""type"": ""controller"", ""token_budget"": 2560, ""selected_request_ids"": [0], ""token_allocations"": {""0"": 2560}, ""prefill_allocations"": {""0"": 2560}, ""decode_allocations"": {}, ""heuristic"": ""LJF"", ""strategy"": ""Fixed"", ""history_phase"": ""multiple-child""}",train_root,,0.0,0,0.0,0.0
4001,50,2,2,adversary,0,0.0,[],[],[],0.0,[],0,0.0,0.0,"AdversaryAction(requests=[], stop_decode_ids=[])","{""type"": ""adversary"", ""requests"": [], ""stop_decode_ids"": [], ""history_phase"": ""forced_step:single-child""}",train_root,,0.0,0,0.0,0.0
4001,50,3,3,controller,0,0.0,[],[],[],0.0,[],0,0.0,0.0,"ControllerAction(token_budget=512, selected_request_ids=[0], token_allocations={0: 512}, prefill_allocations={0: 512}, decode_allocations={}, heuristic='SJF', strategy='Fixed', mapping=None)","{""type"": ""controller"", ""token_budget"": 512, ""selected_request_ids"": [0], ""token_allocations"": {""0"": 512}, ""prefill_allocations"": {""0"": 512}, ""decode_allocations"": {}, ""heuristic"": ""SJF"", ""strategy"": ""Fixed"", ""history_phase"": ""multiple-child""}",train_root,,0.0,0,0.0,0.0
4001,50,4,4,adversary,0,0.0,[],[],[],0.0,[],0,0.0,0.0,"AdversaryAction(requests=[], stop_decode_ids=[])","{""type"": ""adversary"", ""requests"": [], ""stop_decode_ids"": [], ""history_phase"": ""forced_step:single-child""}",train_root,,0.0,0,0.0,0.0
4001,50,5,5,controller,0,0.0,[],[],[],0.0,[],0,0.0,0.0,"ControllerAction(token_budget=1, selected_request_ids=[0], token_allocations={0: 1}, prefill_allocations={}, decode_allocations={0: 1}, heuristic='SJF', strategy='Fixed', mapping=None)","{""type"": ""controller"", ""token_budget"": 1, ""selected_request_ids"": [0], ""token_allocations"": {""0"": 1}, ""prefill_allocations"": {}, ""decode_allocations"": {""0"": 1}, ""heuristic"": ""SJF"", ""strategy"": ""Fixed"", ""history_phase"": ""forced_step:single-child""}",train_root,,0.0,0,0.0,0.0
4001,50,6,6,adversary,0,0.0,[],[],[],0.0,[],4,0.0,0.0,"AdversaryAction(requests=[AdversaryRequestSpec(prefill_tokens=3072, decode_tokens=5000, prefill_slo=0.3874467952163693, decode_slo=0.05), AdversaryRequestSpec(prefill_tokens=3072, decode_tokens=5000, prefill_slo=0.3874467952163693, decode_slo=0.05), AdversaryRequestSpec(prefill_tokens=3072, decode_tokens=5000, prefill_slo=0.3874467952163693, decode_slo=0.05), AdversaryRequestSpec(prefill_tokens=3072, decode_tokens=5000, prefill_slo=0.3874467952163693, decode_slo=0.05), AdversaryRequestSpec(prefill_tokens=3072, decode_tokens=5000, prefill_slo=0.3874467952163693, decode_slo=0.05)], stop_decode_ids=[])","{""type"": ""adversary"", ""requests"": [{""prefill_tokens"": 3072, ""decode_tokens"": 5000, ""prefill_slo"": 0.3874467952163693, ""decode_slo"": 0.05}, {""prefill_tokens"": 3072, ""decode_tokens"": 5000, ""prefill_slo"": 0.3874467952163693, ""decode_slo"": 0.05}, {""prefill_tokens"": 3072, ""decode_tokens"": 5000, ""prefill_slo"": 0.3874467952163693, ""decode_slo"": 0.05}, {""prefill_tokens"": 3072, ""decode_tokens"": 5000, ""prefill_slo"": 0.3874467952163693, ""decode_slo"": 0.05}, {""prefill_tokens"": 3072, ""decode_tokens"": 5000, ""prefill_slo"": 0.3874467952163693, ""decode_slo"": 0.05}], ""stop_decode_ids"": [], ""history_phase"": ""multiple-child""}",train_root,,0.0,0,0.0,0.0
4001,50,7,7,controller,0,0.0,[],[],[],0.0,[],2,0.0,0.0,"ControllerAction(token_budget=513, selected_request_ids=[0, 1], token_allocations={0: 1, 1: 512}, prefill_allocations={1: 512}, decode_allocations={0: 1}, heuristic='LST', strategy='Fixed', mapping=None)","{""type"": ""controller"", ""token_budget"": 513, ""selected_request_ids"": [0, 1], ""token_allocations"": {""0"": 1, ""1"": 512}, ""prefill_allocations"": {""1"": 512}, ""decode_allocations"": {""0"": 1}, ""heuristic"": ""LST"", ""strategy"": ""Fixed"", ""history_phase"": ""multiple-child""}",train_root,,0.0,0,0.0,0.0
4001,50,8,8,adversary,0,0.0,[],[],[],0.0,[],0,0.0,0.0,"AdversaryAction(requests=[], stop_decode_ids=[])","{""type"": ""adversary"", ""requests"": [], ""stop_decode_ids"": [], ""history_phase"": ""forced_step:single-child""}",train_root,,0.0,0,0.0,0.0
4001,50,9,9,controller,0,0.0,[],[],[],0.0,[],7,0.0,0.0,"ControllerAction(token_budget=1025, selected_request_ids=[0, 2], token_allocations={0: 1, 2: 1024}, prefill_allocations={2: 1024}, decode_allocations={0: 1}, heuristic='LJF', strategy='Fixed', mapping=None)","{""type"": ""controller"", ""token_budget"": 1025, ""selected_request_ids"": [0, 2], ""token_allocations"": {""0"": 1, ""2"": 1024}, ""prefill_allocations"": {""2"": 1024}, ""decode_allocations"": {""0"": 1}, ""heuristic"": ""LJF"", ""strategy"": ""Fixed"", ""history_phase"": ""multiple-child""}",train_root,,0.0,0,0.0,0.0
4001,50,10,10,adversary,0,0.0,[],[],[],0.0,[],0,0.0,0.0,"AdversaryAction(requests=[], stop_decode_ids=[])","{""type"": ""adversary"", ""requests"": [], ""stop_decode_ids"": [], ""history_phase"": ""forced_step:single-child""}",train_root,,0.0,0,0.0,0.0
4001,50,11,11,controller,0,0.0,[],[],[],0.0,[],17,0.0,0.0,"ControllerAction(token_budget=2561, selected_request_ids=[0, 1], token_allocations={0: 1, 1: 2560}, prefill_allocations={1: 2560}, decode_allocations={0: 1}, heuristic='EDF', strategy='Fixed', mapping=None)","{""type"": ""controller"", ""token_budget"": 2561, ""selected_request_ids"": [0, 1], ""token_allocations"": {""0"": 1, ""1"": 2560}, ""prefill_allocations"": {""1"": 2560}, ""decode_allocations"": {""0"": 1}, ""heuristic"": ""EDF"", ""strategy"": ""Fixed"", ""history_phase"": ""multiple-child""}",train_root,,0.0,0,0.0,0.0
4001,50,12,12,adversary,0,0.0,[],[],[],0.0,[],0,0.0,0.0,"AdversaryAction(requests=[], stop_decode_ids=[])","{""type"": ""adversary"", ""requests"": [], ""stop_decode_ids"": [], ""history_phase"": ""forced_step:single-child""}",train_root,,0.0,0,0.0,0.0
4001,50,13,13,controller,0,0.0,[],[],[],0.0,[],7,0.0,0.0,"ControllerAction(token_budget=1026, selected_request_ids=[0, 1, 3], token_allocations={0: 1, 1: 1, 3: 1024}, prefill_allocations={3: 1024}, decode_allocations={0: 1, 1: 1}, heuristic='LJF', strategy='Fixed', mapping=None)","{""type"": ""controller"", ""token_budget"": 1026, ""selected_request_ids"": [0, 1, 3], ""token_allocations"": {""0"": 1, ""1"": 1, ""3"": 1024}, ""prefill_allocations"": {""3"": 1024}, ""decode_allocations"": {""0"": 1, ""1"": 1}, ""heuristic"": ""LJF"", ""strategy"": ""Fixed"", ""history_phase"": ""multiple-child""}",train_root,,0.0,0,0.0,0.0
4001,50,14,14,adversary,0,0.0,[],[],[],0.0,[],0,0.0,0.0,"AdversaryAction(requests=[], stop_decode_ids=[])","{""type"": ""adversary"", ""requests"": [], ""stop_decode_ids"": [], ""history_phase"": ""forced_step:single-child""}",train_root,,0.0,0,0.0,0.0
4001,50,15,15,controller,0,0.0,[],[],[],0.0,[],4,0.0,0.0,"ControllerAction(token_budget=1026, selected_request_ids=[0, 1, 2], token_allocations={0: 1, 1: 1, 2: 1024}, prefill_allocations={2: 1024}, decode_allocations={0: 1, 1: 1}, heuristic='SJF', strategy='Fixed', mapping=None)","{""type"": ""controller"", ""token_budget"": 1026, ""selected_request_ids"": [0, 1, 2], ""token_allocations"": {""0"": 1, ""1"": 1, ""2"": 1024}, ""prefill_allocations"": {""2"": 1024}, ""decode_allocations"": {""0"": 1, ""1"": 1}, ""heuristic"": ""SJF"", ""strategy"": ""Fixed"", ""history_phase"": ""multiple-child""}",train_root,,0.0,0,0.0,0.0
4001,50,16,16,adversary,0,0.0,[],[],[],0.0,[],0,0.0,0.0,"AdversaryAction(requests=[], stop_decode_ids=[])","{""type"": ""adversary"", ""requests"": [], ""stop_decode_ids"": [], ""history_phase"": ""forced_step:single-child""}",train_root,,0.0,0,0.0,0.0
4001,50,17,17,controller,0,0.0,[],[],[],0.0,[],16,0.0,0.0,"ControllerAction(token_budget=2562, selected_request_ids=[0, 1, 2, 3], token_allocations={0: 1, 1: 1, 2: 1024, 3: 1536}, prefill_allocations={2: 1024, 3: 1536}, decode_allocations={0: 1, 1: 1}, heuristic='SJF', strategy='Fixed', mapping=None)","{""type"": ""controller"", ""token_budget"": 2562, ""selected_request_ids"": [0, 1, 2, 3], ""token_allocations"": {""0"": 1, ""1"": 1, ""2"": 1024, ""3"": 1536}, ""prefill_allocations"": {""2"": 1024, ""3"": 1536}, ""decode_allocations"": {""0"": 1, ""1"": 1}, ""heuristic"": ""SJF"", ""strategy"": ""Fixed"", ""history_phase"": ""multiple-child""}",train_root,,0.0,0,0.0,0.0
4001,50,18,18,adversary,0,0.0,[],[],[],0.0,[],0,0.0,0.0,"AdversaryAction(requests=[], stop_decode_ids=[])","{""type"": ""adversary"", ""requests"": [], ""stop_decode_ids"": [], ""history_phase"": ""forced_step:single-child""}",train_root,,0.0,0,0.0,0.0
4001,50,19,19,controller,0,0.0,[],[],[],0.0,[],23,0.0,0.0,"ControllerAction(token_budget=3075, selected_request_ids=[0, 1, 2, 4], token_allocations={0: 1, 1: 1, 2: 1, 4: 3072}, prefill_allocations={4: 3072}, decode_allocations={0: 1, 1: 1, 2: 1}, heuristic='LJF', strategy='Fixed', mapping=None)","{""type"": ""controller"", ""token_budget"": 3075, ""selected_request_ids"": [0, 1, 2, 4], ""token_allocations"": {""0"": 1, ""1"": 1, ""2"": 1, ""4"": 3072}, ""prefill_allocations"": {""4"": 3072}, ""decode_allocations"": {""0"": 1, ""1"": 1, ""2"": 1}, ""heuristic"": ""LJF"", ""strategy"": ""Fixed"", ""history_phase"": ""multiple-child""}",train_root,,0.0,0,0.0,0.0
4001,50,20,20,adversary,0,0.0,[],[],[],0.0,[],0,0.0,0.0,"AdversaryAction(requests=[], stop_decode_ids=[])","{""type"": ""adversary"", ""requests"": [], ""stop_decode_ids"": [], ""history_phase"": ""forced_step:single-child""}",train_root,,0.0,0,0.0,0.0
4001,50,21,21,controller,0,0.0,[],[],[],0.0,[],19,0.0,0.0,"ControllerAction(token_budget=2564, selected_request_ids=[0, 1, 2, 4, 5], token_allocations={0: 1, 1: 1, 2: 1, 4: 1, 5: 2560}, prefill_allocations={5: 2560}, decode_allocations={0: 1, 1: 1, 2: 1, 4: 1}, heuristic='LJF', strategy='Fixed', mapping=None)","{""type"": ""controller"", ""token_budget"": 2564, ""selected_request_ids"": [0, 1, 2, 4, 5], ""token_allocations"": {""0"": 1, ""1"": 1, ""2"": 1, ""4"": 1, ""5"": 2560}, ""prefill_allocations"": {""5"": 2560}, ""decode_allocations"": {""0"": 1, ""1"": 1, ""2"": 1, ""4"": 1}, ""heuristic"": ""LJF"", ""strategy"": ""Fixed"", ""history_phase"": ""multiple-child""}",train_root,,0.0,0,0.0,0.0
4001,50,22,22,adversary,0,0.0,[],[],[],0.0,[],0,0.0,0.0,"AdversaryAction(requests=[], stop_decode_ids=[])","{""type"": ""adversary"", ""requests"": [], ""stop_decode_ids"": [], ""history_phase"": ""forced_step:single-child""}",train_root,,0.0,0,0.0,0.0
4001,50,23,23,controller,0,0.0,[],[],[],0.0,[],7,0.0,0.0,"ControllerAction(token_budget=1028, selected_request_ids=[0, 1, 2, 3, 4, 5], token_allocations={0: 1, 1: 1, 2: 1, 3: 512, 4: 1, 5: 512}, prefill_allocations={3: 512, 5: 512}, decode_allocations={0: 1, 1: 1, 2: 1, 4: 1}, heuristic='LJF', strategy='Fixed', mapping=None)","{""type"": ""controller"", ""token_budget"": 1028, ""selected_request_ids"": [0, 1, 2, 3, 4, 5], ""token_allocations"": {""0"": 1, ""1"": 1, ""2"": 1, ""3"": 512, ""4"": 1, ""5"": 512}, ""prefill_allocations"": {""3"": 512, ""5"": 512}, ""decode_allocations"": {""0"": 1, ""1"": 1, ""2"": 1, ""4"": 1}, ""heuristic"": ""LJF"", ""strategy"": ""Fixed"", ""history_phase"": ""multiple-child""}",train_root,,0.0,0,0.0,0.0
4001,50,24,24,adversary,0,0.0,[],[],[],0.0,[],0,0.0,0.0,"AdversaryAction(requests=[], stop_decode_ids=[])","{""type"": ""adversary"", ""requests"": [], ""stop_decode_ids"": [], ""history_phase"": ""forced_step:single-child""}",train_root,,0.0,0,0.0,0.0
4001,50,25,25,controller,0,0.0,[],[],[],0.0,[],0,0.0,0.0,"ControllerAction(token_budget=6, selected_request_ids=[0, 1, 2, 3, 4, 5], token_allocations={0: 1, 1: 1, 2: 1, 3: 1, 4: 1, 5: 1}, prefill_allocations={}, decode_allocations={0: 1, 1: 1, 2: 1, 3: 1, 4: 1, 5: 1}, heuristic='SJF', strategy='Fixed', mapping=None)","{""type"": ""controller"", ""token_budget"": 6, ""selected_request_ids"": [0, 1, 2, 3, 4, 5], ""token_allocations"": {""0"": 1, ""1"": 1, ""2"": 1, ""3"": 1, ""4"": 1, ""5"": 1}, ""prefill_allocations"": {}, ""decode_allocations"": {""0"": 1, ""1"": 1, ""2"": 1, ""3"": 1, ""4"": 1, ""5"": 1}, ""heuristic"": ""SJF"", ""strategy"": ""Fixed"", ""history_phase"": ""forced_step:single-child""}",train_root,,0.0,0,0.0,0.0
4001,50,26,26,adversary,0,0.0,[],[],[],0.0,[],2,0.0,0.0,"AdversaryAction(requests=[AdversaryRequestSpec(prefill_tokens=3072, decode_tokens=5000, prefill_slo=0.3874467952163693, decode_slo=0.05), AdversaryRequestSpec(prefill_tokens=3072, decode_tokens=5000, prefill_slo=0.3874467952163693, decode_slo=0.05), AdversaryRequestSpec(prefill_tokens=3072, decode_tokens=5000, prefill_slo=0.3874467952163693, decode_slo=0.05)], stop_decode_ids=[])","{""type"": ""adversary"", ""requests"": [{""prefill_tokens"": 3072, ""decode_tokens"": 5000, ""prefill_slo"": 0.3874467952163693, ""decode_slo"": 0.05}, {""prefill_tokens"": 3072, ""decode_tokens"": 5000, ""prefill_slo"": 0.3874467952163693, ""decode_slo"": 0.05}, {""prefill_tokens"": 3072, ""decode_tokens"": 5000, ""prefill_slo"": 0.3874467952163693, ""decode_slo"": 0.05}], ""stop_decode_ids"": [], ""history_phase"": ""multiple-child""}",train_root,,0.0,0,0.0,0.0
4001,50,27,27,controller,0,0.0,[],[],[],0.0,[],14,0.0,0.0,"ControllerAction(token_budget=2054, selected_request_ids=[0, 1, 2, 3, 4, 5, 6], token_allocations={0: 1, 1: 1, 2: 1, 3: 1, 4: 1, 5: 1, 6: 2048}, prefill_allocations={6: 2048}, decode_allocations={0: 1, 1: 1, 2: 1, 3: 1, 4: 1, 5: 1}, heuristic='LST', strategy='Fixed', mapping=None)","{""type"": ""controller"", ""token_budget"": 2054, ""selected_request_ids"": [0, 1, 2, 3, 4, 5, 6], ""token_allocations"": {""0"": 1, ""1"": 1, ""2"": 1, ""3"": 1, ""4"": 1, ""5"": 1, ""6"": 2048}, ""prefill_allocations"": {""6"": 2048}, ""decode_allocations"": {""0"": 1, ""1"": 1, ""2"": 1, ""3"": 1, ""4"": 1, ""5"": 1}, ""heuristic"": ""LST"", ""strategy"": ""Fixed"", ""history_phase"": ""multiple-child""}",train_root,,0.0,0,0.0,0.0
4001,50,28,28,adversary,0,0.0,[],[],[],0.0,[],0,0.0,0.0,"AdversaryAction(requests=[], stop_decode_ids=[])","{""type"": ""adversary"", ""requests"": [], ""stop_decode_ids"": [], ""history_phase"": ""forced_step:single-child""}",train_root,,0.0,0,0.0,0.0
4001,50,29,29,controller,0,0.0,[],[],[],0.0,[],22,0.0,0.0,"ControllerAction(token_budget=3078, selected_request_ids=[0, 1, 2, 3, 4, 5, 7], token_allocations={0: 1, 1: 1, 2: 1, 3: 1, 4: 1, 5: 1, 7: 3072}, prefill_allocations={7: 3072}, decode_allocations={0: 1, 1: 1, 2: 1, 3: 1, 4: 1, 5: 1}, heuristic='LST', strategy='Fixed', mapping=None)","{""type"": ""controller"", ""token_budget"": 3078, ""selected_request_ids"": [0, 1, 2, 3, 4, 5, 7], ""token_allocations"": {""0"": 1, ""1"": 1, ""2"": 1, ""3"": 1, ""4"": 1, ""5"": 1, ""7"": 3072}, ""prefill_allocations"": {""7"": 3072}, ""decode_allocations"": {""0"": 1, ""1"": 1, ""2"": 1, ""3"": 1, ""4"": 1, ""5"": 1}, ""heuristic"": ""LST"", ""strategy"": ""Fixed"", ""history_phase"": ""multiple-child""}",train_root,,0.0,0,0.0,0.0
4001,50,30,30,adversary,0,0.0,[],[],[],0.0,[],0,0.0,0.0,"AdversaryAction(requests=[], stop_decode_ids=[])","{""type"": ""adversary"", ""requests"": [], ""stop_decode_ids"": [], ""history_phase"": ""forced_step:single-child""}",train_root,,0.0,0,0.0,0.0
4001,50,31,31,controller,0,0.0,[],[],[],0.0,[],13,0.0,0.0,"ControllerAction(token_budget=2055, selected_request_ids=[0, 1, 2, 3, 4, 5, 6, 7, 8], token_allocations={0: 1, 1: 1, 2: 1, 3: 1, 4: 1, 5: 1, 6: 1024, 7: 1, 8: 1024}, prefill_allocations={6: 1024, 8: 1024}, decode_allocations={0: 1, 1: 1, 2: 1, 3: 1, 4: 1, 5: 1, 7: 1}, heuristic='EDF', strategy='Fixed', mapping=None)","{""type"": ""controller"", ""token_budget"": 2055, ""selected_request_ids"": [0, 1, 2, 3, 4, 5, 6, 7, 8], ""token_allocations"": {""0"": 1, ""1"": 1, ""2"": 1, ""3"": 1, ""4"": 1, ""5"": 1, ""6"": 1024, ""7"": 1, ""8"": 1024}, ""prefill_allocations"": {""6"": 1024, ""8"": 1024}, ""decode_allocations"": {""0"": 1, ""1"": 1, ""2"": 1, ""3"": 1, ""4"": 1, ""5"": 1, ""7"": 1}, ""heuristic"": ""EDF"", ""strategy"": ""Fixed"", ""history_phase"": ""multiple-child""}",train_root,,0.0,0,0.0,0.0
4001,50,32,32,adversary,0,0.0,[],[],[],0.0,[],0,0.0,0.0,"AdversaryAction(requests=[], stop_decode_ids=[])","{""type"": ""adversary"", ""requests"": [], ""stop_decode_ids"": [], ""history_phase"": ""forced_step:single-child""}",train_root,,0.0,0,0.0,0.0
4001,50,33,33,controller,0,0.0,[],[],[],0.0,[],11,0.0,0.0,"ControllerAction(token_budget=1544, selected_request_ids=[0, 1, 2, 3, 4, 5, 6, 7, 8], token_allocations={0: 1, 1: 1, 2: 1, 3: 1, 4: 1, 5: 1, 6: 1, 7: 1, 8: 1536}, prefill_allocations={8: 1536}, decode_allocations={0: 1, 1: 1, 2: 1, 3: 1, 4: 1, 5: 1, 6: 1, 7: 1}, heuristic='LJF', strategy='Fixed', mapping=None)","{""type"": ""controller"", ""token_budget"": 1544, ""selected_request_ids"": [0, 1, 2, 3, 4, 5, 6, 7, 8], ""token_allocations"": {""0"": 1, ""1"": 1, ""2"": 1, ""3"": 1, ""4"": 1, ""5"": 1, ""6"": 1, ""7"": 1, ""8"": 1536}, ""prefill_allocations"": {""8"": 1536}, ""decode_allocations"": {""0"": 1, ""1"": 1, ""2"": 1, ""3"": 1, ""4"": 1, ""5"": 1, ""6"": 1, ""7"": 1}, ""heuristic"": ""LJF"", ""strategy"": ""Fixed"", ""history_phase"": ""multiple-child""}",train_root,,0.0,0,0.0,0.0
4001,50,34,34,adversary,0,0.0,[],[],[],0.0,[],0,0.0,0.0,"AdversaryAction(requests=[], stop_decode_ids=[])","{""type"": ""adversary"", ""requests"": [], ""stop_decode_ids"": [], ""history_phase"": ""forced_step:single-child""}",train_root,,0.0,0,0.0,0.0
4001,50,35,35,controller,0,0.0,[],[],[],0.0,[],2,0.0,0.0,"ControllerAction(token_budget=520, selected_request_ids=[0, 1, 2, 3, 4, 5, 6, 7, 8], token_allocations={0: 1, 1: 1, 2: 1, 3: 1, 4: 1, 5: 1, 6: 1, 7: 1, 8: 512}, prefill_allocations={8: 512}, decode_allocations={0: 1, 1: 1, 2: 1, 3: 1, 4: 1, 5: 1, 6: 1, 7: 1}, heuristic='LST', strategy='Fixed', mapping=None)","{""type"": ""controller"", ""token_budget"": 520, ""selected_request_ids"": [0, 1, 2, 3, 4, 5, 6, 7, 8], ""token_allocations"": {""0"": 1, ""1"": 1, ""2"": 1, ""3"": 1, ""4"": 1, ""5"": 1, ""6"": 1, ""7"": 1, ""8"": 512}, ""prefill_allocations"": {""8"": 512}, ""decode_allocations"": {""0"": 1, ""1"": 1, ""2"": 1, ""3"": 1, ""4"": 1, ""5"": 1, ""6"": 1, ""7"": 1}, ""heuristic"": ""LST"", ""strategy"": ""Fixed"", ""history_phase"": ""multiple-child""}",train_root,,0.0,0,0.0,0.0
4001,50,36,36,adversary,0,0.0,[],[],[],0.0,[],0,0.0,0.0,"AdversaryAction(requests=[], stop_decode_ids=[])","{""type"": ""adversary"", ""requests"": [], ""stop_decode_ids"": [], ""history_phase"": ""forced_step:single-child""}",train_root,,0.0,0,0.0,0.0
4001,50,37,37,controller,0,0.0,[],[],[],0.0,[],0,0.0,0.0,"ControllerAction(token_budget=9, selected_request_ids=[0, 1, 2, 3, 4, 5, 6, 7, 8], token_allocations={0: 1, 1: 1, 2: 1, 3: 1, 4: 1, 5: 1, 6: 1, 7: 1, 8: 1}, prefill_allocations={}, decode_allocations={0: 1, 1: 1, 2: 1, 3: 1, 4: 1, 5: 1, 6: 1, 7: 1, 8: 1}, heuristic='SJF', strategy='Fixed', mapping=None)","{""type"": ""controller"", ""token_budget"": 9, ""selected_request_ids"": [0, 1, 2, 3, 4, 5, 6, 7, 8], ""token_allocations"": {""0"": 1, ""1"": 1, ""2"": 1, ""3"": 1, ""4"": 1, ""5"": 1, ""6"": 1, ""7"": 1, ""8"": 1}, ""prefill_allocations"": {}, ""decode_allocations"": {""0"": 1, ""1"": 1, ""2"": 1, ""3"": 1, ""4"": 1, ""5"": 1, ""6"": 1, ""7"": 1, ""8"": 1}, ""heuristic"": ""SJF"", ""strategy"": ""Fixed"", ""history_phase"": ""forced_step:single-child""}",train_root,,0.0,0,0.0,0.0
4001,50,38,38,adversary,0,0.0,[],[],[],0.0,[],2,0.0,0.0,"AdversaryAction(requests=[AdversaryRequestSpec(prefill_tokens=3072, decode_tokens=5000, prefill_slo=0.3874467952163693, decode_slo=0.05), AdversaryRequestSpec(prefill_tokens=3072, decode_tokens=5000, prefill_slo=0.3874467952163693, decode_slo=0.05), AdversaryRequestSpec(prefill_tokens=3072, decode_tokens=5000, prefill_slo=0.3874467952163693, decode_slo=0.05)], stop_decode_ids=[])","{""type"": ""adversary"", ""requests"": [{""prefill_tokens"": 3072, ""decode_tokens"": 5000, ""prefill_slo"": 0.3874467952163693, ""decode_slo"": 0.05}, {""prefill_tokens"": 3072, ""decode_tokens"": 5000, ""prefill_slo"": 0.3874467952163693, ""decode_slo"": 0.05}, {""prefill_tokens"": 3072, ""decode_tokens"": 5000, ""prefill_slo"": 0.3874467952163693, ""decode_slo"": 0.05}], ""stop_decode_ids"": [], ""history_phase"": ""multiple-child""}",train_root,,0.0,0,0.0,0.0
4001,50,39,39,controller,0,0.0,[],[],[],0.0,[],21,0.0,0.0,"ControllerAction(token_budget=3081, selected_request_ids=[0, 1, 2, 3, 4, 5, 6, 7, 8, 9], token_allocations={0: 1, 1: 1, 2: 1, 3: 1, 4: 1, 5: 1, 6: 1, 7: 1, 8: 1, 9: 3072}, prefill_allocations={9: 3072}, decode_allocations={0: 1, 1: 1, 2: 1, 3: 1, 4: 1, 5: 1, 6: 1, 7: 1, 8: 1}, heuristic='EDF', strategy='Fixed', mapping=None)","{""type"": ""controller"", ""token_budget"": 3081, ""selected_request_ids"": [0, 1, 2, 3, 4, 5, 6, 7, 8, 9], ""token_allocations"": {""0"": 1, ""1"": 1, ""2"": 1, ""3"": 1, ""4"": 1, ""5"": 1, ""6"": 1, ""7"": 1, ""8"": 1, ""9"": 3072}, ""prefill_allocations"": {""9"": 3072}, ""decode_allocations"": {""0"": 1, ""1"": 1, ""2"": 1, ""3"": 1, ""4"": 1, ""5"": 1, ""6"": 1, ""7"": 1, ""8"": 1}, ""heuristic"": ""EDF"", ""strategy"": ""Fixed"", ""history_phase"": ""multiple-child""}",train_root,,0.0,0,0.0,0.0
4001,50,40,40,adversary,0,0.0,[],[],[],0.0,[],0,0.0,0.0,"AdversaryAction(requests=[], stop_decode_ids=[])","{""type"": ""adversary"", ""requests"": [], ""stop_decode_ids"": [], ""history_phase"": ""forced_step:single-child""}",train_root,,0.0,0,0.0,0.0
4001,50,41,41,controller,0,0.0,[],[],[],0.0,[],4,0.0,0.0,"ControllerAction(token_budget=1034, selected_request_ids=[0, 1, 2, 3, 4, 5, 6, 7, 8, 9, 10], token_allocations={0: 1, 1: 1, 2: 1, 3: 1, 4: 1, 5: 1, 6: 1, 7: 1, 8: 1, 9: 1, 10: 1024}, prefill_allocations={10: 1024}, decode_allocations={0: 1, 1: 1, 2: 1, 3: 1, 4: 1, 5: 1, 6: 1, 7: 1, 8: 1, 9: 1}, heuristic='SJF', strategy='Fixed', mapping=None)","{""type"": ""controller"", ""token_budget"": 1034, ""selected_request_ids"": [0, 1, 2, 3, 4, 5, 6, 7, 8, 9, 10], ""token_allocations"": {""0"": 1, ""1"": 1, ""2"": 1, ""3"": 1, ""4"": 1, ""5"": 1, ""6"": 1, ""7"": 1, ""8"": 1, ""9"": 1, ""10"": 1024}, ""prefill_allocations"": {""10"": 1024}, ""decode_allocations"": {""0"": 1, ""1"": 1, ""2"": 1, ""3"": 1, ""4"": 1, ""5"": 1, ""6"": 1, ""7"": 1, ""8"": 1, ""9"": 1}, ""heuristic"": ""SJF"", ""strategy"": ""Fixed"", ""history_phase"": ""multiple-child""}",train_root,,0.0,0,0.0,0.0
4001,50,42,42,adversary,0,0.0,[],[],[],0.0,[],0,0.0,0.0,"AdversaryAction(requests=[], stop_decode_ids=[])","{""type"": ""adversary"", ""requests"": [], ""stop_decode_ids"": [], ""history_phase"": ""forced_step:single-child""}",train_root,,0.0,0,0.0,0.0
4001,50,43,43,controller,0,0.0,[],[],[],0.0,[],7,0.0,0.0,"ControllerAction(token_budget=1034, selected_request_ids=[0, 1, 2, 3, 4, 5, 6, 7, 8, 9, 11], token_allocations={0: 1, 1: 1, 2: 1, 3: 1, 4: 1, 5: 1, 6: 1, 7: 1, 8: 1, 9: 1, 11: 1024}, prefill_allocations={11: 1024}, decode_allocations={0: 1, 1: 1, 2: 1, 3: 1, 4: 1, 5: 1, 6: 1, 7: 1, 8: 1, 9: 1}, heuristic='LJF', strategy='Fixed', mapping=None)","{""type"": ""controller"", ""token_budget"": 1034, ""selected_request_ids"": [0, 1, 2, 3, 4, 5, 6, 7, 8, 9, 11], ""token_allocations"": {""0"": 1, ""1"": 1, ""2"": 1, ""3"": 1, ""4"": 1, ""5"": 1, ""6"": 1, ""7"": 1, ""8"": 1, ""9"": 1, ""11"": 1024}, ""prefill_allocations"": {""11"": 1024}, ""decode_allocations"": {""0"": 1, ""1"": 1, ""2"": 1, ""3"": 1, ""4"": 1, ""5"": 1, ""6"": 1, ""7"": 1, ""8"": 1, ""9"": 1}, ""heuristic"": ""LJF"", ""strategy"": ""Fixed"", ""history_phase"": ""multiple-child""}",train_root,,0.0,0,0.0,0.0
4001,50,44,44,adversary,0,0.0,[],[],[],0.0,[],0,0.0,0.0,"AdversaryAction(requests=[], stop_decode_ids=[])","{""type"": ""adversary"", ""requests"": [], ""stop_decode_ids"": [], ""history_phase"": ""forced_step:single-child""}",train_root,,0.0,0,0.0,0.0
4001,50,45,45,controller,0,0.0,[],[],[],0.0,[],10,0.0,0.0,"ControllerAction(token_budget=1546, selected_request_ids=[0, 1, 2, 3, 4, 5, 6, 7, 8, 9, 10], token_allocations={0: 1, 1: 1, 2: 1, 3: 1, 4: 1, 5: 1, 6: 1, 7: 1, 8: 1, 9: 1, 10: 1536}, prefill_allocations={10: 1536}, decode_allocations={0: 1, 1: 1, 2: 1, 3: 1, 4: 1, 5: 1, 6: 1, 7: 1, 8: 1, 9: 1}, heuristic='LST', strategy='Fixed', mapping=None)","{""type"": ""controller"", ""token_budget"": 1546, ""selected_request_ids"": [0, 1, 2, 3, 4, 5, 6, 7, 8, 9, 10], ""token_allocations"": {""0"": 1, ""1"": 1, ""2"": 1, ""3"": 1, ""4"": 1, ""5"": 1, ""6"": 1, ""7"": 1, ""8"": 1, ""9"": 1, ""10"": 1536}, ""prefill_allocations"": {""10"": 1536}, ""decode_allocations"": {""0"": 1, ""1"": 1, ""2"": 1, ""3"": 1, ""4"": 1, ""5"": 1, ""6"": 1, ""7"": 1, ""8"": 1, ""9"": 1}, ""heuristic"": ""LST"", ""strategy"": ""Fixed"", ""history_phase"": ""multiple-child""}",train_root,,0.0,0,0.0,0.0
4001,50,46,46,adversary,0,0.0,[],[],[],0.0,[],0,0.0,0.0,"AdversaryAction(requests=[], stop_decode_ids=[])","{""type"": ""adversary"", ""requests"": [], ""stop_decode_ids"": [], ""history_phase"": ""forced_step:single-child""}",train_root,,0.0,0,0.0,0.0
4001,50,47,47,controller,0,0.0,[],[],[],0.0,[],16,0.0,0.0,"ControllerAction(token_budget=2570, selected_request_ids=[0, 1, 2, 3, 4, 5, 6, 7, 8, 9, 10, 11], token_allocations={0: 1, 1: 1, 2: 1, 3: 1, 4: 1, 5: 1, 6: 1, 7: 1, 8: 1, 9: 1, 10: 512, 11: 2048}, prefill_allocations={10: 512, 11: 2048}, decode_allocations={0: 1, 1: 1, 2: 1, 3: 1, 4: 1, 5: 1, 6: 1, 7: 1, 8: 1, 9: 1}, heuristic='SJF', strategy='Fixed', mapping=None)","{""type"": ""controller"", ""token_budget"": 2570, ""selected_request_ids"": [0, 1, 2, 3, 4, 5, 6, 7, 8, 9, 10, 11], ""token_allocations"": {""0"": 1, ""1"": 1, ""2"": 1, ""3"": 1, ""4"": 1, ""5"": 1, ""6"": 1, ""7"": 1, ""8"": 1, ""9"": 1, ""10"": 512, ""11"": 2048}, ""prefill_allocations"": {""10"": 512, ""11"": 2048}, ""decode_allocations"": {""0"": 1, ""1"": 1, ""2"": 1, ""3"": 1, ""4"": 1, ""5"": 1, ""6"": 1, ""7"": 1, ""8"": 1, ""9"": 1}, ""heuristic"": ""SJF"", ""strategy"": ""Fixed"", ""history_phase"": ""multiple-child""}",train_root,,0.0,0,0.0,0.0
4001,50,48,48,adversary,0,0.0,[],[],[],0.0,[],0,0.0,0.0,"AdversaryAction(requests=[], stop_decode_ids=[])","{""type"": ""adversary"", ""requests"": [], ""stop_decode_ids"": [], ""history_phase"": ""forced_step:single-child""}",train_root,,0.0,0,0.0,0.0
4001,50,49,49,controller,0,0.0,[],[],[],0.0,[],0,0.0,0.0,"ControllerAction(token_budget=12, selected_request_ids=[0, 1, 2, 3, 4, 5, 6, 7, 8, 9, 10, 11], token_allocations={0: 1, 1: 1, 2: 1, 3: 1, 4: 1, 5: 1, 6: 1, 7: 1, 8: 1, 9: 1, 10: 1, 11: 1}, prefill_allocations={}, decode_allocations={0: 1, 1: 1, 2: 1, 3: 1, 4: 1, 5: 1, 6: 1, 7: 1, 8: 1, 9: 1, 10: 1, 11: 1}, heuristic='SJF', strategy='Fixed', mapping=None)","{""type"": ""controller"", ""token_budget"": 12, ""selected_request_ids"": [0, 1, 2, 3, 4, 5, 6, 7, 8, 9, 10, 11], ""token_allocations"": {""0"": 1, ""1"": 1, ""2"": 1, ""3"": 1, ""4"": 1, ""5"": 1, ""6"": 1, ""7"": 1, ""8"": 1, ""9"": 1, ""10"": 1, ""11"": 1}, ""prefill_allocations"": {}, ""decode_allocations"": {""0"": 1, ""1"": 1, ""2"": 1, ""3"": 1, ""4"": 1, ""5"": 1, ""6"": 1, ""7"": 1, ""8"": 1, ""9"": 1, ""10"": 1, ""11"": 1}, ""heuristic"": ""SJF"", ""strategy"": ""Fixed"", ""history_phase"": ""forced_step:single-child""}",train_root,,0.0,0,0.0,0.0
4001,50,50,50,adversary,0,0.0,[],[],[],0.0,[],0,0.0,0.0,"AdversaryAction(requests=[AdversaryRequestSpec(prefill_tokens=3072, decode_tokens=5000, prefill_slo=0.3874467952163693, decode_slo=0.05)], stop_decode_ids=[])","{""type"": ""adversary"", ""requests"": [{""prefill_tokens"": 3072, ""decode_tokens"": 5000, ""prefill_slo"": 0.3874467952163693, ""decode_slo"": 0.05}], ""stop_decode_ids"": [], ""history_phase"": ""multiple-child""}",train_root,,0.0,0,0.0,0.0
4001,50,51,50,controller,8000,-32.20014953613281,"[0.13008123636245728, 0.10744184255599976, 0.12453368306159973, 0.1179659441113472, 0.10180288553237915, 0.11270160973072052, 0.1177067831158638, 0.10389961302280426, 0.007048549130558968, 0.00752432132139802, 0.007823487743735313, 0.007924183271825314, 0.004789005033671856, 0.004529529716819525, 0.0033364107366651297, 0.00549600925296545, 0.003954652696847916, 0.0033332931343466043, 0.00487096281722188, 0.005285911727696657, 0.0047823404893279076, 0.003925904165953398, 0.003844542894512415, 0.005397333763539791]","[0.11927107448461252, 0.09851308585777792, 0.11418454039671157, 0.10816260131128987, 0.0933427439853671, 0.10333574975620391, 0.1079249774136381, 0.09526522679439892, 0.01, 0.01, 0.01, 0.01, 0.01, 0.01, 0.01, 0.01, 0.01, 0.01, 0.01, 0.01, 0.01, 0.01, 0.01, 0.01]","[true, true, true, true, true, true, true, true, true, true, true, true, true, true, true, true, true, true, true, true, true, true, true, true]",-16.370245636891134,"[0.12453125, 0.12453125, 0.12453125, 0.12453125, 0.11096875, 0.11096875, 0.11096875, 0.11096875, 0.00571875, 0.00571875, 0.00571875, 0.00571875, 0.00396875, 0.00396875, 0.00396875, 0.00396875, 0.00265625, 0.00265625, 0.00265625, 0.00265625, 0.00215625, 0.00215625, 0.00215625, 0.00215625]",0,0.12453125,0.13008123636245728,"ControllerAction(token_budget=524, selected_request_ids=[0, 1, 2, 3, 4, 5, 6, 7, 8, 9, 10, 11, 12], token_allocations={0: 1, 1: 1, 2: 1, 3: 1, 4: 1, 5: 1, 6: 1, 7: 1, 8: 1, 9: 1, 10: 1, 11: 1, 12: 512}, prefill_allocations={12: 512}, decode_allocations={0: 1, 1: 1, 2: 1, 3: 1, 4: 1, 5: 1, 6: 1, 7: 1, 8: 1, 9: 1, 10: 1, 11: 1}, heuristic='SJF', strategy='Fixed', mapping=None)","{""type"": ""controller"", ""token_budget"": 524, ""selected_request_ids"": [0, 1, 2, 3, 4, 5, 6, 7, 8, 9, 10, 11, 12], ""token_allocations"": {""0"": 1, ""1"": 1, ""2"": 1, ""3"": 1, ""4"": 1, ""5"": 1, ""6"": 1, ""7"": 1, ""8"": 1, ""9"": 1, ""10"": 1, ""11"": 1, ""12"": 512}, ""prefill_allocations"": {""12"": 512}, ""decode_allocations"": {""0"": 1, ""1"": 1, ""2"": 1, ""3"": 1, ""4"": 1, ""5"": 1, ""6"": 1, ""7"": 1, ""8"": 1, ""9"": 1, ""10"": 1, ""11"": 1}, ""heuristic"": ""SJF"", ""strategy"": ""Fixed""}",train_root,,4.0,12,4.122317730034315,16.122317730034315
4001,51,53,97924,controller,8000,-31.96139144897461,"[0.13255193829536438, 0.10726587474346161, 0.12510693073272705, 0.12208053469657898, 0.1016429215669632, 0.11428645253181458, 0.12147209048271179, 0.10317741334438324, 0.007591692265123129, 0.008322921581566334, 0.008589917793869972, 0.008737428113818169, 0.00518764229491353, 0.005119764246046543, 0.003560983808711171, 0.005979655310511589, 0.004368558991700411, 0.003870682092383504, 0.005448226351290941, 0.005638387054204941, 0.0, 0.0, 0.0, 0.0]","[0.12575215401843678, 0.10176324069743058, 0.11868906803323592, 0.11581792314201265, 0.09642873949750196, 0.10842366973900465, 0.1152406915188631, 0.09788451335351428, 0.01, 0.01, 0.01, 0.01, 0.01, 0.01, 0.01, 0.01, 0.01, 0.01, 0.01, 0.01, 0.0, 0.0, 0.0, 0.0]","[true, true, true, true, true, true, true, true, true, true, true, true, true, true, true, true, true, true, true, true, false, false, false, false]",-16.357939303240308,"[0.123125, 0.123125, 0.123125, 0.123125, 0.1146875, 0.1146875, 0.1146875, 0.1146875, 0.005625, 0.005625, 0.005625, 0.005625, 0.0039375, 0.0039375, 0.0039375, 0.0039375, 0.002625, 0.002625, 0.002625, 0.002625, 0.0, 0.0, 0.0, 0.0]",0,0.123125,0.13255193829536438,"ControllerAction(token_budget=524, selected_request_ids=[0, 1, 2, 3, 4, 5, 6, 7, 8, 9, 10, 11, 12], token_allocations={0: 1, 1: 1, 2: 1, 3: 1, 4: 1, 5: 1, 6: 1, 7: 1, 8: 1, 9: 1, 10: 1, 11: 1, 12: 512}, prefill_allocations={12: 512}, decode_allocations={0: 1, 1: 1, 2: 1, 3: 1, 4: 1, 5: 1, 6: 1, 7: 1, 8: 1, 9: 1, 10: 1, 11: 1}, heuristic='SJF', strategy='Fixed', mapping=None)","{""type"": ""controller"", ""token_budget"": 524, ""selected_request_ids"": [0, 1, 2, 3, 4, 5, 6, 7, 8, 9, 10, 11, 12], ""token_allocations"": {""0"": 1, ""1"": 1, ""2"": 1, ""3"": 1, ""4"": 1, ""5"": 1, ""6"": 1, ""7"": 1, ""8"": 1, ""9"": 1, ""10"": 1, ""11"": 1, ""12"": 512}, ""prefill_allocations"": {""12"": 512}, ""decode_allocations"": {""0"": 1, ""1"": 1, ""2"": 1, ""3"": 1, ""4"": 1, ""5"": 1, ""6"": 1, ""7"": 1, ""8"": 1, ""9"": 1, ""10"": 1, ""11"": 1}, ""heuristic"": ""SJF"", ""strategy"": ""Fixed""}",train_root,,4.025937674806261,12,4.122317730034315,16.122317730034315
4001,52,55,197109,controller,8000,-31.72162628173828,"[0.13544249534606934, 0.10740207135677338, 0.12603974342346191, 0.12669174373149872, 0.10170184075832367, 0.11612389981746674, 0.1256115436553955, 0.10269373655319214, 0.008195113390684128, 0.00922748725861311, 0.009451005607843399, 0.00965709239244461, 0.0056318738497793674, 0.005800735205411911, 0.003810906084254384, 0.006518697366118431, 0.0, 0.0, 0.0, 0.0, 0.0, 0.0, 0.0, 0.0]","[0.13232044132803236, 0.10492637074620692, 0.12313443009191019, 0.12377140128979759, 0.09935753486104978, 0.11344715433157693, 0.12271610065887416, 0.1003265666925519, 0.01, 0.01, 0.01, 0.01, 0.01, 0.01, 0.01, 0.01, 0.0, 0.0, 0.0, 0.0, 0.0, 0.0, 0.0, 0.0]","[true, true, true, true, true, true, true, true, true, true, true, true, true, true, true, true, false, false, false, false, false, false, false, false]",-16.34389975144645,"[0.12628125, 0.12628125, 0.12628125, 0.12628125, 0.11453125, 0.11453125, 0.11453125, 0.11453125, 0.005375, 0.005375, 0.005375, 0.005375, 0.0038125, 0.0038125, 0.0038125, 0.0038125, 0.0, 0.0, 0.0, 0.0, 0.0, 0.0, 0.0, 0.0]",0,0.12628125,0.13544249534606934,"ControllerAction(token_budget=524, selected_request_ids=[0, 1, 2, 3, 4, 5, 6, 7, 8, 9, 10, 11, 12], token_allocations={0: 1, 1: 1, 2: 1, 3: 1, 4: 1, 5: 1, 6: 1, 7: 1, 8: 1, 9: 1, 10: 1, 11: 1, 12: 512}, prefill_allocations={12: 512}, decode_allocations={0: 1, 1: 1, 2: 1, 3: 1, 4: 1, 5: 1, 6: 1, 7: 1, 8: 1, 9: 1, 10: 1, 11: 1}, heuristic='SJF', strategy='Fixed', mapping=None)","{""type"": ""controller"", ""token_budget"": 524, ""selected_request_ids"": [0, 1, 2, 3, 4, 5, 6, 7, 8, 9, 10, 11, 12], ""token_allocations"": {""0"": 1, ""1"": 1, ""2"": 1, ""3"": 1, ""4"": 1, ""5"": 1, ""6"": 1, ""7"": 1, ""8"": 1, ""9"": 1, ""10"": 1, ""11"": 1, ""12"": 512}, ""prefill_allocations"": {""12"": 512}, ""decode_allocations"": {""0"": 1, ""1"": 1, ""2"": 1, ""3"": 1, ""4"": 1, ""5"": 1, ""6"": 1, ""7"": 1, ""8"": 1, ""9"": 1, ""10"": 1, ""11"": 1}, ""heuristic"": ""SJF"", ""strategy"": ""Fixed""}",train_root,,4.052215647340523,12,4.122317730034315,16.122317730034315
4001,53,57,295799,controller,8000,-31.481060028076172,"[0.13895536959171295, 0.10799670219421387, 0.12750712037086487, 0.13201484084129333, 0.10208146274089813, 0.11833380162715912, 0.1302764117717743, 0.10255306214094162, 0.008875655010342598, 0.010264831595122814, 0.010429964400827885, 0.010710762813687325, 0.0, 0.0, 0.0, 0.0, 0.0, 0.0, 0.0, 0.0, 0.0, 0.0, 0.0, 0.0]","[0.13879773880993596, 0.10787419088251551, 0.1273624764673925, 0.1318650833858663, 0.10196566166876925, 0.11819956392396032, 0.1301286263879131, 0.10243672608709642, 0.01, 0.010253187184159044, 0.010418132663434507, 0.010698612538957313, 0.0, 0.0, 0.0, 0.0, 0.0, 0.0, 0.0, 0.0, 0.0, 0.0, 0.0, 0.0]","[true, true, true, true, true, true, true, true, true, true, true, true, false, false, false, false, false, false, false, false, false, false, false, false]",-16.33548800143257,"[0.12878125, 0.12878125, 0.12878125, 0.12878125, 0.1160625, 0.1160625, 0.1160625, 0.1160625, 0.00515625, 0.00515625, 0.00515625, 0.00515625, 0.0, 0.0, 0.0, 0.0, 0.0, 0.0, 0.0, 0.0, 0.0, 0.0, 0.0, 0.0]",0,0.12878125,0.13895536959171295,"ControllerAction(token_budget=524, selected_request_ids=[0, 1, 2, 3, 4, 5, 6, 7, 8, 9, 10, 11, 12], token_allocations={0: 1, 1: 1, 2: 1, 3: 1, 4: 1, 5: 1, 6: 1, 7: 1, 8: 1, 9: 1, 10: 1, 11: 1, 12: 512}, prefill_allocations={12: 512}, decode_allocations={0: 1, 1: 1, 2: 1, 3: 1, 4: 1, 5: 1, 6: 1, 7: 1, 8: 1, 9: 1, 10: 1, 11: 1}, heuristic='SJF', strategy='Fixed', mapping=None)","{""type"": ""controller"", ""token_budget"": 524, ""selected_request_ids"": [0, 1, 2, 3, 4, 5, 6, 7, 8, 9, 10, 11, 12], ""token_allocations"": {""0"": 1, ""1"": 1, ""2"": 1, ""3"": 1, ""4"": 1, ""5"": 1, ""6"": 1, ""7"": 1, ""8"": 1, ""9"": 1, ""10"": 1, ""11"": 1, ""12"": 512}, ""prefill_allocations"": {""12"": 512}, ""decode_allocations"": {""0"": 1, ""1"": 1, ""2"": 1, ""3"": 1, ""4"": 1, ""5"": 1, ""6"": 1, ""7"": 1, ""8"": 1, ""9"": 1, ""10"": 1, ""11"": 1}, ""heuristic"": ""SJF"", ""strategy"": ""Fixed""}",train_root,,4.078991777442784,12,4.122317730034315,16.122317730034315
4001,54,59,395461,controller,8000,-31.23917007446289,"[0.1457771360874176, 0.11106753349304199, 0.13191652297973633, 0.1406727433204651, 0.1046924963593483, 0.12318342924118042, 0.1380317360162735, 0.10465846955776215, 0.0, 0.0, 0.0, 0.0, 0.0, 0.0, 0.0, 0.0, 0.0, 0.0, 0.0, 0.0, 0.0, 0.0, 0.0, 0.0]","[0.14577712631229953, 0.111067526045384, 0.13191651413404473, 0.14067273388762322, 0.10469248933916983, 0.12318342098108835, 0.13803172676052494, 0.10465846253986534, 0.0, 0.0, 0.0, 0.0, 0.0, 0.0, 0.0, 0.0, 0.0, 0.0, 0.0, 0.0, 0.0, 0.0, 0.0, 0.0]","[true, true, true, true, true, true, true, true, false, false, false, false, false, false, false, false, false, false, false, false, false, false, false, false]",-16.32783941000991,"[0.13246875, 0.13246875, 0.13246875, 0.13246875, 0.11753125, 0.11753125, 0.11753125, 0.11753125, 0.0, 0.0, 0.0, 0.0, 0.0, 0.0, 0.0, 0.0, 0.0, 0.0, 0.0, 0.0, 0.0, 0.0, 0.0, 0.0]",0,0.13246875,0.1457771360874176,"ControllerAction(token_budget=524, selected_request_ids=[0, 1, 2, 3, 4, 5, 6, 7, 8, 9, 10, 11, 12], token_allocations={0: 1, 1: 1, 2: 1, 3: 1, 4: 1, 5: 1, 6: 1, 7: 1, 8: 1, 9: 1, 10: 1, 11: 1, 12: 512}, prefill_allocations={12: 512}, decode_allocations={0: 1, 1: 1, 2: 1, 3: 1, 4: 1, 5: 1, 6: 1, 7: 1, 8: 1, 9: 1, 10: 1, 11: 1}, heuristic='SJF', strategy='Fixed', mapping=None)","{""type"": ""controller"", ""token_budget"": 524, ""selected_request_ids"": [0, 1, 2, 3, 4, 5, 6, 7, 8, 9, 10, 11, 12], ""token_allocations"": {""0"": 1, ""1"": 1, ""2"": 1, ""3"": 1, ""4"": 1, ""5"": 1, ""6"": 1, ""7"": 1, ""8"": 1, ""9"": 1, ""10"": 1, ""11"": 1, ""12"": 512}, ""prefill_allocations"": {""12"": 512}, ""decode_allocations"": {""0"": 1, ""1"": 1, ""2"": 1, ""3"": 1, ""4"": 1, ""5"": 1, ""6"": 1, ""7"": 1, ""8"": 1, ""9"": 1, ""10"": 1, ""11"": 1}, ""heuristic"": ""SJF"", ""strategy"": ""Fixed""}",train_root,,4.106211700953045,12,4.122317730034315,16.122317730034315
4001,55,61,496093,controller,8000,-30.99567413330078,"[0.2762620151042938, 0.2063826322555542, 0.24656370282173157, 0.2707916498184204, 0.0, 0.0, 0.0, 0.0, 0.0, 0.0, 0.0, 0.0, 0.0, 0.0, 0.0, 0.0, 0.0, 0.0, 0.0, 0.0, 0.0, 0.0, 0.0, 0.0]","[0.2762620151042938, 0.2063826322555542, 0.24656370282173157, 0.2707916498184204, 0.0, 0.0, 0.0, 0.0, 0.0, 0.0, 0.0, 0.0, 0.0, 0.0, 0.0, 0.0, 0.0, 0.0, 0.0, 0.0, 0.0, 0.0, 0.0, 0.0]","[true, true, true, true, false, false, false, false, false, false, false, false, false, false, false, false, false, false, false, false, false, false, false, false]",-16.32360978750261,"[0.25, 0.25, 0.25, 0.25, 0.0, 0.0, 0.0, 0.0, 0.0, 0.0, 0.0, 0.0, 0.0, 0.0, 0.0, 0.0, 0.0, 0.0, 0.0, 0.0, 0.0, 0.0, 0.0, 0.0]",0,0.25,0.2762620151042938,"ControllerAction(token_budget=524, selected_request_ids=[0, 1, 2, 3, 4, 5, 6, 7, 8, 9, 10, 11, 12], token_allocations={0: 1, 1: 1, 2: 1, 3: 1, 4: 1, 5: 1, 6: 1, 7: 1, 8: 1, 9: 1, 10: 1, 11: 1, 12: 512}, prefill_allocations={12: 512}, decode_allocations={0: 1, 1: 1, 2: 1, 3: 1, 4: 1, 5: 1, 6: 1, 7: 1, 8: 1, 9: 1, 10: 1, 11: 1}, heuristic='SJF', strategy='Fixed', mapping=None)","{""type"": ""controller"", ""token_budget"": 524, ""selected_request_ids"": [0, 1, 2, 3, 4, 5, 6, 7, 8, 9, 10, 11, 12], ""token_allocations"": {""0"": 1, ""1"": 1, ""2"": 1, ""3"": 1, ""4"": 1, ""5"": 1, ""6"": 1, ""7"": 1, ""8"": 1, ""9"": 1, ""10"": 1, ""11"": 1, ""12"": 512}, ""prefill_allocations"": {""12"": 512}, ""decode_allocations"": {""0"": 1, ""1"": 1, ""2"": 1, ""3"": 1, ""4"": 1, ""5"": 1, ""6"": 1, ""7"": 1, ""8"": 1, ""9"": 1, ""10"": 1, ""11"": 1}, ""heuristic"": ""SJF"", ""strategy"": ""Fixed""}",train_root,,4.133910487823306,12,4.122317730034315,16.122317730034315
4001,56,64,594666,adversary,4000,-32.196170806884766,"[0.08456934243440628, 0.1156567633152008, 0.14877432584762573, 0.18285872042179108, 0.19737672805786133, 0.2707641124725342]","[0.1, 0.11370723382552562, 0.14626656125839854, 0.17977642365255667, 0.1940497133559565, 0.26620006790756273]","[true, true, true, true, true, true]",-16.31383335604037,"[0.0765, 0.0955, 0.15525, 0.19, 0.20425, 0.2785]",5,0.2785,0.2707641124725342,"AdversaryAction(requests=[AdversaryRequestSpec(prefill_tokens=3072, decode_tokens=5000, prefill_slo=0.3874467952163693, decode_slo=0.05), AdversaryRequestSpec(prefill_tokens=3072, decode_tokens=5000, prefill_slo=0.3874467952163693, decode_slo=0.05), AdversaryRequestSpec(prefill_tokens=3072, decode_tokens=5000, prefill_slo=0.3874467952163693, decode_slo=0.05), AdversaryRequestSpec(prefill_tokens=3072, decode_tokens=5000, prefill_slo=0.3874467952163693, decode_slo=0.05), AdversaryRequestSpec(prefill_tokens=3072, decode_tokens=5000, prefill_slo=0.3874467952163693, decode_slo=0.05), AdversaryRequestSpec(prefill_tokens=3072, decode_tokens=5000, prefill_slo=0.3874467952163693, decode_slo=0.05)], stop_decode_ids=[])","{""type"": ""adversary"", ""requests"": [{""prefill_tokens"": 3072, ""decode_tokens"": 5000, ""prefill_slo"": 0.3874467952163693, ""decode_slo"": 0.05}, {""prefill_tokens"": 3072, ""decode_tokens"": 5000, ""prefill_slo"": 0.3874467952163693, ""decode_slo"": 0.05}, {""prefill_tokens"": 3072, ""decode_tokens"": 5000, ""prefill_slo"": 0.3874467952163693, ""decode_slo"": 0.05}, {""prefill_tokens"": 3072, ""decode_tokens"": 5000, ""prefill_slo"": 0.3874467952163693, ""decode_slo"": 0.05}, {""prefill_tokens"": 3072, ""decode_tokens"": 5000, ""prefill_slo"": 0.3874467952163693, ""decode_slo"": 0.05}, {""prefill_tokens"": 3072, ""decode_tokens"": 5000, ""prefill_slo"": 0.3874467952163693, ""decode_slo"": 0.05}], ""stop_decode_ids"": []}",train_root,,5.0,12,4.122317730034315,16.122317730034315
4001,57,65,643595,controller,8000,-29.812015533447266,"[0.13158142566680908, 0.10470552742481232, 0.1533285230398178, 0.14650565385818481, 0.08787479251623154, 0.10554119944572449, 0.10312049090862274, 0.09248051792383194, 0.005421427544206381, 0.005222302861511707, 0.007583369500935078, 0.0064170872792601585, 0.0045594931580126286, 0.004472724627703428, 0.00289063504897058, 0.004768902435898781, 0.004258554894477129, 0.0027858682442456484, 0.004382359329611063, 0.004966565873473883, 0.00443086214363575, 0.003983188886195421, 0.003603509161621332, 0.005115074571222067]","[0.11947231865413349, 0.0950697415988079, 0.13921808545962228, 0.13302310773482062, 0.07978789680961264, 0.0958285088295687, 0.09363057199883597, 0.0839697689145983, 0.01, 0.01, 0.01, 0.01, 0.01, 0.01, 0.01, 0.01, 0.01, 0.01, 0.01, 0.01, 0.01, 0.01, 0.01, 0.01]","[true, true, true, true, true, true, true, true, true, true, true, true, true, true, true, true, true, true, true, true, true, true, true, true]",-16.35199661478933,"[0.142, 0.142, 0.142, 0.142, 0.10328125, 0.10328125, 0.10328125, 0.10328125, 0.0015, 0.0015, 0.0015, 0.0015, 0.00128125, 0.00128125, 0.00128125, 0.00128125, 0.00103125, 0.00103125, 0.00103125, 0.00103125, 0.00090625, 0.00090625, 0.00090625, 0.00090625]",0,0.142,0.13158142566680908,"ControllerAction(token_budget=525, selected_request_ids=[0, 1, 2, 3, 4, 5, 6, 7, 8, 9, 10, 11, 12, 13], token_allocations={0: 1, 1: 1, 2: 1, 3: 1, 4: 1, 5: 1, 6: 1, 7: 1, 8: 1, 9: 1, 10: 1, 11: 1, 12: 1, 13: 512}, prefill_allocations={13: 512}, decode_allocations={0: 1, 1: 1, 2: 1, 3: 1, 4: 1, 5: 1, 6: 1, 7: 1, 8: 1, 9: 1, 10: 1, 11: 1, 12: 1}, heuristic='SJF', strategy='Fixed', mapping=None)","{""type"": ""controller"", ""token_budget"": 525, ""selected_request_ids"": [0, 1, 2, 3, 4, 5, 6, 7, 8, 9, 10, 11, 12, 13], ""token_allocations"": {""0"": 1, ""1"": 1, ""2"": 1, ""3"": 1, ""4"": 1, ""5"": 1, ""6"": 1, ""7"": 1, ""8"": 1, ""9"": 1, ""10"": 1, ""11"": 1, ""12"": 1, ""13"": 512}, ""prefill_allocations"": {""13"": 512}, ""decode_allocations"": {""0"": 1, ""1"": 1, ""2"": 1, ""3"": 1, ""4"": 1, ""5"": 1, ""6"": 1, ""7"": 1, ""8"": 1, ""9"": 1, ""10"": 1, ""11"": 1, ""12"": 1}, ""heuristic"": ""SJF"", ""strategy"": ""Fixed""}",train_root,,5.0,12,4.122317730034315,16.122317730034315
4001,58,67,753186,controller,8000,-29.745128631591797,"[0.13354173302650452, 0.10596070438623428, 0.1552770733833313, 0.15143713355064392, 0.08736255764961243, 0.10374090075492859, 0.09998814016580582, 0.08966943621635437, 0.005279043689370155, 0.004984791856259108, 0.007284124847501516, 0.006228696554899216, 0.004436498042196035, 0.004408825188875198, 0.0028783807065337896, 0.004642840940505266, 0.004198266193270683, 0.0027247138787060976, 0.004312651231884956, 0.004768471233546734, 0.0044109332375228405, 0.003850094974040985, 0.003558892058208585, 0.00505507318302989]","[0.12101160391168274, 0.0960184842504999, 0.140707532207176, 0.13722789129233454, 0.07916538885194943, 0.09400696326971433, 0.09060632162987456, 0.08125581458676838, 0.01, 0.01, 0.01, 0.01, 0.01, 0.01, 0.01, 0.01, 0.01, 0.01, 0.01, 0.01, 0.01, 0.01, 0.01, 0.01]","[true, true, true, true, true, true, true, true, true, true, true, true, true, true, true, true, true, true, true, true, true, true, true, true]",-16.35079288991148,"[0.126375, 0.126375, 0.1626875, 0.1626875, 0.1013125, 0.1013125, 0.1003125, 0.1003125, 0.0015, 0.0015, 0.0015, 0.0015, 0.00125, 0.00125, 0.00125, 0.00125, 0.001, 0.001, 0.001, 0.001, 0.0009375, 0.0009375, 0.000875, 0.000875]",2,0.1626875,0.1552770733833313,"ControllerAction(token_budget=525, selected_request_ids=[0, 1, 2, 3, 4, 5, 6, 7, 8, 9, 10, 11, 12, 14], token_allocations={0: 1, 1: 1, 2: 1, 3: 1, 4: 1, 5: 1, 6: 1, 7: 1, 8: 1, 9: 1, 10: 1, 11: 1, 12: 1, 14: 512}, prefill_allocations={14: 512}, decode_allocations={0: 1, 1: 1, 2: 1, 3: 1, 4: 1, 5: 1, 6: 1, 7: 1, 8: 1, 9: 1, 10: 1, 11: 1, 12: 1}, heuristic='LST', strategy='Fixed', mapping=None)","{""type"": ""controller"", ""token_budget"": 525, ""selected_request_ids"": [0, 1, 2, 3, 4, 5, 6, 7, 8, 9, 10, 11, 12, 14], ""token_allocations"": {""0"": 1, ""1"": 1, ""2"": 1, ""3"": 1, ""4"": 1, ""5"": 1, ""6"": 1, ""7"": 1, ""8"": 1, ""9"": 1, ""10"": 1, ""11"": 1, ""12"": 1, ""14"": 512}, ""prefill_allocations"": {""14"": 512}, ""decode_allocations"": {""0"": 1, ""1"": 1, ""2"": 1, ""3"": 1, ""4"": 1, ""5"": 1, ""6"": 1, ""7"": 1, ""8"": 1, ""9"": 1, ""10"": 1, ""11"": 1, ""12"": 1}, ""heuristic"": ""LST"", ""strategy"": ""Fixed""}",train_root,,5.0259347502622616,12,4.122317730034315,16.122317730034315
4001,59,69,860940,controller,8000,-29.84204864501953,"[0.13608957827091217, 0.1088966429233551, 0.15867044031620026, 0.15454964339733124, 0.0847420021891594, 0.09985262155532837, 0.09670765697956085, 0.08814343065023422, 0.00523792952299118, 0.004969860427081585, 0.007146471180021763, 0.0062370626255869865, 0.004368150141090155, 0.0044288006611168385, 0.0029303377959877253, 0.0044883666560053825, 0.004173101857304573, 0.002773955464363098, 0.004259190522134304, 0.0046120998449623585, 0.004447629675269127, 0.0038285276386886835, 0.0035686923656612635, 0.004877796396613121]","[0.12323074142147405, 0.09860721310371519, 0.14367798218106748, 0.13994655126613975, 0.07673489691122322, 0.0904177435442243, 0.087569940491704, 0.07981493108045208, 0.01, 0.01, 0.01, 0.01, 0.01, 0.01, 0.01, 0.01, 0.01, 0.01, 0.01, 0.01, 0.01, 0.01, 0.01, 0.01]","[true, true, true, true, true, true, true, true, true, true, true, true, true, true, true, true, true, true, true, true, true, true, true, true]",-16.349065107109322,"[0.1295625, 0.1295625, 0.1655, 0.1655, 0.0979375, 0.0979375, 0.0976875, 0.0976875, 0.0015, 0.0015, 0.0015, 0.0015, 0.00125, 0.00125, 0.00125, 0.00125, 0.001, 0.001, 0.001, 0.001, 0.0009375, 0.0009375, 0.000875, 0.000875]",2,0.1655,0.15867044031620026,"ControllerAction(token_budget=525, selected_request_ids=[0, 1, 2, 3, 4, 5, 6, 7, 8, 9, 10, 11, 12, 15], token_allocations={0: 1, 1: 1, 2: 1, 3: 1, 4: 1, 5: 1, 6: 1, 7: 1, 8: 1, 9: 1, 10: 1, 11: 1, 12: 1, 15: 512}, prefill_allocations={15: 512}, decode_allocations={0: 1, 1: 1, 2: 1, 3: 1, 4: 1, 5: 1, 6: 1, 7: 1, 8: 1, 9: 1, 10: 1, 11: 1, 12: 1}, heuristic='LST', strategy='Fixed', mapping=None)","{""type"": ""controller"", ""token_budget"": 525, ""selected_request_ids"": [0, 1, 2, 3, 4, 5, 6, 7, 8, 9, 10, 11, 12, 15], ""token_allocations"": {""0"": 1, ""1"": 1, ""2"": 1, ""3"": 1, ""4"": 1, ""5"": 1, ""6"": 1, ""7"": 1, ""8"": 1, ""9"": 1, ""10"": 1, ""11"": 1, ""12"": 1, ""15"": 512}, ""prefill_allocations"": {""15"": 512}, ""decode_allocations"": {""0"": 1, ""1"": 1, ""2"": 1, ""3"": 1, ""4"": 1, ""5"": 1, ""6"": 1, ""7"": 1, ""8"": 1, ""9"": 1, ""10"": 1, ""11"": 1, ""12"": 1}, ""heuristic"": ""LST"", ""strategy"": ""Fixed""}",train_root,,5.051869500524523,12,4.122317730034315,16.122317730034315
4001,60,71,971579,controller,8000,-29.944623947143555,"[0.13859601318836212, 0.11184128373861313, 0.16203267872333527, 0.15762373805046082, 0.08214667439460754, 0.09604766964912415, 0.09347403794527054, 0.08658711612224579, 0.005193761549890041, 0.004951756447553635, 0.007006867788732052, 0.00624138442799449, 0.004298062529414892, 0.00444598076865077, 0.002981295809149742, 0.004336211830377579, 0.0041453964076936245, 0.002822254551574588, 0.004203664604574442, 0.004457958973944187, 0.0044817207381129265, 0.003804609877988696, 0.0035761981271207333, 0.0047036814503371716]","[0.12540609675424388, 0.10119756353006759, 0.14661233983485286, 0.1426229895794832, 0.07432893313582381, 0.0869069973655572, 0.08457829324890548, 0.07834678655106579, 0.01, 0.01, 0.01, 0.01, 0.01, 0.01, 0.01, 0.01, 0.01, 0.01, 0.01, 0.01, 0.01, 0.01, 0.01, 0.01]","[true, true, true, true, true, true, true, true, true, true, true, true, true, true, true, true, true, true, true, true, true, true, true, true]",-16.348208227704994,"[0.13225, 0.13225, 0.168875, 0.168875, 0.094375, 0.094375, 0.095125, 0.095125, 0.0015, 0.0015, 0.0015, 0.0015, 0.00125, 0.00125, 0.00125, 0.00125, 0.001, 0.001, 0.001, 0.001, 0.0009375, 0.0009375, 0.0009375, 0.0009375]",2,0.168875,0.16203267872333527,"ControllerAction(token_budget=525, selected_request_ids=[0, 1, 2, 3, 4, 5, 6, 7, 8, 9, 10, 11, 12, 16], token_allocations={0: 1, 1: 1, 2: 1, 3: 1, 4: 1, 5: 1, 6: 1, 7: 1, 8: 1, 9: 1, 10: 1, 11: 1, 12: 1, 16: 512}, prefill_allocations={16: 512}, decode_allocations={0: 1, 1: 1, 2: 1, 3: 1, 4: 1, 5: 1, 6: 1, 7: 1, 8: 1, 9: 1, 10: 1, 11: 1, 12: 1}, heuristic='LST', strategy='Fixed', mapping=None)","{""type"": ""controller"", ""token_budget"": 525, ""selected_request_ids"": [0, 1, 2, 3, 4, 5, 6, 7, 8, 9, 10, 11, 12, 16], ""token_allocations"": {""0"": 1, ""1"": 1, ""2"": 1, ""3"": 1, ""4"": 1, ""5"": 1, ""6"": 1, ""7"": 1, ""8"": 1, ""9"": 1, ""10"": 1, ""11"": 1, ""12"": 1, ""16"": 512}, ""prefill_allocations"": {""16"": 512}, ""decode_allocations"": {""0"": 1, ""1"": 1, ""2"": 1, ""3"": 1, ""4"": 1, ""5"": 1, ""6"": 1, ""7"": 1, ""8"": 1, ""9"": 1, ""10"": 1, ""11"": 1, ""12"": 1}, ""heuristic"": ""LST"", ""strategy"": ""Fixed""}",train_root,,5.077804250786785,12,4.122317730034315,16.122317730034315
4001,61,73,1080374,controller,8000,-30.05265235900879,"[0.1410580426454544, 0.11479181796312332, 0.1653599739074707, 0.16065578162670135, 0.07957973331212997, 0.09232842922210693, 0.0902905985713005, 0.08500369638204575, 0.005146660842001438, 0.004930553957819939, 0.006865581031888723, 0.006241702940315008, 0.004226386547088623, 0.004460363183170557, 0.0030311939772218466, 0.004186529666185379, 0.004115232266485691, 0.002869550371542573, 0.004146196413785219, 0.004306205082684755, 0.004513174295425415, 0.0037784145679324865, 0.003581419587135315, 0.004532872699201107]","[0.12753506356018346, 0.10378693426870483, 0.14950721268411948, 0.14525400279778072, 0.07195056840236115, 0.0834770699239726, 0.08163460240704606, 0.07685454595583167, 0.01, 0.01, 0.01, 0.01, 0.01, 0.01, 0.01, 0.01, 0.01, 0.01, 0.01, 0.01, 0.01, 0.01, 0.01, 0.01]","[true, true, true, true, true, true, true, true, true, true, true, true, true, true, true, true, true, true, true, true, true, true, true, true]",-16.347368307665644,"[0.134875, 0.134875, 0.172125, 0.172125, 0.091, 0.091, 0.092625, 0.092625, 0.0015, 0.0015, 0.0015, 0.0015, 0.00125, 0.00125, 0.00125, 0.00125, 0.001, 0.001, 0.001, 0.001, 0.0009375, 0.0009375, 0.0009375, 0.0009375]",2,0.172125,0.1653599739074707,"ControllerAction(token_budget=525, selected_request_ids=[0, 1, 2, 3, 4, 5, 6, 7, 8, 9, 10, 11, 12, 17], token_allocations={0: 1, 1: 1, 2: 1, 3: 1, 4: 1, 5: 1, 6: 1, 7: 1, 8: 1, 9: 1, 10: 1, 11: 1, 12: 1, 17: 512}, prefill_allocations={17: 512}, decode_allocations={0: 1, 1: 1, 2: 1, 3: 1, 4: 1, 5: 1, 6: 1, 7: 1, 8: 1, 9: 1, 10: 1, 11: 1, 12: 1}, heuristic='LST', strategy='Fixed', mapping=None)","{""type"": ""controller"", ""token_budget"": 525, ""selected_request_ids"": [0, 1, 2, 3, 4, 5, 6, 7, 8, 9, 10, 11, 12, 17], ""token_allocations"": {""0"": 1, ""1"": 1, ""2"": 1, ""3"": 1, ""4"": 1, ""5"": 1, ""6"": 1, ""7"": 1, ""8"": 1, ""9"": 1, ""10"": 1, ""11"": 1, ""12"": 1, ""17"": 512}, ""prefill_allocations"": {""17"": 512}, ""decode_allocations"": {""0"": 1, ""1"": 1, ""2"": 1, ""3"": 1, ""4"": 1, ""5"": 1, ""6"": 1, ""7"": 1, ""8"": 1, ""9"": 1, ""10"": 1, ""11"": 1, ""12"": 1}, ""heuristic"": ""LST"", ""strategy"": ""Fixed""}",train_root,,5.103739001049046,12,4.122317730034315,16.122317730034315
4001,62,75,1187415,controller,8000,-30.165897369384766,"[0.1434728056192398, 0.1177455335855484, 0.1686486154794693, 0.16364239156246185, 0.07704415172338486, 0.08869694918394089, 0.08716026693582535, 0.08339636027812958, 0.00509675545617938, 0.004906328395009041, 0.006722878199070692, 0.006238062400370836, 0.0041532693430781364, 0.004471954423934221, 0.003079973626881838, 0.004039450082927942, 0.004082696978002787, 0.002915789373219013, 0.0040869214572012424, 0.004156979266554117, 0.004541968461126089, 0.00375002040527761, 0.003584373975172639, 0.004365495406091213]","[0.1296152288388193, 0.10637287125298361, 0.15235938820861875, 0.14783669935604732, 0.06960270493922859, 0.08012999617705908, 0.07874173712418572, 0.07534137410305743, 0.01, 0.01, 0.01, 0.01, 0.01, 0.01, 0.01, 0.01, 0.01, 0.01, 0.01, 0.01, 0.01, 0.01, 0.01, 0.01]","[true, true, true, true, true, true, true, true, true, true, true, true, true, true, true, true, true, true, true, true, true, true, true, true]",-16.347475922925064,"[0.138, 0.138, 0.174625, 0.174625, 0.0879375, 0.0879375, 0.0900625, 0.0900625, 0.0015, 0.0015, 0.0015, 0.0015, 0.00125, 0.00125, 0.00125, 0.00125, 0.001, 0.001, 0.001, 0.001, 0.0009375, 0.0009375, 0.0009375, 0.0009375]",2,0.174625,0.1686486154794693,"ControllerAction(token_budget=525, selected_request_ids=[0, 1, 2, 3, 4, 5, 6, 7, 8, 9, 10, 11, 12, 18], token_allocations={0: 1, 1: 1, 2: 1, 3: 1, 4: 1, 5: 1, 6: 1, 7: 1, 8: 1, 9: 1, 10: 1, 11: 1, 12: 1, 18: 512}, prefill_allocations={18: 512}, decode_allocations={0: 1, 1: 1, 2: 1, 3: 1, 4: 1, 5: 1, 6: 1, 7: 1, 8: 1, 9: 1, 10: 1, 11: 1, 12: 1}, heuristic='LST', strategy='Fixed', mapping=None)","{""type"": ""controller"", ""token_budget"": 525, ""selected_request_ids"": [0, 1, 2, 3, 4, 5, 6, 7, 8, 9, 10, 11, 12, 18], ""token_allocations"": {""0"": 1, ""1"": 1, ""2"": 1, ""3"": 1, ""4"": 1, ""5"": 1, ""6"": 1, ""7"": 1, ""8"": 1, ""9"": 1, ""10"": 1, ""11"": 1, ""12"": 1, ""18"": 512}, ""prefill_allocations"": {""18"": 512}, ""decode_allocations"": {""0"": 1, ""1"": 1, ""2"": 1, ""3"": 1, ""4"": 1, ""5"": 1, ""6"": 1, ""7"": 1, ""8"": 1, ""9"": 1, ""10"": 1, ""11"": 1, ""12"": 1}, ""heuristic"": ""LST"", ""strategy"": ""Fixed""}",train_root,,5.129673751311308,12,4.122317730034315,16.122317730034315
4001,63,77,1296465,controller,8000,-30.19930648803711,"[0.14318737387657166, 0.11941029876470566, 0.16896121203899384, 0.16402611136436462, 0.07538829743862152, 0.0861145555973053, 0.08670995384454727, 0.08260621130466461, 0.005222608335316181, 0.005316052585840225, 0.006933519151061773, 0.006637402810156345, 0.004318360239267349, 0.004753457382321358, 0.003249135799705982, 0.0041723488830029964, 0.004270191770046949, 0.0032340018078684807, 0.004225551150739193, 0.0042185611091554165, 0.00479865213856101, 0.003875757334753871, 0.003880878211930394, 0.00448942743241787]","[0.1298325484441262, 0.10827311779920067, 0.1532025076885653, 0.14872769486067064, 0.06835696831591598, 0.07808280792250001, 0.07862267446021041, 0.07490168050881067, 0.01, 0.01, 0.01, 0.01, 0.01, 0.01, 0.01, 0.01, 0.01, 0.01, 0.01, 0.01, 0.01, 0.01, 0.01, 0.01]","[true, true, true, true, true, true, true, true, true, true, true, true, true, true, true, true, true, true, true, true, true, true, true, true]",-16.350909302552328,"[0.157875, 0.157875, 0.157875, 0.157875, 0.087375, 0.087375, 0.087375, 0.087375, 0.0015, 0.0015, 0.0015, 0.0015, 0.00128125, 0.00128125, 0.00128125, 0.00128125, 0.00103125, 0.00103125, 0.00103125, 0.00103125, 0.0009375, 0.0009375, 0.0009375, 0.0009375]",0,0.157875,0.14318737387657166,"ControllerAction(token_budget=525, selected_request_ids=[0, 1, 2, 3, 4, 5, 6, 7, 8, 9, 10, 11, 12, 13], token_allocations={0: 1, 1: 1, 2: 1, 3: 1, 4: 1, 5: 1, 6: 1, 7: 1, 8: 1, 9: 1, 10: 1, 11: 1, 12: 1, 13: 512}, prefill_allocations={13: 512}, decode_allocations={0: 1, 1: 1, 2: 1, 3: 1, 4: 1, 5: 1, 6: 1, 7: 1, 8: 1, 9: 1, 10: 1, 11: 1, 12: 1}, heuristic='SJF', strategy='Fixed', mapping=None)","{""type"": ""controller"", ""token_budget"": 525, ""selected_request_ids"": [0, 1, 2, 3, 4, 5, 6, 7, 8, 9, 10, 11, 12, 13], ""token_allocations"": {""0"": 1, ""1"": 1, ""2"": 1, ""3"": 1, ""4"": 1, ""5"": 1, ""6"": 1, ""7"": 1, ""8"": 1, ""9"": 1, ""10"": 1, ""11"": 1, ""12"": 1, ""13"": 512}, ""prefill_allocations"": {""13"": 512}, ""decode_allocations"": {""0"": 1, ""1"": 1, ""2"": 1, ""3"": 1, ""4"": 1, ""5"": 1, ""6"": 1, ""7"": 1, ""8"": 1, ""9"": 1, ""10"": 1, ""11"": 1, ""12"": 1}, ""heuristic"": ""SJF"", ""strategy"": ""Fixed""}",train_root,,5.155608501573569,12,4.122317730034315,16.122317730034315
4001,64,79,1410005,controller,8000,-30.150230407714844,"[0.14500215649604797, 0.1205950602889061, 0.17074677348136902, 0.1691814512014389, 0.07473933696746826, 0.08439493179321289, 0.08383012562990189, 0.07988131046295166, 0.0050717308185994625, 0.0050608450546860695, 0.006640776060521603, 0.006425997242331505, 0.004190351348370314, 0.0046735405921936035, 0.003228049026802182, 0.004049969837069511, 0.004198639653623104, 0.003155420534312725, 0.004146757069975138, 0.0040382565930485725, 0.004765179008245468, 0.003736610058695078, 0.0038232754450291395, 0.004423464648425579]","[0.13119947979784188, 0.10911568185211842, 0.15449348064369042, 0.1530771605433173, 0.06762493998380434, 0.07636142397058529, 0.07585038139988368, 0.07227745180875847, 0.01, 0.01, 0.01, 0.01, 0.01, 0.01, 0.01, 0.01, 0.01, 0.01, 0.01, 0.01, 0.01, 0.01, 0.01, 0.01]","[true, true, true, true, true, true, true, true, true, true, true, true, true, true, true, true, true, true, true, true, true, true, true, true]",-16.352199504858277,"[0.13975, 0.13975, 0.1793125, 0.1793125, 0.08375, 0.08375, 0.0876875, 0.0876875, 0.0015, 0.0015, 0.0015, 0.0015, 0.00125, 0.00125, 0.00125, 0.00125, 0.0010625, 0.0010625, 0.0010625, 0.0010625, 0.0009375, 0.0009375, 0.0009375, 0.0009375]",2,0.1793125,0.17074677348136902,"ControllerAction(token_budget=525, selected_request_ids=[0, 1, 2, 3, 4, 5, 6, 7, 8, 9, 10, 11, 12, 14], token_allocations={0: 1, 1: 1, 2: 1, 3: 1, 4: 1, 5: 1, 6: 1, 7: 1, 8: 1, 9: 1, 10: 1, 11: 1, 12: 1, 14: 512}, prefill_allocations={14: 512}, decode_allocations={0: 1, 1: 1, 2: 1, 3: 1, 4: 1, 5: 1, 6: 1, 7: 1, 8: 1, 9: 1, 10: 1, 11: 1, 12: 1}, heuristic='LST', strategy='Fixed', mapping=None)","{""type"": ""controller"", ""token_budget"": 525, ""selected_request_ids"": [0, 1, 2, 3, 4, 5, 6, 7, 8, 9, 10, 11, 12, 14], ""token_allocations"": {""0"": 1, ""1"": 1, ""2"": 1, ""3"": 1, ""4"": 1, ""5"": 1, ""6"": 1, ""7"": 1, ""8"": 1, ""9"": 1, ""10"": 1, ""11"": 1, ""12"": 1, ""14"": 512}, ""prefill_allocations"": {""14"": 512}, ""decode_allocations"": {""0"": 1, ""1"": 1, ""2"": 1, ""3"": 1, ""4"": 1, ""5"": 1, ""6"": 1, ""7"": 1, ""8"": 1, ""9"": 1, ""10"": 1, ""11"": 1, ""12"": 1}, ""heuristic"": ""LST"", ""strategy"": ""Fixed""}",train_root,,5.18188354956383,12,4.122317730034315,16.122317730034315
4001,65,81,1525191,controller,8000,-30.2763614654541,"[0.14732201397418976, 0.1235804334282875, 0.17396435141563416, 0.17214256525039673, 0.07223452627658844, 0.08092369139194489, 0.0807751789689064, 0.07824685424566269, 0.005014477297663689, 0.005028137005865574, 0.006491139531135559, 0.006412758491933346, 0.004111059475690126, 0.004678787663578987, 0.0032761581242084503, 0.003900315845385194, 0.004159003496170044, 0.003202068852260709, 0.004080547485500574, 0.0038909700233489275, 0.004788871854543686, 0.0037030281964689493, 0.003821063321083784, 0.004251999314874411]","[0.1331810964598049, 0.1117183860101229, 0.15726613044070956, 0.15561921106690754, 0.06530099034253, 0.07315611332222399, 0.07302185607984314, 0.07073621627785792, 0.01, 0.01, 0.01, 0.01, 0.01, 0.01, 0.01, 0.01, 0.01, 0.01, 0.01, 0.01, 0.01, 0.01, 0.01, 0.01]","[true, true, true, true, true, true, true, true, true, true, true, true, true, true, true, true, true, true, true, true, true, true, true, true]",-16.34788383941248,"[0.138125, 0.138125, 0.1923125, 0.1923125, 0.0784375, 0.0784375, 0.080375, 0.080375, 0.0016875, 0.0016875, 0.0016875, 0.0016875, 0.0014375, 0.0014375, 0.0014375, 0.0014375, 0.0011875, 0.0011875, 0.0011875, 0.0011875, 0.0010625, 0.0010625, 0.0010625, 0.0010625]",2,0.1923125,0.17396435141563416,"ControllerAction(token_budget=525, selected_request_ids=[0, 1, 2, 3, 4, 5, 6, 7, 8, 9, 10, 11, 12, 15], token_allocations={0: 1, 1: 1, 2: 1, 3: 1, 4: 1, 5: 1, 6: 1, 7: 1, 8: 1, 9: 1, 10: 1, 11: 1, 12: 1, 15: 512}, prefill_allocations={15: 512}, decode_allocations={0: 1, 1: 1, 2: 1, 3: 1, 4: 1, 5: 1, 6: 1, 7: 1, 8: 1, 9: 1, 10: 1, 11: 1, 12: 1}, heuristic='LST', strategy='Fixed', mapping=None)","{""type"": ""controller"", ""token_budget"": 525, ""selected_request_ids"": [0, 1, 2, 3, 4, 5, 6, 7, 8, 9, 10, 11, 12, 15], ""token_allocations"": {""0"": 1, ""1"": 1, ""2"": 1, ""3"": 1, ""4"": 1, ""5"": 1, ""6"": 1, ""7"": 1, ""8"": 1, ""9"": 1, ""10"": 1, ""11"": 1, ""12"": 1, ""15"": 512}, ""prefill_allocations"": {""15"": 512}, ""decode_allocations"": {""0"": 1, ""1"": 1, ""2"": 1, ""3"": 1, ""4"": 1, ""5"": 1, ""6"": 1, ""7"": 1, ""8"": 1, ""9"": 1, ""10"": 1, ""11"": 1, ""12"": 1}, ""heuristic"": ""LST"", ""strategy"": ""Fixed""}",train_root,,5.208158597554091,12,4.122317730034315,16.122317730034315
4001,66,83,1638463,controller,8000,-30.40705108642578,"[0.14958606660366058, 0.12656104564666748, 0.17713245749473572, 0.1750466525554657, 0.06977031379938126, 0.07754704356193542, 0.07778323441743851, 0.07659823447465897, 0.004954792093485594, 0.004992536269128323, 0.006340934429317713, 0.006395569071173668, 0.004030761308968067, 0.0046811290085315704, 0.0033229212276637554, 0.0037538595497608185, 0.0041171833872795105, 0.0032473879400640726, 0.004012901335954666, 0.003746727714315057, 0.0048096938990056515, 0.003667467972263694, 0.003816481912508607, 0.004084641579538584]","[0.13510635669700113, 0.1143101236988182, 0.15998629770985978, 0.1581023956023724, 0.06301665066183529, 0.07004060449050101, 0.07025393242067995, 0.06918363871893234, 0.01, 0.01, 0.01, 0.01, 0.01, 0.01, 0.01, 0.01, 0.01, 0.01, 0.01, 0.01, 0.01, 0.01, 0.01, 0.01]","[true, true, true, true, true, true, true, true, true, true, true, true, true, true, true, true, true, true, true, true, true, true, true, true]",-16.336818106238226,"[0.15825, 0.15825, 0.1821875, 0.1821875, 0.0735625, 0.0735625, 0.07525, 0.07525, 0.0016875, 0.0016875, 0.0016875, 0.0016875, 0.0014375, 0.0014375, 0.0014375, 0.0014375, 0.0011875, 0.0011875, 0.0011875, 0.0011875, 0.0010625, 0.0010625, 0.0010625, 0.0010625]",2,0.1821875,0.17713245749473572,"ControllerAction(token_budget=525, selected_request_ids=[0, 1, 2, 3, 4, 5, 6, 7, 8, 9, 10, 11, 12, 16], token_allocations={0: 1, 1: 1, 2: 1, 3: 1, 4: 1, 5: 1, 6: 1, 7: 1, 8: 1, 9: 1, 10: 1, 11: 1, 12: 1, 16: 512}, prefill_allocations={16: 512}, decode_allocations={0: 1, 1: 1, 2: 1, 3: 1, 4: 1, 5: 1, 6: 1, 7: 1, 8: 1, 9: 1, 10: 1, 11: 1, 12: 1}, heuristic='LST', strategy='Fixed', mapping=None)","{""type"": ""controller"", ""token_budget"": 525, ""selected_request_ids"": [0, 1, 2, 3, 4, 5, 6, 7, 8, 9, 10, 11, 12, 16], ""token_allocations"": {""0"": 1, ""1"": 1, ""2"": 1, ""3"": 1, ""4"": 1, ""5"": 1, ""6"": 1, ""7"": 1, ""8"": 1, ""9"": 1, ""10"": 1, ""11"": 1, ""12"": 1, ""16"": 512}, ""prefill_allocations"": {""16"": 512}, ""decode_allocations"": {""0"": 1, ""1"": 1, ""2"": 1, ""3"": 1, ""4"": 1, ""5"": 1, ""6"": 1, ""7"": 1, ""8"": 1, ""9"": 1, ""10"": 1, ""11"": 1, ""12"": 1}, ""heuristic"": ""LST"", ""strategy"": ""Fixed""}",train_root,,5.234433645544351,12,4.122317730034315,16.122317730034315
4001,67,85,1745599,controller,8000,-30.541961669921875,"[0.15179215371608734, 0.12953443825244904, 0.1802482008934021, 0.17789112031459808, 0.06734900921583176, 0.07426591217517853, 0.07485637813806534, 0.07493855059146881, 0.00489282701164484, 0.004954162519425154, 0.006190421059727669, 0.006374534219503403, 0.003949618898332119, 0.004680613521486521, 0.003368292935192585, 0.003610695945098996, 0.004073294345289469, 0.0032913389150053263, 0.00394396623596549, 0.0036056300159543753, 0.00482765631750226, 0.00363003253005445, 0.0038095784839242697, 0.003921475727111101]","[0.13697360501674283, 0.11688877551894297, 0.162651660640709, 0.16052468756410576, 0.06077413331820074, 0.06701578093105948, 0.06754860327790861, 0.06762275373233062, 0.01, 0.01, 0.01, 0.01, 0.01, 0.01, 0.01, 0.01, 0.01, 0.01, 0.01, 0.01, 0.01, 0.01, 0.01, 0.01]","[true, true, true, true, true, true, true, true, true, true, true, true, true, true, true, true, true, true, true, true, true, true, true, true]",-16.326129460718494,"[0.153, 0.153, 0.1963125, 0.1963125, 0.070875, 0.070875, 0.07075, 0.07075, 0.001625, 0.001625, 0.0016875, 0.0016875, 0.0014375, 0.0014375, 0.0014375, 0.0014375, 0.0011875, 0.0011875, 0.0011875, 0.0011875, 0.00025, 0.00025, 0.00025, 0.00025]",2,0.1963125,0.1802482008934021,"ControllerAction(token_budget=525, selected_request_ids=[0, 1, 2, 3, 4, 5, 6, 7, 8, 9, 10, 11, 12, 17], token_allocations={0: 1, 1: 1, 2: 1, 3: 1, 4: 1, 5: 1, 6: 1, 7: 1, 8: 1, 9: 1, 10: 1, 11: 1, 12: 1, 17: 512}, prefill_allocations={17: 512}, decode_allocations={0: 1, 1: 1, 2: 1, 3: 1, 4: 1, 5: 1, 6: 1, 7: 1, 8: 1, 9: 1, 10: 1, 11: 1, 12: 1}, heuristic='LST', strategy='Fixed', mapping=None)","{""type"": ""controller"", ""token_budget"": 525, ""selected_request_ids"": [0, 1, 2, 3, 4, 5, 6, 7, 8, 9, 10, 11, 12, 17], ""token_allocations"": {""0"": 1, ""1"": 1, ""2"": 1, ""3"": 1, ""4"": 1, ""5"": 1, ""6"": 1, ""7"": 1, ""8"": 1, ""9"": 1, ""10"": 1, ""11"": 1, ""12"": 1, ""17"": 512}, ""prefill_allocations"": {""17"": 512}, ""decode_allocations"": {""0"": 1, ""1"": 1, ""2"": 1, ""3"": 1, ""4"": 1, ""5"": 1, ""6"": 1, ""7"": 1, ""8"": 1, ""9"": 1, ""10"": 1, ""11"": 1, ""12"": 1}, ""heuristic"": ""LST"", ""strategy"": ""Fixed""}",train_root,,5.260708693534612,12,4.122317730034315,16.122317730034315
4001,68,87,1846703,controller,8000,-30.680728912353516,"[0.15393859148025513, 0.13249829411506653, 0.18330888450145721, 0.18067355453968048, 0.06497283279895782, 0.07108102738857269, 0.0719965323805809, 0.07327095419168472, 0.004828744102269411, 0.0049131400883197784, 0.006039866246283054, 0.0063497647643089294, 0.0038677931297570467, 0.0046772947534918785, 0.0034122394863516092, 0.0034709149040281773, 0.004027462564408779, 0.003333886619657278, 0.003873893292620778, 0.0034677665680646896, 0.004842784721404314, 0.003590828040614724, 0.003800411010161042, 0.003762574167922139]","[0.13878155243522836, 0.11945230091745374, 0.1652599995989001, 0.16288414842501586, 0.058575504136079204, 0.06408227615193167, 0.06490763906341054, 0.0660565792719806, 0.01, 0.01, 0.01, 0.01, 0.01, 0.01, 0.01, 0.01, 0.01, 0.01, 0.01, 0.01, 0.01, 0.01, 0.01, 0.01]","[true, true, true, true, true, true, true, true, true, true, true, true, true, true, true, true, true, true, true, true, true, true, true, true]",-16.324092185898007,"[0.1488125, 0.1488125, 0.2041875, 0.2041875, 0.0708125, 0.0708125, 0.069, 0.069, 0.001625, 0.001625, 0.0016875, 0.0016875, 0.0014375, 0.0014375, 0.0014375, 0.0014375, 0.00025, 0.00025, 0.00025, 0.00025, 0.00025, 0.00025, 0.00025, 0.00025]",2,0.2041875,0.18330888450145721,"ControllerAction(token_budget=525, selected_request_ids=[0, 1, 2, 3, 4, 5, 6, 7, 8, 9, 10, 11, 12, 18], token_allocations={0: 1, 1: 1, 2: 1, 3: 1, 4: 1, 5: 1, 6: 1, 7: 1, 8: 1, 9: 1, 10: 1, 11: 1, 12: 1, 18: 512}, prefill_allocations={18: 512}, decode_allocations={0: 1, 1: 1, 2: 1, 3: 1, 4: 1, 5: 1, 6: 1, 7: 1, 8: 1, 9: 1, 10: 1, 11: 1, 12: 1}, heuristic='LST', strategy='Fixed', mapping=None)","{""type"": ""controller"", ""token_budget"": 525, ""selected_request_ids"": [0, 1, 2, 3, 4, 5, 6, 7, 8, 9, 10, 11, 12, 18], ""token_allocations"": {""0"": 1, ""1"": 1, ""2"": 1, ""3"": 1, ""4"": 1, ""5"": 1, ""6"": 1, ""7"": 1, ""8"": 1, ""9"": 1, ""10"": 1, ""11"": 1, ""12"": 1, ""18"": 512}, ""prefill_allocations"": {""18"": 512}, ""decode_allocations"": {""0"": 1, ""1"": 1, ""2"": 1, ""3"": 1, ""4"": 1, ""5"": 1, ""6"": 1, ""7"": 1, ""8"": 1, ""9"": 1, ""10"": 1, ""11"": 1, ""12"": 1}, ""heuristic"": ""LST"", ""strategy"": ""Fixed""}",train_root,,5.286983741524873,12,4.122317730034315,16.122317730034315
4001,69,89,1946913,controller,8000,-30.7322940826416,"[0.15347158908843994, 0.1342511773109436, 0.18347077071666718, 0.18091382086277008, 0.06347144395112991, 0.06888607144355774, 0.07149694859981537, 0.0724659115076065, 0.004940296523272991, 0.005315432325005531, 0.006218330468982458, 0.0067466325126588345, 0.004015113692730665, 0.0049646757543087006, 0.003595637856051326, 0.003578539239242673, 0.004206134472042322, 0.00369308702647686, 0.0039987266063690186, 0.0035127000883221626, 0.005109591409564018, 0.003705921582877636, 0.004109241534024477, 0.0038622156716883183]","[0.1388542480855754, 0.1214644768509696, 0.165996169485566, 0.16368275531253101, 0.05742613129301165, 0.06232504472441745, 0.0646872499151583, 0.06556392433277065, 0.01, 0.01, 0.01, 0.01, 0.01, 0.01, 0.01, 0.01, 0.01, 0.01, 0.01, 0.01, 0.01, 0.01, 0.01, 0.01]","[true, true, true, true, true, true, true, true, true, true, true, true, true, true, true, true, true, true, true, true, true, true, true, true]",-16.31241574121527,"[0.177375, 0.177375, 0.177375, 0.177375, 0.070125, 0.070125, 0.070125, 0.070125, 0.001625, 0.001625, 0.001625, 0.001625, 0.0003125, 0.0003125, 0.0003125, 0.0003125, 0.00028125, 0.00028125, 0.00028125, 0.00028125, 0.00028125, 0.00028125, 0.00028125, 0.00028125]",0,0.177375,0.15347158908843994,"ControllerAction(token_budget=525, selected_request_ids=[0, 1, 2, 3, 4, 5, 6, 7, 8, 9, 10, 11, 12, 13], token_allocations={0: 1, 1: 1, 2: 1, 3: 1, 4: 1, 5: 1, 6: 1, 7: 1, 8: 1, 9: 1, 10: 1, 11: 1, 12: 1, 13: 512}, prefill_allocations={13: 512}, decode_allocations={0: 1, 1: 1, 2: 1, 3: 1, 4: 1, 5: 1, 6: 1, 7: 1, 8: 1, 9: 1, 10: 1, 11: 1, 12: 1}, heuristic='SJF', strategy='Fixed', mapping=None)","{""type"": ""controller"", ""token_budget"": 525, ""selected_request_ids"": [0, 1, 2, 3, 4, 5, 6, 7, 8, 9, 10, 11, 12, 13], ""token_allocations"": {""0"": 1, ""1"": 1, ""2"": 1, ""3"": 1, ""4"": 1, ""5"": 1, ""6"": 1, ""7"": 1, ""8"": 1, ""9"": 1, ""10"": 1, ""11"": 1, ""12"": 1, ""13"": 512}, ""prefill_allocations"": {""13"": 512}, ""decode_allocations"": {""0"": 1, ""1"": 1, ""2"": 1, ""3"": 1, ""4"": 1, ""5"": 1, ""6"": 1, ""7"": 1, ""8"": 1, ""9"": 1, ""10"": 1, ""11"": 1, ""12"": 1}, ""heuristic"": ""SJF"", ""strategy"": ""Fixed""}",train_root,,5.3132587895151335,12,4.122317730034315,16.122317730034315
4001,70,91,2044740,controller,8000,-30.700849533081055,"[0.1550920158624649, 0.13532966375350952, 0.18504337966442108, 0.18621917068958282, 0.06273795664310455, 0.06729333102703094, 0.06890366971492767, 0.06987984478473663, 0.004783999640494585, 0.005046306177973747, 0.00593738304451108, 0.006514503620564938, 0.0038848198018968105, 0.004868357442319393, 0.0035644799936562777, 0.00346233113668859, 0.004124321974813938, 0.0035947258584201336, 0.003912556450814009, 0.003351687453687191, 0.005061141215264797, 0.0035634092055261135, 0.0040380083955824375, 0.003793028648942709]","[0.14000798369976214, 0.12216769026780849, 0.1670463198233228, 0.1681077550607831, 0.05663615088241309, 0.06074847593631315, 0.0622021953396774, 0.06308342898991977, 0.01, 0.01, 0.01, 0.01, 0.01, 0.01, 0.01, 0.01, 0.01, 0.01, 0.01, 0.01, 0.01, 0.01, 0.01, 0.01]","[true, true, true, true, true, true, true, true, true, true, true, true, true, true, true, true, true, true, true, true, true, true, true, true]",-16.363189394942292,"[0.2109375, 0.2109375, 0.2821875, 0.2821875, 0.0023125, 0.0023125, 0.0024375, 0.0024375, 0.0003125, 0.0003125, 0.0003125, 0.0003125, 0.00025, 0.00025, 0.00025, 0.00025, 0.00025, 0.00025, 0.00025, 0.00025, 0.00025, 0.00025, 0.00025, 0.00025]",2,0.2821875,0.18504337966442108,"ControllerAction(token_budget=525, selected_request_ids=[0, 1, 2, 3, 4, 5, 6, 7, 8, 9, 10, 11, 12, 14], token_allocations={0: 1, 1: 1, 2: 1, 3: 1, 4: 1, 5: 1, 6: 1, 7: 1, 8: 1, 9: 1, 10: 1, 11: 1, 12: 1, 14: 512}, prefill_allocations={14: 512}, decode_allocations={0: 1, 1: 1, 2: 1, 3: 1, 4: 1, 5: 1, 6: 1, 7: 1, 8: 1, 9: 1, 10: 1, 11: 1, 12: 1}, heuristic='LST', strategy='Fixed', mapping=None)","{""type"": ""controller"", ""token_budget"": 525, ""selected_request_ids"": [0, 1, 2, 3, 4, 5, 6, 7, 8, 9, 10, 11, 12, 14], ""token_allocations"": {""0"": 1, ""1"": 1, ""2"": 1, ""3"": 1, ""4"": 1, ""5"": 1, ""6"": 1, ""7"": 1, ""8"": 1, ""9"": 1, ""10"": 1, ""11"": 1, ""12"": 1, ""14"": 512}, ""prefill_allocations"": {""14"": 512}, ""decode_allocations"": {""0"": 1, ""1"": 1, ""2"": 1, ""3"": 1, ""4"": 1, ""5"": 1, ""6"": 1, ""7"": 1, ""8"": 1, ""9"": 1, ""10"": 1, ""11"": 1, ""12"": 1}, ""heuristic"": ""LST"", ""strategy"": ""Fixed""}",train_root,,5.340031995073395,12,4.122317730034315,16.122317730034315
4001,71,93,2142690,controller,8000,-30.851255416870117,"[0.15712855756282806, 0.1383187472820282, 0.18801960349082947, 0.18895286321640015, 0.06041061878204346, 0.06427063792943954, 0.06613395363092422, 0.0682087168097496, 0.0047131432220339775, 0.004996194038540125, 0.005781413987278938, 0.006479145959019661, 0.0037974840961396694, 0.004857419524341822, 0.003607027931138873, 0.0033211519476026297, 0.004071196541190147, 0.0036364609841257334, 0.0038358753081411123, 0.0032166296150535345, 0.005069733131676912, 0.0035194396041333675, 0.004022505134344101, 0.003631408093497157]","[0.14170259408742333, 0.12473942104985591, 0.1695609376626913, 0.1704025754026534, 0.05447985728768058, 0.05796092231428748, 0.05964130856997261, 0.061512383625435194, 0.01, 0.01, 0.01, 0.01, 0.01, 0.01, 0.01, 0.01, 0.01, 0.01, 0.01, 0.01, 0.01, 0.01, 0.01, 0.01]","[true, true, true, true, true, true, true, true, true, true, true, true, true, true, true, true, true, true, true, true, true, true, true, true]",-22.33227213260688,"[0.1765625, 0.1765625, 0.2341875, 0.2341875, 0.0383125, 0.0383125, 0.0425, 0.0425, 0.001375, 0.001375, 0.001375, 0.001375, 0.001125, 0.001125, 0.0011875, 0.0011875, 0.000875, 0.000875, 0.000875, 0.000875, 0.0008125, 0.0008125, 0.0008125, 0.0008125]",2,0.2341875,0.18801960349082947,"ControllerAction(token_budget=525, selected_request_ids=[0, 1, 2, 3, 4, 5, 6, 7, 8, 9, 10, 11, 12, 15], token_allocations={0: 1, 1: 1, 2: 1, 3: 1, 4: 1, 5: 1, 6: 1, 7: 1, 8: 1, 9: 1, 10: 1, 11: 1, 12: 1, 15: 512}, prefill_allocations={15: 512}, decode_allocations={0: 1, 1: 1, 2: 1, 3: 1, 4: 1, 5: 1, 6: 1, 7: 1, 8: 1, 9: 1, 10: 1, 11: 1, 12: 1}, heuristic='LST', strategy='Fixed', mapping=None)","{""type"": ""controller"", ""token_budget"": 525, ""selected_request_ids"": [0, 1, 2, 3, 4, 5, 6, 7, 8, 9, 10, 11, 12, 15], ""token_allocations"": {""0"": 1, ""1"": 1, ""2"": 1, ""3"": 1, ""4"": 1, ""5"": 1, ""6"": 1, ""7"": 1, ""8"": 1, ""9"": 1, ""10"": 1, ""11"": 1, ""12"": 1, ""15"": 512}, ""prefill_allocations"": {""15"": 512}, ""decode_allocations"": {""0"": 1, ""1"": 1, ""2"": 1, ""3"": 1, ""4"": 1, ""5"": 1, ""6"": 1, ""7"": 1, ""8"": 1, ""9"": 1, ""10"": 1, ""11"": 1, ""12"": 1}, ""heuristic"": ""LST"", ""strategy"": ""Fixed""}",train_root,,5.3668052006316564,12,4.122317730034315,16.122317730034315
4001,72,95,2241939,controller,8000,-30.480459213256836,"[0.1622096449136734, 0.14230509102344513, 0.21545813977718353, 0.21762874722480774, 0.045544303953647614, 0.05114946514368057, 0.05554739013314247, 0.05711027979850769, 0.003401916939765215, 0.0032591272611171007, 0.004638743121176958, 0.004959580954164267, 0.00286651449277997, 0.0040115658193826675, 0.002884242683649063, 0.0023993079084903, 0.003476446960121393, 0.002984248800203204, 0.002809007652103901, 0.00244116666726768, 0.004103734623640776, 0.0029282872565090656, 0.00311976857483387, 0.0027632000856101513]","[0.1438889710587127, 0.12623252541288282, 0.19112334568799696, 0.19304879514186418, 0.040400329073916906, 0.04537241859844114, 0.04927362251183267, 0.05065999251435242, 0.01, 0.01, 0.01, 0.01, 0.01, 0.01, 0.01, 0.01, 0.01, 0.01, 0.01, 0.01, 0.01, 0.01, 0.01, 0.01]","[true, true, true, true, true, true, true, true, true, true, true, true, true, true, true, true, true, true, true, true, true, true, true, true]",-22.483930445994247,"[0.1730625, 0.1730625, 0.25575, 0.25575, 0.0285625, 0.0285625, 0.03425, 0.03425, 0.0013125, 0.0013125, 0.001375, 0.001375, 0.001125, 0.001125, 0.0011875, 0.0011875, 0.000875, 0.000875, 0.000875, 0.000875, 0.0008125, 0.0008125, 0.0008125, 0.0008125]",2,0.25575,0.21545813977718353,"ControllerAction(token_budget=525, selected_request_ids=[0, 1, 2, 3, 4, 5, 6, 7, 8, 9, 10, 11, 12, 16], token_allocations={0: 1, 1: 1, 2: 1, 3: 1, 4: 1, 5: 1, 6: 1, 7: 1, 8: 1, 9: 1, 10: 1, 11: 1, 12: 1, 16: 512}, prefill_allocations={16: 512}, decode_allocations={0: 1, 1: 1, 2: 1, 3: 1, 4: 1, 5: 1, 6: 1, 7: 1, 8: 1, 9: 1, 10: 1, 11: 1, 12: 1}, heuristic='LST', strategy='Fixed', mapping=None)","{""type"": ""controller"", ""token_budget"": 525, ""selected_request_ids"": [0, 1, 2, 3, 4, 5, 6, 7, 8, 9, 10, 11, 12, 16], ""token_allocations"": {""0"": 1, ""1"": 1, ""2"": 1, ""3"": 1, ""4"": 1, ""5"": 1, ""6"": 1, ""7"": 1, ""8"": 1, ""9"": 1, ""10"": 1, ""11"": 1, ""12"": 1, ""16"": 512}, ""prefill_allocations"": {""16"": 512}, ""decode_allocations"": {""0"": 1, ""1"": 1, ""2"": 1, ""3"": 1, ""4"": 1, ""5"": 1, ""6"": 1, ""7"": 1, ""8"": 1, ""9"": 1, ""10"": 1, ""11"": 1, ""12"": 1}, ""heuristic"": ""LST"", ""strategy"": ""Fixed""}",train_root,,5.393578406189918,18,4.159107395875608,22.15910739587561
4001,73,97,2340832,controller,8000,-30.649911880493164,"[0.1637408584356308, 0.1449182778596878, 0.21812595427036285, 0.2200189232826233, 0.043695010244846344, 0.04867394268512726, 0.053120311349630356, 0.055541448295116425, 0.003339318558573723, 0.0032150058541446924, 0.004500430077314377, 0.0049146926030516624, 0.00279186200350523, 0.0039879679679870605, 0.0029080368112772703, 0.002293090336024761, 0.0034191636368632317, 0.0030078969430178404, 0.0027439212426543236, 0.0023342622444033623, 0.004095724783837795, 0.0028816170524805784, 0.0030964675825089216, 0.0026358217000961304]","[0.1451121353244698, 0.12843099119350918, 0.193309863501804, 0.1949874702891176, 0.038723848770750524, 0.04313633032818333, 0.04707683764877675, 0.049222522943388566, 0.01, 0.01, 0.01, 0.01, 0.01, 0.01, 0.01, 0.01, 0.01, 0.01, 0.01, 0.01, 0.01, 0.01, 0.01, 0.01]","[true, true, true, true, true, true, true, true, true, true, true, true, true, true, true, true, true, true, true, true, true, true, true, true]",-22.64142073224271,"[0.174375, 0.174375, 0.2566875, 0.2566875, 0.0273125, 0.0273125, 0.03325, 0.03325, 0.0013125, 0.0013125, 0.001375, 0.001375, 0.001125, 0.001125, 0.0011875, 0.0011875, 0.000875, 0.000875, 0.000875, 0.000875, 0.0008125, 0.0008125, 0.0008125, 0.0008125]",2,0.2566875,0.21812595427036285,"ControllerAction(token_budget=525, selected_request_ids=[0, 1, 2, 3, 4, 5, 6, 7, 8, 9, 10, 11, 12, 17], token_allocations={0: 1, 1: 1, 2: 1, 3: 1, 4: 1, 5: 1, 6: 1, 7: 1, 8: 1, 9: 1, 10: 1, 11: 1, 12: 1, 17: 512}, prefill_allocations={17: 512}, decode_allocations={0: 1, 1: 1, 2: 1, 3: 1, 4: 1, 5: 1, 6: 1, 7: 1, 8: 1, 9: 1, 10: 1, 11: 1, 12: 1}, heuristic='LST', strategy='Fixed', mapping=None)","{""type"": ""controller"", ""token_budget"": 525, ""selected_request_ids"": [0, 1, 2, 3, 4, 5, 6, 7, 8, 9, 10, 11, 12, 17], ""token_allocations"": {""0"": 1, ""1"": 1, ""2"": 1, ""3"": 1, ""4"": 1, ""5"": 1, ""6"": 1, ""7"": 1, ""8"": 1, ""9"": 1, ""10"": 1, ""11"": 1, ""12"": 1, ""17"": 512}, ""prefill_allocations"": {""17"": 512}, ""decode_allocations"": {""0"": 1, ""1"": 1, ""2"": 1, ""3"": 1, ""4"": 1, ""5"": 1, ""6"": 1, ""7"": 1, ""8"": 1, ""9"": 1, ""10"": 1, ""11"": 1, ""12"": 1}, ""heuristic"": ""LST"", ""strategy"": ""Fixed""}",train_root,,5.420351611748179,18,4.319746629225177,22.31974662922518
4001,74,99,2439245,controller,8000,-30.821372985839844,"[0.16520504653453827, 0.1475066840648651, 0.2207179218530655, 0.22232578694820404, 0.041900139302015305, 0.0462954007089138, 0.050774239003658295, 0.05398906394839287, 0.0032762575428932905, 0.003169919131323695, 0.0043640900403261185, 0.00486780796200037, 0.002717813942581415, 0.003962555900216103, 0.002930582035332918, 0.00219049328006804, 0.003361167386174202, 0.0030302393715828657, 0.002679020632058382, 0.002230940153822303, 0.004085715860128403, 0.002834293758496642, 0.003071826882660389, 0.0025130780413746834]","[0.1462740064830384, 0.13060372012718596, 0.19542559630772777, 0.1968492142557484, 0.03709875319469657, 0.040990356441773595, 0.044955959403090946, 0.04780239378673811, 0.01, 0.01, 0.01, 0.01, 0.01, 0.01, 0.01, 0.01, 0.01, 0.01, 0.01, 0.01, 0.01, 0.01, 0.01, 0.01]","[true, true, true, true, true, true, true, true, true, true, true, true, true, true, true, true, true, true, true, true, true, true, true, true]",-22.799093765104878,"[0.174875, 0.174875, 0.257625, 0.257625, 0.026125, 0.026125, 0.033, 0.033, 0.0013125, 0.0013125, 0.001375, 0.001375, 0.001125, 0.001125, 0.0011875, 0.0011875, 0.000875, 0.000875, 0.000875, 0.000875, 0.0008125, 0.0008125, 0.0008125, 0.0008125]",2,0.257625,0.2207179218530655,"ControllerAction(token_budget=525, selected_request_ids=[0, 1, 2, 3, 4, 5, 6, 7, 8, 9, 10, 11, 12, 18], token_allocations={0: 1, 1: 1, 2: 1, 3: 1, 4: 1, 5: 1, 6: 1, 7: 1, 8: 1, 9: 1, 10: 1, 11: 1, 12: 1, 18: 512}, prefill_allocations={18: 512}, decode_allocations={0: 1, 1: 1, 2: 1, 3: 1, 4: 1, 5: 1, 6: 1, 7: 1, 8: 1, 9: 1, 10: 1, 11: 1, 12: 1}, heuristic='LST', strategy='Fixed', mapping=None)","{""type"": ""controller"", ""token_budget"": 525, ""selected_request_ids"": [0, 1, 2, 3, 4, 5, 6, 7, 8, 9, 10, 11, 12, 18], ""token_allocations"": {""0"": 1, ""1"": 1, ""2"": 1, ""3"": 1, ""4"": 1, ""5"": 1, ""6"": 1, ""7"": 1, ""8"": 1, ""9"": 1, ""10"": 1, ""11"": 1, ""12"": 1, ""18"": 512}, ""prefill_allocations"": {""18"": 512}, ""decode_allocations"": {""0"": 1, ""1"": 1, ""2"": 1, ""3"": 1, ""4"": 1, ""5"": 1, ""6"": 1, ""7"": 1, ""8"": 1, ""9"": 1, ""10"": 1, ""11"": 1, ""12"": 1}, ""heuristic"": ""LST"", ""strategy"": ""Fixed""}",train_root,,5.447124817306441,18,4.480385862574746,22.480385862574746
4001,75,101,2536484,controller,8000,-30.898845672607422,"[0.16453681886196136, 0.14933939278125763, 0.22071383893489838, 0.22240644693374634, 0.04085414856672287, 0.044769659638404846, 0.05031651630997658, 0.05330412834882736, 0.0033460601698607206, 0.0034237047657370567, 0.004483981989324093, 0.005163952708244324, 0.002816196996718645, 0.0041994680650532246, 0.003084647934883833, 0.002253528218716383, 0.0035044311080127954, 0.0033522965386509895, 0.002760140458121896, 0.0022549631539732218, 0.0043045589700341225, 0.002920531900599599, 0.003316615941002965, 0.0025739658158272505]","[0.14606314363076095, 0.13257203663235717, 0.19593278501811193, 0.1974353523277043, 0.036267173580279075, 0.039743063414582516, 0.044667136508512575, 0.04731930888769146, 0.01, 0.01, 0.01, 0.01, 0.01, 0.01, 0.01, 0.01, 0.01, 0.01, 0.01, 0.01, 0.01, 0.01, 0.01, 0.01]","[true, true, true, true, true, true, true, true, true, true, true, true, true, true, true, true, true, true, true, true, true, true, true, true]",-22.95529243069596,"[0.2154375, 0.2154375, 0.2154375, 0.2154375, 0.030375, 0.030375, 0.030375, 0.030375, 0.00134375, 0.00134375, 0.00134375, 0.00134375, 0.001125, 0.001125, 0.001125, 0.001125, 0.00090625, 0.00090625, 0.00090625, 0.00090625, 0.0008125, 0.0008125, 0.0008125, 0.0008125]",0,0.2154375,0.16453681886196136,"ControllerAction(token_budget=525, selected_request_ids=[0, 1, 2, 3, 4, 5, 6, 7, 8, 9, 10, 11, 12, 13], token_allocations={0: 1, 1: 1, 2: 1, 3: 1, 4: 1, 5: 1, 6: 1, 7: 1, 8: 1, 9: 1, 10: 1, 11: 1, 12: 1, 13: 512}, prefill_allocations={13: 512}, decode_allocations={0: 1, 1: 1, 2: 1, 3: 1, 4: 1, 5: 1, 6: 1, 7: 1, 8: 1, 9: 1, 10: 1, 11: 1, 12: 1}, heuristic='SJF', strategy='Fixed', mapping=None)","{""type"": ""controller"", ""token_budget"": 525, ""selected_request_ids"": [0, 1, 2, 3, 4, 5, 6, 7, 8, 9, 10, 11, 12, 13], ""token_allocations"": {""0"": 1, ""1"": 1, ""2"": 1, ""3"": 1, ""4"": 1, ""5"": 1, ""6"": 1, ""7"": 1, ""8"": 1, ""9"": 1, ""10"": 1, ""11"": 1, ""12"": 1, ""13"": 512}, ""prefill_allocations"": {""13"": 512}, ""decode_allocations"": {""0"": 1, ""1"": 1, ""2"": 1, ""3"": 1, ""4"": 1, ""5"": 1, ""6"": 1, ""7"": 1, ""8"": 1, ""9"": 1, ""10"": 1, ""11"": 1, ""12"": 1}, ""heuristic"": ""SJF"", ""strategy"": ""Fixed""}",train_root,,5.473898022864702,18,4.641025095924315,22.641025095924313
4001,76,103,2632104,controller,8000,-30.908735275268555,"[0.1655319333076477, 0.14989648759365082, 0.22163453698158264, 0.22791677713394165, 0.04017004370689392, 0.04349547252058983, 0.04822869971394539, 0.051140327006578445, 0.003223604056984186, 0.0032339224126189947, 0.00425848038867116, 0.0049615767784416676, 0.0027106960769742727, 0.004097627941519022, 0.0030439964029937983, 0.002168389270082116, 0.003418940817937255, 0.0032475627958774567, 0.002686521038413048, 0.002139806980267167, 0.004243061412125826, 0.002794290194287896, 0.003243299201130867, 0.002513921121135354]","[0.14667165591316383, 0.13281767216520532, 0.19638207502971392, 0.20194853309963903, 0.035593173539779414, 0.03853971165469185, 0.04273364726814488, 0.04531353132966162, 0.01, 0.01, 0.01, 0.01, 0.01, 0.01, 0.01, 0.01, 0.01, 0.01, 0.01, 0.01, 0.01, 0.01, 0.01, 0.01]","[true, true, true, true, true, true, true, true, true, true, true, true, true, true, true, true, true, true, true, true, true, true, true, true]",-23.121237479465258,"[0.1743125, 0.1743125, 0.2596875, 0.2596875, 0.026, 0.026, 0.03175, 0.03175, 0.001375, 0.001375, 0.0013125, 0.0013125, 0.001125, 0.001125, 0.001125, 0.001125, 0.000875, 0.000875, 0.000875, 0.000875, 0.00075, 0.00075, 0.0008125, 0.0008125]",2,0.2596875,0.22163453698158264,"ControllerAction(token_budget=525, selected_request_ids=[0, 1, 2, 3, 4, 5, 6, 7, 8, 9, 10, 11, 12, 14], token_allocations={0: 1, 1: 1, 2: 1, 3: 1, 4: 1, 5: 1, 6: 1, 7: 1, 8: 1, 9: 1, 10: 1, 11: 1, 12: 1, 14: 512}, prefill_allocations={14: 512}, decode_allocations={0: 1, 1: 1, 2: 1, 3: 1, 4: 1, 5: 1, 6: 1, 7: 1, 8: 1, 9: 1, 10: 1, 11: 1, 12: 1}, heuristic='LST', strategy='Fixed', mapping=None)","{""type"": ""controller"", ""token_budget"": 525, ""selected_request_ids"": [0, 1, 2, 3, 4, 5, 6, 7, 8, 9, 10, 11, 12, 14], ""token_allocations"": {""0"": 1, ""1"": 1, ""2"": 1, ""3"": 1, ""4"": 1, ""5"": 1, ""6"": 1, ""7"": 1, ""8"": 1, ""9"": 1, ""10"": 1, ""11"": 1, ""12"": 1, ""14"": 512}, ""prefill_allocations"": {""14"": 512}, ""decode_allocations"": {""0"": 1, ""1"": 1, ""2"": 1, ""3"": 1, ""4"": 1, ""5"": 1, ""6"": 1, ""7"": 1, ""8"": 1, ""9"": 1, ""10"": 1, ""11"": 1, ""12"": 1}, ""heuristic"": ""LST"", ""strategy"": ""Fixed""}",train_root,,5.501115021830963,18,4.80432708972188,22.80432708972188
4001,77,105,2728575,controller,8000,-31.08882713317871,"[0.16686438024044037, 0.15246868133544922, 0.22409255802631378, 0.23011265695095062, 0.03845549747347832, 0.04129176586866379, 0.04601367563009262, 0.049635808914899826, 0.003157840808853507, 0.0031838510185480118, 0.004122131038457155, 0.00490748044103384, 0.002634570933878422, 0.004065940156579018, 0.0030646054074168205, 0.002067417372018099, 0.003356019966304302, 0.003267900552600622, 0.002618625992909074, 0.002041192725300789, 0.00422730203717947, 0.002744596218690276, 0.0032133774366229773, 0.002392210066318512]","[0.14770882704497523, 0.13496571316599806, 0.1983673738390382, 0.20369638263990703, 0.03404091644396293, 0.03655158934631581, 0.04073143738379312, 0.04393776013600966, 0.01, 0.01, 0.01, 0.01, 0.01, 0.01, 0.01, 0.01, 0.01, 0.01, 0.01, 0.01, 0.01, 0.01, 0.01, 0.01]","[true, true, true, true, true, true, true, true, true, true, true, true, true, true, true, true, true, true, true, true, true, true, true, true]",-23.28087101019151,"[0.177, 0.177, 0.2594375, 0.2594375, 0.0245625, 0.0245625, 0.030875, 0.030875, 0.0013125, 0.0013125, 0.0013125, 0.0013125, 0.0010625, 0.0010625, 0.001125, 0.001125, 0.000875, 0.000875, 0.000875, 0.000875, 0.00075, 0.00075, 0.0008125, 0.0008125]",2,0.2594375,0.22409255802631378,"ControllerAction(token_budget=525, selected_request_ids=[0, 1, 2, 3, 4, 5, 6, 7, 8, 9, 10, 11, 12, 15], token_allocations={0: 1, 1: 1, 2: 1, 3: 1, 4: 1, 5: 1, 6: 1, 7: 1, 8: 1, 9: 1, 10: 1, 11: 1, 12: 1, 15: 512}, prefill_allocations={15: 512}, decode_allocations={0: 1, 1: 1, 2: 1, 3: 1, 4: 1, 5: 1, 6: 1, 7: 1, 8: 1, 9: 1, 10: 1, 11: 1, 12: 1}, heuristic='LST', strategy='Fixed', mapping=None)","{""type"": ""controller"", ""token_budget"": 525, ""selected_request_ids"": [0, 1, 2, 3, 4, 5, 6, 7, 8, 9, 10, 11, 12, 15], ""token_allocations"": {""0"": 1, ""1"": 1, ""2"": 1, ""3"": 1, ""4"": 1, ""5"": 1, ""6"": 1, ""7"": 1, ""8"": 1, ""9"": 1, ""10"": 1, ""11"": 1, ""12"": 1, ""15"": 512}, ""prefill_allocations"": {""15"": 512}, ""decode_allocations"": {""0"": 1, ""1"": 1, ""2"": 1, ""3"": 1, ""4"": 1, ""5"": 1, ""6"": 1, ""7"": 1, ""8"": 1, ""9"": 1, ""10"": 1, ""11"": 1, ""12"": 1}, ""heuristic"": ""LST"", ""strategy"": ""Fixed""}",train_root,,5.528332020797224,18,4.967629083519446,22.967629083519448
4001,78,107,2825151,controller,8000,-31.269699096679688,"[0.16812969744205475, 0.15501326322555542, 0.2264728546142578, 0.23222212493419647, 0.036797091364860535, 0.03918156772851944, 0.043880052864551544, 0.04815325513482094, 0.003091987920925021, 0.003133102087303996, 0.003988302778452635, 0.004851724952459335, 0.002559398300945759, 0.004032631870359182, 0.0030839263927191496, 0.0019702345598489046, 0.003292735433205962, 0.0032868431881070137, 0.002551265060901642, 0.0019462215714156628, 0.004209653474390507, 0.002694537863135338, 0.0031822591554373503, 0.0022753363009542227]","[0.14868553943587362, 0.13708601759870687, 0.20028132488318104, 0.20536569350983222, 0.032541516831915085, 0.03465022909272733, 0.038805335582603316, 0.04258434306516053, 0.01, 0.01, 0.01, 0.01, 0.01, 0.01, 0.01, 0.01, 0.01, 0.01, 0.01, 0.01, 0.01, 0.01, 0.01, 0.01]","[true, true, true, true, true, true, true, true, true, true, true, true, true, true, true, true, true, true, true, true, true, true, true, true]",-23.441493787361846,"[0.1781875, 0.1781875, 0.2603125, 0.2603125, 0.023625, 0.023625, 0.02975, 0.02975, 0.0013125, 0.0013125, 0.001375, 0.001375, 0.0010625, 0.0010625, 0.001125, 0.001125, 0.0008125, 0.0008125, 0.000875, 0.000875, 0.00075, 0.00075, 0.0008125, 0.0008125]",2,0.2603125,0.2264728546142578,"ControllerAction(token_budget=525, selected_request_ids=[0, 1, 2, 3, 4, 5, 6, 7, 8, 9, 10, 11, 12, 16], token_allocations={0: 1, 1: 1, 2: 1, 3: 1, 4: 1, 5: 1, 6: 1, 7: 1, 8: 1, 9: 1, 10: 1, 11: 1, 12: 1, 16: 512}, prefill_allocations={16: 512}, decode_allocations={0: 1, 1: 1, 2: 1, 3: 1, 4: 1, 5: 1, 6: 1, 7: 1, 8: 1, 9: 1, 10: 1, 11: 1, 12: 1}, heuristic='LST', strategy='Fixed', mapping=None)","{""type"": ""controller"", ""token_budget"": 525, ""selected_request_ids"": [0, 1, 2, 3, 4, 5, 6, 7, 8, 9, 10, 11, 12, 16], ""token_allocations"": {""0"": 1, ""1"": 1, ""2"": 1, ""3"": 1, ""4"": 1, ""5"": 1, ""6"": 1, ""7"": 1, ""8"": 1, ""9"": 1, ""10"": 1, ""11"": 1, ""12"": 1, ""16"": 512}, ""prefill_allocations"": {""16"": 512}, ""decode_allocations"": {""0"": 1, ""1"": 1, ""2"": 1, ""3"": 1, ""4"": 1, ""5"": 1, ""6"": 1, ""7"": 1, ""8"": 1, ""9"": 1, ""10"": 1, ""11"": 1, ""12"": 1}, ""heuristic"": ""LST"", ""strategy"": ""Fixed""}",train_root,,5.555549019763485,18,5.130931077317012,23.130931077317012
4001,79,109,2921473,controller,8000,-31.450897216796875,"[0.1693287044763565, 0.15752968192100525, 0.22877594828605652, 0.23424600064754486, 0.03519443795084953, 0.03716255724430084, 0.04182664304971695, 0.04669405519962311, 0.0030261531937867403, 0.0030817831866443157, 0.00385708874091506, 0.0047944579273462296, 0.0024852582719177008, 0.003997805528342724, 0.003101979847997427, 0.001876779249869287, 0.0032291943207383156, 0.0033044172450900078, 0.002484523691236973, 0.0018548390362411737, 0.004190199542790651, 0.002644209424033761, 0.003150031203404069, 0.0021632048301398754]","[0.14960285104648036, 0.1391783490738172, 0.202124821189045, 0.20695764283722845, 0.031094481438973746, 0.03283332576788085, 0.03695407148653187, 0.04125445716004251, 0.01, 0.01, 0.01, 0.01, 0.01, 0.01, 0.01, 0.01, 0.01, 0.01, 0.01, 0.01, 0.01, 0.01, 0.01, 0.01]","[true, true, true, true, true, true, true, true, true, true, true, true, true, true, true, true, true, true, true, true, true, true, true, true]",-23.602351458728315,"[0.179375, 0.179375, 0.2611875, 0.2611875, 0.0226875, 0.0226875, 0.028625, 0.028625, 0.0013125, 0.0013125, 0.001375, 0.001375, 0.0010625, 0.0010625, 0.001125, 0.001125, 0.0008125, 0.0008125, 0.000875, 0.000875, 0.00075, 0.00075, 0.0008125, 0.0008125]",2,0.2611875,0.22877594828605652,"ControllerAction(token_budget=525, selected_request_ids=[0, 1, 2, 3, 4, 5, 6, 7, 8, 9, 10, 11, 12, 17], token_allocations={0: 1, 1: 1, 2: 1, 3: 1, 4: 1, 5: 1, 6: 1, 7: 1, 8: 1, 9: 1, 10: 1, 11: 1, 12: 1, 17: 512}, prefill_allocations={17: 512}, decode_allocations={0: 1, 1: 1, 2: 1, 3: 1, 4: 1, 5: 1, 6: 1, 7: 1, 8: 1, 9: 1, 10: 1, 11: 1, 12: 1}, heuristic='LST', strategy='Fixed', mapping=None)","{""type"": ""controller"", ""token_budget"": 525, ""selected_request_ids"": [0, 1, 2, 3, 4, 5, 6, 7, 8, 9, 10, 11, 12, 17], ""token_allocations"": {""0"": 1, ""1"": 1, ""2"": 1, ""3"": 1, ""4"": 1, ""5"": 1, ""6"": 1, ""7"": 1, ""8"": 1, ""9"": 1, ""10"": 1, ""11"": 1, ""12"": 1, ""17"": 512}, ""prefill_allocations"": {""17"": 512}, ""decode_allocations"": {""0"": 1, ""1"": 1, ""2"": 1, ""3"": 1, ""4"": 1, ""5"": 1, ""6"": 1, ""7"": 1, ""8"": 1, ""9"": 1, ""10"": 1, ""11"": 1, ""12"": 1}, ""heuristic"": ""LST"", ""strategy"": ""Fixed""}",train_root,,5.582766018729746,18,5.2942330711145775,23.294233071114576
4001,80,111,3018081,controller,8000,-31.631990432739258,"[0.17046253383159637, 0.1600176990032196, 0.23100244998931885, 0.23618526756763458, 0.033647019416093826, 0.03523232787847519, 0.03985205665230751, 0.04525948315858841, 0.0029604369774460793, 0.00302999303676188, 0.0037285780999809504, 0.004735813941806555, 0.0024122195318341255, 0.003961562644690275, 0.0031187888234853745, 0.0017869834555312991, 0.0031655090861022472, 0.0033206443767994642, 0.002418480347841978, 0.0017669807421043515, 0.004169032443314791, 0.0025936956517398357, 0.0031167801935225725, 0.0020557071547955275]","[0.15046203826059365, 0.14124270365228977, 0.20389876113727756, 0.20847347488368131, 0.029699189663229444, 0.03109849270748265, 0.035176185276622925, 0.039949154418822644, 0.01, 0.01, 0.01, 0.01, 0.01, 0.01, 0.01, 0.01, 0.01, 0.01, 0.01, 0.01, 0.01, 0.01, 0.01, 0.01]","[true, true, true, true, true, true, true, true, true, true, true, true, true, true, true, true, true, true, true, true, true, true, true, true]",-23.763249052493595,"[0.180625, 0.180625, 0.26225, 0.26225, 0.021625, 0.021625, 0.0274375, 0.0274375, 0.0013125, 0.0013125, 0.001375, 0.001375, 0.0010625, 0.0010625, 0.001125, 0.001125, 0.0008125, 0.0008125, 0.000875, 0.000875, 0.00075, 0.00075, 0.00075, 0.00075]",2,0.26225,0.23100244998931885,"ControllerAction(token_budget=525, selected_request_ids=[0, 1, 2, 3, 4, 5, 6, 7, 8, 9, 10, 11, 12, 18], token_allocations={0: 1, 1: 1, 2: 1, 3: 1, 4: 1, 5: 1, 6: 1, 7: 1, 8: 1, 9: 1, 10: 1, 11: 1, 12: 1, 18: 512}, prefill_allocations={18: 512}, decode_allocations={0: 1, 1: 1, 2: 1, 3: 1, 4: 1, 5: 1, 6: 1, 7: 1, 8: 1, 9: 1, 10: 1, 11: 1, 12: 1}, heuristic='LST', strategy='Fixed', mapping=None)","{""type"": ""controller"", ""token_budget"": 525, ""selected_request_ids"": [0, 1, 2, 3, 4, 5, 6, 7, 8, 9, 10, 11, 12, 18], ""token_allocations"": {""0"": 1, ""1"": 1, ""2"": 1, ""3"": 1, ""4"": 1, ""5"": 1, ""6"": 1, ""7"": 1, ""8"": 1, ""9"": 1, ""10"": 1, ""11"": 1, ""12"": 1, ""18"": 512}, ""prefill_allocations"": {""18"": 512}, ""decode_allocations"": {""0"": 1, ""1"": 1, ""2"": 1, ""3"": 1, ""4"": 1, ""5"": 1, ""6"": 1, ""7"": 1, ""8"": 1, ""9"": 1, ""10"": 1, ""11"": 1, ""12"": 1}, ""heuristic"": ""LST"", ""strategy"": ""Fixed""}",train_root,,5.609983017696007,18,5.457535064912143,23.457535064912143
4001,81,113,3114510,controller,8000,-31.723554611206055,"[0.16964204609394073, 0.16191254556179047, 0.2308434098958969, 0.236098974943161, 0.03275587037205696, 0.0340106301009655, 0.03942444548010826, 0.044622793793678284, 0.003019179916009307, 0.0032681021839380264, 0.003824637271463871, 0.0050175804644823074, 0.0024958171416074038, 0.004193139728158712, 0.003279919968917966, 0.0018351046601310372, 0.0032959699165076017, 0.003669733414426446, 0.002487857360392809, 0.001782804261893034, 0.004387241788208485, 0.002669217297807336, 0.0033612316474318504, 0.0021016737446188927]","[0.15010819564228362, 0.14326872745139274, 0.20426237794960692, 0.20891277803903172, 0.028984115149844503, 0.03009439248502096, 0.03488482078281188, 0.03948459250000749, 0.01, 0.01, 0.01, 0.01, 0.01, 0.01, 0.01, 0.01, 0.01, 0.01, 0.01, 0.01, 0.01, 0.01, 0.01, 0.01]","[true, true, true, true, true, true, true, true, true, true, true, true, true, true, true, true, true, true, true, true, true, true, true, true]",-23.925316895164165,"[0.22171875, 0.22171875, 0.22171875, 0.22171875, 0.0241875, 0.0241875, 0.0241875, 0.0241875, 0.00134375, 0.00134375, 0.00134375, 0.00134375, 0.00109375, 0.00109375, 0.00109375, 0.00109375, 0.000875, 0.000875, 0.000875, 0.000875, 0.00078125, 0.00078125, 0.00078125, 0.00078125]",0,0.22171875,0.16964204609394073,"ControllerAction(token_budget=525, selected_request_ids=[0, 1, 2, 3, 4, 5, 6, 7, 8, 9, 10, 11, 12, 13], token_allocations={0: 1, 1: 1, 2: 1, 3: 1, 4: 1, 5: 1, 6: 1, 7: 1, 8: 1, 9: 1, 10: 1, 11: 1, 12: 1, 13: 512}, prefill_allocations={13: 512}, decode_allocations={0: 1, 1: 1, 2: 1, 3: 1, 4: 1, 5: 1, 6: 1, 7: 1, 8: 1, 9: 1, 10: 1, 11: 1, 12: 1}, heuristic='SJF', strategy='Fixed', mapping=None)","{""type"": ""controller"", ""token_budget"": 525, ""selected_request_ids"": [0, 1, 2, 3, 4, 5, 6, 7, 8, 9, 10, 11, 12, 13], ""token_allocations"": {""0"": 1, ""1"": 1, ""2"": 1, ""3"": 1, ""4"": 1, ""5"": 1, ""6"": 1, ""7"": 1, ""8"": 1, ""9"": 1, ""10"": 1, ""11"": 1, ""12"": 1, ""13"": 512}, ""prefill_allocations"": {""13"": 512}, ""decode_allocations"": {""0"": 1, ""1"": 1, ""2"": 1, ""3"": 1, ""4"": 1, ""5"": 1, ""6"": 1, ""7"": 1, ""8"": 1, ""9"": 1, ""10"": 1, ""11"": 1, ""12"": 1}, ""heuristic"": ""SJF"", ""strategy"": ""Fixed""}",train_root,,5.637200016662268,18,5.620837058709709,23.62083705870971
4001,82,115,3208679,controller,8000,-31.744964599609375,"[0.17037051916122437, 0.16226762533187866, 0.23142774403095245, 0.24153830111026764, 0.03212384134531021, 0.03294923156499863, 0.03768365830183029, 0.04270784929394722, 0.0029015473555773497, 0.0030795836355537176, 0.003622469725087285, 0.004809982143342495, 0.002396272961050272, 0.004082184750586748, 0.0032307403162121773, 0.00176074611954391, 0.0032079441007226706, 0.0035478477366268635, 0.002415257506072521, 0.0016869480023160577, 0.0043152133002877235, 0.002548013813793659, 0.0032798086758702993, 0.0020467403810471296]","[0.1504741198413028, 0.14331750716476044, 0.20440089201677836, 0.21333070678229832, 0.02837231920261332, 0.029101317784320412, 0.0332828434360895, 0.03772029377183668, 0.01, 0.01, 0.01, 0.01, 0.01, 0.01, 0.01, 0.01, 0.01, 0.01, 0.01, 0.01, 0.01, 0.01, 0.01, 0.01]","[true, true, true, true, true, true, true, true, true, true, true, true, true, true, true, true, true, true, true, true, true, true, true, true]",-24.098432963871204,"[0.1878125, 0.1878125, 0.2730625, 0.2730625, 0.0049375, 0.0049375, 0.026125, 0.026125, 0.0013125, 0.0013125, 0.0013125, 0.0013125, 0.001125, 0.001125, 0.0010625, 0.0010625, 0.000875, 0.000875, 0.000875, 0.000875, 0.00075, 0.00075, 0.00075, 0.00075]",2,0.2730625,0.23142774403095245,"ControllerAction(token_budget=525, selected_request_ids=[0, 1, 2, 3, 4, 5, 6, 7, 8, 9, 10, 11, 12, 14], token_allocations={0: 1, 1: 1, 2: 1, 3: 1, 4: 1, 5: 1, 6: 1, 7: 1, 8: 1, 9: 1, 10: 1, 11: 1, 12: 1, 14: 512}, prefill_allocations={14: 512}, decode_allocations={0: 1, 1: 1, 2: 1, 3: 1, 4: 1, 5: 1, 6: 1, 7: 1, 8: 1, 9: 1, 10: 1, 11: 1, 12: 1}, heuristic='LST', strategy='Fixed', mapping=None)","{""type"": ""controller"", ""token_budget"": 525, ""selected_request_ids"": [0, 1, 2, 3, 4, 5, 6, 7, 8, 9, 10, 11, 12, 14], ""token_allocations"": {""0"": 1, ""1"": 1, ""2"": 1, ""3"": 1, ""4"": 1, ""5"": 1, ""6"": 1, ""7"": 1, ""8"": 1, ""9"": 1, ""10"": 1, ""11"": 1, ""12"": 1, ""14"": 512}, ""prefill_allocations"": {""14"": 512}, ""decode_allocations"": {""0"": 1, ""1"": 1, ""2"": 1, ""3"": 1, ""4"": 1, ""5"": 1, ""6"": 1, ""7"": 1, ""8"": 1, ""9"": 1, ""10"": 1, ""11"": 1, ""12"": 1}, ""heuristic"": ""LST"", ""strategy"": ""Fixed""}",train_root,,5.6648958789885295,18,5.787012232667278,23.78701223266728
4001,83,117,3304893,controller,8000,-31.930908203125,"[0.17137548327445984, 0.16473467648029327, 0.23352055251598358, 0.24335645139217377, 0.030660970136523247, 0.031179210171103477, 0.035839080810546875, 0.04133494198322296, 0.0028342667501419783, 0.0030234858859330416, 0.0034956324379891157, 0.004744864068925381, 0.0023222053423523903, 0.00403986033052206, 0.003245359053835273, 0.0016733204247429967, 0.0031402180902659893, 0.003561402205377817, 0.002347229514271021, 0.0016039980109781027, 0.004288212861865759, 0.0024960131850093603, 0.003241240745410323, 0.001941281952895224]","[0.15121344461912542, 0.1453539176248948, 0.2060472505203767, 0.21472597236305793, 0.027053758338832203, 0.027511028301087592, 0.031622672962309535, 0.03647195527031578, 0.01, 0.01, 0.01, 0.01, 0.01, 0.01, 0.01, 0.01, 0.01, 0.01, 0.01, 0.01, 0.01, 0.01, 0.01, 0.01]","[true, true, true, true, true, true, true, true, true, true, true, true, true, true, true, true, true, true, true, true, true, true, true, true]",-24.262438541324993,"[0.1884375, 0.1884375, 0.273875, 0.273875, 0.004625, 0.004625, 0.0250625, 0.0250625, 0.00125, 0.00125, 0.001375, 0.001375, 0.001125, 0.001125, 0.0010625, 0.0010625, 0.0008125, 0.0008125, 0.000875, 0.000875, 0.00075, 0.00075, 0.00075, 0.00075]",2,0.273875,0.23352055251598358,"ControllerAction(token_budget=525, selected_request_ids=[0, 1, 2, 3, 4, 5, 6, 7, 8, 9, 10, 11, 12, 15], token_allocations={0: 1, 1: 1, 2: 1, 3: 1, 4: 1, 5: 1, 6: 1, 7: 1, 8: 1, 9: 1, 10: 1, 11: 1, 12: 1, 15: 512}, prefill_allocations={15: 512}, decode_allocations={0: 1, 1: 1, 2: 1, 3: 1, 4: 1, 5: 1, 6: 1, 7: 1, 8: 1, 9: 1, 10: 1, 11: 1, 12: 1}, heuristic='LST', strategy='Fixed', mapping=None)","{""type"": ""controller"", ""token_budget"": 525, ""selected_request_ids"": [0, 1, 2, 3, 4, 5, 6, 7, 8, 9, 10, 11, 12, 15], ""token_allocations"": {""0"": 1, ""1"": 1, ""2"": 1, ""3"": 1, ""4"": 1, ""5"": 1, ""6"": 1, ""7"": 1, ""8"": 1, ""9"": 1, ""10"": 1, ""11"": 1, ""12"": 1, ""15"": 512}, ""prefill_allocations"": {""15"": 512}, ""decode_allocations"": {""0"": 1, ""1"": 1, ""2"": 1, ""3"": 1, ""4"": 1, ""5"": 1, ""6"": 1, ""7"": 1, ""8"": 1, ""9"": 1, ""10"": 1, ""11"": 1, ""12"": 1}, ""heuristic"": ""LST"", ""strategy"": ""Fixed""}",train_root,,5.692591741314791,18,5.953187406624847,23.95318740662485
4001,84,119,3401315,controller,8000,-32.115478515625,"[0.17231711745262146, 0.16717210412025452, 0.23553770780563354, 0.24508987367153168, 0.029252946376800537, 0.029492413625121117, 0.034071095287799835, 0.03999011218547821, 0.0027674336452037096, 0.002967218402773142, 0.003371880855411291, 0.004678748548030853, 0.0022495246957987547, 0.003996366169303656, 0.0032587337773293257, 0.0015895975520834327, 0.003072685096412897, 0.0035735738929361105, 0.00228019873611629, 0.0015245138201862574, 0.004259671084582806, 0.002444090088829398, 0.0032018404453992844, 0.0018405183218419552]","[0.1518971862138499, 0.14736186749582317, 0.20762600716538043, 0.21604622181803584, 0.025786412335514833, 0.025997502224598377, 0.03003360073536341, 0.03525120201143385, 0.01, 0.01, 0.01, 0.01, 0.01, 0.01, 0.01, 0.01, 0.01, 0.01, 0.01, 0.01, 0.01, 0.01, 0.01, 0.01]","[true, true, true, true, true, true, true, true, true, true, true, true, true, true, true, true, true, true, true, true, true, true, true, true]",-24.425845833181672,"[0.1893125, 0.1893125, 0.2744375, 0.2744375, 0.004375, 0.004375, 0.024, 0.024, 0.00125, 0.00125, 0.001375, 0.001375, 0.0010625, 0.0010625, 0.0010625, 0.0010625, 0.0008125, 0.0008125, 0.000875, 0.000875, 0.0006875, 0.0006875, 0.00075, 0.00075]",2,0.2744375,0.23553770780563354,"ControllerAction(token_budget=525, selected_request_ids=[0, 1, 2, 3, 4, 5, 6, 7, 8, 9, 10, 11, 12, 16], token_allocations={0: 1, 1: 1, 2: 1, 3: 1, 4: 1, 5: 1, 6: 1, 7: 1, 8: 1, 9: 1, 10: 1, 11: 1, 12: 1, 16: 512}, prefill_allocations={16: 512}, decode_allocations={0: 1, 1: 1, 2: 1, 3: 1, 4: 1, 5: 1, 6: 1, 7: 1, 8: 1, 9: 1, 10: 1, 11: 1, 12: 1}, heuristic='LST', strategy='Fixed', mapping=None)","{""type"": ""controller"", ""token_budget"": 525, ""selected_request_ids"": [0, 1, 2, 3, 4, 5, 6, 7, 8, 9, 10, 11, 12, 16], ""token_allocations"": {""0"": 1, ""1"": 1, ""2"": 1, ""3"": 1, ""4"": 1, ""5"": 1, ""6"": 1, ""7"": 1, ""8"": 1, ""9"": 1, ""10"": 1, ""11"": 1, ""12"": 1, ""16"": 512}, ""prefill_allocations"": {""16"": 512}, ""decode_allocations"": {""0"": 1, ""1"": 1, ""2"": 1, ""3"": 1, ""4"": 1, ""5"": 1, ""6"": 1, ""7"": 1, ""8"": 1, ""9"": 1, ""10"": 1, ""11"": 1, ""12"": 1}, ""heuristic"": ""LST"", ""strategy"": ""Fixed""}",train_root,,5.720287603641053,18,6.1193625805824166,24.11936258058242
4001,85,121,3498228,controller,8000,-32.29827117919922,"[0.17319683730602264, 0.16957996785640717, 0.2374802976846695, 0.24674010276794434, 0.027898794040083885, 0.027886077761650085, 0.03237779811024666, 0.03867406025528908, 0.002701130695641041, 0.002910871058702469, 0.003251252695918083, 0.004611767362803221, 0.0021782752592116594, 0.0039518135599792, 0.0032708984799683094, 0.0015094776172190905, 0.0030054436065256596, 0.00358439888805151, 0.002214226871728897, 0.0014484090497717261, 0.004229679238051176, 0.002392322989180684, 0.0031616948544979095, 0.0017443087417632341]","[0.1525269104812623, 0.14934169110113493, 0.20913855396800332, 0.21729326096484688, 0.02456925269119263, 0.02455805401867357, 0.028513716478645236, 0.03405856029624103, 0.01, 0.01, 0.01, 0.01, 0.01, 0.01, 0.01, 0.01, 0.01, 0.01, 0.01, 0.01, 0.01, 0.01, 0.01, 0.01]","[true, true, true, true, true, true, true, true, true, true, true, true, true, true, true, true, true, true, true, true, true, true, true, true]",-24.59013114596977,"[0.1900625, 0.1900625, 0.274875, 0.274875, 0.0041875, 0.0041875, 0.0229375, 0.0229375, 0.00125, 0.00125, 0.001375, 0.001375, 0.0010625, 0.0010625, 0.0010625, 0.0010625, 0.000875, 0.000875, 0.000875, 0.000875, 0.0006875, 0.0006875, 0.00075, 0.00075]",2,0.274875,0.2374802976846695,"ControllerAction(token_budget=525, selected_request_ids=[0, 1, 2, 3, 4, 5, 6, 7, 8, 9, 10, 11, 12, 17], token_allocations={0: 1, 1: 1, 2: 1, 3: 1, 4: 1, 5: 1, 6: 1, 7: 1, 8: 1, 9: 1, 10: 1, 11: 1, 12: 1, 17: 512}, prefill_allocations={17: 512}, decode_allocations={0: 1, 1: 1, 2: 1, 3: 1, 4: 1, 5: 1, 6: 1, 7: 1, 8: 1, 9: 1, 10: 1, 11: 1, 12: 1}, heuristic='LST', strategy='Fixed', mapping=None)","{""type"": ""controller"", ""token_budget"": 525, ""selected_request_ids"": [0, 1, 2, 3, 4, 5, 6, 7, 8, 9, 10, 11, 12, 17], ""token_allocations"": {""0"": 1, ""1"": 1, ""2"": 1, ""3"": 1, ""4"": 1, ""5"": 1, ""6"": 1, ""7"": 1, ""8"": 1, ""9"": 1, ""10"": 1, ""11"": 1, ""12"": 1, ""17"": 512}, ""prefill_allocations"": {""17"": 512}, ""decode_allocations"": {""0"": 1, ""1"": 1, ""2"": 1, ""3"": 1, ""4"": 1, ""5"": 1, ""6"": 1, ""7"": 1, ""8"": 1, ""9"": 1, ""10"": 1, ""11"": 1, ""12"": 1}, ""heuristic"": ""LST"", ""strategy"": ""Fixed""}",train_root,,5.747983465967314,18,6.285537754539986,24.285537754539988
4001,86,123,3595919,controller,8000,-32.47891616821289,"[0.17401625216007233, 0.17195843160152435, 0.23934970796108246, 0.2483089119195938, 0.026597414165735245, 0.026357408612966537, 0.03075718879699707, 0.037387385964393616, 0.0026354340370744467, 0.002854529768228531, 0.0031337710097432137, 0.0045440541580319405, 0.0021084959153085947, 0.003906299825757742, 0.0032818843610584736, 0.0014328641118481755, 0.0029385758098214865, 0.003593920962885022, 0.002149362815544009, 0.001375589519739151, 0.0041983346454799175, 0.0023407789412885904, 0.0031208896543830633, 0.0016525123501196504]","[0.15310426848628472, 0.15129374155341696, 0.2105864337089524, 0.21846898692602504, 0.023401134025836667, 0.02318997056188907, 0.027061017767047807, 0.03289444697054723, 0.01, 0.01, 0.01, 0.01, 0.01, 0.01, 0.01, 0.01, 0.01, 0.01, 0.01, 0.01, 0.01, 0.01, 0.01, 0.01]","[true, true, true, true, true, true, true, true, true, true, true, true, true, true, true, true, true, true, true, true, true, true, true, true]",-24.75410668158113,"[0.1908125, 0.1908125, 0.2753125, 0.2753125, 0.0039375, 0.0039375, 0.0219375, 0.0219375, 0.0013125, 0.0013125, 0.001375, 0.001375, 0.0010625, 0.0010625, 0.001125, 0.001125, 0.000875, 0.000875, 0.0008125, 0.0008125, 0.00075, 0.00075, 0.0006875, 0.0006875]",2,0.2753125,0.23934970796108246,"ControllerAction(token_budget=525, selected_request_ids=[0, 1, 2, 3, 4, 5, 6, 7, 8, 9, 10, 11, 12, 18], token_allocations={0: 1, 1: 1, 2: 1, 3: 1, 4: 1, 5: 1, 6: 1, 7: 1, 8: 1, 9: 1, 10: 1, 11: 1, 12: 1, 18: 512}, prefill_allocations={18: 512}, decode_allocations={0: 1, 1: 1, 2: 1, 3: 1, 4: 1, 5: 1, 6: 1, 7: 1, 8: 1, 9: 1, 10: 1, 11: 1, 12: 1}, heuristic='LST', strategy='Fixed', mapping=None)","{""type"": ""controller"", ""token_budget"": 525, ""selected_request_ids"": [0, 1, 2, 3, 4, 5, 6, 7, 8, 9, 10, 11, 12, 18], ""token_allocations"": {""0"": 1, ""1"": 1, ""2"": 1, ""3"": 1, ""4"": 1, ""5"": 1, ""6"": 1, ""7"": 1, ""8"": 1, ""9"": 1, ""10"": 1, ""11"": 1, ""12"": 1, ""18"": 512}, ""prefill_allocations"": {""18"": 512}, ""decode_allocations"": {""0"": 1, ""1"": 1, ""2"": 1, ""3"": 1, ""4"": 1, ""5"": 1, ""6"": 1, ""7"": 1, ""8"": 1, ""9"": 1, ""10"": 1, ""11"": 1, ""12"": 1}, ""heuristic"": ""LST"", ""strategy"": ""Fixed""}",train_root,,5.775679328293576,18,6.451712928497555,24.451712928497557
4001,87,125,3694342,controller,8000,-32.5788688659668,"[0.17305949330329895, 0.17391164600849152, 0.23904648423194885, 0.24805904924869537, 0.0258531104773283, 0.02539832331240177, 0.03037474863231182, 0.03681113198399544, 0.0026839629281312227, 0.0030747540295124054, 0.0032091995235532522, 0.004808539059013128, 0.0021783753763884306, 0.004129637498408556, 0.0034487340599298477, 0.0014688100200146437, 0.0030556584242731333, 0.003967837430536747, 0.0022076487075537443, 0.0013854224234819412, 0.004413188435137272, 0.002405979437753558, 0.003361921524628997, 0.001686380710452795]","[0.15261715452844146, 0.15336864824085095, 0.21080955183180655, 0.21875752395170533, 0.02279925869102304, 0.022398192435122814, 0.026786786539676817, 0.03246288378137295, 0.01, 0.01, 0.01, 0.01, 0.01, 0.01, 0.01, 0.01, 0.01, 0.01, 0.01, 0.01, 0.01, 0.01, 0.01, 0.01]","[true, true, true, true, true, true, true, true, true, true, true, true, true, true, true, true, true, true, true, true, true, true, true, true]",-24.926241402075316,"[0.2414375, 0.2414375, 0.2414375, 0.2414375, 0.0045, 0.0045, 0.0045, 0.0045, 0.0013125, 0.0013125, 0.0013125, 0.0013125, 0.00109375, 0.00109375, 0.00109375, 0.00109375, 0.000875, 0.000875, 0.000875, 0.000875, 0.00078125, 0.00078125, 0.00078125, 0.00078125]",0,0.2414375,0.17305949330329895,"ControllerAction(token_budget=525, selected_request_ids=[0, 1, 2, 3, 4, 5, 6, 7, 8, 9, 10, 11, 12, 13], token_allocations={0: 1, 1: 1, 2: 1, 3: 1, 4: 1, 5: 1, 6: 1, 7: 1, 8: 1, 9: 1, 10: 1, 11: 1, 12: 1, 13: 512}, prefill_allocations={13: 512}, decode_allocations={0: 1, 1: 1, 2: 1, 3: 1, 4: 1, 5: 1, 6: 1, 7: 1, 8: 1, 9: 1, 10: 1, 11: 1, 12: 1}, heuristic='SJF', strategy='Fixed', mapping=None)","{""type"": ""controller"", ""token_budget"": 525, ""selected_request_ids"": [0, 1, 2, 3, 4, 5, 6, 7, 8, 9, 10, 11, 12, 13], ""token_allocations"": {""0"": 1, ""1"": 1, ""2"": 1, ""3"": 1, ""4"": 1, ""5"": 1, ""6"": 1, ""7"": 1, ""8"": 1, ""9"": 1, ""10"": 1, ""11"": 1, ""12"": 1, ""13"": 512}, ""prefill_allocations"": {""13"": 512}, ""decode_allocations"": {""0"": 1, ""1"": 1, ""2"": 1, ""3"": 1, ""4"": 1, ""5"": 1, ""6"": 1, ""7"": 1, ""8"": 1, ""9"": 1, ""10"": 1, ""11"": 1, ""12"": 1}, ""heuristic"": ""SJF"", ""strategy"": ""Fixed""}",train_root,,5.803375190619837,18,6.617888102455124,24.617888102455126
